athlete_id,actual_total_lift,predicted_total_lift,residual
1651,1120.0,1059.5213900855183,60.478609914481694
1668,1035.0,1061.3227885949957,-26.3227885949957
1672,1261.0,1198.1348542993883,62.86514570061172
1750,1163.0,1165.2999888994348,-2.2999888994347657
1770,1263.0,1067.6800798450604,195.3199201549396
1772,1357.0,1177.6060904238468,179.3939095761532
1788,1310.0,1287.4765765713598,22.52342342864017
1804,1735.0,1317.597859999778,417.40214000022206
1808,1878.0,1190.9296997118718,687.0703002881282
1809,1266.0,1043.305562674169,222.6944373258309
1815,716.0,724.983468774781,-8.983468774781045
1822,1190.0,1037.3505739097711,152.64942609022887
1831,1080.0,977.7265179190748,102.27348208092519
1838,1223.0,1243.4004099803633,-20.400409980363293
1839,1190.0,1183.832744283095,6.167255716904947
1854,1042.0,731.9307646318745,310.06923536812553
1868,1500.0,1195.9201308168201,304.0798691831799
1872,835.0,697.6173989438055,137.38260105619452
1879,1263.0,1167.9198806618222,95.08011933817784
1881,810.0,861.9229142223262,-51.9229142223262
1884,1113.0,1029.316535470416,83.68346452958394
1898,1175.0,1096.7281394215363,78.2718605784637
1904,675.0,667.5072127676824,7.492787232317596
1909,1045.0,999.2851117125558,45.71488828744418
1941,714.0,611.2007657276224,102.79923427237759
1948,1000.0,1059.3407455934941,-59.34074559349415
1949,825.0,592.1250601427213,232.87493985727872
1970,915.0,731.3510209391128,183.6489790608872
1975,1281.0,1132.5278232364303,148.47217676356968
1978,1255.0,1221.0184361548108,33.98156384518916
1987,1113.0,1057.3403086624419,55.659691337558115
1990,1260.0,1119.9765046233663,140.02349537663372
2016,1499.0,1194.2339696333938,304.7660303666062
2020,1070.0,1014.1764922790452,55.82350772095481
2035,936.0,990.708101570512,-54.708101570511985
2044,1352.0,1099.53458583109,252.46541416891
2045,1268.0,1036.6324826794914,231.36751732050857
2049,985.0,739.7490211503442,245.25097884965578
2050,822.0,645.9753073906576,176.02469260934242
2071,1102.0,1174.7091411872552,-72.70914118725523
2100,1520.0,1246.0693009644724,273.9306990355276
2103,1006.0,1171.135152377353,-165.13515237735305
2109,1383.0,1253.7852863032126,129.21471369678738
2127,1026.0,1072.376872212162,-46.37687221216197
2129,1219.0,1002.8483178906224,216.1516821093776
2138,1345.0,1279.212498395649,65.78750160435106
2140,1274.0,1114.124814474205,159.8751855257949
2142,1365.0,1119.566389997437,245.433610002563
2149,1380.0,1220.2293367473671,159.77066325263286
2152,1511.0,1285.5971477382031,225.40285226179685
2201,915.0,1002.5904887426237,-87.59048874262373
2220,1478.0,1111.4159659282454,366.58403407175456
2223,1418.0,1190.4453582922388,227.55464170776122
2237,719.0,653.8154832298736,65.18451677012638
2251,1281.0,1214.7739617131226,66.22603828687738
2273,1185.0,1103.8957365829147,81.10426341708535
2276,1169.0,1082.1586974319898,86.84130256801018
2279,1399.0,1226.3735111141345,172.62648888586546
2285,1160.0,1192.3204915487736,-32.32049154877359
2290,915.0,701.9687957101407,213.03120428985926
2291,1300.0,1070.3763248178223,229.62367518217775
2294,1340.0,1166.3826327162606,173.61736728373944
2317,793.0,728.7948532253729,64.20514677462711
2325,1036.0,949.5633468468233,86.43665315317674
2333,1305.0,1203.4218633991943,101.57813660080569
2335,840.0,1102.8227852072396,-262.8227852072396
2336,1325.0,1106.4303947390108,218.5696052609892
2344,1246.0,1037.3113612041805,208.68863879581954
2381,1165.0,1025.3330971201358,139.6669028798642
2383,1170.0,1072.7730552428684,97.2269447571316
2406,950.0,677.4985383728578,272.50146162714225
2414,1270.0,978.2077961950854,291.7922038049146
2421,1080.0,1120.7878260975847,-40.787826097584684
2428,964.0,1051.5791819169763,-87.57918191697627
2433,992.0,1050.9009212765006,-58.90092127650064
2451,941.0,1056.6772250106164,-115.67722501061644
2454,1155.0,1101.7611709268012,53.23882907319876
2463,970.0,1020.3718361708427,-50.3718361708427
2476,1347.0,1247.5798859317663,99.42011406823372
2482,1367.0,1142.4361366603398,224.5638633396602
2486,1288.0,1069.5064003703164,218.49359962968356
2492,970.0,1061.9894223354481,-91.98942233544813
2496,1160.0,1009.3591255097467,150.64087449025328
2503,1085.0,1134.4157944223098,-49.41579442230977
2507,1070.0,923.6574745100183,146.34252548998165
2510,1191.0,1101.8671886936888,89.13281130631117
2513,1025.0,1222.6112577030249,-197.61125770302488
2514,1325.0,1091.8830397914408,233.11696020855925
2515,1268.0,1202.0945336129917,65.90546638700835
2519,1040.0,763.4255506111854,276.5744493888146
2532,1147.0,1098.1637792785864,48.83622072141361
2540,820.0,732.4149955425974,87.58500445740265
2544,1343.0,1154.4163168991345,188.58368310086553
2545,1390.0,1235.0177725014782,154.98222749852175
2555,1265.0,1259.7219573781229,5.278042621877148
2557,800.0,912.2300983637713,-112.23009836377128
2559,1374.0,1156.5327039926983,217.46729600730168
2566,1340.0,1177.622190492979,162.37780950702108
2571,1025.0,1076.5180598877166,-51.51805988771662
2602,770.0,671.3592955651718,98.6407044348282
2604,1340.0,1174.311580718582,165.68841928141796
2609,1005.0,1045.246261222097,-40.24626122209702
2621,1152.0,1154.359023780474,-2.35902378047399
2625,1195.0,1067.3799718597445,127.6200281402555
2648,1710.0,1278.7941733293783,431.2058266706217
2651,1160.0,1202.0657703366978,-42.065770336697824
2667,1190.0,1095.234001083557,94.7659989164431
2671,1230.0,1058.9785381723168,171.0214618276832
2677,1590.0,1272.541434355968,317.458565644032
2683,1110.0,1091.3599463600733,18.64005363992669
2694,1275.0,1236.612788594301,38.38721140569896
2695,830.0,686.4405668832438,143.55943311675617
2714,1202.0,1138.9301156660263,63.06988433397373
2718,1470.0,1151.0046837017921,318.99531629820785
2736,1250.0,1003.5275031123716,246.47249688762838
2758,1290.0,1234.3263918522648,55.673608147735195
2764,964.0,981.8380778923233,-17.838077892323327
2765,1202.0,1092.6931503725325,109.3068496274675
2779,871.0,704.447514946175,166.55248505382497
2815,1052.0,1130.2276935310947,-78.2276935310947
2836,1515.0,1281.443069970441,233.556930029559
2852,1115.0,884.7168766365628,230.2831233634372
2865,1235.0,1292.8224958596345,-57.8224958596345
2872,941.0,1119.6219892303398,-178.62198923033975
2879,875.0,762.595136387831,112.40486361216904
2880,770.0,671.3254742399029,98.67452576009714
2884,1675.0,1301.154137762897,373.8458622371029
2885,1065.0,1101.242279067672,-36.242279067671916
2892,1275.0,1215.486760688971,59.51323931102911
2913,1310.0,1218.1810611307315,91.81893886926855
2917,1290.0,1230.9893006322573,59.010699367742745
2941,987.0,730.7584014122092,256.2415985877908
2942,1132.0,733.414299500469,398.58570049953096
2943,835.0,723.4243763560902,111.57562364390981
2946,675.0,670.2196294249715,4.780370575028542
2961,1400.0,1282.6212413360997,117.37875866390027
2965,1275.0,1143.21742712217,131.78257287783003
2980,1420.0,1300.4216683244406,119.57833167555941
2993,1216.0,1142.3891315881674,73.6108684118326
3000,1570.0,1192.1932449365818,377.8067550634182
3001,1577.0,1226.3735111141345,350.62648888586546
3003,1195.0,1271.5008314258664,-76.50083142586641
3021,1330.0,1138.7196309108917,191.28036908910826
3039,1465.0,1160.7642823651822,304.2357176348178
3051,1125.0,1077.059481172091,47.940518827909045
3055,760.0,667.8576578076296,92.14234219237039
3057,1555.0,1289.1451946081222,265.8548053918778
3070,1260.0,1169.1040730168365,90.89592698316346
3076,1475.0,1173.7138889945732,301.28611100542685
3079,1402.0,1287.2245986588482,114.77540134115179
3099,1149.0,1006.1660310596275,142.83396894037253
3128,608.0,571.7371385268331,36.262861473166936
3180,1315.0,1265.3617886752481,49.638211324751865
3183,1372.0,1132.4331391499788,239.56686085002116
3187,1106.0,905.6643861990447,200.33561380095534
3194,1230.0,1091.1863054539756,138.8136945460244
3213,960.0,744.7663877145882,215.23361228541182
3226,1030.0,959.1881276983556,70.81187230164437
3229,1050.0,707.339642083628,342.66035791637205
3242,1745.0,1317.1919931302568,427.80800686974317
3246,908.0,914.3813824701454,-6.381382470145354
3253,1395.0,1090.45147210789,304.5485278921101
3259,1100.0,1051.4093504573584,48.590649542641586
3291,1124.0,1060.5717473432196,63.42825265678039
3298,1050.0,1037.70841995729,12.291580042709938
3323,725.0,623.9700942253944,101.0299057746056
3329,1400.0,1190.0004241821425,209.99957581785748
3352,1176.0,988.2094862223544,187.79051377764563
3353,1505.0,1149.927538789494,355.07246121050594
3374,1220.0,1196.0094900863612,23.99050991363879
3377,1333.0,1155.645643366465,177.35435663353496
3381,1614.0,1293.9383818521842,320.0616181478158
3390,622.0,602.3085090006792,19.691490999320763
3408,1260.0,1142.7185608047964,117.28143919520357
3414,1200.0,1198.378232095738,1.6217679042620148
3431,1245.0,1039.2755877557577,205.72441224424233
3439,1215.0,1104.8606067868254,110.13939321317457
3451,960.0,916.4228997966972,43.57710020330285
3455,1295.0,1107.4686590590575,187.53134094094253
3475,1135.0,1071.2200839981967,63.77991600180326
3481,981.0,1100.1120139546235,-119.11201395462354
3492,865.0,700.7715026694455,164.22849733055455
3531,991.0,960.9342632977865,30.065736702213485
3539,1345.0,1261.8346776696044,83.16532233039561
3572,1456.0,1270.8370162275191,185.16298377248086
3582,1550.0,1169.2661996754173,380.7338003245827
3610,1329.0,1099.42472568067,229.57527431933
3619,970.0,750.3135330018715,219.68646699812848
3632,1141.0,966.3206633629378,174.6793366370622
3645,1320.0,1179.1846067994293,140.81539320057072
3650,1600.0,1080.738472402738,519.2615275972621
3667,1235.0,1205.4877892940126,29.5122107059874
3677,1102.0,1004.739275896998,97.26072410300196
3685,1663.0,1327.3411569920502,335.6588430079498
3694,1135.0,1046.9695928564715,88.03040714352846
3695,795.0,701.6408220402402,93.35917795975979
3699,905.0,905.2182140926838,-0.21821409268375191
3705,997.0,1117.2313481411202,-120.23134814112018
3721,875.0,704.8225350449125,170.17746495508754
3743,1535.0,1264.1645431331315,270.8354568668685
3771,1255.0,1301.6609790607251,-46.66097906072514
3777,1380.0,1079.2744851454033,300.72551485459667
3797,1060.0,722.2330960131943,337.7669039868057
3810,1475.0,1292.2449743878883,182.7550256121117
3845,1150.0,1058.6428739429723,91.3571260570277
3855,1290.0,1058.495509047062,231.5044909529381
3859,1457.0,973.8667959411667,483.13320405883326
3863,1205.0,1147.3277571501092,57.672242849890836
3876,745.0,733.6316889664897,11.368311033510281
3877,1100.0,1078.965954085177,21.034045914823082
3879,666.0,628.8685880225852,37.131411977414814
3883,1050.0,969.3982988443961,80.6017011556039
3889,855.0,1129.7168366258422,-274.71683662584223
3903,1220.0,1087.3544676473803,132.64553235261974
3904,1275.0,1150.7263204623957,124.27367953760427
3911,775.0,627.9014078391206,147.09859216087943
3928,1035.0,975.4217478794083,59.57825212059174
3948,1485.0,1109.9294151920485,375.0705848079515
3975,1260.0,1228.22718270955,31.772817290449893
3982,763.0,697.9804350147386,65.01956498526135
3988,1340.0,998.71455807857,341.28544192143
4005,1100.0,1120.6701202175195,-20.670120217519525
4006,1430.0,1146.8412705954338,283.1587294045662
4009,1400.0,1099.8222263520981,300.17777364790186
4021,1360.0,1145.7737581655967,214.22624183440325
4068,1255.0,1128.4126147183551,126.58738528164486
4076,1345.0,1136.2992176605603,208.70078233943968
4084,1350.0,1272.6273771290216,77.37262287097838
4088,726.0,671.9635923720875,54.03640762791247
4128,959.0,934.5099467228542,24.490053277145762
4130,685.0,721.7271005322676,-36.72710053226763
4162,1136.0,1083.2373008785225,52.76269912147745
4164,1170.0,1055.0198723033757,114.98012769662432
4165,1360.0,1137.5531216900627,222.44687830993735
4178,750.0,685.4281197978522,64.57188020214778
4189,1200.0,1073.8504004757744,126.14959952422555
4197,775.0,638.2565177791681,136.74348222083188
4203,1385.0,1235.9374175047153,149.0625824952847
4211,1020.0,1025.2194288879325,-5.219428887932509
4224,1245.0,1175.6172986383033,69.38270136169672
4226,1265.0,1108.0396162815712,156.96038371842883
4227,1200.0,1101.5526771898626,98.4473228101374
4231,1356.0,1267.2537298531822,88.74627014681778
4243,990.0,971.3193633263207,18.68063667367926
4253,620.0,657.8580128711038,-37.858012871103824
4284,1340.0,1088.883673661843,251.11632633815702
4286,1380.0,1187.1685630179284,192.83143698207164
4330,1410.0,1208.4136226677074,201.5863773322926
4334,1195.0,966.8111423177518,228.18885768224823
4337,1435.0,1176.4482333935157,258.5517666064843
4341,1750.0,1220.507767230913,529.492232769087
4358,861.0,733.7872885348551,127.21271146514493
4388,1400.0,1264.0582580363648,135.9417419636352
4395,1159.0,925.6747011269567,233.32529887304327
4412,1400.0,1107.9709067147946,292.02909328520536
4431,1070.0,1059.0142454584486,10.985754541551387
4462,1370.0,1125.5428033140417,244.45719668595825
4478,685.0,662.7662898181993,22.23371018180069
4480,840.0,962.6367439472914,-122.6367439472914
4496,751.0,676.2134449459498,74.78655505405015
4508,1289.0,1144.7785554346544,144.22144456534556
4510,620.0,526.7639276658945,93.23607233410553
4515,1275.0,1212.4408477494692,62.559152250530815
4525,995.0,890.229875036899,104.77012496310101
4584,904.0,1048.0448985666444,-144.0448985666444
4611,1265.0,1198.4308384585227,66.56916154147734
4614,810.0,758.2197345847969,51.780265415203075
4619,1230.0,1222.9909073653348,7.009092634665194
4622,885.0,1009.7398457553661,-124.7398457553661
4637,1485.0,1270.1955832132655,214.80441678673446
4660,1347.0,1021.7290009013221,325.27099909867786
4661,975.0,1029.610579747051,-54.610579747050906
4692,1240.0,1117.675562336465,122.32443766353504
4702,1224.0,1000.8051072061514,223.19489279384857
4708,1075.0,1242.2870837784199,-167.28708377841986
4714,917.0,752.240666732826,164.75933326717404
4726,1425.0,1248.3489359517393,176.65106404826065
4733,1265.0,1123.8375611388374,141.16243886116263
4742,1470.0,1278.6512455020293,191.34875449797073
4743,1069.0,1134.5778979403692,-65.57789794036921
4766,945.0,1040.1014032932594,-95.10140329325941
4774,1320.0,1250.3688012055513,69.63119879444866
4784,1500.0,1233.3925816258861,266.6074183741139
4799,760.0,595.2792339924164,164.72076600758362
4806,1441.0,1149.249091830643,291.750908169357
4812,1689.0,1148.1745701953737,540.8254298046263
4815,1525.0,1312.6490309544042,212.35096904559578
4820,1494.0,1191.1158629549063,302.88413704509367
4827,1275.0,1024.3579565671605,250.6420434328395
4831,1145.0,937.7038980938934,207.29610190610663
4833,1365.0,1070.5558418711128,294.44415812888724
4840,1045.0,1061.2816160159514,-16.281616015951386
4842,1625.0,1205.8653082173073,419.1346917826927
4843,816.0,660.7850048412905,155.21499515870948
4855,1380.0,1201.822994314999,178.17700568500095
4865,795.0,742.6278745345585,52.37212546544151
4874,1045.0,1029.0386658077703,15.961334192229742
4884,1472.0,1183.965011555508,288.034988444492
4894,1270.0,1275.3654385760049,-5.365438576004863
4902,1420.0,1273.751062589503,146.2489374104971
4917,1515.0,1201.2830963702656,313.71690362973436
4920,1325.0,1256.7745367227951,68.22546327720488
4928,930.0,1010.9152702739689,-80.91527027396887
4956,680.0,673.4823353652107,6.517664634789298
4966,1390.0,1234.8011077140382,155.19889228596185
4977,860.0,930.015854303881,-70.01585430388104
4984,1025.0,1155.7637722260763,-130.7637722260763
4990,870.0,900.070779328204,-30.070779328204026
5007,1235.0,1096.2743400489135,138.72565995108653
5018,1150.0,987.8264105845388,162.17358941546115
5022,1370.0,1296.9671586903926,73.03284130960742
5042,695.0,645.9237647261751,49.076235273824864
5070,1290.0,1179.0959340983695,110.90406590163047
5078,1115.0,1200.9485798735323,-85.94857987353225
5088,814.0,737.0422896317813,76.95771036821873
5091,1160.0,1071.8879857117688,88.1120142882312
5100,1218.0,1041.102542215306,176.8974577846941
5145,1390.0,1161.3822140752973,228.61778592470273
5156,950.0,1287.9459420138896,-337.94594201388963
5185,1370.0,1173.0451857536314,196.95481424636864
5216,856.0,872.6020968487926,-16.6020968487926
5219,1036.0,1269.003142417897,-233.00314241789692
5224,1213.0,1289.1341718271506,-76.13417182715057
5229,1415.0,1123.9945503674028,291.0054496325972
5233,942.0,904.2974786726218,37.702521327378236
5240,1249.0,1123.6365994032597,125.36340059674035
5254,1346.0,1238.5521843697193,107.44781563028073
5283,690.0,714.995823074602,-24.995823074601958
5287,1380.0,1114.4423125981884,265.55768740181156
5288,920.0,694.2525666682096,225.74743333179038
5315,1245.0,1220.9137082077573,24.08629179224272
5320,1180.0,1147.2931952125057,32.70680478749432
5349,1125.0,1146.3951193641487,-21.39511936414874
5350,1179.0,1242.4193783350752,-63.41937833507518
5402,1367.0,1255.4806841095292,111.5193158904708
5407,1023.0,1068.8391512465296,-45.83915124652958
5410,1485.0,1175.1257508615722,309.8742491384278
5412,1090.0,985.4378078951529,104.5621921048471
5433,1100.0,1153.100825817092,-53.10082581709207
5435,846.0,710.8762348213847,135.12376517861526
5441,836.0,685.5158498233318,150.4841501766682
5458,1515.0,1115.4762236988145,399.52377630118553
5461,1440.0,1164.2978056832396,275.70219431676037
5462,1268.0,1103.2012232469108,164.79877675308921
5471,1340.0,1152.9239674130267,187.07603258697327
5502,925.0,1098.223952001039,-173.22395200103892
5511,1086.0,1084.4864265010622,1.5135734989378307
5519,1128.0,1215.8488022649572,-87.84880226495716
5522,960.0,1051.5355659815948,-91.5355659815948
5528,1145.0,1063.792608475697,81.20739152430292
5539,1300.0,1020.3713732783326,279.6286267216674
5542,1080.0,721.4933792406333,358.5066207593667
5550,1580.0,1205.2898373497032,374.71016265029675
5554,1230.0,1160.7642823651822,69.23571763481777
5563,1150.0,1086.8268867206245,63.17311327937546
5570,1000.0,1079.0626496252487,-79.0626496252487
5579,1200.0,1007.3094541380026,192.6905458619974
5588,1515.0,1102.8721650015673,412.1278349984327
5605,612.0,626.875061958134,-14.875061958133983
5617,1310.0,1126.380617798259,183.61938220174102
5618,1220.0,1138.765671593179,81.23432840682108
5623,905.0,689.5013501966835,215.49864980331654
5625,1190.0,1119.0686409403775,70.93135905962254
5632,1290.0,1202.7456414707958,87.25435852920418
5637,1125.0,1070.711713172762,54.288286827237926
5661,1020.0,746.0365147433305,273.9634852566695
5673,820.0,744.8124140201128,75.18758597988722
5686,1240.0,1064.9189727009452,175.08102729905477
5688,1306.0,979.7383025749624,326.2616974250376
5699,1140.0,1002.2972924301063,137.70270756989373
5730,1342.0,1200.6910796583225,141.30892034167755
5735,1427.0,1249.6166541172727,177.38334588272733
5755,723.0,616.097066577519,106.90293342248106
5765,1685.0,750.6573060122214,934.3426939877786
5779,720.0,624.7877662024628,95.21223379753724
5789,745.0,597.8117462223152,147.18825377768485
5792,1060.0,1107.9689806381796,-47.96898063817957
5800,1540.0,1248.1454772657632,291.85452273423675
5809,1349.0,1188.963968460256,160.03603153974404
5823,885.0,699.327815493286,185.67218450671396
5825,970.0,705.052740166935,264.947259833065
5839,1195.0,1209.1862878782445,-14.186287878244457
5846,1005.0,1039.959824025089,-34.95982402508889
5853,745.0,745.2335909427507,-0.23359094275065218
5858,1290.0,1172.0176386937123,117.98236130628766
5859,1340.0,1215.3635078540867,124.63649214591328
5899,835.0,740.2156487990005,94.78435120099948
5909,830.0,648.7210974125037,181.2789025874963
5916,1275.0,1186.5181675078284,88.48183249217163
5918,690.0,694.7045850981729,-4.704585098172856
5922,915.0,1102.8227852072396,-187.82278520723958
5941,1260.0,1228.6416406464189,31.358359353581136
5943,725.0,668.6195420036062,56.38045799639383
5979,980.0,1093.1499060276403,-113.14990602764033
5995,1190.0,1197.4325403729638,-7.432540372963786
6007,1298.0,1279.9488907582397,18.051109241760287
6011,740.0,564.9150661955208,175.0849338044792
6033,680.0,680.1705575587778,-0.170557558777773
6044,1220.0,1124.7658715170548,95.23412848294515
6045,635.0,683.63669000433,-48.636690004330035
6046,1325.0,1201.1268965675224,123.87310343247759
6057,1110.0,1098.686761654729,11.313238345270975
6068,1005.0,1135.6139651926244,-130.6139651926244
6099,1370.0,1194.4183119391218,175.58168806087815
6102,1505.0,1302.032805499498,202.96719450050205
6112,635.0,551.6178265234975,83.38217347650254
6119,1305.0,1135.7060786269285,169.2939213730715
6127,1230.0,1054.0370834113096,175.9629165886904
6133,1140.0,1136.5180928089396,3.4819071910603725
6139,970.0,768.6082512185444,201.3917487814556
6140,1110.0,1099.6513138396735,10.348686160326451
6165,1390.0,1212.9831943974862,177.01680560251384
6166,1205.0,1019.8053342344676,185.19466576553236
6180,723.0,685.2681298478814,37.73187015211863
6188,1357.0,1089.05748843606,267.9425115639399
6198,1035.0,973.9608732568004,61.03912674319963
6247,811.0,674.7447824476064,136.25521755239356
6282,742.0,654.6051739872502,87.39482601274983
6294,1275.0,1219.681646048573,55.31835395142707
6303,1310.0,1232.5270860824696,77.47291391753038
6311,1220.0,1193.9297592085838,26.070240791416154
6317,873.0,679.8133456017099,193.1866543982901
6323,1000.0,1213.3734468339771,-213.37344683397714
6339,640.0,612.5786504824365,27.4213495175635
6376,970.0,1174.3755883672025,-204.37558836720245
6377,1190.0,1277.1067919086956,-87.10679190869564
6408,1300.0,1223.2187304573913,76.7812695426087
6418,1125.0,977.0527704491998,147.94722955080022
6427,835.0,747.4848120368943,87.51518796310575
6429,1190.0,1034.5972561277354,155.40274387226464
6449,1560.0,1299.4615982977707,260.5384017022293
6453,700.0,735.9073078684132,-35.90730786841323
6462,960.0,936.3540114171789,23.645988582821133
6467,1300.0,1227.51018122875,72.48981877124993
6481,1475.0,1284.084646078043,190.91535392195692
6494,1341.0,1153.2661505334668,187.73384946653323
6509,648.0,635.7262289097401,12.273771090259856
6517,1280.0,1266.0176632273426,13.98233677265739
6527,1240.0,1293.9713197071208,-53.971319707120756
6530,925.0,690.034441549243,234.96555845075704
6534,1085.0,1010.2191210936284,74.78087890637164
6568,1470.0,1251.1251478488768,218.87485215112315
6572,1505.0,1134.5604336589677,370.43956634103233
6583,1370.0,1282.847180220075,87.15281977992504
6596,1389.0,1017.2311811608076,371.76881883919236
6597,1200.0,1115.3534396013445,84.64656039865554
6599,1075.0,1150.5389192181108,-75.53891921811078
6603,1531.0,1212.5342940481503,318.4657059518497
6606,1305.0,1142.653542079149,162.34645792085098
6614,1100.0,992.2697471289354,107.73025287106464
6616,1162.0,1114.685742339031,47.314257660968906
6619,1560.0,1262.996174862146,297.00382513785394
6620,1160.0,1058.2619405403648,101.73805945963522
6644,1054.0,938.724776250037,115.27522374996295
6659,967.0,721.9464603703882,245.0535396296118
6660,1032.0,939.9248035137094,92.07519648629057
6666,1350.0,1183.5739592667494,166.4260407332506
6670,1226.0,1140.275868891808,85.72413110819207
6674,1158.0,1032.897651000758,125.10234899924194
6689,701.0,650.6713835965721,50.32861640342787
6690,770.0,674.3354717008627,95.66452829913726
6718,1515.0,1214.9192535901454,300.08074640985456
6719,1260.0,1026.1998544573319,233.80014554266813
6737,700.0,624.9716868389219,75.02831316107813
6740,1320.0,1149.3407283854713,170.65927161452873
6741,1283.0,1108.256229990514,174.74377000948607
6759,1080.0,1035.0731392635216,44.926860736478375
6761,983.0,907.4500711713891,75.54992882861086
6763,675.0,706.0826329935916,-31.082632993591574
6768,1210.0,1224.34885340311,-14.34885340311007
6773,1223.0,1091.3725399891396,131.62746001086043
6779,1477.0,996.9754430078203,480.02455699217967
6783,1133.0,1113.3473787987111,19.652621201288866
6787,1140.0,1067.0563478560734,72.94365214392656
6800,1505.0,1276.2865420584449,228.71345794155513
6809,1455.0,1274.9423040613212,180.05769593867876
6817,1135.0,1096.7281394215363,38.2718605784637
6821,1060.0,738.3955565716813,321.60444342831875
6832,1305.0,1197.0515619497723,107.94843805022765
6848,1205.0,1020.10463184587,184.89536815412998
6885,1350.0,1121.3396209792506,228.66037902074936
6892,1415.0,1092.0801655486475,322.9198344513525
6894,1260.0,1289.7664823007588,-29.766482300758753
6904,1360.0,1198.76410506016,161.2358949398399
6907,1370.0,1215.369058775641,154.63094122435905
6923,1259.0,1037.7537300345148,221.24626996548523
6982,1342.0,1134.9490253344916,207.05097466550842
7004,1380.0,1265.130788721268,114.86921127873211
7021,1125.0,1140.271288043778,-15.271288043777986
7027,1265.0,1139.0256371104808,125.97436288951917
7028,1265.0,1168.5847693531591,96.41523064684088
7033,605.0,537.4893628362701,67.51063716372994
7039,1246.0,1202.8491621050548,43.1508378949452
7042,1470.0,1277.32647300111,192.6735269988901
7053,1202.0,1107.0268151310966,94.97318486890345
7064,1160.0,1155.917181521419,4.082818478580975
7080,790.0,869.5823791306836,-79.58237913068365
7091,840.0,688.0704448160697,151.92955518393035
7092,943.0,884.4752818698769,58.52471813012312
7096,1455.0,1193.9938571157459,261.00614288425413
7098,695.0,595.6665876831061,99.33341231689394
7114,1058.0,1191.5325279320384,-133.53252793203842
7120,922.0,679.4010445326375,242.59895546736254
7122,803.0,751.1755011559852,51.824498844014784
7126,1585.0,1304.2664848259667,280.7335151740333
7128,1290.0,1267.3542401694556,22.64575983054442
7140,665.0,652.1153886301886,12.88461136981141
7157,890.0,708.5576154977574,181.4423845022426
7160,1025.0,726.9390603483714,298.0609396516286
7196,700.0,674.0447742388297,25.955225761170254
7211,1005.0,973.6383761512521,31.361623848747854
7227,690.0,592.6281567979848,97.37184320201516
7278,562.0,569.3696242961498,-7.369624296149823
7287,952.0,674.2179069340159,277.7820930659841
7305,1257.0,1179.6354425761158,77.36455742388421
7307,740.0,668.9967726355128,71.0032273644872
7323,1632.0,1074.8457476946846,557.1542523053154
7331,1124.0,1155.105954101497,-31.10595410149699
7337,830.0,659.4959779478281,170.50402205217188
7338,1080.0,1031.9685692750134,48.03143072498665
7354,1285.0,1124.356333684861,160.64366631513894
7365,540.0,639.6358617733229,-99.63586177332286
7382,1660.0,1170.1373199294583,489.8626800705417
7459,1113.0,1095.0221112467275,17.97788875327251
7474,750.0,681.7431600112218,68.25683998877821
7477,1396.0,1156.083095909472,239.91690409052808
7478,944.0,683.0489179536386,260.9510820463614
7488,1300.0,1175.8836102960618,124.11638970393824
7528,624.0,546.4433101677058,77.55668983229418
7542,621.0,710.2655489631037,-89.2655489631037
7550,1362.0,1176.0533506401284,185.94664935987157
7563,975.0,1029.534724627597,-54.534724627596916
7567,1965.0,1201.1344043407773,763.8655956592227
7571,1237.0,922.4202778684531,314.5797221315469
7572,699.0,688.7069827941524,10.293017205847605
7574,1297.0,1194.1060230302649,102.89397696973515
7581,1480.0,1302.3531883966448,177.64681160335522
7582,1478.0,1123.7939057297651,354.20609427023487
7583,1195.0,1027.0864345397124,167.9135654602876
7588,1261.0,1099.5147040113925,161.4852959886075
7600,539.0,603.0708214229888,-64.07082142298884
7602,779.0,728.4104106897827,50.58958931021732
7604,745.0,623.4420183413957,121.55798165860426
7605,1300.0,1085.9204399934595,214.07956000654053
7616,755.0,768.3813553252584,-13.381355325258369
7622,1220.0,1284.6366184593162,-64.6366184593162
7633,1225.0,1101.0235911922787,123.97640880772133
7643,1260.0,1195.4451767660742,64.55482323392584
7661,1090.0,1119.4993278727873,-29.499327872787262
7669,795.0,730.3138132994259,64.68618670057413
7674,1444.0,1010.0106063672611,433.98939363273894
7676,1325.0,1103.7430931880438,221.25690681195624
7678,1200.0,1216.2051977381575,-16.205197738157494
7688,815.0,734.0906344413016,80.90936555869837
7691,953.0,681.031906320755,271.96809367924504
7743,1292.0,1263.085243527339,28.91475647266111
7746,1105.0,1005.4718294723709,99.52817052762907
7759,1135.0,1105.163770177522,29.83622982247789
7775,760.0,936.90137357717,-176.90137357717003
7784,1050.0,1111.2938956207738,-61.29389562077381
7795,745.0,697.2852754245848,47.714724575415175
7818,1455.0,1243.8018745711001,211.19812542889986
7822,1510.0,1245.4574561253194,264.54254387468063
7868,988.0,1023.1184755025937,-35.1184755025937
7871,849.0,676.6171600679667,172.38283993203333
7887,1147.0,969.474352864083,177.52564713591698
7889,1286.0,1198.806736344725,87.1932636552749
7901,1465.0,1252.0263062988975,212.97369370110255
7909,1453.0,1257.5768865296898,195.42311347031023
7923,1358.0,1138.4229196070291,219.57708039297086
7926,1285.0,1181.7311793548888,103.26882064511119
7930,1375.0,1124.2150564991434,250.78494350085657
7942,760.0,676.9484738723819,83.0515261276181
7946,1160.0,1219.007178397907,-59.007178397906955
7980,695.0,629.5346581696236,65.46534183037636
8031,1110.0,1049.4968022153835,60.50319778461653
8033,1405.0,1073.81275702324,331.18724297676
8045,1515.0,1204.4468021998014,310.55319780019863
8061,1085.0,1038.3692697675565,46.63073023244351
8073,1110.0,1112.7385347549352,-2.7385347549352446
8079,670.0,609.1477879826579,60.85221201734214
8118,593.0,699.2826836682484,-106.28268366824841
8124,1030.0,985.0416710428614,44.95832895713863
8132,1246.0,1010.618100627655,235.38189937234495
8138,873.0,720.655832592686,152.344167407314
8146,1155.0,1173.7719116031583,-18.771911603158287
8170,538.0,651.9887315701835,-113.98873157018352
8173,1200.0,984.4061975992043,215.59380240079565
8186,1150.0,1133.0051322526474,16.9948677473526
8188,1335.0,1207.6180724829135,127.38192751708652
8190,1495.0,1250.5068696647154,244.4931303352846
8191,1485.0,1183.2519917940924,301.7480082059076
8192,135.0,1116.362348940559,-981.3623489405591
8197,1065.0,994.3518725774113,70.64812742258869
8204,1005.0,1164.1073871209223,-159.10738712092234
8209,1360.0,1159.564923188893,200.4350768111069
8212,1250.0,1174.7734433111907,75.2265566888093
8214,1018.0,1065.0171461517612,-47.01714615176115
8219,1190.0,974.0166921231489,215.9833078768511
8228,1240.0,1232.198668693777,7.801331306222892
8230,1355.0,1074.356038563141,280.64396143685894
8239,1290.0,1045.55228806919,244.4477119308101
8241,1120.0,953.1326688604886,166.8673311395114
8244,790.0,692.9109654480915,97.08903455190853
8255,1220.0,1083.567342152444,136.4326578475559
8269,970.0,1286.1800011161336,-316.18000111613355
8290,850.0,607.7286525986806,242.27134740131942
8301,1300.0,1098.843714257274,201.1562857427259
8308,1025.0,990.9337788440862,34.06622115591381
8309,1080.0,1287.8761524736783,-207.8761524736783
8321,1400.0,1265.9972056035583,134.0027943964417
8342,995.0,683.7582312285502,311.24176877144976
8373,1375.0,1235.0226265226481,139.97737347735188
8381,937.0,927.3505056614615,9.649494338538489
8385,1555.0,1315.9128379059546,239.08716209404542
8403,1180.0,1168.3996893634726,11.60031063652741
8420,1030.0,1075.0448118958918,-45.044811895891826
8431,1147.0,911.3298021251543,235.6701978748457
8445,1380.0,1298.929785922343,81.07021407765706
8463,915.0,669.6151063721622,245.38489362783776
8468,587.0,635.7038505594263,-48.703850559426314
8470,925.0,704.9915160998706,220.00848390012936
8472,515.0,587.5302232913784,-72.53022329137843
8485,1698.0,1280.74741840188,417.25258159812006
8488,1150.0,1149.8048998573872,0.1951001426127732
8496,1480.0,1207.6706546881192,272.32934531188084
8511,514.0,533.5923631611055,-19.59236316110548
8537,765.0,715.4088229527619,49.59117704723815
8560,1110.0,978.2266574186895,131.77334258131054
8571,1270.0,1011.2604543175222,258.7395456824778
8573,1240.0,1139.2534335298992,100.74656647010079
8588,1120.0,927.8402293254873,192.15977067451274
8594,1095.0,1255.0585055501963,-160.0585055501963
8614,805.0,911.9085799912827,-106.90857999128275
8618,820.0,625.8514524087085,194.1485475912915
8643,1250.0,1210.597276359128,39.402723640871955
8655,701.0,592.3974830897939,108.60251691020608
8657,1400.0,1087.999767604011,312.0002323959891
8662,1060.0,1021.3464138960229,38.65358610397709
8668,1372.0,1119.0590173300734,252.9409826699266
8676,770.0,693.6548737439222,76.34512625607783
8687,1185.0,1264.169680342753,-79.16968034275305
8690,1632.0,1256.3322878881334,375.66771211186665
8700,1356.0,1283.60547103605,72.39452896395005
8720,1130.0,1175.6549584822762,-45.65495848227624
8739,1185.0,1078.9171959006405,106.08280409935946
8757,1350.0,1205.3511588460756,144.64884115392442
8776,765.0,692.898683044745,72.10131695525502
8796,1312.0,1101.5788247370242,210.4211752629758
8797,1546.0,1164.02429203846,381.9757079615399
8803,1450.0,1139.2651071641337,310.7348928358663
8815,1135.0,1178.851029443725,-43.85102944372511
8826,1209.0,1081.0317349961374,127.9682650038626
8828,849.0,657.2469769847751,191.75302301522493
8833,1047.0,969.0196932371063,77.98030676289375
8835,695.0,667.7541071732452,27.24589282675481
8847,931.0,738.5915290291913,192.4084709708087
8860,1080.0,1092.1882662238143,-12.188266223814253
8861,1411.0,1177.9315956239632,233.06840437603682
8867,1174.0,1258.8586164299006,-84.85861642990062
8873,1290.0,1121.4374870705917,168.56251292940829
8875,623.0,629.6349260640415,-6.634926064041451
8877,1103.0,1148.9938383171316,-45.993838317131576
8878,1067.0,988.0844304295427,78.91556957045725
8883,1005.0,1026.0819408535258,-21.081940853525794
8896,1550.0,1292.3627492976307,257.63725070236933
8949,1338.0,1082.4924420250773,255.50755797492275
8952,730.0,1254.19820646217,-524.19820646217
8963,1110.0,893.5042625022834,216.49573749771662
8966,878.0,989.2784400230703,-111.27844002307029
8976,1545.0,1114.1084955780336,430.8915044219664
8981,1225.0,1242.4505815458524,-17.4505815458524
8984,1250.0,1059.9017162193836,190.09828378061638
8996,1558.0,1185.4809430076948,372.5190569923052
9017,830.0,673.1649109972832,156.8350890027168
9051,990.0,1196.8089571923197,-206.80895719231967
9052,1268.0,884.170808715865,383.82919128413505
9099,1160.0,1082.8240529919394,77.17594700806058
9101,1210.0,992.7709567095163,217.22904329048367
9103,1030.0,1039.5912357335706,-9.591235733570556
9117,1295.0,1089.16001717463,205.83998282537004
9120,1545.0,1212.579908113726,332.4200918862739
9145,977.0,1158.5440510035403,-181.5440510035403
9151,870.0,694.2483634603245,175.75163653967547
9166,970.0,981.1993078139631,-11.19930781396306
9173,1195.0,1046.9766837233105,148.02331627668946
9192,1070.0,1113.4533857915899,-43.45338579158988
9197,1282.0,1172.534819978292,109.46518002170797
9211,1030.0,1062.9656814918906,-32.965681491890564
9233,1360.0,1107.9180784905427,252.0819215094573
9234,789.0,679.8243651770633,109.17563482293667
9301,1220.0,1276.0320924057278,-56.03209240572778
9333,710.0,594.0800396098832,115.91996039011678
9350,935.0,661.0291385527681,273.97086144723187
9372,1210.0,1106.9411533304374,103.05884666956263
9377,1334.0,1176.6316431238054,157.36835687619464
9390,1385.0,1154.178777749061,230.82122225093894
9411,805.0,692.9911475948113,112.00885240518869
9421,1212.0,1151.1780010304703,60.82199896952966
9474,733.0,717.6226080989413,15.377391901058672
9505,1545.0,1135.3748862788605,409.62511372113954
9521,1286.0,1272.2278906252518,13.772109374748197
9529,582.0,713.5840695911579,-131.5840695911579
9535,1390.0,1037.0803845511975,352.91961544880246
9541,1385.0,1128.2467819469098,256.7532180530902
9573,1415.0,1084.0793703079173,330.9206296920827
9583,1102.0,1082.4668766582429,19.53312334175712
9587,1213.0,995.3191734965578,217.68082650344218
9588,841.0,694.5898078837845,146.4101921162155
9624,960.0,680.5908305779926,279.4091694220074
9625,1190.0,1069.9834698036952,120.01653019630476
9637,1110.0,1082.6055580712105,27.394441928789547
9647,1210.0,1216.0984361387686,-6.098436138768648
9649,1180.0,1214.0236381735954,-34.02363817359537
9655,1175.0,998.253037167988,176.74696283201195
9660,1245.0,962.5843550648689,282.4156449351311
9663,1136.0,1122.383883166815,13.61611683318506
9666,980.0,729.0467425442089,250.95325745579112
9667,1210.0,1050.8303952903377,159.16960470966228
9680,770.0,616.4943053748722,153.50569462512783
9692,1540.0,1296.547805843635,243.45219415636507
9699,981.0,906.7071758373772,74.29282416262276
9713,675.0,601.6342923908164,73.36570760918357
9717,621.0,628.8025440980823,-7.802544098082308
9722,1323.0,1125.5861370348146,197.41386296518544
9738,775.0,667.7390311365942,107.26096886340576
9748,1040.0,750.2553441238923,289.7446558761077
9764,1602.0,1161.3245735219807,440.6754264780193
9873,1410.0,1247.2966517742245,162.70334822577547
9879,1036.0,1156.1402592499244,-120.14025924992438
9885,832.0,691.1690436995149,140.83095630048513
9890,1220.0,1141.6883089647627,78.31169103523735
9893,725.0,590.2885520976831,134.71144790231688
9903,1411.0,1232.613070222656,178.386929777344
9916,1121.0,900.2353373202543,220.7646626797457
9922,730.0,701.6356102884829,28.364389711517106
9930,1290.0,1249.4059398897514,40.59406011024862
9931,1310.0,1174.3383632274035,135.66163677259647
9954,1425.0,1140.7816360138302,284.21836398616983
9972,1040.0,1134.9860645062336,-94.98606450623356
9981,1362.0,1161.193216920169,200.8067830798309
9984,1535.0,1164.9889084280596,370.01109157194037
9987,1275.0,1205.2898373497032,69.71016265029675
9993,838.0,744.7240025611021,93.27599743889789
10019,1250.0,1070.740295396279,179.25970460372105
10029,1230.0,1071.0261029405553,158.97389705944465
10037,1010.0,996.9761647808294,13.023835219170564
10057,870.0,676.6370807304485,193.36291926955153
10078,723.0,665.9549555933274,57.04504440667256
10091,1625.0,1108.4564340556767,516.5435659443233
10092,970.0,959.567492213801,10.43250778619904
10093,785.0,1115.7257095169239,-330.72570951692387
10120,1175.0,1099.363179030427,75.63682096957291
10128,1365.0,1133.985671562244,231.01432843775592
10130,1160.0,1162.732058949847,-2.732058949846987
10134,1535.0,1202.659109191595,332.340890808405
10144,675.0,641.270294933019,33.729705066980955
10171,1300.0,1147.4450231800047,152.55497681999532
10188,795.0,737.2446497683329,57.75535023166708
10201,1330.0,1098.287502095058,231.71249790494198
10203,1465.0,1220.2072609329996,244.7927390670004
10208,1440.0,1283.2591458635359,156.74085413646412
10217,1120.0,985.708974187104,134.291025812896
10236,1210.0,979.7383025749624,230.2616974250376
10243,1160.0,1035.4577286635397,124.54227133646032
10244,1170.0,1135.2129350110338,34.78706498896622
10266,1460.0,1266.0875309535825,193.91246904641753
10279,621.0,614.3084576704352,6.691542329564754
10293,1225.0,1198.656573818157,26.343426181842915
10297,1320.0,1233.6976203283955,86.30237967160451
10299,1435.0,1103.7334410282645,331.26655897173555
10313,1515.0,1285.2728681143683,229.7271318856317
10316,635.0,681.2879997545189,-46.287999754518864
10323,895.0,678.2138337836644,216.78616621633557
10358,1060.0,1154.9241530325576,-94.92415303255757
10379,1220.0,1092.5255933264964,127.47440667350361
10381,780.0,692.6212825933623,87.37871740663775
10396,945.0,733.9597338130287,211.04026618697128
10456,1130.0,1090.7421064886785,39.25789351132153
10472,900.0,915.2070780194124,-15.207078019412393
10477,820.0,647.2144974231026,172.78550257689744
10482,1250.0,1164.8121577321667,85.18784226783328
10488,1085.0,1155.451131649962,-70.45113164996201
10500,1200.0,1147.6972298867552,52.30277011324483
10505,1046.0,995.0817764357641,50.91822356423586
10563,1385.0,1221.7334254128857,163.2665745871143
10574,705.0,652.6690448835525,52.33095511644751
10614,955.0,737.8615780945107,217.13842190548928
10617,1157.0,1083.0312646974794,73.9687353025206
10632,1195.0,1014.3668126750673,180.6331873249327
10653,1165.0,1124.6955235079042,40.30447649209577
10655,1285.0,1081.3557890168124,203.64421098318758
10661,1040.0,1020.4021746447241,19.59782535527586
10684,876.0,613.4285044392731,262.57149556072693
10706,1290.0,1140.0029003154211,149.99709968457887
10754,1050.0,946.0587017476557,103.94129825234427
10773,1180.0,1052.7443337414416,127.25566625855845
10780,1107.0,931.2082378302433,175.79176216975668
10805,1224.0,1026.8593919128884,197.14060808711156
10806,1202.0,1186.237380543031,15.762619456969105
10819,790.0,667.811814448921,122.18818555107896
10824,1202.0,1006.33776661477,195.66223338523002
10830,1190.0,1092.6931503725325,97.3068496274675
10840,558.0,1064.3398286508282,-506.33982865082817
10844,1168.0,995.9414879872555,172.05851201274447
10856,910.0,1068.8703091112602,-158.8703091112602
10858,1045.0,1002.4809735535846,42.51902644641541
10866,1014.0,1019.6229342376755,-5.6229342376755085
10878,1231.0,1162.7740852140685,68.22591478593154
10883,1345.0,1187.2753205330957,157.72467946690426
10886,975.0,711.5023393003075,263.49766069969246
10908,1300.0,1180.8206192919486,119.17938070805144
10923,1180.0,1224.5340793316961,-44.53407933169615
10926,1175.0,1023.4775227411217,151.52247725887833
10928,909.0,1092.0889867710916,-183.08898677109164
10956,1135.0,1097.9053798577595,37.0946201422405
10988,1025.0,1033.7943854340879,-8.794385434087872
10994,736.0,629.8340036334065,106.1659963665935
10998,1350.0,968.8582427457419,381.1417572542581
11046,860.0,663.7622251163734,196.23777488362657
11053,1250.0,1080.294146790523,169.70585320947703
11054,1047.0,1000.8539835732228,46.14601642677724
11074,1310.0,1217.0462409954778,92.95375900452223
11076,1285.0,1165.6516111900028,119.34838880999723
11087,1350.0,1139.076894200621,210.92310579937907
11094,931.0,732.9056283402298,198.09437165977022
11098,1490.0,1140.5373030143805,349.46269698561946
11134,1360.0,1195.3295776831128,164.6704223168872
11136,1020.0,1060.538705496175,-40.538705496175
11167,1245.0,1043.691654333526,201.308345666474
11169,500.0,619.2307156239511,-119.23071562395114
11171,1040.0,1110.5551905819698,-70.55519058196978
11186,1340.0,1094.6421829924298,245.35781700757025
11203,1175.0,1166.3364492434368,8.663550756563154
11212,985.0,745.8476182816527,239.15238171834733
11214,1300.0,969.0582487711421,330.9417512288579
11234,1235.0,1291.517012680786,-56.51701268078591
11236,1460.0,1196.2618427126922,263.7381572873078
11240,1120.0,1039.5264175090963,80.47358249090371
11260,1360.0,1171.0284355150748,188.97156448492524
11264,1310.0,1221.269352909313,88.73064709068694
11269,992.0,1030.0842092393668,-38.08420923936683
11274,1205.0,747.555884533039,457.44411546696097
11277,1380.0,1080.374530883012,299.6254691169879
11279,1040.0,703.2270528420341,336.77294715796586
11326,1130.0,1221.895643572557,-91.89564357255699
11332,1280.0,1103.5278006846,176.47219931540008
11339,545.0,679.5665597490686,-134.56655974906857
11346,1180.0,1118.6279211727706,61.372078827229416
11350,1275.0,1182.9376474509052,92.06235254909484
11358,880.0,686.5317697876006,193.46823021239936
11360,710.0,702.5482379193553,7.4517620806446985
11364,650.0,638.336058688871,11.663941311128951
11387,700.0,615.6520332692199,84.34796673078006
11415,1465.0,1227.1889215333802,237.81107846661985
11438,1080.0,1143.8605501843888,-63.860550184388785
11440,985.0,1206.4214219208175,-221.42142192081747
11463,1085.0,1022.7925614386021,62.20743856139791
11469,1250.0,1163.1768319192963,86.82316808070368
11489,1300.0,1159.6321749445428,140.36782505545716
11490,1220.0,1113.6303739249433,106.36962607505666
11518,1317.0,1062.505972621142,254.49402737885794
11546,807.0,773.9903555388678,33.00964446113221
11549,1660.0,1208.6870560530751,451.31294394692486
11557,1100.0,1060.0034923286612,39.996507671338804
11578,530.0,610.4230097218934,-80.42300972189344
11584,1270.0,1158.7679539325138,111.23204606748618
11586,1350.0,1186.677178905477,163.32282109452308
11590,1080.0,1202.6140398646003,-122.61403986460027
11598,1305.0,1129.7857858162656,175.21421418373438
11611,1150.0,1000.1865957768669,149.81340422313315
11623,1430.0,1185.159387127262,244.8406128727379
11627,820.0,693.8269369830679,126.17306301693213
11632,1210.0,1220.055155306386,-10.055155306386041
11652,1315.0,1220.5430758505672,94.45692414943278
11654,1480.0,1256.450407548848,223.54959245115197
11661,1320.0,1132.4035627079777,187.5964372920223
11667,1170.0,1127.2434953775346,42.7565046224654
11672,1520.0,1242.3184888647752,277.6815111352248
11674,920.0,714.0563715980735,205.9436284019265
11690,1090.0,1051.2566235761497,38.74337642385035
11713,655.0,728.038728916171,-73.03872891617095
11728,926.0,857.834842698263,68.16515730173705
11738,1400.0,1209.3166440399027,190.6833559600973
11746,1440.0,1184.2404166863512,255.75958331364882
11778,1225.0,1131.7231988877436,93.27680111225641
11780,1320.0,1297.855598216025,22.1444017839749
11785,1510.0,1204.3755487482451,305.62445125175486
11788,1130.0,1079.9142941006828,50.08570589931719
11840,1245.0,1259.592476797211,-14.59247679721102
11849,1205.0,1204.1103577594959,0.8896422405041449
11858,637.0,691.5643951608572,-54.5643951608572
11867,915.0,695.6789408951753,219.3210591048247
11871,1140.0,1210.3211532919813,-70.32115329198132
11874,1179.0,1048.0847494453667,130.9152505546333
11884,1375.0,1122.0605308427494,252.93946915725064
11893,1040.0,912.8357227494655,127.1642772505345
11897,1160.0,1068.6351134446588,91.36488655534117
11913,1175.0,908.2735130814572,266.72648691854283
11995,745.0,729.2291402759715,15.770859724028469
12007,1160.0,1095.486403809486,64.51359619051391
12017,685.0,728.5641408022325,-43.56414080223249
12018,1285.0,1055.9527264611777,229.0472735388223
12033,1440.0,1237.8433073519018,202.15669264809821
12046,1236.0,1103.8615095732182,132.1384904267818
12057,805.0,644.0284486676375,160.97155133236254
12069,1190.0,997.672663863067,192.327336136933
12077,810.0,694.5211782039416,115.47882179605836
12108,1230.0,1240.9630212218667,-10.963021221866711
12109,1525.0,1173.1765224965775,351.8234775034225
12129,1310.0,1124.8355504567721,185.16444954322787
12140,1115.0,1147.583520773179,-32.58352077317909
12143,1285.0,1234.5767714671106,50.423228532889425
12184,710.0,668.4348436491375,41.56515635086248
12211,1159.0,1185.8903193625752,-26.890319362575156
12220,37.0,1068.637524312448,-1031.637524312448
12231,960.0,1138.1400439283632,-178.14004392836318
12239,880.0,735.6478621230115,144.35213787698854
12249,1210.0,1188.0838342276825,21.916165772317527
12252,790.0,628.0139054762905,161.98609452370954
12263,1100.0,1024.948920601561,75.05107939843901
12264,1260.0,1059.6410993340487,200.3589006659513
12266,1280.0,1196.531742405957,83.46825759404305
12271,1140.0,992.6765140753648,147.32348592463518
12283,1305.0,1220.0459325268491,84.95406747315087
12286,1016.0,985.6842996012145,30.315700398785452
12287,660.0,579.5154079278627,80.48459207213727
12298,1130.0,955.0664879697803,174.93351203021973
12315,1555.0,1223.0435006507435,331.95649934925655
12336,965.0,664.5873968450906,300.41260315490945
12340,1090.0,1027.1552483870964,62.844751612903565
12342,1280.0,1071.4843849921372,208.51561500786283
12351,1355.0,1154.5119521067745,200.48804789322548
12405,760.0,713.4795607167922,46.52043928320779
12422,655.0,628.2551576576236,26.744842342376387
12439,1060.0,930.6527465662256,129.34725343377443
12442,1265.0,1238.686180345125,26.313819654875033
12473,828.0,697.8708579660926,130.12914203390744
12539,1230.0,1111.1055072933318,118.89449270666819
12550,1200.0,1259.4417033930665,-59.44170339306652
12565,1130.0,1119.3245483744813,10.67545162551869
12567,860.0,718.7030382150941,141.29696178490587
12577,1390.0,1214.9850149743565,175.01498502564345
12606,1260.0,1090.7484333640211,169.25156663597886
12609,900.0,711.4218379493545,188.57816205064546
12627,1245.0,1260.5487982028221,-15.548798202822127
12629,1080.0,939.7982829837201,140.20171701627987
12639,1150.0,1065.8845908417104,84.1154091582896
12687,1390.0,1056.1141210407332,333.88587895926685
12708,923.0,947.7842689508527,-24.78426895085272
12711,820.0,611.4063677485882,208.5936322514118
12747,750.0,688.2164374372281,61.78356256277186
12768,1220.0,1230.2456609613319,-10.24566096133185
12771,1390.0,1191.7828943134668,198.21710568653316
12778,985.0,1071.8879857117688,-86.8879857117688
12781,1505.0,1260.952295562407,244.04770443759298
12807,752.0,607.3249916884645,144.67500831153552
12815,710.0,695.1607442692673,14.839255730732702
12819,1133.0,1000.8820668956732,132.11793310432677
12824,1270.0,1208.2832232945113,61.716776705488655
12827,605.0,615.7565089827422,-10.756508982742162
12870,693.0,637.0763427179475,55.923657282052545
12882,1215.0,1161.5380994264121,53.461900573587855
12891,745.0,680.8120913831137,64.18790861688626
12944,1500.0,1125.1431602624987,374.85683973750133
12946,728.0,1080.612827570351,-352.6128275703511
13072,1110.0,1196.8967995031335,-86.89679950313348
13090,693.0,645.283920622858,47.71607937714202
13104,590.0,643.442352629495,-53.44235262949496
13105,1215.0,1017.7730959445785,197.22690405542153
13109,1425.0,1192.6531063880827,232.34689361191727
13118,678.0,614.4621089278014,63.53789107219859
13135,1515.0,1068.2049037327304,446.7950962672696
13139,684.0,658.4815458444297,25.51845415557034
13141,757.0,648.2105959681369,108.78940403186311
13160,1229.0,1040.1183332544285,188.88166674557147
13182,1280.0,1244.7736031562513,35.22639684374872
13192,1500.0,1264.3604925101574,235.63950748984257
13199,1075.0,1047.8602428647607,27.13975713523928
13201,830.0,664.4588899985698,165.54111000143018
13213,1375.0,1234.9954819752668,140.00451802473322
13217,1320.0,1103.8957365829147,216.10426341708535
13229,1040.0,1068.723372321732,-28.723372321732086
13231,1200.0,1120.7854602927289,79.21453970727111
13232,1140.0,1088.4157835696622,51.58421643033785
13254,900.0,749.7128918752185,150.28710812478153
13259,1350.0,1259.2239330525706,90.7760669474294
13283,799.0,700.5068273333583,98.49317266664173
13293,1203.0,1125.3843335516653,77.61566644833465
13298,730.0,693.6902958948932,36.30970410510679
13304,1375.0,1271.3332254872496,103.66677451275041
13329,800.0,1131.7736612140768,-331.7736612140768
13339,727.0,625.7830302513298,101.21696974867018
13346,775.0,636.0809449506996,138.91905504930037
13353,1210.0,1184.2892613445174,25.7107386554826
13372,1000.0,605.0174337787773,394.98256622122267
13383,990.0,731.3727489698617,258.62725103013827
13390,1717.0,1228.3615006593886,488.63849934061136
13399,1270.0,963.561260868292,306.43873913170796
13403,1160.0,1143.86555020726,16.134449792740043
13427,966.0,744.9611783361939,221.03882166380606
13450,1252.0,1278.9321986318737,-26.93219863187369
13459,1280.0,1114.9167110133315,165.08328898666855
13463,1240.0,1130.0815240421343,109.91847595786567
13474,1275.0,1230.996036827647,44.003963172353
13487,1235.0,1071.07685098735,163.9231490126499
13524,1114.0,998.5243456465386,115.47565435346144
13526,1010.0,1005.6828382416496,4.31716175835038
13556,1407.0,1209.8150515546383,197.18494844536167
13561,1005.0,1051.023570719908,-46.02357071990809
13564,1100.0,1145.9612331301566,-45.96123313015664
13588,1338.0,1228.2093016771707,109.79069832282926
13627,765.0,716.8141669642764,48.18583303572359
13637,1460.0,1132.8923405649975,327.10765943500246
13652,1310.0,1268.0277528657923,41.97224713420769
13654,1166.0,1142.4893959792273,23.51060402077269
13680,845.0,694.0266282488312,150.97337175116877
13681,1095.0,935.2619922908697,159.73800770913033
13698,1708.0,1133.51209036,574.48790964
13752,1340.0,1125.218334351218,214.7816656487821
13754,620.0,597.808448430036,22.191551569963963
13774,1102.0,1111.4816385892002,-9.481638589200202
13782,1406.0,1266.6640335423426,139.33596645765738
13786,930.0,925.34546364476,4.654536355239998
13800,1335.0,1189.904470911614,145.095529088386
13803,1232.0,1251.3848933853403,-19.38489338534032
13807,1058.0,593.0899251692093,464.9100748307907
13819,1180.0,1058.7348968931076,121.26510310689241
13841,1380.0,1201.587181679879,178.412818320121
13868,800.0,741.3695807733332,58.630419226666845
13889,1552.0,1265.1294280878114,286.87057191218855
13895,990.0,983.4129524954926,6.587047504507382
13919,395.0,718.824307261536,-323.824307261536
13931,1030.0,1272.7095540074158,-242.70955400741582
13945,1560.0,1287.2329771172306,272.7670228827694
13949,1003.0,1057.7360801072891,-54.736080107289126
13961,1025.0,979.0228958249205,45.97710417507949
13962,890.0,702.576568448913,187.423431551087
13971,1325.0,1150.2576526646988,174.74234733530125
14002,1305.0,1052.7384604077108,252.26153959228918
14007,1385.0,1267.988140420336,117.0118595796639
14018,1530.0,1200.8187910119468,329.1812089880532
14048,1191.0,1061.7520315177796,129.24796848222036
14071,1425.0,1256.1286916592449,168.87130834075515
14074,1505.0,1255.3922688577018,249.60773114229823
14080,1190.0,1054.4640694612658,135.5359305387342
14089,1260.0,1129.3466379870526,130.65336201294735
14094,625.0,590.3780168630752,34.62198313692477
14154,1140.0,1217.3654249346378,-77.36542493463776
14155,1050.0,1070.5804100728749,-20.580410072874884
14157,1527.0,1246.2122637200323,280.7877362799677
14172,1200.0,1208.666164536001,-8.666164536000906
14193,1180.0,1286.1500408830088,-106.15004088300884
14227,1085.0,952.9311552408226,132.0688447591774
14232,1010.0,1039.0909474372206,-29.09094743722062
14268,1286.0,1141.4381647870064,144.56183521299363
14277,735.0,663.3882300722989,71.61176992770106
14283,940.0,956.7960993631693,-16.796099363169333
14296,875.0,684.142793263334,190.85720673666594
14310,840.0,776.9646336570298,63.03536634297018
14338,1292.0,1234.0208170398303,57.97918296016974
14353,1455.0,1221.410522268165,233.5894777318349
14363,1345.0,1136.565762477219,208.4342375227809
14406,1205.0,1156.4389219415125,48.56107805848751
14416,1110.0,1169.877581369696,-59.87758136969592
14441,1535.0,1301.6038200638673,233.39617993613274
14476,722.0,695.5509049464448,26.449095053555197
14487,505.0,871.608276036181,-366.608276036181
14512,1475.0,1181.6997332329142,293.30026676708576
14531,700.0,658.5449435471058,41.455056452894155
14579,1370.0,1256.063131640105,113.93686835989502
14587,800.0,773.9903555388678,26.00964446113221
14603,650.0,611.9613815221405,38.03861847785947
14605,1170.0,1050.2863490583159,119.71365094168414
14616,575.0,1282.6831374844437,-707.6831374844437
14618,1205.0,1188.338056668038,16.661943331961993
14622,1325.0,1178.9629213830067,146.0370786169933
14631,745.0,587.0622341038206,157.93776589617937
14641,1090.0,1031.521805392911,58.47819460708911
14646,1550.0,1148.4737816647669,401.5262183352331
14659,630.0,628.3931545641467,1.6068454358533018
14687,1031.0,684.5546307405632,346.4453692594368
14731,1600.0,1258.4394445726775,341.56055542732247
14739,948.0,1116.1725367809265,-168.17253678092652
14753,1230.0,1057.8725467860315,172.12745321396847
14794,990.0,1172.1652663541722,-182.16526635417222
14823,710.0,675.0119728842919,34.988027115708064
14848,1180.0,1131.493558747129,48.5064412528709
14853,1155.0,1093.7276681414537,61.272331858546295
14861,890.0,729.092055253583,160.907944746417
14908,1180.0,999.2866950051783,180.71330499482167
14919,780.0,701.3418234335788,78.65817656642116
14926,1091.0,995.9414879872555,95.05851201274447
14933,967.0,961.1657176559515,5.834282344048461
14934,736.0,697.1704456316941,38.829554368305935
14964,1225.0,1187.0185166888414,37.98148331115863
14965,1110.0,1193.8634292924596,-83.86342929245961
14976,1630.0,1298.6140297948375,331.3859702051625
15028,1050.0,911.6591581791556,138.3408418208444
15043,1200.0,1102.63973348418,97.36026651582006
15045,1385.0,1161.8115400397523,223.18845996024766
15055,1215.0,956.3719047535294,258.6280952464706
15061,870.0,911.0603889541666,-41.06038895416657
15097,790.0,672.4789831624367,117.52101683756325
15102,1415.0,1143.334986407837,271.66501359216295
15110,670.0,1068.4928626854685,-398.4928626854685
15149,1540.0,1264.011102799427,275.9888972005731
15158,1525.0,1279.901777861984,245.0982221380159
15168,790.0,617.066038035259,172.933961964741
15171,890.0,712.0851729001729,177.9148270998271
15173,1730.0,1304.708742568454,425.291257431546
15182,1057.0,667.3119363787337,389.68806362126634
15189,1295.0,1154.4998129901296,140.5001870098704
15200,1180.0,1060.5754785757272,119.42452142427283
15204,1267.0,1120.4432569948303,146.55674300516966
15208,660.0,649.6730332850931,10.326966714906916
15210,895.0,693.1606283583212,201.83937164167878
15215,1130.0,1129.1410571367023,0.8589428632976706
15224,1080.0,1084.2461566045295,-4.24615660452946
15247,520.0,527.8424555629414,-7.842455562941382
15253,1266.0,1185.8903193625752,80.10968063742484
15267,1124.0,900.1237977211614,223.8762022788386
15296,720.0,697.5293463143448,22.47065368565518
15297,1145.0,1214.9906763832396,-69.99067638323959
15315,805.0,692.7148648965637,112.28513510343635
15333,855.0,650.2862476312166,204.7137523687834
15354,1495.0,1281.5674948265225,213.43250517347747
15358,1440.0,1148.8249072195167,291.1750927804833
15365,1020.0,954.9247493945318,65.07525060546823
15388,1410.0,1137.056166778261,272.94383322173894
15390,1290.0,1036.8019138471188,253.19808615288116
15411,1520.0,1278.7862117751326,241.21378822486736
15414,1490.0,1244.9509802651996,245.04901973480037
15418,1200.0,1076.0570211753084,123.94297882469164
15453,630.0,672.9179133713661,-42.917913371366126
15457,620.0,592.1055394344148,27.894460565585177
15469,855.0,661.9330163234174,193.0669836765826
15472,1055.0,1083.0303429048602,-28.030342904860163
15473,850.0,713.2785428326466,136.72145716735338
15474,1350.0,1185.1931935591192,164.8068064408808
15496,1350.0,1215.8812779140314,134.11872208596856
15511,1305.0,1087.9414434476116,217.05855655238838
15528,1420.0,1084.8993215584462,335.1006784415538
15551,1234.0,1134.130583787938,99.8694162120621
15561,724.0,710.3081514992766,13.691848500723381
15591,1460.0,1063.79343643148,396.2065635685201
15599,881.0,985.7646573850006,-104.76465738500065
15601,823.0,707.9591445473059,115.04085545269413
15617,1490.0,1240.5241752824593,249.47582471754072
15618,858.0,691.7339034372649,166.26609656273513
15625,1310.0,1094.4765269468983,215.52347305310172
15636,920.0,1068.0774512904188,-148.07745129041882
15657,1330.0,1159.427223845299,170.57277615470093
15663,672.0,642.5012933403873,29.498706659612708
15665,905.0,750.9739880401414,154.02601195985858
15712,1626.0,1297.4456244027913,328.5543755972087
15728,1023.0,1112.1049650976724,-89.10496509767245
15739,630.0,552.6552716160302,77.34472838396982
15740,1470.0,1287.0963133880646,182.90368661193543
15749,1070.0,1004.7686364004747,65.23136359952525
15762,1095.0,956.1945686151114,138.8054313848886
15766,1277.0,1050.2318514074916,226.7681485925084
15770,1346.0,1230.1872450116366,115.8127549883634
15772,785.0,735.5894150695984,49.41058493040157
15782,1080.0,965.2773924614826,114.72260753851742
15784,1060.0,1076.4062225610153,-16.406222561015284
15791,1157.0,1161.2605886200486,-4.260588620048566
15795,815.0,635.7172755820751,179.2827244179249
15796,855.0,929.5413404189615,-74.54134041896145
15808,1145.0,1137.8384776388507,7.161522361149309
15820,1320.0,1135.6266818504123,184.3733181495877
15862,1295.0,1204.13987453074,90.86012546926008
15872,850.0,952.00338680373,-102.00338680373
15910,1195.0,1150.4627866730998,44.5372133269002
15946,980.0,1079.390265481936,-99.39026548193601
15949,1169.0,1028.2596217020218,140.74037829797817
15956,1266.0,1237.2626889574738,28.737311042526244
15960,1060.0,961.3132550701338,98.68674492986622
15970,1105.0,1107.129273856475,-2.129273856475038
15973,985.0,658.5265639359219,326.4734360640781
15986,1155.0,1098.1142081537796,56.8857918462204
15991,1110.0,1025.5513066439112,84.44869335608882
15994,1210.0,1139.8249874481542,70.17501255184584
16000,775.0,633.0965365073082,141.9034634926918
16043,1205.0,1040.3029921734235,164.6970078265765
16057,1090.0,1075.7634878939868,14.236512106013151
16073,936.0,975.8408682425918,-39.840868242591796
16086,1400.0,1198.4252860669774,201.57471393302262
16163,1273.0,1280.8022967387749,-7.802296738774885
16166,1075.0,1042.2473507867237,32.7526492132763
16189,794.0,663.5786781954696,130.4213218045304
16206,1379.0,1063.395015864267,315.60498413573305
16213,1135.0,903.9104767848163,231.0895232151837
16250,1223.0,1121.1687917286451,101.83120827135485
16274,1257.0,1040.4180287874044,216.5819712125956
16278,643.0,700.0399592601503,-57.03995926015034
16291,945.0,926.9966606149434,18.00333938505662
16297,1201.0,1240.4119060272492,-39.41190602724919
16304,606.0,669.4295026510576,-63.429502651057646
16319,875.0,625.2911274614538,249.7088725385462
16326,1210.0,1114.7447980962115,95.25520190378847
16342,1151.0,1137.2929987081318,13.70700129186821
16355,830.0,676.2757903788392,153.72420962116075
16372,1220.0,1037.397524137554,182.602475862446
16427,1005.0,1011.6746282179791,-6.674628217979148
16454,1340.0,1163.6715772308874,176.32842276911265
16455,1170.0,1037.7756369231033,132.22436307689668
16487,1200.0,1136.996873055373,63.003126944626956
16490,760.0,629.8671809496266,130.13281905037343
16504,1340.0,1083.5123116330524,256.4876883669476
16512,727.0,1278.0140577566442,-551.0140577566442
16571,705.0,718.0223715761296,-13.022371576129558
16579,835.0,682.1783867271062,152.82161327289384
16580,1345.0,1192.423670577122,152.57632942287796
16584,1200.0,1148.1355450752023,51.864454924797656
16587,820.0,613.1888447398314,206.81115526016856
16588,720.0,815.5466685331792,-95.54666853317917
16602,1080.0,1194.7189654107037,-114.71896541070373
16615,1248.0,1286.9276113956553,-38.927611395655276
16625,1545.0,1242.9910034298568,302.00899657014315
16629,1160.0,1094.845422900399,65.15457709960106
16639,1320.0,919.6549804843563,400.3450195156437
16680,375.0,1068.922565273826,-693.922565273826
16688,1455.0,1310.7364804691076,144.26351953089238
16699,1380.0,1110.3539273700696,269.64607262993036
16708,1120.0,1133.5006500032462,-13.500650003246164
16709,1240.0,1292.9116711924646,-52.91167119246461
16738,826.0,604.4564662662951,221.54353373370486
16739,1190.0,1073.4230101796632,116.57698982033685
16748,1315.0,1186.310165867746,128.68983413225396
16759,743.0,616.6852554561773,126.31474454382271
16764,1570.0,1287.0312112643228,282.9687887356772
16778,1378.0,1141.5523399669862,236.4476600330138
16779,1165.0,986.2897322771481,178.71026772285188
16782,1159.0,1131.2036588638234,27.79634113617658
16799,700.0,688.0704448160697,11.929555183930347
16812,890.0,957.5107120099128,-67.51071200991282
16822,1140.0,1034.412592774065,105.58740722593507
16835,1325.0,1170.8106160224968,154.1893839775032
16850,1210.0,1022.2678945276228,187.73210547237716
16895,970.0,971.2919975300903,-1.2919975300902706
16897,1005.0,732.6191409839366,272.38085901606337
16920,825.0,629.9848914317602,195.01510856823984
16923,620.0,679.0013897625697,-59.001389762569715
16933,1130.0,1037.6479022879596,92.3520977120404
16936,778.0,709.0292478813981,68.97075211860192
16951,1265.0,1070.1637127722934,194.83628722770663
16973,1010.0,716.8015528762517,293.19844712374834
16990,1090.0,1066.297075942179,23.702924057821065
16993,1225.0,1020.7740321491337,204.22596785086625
16994,1720.0,1294.4218665981666,425.5781334018334
17002,1410.0,1220.8995042568788,189.1004957431212
17004,1353.0,1274.4001669438092,78.59983305619085
17027,840.0,750.4972503997883,89.5027496002117
17028,735.0,768.5026618032509,-33.50266180325093
17033,1375.0,1185.6827003588592,189.31729964114083
17055,1265.0,996.7254134605414,268.2745865394586
17080,510.0,614.0590504269535,-104.05905042695349
17086,1335.0,1201.733537838002,133.2664621619981
17103,922.0,1037.8738328115255,-115.87383281152552
17108,630.0,693.004465850669,-63.00446585066902
17127,945.0,732.562943195924,212.43705680407595
17143,1382.0,1284.86787459489,97.13212540510995
17167,1074.0,1048.6970561238245,25.302943876175505
17169,1485.0,1093.3009478417375,391.6990521582625
17190,825.0,690.3453338933879,134.65466610661213
17196,750.0,708.962298031571,41.03770196842902
17197,1470.0,1266.168301459319,203.83169854068092
17209,1430.0,1265.130788721268,164.8692112787321
17228,839.0,991.7559197109057,-152.7559197109057
17232,1300.0,1007.2521958623303,292.74780413766973
17261,715.0,675.2031242445644,39.79687575543562
17264,1155.0,1129.7660340108507,25.233965989149283
17299,1146.0,1139.544130494201,6.455869505799001
17304,555.0,581.0359319926484,-26.035931992648443
17305,1782.0,1307.366326324608,474.63367367539195
17306,840.0,724.663965213074,115.336034786926
17307,918.0,692.7039723175103,225.2960276824897
17324,848.0,706.2864461067333,141.71355389326675
17335,849.0,572.0569759061931,276.9430240938069
17339,860.0,727.5583130848037,132.44168691519633
17353,1215.0,1172.426397320978,42.57360267902209
17357,1060.0,1065.4317964421277,-5.431796442127734
17364,1370.0,1053.6330538770783,316.3669461229217
17365,640.0,633.663082327206,6.336917672794016
17370,798.0,666.5129880660439,131.48701193395607
17389,815.0,630.1433627982453,184.85663720175467
17393,1559.0,1293.8367519253145,265.1632480746855
17412,620.0,649.827434288501,-29.827434288500967
17432,1350.0,1154.5805113203248,195.41948867967517
17460,1510.0,1150.838068648825,359.1619313511751
17467,1124.0,1102.863882548627,21.13611745137291
17501,1205.0,1055.4308563653003,149.56914363469969
17533,1370.0,1304.7461333411009,65.25386665889914
17543,825.0,688.6180637822488,136.38193621775122
17578,823.0,717.2970573991062,105.70294260089383
17611,1100.0,1013.3141530175126,86.68584698248742
17612,1080.0,984.5077738355827,95.49222616441727
17616,1053.0,961.5332573462824,91.46674265371757
17630,1305.0,1152.6313804820734,152.36861951792662
17637,1320.0,1267.243225342182,52.756774657817914
17659,1195.0,1065.3952994194353,129.60470058056467
17660,1365.0,1267.3442413835544,97.65575861644561
17661,1585.0,1225.3071644985698,359.6928355014302
17673,1062.0,1023.1464375921889,38.85356240781107
17689,734.0,643.4799034268068,90.5200965731932
17704,1043.0,1010.5965481489253,32.40345185107469
17720,540.0,580.9533823638418,-40.9533823638418
17724,1180.0,1120.5802688482418,59.41973115175824
17725,1210.0,976.2751757815306,233.7248242184694
17735,1255.0,985.4373052898715,269.56269471012854
17753,1280.0,1091.3706618438086,188.62933815619135
17759,1190.0,1195.6469786651026,-5.6469786651025515
17769,1537.0,1251.5710472088836,285.42895279111644
17783,887.0,769.1464561800109,117.85354381998911
17787,755.0,664.3754946776749,90.62450532232515
17789,845.0,1003.2388643927337,-158.23886439273372
17805,1035.0,1070.8648012107872,-35.864801210787164
17810,920.0,772.6285210998997,147.37147890010033
17835,910.0,859.0425852723473,50.95741472765269
17848,1205.0,1157.156540137952,47.843459862047894
17855,1220.0,1020.943917350523,199.05608264947705
17865,690.0,617.5378011425197,72.4621988574803
17866,825.0,681.8953424905687,143.10465750943126
17878,695.0,699.4006725167139,-4.400672516713939
17880,1301.0,1204.362492691794,96.63750730820607
17918,780.0,594.2872899635314,185.7127100364686
17932,1357.0,1193.260637885917,163.73936211408295
17933,1440.0,1270.5556490408212,169.4443509591788
17941,1220.0,1133.3034973793465,86.69650262065352
17943,1230.0,1228.5864086411818,1.4135913588181666
17954,783.0,696.9806020801881,86.01939791981192
17965,1340.0,1263.226789373251,76.773210626749
17966,1235.0,1154.5489004859012,80.45109951409881
17974,575.0,660.6241914038952,-85.62419140389522
18018,1345.0,1103.2012232469108,241.79877675308921
18038,1455.0,1256.2084724752997,198.7915275247003
18054,1390.0,1143.6806121755837,246.31938782441625
18058,555.0,701.60910021441,-146.60910021440998
18059,1446.0,1250.3688012055513,195.63119879444866
18088,1315.0,1234.469198527756,80.5308014722441
18094,785.0,706.7762448841688,78.22375511583118
18105,1085.0,1027.292504631222,57.70749536877793
18107,1480.0,1214.4951851436726,265.50481485632736
18116,635.0,675.178157091314,-40.178157091314006
18125,1015.0,956.8269584651713,58.17304153482871
18131,751.0,564.4064771796429,186.59352282035707
18137,1295.0,1253.8652014469276,41.134798553072415
18152,963.0,690.3237431189772,272.6762568810228
18161,716.0,648.8123758785624,67.18762412143758
18165,1360.0,1182.9376474509052,177.06235254909484
18171,1557.0,1298.4011220316265,258.5988779683735
18189,1065.0,900.4660564967519,164.5339435032481
18197,807.0,742.8388086559273,64.16119134407268
18255,825.0,661.277300451902,163.72269954809803
18266,700.0,678.57981460277,21.420185397229943
18268,860.0,1050.433954777231,-190.43395477723107
18280,1260.0,1061.897776937003,198.10222306299693
18286,845.0,694.7298588482761,150.27014115172392
18294,1322.0,1053.0626907413596,268.9373092586404
18296,850.0,734.0697471558769,115.93025284412306
18308,1405.0,1157.5461243776233,247.4538756223767
18342,1420.0,1168.7659305336276,251.23406946637238
18372,755.0,660.4022875169662,94.59771248303377
18382,1125.0,1244.7892565623213,-119.78925656232127
18394,895.0,696.7242515060663,198.27574849393375
18403,1250.0,1112.5390687316797,137.46093126832034
18405,1145.0,1032.3428392742549,112.65716072574514
18408,643.0,694.7556878571363,-51.75568785713631
18421,1180.0,1196.8077496587655,-16.807749658765488
18429,1069.0,1162.8136680445741,-93.81366804457411
18441,1215.0,998.2380602569484,216.76193974305158
18447,1301.0,1200.0007000975859,100.99929990241412
18460,750.0,733.1417727018261,16.858227298173915
18472,1480.0,1116.7827294444455,363.2172705555545
18478,1105.0,1125.2998767015797,-20.299876701579706
18518,1180.0,1259.6304316011017,-79.63043160110169
18520,770.0,695.4990632827004,74.50093671729962
18521,1315.0,1044.1843728793733,270.8156271206267
18538,1415.0,1142.538571388045,272.46142861195494
18551,1485.0,1134.1902237785775,350.80977622142245
18553,1578.0,1233.87946164796,344.12053835204006
18555,1070.0,1021.7832567199162,48.21674328008385
18588,1002.0,723.888954566038,278.111045433962
18594,814.0,660.4435596542432,153.55644034575676
18602,1063.0,1095.5329588124375,-32.53295881243753
18603,1140.0,1220.494509454322,-80.49450945432204
18608,1065.0,1181.5099243065674,-116.50992430656743
18631,1380.0,1247.9793035315745,132.0206964684255
18676,1238.0,1185.7185145833078,52.28148541669225
18679,1405.0,1164.031147033513,240.96885296648702
18686,1490.0,1297.6806240037736,192.31937599622643
18691,595.0,684.6967635246907,-89.69676352469071
18704,858.0,736.5981456771644,121.40185432283556
18728,1205.0,1013.1581346836072,191.84186531639284
18733,685.0,708.5485056295822,-23.548505629582223
18734,935.0,890.3053798306441,44.69462016935586
18763,1215.0,1015.5510066152191,199.44899338478092
18774,900.0,680.5030282648415,219.49697173515847
18791,811.0,657.4504758815667,153.54952411843328
18859,1050.0,1140.7522315001474,-90.75223150014745
18892,860.0,725.9518714804203,134.04812851957968
18902,1040.0,1011.772667329261,28.227332670738974
18920,1085.0,1191.6430888729155,-106.64308887291554
18921,870.0,914.9419459998905,-44.94194599989055
18936,1620.0,1293.8102131344112,326.18978686558876
18955,690.0,664.15456658415,25.84543341585004
18964,1030.0,1016.2677017864522,13.732298213547779
18991,1410.0,1112.9738250793287,297.02617492067134
18995,1404.0,1287.297418827992,116.70258117200797
19003,992.0,1020.1091240769213,-28.109124076921262
19008,1305.0,1075.7752120113876,229.22478798861243
19034,855.0,1197.6221848719842,-342.62218487198425
19036,920.0,1030.7912257544665,-110.7912257544665
19048,710.0,695.9329377263639,14.067062273636111
19086,750.0,683.3356306506314,66.6643693493686
19093,1025.0,979.6242428174596,45.37575718254038
19097,650.0,669.0453373441087,-19.045337344108702
19108,1087.0,1068.506655042234,18.493344957766112
19112,1520.0,1230.2975292182598,289.7024707817402
19130,825.0,810.2760388818283,14.723961118171701
19136,1505.0,1239.748755160212,265.2512448397879
19153,1124.0,1013.1581346836072,110.84186531639284
19157,1195.0,1005.1996763404079,189.8003236595921
19191,1105.0,1150.6522165638955,-45.652216563895536
19192,730.0,737.4964233667419,-7.496423366741851
19218,1170.0,1163.5618005863228,6.438199413677239
19219,720.0,687.3209991068105,32.67900089318948
19241,814.0,641.5960899655047,172.4039100344953
19269,1345.0,1102.5077160895082,242.49228391049178
19275,845.0,714.9091727857237,130.09082721427626
19296,1240.0,1075.1561028317285,164.8438971682715
19368,1340.0,1207.9164406896448,132.0835593103552
19380,1290.0,1251.9837165046017,38.016283495398284
19393,925.0,733.7685722246908,191.23142777530916
19398,1390.0,1165.8438933729637,224.15610662703625
19403,1290.0,1261.7673865995605,28.232613400439504
19417,1334.0,1249.3222078939812,84.67779210601884
19419,1465.0,1245.7128378235468,219.2871621764532
19443,1407.0,1176.6316431238054,230.36835687619464
19444,1080.0,1214.2550525000718,-134.25505250007177
19451,814.0,676.9917422809798,137.0082577190202
19459,933.0,734.7755952368323,198.22440476316774
19472,620.0,674.5510436531727,-54.551043653172655
19485,1205.0,1121.2254558132713,83.77454418672869
19495,1190.0,1012.1808526859782,177.81914731402185
19507,1140.0,1055.2582026951218,84.74179730487822
19509,1210.0,1232.8115388609874,-22.81153886098741
19512,901.0,1092.9415014561641,-191.94150145616413
19542,1114.0,1181.7650136550033,-67.76501365500326
19566,1445.0,1192.3441268951758,252.6558731048242
19583,1360.0,1257.9775183157296,102.02248168427036
19584,856.0,723.9660765226554,132.03392347734462
19592,860.0,737.9639508320521,122.03604916794791
19597,1317.0,1259.811218218123,57.18878178187697
19599,1370.0,1267.864690781575,102.13530921842494
19601,1201.0,1221.4735724826833,-20.473572482683267
19627,1235.0,1210.7786763302288,24.22132366977121
19639,1160.0,1092.8407915005205,67.15920849947952
19664,760.0,698.8803827676197,61.11961723238028
19676,1570.0,1290.2343708789429,279.76562912105715
19678,670.0,716.5741034432556,-46.57410344325558
19682,685.0,1033.803194914965,-348.80319491496493
19730,1130.0,1003.0381234651937,126.96187653480627
19760,620.0,655.5474220834118,-35.54742208341179
19773,1160.0,1082.34834598266,77.65165401733998
19804,980.0,1107.523644200443,-127.52364420044296
19813,1135.0,984.7311412321029,150.2688587678971
19845,950.0,739.5042661464424,210.49573385355757
19862,1325.0,1282.818808708983,42.18119129101706
19891,1450.0,1310.1092872223146,139.8907127776854
19904,1032.0,992.6352682256377,39.364731774362326
19909,895.0,1084.0966602799851,-189.09666027998514
19919,770.0,710.078559629154,59.92144037084597
19937,640.0,635.337875346756,4.66212465324395
19949,1240.0,1168.669391828446,71.3306081715541
19970,1250.0,1034.7427425142007,215.2572574857993
19993,1350.0,1241.8386581445823,108.16134185541773
20001,1014.0,947.018115474512,66.981884525488
20002,875.0,671.376720194065,203.623279805935
20041,720.0,657.4048718779457,62.59512812205435
20095,1180.0,1076.0924044531482,103.90759554685178
20114,1080.0,923.513122981703,156.48687701829704
20120,1155.0,1108.809820656202,46.190179343798036
20122,1160.0,1125.2873122093768,34.71268779062325
20123,1145.0,1078.128709386912,66.87129061308792
20126,1265.0,1140.482100351808,124.51789964819204
20153,1005.0,1056.4850861405826,-51.48508614058255
20172,615.0,629.5889950797333,-14.588995079733309
20181,1632.0,1158.857973950557,473.1420260494431
20183,795.0,648.5318631041415,146.4681368958585
20220,1065.0,1081.5082784691135,-16.50827846911352
20223,1265.0,1186.4600937438488,78.5399062561512
20231,1083.0,1039.7448309970484,43.25516900295156
20238,1235.0,1107.0096155949036,127.99038440509639
20287,1515.0,1169.4669417095738,345.5330582904262
20293,1230.0,979.6242428174596,250.37575718254038
20301,1335.0,1145.7409991681766,189.2590008318234
20319,1460.0,1070.3536313835145,389.64636861648546
20349,1113.0,985.571279137428,127.42872086257205
20370,1120.0,1219.0899879997417,-99.08998799974165
20392,1085.0,712.2153650374125,372.78463496258746
20404,588.0,685.0192784645789,-97.01927846457886
20421,790.0,1036.8099926341347,-246.8099926341347
20423,1615.0,1211.3640926539663,403.6359073460337
20499,1145.0,1175.6487195589136,-30.648719558913626
20515,1240.0,1223.2954450521502,16.70455494784983
20543,1425.0,1189.9285467892948,235.07145321070516
20561,765.0,673.6729098842585,91.3270901157415
20571,1235.0,1133.8606070644098,101.1393929355902
20573,830.0,997.0605284074218,-167.06052840742177
20603,1198.0,1269.7512421238005,-71.75124212380047
20622,770.0,700.2272617015572,69.77273829844285
20643,1130.0,1044.0315772171716,85.96842278282838
20646,870.0,993.6982881068176,-123.69828810681759
20675,790.0,687.8649069367652,102.13509306323476
20676,825.0,615.7487580814172,209.25124191858276
20678,615.0,699.1295107066468,-84.12951070664678
20679,1260.0,1126.4390723616714,133.56092763832862
20690,870.0,740.1238028439058,129.87619715609424
20699,1145.0,1074.5272568653209,70.47274313467915
20736,700.0,750.7985602074915,-50.798560207491505
20750,710.0,565.8062674306991,144.1937325693009
20781,1195.0,1127.4114433886257,67.58855661137432
20783,1130.0,877.2761419598567,252.72385804014334
20791,1290.0,1055.9364953237243,234.06350467627567
20793,575.0,650.131699966418,-75.13169996641795
20796,1350.0,1148.5148993284558,201.48510067154416
20802,1169.0,1155.247208805649,13.752791194350948
20809,940.0,969.1810148029945,-29.18101480299447
20816,1100.0,1116.8084022062283,-16.808402206228266
20820,740.0,649.7380254884874,90.26197451151256
20827,620.0,544.6415371359224,75.35846286407764
20830,1250.0,1132.4542222513164,117.54577774868358
20845,760.0,734.8460456100315,25.153954389968476
20858,1325.0,1267.1967231342687,57.80327686573128
20873,1355.0,1033.4666975360756,321.53330246392443
20931,1355.0,1215.7189436400006,139.2810563599994
20962,654.0,550.4685737795174,103.53142622048256
20964,870.0,873.8072627229601,-3.807262722960104
20969,1021.0,1131.358516528611,-110.35851652861106
21016,622.0,660.6512040776819,-38.65120407768188
21028,530.0,583.4792753998604,-53.4792753998604
21051,1398.0,1209.3753888517558,188.62461114824418
21075,519.0,693.2884978207509,-174.28849782075088
21083,1360.0,1263.9435890844732,96.05641091552684
21132,641.0,576.6769017513203,64.32309824867968
21134,795.0,696.7831995815972,98.21680041840284
21150,1075.0,1014.2237795117155,60.77622048828448
21154,753.0,680.1141630759942,72.88583692400584
21155,1435.0,1194.0081523705126,240.99184762948744
21191,1110.0,955.6697097393004,154.3302902606996
21197,663.0,631.1065445084471,31.893455491552913
21200,1325.0,1271.6233995411756,53.37660045882444
21230,1445.0,1156.083095909472,288.9169040905281
21232,1445.0,1196.4295886729549,248.57041132704512
21235,1240.0,1135.8902381308942,104.1097618691058
21240,755.0,701.4487699885094,53.55123001149059
21256,1135.0,1117.2193025741042,17.780697425895823
21260,1422.0,1192.829034332035,229.170965667965
21267,945.0,714.2097828726514,230.79021712734857
21290,660.0,695.1772247233296,-35.17722472332957
21336,1100.0,918.6560817649201,181.34391823507985
21348,1220.0,1208.384188540365,11.615811459635097
21376,1230.0,1194.1965530418247,35.8034469581753
21453,1131.0,1168.4081912185063,-37.40819121850632
21458,1506.0,1191.2280761259763,314.77192387402374
21469,1257.0,1201.588638202248,55.41136179775208
21482,848.0,1021.0832198097244,-173.08321980972437
21489,1113.0,1172.3104239380912,-59.31042393809116
21542,1312.0,1213.4620405107212,98.53795948927882
21556,922.0,710.8788813230437,211.12111867695626
21566,1845.0,1045.5005726064032,799.4994273935968
21576,1170.0,1087.4828634248463,82.5171365751537
21577,688.0,631.0530504245295,56.94694957547051
21583,1350.0,1190.0004241821425,159.99957581785748
21629,1310.0,1158.8696823974196,151.13031760258036
21641,1000.0,1057.7827410033237,-57.782741003323736
21682,975.0,667.6594645728353,307.3405354271647
21695,1329.0,1272.7095540074158,56.29044599258418
21707,1360.0,1159.8220331083833,200.17796689161673
21743,1225.0,1068.2143582322515,156.78564176774853
21769,820.0,961.4443285915918,-141.44432859159178
21776,670.0,641.5110796989264,28.488920301073563
21793,1285.0,1191.7378600747275,93.26213992527255
21800,955.0,1031.042070872387,-76.04207087238706
21834,785.0,737.8466811897723,47.15331881022769
21852,570.0,616.210821053026,-46.21082105302605
21863,958.0,738.5580078907209,219.4419921092791
21866,640.0,681.7301118622496,-41.7301118622496
21868,1233.0,1048.6321424734465,184.3678575265535
21884,1130.0,994.2470834421947,135.7529165578053
21894,862.0,1230.012228847112,-368.01222884711206
21913,1065.0,1044.7774624304022,20.222537569597762
21915,504.0,613.7395961281492,-109.73959612814917
21947,1170.0,1011.7405738064682,158.2594261935318
21949,765.0,664.1836407241526,100.81635927584739
21986,805.0,669.3653813463332,135.63461865366685
22070,1220.0,1089.9287785830002,130.07122141699983
22094,1295.0,1280.6918175634278,14.308182436572224
22104,810.0,833.3982184966316,-23.398218496631557
22114,695.0,632.9693929807702,62.03060701922982
22132,1091.0,1004.2307185858615,86.7692814141385
22133,750.0,706.6149796938819,43.38502030611812
22157,760.0,1125.7441532648782,-365.74415326487815
22161,1235.0,1137.5255869347025,97.47441306529754
22193,773.0,698.8075830224327,74.19241697756729
22203,1035.0,950.6409401858099,84.35905981419012
22204,740.0,696.363793884026,43.636206115974005
22207,790.0,669.4045070997572,120.59549290024279
22212,760.0,649.3735649355506,110.62643506444942
22213,620.0,684.088344071959,-64.088344071959
22222,1310.0,1285.1878487602933,24.812151239706736
22264,1465.0,1218.432260945465,246.56773905453497
22291,1451.0,1191.3218870610165,259.67811293898353
22292,543.0,720.3146569411309,-177.31465694113092
22296,1165.0,1201.189086750196,-36.18908675019611
22300,1180.0,1105.638135818275,74.36186418172497
22321,730.0,614.4707445604465,115.52925543955348
22338,1350.0,1168.5698051290394,181.43019487096058
22340,1093.0,743.7041369510384,349.29586304896156
22359,1215.0,1157.5759738390796,57.42402616092045
22360,765.0,733.9761101057479,31.02388989425208
22362,1275.0,1222.7734259030212,52.226574096978766
22385,825.0,715.7758438906285,109.2241561093715
22401,1298.0,1133.2385768788668,164.76142312113325
22411,915.0,996.1282268740198,-81.12822687401979
22426,1310.0,1086.207244861438,223.79275513856192
22448,1369.0,1285.2200615104043,83.77993848959568
22450,1080.0,1182.2325997207447,-102.2325997207447
22465,1010.0,741.4881577502534,268.51184224974656
22475,1325.0,1257.8765051022222,67.12349489777785
22478,705.0,547.220678166561,157.77932183343898
22492,1375.0,1084.6032473068567,290.3967526931433
22507,562.0,694.9312928728482,-132.9312928728482
22508,651.0,725.3121143270693,-74.31211432706925
22525,710.0,678.8443515025947,31.15564849740531
22528,1270.0,1267.3442413835544,2.6557586164456097
22550,600.0,578.3251994820711,21.67480051792893
22604,770.0,735.4402046737825,34.559795326217454
22606,1170.0,1143.4867832312527,26.51321676874727
22627,940.0,925.1304569728997,14.869543027100349
22635,1130.0,1084.051551633955,45.94844836604511
22643,840.0,743.9664019740088,96.03359802599118
22655,1330.0,1263.708208580462,66.29179141953796
22671,725.0,675.7544997979188,49.24550020208119
22689,1590.0,1266.585185863395,323.41481413660495
22690,1200.0,1246.9228979392954,-46.92289793929535
22693,870.0,1206.6094857760704,-336.6094857760704
22703,1150.0,1238.9693320889162,-88.96933208891619
22714,710.0,674.4389482888482,35.56105171115178
22733,620.0,573.7000601235463,46.299939876453664
22735,850.0,662.1414074947273,187.85859250527267
22750,720.0,691.6101751204422,28.38982487955775
22772,1195.0,1099.7939946154204,95.20600538457961
22774,955.0,1031.9650100084152,-76.96501000841522
22789,1180.0,1171.568850321281,8.431149678719066
22802,730.0,587.1328371972796,142.86716280272037
22814,631.0,614.2037945163202,16.79620548367984
22837,1575.0,1243.832613409795,331.16738659020507
22855,849.0,978.0185600776823,-129.0185600776823
22866,860.0,684.757737896124,175.242262103876
22876,790.0,1096.6045636689753,-306.6045636689753
22893,625.0,595.2864651267026,29.713534873297363
22914,782.0,624.0211420780987,157.9788579219013
22918,675.0,658.6100402374921,16.389959762507942
22934,743.0,659.0293904842013,83.97060951579874
22943,860.0,694.2483634603245,165.75163653967547
22957,1180.0,1225.876212711737,-45.876212711737026
22980,1395.0,1280.8022967387749,114.19770326122512
22985,700.0,662.7697433528463,37.23025664715374
22990,1504.0,1223.9322305361557,280.06776946384434
23004,1320.0,1174.6482115307779,145.35178846922213
23046,1118.0,1163.8807756371818,-45.88077563718184
23051,840.0,733.6080473975761,106.39195260242388
23066,720.0,621.16667826452,98.83332173548001
23095,895.0,644.1882102736154,250.81178972638463
23098,785.0,638.4032758268098,146.59672417319018
23115,1490.0,878.0950027153816,611.9049972846184
23152,891.0,689.703962226726,201.29603777327395
23157,1165.0,1163.5087137449193,1.491286255080695
23191,992.0,1248.9754970489018,-256.97549704890184
23202,1750.0,1295.3752642482063,454.62473575179365
23215,1375.0,1242.233848948298,132.76615105170208
23224,1162.0,1142.9250214939086,19.074978506091384
23234,655.0,636.1955855613691,18.804414438630943
23262,1290.0,979.6754385362365,310.32456146376353
23275,637.0,694.8894701440408,-57.88947014404084
23299,723.0,714.0799901085735,8.920009891426503
23300,1360.0,1249.0573721070248,110.94262789297522
23318,1095.0,1017.6116267672239,77.38837323277608
23326,1504.0,1121.9605579347822,382.0394420652178
23354,1195.0,1142.5873564437552,52.4126435562448
23369,595.0,670.3816819769144,-75.38168197691436
23380,1135.0,920.7845823771905,214.21541762280947
23395,1390.0,1148.051509618182,241.94849038181792
23421,1110.0,1053.6971350048998,56.30286499510021
23426,1230.0,1085.8219153269083,144.1780846730917
23464,1132.0,1135.6456930886163,-3.6456930886163263
23477,1020.0,1132.2407111852795,-112.24071118527945
23485,683.0,636.0811451628907,46.91885483710928
23490,1020.0,1000.4730707597519,19.526929240248137
23493,710.0,687.9500107463826,22.049989253617355
23498,1100.0,988.6764877193328,111.32351228066716
23507,1270.0,1147.3886529543183,122.61134704568167
23523,1100.0,967.0549328321191,132.9450671678809
23542,1190.0,1133.4727330191733,56.52726698082665
23594,1070.0,985.4378078951529,84.5621921048471
23600,1240.0,1048.6321424734465,191.3678575265535
23624,1215.0,1097.782603752234,117.21739624776592
23652,1270.0,1042.861660169677,227.13833983032305
23665,771.0,1165.3357589431207,-394.3357589431207
23671,1365.0,1086.9487088894264,278.05129111057363
23697,1260.0,1029.4740156505177,230.52598434948231
23713,1420.0,1048.7127343693278,371.2872656306722
23731,1375.0,1159.4476922895299,215.55230771047013
23778,1267.0,1189.5783121441568,77.42168785584317
23784,1505.0,1126.0317280496818,378.96827195031824
23794,940.0,736.9490852850123,203.0509147149877
23827,1350.0,1221.895643572557,128.104356427443
23840,700.0,675.9200559978989,24.079944002101115
23856,953.0,692.005327315288,260.994672684712
23894,1140.0,1142.4212868285267,-2.4212868285267177
23904,1625.0,1284.6115576391435,340.3884423608565
23918,630.0,674.6831548696608,-44.683154869660825
23923,960.0,1056.4210807911873,-96.42108079118725
23927,593.0,594.5033153929911,-1.5033153929911123
23934,1490.0,1151.1060074330755,338.89399256692445
23935,1003.0,1183.9924430440274,-180.99244304402737
23940,1333.0,1145.8322258052385,187.16777419476148
23967,1010.0,1085.2566732843686,-75.25667328436862
23974,1110.0,958.7512459340709,151.24875406592912
23996,1230.0,1045.5283927399391,184.47160726006086
24002,1350.0,1185.6426863855409,164.35731361445914
24005,1445.0,1103.8885458279924,341.1114541720076
24022,1115.0,1160.728474424566,-45.728474424566
24047,1440.0,1155.2279166331064,284.77208336689364
24055,750.0,650.722950223978,99.27704977602195
24058,1281.0,1198.3202548295615,82.67974517043854
24073,700.0,670.7607553396041,29.23924466039591
24080,720.0,656.634223884244,63.365776115756034
24091,1240.0,1152.1766991902077,87.82330080979227
24102,1007.0,1042.4378516675824,-35.437851667582436
24110,1190.0,1102.109512322342,87.89048767765803
24113,1600.0,1149.420418746436,450.5795812535639
24129,650.0,598.4799816890911,51.52001831090888
24156,1645.0,1199.6079640762268,445.39203592377316
24168,980.0,992.2697471289354,-12.269747128935364
24170,1320.0,1109.438127030936,210.5618729690641
24178,1130.0,1025.9717156011784,104.0282843988216
24203,882.0,661.1354673436003,220.86453265639966
24216,985.0,1181.5686571549065,-196.56865715490653
24253,1110.0,1113.603799666879,-3.603799666879013
24265,670.0,584.6630939747945,85.33690602520551
24281,830.0,686.3590957035502,143.64090429644978
24298,869.0,724.2902225278482,144.7097774721518
24302,849.0,964.1242062841408,-115.12420628414077
24331,1043.0,1096.3507164099249,-53.35071640992487
24332,1345.0,1132.8842105229355,212.11578947706448
24362,690.0,547.1416963215408,142.85830367845915
24366,1035.0,1004.4252675861835,30.57473241381649
24370,1257.0,1222.5223545422846,34.477645457715425
24379,630.0,692.5769439651482,-62.57694396514819
24426,1075.0,1012.6327512228492,62.36724877715085
24436,525.0,713.957961801019,-188.957961801019
24462,1000.0,1031.0106811208275,-31.010681120827485
24465,1200.0,1078.3089335720579,121.69106642794213
24480,1376.0,1196.6634690037129,179.33653099628714
24487,1438.0,1158.2156060948182,279.7843939051818
24518,655.0,690.8605097737781,-35.86050977377806
24524,1180.0,1143.1570794223367,36.842920577663335
24534,610.0,583.2983516590353,26.701648340964653
24535,1200.0,1169.5828395277863,30.41716047221371
24536,1340.0,1278.2163947641864,61.78360523581364
24539,760.0,698.250181495519,61.74981850448103
24540,667.0,619.1673253324876,47.83267466751238
24546,1133.0,968.7546367441216,164.24536325587837
24582,880.0,1004.531516542653,-124.53151654265298
24585,1190.0,1035.4577286635397,154.54227133646032
24598,1025.0,944.3856380644377,80.61436193556233
24603,1100.0,1043.336757239266,56.663242760733965
24629,935.0,1068.927271238449,-133.92727123844907
24643,1640.0,1200.0266619283677,439.97333807163227
24649,1345.0,1143.6613412468091,201.33865875319088
24653,1200.0,1283.8806371244864,-83.88063712448638
24662,691.0,683.9157340344586,7.084265965541363
24689,1055.0,945.4019715132052,109.59802848679476
24702,1080.0,1233.8478580737878,-153.84785807378785
24719,1200.0,1203.162811853461,-3.1628118534611076
24731,920.0,707.5093729504215,212.4906270495785
24757,835.0,658.2492383689918,176.75076163100823
24772,1438.0,1177.7472614636854,260.2527385363146
24784,1120.0,1056.2028339216786,63.797166078321425
24810,1310.0,1228.658139836608,81.34186016339208
24811,640.0,715.7670267578584,-75.76702675785839
24823,1015.0,1117.2938158235565,-102.29381582355654
24832,1235.0,1062.2568759636283,172.74312403637168
24842,1315.0,1217.624395091803,97.37560490819692
24894,1160.0,1125.964890648395,34.03510935160489
24908,1230.0,1048.0136617683313,181.9863382316687
24912,870.0,1013.5600711883479,-143.56007118834793
24916,1510.0,1249.3364524640158,260.6635475359842
24922,610.0,680.615234785142,-70.61523478514198
24943,1005.0,941.1565171686078,63.84348283139218
24955,1290.0,1134.50833886421,155.49166113579008
24966,1284.0,1265.8834550676895,18.11654493231049
24970,442.0,534.3041967751135,-92.3041967751135
24990,1290.0,1101.7778139447137,188.22218605528633
24994,1315.0,932.5264287003478,382.47357129965224
25017,725.0,911.9198937668656,-186.91989376686558
25033,790.0,635.0027545148228,154.99724548517725
25051,1575.0,1208.2893643097564,366.71063569024363
25068,655.0,695.0345634592368,-40.03456345923678
25075,1380.0,1160.3001763349941,219.69982366500585
25146,1260.0,1224.9472097071216,35.0527902928784
25155,1220.0,1122.3664395076175,97.63356049238246
25176,953.0,732.4641394592006,220.53586054079938
25190,965.0,736.823284426254,228.17671557374604
25192,1400.0,1217.563450940125,182.436549059875
25203,1540.0,1161.3593171725736,378.6406828274264
25205,930.0,1030.9360797810696,-100.93607978106957
25215,1330.0,1156.859076954711,173.1409230452889
25229,905.0,693.8787107715318,211.12128922846819
25236,1220.0,1017.2842735842761,202.7157264157239
25247,1180.0,984.6407593031576,195.35924069684245
25259,770.0,692.6027876000812,77.39721239991877
25290,950.0,664.4201855943521,285.5798144056479
25306,695.0,648.2105959681369,46.789404031863114
25312,1200.0,1212.1812870932663,-12.181287093266292
25331,1040.0,1163.205057596504,-123.20505759650405
25359,610.0,693.9484087691718,-83.9484087691718
25369,806.0,748.5030966092885,57.49690339071151
25381,1110.0,1079.7033780276645,30.296621972335515
25383,568.0,1085.7376718607486,-517.7376718607486
25393,1170.0,1183.6930476857656,-13.693047685765578
25406,1153.0,1041.4971511762799,111.50284882372011
25469,1030.0,1273.256507385927,-243.25650738592708
25478,600.0,730.4213899315749,-130.42138993157494
25483,1070.0,994.8085730734517,75.19142692654827
25492,708.0,571.0431132568219,136.95688674317807
25506,1172.0,1096.1184307782692,75.88156922173084
25510,690.0,705.7008034130846,-15.7008034130846
25515,1025.0,1202.5891886206216,-177.5891886206216
25528,1068.0,731.3290270369207,336.6709729630793
25546,1155.0,1025.3908552698033,129.6091447301967
25554,1245.0,1129.945502075929,115.05449792407103
25565,1095.0,754.7644997343533,340.2355002656467
25569,1626.0,1229.399595437597,396.6004045624029
25579,1341.0,1139.1618507323622,201.83814926763785
25580,610.0,733.6521554073353,-123.65215540733527
25603,1190.0,1254.1790258812184,-64.17902588121842
25614,871.0,616.9787177571674,254.02128224283263
25625,1125.0,1033.56288667714,91.43711332285989
25634,841.0,875.5891083969809,-34.58910839698092
25639,875.0,1038.2014718476585,-163.20147184765847
25656,650.0,656.2229773052807,-6.222977305280665
25674,910.0,736.0365544148876,173.96344558511237
25704,1270.0,1054.9283036733314,215.07169632666864
25709,1310.0,1226.4681890329257,83.5318109670743
25724,1410.0,1273.0887206084617,136.9112793915383
25729,1202.0,1101.5561675780418,100.44383242195818
25779,1355.0,1266.9637519804135,88.03624801958654
25780,1135.0,1178.7607107283986,-43.760710728398635
25805,1147.0,1204.097448332734,-57.097448332734075
25817,1500.0,1217.0064554698681,282.9935445301319
25846,730.0,658.6417213703097,71.35827862969029
25847,948.0,1069.795122532366,-121.7951225323659
25851,1210.0,1075.0430059075543,134.9569940924457
25893,1378.0,1065.3325911937368,312.6674088062632
25919,1316.0,1161.0949125240402,154.90508747595982
25954,1515.0,1192.2915561550344,322.7084438449656
25965,1014.0,1078.1539196364574,-64.15391963645743
25975,670.0,666.1919720700171,3.808027929982927
25980,1130.0,1216.948239358638,-86.94823935863792
25989,1020.0,946.0899386925194,73.91006130748065
26014,910.0,646.5467270942198,263.4532729057802
26022,1015.0,1082.3290646676617,-67.32906466766167
26023,678.0,626.1792629043537,51.82073709564634
26038,1435.0,1303.368101006006,131.6318989939939
26069,650.0,680.2056492820474,-30.205649282047375
26075,1160.0,1147.0857522212093,12.914247778790696
26103,1385.0,1273.2532350981942,111.74676490180582
26153,1180.0,1215.9980122662614,-35.99801226626141
26159,1185.0,1143.8605501843888,41.139449815611215
26162,1380.0,1259.4757685068869,120.52423149311312
26171,726.0,648.0374856772415,77.96251432275847
26198,925.0,629.5934240879393,295.4065759120607
26246,1085.0,1238.779194038831,-153.77919403883106
26254,740.0,637.2900612944454,102.70993870555458
26262,750.0,1044.8992807470377,-294.89928074703766
26303,1140.0,1084.0168517327581,55.98314826724186
26315,1070.0,1049.2939324834567,20.70606751654327
26338,695.0,716.5358844599134,-21.535884459913404
26354,703.0,611.1793416738719,91.82065832612807
26413,1175.0,1096.0071746281294,78.9928253718706
26414,985.0,989.6542795067876,-4.654279506787589
26449,1095.0,1022.282088662178,72.71791133782199
26452,575.0,628.3876852120694,-53.387685212069414
26468,740.0,665.9681235123534,74.03187648764663
26514,1261.0,1098.7030574527273,162.2969425472727
26536,910.0,710.4760293764057,199.52397062359432
26539,1132.0,1090.469879557791,41.530120442208954
26579,767.0,684.5318252714766,82.46817472852342
26586,1224.0,1080.7967050347502,143.20329496524982
26611,1100.0,1031.1489850367625,68.8510149632375
26619,1047.0,1015.9634685451705,31.036531454829515
26634,1110.0,1087.4403716059016,22.559628394098354
26682,959.0,956.2633810975766,2.7366189024234018
26704,772.0,710.8614524767728,61.1385475232272
26733,1515.0,1193.8033501540517,321.1966498459483
26736,1105.0,1058.5460928364153,46.453907163584745
26739,801.0,697.7079640531311,103.29203594686885
26752,1070.0,1074.8974172024614,-4.897417202461384
26765,1225.0,1214.9672668890585,10.032733110941535
26782,739.0,656.7951169304525,82.20488306954746
26789,1280.0,1206.6432728421987,73.35672715780129
26827,745.0,639.4268293703398,105.57317062966024
26831,750.0,658.098341278816,91.90165872118405
26837,810.0,742.274653236695,67.72534676330497
26891,1272.0,1255.3838012912438,16.6161987087562
26895,800.0,637.5302532511956,162.46974674880437
26914,1005.0,1212.6067319268902,-207.60673192689023
26928,1240.0,1020.9459865423576,219.05401345764244
26942,855.0,721.9364318849704,133.06356811502963
26992,1153.0,1064.3675973035788,88.6324026964212
27061,723.0,741.9683059794971,-18.96830597949713
27065,1320.0,966.399895670328,353.60010432967204
27074,1040.0,925.2052017671741,114.79479823282588
27088,734.0,628.7308600069634,105.26913999303656
27090,570.0,615.6571837717148,-45.65718377171481
27097,1430.0,1143.6806121755837,286.31938782441625
27099,1300.0,1142.1885263709846,157.81147362901538
27108,1340.0,1172.862811085931,167.13718891406893
27148,1058.0,1170.6091443769963,-112.60914437699626
27150,1320.0,1136.5180928089396,183.48190719106037
27178,750.0,980.0907240016599,-230.09072400165985
27196,742.0,674.3354717008627,67.66452829913726
27199,1405.0,1284.5872642380234,120.41273576197659
27214,870.0,947.2135270883139,-77.21352708831387
27217,1056.0,1249.7976979233952,-193.79769792339516
27268,826.0,680.9237835716868,145.07621642831316
27315,1250.0,1033.735714551415,216.26428544858504
27322,749.0,622.1860282126281,126.81397178737188
27325,638.0,630.5362639229937,7.463736077006274
27331,800.0,638.2840925470475,161.71590745295248
27338,900.0,915.940647806223,-15.940647806222955
27397,1280.0,1072.634177218027,207.36582278197307
27404,860.0,948.2553999214982,-88.25539992149822
27409,854.0,694.318282664488,159.68171733551196
27450,988.0,1089.1190684873561,-101.11906848735612
27453,1110.0,1141.9606592496027,-31.960659249602713
27455,645.0,718.1422491378304,-73.14224913783039
27461,1090.0,1137.70227619465,-47.70227619465004
27463,945.0,986.1095795077559,-41.10957950775594
27497,1010.0,723.5871109612406,286.41288903875943
27501,1190.0,1281.0650400417062,-91.0650400417062
27534,1160.0,1171.4118031633316,-11.41180316333157
27543,710.0,661.8893227400098,48.11067725999021
27598,1563.0,1249.7976979233952,313.20230207660484
27604,635.0,695.2496374360181,-60.24963743601813
27614,1179.0,1129.9725078082033,49.02749219179668
27622,1130.0,1088.5966853740206,41.40331462597942
27626,582.0,697.9047995606529,-115.90479956065292
27627,1170.0,1177.3747603512033,-7.374760351203349
27634,1190.0,1023.8653692895855,166.1346307104145
27672,540.0,650.4297794597651,-110.42977945976509
27723,1325.0,1189.9285467892948,135.07145321070516
27736,575.0,638.1784184798853,-63.178418479885295
27770,876.0,965.8475587580343,-89.84755875803432
27782,1160.0,1155.1956185499757,4.804381450024266
27793,962.0,1006.2676344795258,-44.26763447952578
27795,795.0,738.4142216756434,56.585778324356625
27834,680.0,705.3151519735767,-25.31515197357669
27857,1040.0,1096.549407212065,-56.549407212065034
27873,1180.0,1092.3728439452984,87.62715605470157
27974,1323.0,1164.179780645331,158.820219354669
27983,1635.0,1286.3605289936263,348.6394710063737
27992,1040.0,1171.2622095009115,-131.26220950091147
28003,1545.0,1101.828973635834,443.171026364166
28005,1363.0,1268.9258338994096,94.07416610059045
28040,1625.0,1271.0292566824064,353.9707433175936
28053,1290.0,1136.392214998876,153.60778500112406
28080,1378.0,1208.786095844465,169.21390415553492
28116,835.0,1034.9767499374545,-199.97674993745454
28127,1170.0,1196.2032913173523,-26.203291317352296
28132,819.0,660.6105206641323,158.3894793358677
28138,967.0,726.7045824981426,240.2954175018574
28139,685.0,646.2405124896989,38.75948751030114
28141,1487.0,705.1273146621148,781.8726853378852
28145,1279.0,1179.786043050987,99.21395694901298
28150,1105.0,1005.2060129712031,99.79398702879689
28151,590.0,675.8673353384266,-85.86733533842664
28166,1058.0,1078.8645021103302,-20.86450211033025
28186,564.0,641.8760551123958,-77.87605511239576
28190,1075.0,1084.7936362035316,-9.793636203531605
28196,1040.0,828.5288336433297,211.47116635667032
28221,1305.0,1162.732058949847,142.267941050153
28222,1295.0,1057.1608062696137,237.83919373038634
28237,770.0,917.6748692597156,-147.6748692597156
28241,851.0,715.3270257410257,135.67297425897425
28303,980.0,1005.4718294723709,-25.471829472370928
28322,715.0,675.5204591627802,39.479540837219815
28335,1185.0,1116.8350070598226,68.1649929401774
28343,709.0,697.0782162234759,11.92178377652408
28347,760.0,632.2274674917,127.77253250829995
28385,1170.0,1047.248317631107,122.75168236889294
28388,1091.0,1243.3751384458803,-152.37513844588034
28396,745.0,686.8809732784524,58.119026721547584
28403,850.0,707.2117748698811,142.78822513011892
28449,1095.0,1267.9157932420298,-172.91579324202985
28456,820.0,674.008818629774,145.99118137022595
28463,560.0,555.3574664410918,4.642533558908212
28521,862.0,647.4185967418259,214.58140325817408
28522,1263.0,1125.964890648395,137.0351093516049
28538,1480.0,1207.968163283432,272.031836716568
28549,1090.0,1167.6087323432769,-77.60873234327687
28587,702.0,613.7946667491137,88.20533325088627
28628,1150.0,988.1509080486587,161.84909195134128
28637,1268.0,1233.479660276988,34.52033972301206
28668,571.0,595.2182947964535,-24.218294796453506
28669,1110.0,1018.1007744014742,91.89922559852585
28693,1113.0,1107.129273856475,5.870726143524962
28707,1055.0,946.9302316075257,108.06976839247432
28718,1350.0,1189.0680151082213,160.9319848917787
28719,1120.0,1145.9612331301566,-25.961233130156643
28764,1320.0,1080.1879954999704,239.81200450002962
28780,1140.0,1084.0224920940764,55.97750790592363
28790,1160.0,1186.9609390774433,-26.9609390774433
28817,871.0,924.997547873594,-53.997547873594044
28874,1245.0,1067.3838323852092,177.6161676147908
28889,1160.0,1099.3496570325922,60.65034296740782
28890,1090.0,1138.6265584218047,-48.6265584218047
28893,742.0,672.9908993029418,69.00910069705822
28897,1190.0,1088.4452660150444,101.55473398495565
28902,1240.0,1096.8278143203481,143.17218567965188
28944,690.0,695.6834507174176,-5.6834507174176
28978,1285.0,1098.1408286540718,186.8591713459282
28997,1485.0,1210.9202868303141,274.0797131696859
29015,505.0,681.6844656896898,-176.68446568968977
29053,1180.0,1186.5327061656708,-6.532706165670788
29095,922.0,727.919114729595,194.08088527040502
29096,765.0,650.3407616534721,114.6592383465279
29122,1525.0,1100.7606299917072,424.2393700082928
29143,1390.0,1228.2093016771707,161.79069832282926
29151,868.0,663.6934363436728,204.30656365632717
29155,1395.0,1182.3083769165405,212.6916230834595
29197,670.0,636.845160389148,33.15483961085204
29217,474.0,680.615234785142,-206.61523478514198
29229,1215.0,1011.2915058693414,203.70849413065855
29239,1255.0,1266.3549612424583,-11.35496124245833
29283,1230.0,1255.2266542039492,-25.226654203949238
29297,800.0,649.0226106238407,150.9773893761593
29329,1135.0,1180.2147035933,-45.2147035933001
29359,707.0,766.8560558995948,-59.85605589959482
29372,1047.0,1105.638135818275,-58.63813581827503
29404,773.0,694.1744983252796,78.82550167472039
29488,1430.0,1238.9637505123517,191.03624948764832
29489,995.0,736.5213460774951,258.4786539225049
29517,1240.0,1140.5314361575217,99.46856384247826
29520,1085.0,954.6812669642826,130.3187330357174
29522,1283.0,1100.1308346078204,182.86916539217964
29580,1158.0,1026.2337621057857,131.76623789421433
29584,741.0,666.4236616521267,74.57633834787327
29598,1109.0,1116.9604766125128,-7.960476612512821
29609,1205.0,1169.3726584017083,35.62734159829165
29657,822.0,686.3579607604853,135.6420392395147
29704,1455.0,1202.8612294258796,252.13877057412037
29734,505.0,718.7424527882987,-213.7424527882987
29751,745.0,649.4712836423626,95.52871635763745
29796,1230.0,1023.8106732965047,206.18932670349534
29848,735.0,678.750924845985,56.24907515401503
29984,1082.0,1006.0788181412931,75.92118185870686
29987,610.0,562.3685080621658,47.6314919378342
30031,1000.0,1223.4537657290907,-223.45376572909072
30045,1015.0,1168.388391619925,-153.38839161992496
30062,575.0,697.8059596847235,-122.80595968472346
30096,1462.0,1170.4517038706056,291.54829612939443
30108,1385.0,1222.5142586246898,162.48574137531023
30116,1400.0,1284.3962296622258,115.60377033777422
30178,1310.0,1029.1047600548072,280.89523994519277
30187,1370.0,1106.741664556856,263.258335443144
30189,834.0,671.2174453715214,162.78255462847858
30215,610.0,694.1138820414585,-84.11388204145851
30220,646.0,673.937593955374,-27.93759395537404
30223,1180.0,1108.6132195110868,71.38678048891325
30242,1240.0,1289.6962412998444,-49.69624129984436
30257,1065.0,1183.4159101659159,-118.41591016591588
30276,1230.0,1029.879801694421,200.12019830557892
30283,1150.0,1168.6353697585334,-18.635369758533443
30300,940.0,1147.593560977346,-207.593560977346
30301,850.0,722.2282188943299,127.77178110567013
30305,645.0,657.350138027798,-12.350138027798039
30307,920.0,1093.4506040355443,-173.4506040355443
30314,655.0,651.1529225673399,3.8470774326600576
30338,1205.0,1157.1513666784208,47.8486333215792
30347,983.0,706.0413993895403,276.9586006104597
30362,870.0,1036.5713910980987,-166.57139109809873
30375,1255.0,1115.8252259844173,139.17477401558267
30408,1190.0,1206.1664870556033,-16.166487055603284
30441,1545.0,1192.3749207893663,352.62507921063366
30485,1060.0,1046.446885359545,13.553114640455078
30512,570.0,731.8713833714656,-161.87138337146564
30524,964.0,1086.3559054736218,-122.35590547362176
30532,720.0,601.032174966855,118.967825033145
30545,1040.0,721.6788832897017,318.32111671029827
30587,1195.0,1073.7823637302406,121.2176362697594
30588,1390.0,1149.927538789494,240.07246121050594
30592,1160.0,1083.6071547155086,76.39284528449139
30601,950.0,1159.6321749445428,-209.63217494454284
30606,1510.0,1114.0832645179282,395.9167354820718
30612,1435.0,1215.280829658023,219.7191703419769
30635,1150.0,1178.7504012854415,-28.750401285441512
30636,875.0,1171.4212533292985,-296.42125332929845
30661,750.0,695.7779664550123,54.22203354498765
30669,1150.0,1065.0050779881403,84.99492201185967
30673,1190.0,1108.5417437140682,81.45825628593184
30679,586.0,1178.6496705226616,-592.6496705226616
30705,1091.0,946.6287482428547,144.37125175714527
30711,750.0,686.0173235605612,63.98267643943882
30715,988.0,910.3351650524187,77.66483494758131
30721,720.0,670.8563364926264,49.14366350737362
30759,840.0,1025.591585831154,-185.5915858311539
30798,1030.0,1148.5250118159438,-118.5250118159438
30803,1495.0,1288.6202872639071,206.37971273609287
30825,1220.0,1099.2309443789256,120.76905562107436
30827,1180.0,1082.184775860221,97.81522413977905
30841,975.0,1011.1217744549476,-36.12177445494763
30874,1140.0,1084.8519035748427,55.14809642515729
30900,1040.0,1080.5901149851557,-40.59011498515565
30919,1150.0,1192.3448410229403,-42.34484102294027
30947,1030.0,985.9834445717944,44.016555428205606
30990,1365.0,1218.578975525975,146.421024474025
30999,1194.0,1130.5311484439758,63.46885155602422
31001,1115.0,1128.1228845593107,-13.122884559310705
31016,670.0,689.4219732378006,-19.421973237800557
31023,1120.0,1155.3123231686504,-35.31232316865044
31056,1175.0,1062.1380072780053,112.86199272199474
31111,960.0,929.0958593713644,30.90414062863556
31117,705.0,700.0950689693622,4.90493103063784
31153,1286.0,1078.5845562824852,207.4154437175148
31156,650.0,632.9751704171872,17.0248295828128
31183,1240.0,1169.429718548474,70.57028145152594
31188,1185.0,1219.3748657535239,-34.37486575352386
31210,1139.0,1000.7779399722016,138.22206002779842
31220,1130.0,1043.579877836536,86.42012216346393
31228,1025.0,1017.4332484583385,7.566751541661461
31242,925.0,993.2904286640664,-68.29042866406644
31267,1085.0,1022.8677080357837,62.13229196421628
31282,743.0,600.2163999276708,142.78360007232925
31324,825.0,924.1252805743054,-99.1252805743054
31330,590.0,674.1680000573135,-84.16800005731352
31358,1365.0,1064.429034994467,300.570965005533
31380,970.0,683.1305947594165,286.86940524058355
31385,1170.0,1119.3319096567434,50.66809034325661
31397,705.0,674.682990640946,30.317009359054055
31405,1250.0,1085.1014007663405,164.89859923365952
31409,840.0,1110.2925015716085,-270.29250157160845
31427,1115.0,1254.2193329995075,-139.21933299950751
31441,1050.0,983.8598623268424,66.1401376731576
31463,1420.0,1107.129273856475,312.87072614352496
31470,1054.0,1156.6443371931416,-102.64433719314161
31505,955.0,1025.30611096486,-70.30611096485995
31517,800.0,817.121787353745,-17.12178735374505
31549,825.0,695.4440991647465,129.5559008352535
31559,788.0,686.9087540413777,101.09124595862227
31574,1130.0,1136.4058164039025,-6.405816403902463
31599,1360.0,1112.8599687035096,247.1400312964904
31621,875.0,919.8076474739114,-44.8076474739114
31626,860.0,956.4694421776638,-96.46944217766384
31629,760.0,1080.6912008940124,-320.69120089401235
31631,1465.0,1162.8922978674686,302.10770213253136
31632,900.0,1090.3103208860875,-190.31032088608754
31634,1050.0,987.9694883755428,62.030511624457176
31648,985.0,742.2674555321985,242.73254446780152
31708,785.0,718.4744987006833,66.52550129931672
31751,1340.0,1167.8843600950815,172.11563990491845
31757,1433.0,1168.5847693531591,264.4152306468409
31783,995.0,721.4819354871074,273.5180645128926
31792,1040.0,1166.9677085438475,-126.9677085438475
31795,702.0,645.6182590618173,56.3817409381827
31807,820.0,692.7970678060068,127.2029321939932
31834,1220.0,1016.0670274190547,203.93297258094526
31858,1325.0,1226.9698600213594,98.03013997864059
31874,1330.0,1179.2432303688452,150.75676963115484
31954,1256.0,1192.5914856480808,63.408514351919166
31963,660.0,657.0100378322198,2.9899621677801633
31984,1390.0,1211.25616132272,178.7438386772801
32009,1109.0,1134.8257677794893,-25.825767779489297
32021,1180.0,1000.0143141820871,179.9856858179129
32028,1320.0,1039.7448309970484,280.25516900295156
32074,545.0,615.3385008004693,-70.33850080046932
32099,830.0,1012.7938476547149,-182.7938476547149
32141,738.0,873.8287161204546,-135.8287161204546
32142,1082.0,902.3670727375036,179.63292726249642
32145,955.0,1164.7488391634895,-209.7488391634895
32158,1070.0,989.5389893260101,80.4610106739899
32245,1460.0,1154.9359401109298,305.0640598890702
32250,1274.0,1128.380521060444,145.61947893955607
32259,1080.0,998.7337635747116,81.26623642528841
32310,615.0,694.1913162308488,-79.19131623084877
32322,1380.0,1190.6950175238999,189.30498247610012
32343,1070.0,1002.0138527942959,67.98614720570413
32359,1408.0,1285.9299578856978,122.07004211430217
32383,730.0,697.9047995606529,32.09520043934708
32385,915.0,915.5104044255972,-0.510404425597244
32391,1030.0,1192.8330787139605,-162.8330787139605
32424,975.0,1113.0908730379858,-138.09087303798583
32453,1425.0,1175.0689943645616,249.9310056354384
32455,1263.0,1183.1263838810821,79.87361611891788
32464,1095.0,1193.179407817312,-98.17940781731204
32470,660.0,610.536324285382,49.463675714618034
32496,1015.0,766.2024771711262,248.79752282887375
32505,960.0,988.3987900704286,-28.398790070428618
32566,690.0,652.6222262226788,37.37777377732118
32632,1118.0,1049.3065778634586,68.69342213654136
32660,714.0,682.7216003371359,31.278399662864103
32666,1285.0,1115.9540202518997,169.0459797481003
32669,912.0,962.9266481500877,-50.92664815008766
32687,600.0,662.3112846465193,-62.31128464651931
32689,1384.0,1161.816115510319,222.18388448968108
32693,795.0,655.6838365005777,139.31616349942226
32746,931.0,1124.1177449469915,-193.11774494699148
32913,1270.0,1254.5946363298308,15.405363670169208
32921,1008.0,1006.7220951414427,1.2779048585573491
32944,1045.0,1049.3560313646312,-4.356031364631235
32968,900.0,1059.7530914577128,-159.7530914577128
32987,1545.0,1252.3544357081905,292.6455642918095
32998,715.0,583.4364713788575,131.5635286211425
33034,1240.0,1205.8656542154863,34.1343457845137
33043,925.0,1096.1922925445167,-171.1922925445167
33063,1124.0,1123.3754066374686,0.6245933625314137
33076,985.0,1214.1477534437136,-229.14775344371355
33094,538.0,543.0749674965867,-5.074967496586737
33129,1765.0,1309.7715514633817,455.2284485366183
33133,925.0,812.1040188329141,112.89598116708589
33147,1280.0,1089.048434533818,190.95156546618205
33153,975.0,1050.3168889469553,-75.31688894695526
33169,1330.0,1283.449670473615,46.550329526384985
33187,790.0,682.7584111126077,107.24158888739225
33241,1240.0,1172.715426863132,67.28457313686795
33246,1350.0,1203.1676995272264,146.83230047277357
33273,1280.0,1052.8396257376962,227.16037426230378
33288,1285.0,1102.7001400668387,182.29985993316131
33335,1330.0,1146.0536408617672,183.94635913823276
33340,900.0,936.4939150480393,-36.4939150480393
33351,720.0,640.1737812530996,79.8262187469004
33392,1091.0,1230.9463569165953,-139.94635691659528
33401,870.0,955.3895501424985,-85.38955014249848
33406,745.0,640.0023357929103,104.99766420708966
33426,1280.0,1181.8104916523114,98.18950834768862
33439,470.0,655.3668708910378,-185.36687089103782
33440,1105.0,1013.2390813813118,91.76091861868815
33442,626.0,661.739062534783,-35.73906253478299
33453,1080.0,1020.10463184587,59.89536815412998
33499,875.0,913.8822309594246,-38.882230959424646
33517,715.0,670.1032904577362,44.89670954226381
33531,1330.0,1230.4025778214552,99.59742217854478
33589,870.0,733.3051966114357,136.6948033885643
33590,1265.0,1000.6347466119789,264.3652533880211
33605,685.0,673.931723879107,11.06827612089296
33607,1246.0,1085.3557654756323,160.64423452436768
33631,1005.0,1003.9263538433231,1.0736461566768867
33644,722.0,696.0247220659901,25.97527793400991
33673,1050.0,981.9904420071238,68.00955799287624
33678,1246.0,1269.5258249373921,-23.525824937392144
33746,1080.0,1081.1335862362646,-1.1335862362645912
33754,982.0,963.7236609345526,18.27633906544736
33771,739.0,664.4774794768526,74.52252052314736
33792,830.0,732.2951649986011,97.70483500139892
33809,650.0,687.5751675748495,-37.5751675748495
33834,720.0,702.380402845148,17.619597154852045
33844,1250.0,1083.5970944248445,166.4029055751555
33868,640.0,647.9171845129785,-7.9171845129784515
33871,795.0,693.7188096300058,101.28119036999419
33880,1030.0,1086.3890101453526,-56.389010145352586
33885,1070.0,1141.54756755581,-71.54756755581002
33913,1049.0,1019.5386488758944,29.46135112410559
33921,780.0,1004.7686364004747,-224.76863640047475
33930,1155.0,1119.4702543308938,35.529745669106205
33931,675.0,671.4589709767156,3.541029023284409
33935,1230.0,1243.7581397019974,-13.75813970199738
33954,1360.0,1120.699716209121,239.3002837908789
34003,1160.0,1142.5245462989596,17.47545370104035
34008,1365.0,1141.859595218794,223.14040478120592
34036,1090.0,1071.882253877757,18.117746122243034
34060,730.0,664.217442932414,65.78255706758603
34061,1010.0,1094.8465071640792,-84.84650716407918
34090,1000.0,1120.615516015523,-120.6155160155231
34138,760.0,647.3807312131855,112.61926878681447
34165,1193.0,1185.4198873183364,7.58011268166365
34166,890.0,731.996331515893,158.00366848410704
34182,965.0,672.3498034783049,292.6501965216951
34232,1135.0,1133.7767286612093,1.2232713387907097
34233,1356.0,1138.4097100735135,217.59028992648655
34249,800.0,694.7868357939941,105.2131642060059
34251,1467.0,1279.7863841932433,187.2136158067567
34324,1130.0,1057.586384563646,72.4136154363539
34331,520.0,715.3355549530925,-195.33555495309247
34352,943.0,854.8368404136002,88.16315958639984
34358,733.0,595.9159604000722,137.0840395999278
34386,1225.0,1152.681098354311,72.31890164568904
34395,941.0,721.9159472299066,219.08405277009342
34402,1320.0,1179.1385608974897,140.8614391025103
34413,730.0,676.9248628262959,53.07513717370409
34512,880.0,978.1942874267452,-98.19428742674518
34520,930.0,1034.953312050418,-104.95331205041794
34530,695.0,713.2955873422588,-18.29558734225884
34560,1220.0,1291.517012680786,-71.51701268078591
34567,1215.0,1084.8947697715325,130.10523022846746
34600,980.0,1027.4643626463,-47.46436264630006
34613,885.0,681.1084906024611,203.89150939753893
34653,755.0,747.271064691186,7.728935308814016
34661,1146.0,1224.8695777411058,-78.86957774110579
34724,1220.0,1107.6473250688475,112.35267493115248
34739,1130.0,1013.7943220379767,116.20567796202329
34819,935.0,1038.7487743077002,-103.74877430770016
34860,1145.0,1285.1125010914564,-140.11250109145635
34899,1125.0,1137.6211484188634,-12.621148418863413
34924,1300.0,1213.5637340482704,86.43626595172964
34926,730.0,740.5397314941263,-10.539731494126272
34936,725.0,675.0471761615906,49.95282383840936
35014,1580.0,1222.9916073748464,357.00839262515365
35029,1060.0,1130.8405647169136,-70.8405647169136
35048,68.0,1078.1112286149903,-1010.1112286149903
35056,1385.0,1207.5552057802468,177.44479421975325
35059,875.0,1174.7573030416609,-299.75730304166086
35073,700.0,693.4382938832049,6.561706116795108
35075,1076.0,1247.5824475388072,-171.58244753880717
35084,685.0,655.6805265695562,29.31947343044385
35097,830.0,941.2252866743439,-111.22528667434392
35168,815.0,689.4687480305532,125.53125196944677
35227,930.0,918.7042379410534,11.295762058946593
35234,1160.0,1208.4962042936083,-48.49620429360834
35235,870.0,918.527924779988,-48.527924779987984
35239,835.0,883.4029101560706,-48.40291015607056
35250,710.0,683.5400591910716,26.459940808928422
35262,565.0,652.9860951641895,-87.98609516418946
35275,730.0,747.6390957087947,-17.639095708794684
35288,700.0,592.4665489405168,107.53345105948324
35368,1269.0,1160.6109222616544,108.38907773834558
35371,570.0,700.9847620930807,-130.9847620930807
35391,905.0,1202.2541796797323,-297.25417967973226
35400,1050.0,1004.6621970799954,45.337802920004606
35417,1160.0,1146.3649210919364,13.635078908063633
35428,855.0,745.433512492561,109.56648750743898
35463,1375.0,1256.0308849317212,118.96911506827882
35493,1225.0,1214.9820546491765,10.017945350823538
35502,738.0,644.9806076614011,93.01939233859889
35506,1370.0,1249.6278779590787,120.37212204092134
35523,1130.0,1169.1040730168365,-39.10407301683654
35572,1397.0,1074.037011012703,322.96298898729697
35575,1045.0,1029.1240360408765,15.87596395912351
35588,700.0,626.2453490555386,73.75465094446145
35638,1500.0,1300.0707510067912,199.92924899320883
35652,1152.0,1063.4914308262187,88.50856917378132
35674,940.0,1110.2084558945971,-170.20845589459714
35682,895.0,690.4819528699535,204.5180471300465
35731,1335.0,1171.3812133683912,163.61878663160883
35747,793.0,614.0653952242327,178.9346047757673
35770,1234.0,1005.4539044958714,228.54609550412863
35786,793.0,868.5108005973041,-75.51080059730407
35816,1115.0,1105.4532661354153,9.546733864584667
35842,825.0,728.4394965359456,96.56050346405436
35893,1455.0,1254.1202528749525,200.87974712504752
35911,809.0,714.5164614246016,94.48353857539837
35999,672.0,585.3877830407715,86.61221695922848
36058,1140.0,1267.8604057225193,-127.86040572251932
36061,882.0,1113.2926993040785,-231.2926993040785
36074,870.0,729.0316695984225,140.96833040157753
36076,755.0,682.7113094328749,72.28869056712506
36079,1135.0,1033.5175365732482,101.48246342675179
36084,1270.0,1221.7047844695312,48.295215530468795
36086,795.0,655.3913250202346,139.6086749797654
36093,810.0,732.3451692816124,77.65483071838764
36112,1168.0,1042.2402513685788,125.75974863142119
36116,830.0,717.1238568891807,112.87614311081927
36128,881.0,1052.33752772089,-171.33752772088997
36133,1100.0,935.2189718894297,164.78102811057033
36229,1332.0,1291.8108878430728,40.189112156927195
36247,840.0,743.4591499148343,96.54085008516574
36285,989.0,698.6223504943025,290.3776495056975
36305,1525.0,1293.7726894791258,231.2273105208742
36315,725.0,686.1309906676112,38.86900933238883
36323,1120.0,1055.9964429352167,64.00355706478331
36335,1220.0,1272.6656006518845,-52.66560065188446
36340,1145.0,976.3581564923218,168.64184350767823
36351,1041.0,1123.9267588598218,-82.9267588598218
36376,624.0,618.6639179993591,5.336082000640886
36394,948.0,709.0319879768351,238.96801202316487
36395,914.0,795.9017198804726,118.09828011952743
36415,650.0,673.89312721054,-23.89312721054
36425,765.0,665.9274451158686,99.07255488413136
36458,1040.0,1018.8160068427766,21.183993157223426
36465,1260.0,1276.1144082415058,-16.11440824150577
36494,1160.0,1072.2645862945617,87.7354137054383
36553,1570.0,1287.6415291253993,282.3584708746007
36554,1025.0,997.8544155106056,27.145584489394423
36588,1237.0,942.1913784933444,294.80862150665564
36592,1098.0,1290.639278537052,-192.63927853705195
36609,685.0,682.4933497649413,2.5066502350587143
36636,1511.0,1183.8717767999788,327.12822320002124
36650,748.0,599.5894588612139,148.41054113878613
36661,1510.0,1279.7935870497727,230.20641295022733
36708,1145.0,1169.4569991258766,-24.456999125876564
36727,950.0,1097.2641302362858,-147.26413023628584
36732,1305.0,992.5089377177014,312.49106228229857
36734,1038.0,694.1673973170076,343.8326026829924
36784,950.0,943.6393910565589,6.360608943441093
36837,1310.0,1266.3003210250263,43.69967897497372
36838,1402.0,1184.3773094106787,217.62269058932134
36868,992.0,1057.1575264726735,-65.15752647267345
36902,595.0,662.6643957809756,-67.66439578097561
36912,1268.0,1138.0313341815145,129.96866581848553
36954,795.0,659.2194479365512,135.7805520634488
36959,1210.0,1092.0394051961466,117.96059480385338
36966,1268.0,1176.3788992864274,91.62110071357256
36974,648.0,698.0553439109586,-50.05534391095864
36975,832.0,701.5151713815801,130.4848286184199
37040,1270.0,1188.1825405252864,81.81745947471359
37102,825.0,1050.3930800726107,-225.3930800726107
37112,645.0,756.1811555031219,-111.18115550312189
37183,1186.0,1214.018199854792,-28.0181998547921
37201,791.0,961.0515464811759,-170.05154648117593
37231,1190.0,1164.5051492309562,25.49485076904375
37234,1085.0,1121.3883793228654,-36.388379322865376
37260,1475.0,1174.5466196603231,300.45338033967687
37269,841.0,1010.6374532515938,-169.6374532515938
37285,1205.0,1217.3009642449774,-12.300964244977422
37289,1130.0,1144.9246430097296,-14.924643009729607
37295,1157.0,1088.0293145786839,68.97068542131615
37312,1170.0,1228.024132039344,-58.02413203934407
37320,500.0,617.4537012685134,-117.45370126851344
37322,863.0,692.9223382103337,170.0776617896663
37323,1285.0,1173.1046529992539,111.89534700074614
37334,488.0,653.8839708833278,-165.88397088332783
37356,740.0,658.3139052889996,81.68609471100035
37371,855.0,687.6972013092226,167.30279869077742
37391,950.0,1076.6745537590539,-126.67455375905388
37418,826.0,746.790849271682,79.20915072831804
37439,1160.0,991.2693710255786,168.7306289744214
37441,1170.0,1000.0857873562476,169.91421264375242
37466,1290.0,1159.2777565219958,130.7222434780042
37478,1265.0,1101.610150724583,163.38984927541696
37511,675.0,704.3927132516483,-29.392713251648274
37517,1270.0,1166.5151662140672,103.48483378593278
37534,1030.0,995.583482337516,34.41651766248401
37564,835.0,985.5871377154883,-150.58713771548832
37565,1341.0,1096.4271008872688,244.5728991127312
37574,998.0,1127.7858587724127,-129.78585877241267
37590,650.0,596.6978679149477,53.302132085052335
37608,715.0,637.2582196009141,77.74178039908588
37611,1540.0,1271.3359049849018,268.66409501509816
37613,1080.0,1037.094414044695,42.905585955305014
37628,1095.0,1214.8833864712253,-119.88338647122532
37645,1000.0,1004.2916523358139,-4.291652335813865
37657,1328.0,1070.0044801210236,257.99551987897644
37689,1165.0,997.9297791526311,167.0702208473689
37696,800.0,667.9678490843366,132.03215091566335
37740,1320.0,1081.8650202692731,238.13497973072685
37764,1415.0,1144.7107680967463,270.2892319032537
37774,570.0,655.3548788547813,-85.3548788547813
37778,765.0,709.5589628796006,55.441037120399415
37808,850.0,1037.1913939752944,-187.19139397529443
37821,1185.0,1138.9259739928345,46.07402600716546
37837,1268.0,1182.3261029668747,85.67389703312529
37841,1010.0,975.559545167571,34.440454832429054
37856,960.0,972.0574021731729,-12.057402173172932
37905,745.0,615.9243631495136,129.07563685048638
37930,940.0,731.2232053947221,208.77679460527793
37931,1020.0,942.5155109936034,77.48448900639664
37935,1029.0,1080.6912008940124,-51.691200894012354
38058,1319.0,1156.806356812388,162.193643187612
38100,1070.0,1017.159988289059,52.840011710940985
38138,776.0,704.5990499011531,71.40095009884692
38168,833.0,683.3356306506314,149.6643693493686
38176,1175.0,1137.91146604439,37.088533955610046
38223,1312.0,1142.4361366603398,169.5638633396602
38228,885.0,683.5596353303124,201.4403646696876
38253,537.0,609.0449277529752,-72.04492775297524
38256,1025.0,1130.8486161351582,-105.84861613515818
38261,1555.0,1152.8828375246596,402.11716247534036
38264,1312.0,1009.3591255097467,302.6408744902533
38279,926.0,835.7511358689671,90.24886413103286
38287,1000.0,1142.0529562906436,-142.05295629064358
38324,1450.0,1190.3919782897547,259.60802171024534
38333,752.0,678.9081908485432,73.0918091514568
38370,1265.0,1134.9459359623022,130.0540640376978
38385,505.0,576.6237871416487,-71.62378714164868
38402,1670.0,1306.2875456321535,363.7124543678465
38408,1168.0,1152.1590265576776,15.840973442322365
38411,1118.0,985.1329683757347,132.86703162426534
38440,1372.0,1108.7225782228033,263.27742177719665
38458,1205.0,1079.5473350783075,125.45266492169253
38467,1326.0,1056.7441888651383,269.2558111348617
38482,1280.0,1125.1431602624987,154.85683973750133
38489,1067.0,1008.3090412347208,58.69095876527922
38497,1090.0,1226.675165303894,-136.6751653038939
38517,780.0,813.5664206475526,-33.566420647552604
38532,1280.0,1099.067358794463,180.93264120553704
38546,1062.0,1152.240456617978,-90.240456617978
38615,850.0,1148.013637303548,-298.01363730354797
38616,1285.0,1099.363179030427,185.6368209695729
38644,1195.0,1229.3904903125947,-34.39049031259469
38645,1465.0,1065.3952994194353,399.60470058056467
38649,615.0,684.2424263705279,-69.24242637052794
38653,1230.0,1169.583584891369,60.4164151086311
38656,1315.0,1230.6921916356878,84.30780836431222
38692,990.0,880.1693971022515,109.83060289774846
38726,1180.0,1295.9048814483886,-115.90488144838855
38743,1055.0,971.0153748014907,83.98462519850932
38747,560.0,605.975801374518,-45.97580137451803
38748,1205.0,1113.9114595782653,91.0885404217347
38764,683.0,709.4594527921396,-26.459452792139587
38768,1410.0,1270.5640324102383,139.43596758976173
38792,855.0,625.145095414912,229.85490458508798
38818,1165.0,1022.2678945276228,142.73210547237716
38852,873.0,1053.6633616369522,-180.66336163695223
38853,625.0,558.3347789792134,66.66522102078659
38854,1230.0,1200.7320567082884,29.267943291711617
38886,680.0,686.2963181043011,-6.296318104301122
38887,1065.0,999.075211880066,65.92478811993396
38936,1520.0,1262.1026244530321,257.89737554696785
38994,1030.0,1052.7146614714945,-22.714661471494537
39012,1130.0,1004.4571899003588,125.5428100996412
39028,985.0,1054.5707607641955,-69.57076076419548
39051,1665.0,1250.6178152819632,414.3821847180368
39058,1135.0,1218.1961505538384,-83.19615055383838
39088,720.0,651.95117904658,68.04882095341998
39101,1220.0,1255.8842458765541,-35.88424587655413
39107,1210.0,1233.1075055381154,-23.107505538115447
39123,1179.0,1111.9233568374873,67.07664316251271
39143,859.0,795.791269195803,63.20873080419699
39190,1432.0,1148.4337672118031,283.5662327881969
39243,777.0,998.5065840782968,-221.50658407829678
39277,1200.0,1123.3605415422635,76.63945845773651
39282,872.0,1029.8284793894536,-157.8284793894536
39306,1360.0,1263.841722427917,96.15827757208308
39326,1488.0,1179.8067282003676,308.1932717996324
39372,1285.0,1134.7526981790622,150.24730182093776
39407,1355.0,1143.6190802405647,211.3809197594353
39410,900.0,698.3283647613957,201.67163523860427
39425,1160.0,1077.7142761893424,82.2857238106576
39434,1095.0,1003.4181967190453,91.58180328095466
39479,1493.0,1226.8874111537489,266.1125888462511
39490,1003.0,1068.5157131074882,-65.51571310748818
39522,580.0,591.8774850175264,-11.877485017526396
39533,981.0,1073.461188580959,-92.46118858095906
39548,1325.0,1025.4666649235553,299.5333350764447
39563,544.0,610.4437709283997,-66.44377092839966
39565,1389.0,1287.867316573885,101.13268342611491
39569,1069.0,931.0935476343786,137.90645236562136
39571,802.0,694.6461960358059,107.35380396419407
39580,1036.0,1090.5573990108305,-54.55739901083052
39602,827.0,703.1282609511384,123.87173904886163
39640,833.0,690.7613462135663,142.2386537864337
39666,1280.0,1234.2374232158174,45.762576784182556
39677,985.0,657.2107789406919,327.78922105930815
39682,1415.0,1218.0509804592168,196.94901954078318
39698,1050.0,1045.2394569537908,4.76054304620925
39754,1600.0,1297.7076316391501,302.2923683608499
39801,850.0,675.0724994139376,174.92750058606237
39967,1275.0,1236.2776223082742,38.7223776917258
39992,1365.0,1235.5311298252682,129.46887017473182
40052,955.0,666.9571353783832,288.0428646216168
40104,1615.0,1274.7278701741825,340.2721298258175
40133,1250.0,1182.6717060750625,67.3282939249375
40187,830.0,984.238602303231,-154.238602303231
40207,1250.0,1203.9636586607155,46.03634133928449
40259,1095.0,1237.8299044852838,-142.8299044852838
40288,860.0,628.5412005668848,231.45879943311525
40294,615.0,604.5349686248152,10.465031375184822
40296,500.0,602.4991128623456,-102.49911286234556
40322,1300.0,1240.4748693161089,59.52513068389112
40352,1300.0,1140.8944313647216,159.10556863527836
40374,1095.0,1084.0793703079173,10.920629692082684
40443,1095.0,962.1468860348934,132.85311396510656
40482,910.0,718.087215295933,191.912784704067
40506,950.0,723.4495289610632,226.55047103893685
40533,560.0,691.2038690001292,-131.2038690001292
40534,985.0,1009.301647596528,-24.301647596528028
40600,1405.0,1136.7152039215723,268.2847960784277
40609,1240.0,1139.4815252434921,100.51847475650789
40622,1135.0,1103.6068070628335,31.393192937166532
40660,1030.0,1188.0827317146563,-158.08273171465635
40682,695.0,717.8384730459443,-22.838473045944284
40703,695.0,693.1606283583212,1.839371641678781
40764,985.0,883.666021115167,101.33397888483296
40773,905.0,645.1265993305891,259.8734006694109
40785,1130.0,1067.2260488478555,62.77395115214449
40846,1425.0,1294.6103567043115,130.38964329568853
40865,765.0,693.376855889794,71.623144110206
40895,1195.0,1081.0188035168117,113.98119648318834
40933,1389.0,1217.0064554698681,171.99354453013189
40955,1369.0,1137.0147625260756,231.98523747392437
40969,1200.0,1151.355387475991,48.64461252400906
40986,1110.0,1040.0414304899946,69.95856951000542
41038,1275.0,1137.7387671956117,137.26123280438833
41054,1415.0,1262.348534788266,152.65146521173392
41055,1153.0,1164.3069962638629,-11.306996263862857
41075,983.0,700.2084388542031,282.7915611457969
41079,690.0,653.18282849036,36.81717150964005
41114,1270.0,1135.9721988942022,134.02780110579783
41118,1305.0,1164.4050376643106,140.5949623356894
41155,1295.0,1222.9146252499795,72.08537475002049
41206,520.0,743.5788145368984,-223.57881453689845
41215,1255.0,1209.299147815464,45.70085218453596
41223,1330.0,1291.9553684954565,38.04463150454353
41251,970.0,903.6303067614259,66.36969323857409
41253,721.0,616.0671659120458,104.93283408795423
41291,1055.0,739.2947454160654,315.70525458393456
41324,1365.0,1195.7777447638014,169.22225523619863
41329,910.0,881.779060639361,28.220939360639022
41353,1316.0,1184.9062820972822,131.0937179027178
41386,623.0,673.843560606575,-50.84356060657501
41435,1014.0,1095.0221112467275,-81.02211124672749
41438,730.0,597.5473466614588,132.45265333854115
41464,1140.0,1040.3271236326843,99.67287636731567
41508,826.0,737.50532841562,88.49467158437994
41563,970.0,1067.2836516951727,-97.2836516951727
41566,701.0,662.441184751541,38.55881524845904
41570,980.0,964.6342749105564,15.365725089443572
41621,1129.0,1084.298683690011,44.7013163099889
41642,1205.0,1119.1021937635153,85.89780623648471
41760,1158.0,1163.1632068032752,-5.163206803275216
41818,1268.0,1185.217965059899,82.78203494010108
41831,860.0,1010.9842836676409,-150.98428366764085
41892,1160.0,1085.3557654756323,74.64423452436768
41915,1110.0,1076.885276000029,33.11472399997092
41955,730.0,679.2681383380544,50.73186166194557
41977,1335.0,1256.7745367227951,78.22546327720488
41985,710.0,615.4006065483005,94.59939345169948
41997,1325.0,1181.4622317108483,143.5377682891517
42002,945.0,684.7176354062078,260.2823645937922
42023,1170.0,1197.9076515899756,-27.907651589975558
42086,1140.0,1265.4442231209143,-125.44422312091433
42096,995.0,1281.5379550745106,-286.5379550745106
42105,606.0,579.7041870539883,26.295812946011665
42122,775.0,1062.887281969484,-287.8872819694841
42147,865.0,681.8599608860085,183.14003911399152
42151,630.0,675.2781106226763,-45.27811062267631
42166,1075.0,1215.2404199058956,-140.24041990589558
42195,1425.0,1150.6385468852895,274.36145311471046
42219,1670.0,1328.7545140664388,341.2454859335612
42244,722.0,717.1504607663687,4.849539233631276
42272,735.0,693.2674110356434,41.73258896435664
42275,587.0,599.998177517872,-12.998177517872023
42282,645.0,613.8777750632025,31.122224936797465
42291,1195.0,1033.9811238134282,161.0188761865718
42311,1235.0,1169.9900909233902,65.0099090766098
42347,1680.0,1298.4563870493832,381.54361295061676
42389,1365.0,1221.7907173210167,143.2092826789833
42408,1210.0,1174.309762584798,35.69023741520209
42414,1055.0,999.3534169020712,55.64658309792878
42443,1135.0,1011.780629455917,123.21937054408295
42469,1195.0,1166.4429745576306,28.557025442369422
42493,560.0,897.1045926118725,-337.1045926118725
42516,1401.0,1258.3274407055844,142.67255929441558
42521,1260.0,915.7084261641047,344.2915738358953
42542,1190.0,1175.9747433960306,14.02525660396941
42547,1320.0,1305.22605534196,14.773944658039909
42582,695.0,670.5573360495823,24.442663950417682
42589,1065.0,1149.619181108086,-84.61918110808597
42590,715.0,750.0417397027227,-35.04173970272268
42594,1230.0,1155.5358089706283,74.4641910293717
42600,1450.0,1176.3376821460529,273.6623178539471
42607,1005.0,1033.6464566846553,-28.646456684655277
42616,1482.0,1200.7207784643506,281.2792215356494
42622,1395.0,1275.5219499120049,119.47805008799514
42657,535.0,695.602445821768,-160.60244582176801
42666,730.0,626.6812209529303,103.31877904706971
42678,1080.0,998.3154780247261,81.68452197527392
42689,1065.0,1095.3893173399235,-30.389317339923537
42693,1015.0,764.6152633925058,250.38473660749423
42695,1110.0,1129.3466379870526,-19.346637987052645
42702,1010.0,1087.4529038129806,-77.4529038129806
42712,800.0,746.7295306090939,53.2704693909061
42730,1315.0,1017.3909462430853,297.6090537569147
42756,902.0,1018.184368187952,-116.18436818795203
42775,870.0,922.2971435739776,-52.297143573977564
42821,1210.0,1166.736498172934,43.263501827065966
42831,1060.0,1039.959824025089,20.040175974911108
42881,1185.0,1064.5088649117477,120.49113508825235
42888,1070.0,1058.4403675498916,11.559632450108438
42903,1171.0,1300.083805502975,-129.0838055029751
42904,1130.0,1058.4863764265697,71.51362357343032
42909,1410.0,1212.6138744640407,197.3861255359593
42951,1185.0,1181.8980114762887,3.1019885237112703
42965,1285.0,1139.5107480229751,145.48925197702488
42969,870.0,709.5654384525245,160.43456154747548
42991,645.0,659.4319611447784,-14.43196114477837
43010,840.0,711.8608792303417,128.13912076965835
43027,1310.0,1204.949916675518,105.0500833244821
43053,1285.0,1081.0307659136906,203.96923408630937
43092,1000.0,996.1616911934316,3.8383088065684206
43105,915.0,1071.088132738233,-156.08813273823307
43127,1300.0,1162.05270401166,137.9472959883401
43154,1014.0,1290.766273411053,-276.7662734110529
43160,560.0,603.7645462433029,-43.7645462433029
43172,595.0,622.7373598904613,-27.737359890461335
43227,1205.0,1081.3972104342179,123.60278956578213
43257,1051.0,983.1650694899364,67.8349305100636
43310,1565.0,1092.2976630131154,472.7023369868846
43338,622.0,721.447028426059,-99.44702842605898
43368,812.0,666.743630239289,145.25636976071098
43417,1128.0,1182.4940298116169,-54.49402981161688
43469,906.0,1081.3972104342179,-175.39721043421787
43470,1138.0,1184.1239924394672,-46.1239924394672
43477,884.0,1084.0958962096756,-200.09589620967563
43485,1185.0,1069.9549332010176,115.04506679898236
43532,694.0,634.1613257077688,59.83867429223119
43573,1058.0,939.640426384375,118.35957361562498
43622,1205.0,1292.7495185973362,-87.74951859733619
43625,1060.0,1113.4867403613844,-53.48674036138436
43640,1385.0,1108.2832978601714,276.7167021398286
43657,1147.0,1074.7075828039324,72.29241719606762
43699,1391.0,1178.8027059300907,212.19729406990928
43720,580.0,640.9247897464909,-60.92478974649089
43721,1250.0,1134.50833886421,115.49166113579008
43754,1430.0,1229.8580561143963,200.14194388560372
43796,1320.0,1153.5402066780036,166.45979332199636
43807,683.0,700.2362972106556,-17.236297210655607
43825,1070.0,1198.1960296295356,-128.1960296295356
43852,1315.0,1155.9092450296862,159.0907549703138
43866,665.0,694.6444275700504,-29.644427570050425
43881,865.0,743.685916972241,121.31408302775901
43953,995.0,1076.5962219387015,-81.59622193870155
44001,600.0,664.738181444699,-64.73818144469897
44040,970.0,1025.3899929444158,-55.38999294441578
44051,530.0,625.5201733490499,-95.52017334904986
44073,1090.0,1207.0461264278483,-117.04612642784832
44090,1450.0,1152.0042151407852,297.99578485921484
44101,1035.0,976.0425073373744,58.957492662625555
44102,710.0,627.103634792144,82.89636520785598
44191,790.0,653.6089660135463,136.39103398645375
44212,1097.0,1143.669541389211,-46.66954138921096
44229,1055.0,976.9587641582382,78.04123584176182
44240,1279.0,1042.1520650770435,236.84793492295648
44250,595.0,657.3623529098872,-62.36235290988725
44284,725.0,699.7511003313656,25.248899668634408
44291,870.0,903.968907501028,-33.96890750102796
44298,1050.0,1151.6020035127187,-101.60200351271874
44306,1125.0,1116.945045283026,8.054954716973953
44322,710.0,680.1705575587778,29.829442441222227
44331,1300.0,1269.9530306521938,30.046969347806225
44338,850.0,719.4954612526484,130.5045387473516
44440,895.0,902.5807906300247,-7.580790630024694
44445,1306.0,1153.0129263565439,152.98707364345614
44481,470.0,730.6007198499203,-260.6007198499203
44488,590.0,615.7285740475027,-25.72857404750266
44515,538.0,890.2556518052767,-352.25565180527667
44520,880.0,737.3852573198355,142.61474268016445
44527,1342.0,1124.4480993577235,217.55190064227645
44593,1235.0,1181.0503827638804,53.94961723611959
44616,821.0,699.6254899275867,121.37451007241327
44651,1020.0,1069.5064003703164,-49.50640037031644
44671,640.0,640.2607623613453,-0.2607623613453143
44708,925.0,1024.3586833126778,-99.35868331267784
44743,610.0,715.9063344602141,-105.90633446021411
44748,848.0,1071.1638653481104,-223.16386534811045
44788,1200.0,1004.7686364004747,195.23136359952525
44793,1515.0,1270.4274984055505,244.57250159444948
44794,690.0,673.4777369547045,16.522263045295517
44831,1140.0,1149.4160133752332,-9.416013375233206
44871,1370.0,1089.4558868852191,280.5441131147809
44886,875.0,859.1416886155639,15.858311384436092
44911,1100.0,1139.5128947511416,-39.51289475114163
44929,1147.0,1134.7357004548842,12.264299545115819
44953,1075.0,1233.2618444125385,-158.2618444125385
44963,1473.0,1139.112125225153,333.887874774847
44976,1265.0,1238.0022244415054,26.997775558494595
44989,1545.0,1242.604387264659,302.39561273534105
44993,1020.0,991.9797564287483,28.02024357125174
45014,1260.0,1202.9652749853576,57.03472501464239
45047,1180.0,1189.7885268584216,-9.78852685842162
45050,1215.0,996.7062854634376,218.29371453656245
45067,1007.0,988.4256573779948,18.574342622005247
45086,1240.0,1118.2853513329046,121.71464866709539
45107,1470.0,1196.7851697012582,273.21483029874184
45173,1230.0,1088.4157835696622,141.58421643033785
45193,1110.0,962.6313503632415,147.3686496367585
45195,1175.0,1085.7728291346484,89.22717086535158
45205,1260.0,1119.5890217805606,140.41097821943936
45211,750.0,689.7180157045902,60.28198429540976
45224,888.0,723.1333474378516,164.86665256214837
45267,680.0,686.1309906676112,-6.130990667611172
45281,900.0,738.4512373562087,161.5487626437913
45334,720.0,589.272080970284,130.72791902971596
45342,880.0,1024.975975506813,-144.97597550681303
45346,1260.0,1142.6802743640721,117.31972563592785
45350,615.0,594.3349063906459,20.66509360935413
45372,785.0,664.5405882621584,120.4594117378416
45377,985.0,950.6734266529669,34.326573347033104
45382,1009.0,747.3334877473095,261.6665122526905
45491,1015.0,716.3054440718198,298.6945559281802
45530,1505.0,1215.004731792277,289.99526820772303
45548,1400.0,1167.397456381916,232.60254361808393
45583,635.0,663.3349315385495,-28.33493153854954
45660,835.0,709.8752897691633,125.12471023083674
45661,430.0,568.1100591427612,-138.1100591427612
45674,1730.0,1113.603799666879,616.396200333121
45684,1513.0,1246.9685816887638,266.03141831123617
45692,1120.0,1097.984316215818,22.0156837841821
45731,942.0,1131.3486407651174,-189.34864076511735
45745,902.0,1057.3951108560627,-155.39511085606273
45799,1286.0,1166.9585409810966,119.04145901890342
45855,580.0,513.7562911693036,66.24370883069639
45863,1000.0,1084.3964486634695,-84.39644866346953
45891,865.0,1226.9006413668185,-361.9006413668185
45903,1179.0,1123.4273282838853,55.572671716114655
45921,590.0,638.7207129004616,-48.72071290046165
45960,1210.0,1081.972896823083,128.02710317691708
45983,1478.0,1271.007041103371,206.99295889662903
45989,1495.0,1232.1368085471354,262.8631914528646
45996,1020.0,747.071507092478,272.928492907522
46000,1005.0,944.5924247330013,60.40757526699872
46016,985.0,1004.5536483237288,-19.553648323728794
46059,825.0,672.3683483604681,152.63165163953192
46087,1080.0,1147.5147341999793,-67.51473419997933
46093,750.0,694.1138820414585,55.88611795854149
46117,1060.0,1204.7231062261073,-144.72310622610735
46121,1020.0,947.1175481632974,72.88245183670256
46122,1130.0,1141.1634298996341,-11.163429899634139
46160,825.0,1050.5382366606007,-225.53823666060066
46234,737.0,657.9805194912484,79.0194805087516
46237,1190.0,1031.5859441493249,158.41405585067514
46369,723.0,1038.2890189675234,-315.28901896752336
46415,1380.0,1302.4686917283773,77.53130827162272
46423,770.0,1097.4613917528218,-327.4613917528218
46524,1115.0,1173.9033418691918,-58.90334186919176
46535,1280.0,1198.2553645321577,81.74463546784227
46561,890.0,932.2045256225963,-42.20452562259629
46630,733.0,689.7403869391514,43.25961306084855
46650,1450.0,1060.5754785757272,389.4245214242728
46684,955.0,936.662627205721,18.337372794278963
46688,1605.0,1072.0762160483002,532.9237839516998
46689,1215.0,1183.5504914103044,31.449508589695597
46714,1260.0,1119.7020277837212,140.29797221627882
46719,1035.0,1166.4112730070776,-131.41127300707763
46728,1283.0,1054.3369973823135,228.66300261768652
46731,1620.0,1312.129441796911,307.8705582030891
46775,1410.0,1086.8554979885475,323.14450201145246
46815,1058.0,1071.513016527949,-13.513016527949048
46840,528.0,680.7782603820345,-152.77826038203455
46866,1020.0,1015.011516072534,4.98848392746595
46922,1127.0,1013.6625323626672,113.3374676373328
46948,970.0,1027.1487451458822,-57.14874514588223
46972,616.0,628.683298112261,-12.683298112261014
47006,1190.0,1233.87946164796,-43.87946164795994
47007,950.0,968.3217044860004,-18.321704486000385
47020,749.0,692.1789473248624,56.821052675137594
47069,778.0,853.4351118020738,-75.43511180207383
47147,1145.0,1040.0896974497052,104.91030255029477
47193,1293.0,1258.3746970790025,34.625302920997456
47223,905.0,716.4246382675436,188.57536173245637
47226,1115.0,1203.8702071570137,-88.87020715701374
47258,1245.0,1253.8208832565695,-8.82088325656946
47310,1045.0,940.4871307908194,104.51286920918062
47364,955.0,733.8529310230805,221.1470689769195
47394,795.0,659.4169357821187,135.58306421788132
47419,685.0,649.984728160967,35.01527183903295
47439,1140.0,1081.533167938388,58.46683206161197
47462,715.0,644.9810979155078,70.0189020844922
47518,720.0,669.4740405763914,50.52595942360858
47542,713.0,705.1132454183289,7.8867545816710845
47547,1200.0,1136.865889481477,63.1341105185229
47551,1180.0,1160.2551242307866,19.744875769213422
47563,1375.0,1137.0789143192662,237.92108568073377
47626,640.0,636.8692994211905,3.130700578809524
47628,610.0,654.2902936561331,-44.290293656133144
47657,1215.0,1146.1572128798764,68.8427871201236
47666,1484.0,1217.7103642377283,266.2896357622717
47683,465.0,622.6554463641603,-157.6554463641603
47685,1060.0,920.7241851151269,139.27581488487306
47700,780.0,707.2665044220105,72.73349557798952
47702,1048.0,1005.4467540267048,42.55324597329525
47722,575.0,660.0736707450648,-85.07367074506476
47731,1090.0,1111.2367467533293,-21.23674675332927
47743,1290.0,1168.544830967824,121.45516903217595
47765,785.0,716.1622878074417,68.83771219255834
47770,1035.0,697.0023813342912,337.99761866570884
47772,1222.0,1084.999978919211,137.0000210807891
47814,1438.0,1128.1992325285153,309.80076747148473
47816,1082.0,1048.9805760410823,33.01942395891774
47869,985.0,1061.721447876408,-76.72144787640809
47880,1403.0,1292.7714239193565,110.2285760806435
47894,1210.0,1192.5808938643925,17.419106135607535
47900,970.0,983.1352067466582,-13.135206746658241
47905,655.0,720.6485956061038,-65.64859560610375
47914,975.0,1041.1192756580995,-66.11927565809947
47917,685.0,695.465760129417,-10.465760129417049
47919,1270.0,1101.610150724583,168.38984927541696
47935,867.0,708.7361989917907,158.26380100820927
47947,815.0,699.1436410464532,115.85635895354676
47972,1109.0,1156.5367374890418,-47.5367374890418
47985,1239.0,1113.819294489264,125.18070551073606
47989,1219.0,1190.7069370008976,28.293062999102403
48039,597.0,690.6055395067331,-93.60553950673307
48047,1130.0,1061.0615736893953,68.93842631060465
48095,1385.0,1297.586053163142,87.41394683685803
48096,685.0,621.2328230271454,63.7671769728546
48115,1455.0,1178.319131025493,276.6808689745069
48182,775.0,668.2962241127384,106.7037758872616
48246,970.0,1108.4025555198295,-138.40255551982955
48254,690.0,693.6989506779256,-3.698950677925609
48276,535.0,599.6588881299265,-64.65888812992648
48296,660.0,549.1630946303575,110.83690536964252
48309,890.0,1182.5283288193352,-292.52832881933523
48317,1295.0,1124.941696104989,170.05830389501102
48341,645.0,615.7375687067272,29.26243129327281
48387,1375.0,1179.2432303688452,195.75676963115484
48399,995.0,751.9006150400803,243.0993849599197
48456,775.0,694.7250778635766,80.27492213642336
48498,885.0,1102.8322626263803,-217.83226262638027
48514,1085.0,1025.1924657624486,59.80753423755141
48579,735.0,901.7666167296915,-166.76661672969146
48615,1395.0,1267.1557414260503,127.84425857394967
48632,645.0,615.7758074620616,29.224192537938393
48685,1377.0,1194.1071031721085,182.8928968278915
48770,795.0,694.318282664488,100.68171733551196
48790,1460.0,1197.6764707502484,262.3235292497516
48800,1250.0,1183.1263838810821,66.87361611891788
48834,1163.0,1049.08057900042,113.9194209995801
48882,1335.0,1292.8085013574762,42.19149864252381
48900,850.0,960.3906222153392,-110.39062221533925
48930,165.0,1183.2804702158385,-1018.2804702158385
48947,1175.0,997.8720724326552,177.12792756734484
48991,1120.0,1052.1054673957594,67.89453260424057
49019,1041.0,1231.5373681940787,-190.53736819407868
49039,930.0,1018.6785689738009,-88.6785689738009
49090,1255.0,1107.4801725402542,147.51982745974578
49131,1001.0,1262.8076264212239,-261.80762642122386
49183,700.0,658.0368526258894,41.96314737411058
49194,1400.0,1120.0033142168106,279.9966857831894
49259,1075.0,976.8915230369882,98.10847696301175
49294,889.0,1088.67445937085,-199.67445937084995
49296,1595.0,1262.373318503477,332.6266814965229
49308,1040.0,1322.6231085619602,-282.6231085619602
49310,1325.0,1145.2409426897539,179.75905731024613
49323,900.0,900.141245892205,-0.14124589220500638
49339,1090.0,1189.9285467892948,-99.92854678929484
49351,745.0,653.2122002426427,91.78779975735733
49361,1075.0,1096.8844784388498,-21.884478438849783
49373,1090.0,1097.743708636867,-7.743708636867041
49383,1510.0,1238.2295089745626,271.7704910254374
49407,1150.0,948.7228612507013,201.27713874929873
49415,1481.0,1274.642805535338,206.35719446466192
49442,1030.0,1105.6468606223234,-75.6468606223234
49470,1690.0,1266.8361729812846,423.16382701871544
49498,1309.0,1075.542473956558,233.45752604344193
49539,983.0,908.4238049195754,74.57619508042455
49629,935.0,1049.5930833277844,-114.59308332778437
49637,661.0,711.1474153640988,-50.14741536409883
49714,600.0,630.3018314420804,-30.301831442080356
49746,1225.0,977.7489545141407,247.25104548585932
49747,1435.0,1314.5340994455703,120.46590055442971
49767,930.0,886.9026859912103,43.09731400878968
49772,1245.0,1138.8136245501987,106.18637544980129
49788,1200.0,1163.636952718657,36.363047281342915
49834,1010.0,1046.1691131248704,-36.169113124870364
49876,1165.0,1051.1448207713672,113.85517922863278
49898,1160.0,1267.4074747647428,-107.4074747647428
49909,843.0,712.4605102720608,130.5394897279392
49939,780.0,655.8272280479184,124.17277195208158
49980,1105.0,1078.4347239060326,26.56527609396744
50008,1217.0,1070.5804100728749,146.41958992712512
50022,1350.0,1149.3552697303512,200.6447302696488
50034,1235.0,965.3761678119487,269.6238321880513
50045,955.0,1083.155369696675,-128.15536969667505
50089,1086.0,1093.721113451623,-7.721113451623069
50130,780.0,657.2390330740299,122.76096692597014
50159,579.0,559.0754341762912,19.924565823708804
50173,1360.0,1153.806244657091,206.19375534290907
50175,980.0,1063.56533789822,-83.56533789821992
50186,1310.0,1153.2421033342928,156.75789666570722
50251,1121.0,1092.208192955809,28.791807044191046
50263,655.0,638.1248256945241,16.875174305475866
50334,1125.0,1020.3549506317217,104.64504936827825
50341,725.0,668.5715831586799,56.428416841320086
50431,700.0,655.0650453354739,44.93495466452612
50493,884.0,651.4421631591964,232.5578368408036
50523,665.0,728.8244703250535,-63.82447032505354
50526,1030.0,1201.6425869304026,-171.64258693040256
50550,1280.0,1107.5183648670636,172.4816351329364
50554,1360.0,1283.025571218483,76.97442878151696
50601,895.0,685.4950473289942,209.50495267100575
50603,1360.0,1154.923080139299,205.07691986070108
50604,808.0,774.8732815588478,33.12671844115221
50624,775.0,697.9804350147386,77.01956498526135
50657,1425.0,1167.6149372375748,257.38506276242515
50674,1265.0,1024.0163469380782,240.9836530619218
50713,640.0,622.2817863579183,17.71821364208165
50718,1158.0,1202.504447599743,-44.50444759974289
50741,1240.0,1251.336369033617,-11.336369033617075
50781,1190.0,1281.3211731525507,-91.32117315255073
50814,990.0,1011.6843922227209,-21.68439222272093
50826,785.0,722.1448037215241,62.85519627847589
50843,995.0,1245.254796580607,-250.25479658060704
50847,975.0,903.3303394425664,71.66966055743364
50858,608.0,609.6775163847329,-1.6775163847329395
50874,1100.0,1014.4187487135891,85.58125128641086
50892,1169.0,1084.3394263686803,84.66057363131972
50920,990.0,1094.7447532645667,-104.74475326456673
50962,726.0,668.2962241127384,57.7037758872616
50976,1415.0,1252.4643421062692,162.5356578937308
50990,855.0,754.3280529288288,100.67194707117119
51036,1110.0,1183.7608798648607,-73.76087986486073
51067,1295.0,1009.4111617234894,285.5888382765106
51068,570.0,710.1804552485107,-140.18045524851073
51083,909.0,658.1303248551029,250.8696751448971
51091,882.0,822.0737667632122,59.926233236787766
51103,1395.0,1114.2100201112007,280.7899798887993
51113,1210.0,1161.793226426041,48.206773573959026
51127,1370.0,1255.4746593948769,114.52534060512312
51152,1160.0,1150.0401241807326,9.959875819267381
51171,670.0,637.925309080468,32.07469091953203
51206,920.0,1016.0757782153644,-96.07577821536438
51273,1069.0,1007.174840431792,61.82515956820805
51274,1200.0,1148.58458557304,51.41541442696007
51282,1191.0,921.0153515449908,269.98464845500916
51293,1400.0,961.3545277366278,438.6454722633722
51367,875.0,1188.025417929521,-313.0254179295209
51411,635.0,664.2788489070157,-29.278848907015686
51426,807.0,652.1261604060414,154.87383959395856
51443,1250.0,1076.6306348287828,173.36936517121717
51453,1160.0,1282.581037346844,-122.58103734684391
51456,1238.0,1215.6431121601647,22.35688783983528
51468,1110.0,1066.0190716097607,43.98092839023934
51493,730.0,721.0700324950963,8.929967504903743
51501,865.0,952.6526230637173,-87.65262306371733
51502,1410.0,1214.1477534437136,195.85224655628645
51556,1060.0,1125.3526609061564,-65.35266090615642
51562,1268.0,1089.182742185463,178.81725781453702
51566,980.0,1138.437892568617,-158.43789256861692
51597,878.0,649.518194831517,228.481805168483
51672,570.0,647.2593799000852,-77.25937990008515
51679,452.0,711.4454428454259,-259.4454428454259
51742,875.0,736.9286435045458,138.0713564954542
51805,1070.0,1126.2414449719804,-56.2414449719804
51830,1340.0,1056.0551175867884,283.94488241321164
51838,1479.0,1221.1906068339847,257.8093931660153
51857,1210.0,981.832995413429,228.167004586571
51912,1102.0,1125.074222065719,-23.074222065718914
51935,725.0,689.1584924838878,35.84150751611219
51954,1605.0,1259.8815360546555,345.1184639453445
51975,1055.0,905.4005552525362,149.59944474746385
51990,790.0,648.4223575092493,141.5776424907507
51995,1320.0,1205.2224068904998,114.77759310950023
52148,1373.0,1184.7143469503815,188.28565304961853
52160,1455.0,1177.5104808156957,277.4895191843043
52178,716.0,710.4326786857783,5.567321314221658
52183,904.0,1095.6190057425888,-191.6190057425888
52221,1210.0,1129.6269763966043,80.37302360339572
52309,610.0,704.0466919443508,-94.04669194435075
52412,625.0,693.0978760025796,-68.0978760025796
52416,675.0,679.3979914060683,-4.397991406068286
52424,1080.0,1217.786507088475,-137.786507088475
52533,1035.0,732.9363035989834,302.0636964010166
52546,1300.0,1173.7719116031583,126.22808839684171
52549,352.0,1193.99616064323,-841.99616064323
52567,1330.0,1060.1370498225047,269.86295017749535
52576,1105.0,1075.5663016903814,29.43369830961865
52634,1025.0,1097.7857838757543,-72.7857838757543
52675,1450.0,1238.8177107041838,211.1822892958162
52680,1550.0,1182.7332014040592,367.2667985959408
52711,1145.0,1106.9304563974101,38.069543602589874
52729,1005.0,1001.7585133482601,3.2414866517399332
52764,1250.0,1055.6947076962686,194.30529230373145
52821,530.0,628.7384236809105,-98.7384236809105
52838,1145.0,1084.0793703079173,60.920629692082684
52861,710.0,709.1606768310611,0.839323168938904
52887,1444.0,1158.127396221221,285.87260377877897
52903,1118.0,1139.2713562663353,-21.27135626633526
52908,1170.0,1140.7061847327138,29.293815267286163
52930,635.0,566.8412615262628,68.15873847373723
52940,1045.0,722.9216561826461,322.0783438173539
53079,646.0,635.1302711878379,10.869728812162066
53084,644.0,664.4201855943521,-20.42018559435212
53117,885.0,870.8182668364816,14.181733163518402
53132,890.0,1165.4650484322651,-275.4650484322651
53134,1030.0,1106.3026184655487,-76.30261846554868
53190,791.0,694.6444275700504,96.35557242994958
53214,1448.0,1133.8042058477702,314.19579415222984
53218,1295.0,1276.9429928928462,18.057007107153822
53347,1070.0,1238.9313519970024,-168.93135199700237
53350,880.0,726.6281754411096,153.37182455889035
53386,640.0,771.2448196440796,-131.2448196440796
53410,790.0,716.7628512381655,73.23714876183453
53411,860.0,865.3826868926886,-5.382686892688639
53439,1205.0,1094.403256606721,110.59674339327898
53448,1055.0,1080.26181524221,-25.261815242210105
53506,1045.0,991.2183851196065,53.78161488039348
53555,1560.0,1290.5121066532986,269.4878933467014
53608,1160.0,1110.3482233034645,49.651776696535535
53643,1150.0,1010.6374532515938,139.3625467484062
53648,1240.0,1122.9462523899963,117.05374761000371
53659,1290.0,1186.914747098398,103.08525290160196
53690,976.0,866.4980506251483,109.50194937485173
53697,640.0,657.1778609576256,-17.177860957625626
53698,1125.0,1123.312723963144,1.6872760368560193
53715,1537.0,1216.2051977381575,320.7948022618425
53720,1080.0,1176.0141349109574,-96.01413491095741
53721,1268.0,1287.1914362936204,-19.191436293620427
53731,1455.0,1208.8666953274374,246.13330467256264
53737,1245.0,1308.3745270527306,-63.37452705273063
53778,540.0,619.4371595833695,-79.43715958336952
53835,1325.0,1149.8900609284747,175.10993907152533
53867,1120.0,1122.242313228413,-2.242313228412968
53897,511.0,577.475606488409,-66.47560648840897
53912,890.0,896.2331070843295,-6.233107084329504
53925,1312.0,1201.6266740152946,110.37332598470539
53965,1124.0,1284.3936982857622,-160.39369828576218
53973,1282.0,1119.4332591335394,162.56674086646058
53986,733.0,934.2359746172968,-201.23597461729685
53998,968.0,912.664272305989,55.335727694010984
54068,921.0,989.8584387976796,-68.85843879767958
54108,1036.0,1254.5728109962454,-218.57281099624538
54129,1433.0,1128.893692626481,304.10630737351903
54149,1312.0,1166.58299534682,145.4170046531799
54165,1075.0,1009.5397909575769,65.46020904242312
54175,811.0,674.5594988876605,136.44050111233946
54186,695.0,664.1669142502504,30.833085749749557
54233,1085.0,1142.0186022940732,-57.01860229407316
54247,1410.0,1216.6375348320696,193.3624651679304
54275,595.0,710.0655924580345,-115.06559245803453
54336,717.0,739.7333692315577,-22.73336923155773
54353,1125.0,1265.2923969059716,-140.2923969059716
54442,785.0,621.3693956455819,163.6306043544181
54447,1003.0,993.2702884902459,9.729711509754111
54486,885.0,1095.4500861995728,-210.45008619957275
54492,1025.0,1067.9960431512354,-42.996043151235426
54497,1030.0,1118.2831352986464,-88.28313529864636
54509,1231.0,1019.378419465757,211.62158053424298
54518,732.0,694.7412096999434,37.2587903000566
54572,952.0,687.8649069367652,264.13509306323476
54599,1135.0,1077.2232052082518,57.776794791748216
54619,1655.0,1263.455279339224,391.54472066077597
54677,1279.0,1095.0221112467275,183.9778887532725
54699,550.0,590.5168055380448,-40.516805538044764
54705,1215.0,1154.7027764106574,60.29722358934259
54724,690.0,636.0960831628438,53.9039168371562
54738,888.0,1085.8634592969327,-197.86345929693266
54739,1265.0,1242.8511458986466,22.148854101353436
54742,1257.0,1149.927538789494,107.07246121050594
54759,595.0,632.161082842009,-37.16108284200902
54763,727.0,694.4189346201995,32.58106537980052
54766,1125.0,1085.3557654756323,39.644234524367675
54799,870.0,1006.5702446372134,-136.57024463721336
54803,880.0,675.6461542497702,204.35384575022977
54931,1725.0,1293.7474359297098,431.2525640702902
54980,910.0,684.0623057822495,225.9376942177505
55054,1245.0,1112.4320435126651,132.56795648733487
55056,1120.0,1195.2825616528091,-75.28256165280914
55062,1170.0,1080.5052354819327,89.49476451806731
55073,1050.0,1022.3125592092531,27.687440790746905
55074,1400.0,1211.1741130643934,188.8258869356066
55118,1380.0,1153.0955555438532,226.90444445614685
55156,1644.0,1272.4750884297323,371.5249115702677
55185,1025.0,1058.3805452251054,-33.38054522510538
55228,615.0,675.484035543151,-60.48403554315098
55235,990.0,969.6526231500414,20.34737684995855
55269,882.0,1113.603799666879,-231.603799666879
55351,1056.0,1125.2430477378175,-69.2430477378175
55392,1301.0,1189.3645453298923,111.63545467010772
55407,1255.0,1092.890394617238,162.10960538276208
55426,1390.0,1090.587831679773,299.412168320227
55432,833.0,871.6711349664431,-38.671134966443105
55458,1005.0,1058.4881519541505,-53.48815195415045
55549,1230.0,1070.826384971753,159.173615028247
55561,1157.0,1284.5852278310808,-127.58522783108083
55598,910.0,961.3604076241942,-51.36040762419418
55602,805.0,745.8257275056742,59.174272494325805
55653,1150.0,1242.2835253751996,-92.28352537519959
55663,649.0,1003.883526178328,-354.883526178328
55695,675.0,653.5927574825347,21.407242517465306
55704,715.0,631.1219696273827,83.87803037261733
55745,1225.0,1264.1534604744384,-39.15346047443836
55746,1045.0,933.3485969728888,111.6514030271112
55757,1065.0,1115.6715936142455,-50.67159361424547
55759,705.0,638.5134916215901,66.4865083784099
55764,950.0,954.0783633571414,-4.07836335714137
55839,1425.0,1213.1460352705344,211.8539647294656
55855,1136.0,1135.3983419478122,0.6016580521877586
55889,1555.0,1279.0655662184045,275.93443378159554
55894,1482.0,1283.5410117449476,198.45898825505242
55897,1200.0,1150.6616383367918,49.33836166320816
55924,1415.0,1240.9630212218667,174.0369787781333
55943,660.0,678.3370951010868,-18.33709510108679
55978,690.0,642.9747384451762,47.02526155482383
56042,1090.0,1150.0429366635801,-60.04293666358012
56074,890.0,1165.1765846373796,-275.1765846373796
56075,1495.0,1236.101941857293,258.898058142707
56081,1565.0,1255.0585055501963,309.9414944498037
56094,1462.0,1243.649600442261,218.3503995577389
56114,970.0,1121.4054058887093,-151.4054058887093
56116,603.0,618.4432750046598,-15.443275004659768
56147,535.0,594.9655261973628,-59.965526197362806
56175,264.0,1023.2822468383988,-759.2822468383988
56180,1021.0,1110.628650825057,-89.6286508250571
56212,710.0,663.9313524885416,46.06864751145838
56213,1180.0,1027.3607689287437,152.6392310712563
56229,700.0,700.7282990385829,-0.728299038582918
56236,1125.0,1258.3746970790025,-133.37469707900254
56265,1195.0,1107.401355633032,87.59864436696807
56286,1080.0,1149.927538789494,-69.92753878949406
56373,1181.0,995.3531354092682,185.64686459073175
56380,875.0,845.1174809493175,29.882519050682504
56395,1270.0,1264.4162234000642,5.583776599935845
56401,980.0,893.2611763435488,86.73882365645125
56411,1100.0,1152.6629752142824,-52.66297521428237
56417,1020.0,1049.0258260901705,-29.02582609017054
56424,1165.0,1283.3068751808187,-118.30687518081868
56446,1105.0,1240.850351700562,-135.850351700562
56508,1255.0,1118.0131969505107,136.98680304948925
56553,1365.0,1103.8957365829147,261.10426341708535
56567,690.0,738.4820359112238,-48.48203591122376
56716,1245.0,1260.7604762845572,-15.760476284557171
56718,1040.0,1032.9149276415237,7.085072358476282
56719,980.0,726.9094482206343,253.09055177936568
56730,1085.0,1057.5844871525808,27.415512847419222
56741,745.0,672.4615414163922,72.53845858360785
56756,893.0,711.6969622646535,181.3030377353465
56763,1035.0,1106.4388007272196,-71.43880072721959
56770,1146.0,1225.599518783844,-79.5995187838439
56772,1026.0,1018.138509472763,7.861490527237038
56822,1280.0,1250.5751228014174,29.424877198582635
56833,762.0,628.6204325706435,133.37956742935648
56842,1185.0,1117.9387319784043,67.06126802159565
56865,675.0,729.5544059035927,-54.55440590359274
56880,1420.0,1205.6211742587388,214.37882574126115
56918,1281.0,1138.4229196070291,142.57708039297086
56926,1555.0,1279.6546710027187,275.3453289972813
56935,1235.0,1146.0094932374068,88.99050676259321
56948,1036.0,1052.191933289617,-16.191933289617054
56960,1295.0,1255.5474312434596,39.45256875654036
56979,1060.0,1169.1040730168365,-109.10407301683654
56983,905.0,1016.3443034623326,-111.34430346233262
57028,822.0,676.0711083559671,145.9288916440329
57100,840.0,652.8720128244847,187.12798717551527
57122,787.0,742.8958537087324,44.104146291267625
57138,748.0,707.5422205979445,40.45777940205551
57153,934.0,705.1533183942329,228.84668160576712
57165,1120.0,1269.504165643043,-149.50416564304305
57186,680.0,706.2348029220192,-26.234802922019185
57270,885.0,987.642224667785,-102.64222466778494
57306,1090.0,1067.6800798450604,22.31992015493961
57310,645.0,678.1391804792147,-33.1391804792147
57317,1200.0,1106.2442909072122,93.75570909278781
57337,565.0,681.142306850728,-116.142306850728
57356,1425.0,1225.1407113237742,199.8592886762258
57359,595.0,576.6835019869741,18.31649801302592
57363,1480.0,1138.060533545259,341.939466454741
57373,1145.0,994.3517126519324,150.64828734806758
57376,910.0,1211.43300838874,-301.43300838874006
57399,1300.0,1297.5539614988645,2.44603850113549
57424,728.0,683.177892533226,44.822107466774014
57428,1320.0,1202.027625122204,117.97237487779603
57430,980.0,754.1094479306195,225.89055206938053
57441,1015.0,901.8655060329362,113.1344939670638
57468,1455.0,1221.643788697837,233.35621130216305
57530,655.0,674.3824107486789,-19.38241074867892
57532,575.0,688.815634259039,-113.81563425903903
57553,960.0,955.6920374137361,4.307962586263898
57589,1370.0,1106.2966100021983,263.70338999780165
57602,740.0,666.704921493446,73.29507850655398
57653,750.0,732.8720561590777,17.127943840922285
57655,735.0,716.6364490716285,18.363550928371524
57684,890.0,724.2865846468364,165.71341535316355
57713,1215.0,1093.763874894609,121.23612510539101
57729,645.0,769.5193318802424,-124.51933188024236
57738,670.0,632.1116863346251,37.88831366537488
57761,1300.0,1232.5270860824696,67.47291391753038
57780,645.0,698.3283647613957,-53.32836476139573
57807,1170.0,1048.1964024096783,121.80359759032171
57810,1515.0,1317.068575639202,197.93142436079802
57815,755.0,676.3139176983933,78.68608230160669
57820,945.0,1171.184083960299,-226.18408396029895
57825,765.0,713.0351075841595,51.964892415840495
57855,1550.0,1267.0978317456863,282.90216825431366
57867,1420.0,1220.3716450957334,199.62835490426664
57904,753.0,605.2568190300756,147.74318096992442
57922,880.0,856.57877062518,23.421229374819973
57947,1160.0,1090.8616599371935,69.13834006280649
57983,980.0,1018.939378701841,-38.93937870184095
58012,1390.0,1223.718997026247,166.28100297375295
58034,950.0,1178.7603078214377,-228.76030782143766
58042,1450.0,1120.0458894617043,329.9541105382957
58045,1323.0,1057.9951819080457,265.00481809195435
58083,1315.0,1090.406874040455,224.59312595954498
58117,836.0,875.6015513746363,-39.6015513746363
58428,1310.0,1128.0291466931642,181.9708533068358
58433,997.0,1115.7982507031554,-118.79825070315542
58450,926.0,1268.8571791760303,-342.8571791760303
58470,1489.0,1287.6517314722585,201.34826852774154
58475,630.0,646.1798798062114,-16.179879806211375
58485,1030.0,1091.327778680349,-61.327778680348956
58496,775.0,601.7932984974537,173.20670150254625
58509,1070.0,1270.82195256213,-200.82195256213004
58511,738.0,1022.7953108290984,-284.7953108290984
58527,1003.0,1061.4717173676515,-58.471717367651536
58541,992.0,1083.0303429048602,-91.03034290486016
58549,1164.0,960.1666645061209,203.83333549387908
58550,1054.0,878.4265184102521,175.57348158974787
58646,1005.0,1187.6574833615848,-182.6574833615848
58658,720.0,673.0115718151411,46.98842818485889
58715,1245.0,1242.4546383222648,2.5453616777351726
58789,1123.0,1208.9576798730063,-85.95767987300633
58793,965.0,992.4515337817771,-27.45153378177713
58853,1030.0,1048.0136617683313,-18.013661768331303
58874,937.0,935.3178172153747,1.6821827846252972
58902,1219.0,1147.6753803157578,71.32461968424218
58962,1060.0,1259.592476797211,-199.59247679721102
58976,456.0,703.5187740265474,-247.51877402654736
59048,960.0,1015.8700257291526,-55.870025729152644
59066,680.0,719.1280103968787,-39.12801039687872
59096,649.0,575.8226263040096,73.17737369599035
59142,605.0,999.5049616852338,-394.50496168523375
59214,978.0,1091.591401890859,-113.59140189085906
59218,970.0,1137.5531216900627,-167.55312169006265
59305,560.0,689.7490735269503,-129.74907352695027
59306,955.0,1039.724203775112,-84.72420377511207
59360,1279.0,932.4470177424041,346.5529822575959
59366,1107.0,1180.7452696078049,-73.74526960780486
59413,705.0,639.7310731885714,65.26892681142863
59468,1230.0,1155.5354550012082,74.46454499879178
59471,1210.0,1261.2862504228185,-51.28625042281851
59493,770.0,1170.2453506138843,-400.2453506138843
59508,985.0,1062.018107452338,-77.01810745233797
59520,665.0,656.0794064062758,8.92059359372422
59678,780.0,1091.3706618438086,-311.37066184380865
59719,1300.0,1223.1054030370917,76.89459696290828
59720,1300.0,1186.4036836564735,113.5963163435265
59818,1473.0,1187.5480206994005,285.45197930059953
59860,1220.0,1263.1506570073711,-43.15065700737114
59868,535.0,690.1092878096981,-155.10928780969812
59888,735.0,613.3165501391162,121.6834498608838
59899,1345.0,1031.6896667854232,313.31033321457676
59936,780.0,680.8331649876261,99.1668350123739
59949,1120.0,1143.667089513663,-23.667089513663086
60020,1202.0,1203.7361916960526,-1.7361916960526287
60045,1165.0,1123.7056793572572,41.29432064274283
60055,1220.0,1076.7290543760278,143.27094562397224
60060,435.0,577.7671802298821,-142.76718022988211
60076,890.0,723.1831402979043,166.8168597020957
60090,1440.0,1124.1007699873826,315.8992300126174
60098,705.0,610.7196754845246,94.2803245154754
60146,1185.0,1206.6389398914441,-21.638939891444124
60158,710.0,676.4443443995915,33.5556556004085
60196,995.0,1028.3805690324675,-33.38056903246752
60269,1445.0,1196.3740321891057,248.62596781089428
60290,1285.0,902.2657549757279,382.7342450242721
60305,925.0,930.0681251869742,-5.068125186974157
60320,575.0,652.3074683432294,-77.3074683432294
60382,1086.0,993.3974009180198,92.6025990819802
60440,719.0,655.8191820657346,63.180817934265406
60526,1540.0,1285.4497055264533,254.55029447354673
60553,1280.0,1265.3982281538315,14.601771846168504
60563,1245.0,1210.9259381347542,34.07406186524577
60569,990.0,711.817945616183,278.182054383817
60571,870.0,994.9937304012608,-124.99373040126079
60574,823.0,882.1757598715786,-59.175759871578634
60659,900.0,906.7071758373772,-6.707175837377235
60709,1110.0,1098.118799933017,11.881200066982956
60713,1050.0,1177.011176869225,-127.01117686922498
60743,1368.0,1090.833085605006,277.1669143949939
60779,933.0,1088.722488868504,-155.7224888685039
60835,1080.0,1068.637524312448,11.362475687551978
60845,1180.0,905.9494175204724,274.05058247952763
60999,1100.0,1157.0898717953214,-57.089871795321415
61002,1140.0,1017.5791112620831,122.42088873791693
61131,1445.0,1157.6745885568153,287.32541144318475
61189,1052.0,734.20349466713,317.79650533286997
61274,970.0,1099.324628432484,-129.3246284324839
61327,815.0,1017.7730959445785,-202.77309594457847
61328,920.0,1089.824985137494,-169.82498513749397
61361,1052.0,1023.2768330901736,28.723166909826432
61396,1145.0,1271.3359049849018,-126.33590498490184
61471,1380.0,1269.1847879355737,110.8152120644263
61473,1390.0,1297.8589532431888,92.14104675681119
61504,1180.0,1002.8578800713381,177.14211992866194
61540,975.0,1051.820191767637,-76.82019176763697
61579,1280.0,1208.1806945167596,71.81930548324044
61617,1205.0,1072.3408671077063,132.65913289229366
61650,1080.0,970.5154466383874,109.4845533616126
61682,1555.0,1291.5384655100308,263.46153448996915
61840,1310.0,1229.5476094166372,80.45239058336279
61849,1049.0,1086.6636472231598,-37.66364722315984
61860,1020.0,1280.9186968781944,-260.9186968781944
61888,802.0,726.6397466599791,75.3602533400209
61906,735.0,669.0254493624484,65.9745506375516
61942,720.0,662.5784388045818,57.421561195418235
61986,1205.0,1250.4999972727767,-45.49999727277668
61996,492.0,643.0754857217009,-151.07548572170094
62011,470.0,589.8183041985682,-119.81830419856817
62018,560.0,694.316021874563,-134.31602187456303
62027,1070.0,1080.5219198972945,-10.521919897294538
62091,1205.0,1264.6304482822732,-59.630448282273164
62105,615.0,633.9499320771796,-18.949932077179596
62120,1025.0,1031.5467087258514,-6.546708725851431
62130,1050.0,1000.686050375305,49.313949624695056
62230,1345.0,1187.3942886424777,157.6057113575223
62293,525.0,685.4663780556617,-160.46637805566172
62310,1130.0,1014.8018224626461,115.1981775373539
62326,1215.0,1206.3148827656973,8.685117234302652
62409,1130.0,1045.2295943119432,84.77040568805683
62416,1505.0,964.6374054453943,540.3625945546057
62420,1015.0,1059.4003925598029,-44.40039255980287
62432,1570.0,1319.0262181341989,250.97378186580113
62489,1195.0,1206.2391260673521,-11.239126067352117
62514,1455.0,1201.2248601754536,253.7751398245464
62554,1105.0,743.9087460160492,361.09125398395076
62556,1470.0,1169.9900909233902,300.0099090766098
62598,630.0,663.7280935299938,-33.72809352999377
62628,1335.0,1219.1838763711003,115.81612362889973
62676,1090.0,1098.2944688356774,-8.294468835677435
62690,905.0,911.9684008359069,-6.968400835906891
62795,530.0,620.0468038921506,-90.04680389215059
62834,1415.0,1295.039259060358,119.96074093964194
62874,1175.0,1201.558854908756,-26.558854908756075
62910,649.0,592.7334139164007,56.26658608359935
62928,1165.0,1265.0239881699856,-100.02398816998561
62939,1040.0,1013.7768196665328,26.223180333467212
62960,710.0,579.3920854594242,130.60791454057585
62980,1159.0,1118.1440171071588,40.85598289284121
63000,1080.0,955.0113604885897,124.98863951141027
63058,1821.0,1238.590210354619,582.4097896453809
63061,900.0,768.2980979550655,131.7019020449345
63062,1100.0,1074.2676916624748,25.732308337525183
63134,1485.0,1243.3925880518284,241.6074119481716
63179,1015.0,1023.620737675015,-8.620737675014993
63183,1120.0,1185.9234682942406,-65.92346829424059
63188,590.0,651.6145151082893,-61.61451510828931
63238,890.0,917.4246142205394,-27.42461422053941
63257,900.0,1071.6911036180877,-171.6911036180877
63278,601.0,633.6168601347636,-32.616860134763556
63289,1545.0,1131.22035246225,413.77964753774995
63376,835.0,995.7458150701749,-160.7458150701749
63435,1110.0,1033.3528746443196,76.64712535568037
63506,545.0,559.1669923020028,-14.166992302002768
63597,650.0,673.3718375735865,-23.371837573586504
63601,730.0,614.168628106617,115.831371893383
63695,180.0,874.1042698573832,-694.1042698573832
63739,630.0,712.5066542715808,-82.50665427158083
63777,1463.0,1264.8712856394282,198.12871436057185
63807,1186.0,1121.7182821584993,64.28171784150072
63827,945.0,1017.7730959445785,-72.77309594457847
63836,665.0,575.5777770840303,89.42222291596966
63911,825.0,733.0968378016867,91.90316219831334
63949,671.0,610.4365498806371,60.56345011936287
64054,815.0,724.8335582750758,90.1664417249242
64084,1120.0,872.2141471015931,247.78585289840692
64176,1235.0,1145.7188383609875,89.28116163901245
64177,1157.0,996.3361284442951,160.66387155570487
64218,1020.0,974.4804435221326,45.519556477867354
64253,941.0,935.5571641727678,5.442835827232216
64268,829.0,870.3996451832083,-41.39964518320835
64328,904.0,907.5098276957066,-3.5098276957065764
64406,1411.0,1139.0273894330658,271.97261056693424
64426,665.0,705.6562029084195,-40.65620290841946
64446,665.0,645.6182590618173,19.381740938182702
64536,1030.0,1228.8232849484457,-198.8232849484457
64554,666.0,642.8577206202585,23.142279379741467
64641,710.0,692.7681659888233,17.231834011176716
64681,1085.0,924.1836091780701,160.81639082192987
64685,675.0,623.8322028523678,51.1677971476322
64770,1145.0,1255.8797819619867,-110.87978196198674
64832,1165.0,1023.7998355599249,141.20016444007513
64872,925.0,706.1221180264369,218.87788197356315
64925,588.0,628.6919704732935,-40.69197047329351
64938,1250.0,1171.3236954837082,78.6763045162918
64963,1055.0,1089.1343372773129,-34.13433727731285
64987,1330.0,1178.5275630196775,151.47243698032253
65001,1160.0,1003.9455149187244,156.05448508127563
65009,1260.0,1148.0081314372192,111.99186856278084
65013,678.0,678.5836931644319,-0.5836931644319066
65030,985.0,901.7864469771251,83.21355302287486
65057,1030.0,916.9556985562016,113.04430144379842
65166,1102.0,1185.893775591419,-83.89377559141894
65183,710.0,575.8756074099466,134.1243925900534
65209,825.0,657.7351272726465,167.26487272735346
65232,1150.0,1171.3911242483723,-21.391124248372307
65296,1540.0,1215.6334329680515,324.36656703194853
65299,926.0,1059.412904860045,-133.41290486004505
65354,750.0,1063.3589560838052,-313.3589560838052
65358,1475.0,1225.5435320192735,249.45646798072653
65389,1136.0,1141.7163186603525,-5.716318660352499
65414,1135.0,1036.0675350219465,98.93246497805353
65420,1560.0,1270.2358919158207,289.76410808417927
65482,1225.0,1157.0898717953214,67.91012820467859
65576,910.0,1019.9827055317347,-109.98270553173472
65597,1190.0,1173.782240391953,16.21775960804689
65602,1080.0,1051.5003527650913,28.499647234908707
65661,1000.0,1048.4628760609871,-48.46287606098713
65665,1275.0,1215.1929024518192,59.807097548180764
65685,1080.0,1012.2339260939525,67.7660739060475
65727,690.0,715.6929455135286,-25.69294551352857
65840,650.0,695.8769218202102,-45.876921820210214
65883,620.0,582.9657861768969,37.03421382310307
65914,1070.0,946.4456084254342,123.55439157456578
65982,1000.0,1101.4628645947398,-101.46286459473981
66019,948.0,961.8209101231519,-13.820910123151862
66031,965.0,1130.8280079172207,-165.8280079172207
66056,990.0,987.945412238994,2.054587761006019
66074,1025.0,1022.2678945276228,2.7321054723771567
66075,1165.0,1109.241890281556,55.758109718444075
66103,1150.0,1088.925948174901,61.074051825099104
66137,1390.0,1265.7241616145964,124.27583838540363
66268,740.0,689.8586662020525,50.14133379794748
66357,980.0,1017.6127557910502,-37.612755791050176
66389,931.0,741.049550238195,189.95044976180498
66390,1100.0,1239.9172752419267,-139.91727524192675
66417,1285.0,1091.6862459956642,193.3137540043358
66443,1360.0,1115.89998762329,244.10001237671008
66471,1255.0,1189.2583479144728,65.74165208552722
66498,745.0,668.086782148339,76.91321785166099
66506,1290.0,1083.101827474072,206.89817252592798
66727,1175.0,995.6431670717648,179.35683292823524
66754,1190.0,1183.9501124319731,6.049887568026861
66780,1115.0,1029.6577626684077,85.34223733159229
66812,655.0,701.8372224754853,-46.837222475485305
66831,678.0,624.2415615489928,53.75843845100724
66841,1345.0,1280.6840071594752,64.31599284052481
66868,600.0,620.6349916296833,-20.634991629683327
66873,945.0,961.2291481918609,-16.229148191860872
66899,750.0,1042.277360837136,-292.27736083713603
66924,590.0,711.6401065584035,-121.64010655840355
66960,1240.0,1195.4770940275962,44.522905972403805
67054,988.0,1197.7332037405315,-209.7332037405315
67161,1360.0,1115.320161465485,244.67983853451506
67173,550.0,702.7665091378716,-152.7665091378716
67225,880.0,1056.9427561684647,-176.9427561684647
67232,1000.0,1048.2470503400082,-48.24705034000817
67289,913.0,952.933470165906,-39.93347016590599
67331,1050.0,1058.7348968931076,-8.734896893107589
67339,1151.0,1152.370162230094,-1.3701622300939107
67559,730.0,686.3097139031119,43.690286096888144
67614,985.0,987.2157604244057,-2.215760424405744
67616,620.0,622.1182588882043,-2.118258888204309
67793,975.0,1057.1575264726735,-82.15752647267345
67800,1225.0,1103.2012232469108,121.79877675308921
67842,1155.0,1228.6416406464189,-73.64164064641886
67854,1305.0,1126.240499890876,178.75950010912402
67901,780.0,901.8655060329362,-121.8655060329362
67927,749.0,1242.1239445319175,-493.12394453191746
67999,1149.0,1048.560992751437,100.43900724856303
68024,1470.0,1226.1173515034723,243.88264849652774
68089,670.0,703.0222589498567,-33.02225894985668
68173,665.0,698.5199515982249,-33.51995159822491
68267,880.0,1177.704154495314,-297.704154495314
68324,1420.0,1299.825842428831,120.17415757116896
68325,1190.0,1081.1870133075856,108.81298669241437
68331,740.0,618.384410576186,121.61558942381396
68343,695.0,707.3756571035981,-12.375657103598087
68365,775.0,712.4972872547633,62.50271274523675
68477,775.0,733.8415097700611,41.158490229938934
68576,790.0,651.8547281050946,138.14527189490536
68578,1125.0,1142.7913645085503,-17.79136450855026
68646,945.0,1040.9215709883,-95.92157098829989
68661,1180.0,1200.93338476872,-20.93338476872009
68698,1180.0,1142.7412462583272,37.25875374167276
68772,1345.0,1230.0505055003164,114.94949449968362
68805,1440.0,1237.190043218998,202.80995678100203
68827,1180.0,1116.9070135046036,63.09298649539642
68834,1050.0,962.195211608971,87.80478839102898
68843,589.0,620.9245807652778,-31.924580765277824
68898,975.0,1070.8830789553076,-95.88307895530761
68908,1075.0,1078.4985235106858,-3.4985235106858
68931,880.0,1143.2483776645934,-263.24837766459336
68932,620.0,1109.0916478636332,-489.09164786363317
68938,995.0,1035.2327881508788,-40.23278815087883
68983,971.0,1242.157006766273,-271.15700676627307
68988,623.0,664.0550354928145,-41.055035492814454
69095,1100.0,1033.3528746443196,66.64712535568037
69123,631.0,694.318282664488,-63.31828266448804
69126,805.0,709.7939429733882,95.2060570266118
69152,670.0,633.3457022542568,36.65429774574318
69159,1235.0,1237.1791000496173,-2.1791000496173183
69181,930.0,1170.0721704617672,-240.0721704617672
69187,1260.0,1146.2235384096248,113.77646159037522
69250,1375.0,1202.9319651917751,172.06803480822487
69320,600.0,736.2907372340483,-136.29073723404827
69337,1370.0,1262.7787582175013,107.22124178249874
69393,1325.0,1284.4729148579445,40.52708514205551
69443,830.0,961.0780387479872,-131.0780387479872
69507,1000.0,1050.084294342123,-50.08429434212303
69526,430.0,570.4067819092285,-140.40678190922847
69562,780.0,697.0244909985248,82.97550900147519
69576,616.0,615.7285740475027,0.2714259524973386
69578,1205.0,1115.7645086318435,89.23549136815654
69644,1020.0,1022.3297198267932,-2.3297198267931662
69718,640.0,655.8585401473756,-15.858540147375606
69724,640.0,702.4777399086281,-62.47773990862811
69733,1075.0,1106.568768387311,-31.56876838731091
69745,1060.0,1054.5038961152188,5.496103884781178
69769,1003.0,1138.0573221123786,-135.05732211237864
69795,1130.0,1192.6655643858428,-62.6655643858428
69871,1294.0,1267.7648674286686,26.235132571331405
69883,935.0,880.0106138394476,54.989386160552385
69899,1060.0,1062.5030992340696,-2.503099234069623
69972,1315.0,1106.6579558115811,208.34204418841887
70068,1085.0,1219.7256558531553,-134.72565585315533
70081,721.0,653.5927574825347,67.4072425174653
70104,1326.0,1148.8817399116567,177.11826008834328
70174,580.0,700.06531498309,-120.06531498309005
70251,1460.0,1208.9154961464135,251.0845038535865
70290,950.0,951.97495002561,-1.9749500256100418
70295,550.0,554.678986353837,-4.67898635383699
70326,1235.0,1267.5164221153746,-32.51642211537455
70356,1070.0,886.5272775572769,183.47272244272312
70357,845.0,939.5354990188291,-94.53549901882911
70408,815.0,739.56564466291,75.43435533708998
70445,1175.0,1076.0459150742122,98.95408492578781
70482,603.0,693.2809177438164,-90.28091774381642
70506,875.0,857.760308676669,17.239691323331044
70532,500.0,695.1648630793375,-195.16486307933747
70549,926.0,1084.1631001796748,-158.16310017967476
70560,1425.0,1159.9118530423489,265.08814695765113
70817,920.0,1106.4388007272196,-186.4388007272196
70860,958.0,950.8212720582965,7.178727941703528
70932,1040.0,951.5004038665002,88.49959613349984
71011,1035.0,1212.29094485847,-177.29094485847008
71065,670.0,682.5707486407546,-12.570748640754573
71125,1169.0,1120.072974012845,48.92702598715505
71215,805.0,918.857984335599,-113.85798433559899
71216,613.0,651.5653176689257,-38.56531766892567
71276,860.0,744.6868361040307,115.3131638959693
71328,1140.0,1048.7708703296314,91.2291296703686
71396,785.0,651.2501957079137,133.7498042920863
71408,1205.0,1151.6529193827917,53.34708061720835
71438,1290.0,1072.7167989212546,217.28320107874538
71508,1412.0,1247.4872630522548,164.51273694774522
71544,729.0,634.653270821755,94.34672917824503
71571,1140.0,1152.987183484626,-12.98718348462603
71619,955.0,1107.3471264358834,-152.3471264358834
71629,615.0,643.1347277894016,-28.13472778940161
71642,485.0,551.2416494950417,-66.24164949504166
71676,1080.0,1138.8509727861224,-58.850972786122384
71691,1135.0,1211.7578096617874,-76.7578096617874
71720,1205.0,1141.6414633744703,63.35853662552972
71725,960.0,975.4001196481097,-15.400119648109694
71780,1430.0,1238.0607877395262,191.93921226047382
71794,1010.0,1251.830040720946,-241.83004072094604
71825,1335.0,1137.329509340663,197.67049065933702
71873,1300.0,1207.2876714015304,92.71232859846964
71907,1420.0,1246.0504080457074,173.9495919542926
71965,1320.0,1222.395934877428,97.60406512257191
71977,655.0,569.2004863357696,85.7995136642304
72031,980.0,1053.6302835797067,-73.63028357970666
72048,625.0,604.6327131170247,20.36728688297535
72109,665.0,687.4173536856572,-22.41735368565719
72151,1165.0,1028.3276190377187,136.6723809622813
72160,430.0,563.308980871765,-133.30898087176502
72171,1330.0,1104.808571356994,225.19142864300602
72290,1320.0,1103.8957365829147,216.10426341708535
72293,1065.0,1062.1524672631103,2.8475327368896615
72316,1430.0,1191.8115715997951,238.18842840020488
72317,1320.0,1154.0136240161355,165.9863759838645
72338,1325.0,1279.5113164162558,45.488683583744205
72367,1025.0,1219.3870870089115,-194.38708700891152
72382,690.0,661.2772419682558,28.722758031744206
72390,1220.0,1116.7016884762008,103.29831152379916
72406,1075.0,1059.0641846389622,15.93581536103784
72490,1235.0,1226.4838494574576,8.516150542542391
72492,890.0,958.5417571137207,-68.54175711372068
72511,541.0,567.5068480692677,-26.506848069267676
72582,695.0,679.8133456017099,15.186654398290102
72594,1217.0,1182.9921124948967,34.00788750510333
72659,1275.0,1041.95367272801,233.0463272719901
72704,1400.0,1264.6242536506986,135.37574634930138
72711,930.0,940.7035548545917,-10.703554854591744
72750,1190.0,1115.2991709761204,74.70082902387958
72772,1050.0,1117.6559302472735,-67.65593024727355
72798,915.0,714.4964710359607,200.50352896403933
72807,893.0,924.0233992024483,-31.02339920244833
72842,1200.0,1236.975797289974,-36.975797289974025
72919,1370.0,1187.220314820159,182.77968517984095
72931,1100.0,1228.6416406464189,-128.64164064641886
72935,728.0,690.3905154442768,37.60948455572316
72947,560.0,685.6455209466803,-125.64552094668034
73050,810.0,958.7512459340709,-148.75124593407088
73077,1144.0,1151.8612195996716,-7.8612195996715855
73124,948.0,972.054298083202,-24.054298083201957
73140,892.0,844.4070109704898,47.59298902951025
73146,1275.0,1280.9591831413,-5.959183141299945
73186,981.0,981.8063700275858,-0.8063700275857855
73296,955.0,1188.5228766054613,-233.5228766054613
73307,1505.0,1284.7104276854977,220.28957231450227
73396,715.0,592.9694024445829,122.0305975554171
73541,995.0,1049.6363146368587,-54.63631463685874
73629,560.0,707.7958844225018,-147.79588442250179
73681,585.0,687.3149882382338,-102.31498823823381
73741,1170.0,1188.3081178261864,-18.30811782618639
73795,725.0,623.112837259566,101.88716274043395
73804,1160.0,1196.3434104430116,-36.343410443011635
73847,1290.0,1177.2948269703902,112.7051730296098
73891,1345.0,1082.6098787332794,262.3901212667206
73966,950.0,811.7863624270129,138.21363757298707
74032,620.0,659.966942907267,-39.966942907267025
74040,1190.0,1034.8698462126883,155.13015378731166
74063,1100.0,1249.4088292883873,-149.40882928838732
74127,905.0,696.7855249219801,208.21447507801986
74129,1130.0,1053.1518153167056,76.84818468329445
74192,590.0,701.7554076224766,-111.75540762247658
74193,1080.0,1198.078838035043,-118.07883803504296
74209,940.0,1134.0366917744168,-194.0366917744168
74221,1005.0,1029.268526534825,-24.268526534825014
74226,540.0,671.905621833485,-131.90562183348504
74234,645.0,702.6055116608723,-57.60551166087225
74298,1020.0,727.2940195908351,292.7059804091649
74299,1158.0,1137.3558425124713,20.644157487528673
74348,1335.0,1312.2912663922193,22.708733607780687
74377,535.0,670.8140146309556,-135.81401463095563
74391,1190.0,1117.2313481411202,72.76865185887982
74412,1315.0,1095.943658426116,219.05634157388408
74424,730.0,717.4431009073784,12.55689909262162
74449,1130.0,1130.964308429808,-0.964308429807943
74508,915.0,920.5109744519682,-5.510974451968195
74551,1250.0,1216.1924226616431,33.80757733835685
74559,1179.0,1073.217034749987,105.78296525001292
74617,1245.0,1108.4882728275338,136.51172717246618
74633,580.0,648.819140078954,-68.81914007895398
74756,1080.0,1103.2012232469108,-23.201223246910786
74757,615.0,687.4173536856572,-72.41735368565719
74779,1040.0,1271.5008314258664,-231.5008314258664
74811,1520.0,1234.599557982529,285.40044201747105
74921,871.0,1073.334904037173,-202.33490403717292
74933,1520.0,1268.689006409374,251.3109935906259
74960,875.0,879.1806209892977,-4.180620989297722
75055,778.0,989.0740837992469,-211.07408379924686
75061,985.0,1017.6547430336932,-32.654743033693194
75071,959.0,979.8134133248761,-20.813413324876137
75148,1458.0,1140.0337574936318,317.9662425063682
75174,920.0,1027.3901494811462,-107.39014948114618
75314,508.0,650.0692999030612,-142.06929990306116
75327,1157.0,1154.6265457676775,2.3734542323225014
75397,442.0,584.4038614466389,-142.40386144663887
75403,926.0,950.8134921574086,-24.813492157408632
75484,970.0,1047.9063573934004,-77.90635739340041
75505,910.0,728.268668161625,181.731331838375
75529,705.0,719.8456306494345,-14.845630649434497
75540,635.0,741.3229837291423,-106.32298372914227
75600,733.0,707.7958844225018,25.204115577498214
75617,675.0,621.6027932084475,53.39720679155255
75663,660.0,651.1990314658007,8.800968534199342
75687,605.0,687.7295534011754,-82.7295534011754
75695,675.0,735.6478621230115,-60.647862123011464
75727,805.0,693.9302930797706,111.06970692022935
75760,710.0,790.1927773156267,-80.1927773156267
75763,1120.0,1170.2374739244235,-50.23747392442351
75828,684.0,640.7398371272575,43.26016287274251
75916,1330.0,1149.1781455684145,180.8218544315855
75958,675.0,662.9022288179999,12.097771182000088
75996,1090.0,1063.381954009948,26.618045990051996
76017,910.0,980.4377185173009,-70.43771851730094
76179,1091.0,930.8725262650074,160.12747373499258
76234,948.0,1024.3913689609826,-76.39136896098262
76239,1280.0,1084.2354758859794,195.76452411402056
76266,915.0,1199.9563699112373,-284.9563699112373
76501,815.0,712.6486041722399,102.35139582776014
76518,1045.0,1187.9375222430294,-142.93752224302943
76564,1030.0,971.92225705433,58.077742945670025
76588,691.0,644.0172892461078,46.982710753892206
76642,960.0,1124.5288036893949,-164.52880368939486
76651,1323.0,1277.7237290312112,45.27627096878882
76677,582.0,678.3012329735275,-96.30123297352748
76704,1190.0,1185.204126312312,4.795873687688072
76715,1245.0,1144.6915106159336,100.30848938406643
76777,595.0,683.192115257901,-88.19211525790104
76859,735.0,612.2349615348732,122.76503846512685
76876,1150.0,1089.1910477154893,60.808952284510724
77066,890.0,730.1399813905263,159.86001860947374
77106,1190.0,1129.09659559916,60.90340440083992
77173,665.0,648.6576272702576,16.34237272974235
77226,1180.0,1108.6132195110868,71.38678048891325
77390,525.0,545.3700180610317,-20.370018061031715
77408,740.0,875.79538745209,-135.79538745209004
77419,575.0,619.2724144160217,-44.27241441602166
77459,1265.0,1194.1102541437137,70.88974585628625
77520,930.0,1174.1647099612385,-244.1647099612385
77563,570.0,599.4472606852897,-29.447260685289734
77618,1100.0,1037.4089619243525,62.591038075647475
77628,1160.0,1203.1924074950048,-43.19240749500477
77657,1430.0,1257.4228841310592,172.57711586894084
77684,1190.0,954.0783633571414,235.92163664285863
77700,1030.0,926.9119553738202,103.0880446261798
77715,1145.0,1270.5430906747602,-125.54309067476015
77748,985.0,1075.2594385002387,-90.25943850023873
77761,613.0,653.87227434497,-40.87227434497004
77832,1175.0,1087.0781037685538,87.92189623144623
77911,950.0,1002.8483178906224,-52.84831789062241
77923,1205.0,1051.5355659815948,153.4644340184052
77956,860.0,917.7720930511766,-57.772093051176626
78048,804.0,1069.1122248039503,-265.1122248039503
78098,642.0,657.0958743506588,-15.095874350658846
78101,1100.0,1073.6597083855856,26.340291614414355
78200,1315.0,1137.784485974266,177.2155140257339
78268,787.0,1033.6181570746676,-246.61815707466758
78272,680.0,604.2778170907997,75.72218290920034
78391,926.0,971.8261537050478,-45.82615370504777
78401,1275.0,1284.6625567944204,-9.662556794420425
78448,793.0,1064.5818234952546,-271.58182349525464
78523,942.0,1108.922749399304,-166.92274939930394
78553,1090.0,992.2665877866358,97.7334122133642
78570,867.0,721.7050284932857,145.29497150671432
78579,488.0,650.9393872616713,-162.9393872616713
78629,524.0,594.0223051847452,-70.02230518474516
78716,1295.0,1153.4747017856557,141.52529821434428
78772,1310.0,1244.582255124978,65.41774487502198
78821,1290.0,1257.2053744100592,32.79462558994078
78838,555.0,631.8588574615213,-76.85885746152132
78855,1090.0,1089.048434533818,0.9515654661820463
78879,920.0,943.0312071448541,-23.03120714485408
78885,1100.0,1105.7669968276025,-5.766996827602497
78896,745.0,998.3851231510595,-253.38512315105947
78919,1115.0,1048.1058626025833,66.89413739741667
78923,1250.0,1289.8380727675271,-39.83807276752714
78981,550.0,619.0938458129741,-69.09384581297411
78985,1265.0,1192.5808938643925,72.41910613560754
78996,1080.0,1101.3636054004885,-21.363605400488495
79011,980.0,1052.0208625932562,-72.0208625932562
79037,1130.0,1108.7273885627037,21.27261143729629
79052,720.0,700.381320142935,19.61867985706499
79095,1045.0,1137.322753981741,-92.32275398174102
79175,1130.0,1092.2322593429938,37.76774065700624
79216,840.0,877.3638351223376,-37.363835122337605
79241,759.0,904.0768471516011,-145.0768471516011
79266,900.0,742.8388086559273,157.16119134407268
79285,565.0,681.7353694107316,-116.73536941073155
79343,770.0,846.8219162316183,-76.82191623161827
79387,720.0,629.480371167559,90.51962883244096
79398,745.0,691.6742441383062,53.32575586169378
79439,1309.0,1207.5921463960017,101.40785360399832
79457,1050.0,1195.066179972861,-145.06617997286094
79483,1135.0,1143.7705631351073,-8.770563135107295
79707,780.0,903.0119669436835,-123.01196694368355
79726,580.0,686.9745098286195,-106.97450982861949
79762,1020.0,932.1819116504454,87.81808834955461
79787,630.0,647.4958277182643,-17.49582771826431
79817,465.0,638.0927459413556,-173.0927459413556
79843,1045.0,1103.6812605365483,-58.68126053654828
79917,1113.0,1040.5249214748908,72.47507852510921
79919,540.0,652.6222262226788,-112.62222622267882
79941,1170.0,1160.728474424566,9.271525575433998
79981,980.0,1056.3751884379108,-76.37518843791077
80026,670.0,711.22583208859,-41.22583208858998
80061,795.0,945.9281140881247,-150.92811408812474
80066,765.0,903.3632728373077,-138.3632728373077
80097,1130.0,1056.565029093574,73.43497090642609
80194,1080.0,1268.6324322310702,-188.6324322310702
80234,1390.0,1248.6851612475837,141.31483875241634
80327,1420.0,1223.7593600049324,196.24063999506757
80344,754.0,612.9023765788894,141.0976234211106
80400,555.0,661.0485325163078,-106.04853251630777
80605,1265.0,1196.543984317755,68.45601568224492
80635,765.0,632.1023539776611,132.8976460223389
80722,1204.0,1148.67843015619,55.32156984381004
80850,954.0,1259.9211495348263,-305.9211495348263
80856,630.0,682.9869747800825,-52.986974780082505
80934,1115.0,1173.019603293932,-58.01960329393205
80964,965.0,989.3173169367626,-24.31731693676261
81072,1036.0,1147.784751044124,-111.78475104412405
81101,1020.0,1068.6493443239724,-48.6493443239724
81134,735.0,562.1787278801023,172.82127211989769
81175,655.0,727.1967775211222,-72.19677752112216
81194,1220.0,1096.503173317828,123.49682668217201
81209,1352.0,1055.6904291222293,296.30957087777074
81234,705.0,711.8612931517382,-6.861293151738209
81361,1030.0,1027.5242947591535,2.475705240846537
81380,630.0,566.5357142422998,63.46428575770017
81416,645.0,675.3297924487593,-30.32979244875935
81444,1180.0,1072.4088382498428,107.5911617501572
81445,1445.0,1091.8999676083586,353.10003239164143
81616,1515.0,1193.1779073763435,321.82209262365654
81643,1003.0,1186.967810823552,-183.9678108235521
81711,1420.0,1189.8320640916122,230.1679359083878
81743,1543.0,1209.3039100265376,333.69608997346245
81814,710.0,665.5412719085315,44.458728091468515
81815,1400.0,1223.332161711185,176.6678382888149
81935,720.0,687.8649069367652,32.13509306323476
81993,1115.0,917.7192729740165,197.28072702598354
82023,1020.0,1157.4590506700802,-137.45905067008016
82086,1015.0,942.8270719855068,72.17292801449321
82119,1275.0,1056.2436331670237,218.75636683297625
82196,612.0,561.356908319357,50.64309168064301
82239,1225.0,1140.275868891808,84.72413110819207
82245,1045.0,1223.4537657290907,-178.45376572909072
82309,1010.0,1184.3961548843904,-174.3961548843904
82317,665.0,605.6244500680165,59.37554993198353
82425,1280.0,1240.8458482988483,39.154151701151704
82432,784.0,688.555825465249,95.44417453475103
82483,1395.0,1227.7703446355365,167.2296553644635
82497,1130.0,949.2556795058841,180.74432049411587
82523,875.0,1206.6432728421987,-331.6432728421987
82628,1315.0,1145.680674044808,169.31932595519197
82638,920.0,703.8671520990495,216.13284790095054
82642,1640.0,1236.426043722518,403.573956277482
82708,430.0,605.6354671353945,-175.6354671353945
82761,1210.0,1201.588638202248,8.411361797752079
82817,1275.0,1018.4960668692715,256.50393313072846
82818,1705.0,1243.6757933712736,461.3242066287264
82879,985.0,1074.3909363173007,-89.39093631730066
82922,1195.0,1088.4157835696622,106.58421643033785
82941,1300.0,1105.6296413670002,194.3703586329998
82961,1183.0,1137.4584377995884,45.54156220041159
83020,995.0,1092.0126041985877,-97.01260419858772
83254,1555.0,1286.2887655894044,268.7112344105956
83333,1165.0,1033.837676125635,131.16232387436503
83439,670.0,675.5101854546991,-5.510185454699126
83601,1020.0,1296.0644689940893,-276.06446899408934
83607,1036.0,985.1329683757347,50.86703162426534
83802,1350.0,1213.846317914031,136.15368208596897
83883,779.0,727.4051847896827,51.59481521031728
83987,1014.0,1037.201821378566,-23.20182137856591
83994,711.0,730.3490195278487,-19.349019527848668
84022,1110.0,1127.74500679923,-17.74500679922994
84282,1407.0,1253.868141768778,153.13185823122194
84384,1535.0,1154.9121987768283,380.0878012231717
84554,1245.0,1224.282726154954,20.717273845046066
84688,1566.0,1272.120147918973,293.8798520810269
84788,1040.0,1015.0483533918795,24.95164660812054
84850,1285.0,1093.4087086916943,191.5912913083057
84899,1460.0,1312.6672331892123,147.3327668107877
84908,1080.0,1052.9269111960834,27.073088803916562
84914,1056.0,936.3797324462884,119.62026755371164
85101,1345.0,1165.0248961235645,179.97510387643547
85175,1250.0,1209.6129093631432,40.38709063685678
85230,1160.0,1173.9631492561068,-13.963149256106817
85262,1075.0,940.4023218120878,134.59767818791215
85431,1330.0,1227.7219123029522,102.2780876970478
85507,1548.0,1246.882268797213,301.1177312027869
85548,1215.0,1241.6592472362033,-26.659247236203328
85778,790.0,735.4626228222962,54.537377177703775
85903,1125.0,1057.2208863775554,67.77911362244458
85979,741.0,659.0130817908241,81.98691820917588
86049,870.0,888.8896244150611,-18.88962441506112
86110,1020.0,1023.4909475985286,-3.490947598528578
86155,1105.0,1080.3800364858064,24.619963514193614
86225,1290.0,1018.1164063148381,271.88359368516194
86255,1150.0,1206.885208073933,-56.88520807393297
86261,1405.0,1198.9909824607491,206.00901753925086
86285,1330.0,1265.4885512682959,64.51144873170415
86297,1260.0,1273.4501654383284,-13.45016543832844
86337,1110.0,1138.176111718507,-28.176111718506945
86431,985.0,702.804641899453,282.19535810054697
86435,660.0,721.1290836672683,-61.12908366726833
86443,1440.0,1226.5071373210492,213.49286267895081
86485,945.0,1119.5674887151538,-174.5674887151538
86620,1480.0,1258.0228516851246,221.97714831487542
86638,1025.0,990.843386231798,34.156613768201964
86722,745.0,718.4557154353829,26.5442845646171
86736,1285.0,1224.459094117071,60.54090588292911
86738,1310.0,1083.5814594037192,226.41854059628076
86828,430.0,647.9460394326937,-217.94603943269374
86877,1595.0,1241.2888078583323,353.71119214166765
86895,1120.0,1262.914723962038,-142.9147239620379
86906,645.0,683.2885616734181,-38.288561673418144
86922,665.0,714.878768782191,-49.878768782190946
86975,1285.0,1237.7159542558584,47.28404574414162
86987,1197.0,1089.9817399754488,107.01826002455118
87000,1385.0,1187.1685630179284,197.83143698207164
87053,720.0,650.9297968470686,69.07020315293141
87073,545.0,620.9775178105824,-75.97751781058241
87102,911.0,754.9539761892539,156.04602381074608
87105,776.0,707.3691834942167,68.63081650578329
87121,1310.0,1192.134446741012,117.86555325898803
87136,921.0,679.7938778841717,241.2061221158283
87138,740.0,626.6261289367185,113.37387106328151
87177,625.0,618.8923385305999,6.107661469400114
87267,660.0,695.4990632827004,-35.49906328270038
87270,1040.0,1032.0112299350822,7.988770064917844
87285,650.0,701.3089653378622,-51.30896533786222
87386,1030.0,998.9487067325413,31.051293267458732
87394,680.0,739.7333692315577,-59.73336923155773
87404,995.0,1066.7210221490966,-71.7210221490966
87424,790.0,1051.1448207713672,-261.1448207713672
87450,1325.0,1201.7191934794557,123.28080652054427
87454,940.0,1020.9817516148203,-80.98175161482027
87546,1210.0,1123.993988599946,86.00601140005392
87558,1100.0,1087.9030567687773,12.096943231222667
87586,1270.0,1053.6204404701487,216.37955952985135
87612,995.0,748.125053091643,246.87494690835695
87629,1375.0,1256.688737034571,118.31126296542902
87671,765.0,719.7810675529154,45.218932447084626
87698,900.0,1151.9688050215618,-251.96880502156182
87707,1609.0,1284.9119256908932,324.0880743091068
87715,1190.0,1143.8257393388442,46.17426066115581
87798,1030.0,1271.00515174057,-241.00515174057
87830,1465.0,1090.9720555854408,374.0279444145592
87840,1395.0,1181.7546776662646,213.24532233373543
87871,665.0,674.445652459165,-9.44565245916499
87880,1245.0,1279.7486923770293,-34.74869237702933
87886,790.0,689.5136493877977,100.48635061220227
87913,1130.0,1187.5866659772087,-57.58666597720867
87914,1235.0,1171.1938149027574,63.80618509724263
87951,917.0,746.9131999300123,170.0868000699877
87956,1185.0,1118.9278794179888,66.07212058201117
88302,1184.0,1183.3081918557668,0.6918081442331641
88327,735.0,694.151276992111,40.84872300788902
88344,680.0,633.604246817651,46.39575318234904
88421,950.0,949.4338252238038,0.5661747761962488
88429,930.0,1039.0421766214918,-109.04217662149176
88437,948.0,725.224695609081,222.77530439091902
88493,840.0,1145.5306416358194,-305.5306416358194
88501,775.0,636.6287012894855,138.37129871051445
88516,1250.0,1192.4082362656998,57.59176373430023
88598,1235.0,1175.6326834572546,59.36731654274536
88620,1180.0,1099.588510446827,80.41148955317294
88622,696.0,660.1483020739008,35.85169792609918
88681,985.0,1051.3784220503617,-66.37842205036168
88701,593.0,694.0575568005859,-101.05755680058587
88720,1160.0,1204.1264645502054,-44.126464550205355
88765,1456.0,1185.145603754416,270.854396245584
88776,1355.0,1194.109441862539,160.89055813746108
88828,1327.0,1262.9099562626907,64.09004373730932
88872,710.0,634.9974311497451,75.00256885025487
88886,1255.0,1098.965351624914,156.0346483750859
88912,470.0,522.9075875191994,-52.90758751919941
88915,890.0,982.3170828683715,-92.31708286837147
88917,1224.0,1099.1994864550572,124.80051354494276
88926,699.0,639.6404681426135,59.359531857386514
88958,711.0,652.0634601231482,58.93653987685184
89012,1375.0,1147.140462375169,227.8595376248311
89044,930.0,1072.9942839160367,-142.9942839160367
89066,1275.0,1108.4189504390945,166.5810495609055
89086,865.0,694.5278736889851,170.4721263110149
89118,1265.0,1095.8979459422694,169.10205405773058
89125,650.0,690.0355696806337,-40.03556968063367
89141,902.0,1065.4816463908037,-163.4816463908037
89157,755.0,757.6614620147997,-2.6614620147996675
89308,720.0,674.6045227783293,45.39547722167072
89323,1140.0,1197.16465818491,-57.16465818490997
89324,1425.0,1166.183437016546,258.8165629834541
89374,1335.0,1185.2368915949323,149.76310840506767
89390,1195.0,999.0160745296597,195.9839254703403
89402,750.0,881.808834031722,-131.80883403172197
89434,1100.0,1099.3215809555916,0.6784190444084288
89512,813.0,713.0846594393623,99.91534056063767
89513,1170.0,1088.4402828936786,81.55971710632139
89521,1310.0,1179.7231070942921,130.27689290570788
89575,630.0,625.0427939875779,4.957206012422148
89588,750.0,614.4326563967874,135.56734360321263
89594,1355.0,1179.2432303688452,175.75676963115484
89597,1100.0,1095.486403809486,4.513596190513908
89604,1140.0,1004.5311493358214,135.4688506641786
89653,720.0,702.7665091378716,17.233490862128406
89660,705.0,621.0550969561547,83.94490304384533
89752,1060.0,696.1452543491683,363.85474565083166
89833,995.0,1004.7880363006088,-9.788036300608837
89836,1075.0,1095.3256532838498,-20.32565328384976
89898,1300.0,1123.3834685732313,176.6165314267687
89943,870.0,752.5347670472569,117.46523295274312
89965,800.0,688.8752127512031,111.1247872487969
90069,910.0,1026.841380498758,-116.8413804987581
90208,846.0,665.0317223365557,180.96827766344427
90263,735.0,730.206897471377,4.793102528622967
90269,1040.0,1248.1311145180366,-208.1311145180366
90323,887.0,987.5196993639381,-100.51969936393812
90355,1356.0,1134.6613249187262,221.33867508127378
90393,1185.0,1054.9609318198238,130.03906818017617
90425,900.0,949.067036362901,-49.067036362901035
90444,1035.0,756.7678022712305,278.2321977287695
90480,785.0,693.703795523349,91.29620447665104
90484,950.0,1122.6858343861866,-172.68583438618657
90565,840.0,769.1233155539803,70.87668444601968
90569,530.0,715.4294765629118,-185.42947656291176
90580,1100.0,939.5782997582095,160.42170024179052
90740,695.0,583.7726693556908,111.22733064430918
90853,1445.0,1336.3429918749216,108.65700812507839
90916,671.0,720.9411014891576,-49.94110148915763
90925,1240.0,1250.4196220582628,-10.419622058262803
90944,1275.0,1241.1811679920988,33.818832007901165
91023,750.0,663.174169291655,86.82583070834505
91069,1370.0,1116.7308371004283,253.2691628995717
91192,1160.0,1255.438897857711,-95.43889785771103
91284,790.0,1076.913356526386,-286.913356526386
91361,985.0,972.8636701092669,12.136329890733123
91387,1114.0,1100.6942700024697,13.305729997530307
91395,815.0,958.6980328647765,-143.69803286477645
91541,1150.0,954.5680018145238,195.43199818547623
91545,1455.0,1249.4220178562566,205.57798214374338
91616,1155.0,1277.6280758531302,-122.62807585313021
91628,1395.0,1269.4393893031877,125.56061069681232
91655,893.0,693.3465481593942,199.65345184060584
91714,1125.0,1029.1004129574678,95.89958704253218
91781,1760.0,1273.9036599075089,486.0963400924911
91828,1312.0,1115.8738989338117,196.1261010661883
91856,1090.0,1073.214546663158,16.78545333684201
91870,1415.0,1143.695801701112,271.30419829888797
91875,1070.0,1071.1638653481104,-1.1638653481104484
91906,1515.0,1201.0128206195386,313.9871793804614
91909,827.0,661.739062534783,165.260937465217
91980,1115.0,1031.487488989599,83.51251101040111
91999,1065.0,1298.2275001566836,-233.22750015668362
92004,1385.0,1225.2003918225578,159.79960817744222
92013,1369.0,1120.6471772483656,248.35282275163445
92084,1113.0,945.5837625069563,167.4162374930437
92091,1387.0,1230.4038087605536,156.5961912394464
92152,965.0,980.0952458230288,-15.09524582302879
92193,793.0,1068.6652911540723,-275.6652911540723
92243,1070.0,939.6400798524583,130.35992014754174
92287,825.0,865.5871774657536,-40.5871774657536
92294,1411.0,1010.9811461324501,400.01885386754986
92318,1081.0,935.9579334285435,145.04206657145653
92399,1095.0,909.6724217679745,185.32757823202553
92417,1070.0,1234.2073415231819,-164.20734152318187
92460,1149.0,971.6636859733392,177.33631402666083
92463,1310.0,1133.043406654262,176.95659334573793
92488,859.0,911.0237444564387,-52.02374445643875
92517,995.0,980.0722417218353,14.927758278164674
92549,1180.0,1091.12624254509,88.87375745490999
92553,1110.0,1184.1239924394672,-74.1239924394672
92614,1345.0,1201.3148473161305,143.68515268386955
92621,745.0,718.7994786569923,26.200521343007722
92644,1200.0,1032.7021495917622,167.29785040823776
92669,840.0,978.2056574815406,-138.20565748154058
92678,776.0,635.0848370825283,140.91516291747166
92770,1180.0,1145.4447081233689,34.555291876631145
92785,650.0,678.8547149962621,-28.854714996262146
92862,1310.0,1095.5240170774775,214.47598292252246
92871,1213.0,1103.2942264042283,109.70577359577169
92900,825.0,690.1142149312687,134.88578506873125
92904,1344.0,1211.052202940436,132.94779705956398
93001,1239.0,1150.0086486853695,88.99135131463049
93071,991.0,814.4821251368257,176.51787486317426
93089,1230.0,1150.3209841962175,79.67901580378248
93099,1210.0,1254.9592711289724,-44.95927112897243
93141,1250.0,1074.238763750713,175.7612362492871
93188,1420.0,1116.6943075027966,303.3056924972034
93192,1047.0,1074.8038813439862,-27.803881343986177
93193,650.0,720.3446394161698,-70.3446394161698
93244,985.0,920.8000385559067,64.19996144409333
93254,965.0,1046.5572768978502,-81.55727689785022
93274,1170.0,1118.9806237450334,51.01937625496657
93358,1460.0,1150.5434007162119,309.45659928378814
93414,1028.0,1022.3804251005063,5.619574899493728
93432,975.0,993.2806136317531,-18.280613631753113
93438,1149.0,1110.03551841964,38.964481580359916
93530,1050.0,1037.7474317763742,12.252568223625758
93549,835.0,1089.758062558262,-254.75806255826205
93550,1070.0,1091.9540866068055,-21.954086606805504
93563,1150.0,1009.0065986211531,140.9934013788469
93588,875.0,700.6877025598588,174.31229744014115
93597,1375.0,1240.4245886879737,134.5754113120263
93621,1258.0,1043.8500574466839,214.14994255331612
93635,785.0,703.233693510036,81.766306489964
93647,874.0,1055.4234981267794,-181.42349812677935
93677,1257.0,1107.6451108330114,149.35488916698864
93717,1080.0,1191.619569836107,-111.61956983610708
93751,840.0,958.3235018932346,-118.3235018932346
93758,1030.0,982.4326199397337,47.56738006026626
93779,1400.0,1261.6146142164905,138.3853857835095
93885,1230.0,1241.6628552315433,-11.66285523154329
93893,1335.0,1166.0817264964835,168.9182735035165
93894,1400.0,1132.4542222513164,267.5457777486836
93931,1080.0,1101.4628645947398,-21.462864594739813
93977,1270.0,1295.0234821495467,-25.02348214954668
93999,1345.0,1148.5188502963601,196.48114970363986
94014,882.0,1030.408286516873,-148.40828651687298
94025,995.0,985.2518737519879,9.748126248012113
94116,740.0,721.4211631425602,18.578836857439796
94163,1155.0,1073.3244255339898,81.67557446601018
94187,1020.0,1179.1750029128905,-159.17500291289048
94251,625.0,816.4891576057873,-191.48915760578734
94257,1385.0,1108.3322111751281,276.6677888248719
94366,1085.0,1194.4802712249034,-109.48027122490339
94377,1188.0,1171.8872417708308,16.11275822916923
94391,1235.0,1114.4942684153737,120.50573158462635
94411,1240.0,1305.2435176858537,-65.2435176858537
94431,1468.0,1226.6706217093079,241.32937829069215
94466,1115.0,1015.3923722261889,99.60762777381115
94472,955.0,1085.1014007663405,-130.10140076634048
94474,1070.0,974.8461864408547,95.1538135591453
94503,775.0,1056.9842503023706,-281.9842503023706
94530,915.0,1143.23577781178,-228.23577781178005
94560,1335.0,1261.7033889428646,73.29661105713535
94581,1306.0,1049.6971242152185,256.30287578478146
94582,1147.0,1059.8707174812603,87.12928251873973
94626,1130.0,1081.9787652187554,48.02123478124463
94632,1030.0,952.0038610459972,77.99613895400284
94649,1030.0,1003.5419508692235,26.458049130776544
94681,1202.0,1071.753960237905,130.24603976209505
94809,1284.0,1103.1791008372284,180.82089916277164
94812,795.0,722.1678028522533,72.83219714774668
94813,905.0,951.5827085147574,-46.58270851475743
94815,1545.0,1278.0039808299741,266.9960191700259
94821,875.0,1226.9280121936654,-351.9280121936654
94840,1020.0,1075.9504269455838,-55.950426945583786
94866,655.0,706.7430361832427,-51.74303618324268
94902,1135.0,992.214773255153,142.78522674484702
94927,1351.0,1207.2718408429862,143.7281591570138
94960,1263.0,1081.9322797180366,181.06772028196337
95034,920.0,1210.8068214368222,-290.80682143682225
95062,1280.0,1106.7098463895918,173.2901536104082
95063,1190.0,1086.7892393140955,103.21076068590446
95072,1400.0,1131.7835723912222,268.21642760877785
95081,1456.0,1190.2500223664674,265.7499776335326
95118,1155.0,1274.9997616395492,-119.9997616395492
95127,1350.0,1194.6649825829186,155.33501741708142
95137,965.0,746.9047145403824,218.09528545961757
95145,1409.0,1280.0056222020735,128.99437779792652
95158,680.0,578.1189178506407,101.88108214935926
95161,700.0,690.6055395067331,9.394460493266934
95172,1014.0,1129.8939125664142,-115.8939125664142
95211,1210.0,1038.2207646754466,171.77923532455338
95226,801.0,644.2262280036774,156.77377199632258
95227,1130.0,1067.731983589256,62.26801641074394
95243,1191.0,1082.6347970108282,108.36520298917185
95251,1303.0,1270.0217661379447,32.978233862055276
95259,1405.0,1219.5918464965728,185.40815350342723
95316,1179.0,1161.707756978736,17.292243021264085
95327,1080.0,1018.6466170451968,61.35338295480324
95350,861.0,736.7084316520372,124.29156834796277
95357,1415.0,1252.016285279082,162.983714720918
95385,505.0,584.7949290861178,-79.7949290861178
95448,1140.0,1282.1212286321463,-142.1212286321463
95472,815.0,687.5264256350846,127.47357436491541
95485,970.0,959.88563386389,10.114366136109993
95506,1160.0,1150.4627866730998,9.5372133269002
95542,1155.0,1111.6962493055978,43.3037506944022
95560,675.0,676.005495184685,-1.0054951846849463
95572,810.0,729.7862404046615,80.2137595953385
95593,1180.0,978.1667374357742,201.83326256422583
95597,1430.0,1231.6647101512467,198.3352898487533
95611,1095.0,1010.2956038006103,84.70439619938975
95635,780.0,696.3555769947446,83.64442300525536
95665,1185.0,979.8938696221177,205.10613037788232
95686,1290.0,1198.5921902892683,91.40780971073173
95700,1110.0,1138.8990335981966,-28.899033598196638
95715,490.0,866.3490651551342,-376.3490651551342
95727,1020.0,1123.1473154823116,-103.14731548231157
95730,1098.0,994.9134392353752,103.08656076462478
95738,1450.0,1229.9266461065288,220.07335389347122
95750,1170.0,1102.2090261776261,67.79097382237387
95758,1120.0,1085.842370184925,34.1576298150751
95803,850.0,1050.399318213285,-200.39931821328491
95829,1335.0,1103.349739359593,231.65026064040694
95856,1240.0,1049.1414915710675,190.8585084289325
95866,770.0,692.6027876000812,77.39721239991877
95886,1289.0,1204.617137784207,84.38286221579301
95892,1763.0,1119.7971310846347,643.2028689153653
95903,715.0,651.0983748695025,63.90162513049745
95909,1085.0,1074.858298393135,10.141701606864899
95916,1205.0,1196.7308140577472,8.269185942252761
95944,725.0,690.3381992776023,34.66180072239774
95946,635.0,754.6566133199791,-119.6566133199791
95947,760.0,665.4449750641356,94.55502493586437
95954,1185.0,1195.825514102966,-10.825514102966054
95958,789.0,678.1618003049776,110.83819969502235
95959,1275.0,1133.3382516812612,141.66174831873877
95962,1301.0,1146.966288349795,154.03371165020508
95963,1411.0,1270.3652398741483,140.6347601258517
95964,925.0,1099.13148894252,-174.13148894252004
95976,980.0,850.7051935613416,129.29480643865838
95981,1110.0,1189.9285467892948,-79.92854678929484
95983,678.0,638.8693202848334,39.13067971516659
95997,1102.0,925.3344827521652,176.66551724783483
95999,1110.0,710.0373667399338,399.96263326006624
96004,1230.0,1104.8929039364455,125.10709606355454
96006,1345.0,1274.6712033872416,70.32879661275842
96038,600.0,718.3980816518505,-118.39808165185048
96040,850.0,1005.9933975746902,-155.99339757469022
96049,1210.0,1199.9575406691524,10.042459330847578
96102,1365.0,1098.4596641946869,266.54033580531313
96114,995.0,718.5276131717931,276.47238682820694
96123,830.0,1264.0582580363648,-434.0582580363648
96131,1195.0,1290.2828553255283,-95.28285532552832
96133,965.0,1065.176485474176,-100.17648547417593
96158,1213.0,1276.862698507074,-63.8626985070739
96160,1190.0,1198.6284195874584,-8.628419587458438
96161,1334.0,1141.9963728303296,192.00362716967038
96167,1070.0,1148.6612960344398,-78.66129603443983
96205,1262.0,1020.7210026063291,241.27899739367092
96213,573.0,687.7295534011754,-114.7295534011754
96222,1235.0,1264.238006815156,-29.23800681515604
96232,1334.0,1207.3648536849219,126.63514631507815
96280,1065.0,1144.0630838059471,-79.06308380594714
96286,1460.0,1021.8847750743156,438.1152249256844
96305,1285.0,1227.262535567837,57.73746443216305
96310,1750.0,1310.8163034470326,439.1836965529674
96379,1390.0,1152.2274783011621,237.77252169883786
96408,971.0,712.9963907749619,258.0036092250381
96447,585.0,735.1263646268133,-150.12636462681326
96457,1127.0,1124.941696104989,2.058303895011022
96545,1020.0,1056.1471780530765,-36.14717805307646
96554,1190.0,1118.808543456692,71.19145654330805
96558,1045.0,1170.3679478841666,-125.3679478841666
96563,1295.0,1289.2810581769613,5.718941823038676
96582,1197.0,1158.4164147909667,38.583585209033345
96612,721.0,619.0633233865058,101.93667661349423
96626,1534.0,1252.0263062988975,281.97369370110255
96643,1265.0,1096.4803164169575,168.51968358304248
96646,1047.0,1109.252020510381,-62.252020510381044
96674,1452.0,1243.1922049038146,208.80779509618537
96677,1050.0,1110.9260979440069,-60.92609794400687
96690,835.0,598.5834020195654,236.41659798043463
96700,1137.0,1238.4403762958261,-101.44037629582613
96737,1315.0,1142.504960394324,172.49503960567608
96744,760.0,702.9267825039173,57.07321749608275
96783,838.0,647.7671471631644,190.2328528368356
96788,1372.0,1154.9100710423395,217.0899289576605
96792,838.0,943.6050879598039,-105.60508795980388
96803,560.0,642.2889305721252,-82.2889305721252
96805,790.0,610.6888565462071,179.31114345379285
96816,873.0,707.3691834942167,165.6308165057833
96847,770.0,693.1624658163832,76.83753418361675
96856,1170.0,1021.897580553577,148.10241944642303
96860,793.0,861.6336607538059,-68.63366075380588
96867,1010.0,1034.7056273690991,-24.705627369099147
96894,1310.0,1213.0229571615953,96.97704283840471
96899,1298.0,1260.1701624362909,37.829837563709134
96918,1060.0,1003.2533944357477,56.74660556425226
96924,1240.0,1179.909472848295,60.09052715170492
96982,1150.0,1055.0198723033757,94.98012769662432
96986,1466.0,1146.346278834671,319.653721165329
96993,1090.0,1036.885335774513,53.114664225487104
96999,1240.0,1169.255856120073,70.74414387992692
97000,1570.0,1254.4451077349324,315.55489226506756
97001,1191.0,1193.2967539352644,-2.2967539352644053
97007,1208.0,1120.9088246852452,87.09117531475476
97027,520.0,705.2552691845908,-185.25526918459082
97034,990.0,1116.3712341332157,-126.3712341332157
97040,1470.0,1258.8521314563595,211.14786854364047
97043,1300.0,1257.3955028154319,42.60449718456812
97074,640.0,644.8785660856161,-4.8785660856160575
97082,1150.0,1028.279661031861,121.720338968139
97108,1110.0,1279.0691073727853,-169.0691073727853
97119,870.0,1113.0814112916407,-243.08141129164073
97158,1036.0,1046.7751052994777,-10.775105299477673
97159,970.0,1058.3299242433736,-88.32992424337363
97169,920.0,979.9036887499221,-59.90368874992214
97208,1356.0,1231.5282381789682,124.4717618210318
97219,1455.0,1159.067939052639,295.9320609473609
97251,1478.0,1234.7291629443055,243.27083705569453
97252,621.0,1289.701737757995,-668.701737757995
97265,720.0,743.4193851036482,-23.41938510364821
97272,1310.0,1119.6256468541187,190.3743531458813
97279,1063.0,1108.2165878926703,-45.216587892670304
97327,1003.0,1097.2690413201965,-94.2690413201965
97333,885.0,1024.224181957298,-139.22418195729801
97360,865.0,1157.3824681187268,-292.3824681187268
97362,990.0,952.5794848396124,37.420515160387595
97372,1195.0,1044.859361052873,150.14063894712694
97403,1345.0,1289.6258135121013,55.37418648789867
97415,887.0,1014.0900520381985,-127.09005203819845
97469,870.0,966.8111423177518,-96.81114231775177
97489,1530.0,1276.801369762516,253.19863023748394
97492,1150.0,1201.0128206195386,-51.012820619538616
97505,687.0,529.5706067875399,157.42939321246013
97543,1290.0,1281.9196541202566,8.08034587974339
97550,1197.0,1107.1487399141138,89.85126008588622
97568,1010.0,1281.5082375711308,-271.50823757113085
97575,1550.0,1233.8054178729174,316.19458212708264
97600,1598.0,1086.04720599376,511.9527940062401
97622,1555.0,1271.7567612232863,283.2432387767137
97628,887.0,953.2601764196743,-66.26017641967428
97634,600.0,672.3207650020211,-72.32076500202106
97635,732.0,1004.4541770970235,-272.4541770970235
97644,1102.0,998.9068991288414,103.09310087115864
97669,745.0,743.7243897491975,1.275610250802515
97686,915.0,938.2738187498665,-23.27381874986645
97693,535.0,640.6996678499313,-105.6996678499313
97710,1020.0,947.421511855413,72.57848814458703
97716,1450.0,1304.6884484871332,145.3115515128668
97724,1045.0,1096.0403812576444,-51.04038125764441
97725,1275.0,1149.8632524920179,125.13674750798214
97744,1495.0,1262.141076695441,232.85892330455908
97769,1191.0,1040.7518278650175,150.2481721349825
97772,1206.0,1072.376872212162,133.62312778783803
97774,730.0,681.2480114538924,48.751988546107555
97779,865.0,665.9295210191424,199.07047898085762
97781,1120.0,1089.7619873985414,30.23801260145865
97785,1155.0,1285.951860765078,-130.95186076507798
97817,775.0,681.2701424890043,93.72985751099566
97830,727.0,815.6786042270936,-88.67860422709362
97835,700.0,693.2036071299726,6.7963928700273755
97845,660.0,911.5553207993933,-251.55532079939326
97851,730.0,739.5666834811243,-9.5666834811243
97852,1325.0,1147.816663902194,177.18333609780598
97861,1438.0,1245.9697746709253,192.0302253290747
97869,1170.0,1238.7997478331001,-68.79974783310013
97907,1080.0,1133.9586339562627,-53.9586339562627
97932,1091.0,1092.6015770388321,-1.601577038832147
97969,1118.0,1074.338955612623,43.66104438737693
98004,1084.0,1036.0375950146524,47.962404985347575
98013,1036.0,1227.8391220665858,-191.8391220665858
98019,1164.0,1084.363604165867,79.63639583413305
98020,1495.0,1062.9304783966115,432.06952160338847
98023,625.0,698.4774949528727,-73.47749495287269
98024,1350.0,1237.9431116739272,112.0568883260728
98027,610.0,610.448419167884,-0.44841916788402614
98034,1460.0,1222.7737179076528,237.22628209234722
98038,1280.0,1160.5358559325064,119.46414406749363
98094,1170.0,1100.8148411232555,69.18515887674448
98097,1019.0,943.441874973922,75.55812502607796
98103,1168.0,1195.0419736611009,-27.041973661100883
98120,840.0,740.5576986561936,99.44230134380643
98145,870.0,969.8014900714676,-99.80149007146758
98155,1400.0,1291.159739173539,108.84026082646096
98162,1050.0,1113.0292754899638,-63.029275489963766
98190,770.0,719.315269072882,50.68473092711804
98268,992.0,1204.0734964743338,-212.07349647433375
98270,1102.0,1168.3531585664628,-66.35315856646275
98272,1113.0,1096.8436589864766,16.156341013523388
98298,635.0,719.5459534980266,-84.54595349802662
98301,930.0,1062.5030992340696,-132.50309923406962
98304,960.0,1111.2131382179373,-151.21313821793728
98309,670.0,607.1581372385542,62.84186276144578
98319,1100.0,1109.3840425011042,-9.384042501104204
98321,766.0,988.6707016854306,-222.67070168543057
98335,954.0,1078.8645021103302,-124.86450211033025
98350,1405.0,1176.1671807794148,228.83281922058518
98363,975.0,1143.163165341668,-168.163165341668
98365,826.0,999.5049616852338,-173.50496168523375
98407,1255.0,1048.6440891351676,206.35591086483237
98440,1341.0,1081.4029094330776,259.59709056692236
98454,1565.0,1284.684565162105,280.31543483789505
98481,977.0,682.1256312760871,294.8743687239129
98492,1279.0,1301.2147189172247,-22.214718917224673
98501,850.0,986.0182114232022,-136.01821142320216
98545,1325.0,1145.9995972639304,179.00040273606965
98575,775.0,1071.895332971821,-296.89533297182106
98577,1070.0,1021.3613147919432,48.63868520805681
98581,905.0,1016.9064237670821,-111.90642376708206
98599,953.0,1054.6170878294058,-101.61708782940582
98623,550.0,636.8159683483223,-86.81596834832226
98624,1343.0,1187.5569414068182,155.44305859318183
98630,1282.0,1165.4542235608276,116.54577643917241
98636,1370.0,1133.3034973793465,236.69650262065352
98641,1030.0,925.194041048253,104.80595895174702
98645,800.0,673.846991484117,126.15300851588302
98661,1010.0,980.5820845007671,29.41791549923289
98667,1360.0,1129.3889659121671,230.61103408783288
98676,1165.0,1054.760321095998,110.23967890400195
98678,1090.0,1226.9606877157694,-136.96068771576938
98686,1435.0,1197.4771127245065,237.52288727549353
98688,1075.0,993.1022986963208,81.89770130367924
98692,915.0,755.2856609938965,159.7143390061035
98696,917.0,1006.2348650605508,-89.23486506055076
98710,1260.0,1181.6997332329142,78.30026676708576
98729,890.0,1017.5539471044361,-127.55394710443613
98735,1440.0,1191.845026154209,248.1549738457909
98737,1231.0,1068.1231043615812,162.87689563841877
98753,1110.0,1215.4308475357104,-105.43084753571043
98766,1315.0,1194.938490670351,120.06150932964897
98770,620.0,700.1292155604734,-80.12921556047343
98784,525.0,588.2911595311307,-63.29115953113069
98818,1275.0,1084.5588721582922,190.44112784170784
98841,565.0,679.3234413110972,-114.32344131109721
98853,1115.0,1095.613514063993,19.38648593600692
98864,710.0,736.1183152288431,-26.11831522884313
98879,995.0,742.5000328479779,252.49996715202212
98888,775.0,678.681500512696,96.31849948730405
98895,1360.0,1249.4649892785453,110.53501072145468
98921,1098.0,1037.8396423814377,60.16035761856233
98946,1220.0,915.7397066745949,304.2602933254051
98947,1395.0,1171.0284355150748,223.97156448492524
98955,1310.0,1054.854997763464,255.1450022365359
98960,1555.0,1095.2787639531393,459.72123604686067
99053,1340.0,1075.748597836568,264.251402163432
99069,1021.0,1126.7768286565797,-105.77682865657971
99116,1008.0,1015.2295229643693,-7.2295229643692664
99118,1575.0,1316.387430277954,258.6125697220459
99121,1230.0,978.2572268235272,251.74277317647284
99164,950.0,713.2888657743462,236.71113422565384
99245,1195.0,927.2635287210055,267.7364712789945
99246,1003.0,1083.042262400076,-80.04226240007597
99249,1090.0,1063.8036642295078,26.19633577049217
99325,1010.0,1043.6204837065136,-33.620483706513596
99334,1452.0,1226.0568145866393,225.94318541336065
99385,1300.0,1233.9653062103512,66.03469378964883
99401,1225.0,1037.6529279513015,187.34707204869846
99403,1565.0,1244.762359528975,320.2376404710251
99484,820.0,746.086556811425,73.913443188575
99488,1345.0,1252.4682095654707,92.53179043452928
99490,1065.0,1065.5579553871978,-0.5579553871978078
99508,1178.0,1026.2514188349057,151.74858116509427
99523,1300.0,1208.4225447826527,91.57745521734728
99532,745.0,1085.4259862018005,-340.42598620180047
99565,1090.0,1108.27759864943,-18.277598649430047
99571,940.0,1012.158685511898,-72.15868551189806
99572,1310.0,1142.5049195222207,167.4950804777793
99580,1330.0,1158.690486329014,171.309513670986
99597,730.0,690.0783679855724,39.92163201442759
99611,1090.0,1108.7870972619626,-18.787097261962572
99650,1095.0,1028.9094980922553,66.09050190774474
99659,1170.0,1156.1552541434169,13.844745856583131
99683,1418.0,1136.761128744241,281.238871255759
99694,1289.0,1253.4050712174635,35.5949287825365
99695,1312.0,1266.765389489517,45.23461051048298
99713,1180.0,1070.7547944870787,109.2452055129213
99714,893.0,987.5109034875001,-94.51090348750006
99729,785.0,608.8030666045196,176.19693339548041
99738,942.0,979.3175818693436,-37.3175818693436
99754,1193.0,1210.6196525183896,-17.619652518389557
99755,848.0,1038.3692697675565,-190.3692697675565
99762,875.0,981.0060287313048,-106.00602873130481
99808,1550.0,1024.5815756866693,525.4184243133307
99825,1195.0,1171.3236954837082,23.676304516291793
99830,1180.0,1150.7637641793922,29.236235820607817
99842,785.0,659.4666054903037,125.53339450969634
99856,755.0,662.2792875662278,92.72071243377218
99943,1240.0,1135.6190885143214,104.38091148567855
99960,790.0,642.0830382874299,147.91696171257013
99964,1115.0,1177.240193933102,-62.24019393310209
99980,1405.0,1290.6076958964325,114.39230410356754
99997,1180.0,1073.2026663080912,106.79733369190876
100003,1185.0,1063.6935787240227,121.3064212759773
100005,1150.0,1027.1556194429975,122.84438055700252
100007,1080.0,1092.8815379807704,-12.881537980770418
100036,600.0,718.159529656404,-118.15952965640395
100043,680.0,695.4990632827004,-15.499063282700376
100049,1030.0,987.7340029583315,42.26599704166847
100066,1210.0,1261.8360208057607,-51.836020805760654
100078,1508.0,1086.7892393140955,421.21076068590446
100091,1185.0,979.8338291793959,205.16617082060407
100097,795.0,711.3323310205382,83.66766897946184
100123,555.0,587.5794123897035,-32.57941238970352
100133,1080.0,1089.706251563216,-9.706251563216028
100140,1070.0,1092.1817015269596,-22.181701526959614
100142,826.0,682.4771281954476,143.52287180455244
100164,660.0,697.6461916809203,-37.64619168092031
100185,945.0,1081.0694830806422,-136.06948308064216
100207,640.0,709.3408202120902,-69.3408202120902
100233,1260.0,1196.785417011644,63.214582988355914
100243,1390.0,1117.9387319784043,272.06126802159565
100252,1551.0,1271.4450507411088,279.55494925889116
100265,1260.0,1256.8533326086763,3.1466673913237173
100269,1210.0,1220.5170033751724,-10.517003375172408
100291,990.0,996.3361284442951,-6.336128444295127
100311,953.0,1030.5016070271884,-77.50160702718836
100314,1125.0,981.0330369107152,143.96696308928483
100322,948.0,1054.4029064258095,-106.40290642580953
100353,565.0,687.5755719751421,-122.57557197514211
100402,1140.0,1140.3939348561717,-0.39393485617165425
100430,810.0,713.1182847687439,96.88171523125607
100433,970.0,1061.4138836627444,-91.41388366274441
100479,840.0,1073.6961580108139,-233.69615801081386
100496,1080.0,1021.9920925480778,58.007907451922165
100506,845.0,952.6890175271723,-107.68901752717227
100513,935.0,1192.7959695153168,-257.79596951531676
100564,1292.0,1188.341711088388,103.65828891161209
100570,1070.0,1088.883673661843,-18.883673661842977
100581,1020.0,933.8130330082921,86.18696699170789
100582,1050.0,1238.4403762958261,-188.44037629582613
100610,925.0,1197.2289595277275,-272.2289595277275
100611,926.0,1106.250147573199,-180.250147573199
100612,1391.0,1277.7394375325357,113.2605624674643
100633,827.0,899.1327099925188,-72.13270999251881
100638,765.0,693.0238295444505,71.97617045554955
100658,855.0,657.5405623712079,197.4594376287921
100685,945.0,1158.1038936648147,-213.10389366481468
100695,970.0,1078.0549884742059,-108.05498847420586
100706,1181.0,1090.6251669602402,90.37483303975978
100733,1220.0,1223.2243714364363,-3.224371436436286
100753,1255.0,1255.4955816979393,-0.49558169793931484
100755,600.0,675.5859104537092,-75.58591045370918
100760,1335.0,1201.083480577446,133.91651942255407
100769,930.0,1086.7892393140955,-156.78923931409554
100793,710.0,692.9713536411344,17.028646358865558
100795,1280.0,1186.3296923158136,93.67030768418635
100802,510.0,647.1420195553135,-137.14201955531348
100813,1010.0,929.3171918757251,80.68280812427486
100846,805.0,865.0211420525246,-60.021142052524624
100875,1291.0,1279.7326897785026,11.267310221497382
100876,660.0,712.004668244817,-52.004668244817026
100886,660.0,721.87748334993,-61.87748334993
100889,1058.0,1048.3372951596057,9.662704840394326
100892,1500.0,1253.4144110208188,246.58558897918124
100902,1370.0,1205.328190891366,164.67180910863408
100914,981.0,1167.452117777019,-186.4521177770191
100915,1150.0,1039.1707599011331,110.82924009886688
100918,1286.0,1170.6478119941346,115.3521880058654
100935,937.0,1106.7098463895918,-169.7098463895918
100957,1032.0,1065.4386696968636,-33.4386696968636
100997,811.0,625.0787502124758,185.92124978752418
101020,1400.0,1180.451255532393,219.5487444676071
101032,970.0,1026.639269142571,-56.63926914257104
101036,1320.0,1094.8713074355758,225.12869256442423
101039,1085.0,1069.814089954784,15.185910045215905
101041,1000.0,1017.4749220225455,-17.474922022545456
101057,1490.0,1140.348172427359,349.65182757264097
101069,870.0,684.8639114079351,185.13608859206488
101086,1113.0,1054.381873440493,58.61812655950689
101090,1345.0,1242.6330025645073,102.36699743549275
101110,1130.0,1164.2418572004572,-34.24185720045716
101127,1356.0,1216.096611114912,139.9033888850879
101132,619.0,710.7774379388569,-91.7774379388569
101146,370.0,633.8793886193031,-263.8793886193031
101147,1280.0,1143.0083619735494,136.99163802645057
101149,1275.0,1132.1491801344534,142.85081986554655
101151,1055.0,1101.00378116653,-46.00378116652996
101164,608.0,663.500738171376,-55.50073817137604
101172,1286.0,1270.1171669997545,15.882833000245455
101197,750.0,685.6659430289454,64.33405697105457
101198,1090.0,1008.8845908623044,81.11540913769556
101208,981.0,705.8699601156007,275.13003988439925
101216,1105.0,955.6023066486268,149.39769335137316
101220,735.0,718.7739031049125,16.226096895087494
101229,610.0,696.62934117079,-86.62934117078998
101250,1380.0,1130.30314738513,249.69685261487007
101260,545.0,667.2853588185544,-122.28535881855441
101290,1185.0,1229.839151975116,-44.83915197511601
101294,1422.0,1260.9488857517144,161.05111424828556
101299,1150.0,1041.500683278276,108.49931672172397
101309,1590.0,1301.3329769251006,288.66702307489936
101311,1030.0,1316.2260500102486,-286.2260500102486
101338,940.0,679.005056232306,260.99494376769405
101354,1215.0,1101.166961431412,113.83303856858811
101397,1125.0,693.1732383938619,431.8267616061381
101405,1040.0,1126.4980908737216,-86.4980908737216
101433,1025.0,1061.67733874086,-36.67733874086002
101439,710.0,695.0205092351987,14.979490764801312
101446,510.0,661.8123087381512,-151.81230873815116
101470,725.0,621.2219838224005,103.77801617759951
101477,1050.0,1067.0836138722616,-17.083613872261594
101482,1169.0,1090.568951942172,78.4310480578281
101483,1246.0,1247.768999446353,-1.7689994463530638
101496,1175.0,1247.8874793668742,-72.88747936687423
101502,1325.0,1259.4222171129304,65.57778288706959
101529,1415.0,1308.0190345112333,106.98096548876674
101544,925.0,1091.3706618438086,-166.37066184380865
101586,970.0,1162.1102808759151,-192.11028087591512
101623,1112.0,1269.1657640137057,-157.1657640137057
101640,1180.0,1091.4774615997344,88.5225384002656
101644,948.0,1033.0058082385688,-85.00580823856876
101650,771.0,915.5578776099785,-144.5578776099785
101674,1268.0,1227.0737998570748,40.926200142925154
101688,1420.0,1291.4313450369225,128.5686549630775
101697,1389.0,1132.16367957045,256.8363204295499
101704,945.0,880.7204182627765,64.27958173722345
101713,623.0,691.612399654474,-68.61239965447396
101717,1124.0,1177.5602551435738,-53.56025514357384
101719,721.0,746.4382588076045,-25.438258807604484
101722,1058.0,1127.0056138650898,-69.0056138650898
101724,854.0,732.2827484711183,121.71725152888166
101725,1444.0,1289.1658800288492,154.8341199711508
101744,618.0,688.5677283454553,-70.5677283454553
101748,1202.0,1062.1524672631103,139.84753273688966
101767,948.0,734.8228238473816,213.17717615261836
101777,681.0,612.4402147223443,68.55978527765569
101806,942.0,1277.7394375325357,-335.7394375325357
101872,1213.0,1042.0706182050264,170.92938179497355
101877,776.0,690.0857794369344,85.91422056306556
101888,937.0,1085.5197452680718,-148.5197452680718
101899,815.0,953.0906591789951,-138.0906591789951
101906,860.0,928.5554345126948,-68.55543451269477
101912,1257.0,1130.6473930690067,126.35260693099326
101922,1358.0,1128.7160444422848,229.28395555771522
101957,959.0,968.4773478996597,-9.477347899659662
101976,1488.0,1198.708448150994,289.29155184900605
101979,1224.0,1212.6068262380466,11.393173761953449
102009,1110.0,978.7426627675363,131.25733723246367
102015,865.0,998.780527531897,-133.78052753189695
102030,1342.0,1157.5759738390796,184.42402616092045
102062,1250.0,1107.9640555550125,142.03594444498754
102063,1160.0,1146.8955736537073,13.104426346292712
102064,1120.0,1145.8418091827364,-25.84180918273637
102090,992.0,1000.6522723296092,-8.652272329609218
102119,1000.0,1105.8248877677274,-105.82488776772743
102125,705.0,679.9294409963767,25.070559003623316
102163,1237.0,995.1016932894338,241.8983067105662
102168,1400.0,1180.30279537785,219.6972046221499
102169,538.0,658.503010649722,-120.503010649722
102177,1329.0,1105.5930215444646,223.4069784555354
102185,1147.0,1176.3596138803125,-29.35961388031251
102187,948.0,1058.808964811935,-110.80896481193508
102192,1076.0,1140.6855678088,-64.68556780879999
102197,1060.0,1120.3191659814895,-60.319165981489505
102255,1095.0,1182.5511884972316,-87.55118849723158
102280,1080.0,1022.2437466152763,57.756253384723664
102295,670.0,655.2136144308607,14.78638556913927
102297,894.0,718.159529656404,175.84047034359605
102320,630.0,669.0815319497269,-39.08153194972692
102331,1380.0,1067.6445016008493,312.35549839915075
102336,1060.0,1122.0967442287017,-62.09674422870171
102361,940.0,1005.7970978684071,-65.79709786840715
102370,875.0,1022.4940687649182,-147.4940687649182
102371,1235.0,1272.5555922370718,-37.55559223707178
102377,1315.0,1087.0325023316582,227.96749766834182
102384,1360.0,1146.2066261393786,213.7933738606214
102409,555.0,685.2162114025213,-130.21621140252125
102415,684.0,729.1905092871424,-45.19050928714239
102416,1230.0,1186.6553244498975,43.344675550102465
102462,1515.0,1232.0187022652012,282.9812977347988
102467,750.0,688.9872830933817,61.012716906618266
102487,1410.0,1272.5751410678904,137.4248589321096
102501,1150.0,1258.5849359281547,-108.58493592815466
102525,1155.0,1122.1755655641175,32.824434435882495
102559,970.0,1145.3206630060681,-175.32066300606812
102583,1375.0,1307.0991872269626,67.90081277303739
102590,1350.0,1188.854975270292,161.14502472970798
102593,614.0,673.2089927763693,-59.208992776369314
102597,1445.0,1312.8222592041175,132.17774079588253
102601,1370.0,1133.1944490612525,236.8055509387475
102602,1163.0,1051.466925708967,111.53307429103302
102630,1430.0,1178.7485800718323,251.2514199281677
102661,1222.0,1132.4331391499788,89.56686085002116
102663,703.0,667.7716727783566,35.22832722164344
102669,770.0,713.8549179344509,56.145082065549104
102670,654.0,610.4856056492164,43.51439435078362
102672,1225.0,1179.5148742676133,45.48512573238668
102681,1045.0,964.0946270348378,80.9053729651622
102685,935.0,939.5165648309118,-4.516564830911761
102707,1464.0,1276.7349088855303,187.26509111446967
102753,610.0,699.6556340247256,-89.6556340247256
102760,1475.0,1167.460882820712,307.53911717928804
102765,1342.0,1171.6148114434347,170.38518855656525
102772,1145.0,1015.8622209326312,129.1377790673688
102788,1365.0,1258.375890640718,106.6241093592821
102838,1195.0,1239.9597654573338,-44.95976545733379
102839,662.0,566.330629436366,95.66937056363395
102857,1025.0,972.799077087499,52.20092291250103
102859,1160.0,1024.5858673940456,135.41413260595436
102868,1175.0,1124.5047137933084,50.49528620669162
102894,1245.0,1148.539087002475,96.46091299752493
102906,1375.0,1245.2053108692553,129.7946891307447
102914,1595.0,1312.1579981781636,282.84200182183645
102918,930.0,955.2119521882906,-25.21195218829064
102920,850.0,670.9276431492842,179.07235685071578
102962,1160.0,1081.8783692633826,78.12163073661736
102974,1045.0,1231.4402490545174,-186.44024905451738
102979,505.0,823.9517723811487,-318.95177238114866
102983,1000.0,767.5645641761492,232.43543582385075
102984,1000.0,1094.6706425815385,-94.67064258153846
103009,1375.0,1224.751280630495,150.2487193695049
103011,966.0,996.6509510149763,-30.650951014976272
103019,565.0,659.078195410502,-94.07819541050196
103022,1070.0,1069.132170236993,0.8678297630069665
103052,1105.0,1210.5009634477733,-105.5009634477733
103088,1469.0,1271.4876564481062,197.51234355189376
103090,1475.0,1179.699677303432,295.30032269656795
103096,1215.0,1177.1484702611951,37.85152973880486
103103,1440.0,1275.326199507856,164.67380049214398
103110,1346.0,1207.00503729735,138.9949627026499
103113,490.0,645.6182590618173,-155.6182590618173
103126,1240.0,1204.2455601221427,35.754439877857294
103143,865.0,741.2884324226283,123.71156757737174
103159,760.0,694.5211199248591,65.47888007514086
103171,1380.0,1199.2846887659791,180.71531123402087
103175,1160.0,1020.8613097409906,139.13869025900942
103176,865.0,707.3664099706596,157.63359002934044
103180,770.0,705.3190017595192,64.68099824048079
103207,1060.0,1181.4421429334745,-121.44214293347454
103226,1145.0,1101.2795043000663,43.720495699933736
103249,855.0,897.8280674295964,-42.828067429596445
103256,1305.0,1262.6268731303176,42.37312686968244
103267,715.0,665.3760029547075,49.623997045292526
103311,1060.0,1061.9450208683043,-1.9450208683042547
103363,1220.0,1287.0966672333873,-67.09666723338728
103366,950.0,1033.562038805243,-83.56203880524299
103367,1060.0,998.8519099125017,61.1480900874983
103373,710.0,735.2686779701787,-25.268677970178715
103389,1030.0,730.3807140383484,299.6192859616516
103417,1370.0,1270.3252751802904,99.67472481970958
103420,1105.0,1156.1552541434169,-51.15525414341687
103428,500.0,739.9797780863087,-239.97977808630867
103493,1140.0,1075.5017164405815,64.4982835594185
103504,1020.0,1048.523134693889,-28.523134693889006
103533,755.0,701.5626592795703,53.43734072042969
103539,1325.0,1248.2614060439153,76.73859395608474
103548,850.0,699.4506772182879,150.54932278171214
103565,1350.0,1173.357686776889,176.64231322311093
103571,871.0,1146.6133675450828,-275.61336754508284
103590,610.0,662.0090710351848,-52.009071035184775
103595,1110.0,1098.078869809529,11.921130190471104
103602,1000.0,1011.537613735212,-11.537613735211949
103607,999.0,1064.3398286508282,-65.33982865082817
103612,880.0,1056.8553806295088,-176.85538062950877
103618,755.0,705.5125228014501,49.48747719854987
103620,1130.0,1035.367160336898,94.632839663102
103626,738.0,980.3972993971015,-242.3972993971015
103632,857.0,691.3695329719974,165.6304670280026
103634,1230.0,1180.4946868576426,49.50531314235741
103650,600.0,723.973633875768,-123.97363387576797
103665,990.0,1065.8793028365317,-75.87930283653168
103672,1050.0,1060.9262121016898,-10.92621210168977
103683,800.0,686.2504863430354,113.74951365696461
103691,1025.0,1098.118799933017,-73.11879993301704
103718,635.0,674.8377584521342,-39.83775845213415
103720,920.0,726.5634455361533,193.43655446384673
103728,920.0,716.6847128668425,203.31528713315754
103780,950.0,732.6583380071279,217.3416619928721
103797,1037.0,705.2537306789221,331.7462693210779
103803,940.0,966.9327091418726,-26.93270914187258
103808,580.0,723.5097122414231,-143.50971224142313
103816,620.0,678.052105002905,-58.05210500290502
103830,1120.0,1141.0960716986278,-21.09607169862784
103835,1165.0,1101.1483485563967,63.85165144360326
103875,890.0,651.8868630883622,238.11313691163775
103918,1410.0,1298.3845834502981,111.61541654970188
103923,705.0,714.7041293833629,-9.704129383362897
103935,860.0,718.761793831594,141.238206168406
103950,1465.0,1250.6698994991232,214.33010050087682
103970,1165.0,1091.3599463600733,73.64005363992669
104044,1275.0,972.8713115765366,302.12868842346336
104045,900.0,1013.673250674255,-113.67325067425497
104075,636.0,721.2768344792879,-85.27683447928791
104087,665.0,731.3411239160664,-66.34112391606641
104097,1125.0,1163.8807756371818,-38.88077563718184
104100,1268.0,1041.9163388371032,226.08366116289676
104101,1360.0,1181.5531395258636,178.44686047413643
104110,1045.0,1172.094582882436,-127.09458288243604
104117,1365.0,1202.370794658787,162.62920534121304
104120,1047.0,1061.4094912064106,-14.409491206410621
104125,1345.0,1196.603900090122,148.3960999098781
104136,555.0,610.0316123733894,-55.03161237338941
104145,732.0,636.1393882976696,95.8606117023304
104165,1279.0,1158.1452306913382,120.85476930866184
104172,545.0,683.1305947594165,-138.13059475941645
104181,1017.0,1161.06612649629,-144.06612649629005
104191,813.0,698.7749725651993,114.22502743480072
104192,820.0,957.5783668791871,-137.57836687918712
104204,1387.0,1224.9146360183588,162.0853639816412
104208,625.0,649.8120598670124,-24.812059867012408
104212,1120.0,1226.5658980846615,-106.56589808466151
104215,720.0,582.1775599996238,137.82244000037622
104223,1085.0,1178.729186032305,-93.72918603230505
104241,1150.0,1106.9411533304374,43.05884666956263
104256,1165.0,1072.889626516048,92.11037348395189
104265,1070.0,1173.8515365716062,-103.85153657160618
104283,945.0,1028.1806862433673,-83.18068624336729
104287,1300.0,1030.2899039099989,269.7100960900011
104292,1195.0,1296.3232662459059,-101.32326624590587
104293,1165.0,1221.3446573989286,-56.344657398928575
104307,705.0,674.4561436649324,30.54385633506763
104314,1145.0,1080.873435161485,64.12656483851492
104318,915.0,1299.1751253809284,-384.1751253809284
104321,707.0,704.4100878739823,2.58991212601768
104338,1370.0,1294.4042311619355,75.59576883806449
104345,800.0,698.752662418133,101.24733758186699
104346,955.0,1116.2899423615954,-161.28994236159542
104347,1190.0,1138.254974572153,51.74502542784694
104365,1025.0,1051.0685106429635,-26.068510642963474
104375,1125.0,1198.9210887933136,-73.92108879331363
104376,1135.0,1088.0536762687898,46.946323731210214
104382,1465.0,1204.281641368582,260.7183586314179
104391,1415.0,1210.3211532919813,204.67884670801868
104401,515.0,709.9145033822824,-194.91450338228242
104407,1360.0,1148.6066443731759,211.39335562682413
104423,1335.0,1194.4087846833158,140.59121531668416
104426,1030.0,1275.508421317412,-245.50842131741206
104428,1270.0,1201.142373605558,68.85762639444192
104447,2367.0,640.3487565681196,1726.6512434318804
104450,730.0,733.0964516022685,-3.0964516022685302
104453,1010.0,1215.3635078540867,-205.36350785408672
104467,880.0,752.2418605641229,127.75813943587707
104475,1110.0,878.0529496551794,231.94705034482058
104505,998.0,747.1260876770856,250.8739123229144
104507,880.0,952.6416963122667,-72.64169631226673
104513,1344.0,1269.8310044684831,74.16899553151688
104519,1340.0,1180.8764164877416,159.1235835122584
104533,1220.0,1174.007360061764,45.992639938235925
104548,1385.0,1107.9917995763751,277.0082004236249
104552,1390.0,1218.6358611486241,171.36413885137586
104556,1320.0,1244.6836623191577,75.31633768084225
104581,1120.0,1313.1801566723007,-193.18015667230065
104584,1045.0,1043.1455992983151,1.854400701684881
104597,1160.0,1089.1190684873561,70.88093151264388
104599,900.0,1053.8389373536668,-153.83893735366678
104627,1282.0,1221.191199189282,60.80880081071791
104642,1375.0,1271.9548912299374,103.0451087700626
104659,835.0,751.8643492302051,83.13565076979489
104680,1256.0,1185.534237733087,70.46576226691309
104681,802.0,653.3682038290739,148.63179617092612
104689,1525.0,1297.0272990682054,227.97270093179463
104712,940.0,1117.2152122033112,-177.21521220331124
104727,1180.0,1128.0448425703685,51.95515742963153
104741,1130.0,1200.6617840809424,-70.66178408094243
104757,1270.0,1170.477345080416,99.52265491958406
104761,965.0,1272.026430478522,-307.0264304785219
104762,795.0,716.9124214710821,78.0875785289179
104769,1169.0,1076.3100023849493,92.68999761505074
104777,1200.0,1250.1617534167285,-50.161753416728516
104779,701.0,648.819140078954,52.18085992104602
104790,1235.0,1091.2810591262166,143.71894087378337
104791,1370.0,1283.8229588926338,86.17704110736622
104809,1301.0,1077.8106084220428,223.18939157795717
104816,1225.0,1232.4818030263853,-7.481803026385251
104823,960.0,1133.3479671741854,-173.34796717418544
104832,1355.0,1265.6489238576187,89.35107614238132
104852,1225.0,1092.8705017027323,132.12949829726767
104856,1205.0,1164.9747870923366,40.025212907663445
104858,1010.0,1104.8345358918416,-94.8345358918416
104871,1580.0,1296.9671586903926,283.0328413096074
104890,1445.0,1284.2418017543853,160.75819824561472
104898,1035.0,1035.8419717993584,-0.8419717993583617
104915,540.0,1100.4651723942738,-560.4651723942738
104920,590.0,645.8145309446728,-55.81453094467281
104922,857.0,730.140285910378,126.859714089622
104936,870.0,1011.2247282497857,-141.2247282497857
105003,670.0,678.1391804792147,-8.139180479214701
105004,1269.0,1164.4146706662639,104.58532933373613
105010,1110.0,1045.5283927399391,64.47160726006086
105015,825.0,763.2421329702529,61.7578670297471
105038,1250.0,1151.3943882291567,98.60561177084332
105052,932.0,1294.4767468653974,-362.47674686539744
105062,895.0,712.8994098265506,182.1005901734494
105071,1090.0,1139.2106345984796,-49.2106345984796
105072,1155.0,1163.6679521723977,-8.66795217239769
105082,975.0,1127.9241941815653,-152.92419418156533
105087,1015.0,1209.3824573681436,-194.3824573681436
105098,1400.0,1290.7040505485866,109.29594945141343
105101,1435.0,1137.6222985982129,297.37770140178714
105108,849.0,694.7117691296203,154.28823087037972
105113,1047.0,1017.7730959445785,29.226904055421528
105134,1268.0,1173.0451857536314,94.95481424636864
105180,885.0,665.2456184486009,219.7543815513991
105181,1415.0,1216.784124196624,198.2158758033761
105204,1485.0,1295.4450506767437,189.55494932325632
105220,1050.0,1142.4212868285267,-92.42128682852672
105223,1205.0,1225.9196190323348,-20.919619032334822
105288,1315.0,1151.7111392713996,163.2888607286004
105298,1295.0,1231.5373681940787,63.46263180592132
105309,1250.0,1208.4235864936109,41.576413506389144
105312,585.0,631.7817349746282,-46.78173497462819
105326,1000.0,715.2928278778044,284.70717212219563
105341,710.0,609.0841103759477,100.91588962405228
105348,480.0,706.7398428113893,-226.73984281138928
105356,1060.0,1139.9731577331759,-79.97315773317587
105377,875.0,758.5270661292145,116.47293387078548
105378,1187.0,1212.6296227393398,-25.629622739339766
105389,550.0,657.4723233382895,-107.47232333828947
105394,570.0,562.2745010107294,7.725498989270591
105426,715.0,777.263597820544,-62.263597820543964
105429,1220.0,1030.409210855821,189.5907891441791
105439,1157.0,1089.108710622952,67.891289377048
105460,870.0,963.9234775417219,-93.92347754172192
105462,1120.0,1078.2314789732964,41.76852102670364
105475,1215.0,1113.70136506177,101.29863493822995
105495,815.0,998.2225650028308,-183.22256500283083
105533,710.0,639.974353852343,70.02564614765697
105534,1475.0,1258.3582021932689,216.64179780673112
105538,1206.0,1242.3645715086263,-36.36457150862634
105555,1270.0,1113.9114595782653,156.0885404217347
105563,970.0,1137.0388890271813,-167.0388890271813
105569,1205.0,1211.316361434403,-6.316361434403007
105596,1110.0,1238.9440454354906,-128.94404543549058
105602,1120.0,1024.5815756866693,95.41842431333066
105613,895.0,882.8937497263828,12.106250273617206
105656,950.0,1174.899684271034,-224.89968427103395
105682,1100.0,952.6838195289079,147.31618047109214
105689,970.0,1133.7007048635237,-163.7007048635237
105709,1464.0,1148.7302048758293,315.26979512417074
105724,741.0,662.8261192295166,78.17388077048338
105740,1445.0,1190.10395723189,254.89604276810996
105742,695.0,576.6047425292775,118.39525747072253
105776,770.0,688.5135441345205,81.48645586547946
105801,585.0,646.9930342459979,-61.99303424599793
105803,910.0,946.2437274213944,-36.2437274213944
105805,897.0,788.6376766007928,108.36232339920718
105823,720.0,649.518194831517,70.48180516848299
105855,1020.0,1300.2651959806017,-280.2651959806017
105883,1330.0,1337.562275450516,-7.562275450515926
105895,1180.0,1179.1339522048465,0.8660477951534631
105898,1065.0,1179.2432303688452,-114.24323036884516
105903,1030.0,958.0274455251151,71.97255447488487
105934,1125.0,1186.1113836715008,-61.11138367150079
105966,981.0,1021.4998146679017,-40.49981466790166
105978,1219.0,1157.8940687910329,61.10593120896715
105986,1075.0,1194.3371025238841,-119.33710252388414
106004,1196.0,1071.7629258664267,124.23707413357329
106009,530.0,580.5183519342652,-50.51835193426518
106015,600.0,622.0471688631587,-22.04716886315873
106016,955.0,954.058190149383,0.9418098506170054
106034,1150.0,1153.9352167143807,-3.9352167143806582
106039,719.0,713.8013612101641,5.198638789835854
106062,590.0,639.1100259645224,-49.11002596452238
106064,809.0,671.3011144983994,137.69888550160056
106079,1280.0,1025.7868098250226,254.2131901749774
106104,1190.0,1083.875127987936,106.12487201206409
106121,797.0,671.4784648408478,125.52153515915222
106138,705.0,691.0246775094612,13.975322490538815
106142,1330.0,1232.092716618244,97.90728338175609
106154,1015.0,1134.9025376009674,-119.90253760096743
106176,515.0,594.7644178441235,-79.7644178441235
106186,849.0,1031.6068837551445,-182.6068837551445
106194,1272.0,1133.512582326725,138.4874176732751
106198,1090.0,1057.1575264726735,32.84247352732655
106202,1340.0,1238.3285066915246,101.67149330847542
106205,960.0,1135.2982813508675,-175.29828135086746
106233,1146.0,1240.766473978442,-94.76647397844204
106251,985.0,1040.6937311839738,-55.693731183973796
106254,1361.0,1085.0971119030746,275.9028880969254
106258,1235.0,1127.5250788460758,107.47492115392424
106263,830.0,737.5857438473173,92.4142561526827
106276,1110.0,1146.2934630306452,-36.29346303064517
106297,1485.0,1111.7463918597823,373.2536081402177
106307,710.0,609.9997936877447,100.00020631225527
106329,1075.0,1063.792608475697,11.20739152430292
106333,750.0,656.3748022299574,93.62519777004263
106338,1410.0,1301.7238024829333,108.27619751706675
106349,1060.0,1027.2338001856142,32.7661998143858
106371,1415.0,1140.4316153793698,274.56838462063024
106381,718.0,637.3376607141735,80.66233928582653
106408,1102.0,1026.7954665965412,75.20453340345875
106428,1080.0,1109.2522514511109,-29.25225145111085
106476,804.0,741.2041833725993,62.795816627400654
106481,1280.0,1104.5608032320563,175.4391967679437
106491,1307.0,1164.7739106886536,142.2260893113464
106499,743.0,668.2962241127384,74.7037758872616
106523,965.0,1118.1881712608201,-153.18817126082013
106540,1181.0,1289.6118963231384,-108.61189632313835
106547,1129.0,1011.177938267266,117.82206173273403
106575,1330.0,1117.1761080018118,212.82389199818817
106576,370.0,550.2622269871873,-180.26222698718732
106592,1130.0,1208.8212658529949,-78.82126585299488
106593,1344.0,1204.1531936708866,139.8468063291134
106600,668.0,653.355305561349,14.644694438650959
106613,1235.0,1126.5152058922774,108.48479410772256
106617,1170.0,1010.2634135794583,159.7365864205417
106641,1425.0,1220.2121565932111,204.78784340678885
106652,1605.0,1271.9065625230862,333.0934374769138
106655,1440.0,1266.482239959528,173.517760040472
106672,1201.0,1084.4653587905916,116.53464120940839
106740,933.0,1141.6069434868039,-208.60694348680386
106773,1190.0,1181.6888698674097,8.311130132590279
106775,787.0,1056.9345182401514,-269.9345182401514
106782,1415.0,1269.2328644678148,145.7671355321852
106793,1036.0,983.6985843860377,52.30141561396226
106820,1340.0,1260.0025601022278,79.99743989777221
106866,925.0,734.8748091617625,190.12519083823747
106878,319.0,641.5201889701253,-322.52018897012533
106882,1103.0,1157.3358366350174,-54.33583663501736
106900,798.0,1183.0594406724856,-385.0594406724856
106903,930.0,1040.97569488955,-110.97569488954991
106919,915.0,1114.8537348711557,-199.85373487115567
106961,1231.0,1209.3824573681436,21.617542631856395
106981,643.0,620.8170270460668,22.182972953933245
107013,954.0,930.7359718820531,23.26402811794685
107027,1047.0,1150.1461018174457,-103.1461018174457
107051,1080.0,1114.685742339031,-34.685742339031094
107079,1116.0,1053.9649118468087,62.03508815319128
107107,1146.0,1201.7730518530159,-55.773051853015886
107137,1058.0,1090.45147210789,-32.45147210788991
107146,1098.0,1008.0366127586136,89.96338724138639
107147,1367.0,1257.4313780408102,109.56862195918984
107173,1193.0,1146.966288349795,46.03371165020508
107185,1146.0,1090.8192604317662,55.180739568233776
107248,1135.0,1145.988746730807,-10.988746730806952
107252,1268.0,1027.3655940584918,240.63440594150825
107266,484.0,613.8906335282375,-129.89063352823746
107268,964.0,1082.0194028967232,-118.01940289672325
107286,1079.0,1006.799920681282,72.20007931871805
107307,992.0,1174.7121697843954,-182.71216978439543
107341,1025.0,706.6042172160332,318.39578278396675
107345,1185.0,1106.271117562446,78.72888243755392
107380,1080.0,1119.8590815994721,-39.85908159947212
107392,920.0,1092.8407915005205,-172.84079150052048
107406,895.0,1037.187036833313,-142.18703683331296
107411,639.0,685.2260901443036,-46.22609014430361
107423,831.0,659.0620913568803,171.93790864311973
107426,1124.0,1098.9725968770817,25.02740312291826
107439,1209.0,1128.838254636465,80.16174536353492
107460,904.0,1089.6642558411252,-185.66425584112517
107466,800.0,659.8568300818354,140.14316991816463
107484,735.0,654.8547141015838,80.1452858984162
107491,765.0,756.7431801461461,8.256819853853926
107512,940.0,1006.8934850106526,-66.89348501065263
107560,1610.0,1268.5764510898455,341.4235489101545
107562,1305.0,1194.0538918839015,110.94610811609846
107567,1120.0,1150.739703545582,-30.73970354558196
107572,1290.0,1197.8178869017595,92.1821130982405
107589,1052.0,985.1462880048869,66.85371199511314
107633,1352.0,1280.468065733644,71.53193426635607
107637,760.0,689.5662407844144,70.43375921558561
107640,1071.0,1270.427756447318,-199.42775644731796
107648,1257.0,1162.7569790058824,94.24302099411761
107674,1305.0,1062.4273635467425,242.57263645325747
107675,665.0,578.1260060625152,86.87399393748478
107697,882.0,926.8030625726294,-44.803062572629415
107714,1047.0,980.0907240016599,66.90927599834015
107723,1160.0,1149.927538789494,10.072461210505935
107729,1158.0,1125.2991332656768,32.7008667343232
107740,840.0,711.5526702610821,128.44732973891792
107768,1164.0,1173.730085157473,-9.730085157473013
107772,815.0,1077.6841386114806,-262.68413861148065
107776,665.0,633.7829004663398,31.21709953366019
107785,955.0,1252.925896492916,-297.9258964929161
107791,981.0,1037.187036833313,-56.18703683331296
107798,740.0,713.1976317469129,26.80236825308714
107800,655.0,691.2772251408609,-36.27722514086088
107810,426.0,546.0752937631856,-120.07529376318564
107831,804.0,614.1089641527725,189.8910358472275
107846,1145.0,1132.3861366412814,12.613863358718618
107847,1047.0,1083.0950845832642,-36.095084583264224
107850,1225.0,1242.272960793435,-17.272960793435004
107855,750.0,723.7532090522452,26.24679094775479
107857,506.0,670.0488779209029,-164.0488779209029
107877,670.0,746.6386418597044,-76.63864185970442
107895,734.0,808.4791354138567,-74.47913541385674
107918,948.0,1045.8080634960395,-97.8080634960395
107937,1225.0,1186.310165867746,38.689834132253964
107954,776.0,581.9555194680387,194.0444805319613
107960,1323.0,1265.0098633484267,57.990136651573266
107964,681.0,666.9348079454405,14.065192054559475
107976,960.0,1098.6210759242013,-138.62107592420125
107997,1015.0,930.3488688156009,84.6511311843991
108000,1124.0,1130.7961370305427,-6.796137030542695
108003,1170.0,952.7577809369061,217.2422190630939
108016,1110.0,1155.6380984506532,-45.63809845065316
108042,1367.0,1271.5102379275634,95.48976207243663
108043,690.0,658.7329562409682,31.26704375903182
108053,1405.0,1238.9693320889162,166.0306679110838
108054,745.0,734.5552910875167,10.444708912483293
108066,1059.0,1072.3128114162223,-13.312811416222303
108068,1538.0,1238.0878753527056,299.9121246472944
108093,1257.0,1056.9559346317806,200.04406536821944
108097,730.0,698.6418107863882,31.35818921361181
108109,1248.0,1114.6341473750401,133.36585262495987
108119,1200.0,1168.5847693531591,31.415230646840882
108126,1525.0,1189.8229813936593,335.17701860634065
108139,820.0,1001.3981845437235,-181.39818454372346
108158,510.0,694.1138820414585,-184.1138820414585
108161,1209.0,993.2718153672707,215.72818463272927
108175,1142.0,1100.892999255103,41.10700074489705
108188,995.0,1026.1354917230617,-31.135491723061705
108212,1325.0,1211.2302348653286,113.76976513467139
108215,1350.0,1168.9332940791123,181.06670592088767
108226,1440.0,1230.9524098587865,209.0475901412135
108233,1035.0,1053.766570414884,-18.766570414883972
108246,915.0,709.4438194949878,205.5561805050122
108251,655.0,630.9705422866634,24.02945771333657
108258,753.0,679.0242174564238,73.9757825435762
108274,1376.0,1198.15132807545,177.84867192455
108281,1157.0,1254.813408661716,-97.81340866171604
108320,788.0,739.0897290549784,48.91027094502158
108329,1020.0,1056.3352367382183,-36.33523673821833
108357,855.0,737.9541433851456,117.04585661485442
108361,820.0,749.8478733268024,70.15212667319759
108364,617.0,634.9974311497451,-17.997431149745125
108371,1160.0,985.8989137282406,174.1010862717594
108381,540.0,734.1854581760169,-194.18545817601694
108411,700.0,549.8993529889448,150.10064701105523
108430,655.0,690.3116203409996,-35.31162034099964
108433,1000.0,1041.647986765776,-41.64798676577607
108441,745.0,711.6969622646535,33.30303773534649
108448,810.0,698.9317175995351,111.06828240046491
108471,1421.0,1190.0871361790914,230.91286382090857
108497,861.0,751.5785385190578,109.42146148094218
108499,655.0,697.0629097310184,-42.06290973101841
108508,1050.0,930.9486219121586,119.05137808784139
108510,1245.0,1143.6302616700204,101.36973832997955
108511,590.0,611.9560496806256,-21.956049680625597
108512,1305.0,1169.086106011597,135.91389398840306
108514,565.0,739.9224131837102,-174.9224131837102
108515,1535.0,975.6910965853766,559.3089034146234
108550,705.0,700.6784434145859,4.3215565854141005
108554,1250.0,1163.7908816806123,86.2091183193877
108573,1030.0,986.4032302268429,43.59676977315712
108586,680.0,647.6496100628482,32.35038993715182
108589,1190.0,1204.9474135936935,-14.947413593693454
108596,930.0,1014.1691064603859,-84.16910646038593
108602,1085.0,975.1010171609274,109.89898283907257
108606,710.0,673.8765100850175,36.12348991498254
108614,960.0,1079.8673631851373,-119.86736318513726
108632,1305.0,1100.3341067847664,204.6658932152336
108638,1170.0,1178.412471340682,-8.412471340682032
108652,925.0,684.8786515734583,240.12134842654166
108670,1090.0,1274.457250850046,-184.45725085004597
108681,855.0,705.5355613715406,149.46443862845945
108719,882.0,968.8245260021322,-86.82452600213219
108725,985.0,965.4868760310258,19.51312396897424
108732,1170.0,1081.166717816381,88.83328218361908
108765,895.0,695.8662884953663,199.13371150463365
108783,849.0,969.3961634659539,-120.39616346595392
108817,1140.0,1140.129910390186,-0.12991039018606898
108818,1295.0,1128.3279480337346,166.67205196626537
108826,472.0,608.2999222858759,-136.29992228587594
108843,1055.0,958.5417571137207,96.45824288627932
108844,950.0,1080.867669235137,-130.8676692351371
108861,540.0,639.7630049121725,-99.7630049121725
108865,1030.0,1009.5640474985478,20.43595250145222
108889,1160.0,1055.5281020905556,104.47189790944435
108905,1238.0,1091.6862459956642,146.3137540043358
108939,975.0,1136.9144743614736,-161.9144743614736
108955,1220.0,1199.5654429946367,20.43455700536333
108956,1405.0,1146.0798148915742,258.9201851084258
108975,1321.0,1245.3278434332954,75.67215656670464
108977,1160.0,1127.19175921537,32.808240784630016
108980,1195.0,1211.041698983635,-16.041698983634888
109006,579.0,602.4382666867696,-23.438266686769566
109007,818.0,630.9117253291951,187.08827467080494
109021,1190.0,1113.281186662978,76.71881333702208
109033,900.0,636.04396306318,263.95603693682006
109052,1045.0,1127.6694071207887,-82.66940712078872
109061,1205.0,1153.9575517166174,51.042448283382555
109070,665.0,694.2629165502418,-29.262916550241812
109111,1150.0,1289.5873200537178,-139.5873200537178
109121,1140.0,1249.2098927651605,-109.20989276516048
109144,1065.0,1016.420438135776,48.57956186422405
109155,788.0,667.0667386887561,120.93326131124388
109174,1300.0,1260.2231650618246,39.7768349381754
109175,1190.0,1118.2820231842857,71.71797681571434
109196,675.0,690.8911932864503,-15.891193286450289
109208,465.0,698.4830446841364,-233.48304468413642
109211,1210.0,1169.5965366685114,40.40346333148864
109221,950.0,1033.3528746443196,-83.35287464431963
109227,1355.0,1194.4802712249034,160.5197287750966
109252,725.0,705.576819930562,19.42318006943799
109286,875.0,1164.7857880576164,-289.7857880576164
109299,1250.0,1226.8656447496342,23.134355250365843
109304,1200.0,1270.6527876565885,-70.65278765658854
109333,1445.0,1175.1669915544467,269.83300844555333
109365,1130.0,1108.8576761377979,21.142323862202147
109384,975.0,1025.9717156011784,-50.9717156011784
109386,724.0,669.1789498928684,54.821050107131555
109396,1220.0,1185.1862719299668,34.81372807003322
109403,1230.0,1060.1975230755943,169.8024769244057
109472,950.0,1265.4610643254407,-315.4610643254407
109496,1315.0,1198.8749706477056,116.1250293522944
109507,765.0,729.7010265119341,35.29897348806594
109539,1125.0,1214.9149098008802,-89.9149098008802
109540,1220.0,1175.1257508615722,44.874249138427786
109566,1135.0,946.543357185071,188.45664281492895
109570,1410.0,1217.876535717513,192.12346428248702
109572,870.0,1012.5246881111815,-142.5246881111815
109580,860.0,713.2976989012376,146.7023010987624
109592,760.0,877.1353901035468,-117.1353901035468
109610,1260.0,1260.5495513442556,-0.549551344255633
109620,1400.0,1292.2252707850587,107.77472921494132
109647,570.0,674.9907921656254,-104.99079216562541
109649,1170.0,1259.2817566202764,-89.28175662027638
109674,1535.0,1285.348141875645,249.65185812435493
109696,1390.0,1197.0300824123938,192.96991758760623
109704,910.0,749.8575380024736,160.14246199752642
109709,970.0,1099.2979412729887,-129.29794127298874
109722,1135.0,1016.0186025452093,118.98139745479068
109766,920.0,698.7788724546136,221.22112754538637
109784,805.0,736.6659532841377,68.33404671586231
109794,830.0,743.0165195122738,86.98348048772618
109803,1430.0,1293.4986381927092,136.50136180729078
109820,975.0,886.1755618756656,88.82443812433439
109830,1460.0,1305.05824789356,154.94175210643994
109865,885.0,600.8742783139764,284.12572168602355
109867,1301.0,1198.708448150994,102.29155184900605
109871,995.0,670.9261560419196,324.0738439580804
109875,1350.0,1255.1210789462286,94.87892105377136
109900,1255.0,1146.823272594273,108.17672740572698
109904,1125.0,1138.997636428089,-13.997636428088981
109931,726.0,662.9808541832506,63.019145816749415
109967,1340.0,1107.0832868976242,232.91671310237575
109987,1255.0,1200.5791737971078,54.42082620289216
109993,1585.0,1177.0310836926487,407.96891630735126
109994,1160.0,1097.1973238292367,62.802676170763334
110006,835.0,700.9999225996294,134.00007740037063
110009,1065.0,1101.815202676165,-36.81520267616497
110018,1225.0,1238.049617438658,-13.04961743865806
110028,845.0,938.0896392610425,-93.08963926104252
110075,575.0,618.9496136295445,-43.9496136295445
110081,1020.0,1233.546627267953,-213.546627267953
110102,686.0,707.2087770549134,-21.208777054913412
110112,1005.0,1014.8634765710226,-9.863476571022602
110117,686.0,665.2407643580141,20.759235641985924
110147,1580.0,1257.9057934087505,322.09420659124953
110157,1352.0,1174.696289957523,177.30371004247695
110163,1250.0,1292.2031245863177,-42.2031245863177
110171,795.0,697.280725779506,97.71927422049396
110178,1090.0,1025.8086446141963,64.19135538580372
110184,1680.0,1319.4065560622344,360.59344393776564
110204,795.0,657.4850010277798,137.51499897222016
110205,1350.0,1137.9848875236803,212.0151124763197
110208,1030.0,730.1630870144695,299.8369129855305
110221,685.0,697.9047995606529,-12.904799560652918
110222,1260.0,1081.6650886931168,178.3349113068832
110240,1150.0,1124.3013222529023,25.69867774709769
110245,1420.0,1249.8632407764371,170.13675922356288
110252,1230.0,1087.0289593202729,142.97104067972714
110254,1210.0,1206.2980341457212,3.7019658542787965
110268,815.0,735.3508469157937,79.64915308420632
110272,1055.0,1049.08057900042,5.9194209995800975
110274,1089.0,1050.1869416021887,38.813058397811346
110283,845.0,742.5352184185639,102.46478158143611
110293,555.0,650.1866561466724,-95.18665614667236
110305,1120.0,1035.5700944714683,84.42990552853166
110326,1100.0,928.9083232670711,171.09167673292893
110349,1280.0,1123.8953779614274,156.10462203857264
110368,1105.0,1201.9886996240252,-96.98869962402523
110392,1607.0,1165.0737934501512,441.92620654984876
110410,1220.0,1219.681646048573,0.31835395142707057
110429,1080.0,959.4982481057405,120.50175189425954
110430,632.0,673.9028750027724,-41.90287500277236
110442,1080.0,1124.2382069355779,-44.238206935577864
110472,1090.0,1074.672821418957,15.327178581042972
110503,462.0,599.3627036817495,-137.3627036817495
110515,1100.0,1141.1998202094471,-41.199820209447125
110522,1165.0,1116.7978680703377,48.2021319296623
110537,740.0,732.5311024884404,7.4688975115595895
110539,770.0,728.4044486171592,41.59555138284077
110540,625.0,740.7893576263818,-115.78935762638184
110551,1250.0,1018.138509472763,231.86149052723704
110554,1335.0,1136.0172169709083,198.9827830290917
110562,1335.0,1213.3500192244837,121.64998077551627
110564,590.0,687.700731957885,-97.70073195788495
110567,1095.0,1150.3925654603152,-55.392565460315154
110577,855.0,906.3587556963953,-51.35875569639529
110601,895.0,1108.522567140794,-213.52256714079408
110608,860.0,1086.207895112979,-226.20789511297903
110619,1230.0,1154.9305864956436,75.06941350435636
110637,905.0,1030.082608515264,-125.08260851526393
110643,845.0,696.5061710417665,148.4938289582335
110651,728.0,694.3868951134131,33.61310488658694
110680,1055.0,1029.9040648829437,25.095935117056342
110697,1520.0,1245.0941419882524,274.90585801174757
110704,1100.0,1039.793590960023,60.20640903997696
110730,733.0,647.5427400549663,85.45725994503368
110731,1405.0,1280.6013994216328,124.39860057836722
110768,845.0,734.9740826227588,110.02591737724117
110769,1045.0,927.2778398653295,117.7221601346705
110776,1375.0,1250.0076420181329,124.99235798186714
110782,1180.0,1109.5159517594752,70.48404824052477
110786,1210.0,1143.6576340939914,66.34236590600858
110791,1165.0,1163.1632068032752,1.8367931967247841
110800,1080.0,1252.8081777098553,-172.80817770985527
110806,520.0,662.5092207084116,-142.5092207084116
110814,810.0,896.6730417707753,-86.67304177077528
110833,770.0,729.5650925035793,40.43490749642069
110836,1008.0,1278.8753202620783,-270.8753202620783
110859,1090.0,1084.8074787314958,5.1925212685041515
110886,1040.0,979.9438497724645,60.056150227535454
110934,1005.0,1142.7954436016228,-137.79544360162276
110973,1435.0,1214.1097871055606,220.8902128944394
110999,1515.0,1152.244784342265,362.7552156577351
111024,1605.0,1283.8485850723557,321.1514149276443
111037,1245.0,1137.316990977207,107.68300902279293
111058,790.0,963.8568998781699,-173.85689987816988
111085,598.0,696.0547330415503,-98.05473304155032
111104,1220.0,1147.0781949192046,72.92180508079537
111110,1490.0,1305.3733717604134,184.62662823958658
111112,1095.0,1128.126053031404,-33.1260530314039
111126,1210.0,1073.8223562189262,136.1776437810738
111142,1375.0,1197.7169386570354,177.28306134296463
111144,740.0,810.1308190297593,-70.13081902975932
111147,1367.0,1091.1143676948739,275.88563230512614
111167,485.0,700.4358908404944,-215.43589084049438
111177,1300.0,1206.503446696148,93.4965533038519
111186,920.0,1101.7575272300749,-181.75752723007486
111188,1455.0,1118.448422406188,336.551577593812
111191,700.0,576.2323998719305,123.76760012806949
111198,1540.0,1240.6573573451979,299.34264265480215
111204,485.0,652.9364573505147,-167.93645735051473
111211,802.0,697.2948550481497,104.70514495185034
111214,1040.0,977.0527704491998,62.947229550800216
111219,1095.0,1188.663989642284,-93.66398964228392
111249,765.0,734.8297785469259,30.170221453074078
111252,830.0,1014.8018224626461,-184.8018224626461
111257,700.0,715.711363545911,-15.711363545911013
111270,535.0,546.3767650604882,-11.376765060488196
111275,761.0,638.2832365483371,122.71676345166293
111277,1220.0,1071.882253877757,148.11774612224303
111278,1345.0,1238.619069545253,106.38093045474693
111285,835.0,735.1558704240406,99.84412957595941
111292,760.0,706.9246669351704,53.07533306482958
111294,1010.0,990.1937190429895,19.806280957010472
111297,750.0,675.1460407768278,74.85395922317218
111322,594.0,735.391992818541,-141.39199281854098
111325,955.0,722.6204331634175,232.3795668365825
111353,1470.0,1291.5064166635116,178.49358333648843
111371,1244.0,1255.8001019916796,-11.80010199167964
111372,1250.0,1206.4989645342262,43.50103546577384
111391,1355.0,1180.037178273494,174.96282172650604
111393,895.0,694.2526647261217,200.74733527387832
111425,610.0,718.1927615960162,-108.19276159601623
111460,562.0,688.1784978724173,-126.17849787241732
111473,770.0,755.2187069239943,14.781293076005682
111534,1065.0,974.2992211632611,90.70077883673889
111536,800.0,1158.1678279624364,-358.1678279624364
111541,845.0,733.7078216902855,111.29217830971447
111552,790.0,982.7955027487504,-192.79550274875044
111574,1540.0,1305.0704434534873,234.92955654651269
111587,1250.0,1144.9586951701665,105.0413048298335
111596,819.0,641.5518840644758,177.44811593552424
111613,1205.0,1098.4596641946869,106.54033580531313
111645,1310.0,1141.9116842893768,168.0883157106232
111651,721.0,741.6523776363268,-20.652377636326833
111654,605.0,752.3945212752463,-147.39452127524635
111664,974.0,999.7555238803872,-25.75552388038716
111680,545.0,619.6181137375111,-74.61811373751107
111690,1110.0,1091.1143676948739,18.885632305126137
111695,1325.0,1263.085243527339,61.91475647266111
111698,1030.0,1041.5322231400316,-11.532223140031647
111702,1117.0,1199.9984533415918,-82.99845334159181
111710,815.0,692.6339469702641,122.3660530297359
111711,1080.0,986.1863392156957,93.81366078430426
111715,1310.0,1275.3853874969464,34.61461250305365
111720,900.0,910.5133757401718,-10.513375740171796
111739,1202.0,1267.2921725919243,-65.29217259192433
111748,668.0,586.9694370189275,81.03056298107253
111749,999.0,718.4761030042692,280.52389699573075
111762,1150.0,1130.1839149222185,19.81608507778151
111792,710.0,582.4987771903661,127.50122280963387
111805,1200.0,1199.2556070315957,0.7443929684043269
111811,1135.0,1048.6313539251457,86.36864607485427
111821,950.0,1185.217965059899,-235.21796505989892
111826,1113.0,1038.2062045586242,74.79379544137578
111854,1140.0,1200.2191933940762,-60.21919339407623
111870,1409.0,1197.0033100502214,211.99668994977856
111880,630.0,728.0573126409674,-98.05731264096744
111885,594.0,679.5323624763156,-85.5323624763156
111888,1290.0,1204.9377069474976,85.06229305250235
111894,876.0,977.0527704491998,-101.05277044919978
111899,860.0,725.920277117051,134.079722882949
111922,1210.0,1086.1749013932076,123.82509860679238
111926,712.0,649.593110483799,62.40688951620098
111945,1235.0,1118.9806237450334,116.01937625496657
111952,1395.0,1243.3751384458803,151.62486155411966
111954,1325.0,1136.4483663280632,188.55163367193677
111974,980.0,1026.7836260494769,-46.78362604947688
111993,1046.0,1028.1233331527596,17.876666847240358
112003,605.0,694.6786755991718,-89.67867559917181
112049,760.0,736.3808512946251,23.61914870537487
112064,585.0,692.6806621176815,-107.68066211768155
112074,555.0,596.1924921525853,-41.19249215258526
112107,890.0,999.7382920746691,-109.73829207466906
112121,1095.0,1119.988253048013,-24.988253048012893
112143,750.0,714.190759167101,35.809240832899036
112162,1340.0,1253.9809588444841,86.01904115551588
112184,1345.0,1149.927538789494,195.07246121050594
112199,1285.0,1262.0492587423369,22.95074125766314
112227,1300.0,1168.4268472720569,131.57315272794312
112229,1260.0,1055.8885137463192,204.11148625368082
112230,1035.0,941.0281010346564,93.9718989653436
112238,738.0,914.9795585400974,-176.9795585400974
112240,1110.0,1206.5730966066308,-96.57309660663077
112255,1140.0,1141.993557601547,-1.9935576015470815
112257,890.0,1067.8541062254328,-177.85410622543282
112258,1080.0,1031.7385381930624,48.26146180693763
112261,870.0,988.9723029997932,-118.97230299979321
112324,475.0,719.2685485967289,-244.26854859672892
112345,1435.0,1285.1862168152152,149.81378318478482
112364,921.0,751.1228316366211,169.87716836337893
112366,717.0,631.5079002575181,85.49209974248186
112373,680.0,647.7378249037256,32.262175096274404
112383,1025.0,1079.3698484406639,-54.36984844066387
112389,1390.0,1200.2790425289852,189.7209574710148
112390,895.0,1041.8741741748445,-146.87417417484448
112430,1010.0,1125.2204247788943,-115.22042477889431
112431,627.0,736.772656123925,-109.772656123925
112476,1190.0,1091.1143676948739,98.88563230512614
112488,760.0,706.5807887995347,53.41921120046527
112493,1070.0,1153.364967166832,-83.364967166832
112505,1285.0,1167.7030811860006,117.29691881399935
112508,1030.0,1086.9676457783935,-56.96764577839349
112534,870.0,1120.7787491533577,-250.7787491533577
112546,840.0,850.340947074137,-10.340947074137034
112566,1170.0,1115.556402217641,54.44359778235889
112577,720.0,965.7166928420203,-245.71669284202028
112590,675.0,693.6541253370093,-18.654125337009305
112599,1140.0,1141.2571616421953,-1.2571616421953422
112615,895.0,1262.3628813929245,-367.36288139292446
112622,710.0,729.9303663371729,-19.930366337172927
112637,1140.0,1160.8655787797898,-20.865578779789757
112644,615.0,611.4063677485882,3.5936322514118046
112676,1285.0,1228.2013720339817,56.79862796601833
112699,752.0,701.7798486890239,50.22015131097612
112702,981.0,690.6773888993029,290.32261110069715
112714,576.0,558.4629512447901,17.537048755209867
112743,1150.0,981.8380778923233,168.16192210767667
112755,1180.0,1167.0870316145845,12.912968385415525
112763,410.0,655.4729150793142,-245.47291507931425
112772,800.0,695.3150060043355,104.68499399566451
112782,1084.0,1168.0586269473647,-84.0586269473647
112784,1230.0,1069.367496956353,160.63250304364692
112793,760.0,698.9384862798383,61.061513720161656
112814,8.0,1071.1638653481104,-1063.1638653481104
112819,900.0,951.22674512425,-51.22674512424999
112826,820.0,723.4189209404512,96.58107905954876
112829,890.0,695.0632494284129,194.93675057158714
112831,520.0,663.3063915211256,-143.30639152112565
112841,1050.0,1225.2745425501096,-175.27454255010957
112843,705.0,732.4472263579679,-27.447226357967907
112888,980.0,1079.6154561388394,-99.61545613883936
112912,610.0,693.8491048782519,-83.84910487825186
112929,1310.0,1285.809844149831,24.19015585016905
112942,1235.0,1078.0339249125493,156.9660750874507
113009,755.0,1014.8234245431314,-259.8234245431314
113032,870.0,593.382096723624,276.61790327637596
113068,890.0,737.4101564501434,152.5898435498566
113078,960.0,989.5389893260101,-29.538989326010096
113079,695.0,549.2430778871188,145.75692211288117
113080,887.0,695.685113346851,191.31488665314896
113092,855.0,1101.0489112279956,-246.04891122799563
113105,610.0,624.5122188472462,-14.512218847246231
113122,770.0,714.9187185423399,55.08128145766011
113143,650.0,669.2220495174558,-19.222049517455844
113173,826.0,978.7265557856523,-152.7265557856523
113187,1240.0,1211.3316691974264,28.668330802573564
113195,1280.0,1249.0314674786966,30.96853252130336
113200,1102.0,1104.186532922654,-2.186532922653896
113204,810.0,654.7588307405435,155.24116925945646
113210,1350.0,1083.582120116826,266.417879883174
113231,835.0,736.0458438078116,98.9541561921884
113283,937.0,731.7932041841073,205.20679581589275
113290,590.0,569.7849808822324,20.21501911776761
113293,889.0,688.9380456436909,200.06195435630912
113314,713.0,699.0871907592345,13.912809240765455
113338,862.0,736.6601234057052,125.33987659429476
113344,1285.0,1239.5139446421285,45.486055357871464
113384,1301.0,1066.539617447671,234.46038255232907
113398,726.0,587.6715270091395,138.32847299086052
113402,1020.0,1200.9485798735323,-180.94857987353225
113430,1105.0,1233.9482638713519,-128.94826387135186
113437,1190.0,974.0615607257548,215.93843927424518
113442,1040.0,1068.1289891769318,-28.128989176931782
113446,580.0,620.2370222567395,-40.237022256739465
113453,616.0,648.4149090574218,-32.41490905742182
113471,890.0,984.693487746313,-94.69348774631305
113478,1165.0,1192.673194516683,-27.673194516682997
113484,1000.0,916.5225886790727,83.47741132092733
113498,1655.0,1185.4196038578045,469.58039614219547
113536,1295.0,1178.4449578259566,116.55504217404336
113544,1305.0,1277.5216051374618,27.478394862538153
113581,960.0,1021.1026144062375,-61.102614406237535
113589,1315.0,1094.449157785795,220.55084221420498
113597,993.0,699.1003281071274,293.89967189287256
113616,980.0,1183.64823989122,-203.6482398912201
113617,460.0,633.3652248065076,-173.36522480650763
113625,1080.0,1122.062914430753,-42.062914430752926
113640,1210.0,1181.761018146351,28.238981853648966
113659,1000.0,914.4022352190357,85.59776478096433
113680,940.0,1169.937653496285,-229.93765349628507
113698,1370.0,1172.6175742725345,197.3824257274655
113702,1000.0,1097.0662687978725,-97.06626879787245
113784,1150.0,1071.6472988997803,78.35270110021975
113786,732.0,715.307469612202,16.692530387798
113788,1085.0,947.865280328147,137.13471967185296
113828,1135.0,1025.3802631241658,109.61973687583418
113834,1522.0,1297.1440260340291,224.85597396597086
113843,1300.0,1056.1497319494474,243.8502680505526
113857,1020.0,735.0055354237626,284.9944645762374
113879,720.0,718.0774509216717,1.9225490783283021
113889,1150.0,1202.667514373671,-52.66751437367111
113896,775.0,1061.5522208715522,-286.5522208715522
113904,1320.0,1248.572467474106,71.4275325258941
113906,1285.0,1278.7154955212384,6.284504478761619
113909,462.0,584.2920841559967,-122.29208415599669
113910,612.0,736.8148476951355,-124.81484769513554
113932,682.0,673.6333909733185,8.366609026681544
113967,1230.0,1238.9440454354906,-8.94404543549058
113987,725.0,668.1990834837794,56.80091651622058
113989,710.0,732.7253939743606,-22.7253939743606
113995,420.0,604.819260765931,-184.81926076593095
113999,615.0,966.5138559597705,-351.51385595977047
114006,1225.0,1100.2708924249139,124.72910757508612
114023,635.0,719.8024464366016,-84.8024464366016
114030,950.0,1267.4381004158004,-317.43810041580036
114041,782.0,702.2965645635404,79.70343543645959
114049,1183.0,1237.299309693752,-54.29930969375209
114058,893.0,704.0228492329079,188.9771507670921
114062,690.0,1274.8185545388674,-584.8185545388674
114076,1370.0,1198.615395383011,171.384604616989
114092,790.0,741.0031421702241,48.99685782977588
114095,1305.0,1160.9163189458075,144.08368105419254
114096,735.0,664.1436076459472,70.85639235405279
114106,1045.0,1126.8160044662886,-81.81600446628863
114110,1010.0,1288.8232699228454,-278.8232699228454
114120,1594.0,1204.521309109718,389.478690890282
114134,1047.0,1129.5920085993325,-82.59200859933253
114144,810.0,667.4784572423639,142.5215427576361
114145,960.0,956.7080905894826,3.2919094105174054
114154,1000.0,997.0294597476363,2.970540252363662
114155,620.0,617.420582423259,2.5794175767409797
114183,590.0,665.4458338682721,-75.44583386827208
114219,1295.0,1160.3572908619687,134.64270913803125
114235,1090.0,1154.807938620025,-64.80793862002497
114243,1535.0,1082.1605538041572,452.8394461958428
114244,1115.0,1133.9541158807597,-18.954115880759673
114271,1190.0,1103.8957365829147,86.10426341708535
114274,1045.0,1122.0605308427494,-77.06053084274936
114283,1115.0,1076.3546308055004,38.64536919449961
114298,1475.0,1065.6269449675426,409.3730550324574
114301,1091.0,1154.324893744452,-63.32489374445208
114333,1460.0,1301.3063998417188,158.69360015828124
114343,1020.0,1077.1689217975204,-57.1689217975204
114358,1152.0,1006.0354734893646,145.96452651063544
114390,1257.0,1278.1540869846547,-21.15408698465467
114391,724.0,663.8920772497579,60.107922750242096
114417,800.0,1065.8988048446681,-265.8988048446681
114423,950.0,953.5045793648543,-3.504579364854294
114432,797.0,733.9380806064088,63.06191939359121
114438,1000.0,1040.1332809117018,-40.13328091170183
114451,723.0,713.6695879446552,9.330412055344823
114516,1265.0,1068.4009126519395,196.5990873480605
114524,1140.0,983.5604298935446,156.43957010645545
114536,1102.0,1300.3477691943478,-198.34776919434785
114564,1036.0,1062.1524672631103,-26.15246726311034
114573,1276.0,1201.0230352864182,74.97696471358176
114607,920.0,1026.817582043878,-106.81758204387802
114625,693.0,629.5865721039052,63.413427896094845
114634,640.0,650.9390006014904,-10.93900060149042
114660,1259.0,1134.8484628936283,124.15153710637173
114661,1157.0,1113.3228256852974,43.6771743147026
114670,1304.0,1200.968559983577,103.03144001642295
114695,1019.0,1084.8993215584462,-65.89932155844622
114696,820.0,606.0408371896567,213.9591628103433
114700,1125.0,1246.2522124680636,-121.25221246806359
114733,1213.0,1204.3954248002717,8.604575199728288
114740,690.0,683.9665708317731,6.033429168226917
114752,981.0,1220.7918870905887,-239.79188709058872
114770,1040.0,1030.4349853063966,9.565014693603416
114771,1008.0,1107.62349354938,-99.6234935493801
114794,789.0,714.9910614176243,74.00893858237566
114802,1003.0,728.4106729067773,274.58932709322266
114828,959.0,1184.213496549959,-225.21349654995902
114839,985.0,957.1630724485298,27.83692755147024
114846,921.0,1126.8830024911265,-205.8830024911265
114854,1305.0,1276.519283266753,28.480716733246936
114862,1020.0,1145.9416457029058,-125.94164570290582
114881,680.0,696.6509636713604,-16.650963671360387
114898,1332.0,1264.3904485276032,67.60955147239679
114922,1201.0,1052.155654310422,148.84434568957795
114925,1124.0,1244.5934489020124,-120.59344890201237
114927,1135.0,1267.8561641757278,-132.85616417572783
114949,1150.0,1027.0471132334199,122.95288676658015
114961,1127.0,1080.5983833239015,46.401616676098456
114972,1270.0,1021.546528682161,248.453471317839
114974,967.0,1016.5205797153628,-49.52057971536283
114989,1216.0,1072.7176342764844,143.28236572351557
114991,633.0,733.3897538014753,-100.38975380147531
115011,750.0,730.7784790937633,19.22152090623672
115021,930.0,1037.9390024636855,-107.93900246368548
115076,1331.0,1316.6512879806778,14.348712019322193
115078,940.0,1011.2230469551318,-71.22304695513185
115104,374.0,694.8347600333344,-320.8347600333344
115119,450.0,652.6222262226788,-202.62222622267882
115131,1165.0,1001.905450903494,163.09454909650594
115134,1360.0,1199.414612346582,160.5853876534179
115139,910.0,745.3512094502767,164.64879054972334
115161,540.0,605.1097813577338,-65.10978135773382
115188,616.0,594.2670162065741,21.732983793425888
115193,1255.0,1217.183622000242,37.81637799975806
115207,515.0,660.4347039847775,-145.43470398477746
115211,585.0,637.5057222308176,-52.50572223081758
115214,1146.0,1161.2974735521855,-15.297473552185465
115234,935.0,995.4032482057966,-60.40324820579656
115237,660.0,661.8070800338554,-1.8070800338554136
115244,1320.0,1096.780592908033,223.219407091967
115260,1315.0,1126.7103837891023,188.28961621089775
115265,1350.0,1195.2006564039848,154.7993435960152
115271,660.0,1007.030154431025,-347.03015443102504
115296,791.0,710.1089054890297,80.89109451097033
115330,825.0,715.8415231535565,109.15847684644348
115334,970.0,684.4168643762714,285.5831356237286
115347,495.0,550.965237618908,-55.96523761890796
115348,1295.0,1061.9894223354481,233.01057766455187
115353,1020.0,1103.2448549031922,-83.24485490319216
115362,1422.0,1186.456006517195,235.54399348280504
115391,766.0,735.2975602552169,30.702439744783078
115396,910.0,1005.3975156662104,-95.39751566621044
115415,1319.0,1148.013637303548,170.98636269645203
115464,815.0,648.7048397974189,166.2951602025811
115524,1155.0,1070.2960435942268,84.70395640577317
115530,1230.0,1186.7433084313923,43.25669156860772
115606,1395.0,1064.476600989751,330.523399010249
115615,1290.0,1195.066179972861,94.93382002713906
115631,1380.0,1185.1862719299668,194.81372807003322
115636,805.0,724.8450176651636,80.1549823348364
115640,670.0,712.6497355830764,-42.64973558307645
115657,1000.0,1173.1451893991036,-173.14518939910363
115660,1047.0,1073.0711746088798,-26.0711746088798
115692,1540.0,1268.5164717827333,271.48352821726667
115694,750.0,948.6735666949047,-198.6735666949047
115697,1300.0,1078.8662172320828,221.13378276791718
115716,652.0,731.3944767818184,-79.39447678181841
115734,1430.0,1124.6356422953281,305.3643577046719
115746,1202.0,1024.006761779686,177.99323822031397
115747,590.0,721.8580225155127,-131.85802251551274
115748,798.0,1080.7294180665817,-282.72941806658173
115782,1130.0,1101.242279067672,28.757720932328084
115805,400.0,686.6968114205342,-286.69681142053423
115825,1319.0,1120.64082179253,198.35917820747
115842,1280.0,1141.3820478887797,138.61795211122035
115844,920.0,1139.4815252434921,-219.48152524349211
115846,1102.0,1162.8870622095146,-60.887062209514625
115847,945.0,1150.7501647569372,-205.75016475693724
115858,810.0,1186.6588979339406,-376.6588979339406
115862,1201.0,1297.586053163142,-96.58605316314197
115888,1170.0,1231.4792576020177,-61.4792576020177
115897,1490.0,1141.734233702776,348.265766297224
115900,1140.0,1120.950556972169,19.049443027831103
115914,900.0,1124.0357934043825,-224.0357934043825
115918,1065.0,1074.362870322072,-9.362870322072013
115954,1165.0,1223.2086755317864,-58.20867553178641
115959,1170.0,1150.4422671730238,19.557732826976235
115975,970.0,1166.1664201542646,-196.16642015426464
115988,635.0,697.8717961840257,-62.8717961840257
116014,1170.0,1157.127523712443,12.872476287556992
116019,1290.0,1046.5551427714784,243.44485722852164
116058,925.0,1163.3596330859075,-238.3596330859075
116059,740.0,1017.6525534467921,-277.6525534467921
116066,1055.0,1138.3572398947924,-83.35723989479243
116073,1065.0,1134.5253468641288,-69.52534686412878
116084,1160.0,1084.4472998042838,75.55270019571617
116086,1020.0,1034.8130285597247,-14.813028559724671
116119,1110.0,1091.3934868652066,18.60651313479343
116123,555.0,660.6096184570885,-105.60961845708846
116124,950.0,917.7067301369988,32.29326986300123
116170,1105.0,1234.5767714671106,-129.57677146711058
116194,852.0,666.7511576619853,185.2488423380147
116196,1180.0,1259.114806197311,-79.11480619731105
116226,761.0,726.5968658237009,34.40313417629909
116263,1070.0,1136.6756816562893,-66.67568165628927
116265,1120.0,1137.802266175737,-17.80226617573703
116272,735.0,719.7742001212163,15.225799878783732
116278,1070.0,1113.547003504631,-43.54700350463099
116281,1082.0,1193.4859078767379,-111.48590787673788
116283,950.0,905.0932402796092,44.90675972039082
116284,1505.0,1159.1824906944612,345.8175093055388
116287,1268.0,1190.3135925045458,77.6864074954542
116314,925.0,1022.1445016779904,-97.14450167799043
116319,1200.0,1098.0016341355224,101.99836586447759
116324,790.0,698.7866915985578,91.21330840144219
116429,1135.0,1009.7026692371251,125.29733076287494
116453,1198.0,1151.459498007294,46.54050199270591
116471,815.0,864.6860974385152,-49.68609743851516
116475,920.0,1129.0477159451173,-209.04771594511726
116497,506.0,570.1142663339477,-64.11426633394774
116510,915.0,1076.8437082729708,-161.84370827297084
116530,1060.0,982.0980627373698,77.90193726263021
116574,575.0,649.3218035556133,-74.32180355561331
116620,981.0,1164.0502054279468,-183.05020542794682
116624,1052.0,1024.1493399706283,27.85066002937174
116635,620.0,683.3356306506314,-63.3356306506314
116654,1160.0,1194.271697570495,-34.27169757049501
116664,1160.0,1065.8320326490452,94.16796735095477
116671,815.0,841.7304630889433,-26.73046308894334
116690,790.0,696.3712867662846,93.62871323371542
116711,590.0,631.0118380370945,-41.01183803709455
116728,1185.0,953.3176617868427,231.68233821315732
116730,1047.0,1283.4097843915931,-236.40978439159312
116741,1036.0,1034.5078005417581,1.4921994582418847
116756,825.0,733.246752897858,91.75324710214204
116761,1180.0,1060.7319517038243,119.26804829617572
116768,544.0,658.1559708595418,-114.15597085954175
116803,705.0,714.9110222674726,-9.911022267472617
116808,680.0,685.5821855898585,-5.5821855898584545
116826,1120.0,1135.466439151213,-15.46643915121308
116834,1080.0,1016.3283999681151,63.67160003188485
116837,1270.0,1137.158147211746,132.84185278825407
116872,690.0,695.685113346851,-5.68511334685104
116877,585.0,692.613713114851,-107.61371311485095
116908,1570.0,1251.4868581813112,318.51314181868884
116915,1200.0,1208.9577241053662,-8.957724105366196
116927,1300.0,1100.9117923579881,199.08820764201187
116929,1175.0,1203.556117628398,-28.556117628397942
116936,1220.0,1112.8582662451588,107.1417337548412
116941,896.0,1158.2156060948182,-262.2156060948182
116953,1290.0,1267.3442413835544,22.65575861644561
116954,740.0,744.0518032820395,-4.0518032820394865
116975,470.0,715.5769336571798,-245.57693365717978
116981,1350.0,1175.3090358250083,174.69096417499168
117017,1365.0,1115.0847617378265,249.9152382621735
117039,1025.0,1199.7760884735885,-174.77608847358852
117041,545.0,710.2063887821056,-165.2063887821056
117047,1080.0,1074.8974172024614,5.102582797538616
117054,1240.0,1099.5483446662909,140.45165533370914
117057,920.0,724.0776975813552,195.9223024186448
117063,845.0,723.108843368169,121.891156631831
117067,595.0,639.02055874198,-44.02055874198004
117074,1170.0,1072.865870993701,97.13412900629896
117088,1000.0,1144.8905222776766,-144.8905222776766
117106,1058.0,1087.15915042835,-29.159150428349903
117122,921.0,742.4340811181386,178.56591888186142
117134,1200.0,1152.7735243453824,47.226475654617616
117143,430.0,582.2638016598268,-152.26380165982675
117200,1020.0,1049.6813849270852,-29.68138492708522
117208,575.0,640.0971550554253,-65.09715505542533
117212,975.0,1121.6544272878568,-146.65442728785683
117219,867.0,720.4216095627978,146.5783904372022
117230,948.0,1233.8704650088077,-285.87046500880774
117244,1015.0,1036.0850815802105,-21.0850815802105
117258,800.0,691.0821462550623,108.9178537449377
117270,1180.0,1210.5792131814894,-30.579213181489422
117273,1335.0,1208.0090309548739,126.99096904512612
117276,1085.0,1054.4014184246473,30.598581575352682
117280,670.0,645.6345123226511,24.365487677348938
117299,1115.0,1139.26354215638,-24.263542156380026
117306,1120.0,1092.4782602326459,27.52173976735412
117327,1030.0,1215.5600590491188,-185.56005904911876
117351,1380.0,1150.3911080306088,229.60889196939115
117383,1297.0,1117.169535526107,179.83046447389302
117401,775.0,685.1807200363576,89.81927996364243
117411,790.0,1057.9650591904622,-267.96505919046217
117444,1115.0,1213.7156188311076,-98.71561883110758
117454,895.0,911.8919323331334,-16.891932333133354
117459,860.0,701.4050839941333,158.5949160058667
117496,686.0,646.703321423518,39.29667857648201
117511,1270.0,1092.75832222718,177.2416777728199
117528,690.0,659.7657426475721,30.234257352427903
117570,1120.0,1217.864043104592,-97.86404310459193
117572,1205.0,1081.9273615636685,123.07263843633154
117588,890.0,910.5133757401718,-20.513375740171796
117598,1320.0,1205.9450424600313,114.05495753996865
117601,782.0,629.421642011175,152.57835798882502
117604,820.0,692.1727681009897,127.82723189901026
117650,1180.0,1029.3915642786835,150.60843572131648
117652,1051.0,1039.74086759346,11.259132406539948
117679,775.0,674.4551903695449,100.54480963045512
117684,583.0,594.5736175974282,-11.57361759742821
117690,855.0,702.4819728133715,152.5180271866285
117695,950.0,1120.6271850728592,-170.62718507285922
117721,535.0,621.9331041222008,-86.9331041222008
117737,1120.0,959.0464064669482,160.95359353305184
117746,865.0,960.6730168098799,-95.67301680987987
117754,945.0,1267.4579902547637,-322.4579902547637
117763,1390.0,1307.7748039342125,82.22519606578749
117774,980.0,1018.3626431050053,-38.362643105005304
117803,1000.0,1233.7640966012937,-233.76409660129366
117806,1370.0,1273.9594254978006,96.04057450219943
117844,870.0,1022.2678945276228,-152.26789452762284
117856,1080.0,979.3491960607325,100.65080393926746
117866,1088.0,1058.901310531487,29.09868946851293
117870,1190.0,1115.8856630089572,74.11433699104282
117871,1050.0,1152.9494825407876,-102.94948254078759
117897,772.0,662.7750716432523,109.22492835674768
117900,632.0,570.4402420817121,61.559757918287914
117912,1245.0,1171.135152377353,73.86484762264695
117917,730.0,724.5189659637414,5.48103403625862
117933,1230.0,1258.4559286309782,-28.45592863097818
117936,1221.0,1209.9249841142496,11.075015885750418
117949,925.0,1084.0793703079173,-159.07937030791732
117961,710.0,691.3062942178556,18.693705782144434
117963,945.0,1138.3443461407514,-193.34434614075144
117984,1405.0,1211.7149035874131,193.28509641258688
117990,561.0,681.6908265865977,-120.69082658659772
118009,800.0,713.2704389538709,86.7295610461291
118016,1160.0,1191.8685091867678,-31.868509186767824
118033,1036.0,1227.507192465529,-191.507192465529
118034,1265.0,1180.2186787909243,84.78132120907571
118036,1274.0,1190.9927723687076,83.00722763129238
118066,1380.0,1202.370794658787,177.62920534121304
118072,591.0,667.6764553658114,-76.67645536581142
118074,1086.0,1266.765389489517,-180.76538948951702
118096,495.0,671.7675387498053,-176.76753874980534
118105,530.0,628.6049730136118,-98.60497301361181
118110,780.0,744.3608895179885,35.63911048201146
118121,515.0,661.7389644734343,-146.7389644734343
118130,1195.0,1196.7476884173195,-1.747688417319523
118136,1115.0,1130.931387610184,-15.931387610183947
118163,1165.0,1179.1560444487084,-14.156044448708371
118181,745.0,584.8153627527302,160.18463724726985
118188,1169.0,1069.412041710348,99.58795828965208
118197,930.0,741.85676033012,188.14323966988002
118200,1220.0,1215.2362935405233,4.76370645947668
118226,1235.0,1211.0890936962955,23.91090630370445
118237,827.0,988.2094862223544,-161.20948622235437
118241,640.0,604.0016123270777,35.99838767292226
118247,1140.0,1127.848923960831,12.151076039169084
118278,1205.0,1054.826335856408,150.17366414359208
118283,1094.0,1030.798191521434,63.20180847856591
118304,598.0,621.6027932084475,-23.60279320844745
118324,970.0,1021.8264962802612,-51.82649628026115
118349,1157.0,1043.2177693629092,113.78223063709083
118408,784.0,723.6614703654797,60.33852963452034
118429,1135.0,1145.0694287844226,-10.069428784422598
118450,1160.0,1121.3341797529808,38.665820247019155
118452,970.0,1115.8080652002652,-145.80806520026522
118483,940.0,1040.2965700731777,-100.29657007317769
118489,1420.0,1269.4032999825777,150.59670001742234
118510,1047.0,1122.0251851095827,-75.02518510958271
118521,1551.0,1115.2465626786704,435.75343732132956
118524,680.0,660.1363607568533,19.863639243146736
118526,1422.0,1280.854059473652,141.1459405263481
118560,1095.0,1118.550935297508,-23.550935297507976
118566,1010.0,1106.2168551681275,-96.2168551681275
118567,1225.0,1251.3167996439813,-26.316799643981312
118577,735.0,656.224120319046,78.77587968095395
118622,1160.0,1044.058513953312,115.94148604668794
118642,1225.0,1108.2254951738105,116.77450482618951
118645,545.0,641.5307431935693,-96.53074319356926
118659,1175.0,1051.939642950509,123.0603570494909
118661,473.0,761.4775078723044,-288.4775078723044
118662,750.0,734.6932813840209,15.306718615979094
118672,705.0,743.5262374702996,-38.526237470299634
118710,670.0,629.1489120360864,40.85108796391364
118718,1135.0,1182.7332014040592,-47.73320140405917
118722,1155.0,1158.3023041833412,-3.3023041833412208
118752,692.0,726.6837376864256,-34.683737686425616
118773,1120.0,1219.0899879997417,-99.08998799974165
118778,526.0,599.3538157771403,-73.35381577714031
118803,870.0,964.9867888939541,-94.9867888939541
118817,861.0,1003.4632280376157,-142.46322803761575
118821,1040.0,969.390201660054,70.609798339946
118837,915.0,893.3400643639739,21.659935636026148
118842,1095.0,981.8209902193809,113.17900978061914
118845,1095.0,985.8989137282406,109.10108627175941
118852,1230.0,1117.675562336465,112.32443766353504
118861,1390.0,1218.6273785949436,171.3726214050564
118873,1665.0,1294.3648107026697,370.63518929733027
118877,1245.0,1101.2473844663273,143.75261553367272
118909,545.0,561.0849923396037,-16.084992339603673
118915,585.0,643.5387080754866,-58.538708075486625
118926,1240.0,1239.6244367056124,0.3755632943875753
118939,1075.0,1132.5859581103393,-57.585958110339334
118944,683.0,657.1282176857737,25.871782314226266
118946,1257.0,1058.802065833286,198.19793416671405
118994,695.0,878.6276771688166,-183.6276771688166
119025,480.0,653.8451568884467,-173.8451568884467
119056,963.0,764.8342805609448,198.16571943905524
119062,1305.0,1137.0499566197107,167.95004338028934
119066,1280.0,1254.963247663448,25.0367523365519
119075,1107.0,1225.2909116053215,-118.29091160532153
119079,1323.0,1049.7207329172952,273.2792670827048
119094,776.0,704.0743976973042,71.92560230269578
119107,900.0,695.23992566072,204.76007433927998
119114,920.0,1198.9449749308706,-278.94497493087056
119115,1190.0,1278.110465782244,-88.11046578224409
119123,895.0,1093.3502177399967,-198.35021773999665
119169,570.0,558.1886437542141,11.811356245785873
119187,595.0,744.1030320701208,-149.10303207012078
119188,1290.0,1259.2873583157154,30.712641684284563
119202,1620.0,1180.7767992311938,439.22320076880624
119271,1515.0,1284.4279536453307,230.57204635466928
119293,1460.0,1304.3509348851162,155.6490651148838
119301,1400.0,1266.137794804949,133.86220519505105
119349,879.0,892.5732465089509,-13.573246508950888
119352,800.0,1099.2256504925476,-299.22565049254763
119406,818.0,754.1567667184089,63.8432332815911
119407,840.0,993.3974009180198,-153.3974009180198
119451,635.0,637.3065344570762,-2.306534457076168
119462,1235.0,1128.1575663778522,106.84243362214784
119471,970.0,1198.2888631924568,-228.2888631924568
119538,700.0,697.368837190234,2.6311628097660105
119568,819.0,896.272999644307,-77.27299964430699
119573,1255.0,1199.3955293079412,55.60447069205884
119576,575.0,643.5543393665396,-68.55433936653958
119578,1225.0,1265.4442231209143,-40.44422312091433
119603,1125.0,1200.8713510921377,-75.87135109213773
119618,1135.0,1132.4925483807895,2.507451619210542
119633,1205.0,1065.3395782838634,139.66042171613663
119666,577.0,595.2864651267026,-18.286465126702637
119702,630.0,686.1309906676112,-56.13099066761117
119704,580.0,626.8370541094189,-46.83705410941889
119717,735.0,671.634457179568,63.36554282043198
119718,950.0,1146.3649210919364,-196.36492109193637
119725,525.0,663.174169291655,-138.17416929165495
119750,1525.0,1171.755017567458,353.244982432542
119755,1175.0,1182.2897124000367,-7.289712400036706
119762,1266.0,1103.338593658188,162.66140634181193
119768,575.0,691.3601586971189,-116.36015869711889
119861,1295.0,1169.877581369696,125.12241863030408
119869,1170.0,1189.9465955693997,-19.946595569399733
119871,675.0,684.0746343184447,-9.074634318444737
119872,830.0,809.3690339610404,20.630966038959627
119888,755.0,1098.7030574527273,-343.7030574527273
119893,1145.0,1213.7095268414016,-68.70952684140161
119898,750.0,1009.1837099931425,-259.18370999314254
119901,1215.0,1231.8757434235806,-16.875743423580616
119911,630.0,690.6137809908187,-60.61378099081867
119915,875.0,743.3811806385255,131.6188193614745
119937,1180.0,1096.4133195228942,83.5866804771058
119963,1125.0,1117.1076286920847,7.892371307915255
119970,870.0,658.2414758991165,211.7585241008835
119983,1521.0,1280.8575462341826,240.14245376581744
120031,605.0,657.6330450860168,-52.63304508601675
120069,1025.0,734.0333796360201,290.9666203639799
120075,725.0,652.6222262226788,72.37777377732118
120126,926.0,1082.2235561470145,-156.2235561470145
120158,643.0,613.021664223009,29.978335776991003
120167,1422.0,1251.4097387363292,170.59026126367075
120177,925.0,731.5793280311486,193.42067196885137
120183,1385.0,1073.6821650814904,311.31783491850956
120187,953.0,715.6275542804476,237.3724457195524
120189,1240.0,1280.6916436833244,-40.6916436833244
120217,1367.0,1142.4212868285267,224.57871317147328
120229,432.0,700.5516322698145,-268.5516322698145
120243,661.0,699.1896681042033,-38.18966810420329
120248,1085.0,1132.2550914292995,-47.255091429299455
120267,1047.0,1076.4309145783016,-29.430914578301554
120269,981.0,1186.05427666516,-205.05427666515993
120273,941.0,1041.7640264382137,-100.7640264382137
120306,1279.0,1168.3973696224793,110.60263037752065
120313,1100.0,1122.6180120737806,-22.61801207378062
120329,903.0,704.7757833823482,198.2242166176518
120331,1240.0,1066.2468418957822,173.75315810421785
120337,918.0,1022.2437466152763,-104.24374661527634
120348,575.0,692.8053972594718,-117.80539725947176
120359,1010.0,710.40526827203,299.59473172797004
120361,1345.0,1088.5425978171309,256.45740218286915
120364,466.0,650.520073407256,-184.52007340725595
120372,1180.0,985.7335586951459,194.26644130485408
120419,480.0,663.6889797509047,-183.68897975090465
120438,826.0,1076.2964170756898,-250.29641707568976
120439,1272.0,1098.965351624914,173.0346483750859
120442,725.0,717.3152630181809,7.684736981819128
120450,1565.0,1053.8598254865587,511.14017451344125
120542,1060.0,902.1400235327327,157.8599764672673
120582,1124.0,1037.1557045754032,86.8442954245968
120584,1075.0,1007.7145697778043,67.28543022219571
120607,615.0,619.9919636084796,-4.991963608479637
120613,965.0,1148.3134247222185,-183.31342472221854
120618,930.0,1141.2414603319153,-211.24146033191528
120622,1135.0,1153.797445246353,-18.797445246352936
120625,950.0,922.0464981826824,27.9535018173176
120631,450.0,569.0469298558004,-119.04692985580039
120635,1000.0,892.5363141216732,107.46368587832683
120646,1069.0,1168.642997794641,-99.6429977946409
120652,1040.0,1197.8122364756666,-157.81223647566662
120662,970.0,1081.4635160648697,-111.46351606486974
120701,1172.0,1282.0725667840045,-110.0725667840045
120725,650.0,696.6907671479363,-46.6907671479363
120753,662.0,913.5501599331366,-251.55015993313657
120780,1124.0,1041.150268492866,82.84973150713404
120792,700.0,668.7727297745498,31.227270225450184
120795,1040.0,1076.9282762991518,-36.928276299151776
120826,1180.0,1122.062914430753,57.937085569247074
120871,1150.0,1066.452170141531,83.54782985846896
120883,785.0,752.5259394299528,32.474060570047186
120917,965.0,956.8747274802511,8.125272519748933
120949,475.0,650.4363594570083,-175.43635945700828
120964,1344.0,1318.9723419692327,25.02765803076727
120980,1175.0,1098.862328850444,76.1376711495559
120986,1250.0,1160.0372551586227,89.96274484137734
121005,1412.0,1277.9051447367578,134.09485526324215
121006,1200.0,1040.8496682456082,159.1503317543918
121009,1210.0,1180.5683512992377,29.431648700762253
121032,571.0,612.3419331065201,-41.34193310652006
121067,1480.0,1288.6250324246516,191.37496757534836
121071,1180.0,997.1362229014688,182.86377709853116
121088,1680.0,1208.6297700244013,471.3702299755987
121098,955.0,956.1693130618848,-1.16931306188485
121099,606.0,639.3572226477692,-33.35722264776916
121101,885.0,680.3688152743449,204.6311847256551
121105,980.0,886.6632703381252,93.33672966187476
121107,1231.0,1165.4778527964606,65.52214720353936
121119,1175.0,1130.30314738513,44.69685261487007
121124,1014.0,1024.9696072546153,-10.969607254615312
121147,1270.0,1269.432898826192,0.5671011738079414
121170,860.0,1055.7423836336832,-195.74238363368318
121171,727.0,581.6062606458926,145.39373935410742
121212,910.0,1137.316990977207,-227.31699097720707
121279,760.0,957.3968535884138,-197.39685358841382
121290,990.0,991.2693710255786,-1.2693710255786073
121336,833.0,717.1282756434304,115.87172435656964
121337,775.0,642.0932691217952,132.90673087820483
121352,849.0,1112.4320435126651,-263.43204351266513
121356,1010.0,1141.5942673218403,-131.59426732184033
121370,849.0,1096.3507164099249,-247.35071640992487
121381,790.0,683.6993476175211,106.30065238247892
121391,1069.0,1248.0192580996022,-179.0192580996022
121409,840.0,1151.2135319575586,-311.21353195755864
121410,1310.0,1030.1436878362065,279.8563121637935
121411,1415.0,1120.0024337853058,294.9975662146942
121417,1220.0,1176.060061854583,43.939938145417045
121491,1100.0,1013.6165525470129,86.38344745298707
121500,677.0,588.3711102822442,88.62888971775578
121518,1039.0,1240.2705241405401,-201.27052414054015
121551,697.0,663.3124996404039,33.68750035959613
121625,716.0,668.7206971130865,47.279302886913456
121630,1120.0,1186.5181675078284,-66.51816750782837
121654,825.0,703.7792925691158,121.2207074308842
121656,960.0,1037.70841995729,-77.70841995729006
121659,570.0,675.4734559023958,-105.47345590239581
121669,960.0,1054.3653241863915,-94.36532418639149
121676,595.0,944.3951063080265,-349.39510630802647
121680,1020.0,733.796569245661,286.203430754339
121692,550.0,686.2504863430354,-136.2504863430354
121718,632.0,610.8086135791435,21.191386420856475
121720,755.0,695.248963703744,59.75103629625596
121742,960.0,1010.3896321593743,-50.38963215937429
121792,782.0,707.2440331481428,74.75596685185724
121828,1218.0,1113.041439701902,104.95856029809806
121833,550.0,704.2644366746991,-154.26443667469914
121834,1265.0,1042.5005764387279,222.49942356127212
121848,1505.0,1144.3595639021023,360.6404360978977
121883,503.0,674.2274374471277,-171.22743744712773
121885,1522.0,1289.9205031593651,232.07949684063487
121918,990.0,870.1559439133922,119.8440560866078
121978,739.0,694.1138820414585,44.88611795854149
121986,1157.0,1029.1874752779424,127.81252472205756
122019,612.0,685.2163794622616,-73.21637946226156
122061,893.0,968.4385943976756,-75.43859439767562
122066,1168.0,1291.3150324106728,-123.31503241067276
122071,449.0,570.1771656384423,-121.17716563844226
122108,1156.0,1240.9465786712396,-84.94657867123965
122117,610.0,694.8894701440408,-84.88947014404084
122136,1091.0,1015.3094175375408,75.69058246245925
122168,1010.0,1052.7469544610005,-42.74695446100054
122194,435.0,721.4819354871074,-286.4819354871074
122223,800.0,1016.437410096122,-216.437410096122
122262,1003.0,1049.6843803348265,-46.68438033482653
122311,725.0,729.0860047650208,-4.086004765020789
122326,1370.0,1091.062215226605,278.9377847733949
122331,850.0,886.6000253676691,-36.600025367669105
122342,1104.0,1065.4463293967183,38.55367060328172
122404,1440.0,1253.8652014469276,186.13479855307241
122418,760.0,674.6068568198832,85.3931431801168
122433,1030.0,1113.3052503561273,-83.30525035612732
122436,910.0,1084.6960014016727,-174.69600140167267
122438,1105.0,1033.434796851634,71.56520314836598
122448,1440.0,1168.5144164777353,271.48558352226473
122456,1389.0,1313.9704485185773,75.02955148142269
122478,1075.0,1014.7592446599847,60.24075534001531
122489,940.0,1017.4203236835903,-77.42032368359025
122498,1045.0,1089.4051473503482,-44.405147350348216
122536,860.0,659.4666054903037,200.53339450969634
122537,1306.0,996.9478818344933,309.0521181655067
122546,1040.0,1273.1050867210593,-233.10508672105925
122599,1107.0,1166.4112730070776,-59.411273007077625
122602,1005.0,762.149758518027,242.85024148197294
122611,730.0,680.2770294868938,49.72297051310625
122625,575.0,563.9761975014701,11.023802498529903
122642,1230.0,1251.9837165046017,-21.983716504601716
122643,1250.0,1097.9222452299148,152.07775477008522
122652,1295.0,1286.1512530269915,8.848746973008474
122657,590.0,620.0468038921506,-30.046803892150592
122686,1065.0,968.4338097424373,96.56619025756265
122695,1171.0,950.6921790221703,220.3078209778297
122702,1205.0,1247.9793035315745,-42.97930353157449
122703,1286.0,1086.709390433056,199.2906095669441
122739,660.0,652.1605218528912,7.839478147108821
122751,690.0,705.2613328267429,-15.261332826742887
122766,815.0,895.717188814588,-80.71718881458798
122782,1140.0,1114.6211872179601,25.37881278203986
122790,1222.0,1308.2404615097155,-86.24046150971549
122812,745.0,724.3294433476924,20.670556652307596
122816,965.0,729.0668919082913,235.93310809170873
122850,1035.0,1018.8818690553086,16.118130944691416
122854,850.0,914.305949489575,-64.30594948957503
122868,530.0,546.9541751636691,-16.954175163669106
122881,1230.0,1267.8446892097197,-37.84468920971972
122921,1280.0,1018.181955374665,261.818044625335
122938,585.0,672.910609370373,-87.91060937037298
122964,1482.0,1246.8646480352265,235.13535196477346
122969,1050.0,952.933470165906,97.06652983409401
122982,985.0,848.731824194291,136.268175805709
122997,749.0,1088.207712630395,-339.207712630395
123000,1340.0,1041.2143854404464,298.78561455955355
123011,1455.0,1233.5375143701779,221.46248562982214
123012,861.0,744.6868361040307,116.3131638959693
123028,665.0,633.6922500258732,31.30774997412675
123060,920.0,1084.9609264786739,-164.96092647867385
123063,670.0,677.2583865685991,-7.258386568599121
123077,1680.0,1273.6886573199438,406.3113426800562
123089,725.0,695.2531625191681,29.746837480831914
123091,1130.0,1101.8791406945459,28.120859305454132
123106,694.0,703.8106052877581,-9.810605287758108
123133,804.0,906.9840703020432,-102.98407030204316
123150,1155.0,1192.3915526957144,-37.39155269571438
123172,703.0,735.2439947007625,-32.24399470076253
123173,730.0,1180.677268715309,-450.6772687153091
123185,1220.0,1100.8029610869287,119.19703891307131
123193,685.0,659.0620913568803,25.937908643119727
123205,590.0,636.1955855613691,-46.19558556136906
123217,815.0,691.0082256886443,123.9917743113557
123219,901.0,952.1239074370784,-51.1239074370784
123222,590.0,637.77021620663,-47.77021620663004
123261,1020.0,1095.234001083557,-75.2340010835569
123262,1210.0,1225.540499079005,-15.54049907900503
123276,1290.0,1195.5848008243606,94.41519917563937
123297,1200.0,1257.4640490232568,-57.46404902325685
123345,785.0,711.1903053266585,73.80969467334148
123365,1212.0,1022.8677080357837,189.13229196421628
123385,1279.0,1124.9900779502602,154.00992204973977
123419,875.0,749.2634669872423,125.73653301275772
123427,1155.0,1130.0032638408336,24.996736159166403
123455,782.0,1171.7236753895274,-389.72367538952744
123477,1230.0,1302.2458692385678,-72.24586923856782
123486,746.0,692.6562297475865,53.34377025241349
123490,781.0,1032.0112299350822,-251.01122993508216
123501,720.0,662.2904428565716,57.709557143428356
123505,645.0,682.4147130618247,-37.41471306182473
123512,825.0,924.3783304340682,-99.37833043406818
123513,1300.0,1236.4345167574688,63.56548324253117
123524,1375.0,1200.6308640084578,174.36913599154218
123532,535.0,683.3356306506314,-148.3356306506314
123541,657.0,653.5927574825347,3.4072425174653063
123551,1340.0,1188.5894682438477,151.4105317561523
123630,1168.0,965.3477071780276,202.65229282197242
123706,866.0,1129.0477159451173,-263.04771594511726
123751,1265.0,1203.8231020256703,61.17689797432968
123753,760.0,1037.5968813725847,-277.5968813725847
123773,575.0,605.4571221749718,-30.4571221749718
123780,1036.0,981.0931429132195,54.90685708678052
123805,530.0,736.2383271088396,-206.2383271088396
123838,1065.0,1154.974273081905,-89.97427308190504
123839,615.0,524.9910014127297,90.0089985872703
123861,928.0,707.4646190266883,220.5353809733117
123889,1370.0,1175.4850917656022,194.5149082343978
123891,1110.0,1155.4741110817208,-45.47411108172082
123900,1201.0,1040.016783109557,160.98321689044292
123939,810.0,761.0663927213332,48.93360727866684
123968,1160.0,745.1687523907889,414.8312476092111
123979,1390.0,1258.87157813461,131.12842186539
124014,1000.0,753.8405147980402,246.1594852019598
124077,1285.0,1232.4014304322725,52.59856956772751
124105,725.0,690.0185434655755,34.981456534424524
124111,755.0,671.8647539747378,83.13524602526218
124137,1205.0,1165.832142206173,39.1678577938269
124139,775.0,720.5314146774809,54.46858532251906
124168,1200.0,1169.9900909233902,30.0099090766098
124187,570.0,866.2608735407828,-296.26087354078277
124203,820.0,728.8626368621747,91.13736313782533
124225,757.0,688.6618466609484,68.33815333905159
124232,1010.0,994.4543052822564,15.545694717743572
124262,1440.0,1169.9248587171687,270.0751412828313
124272,1255.0,1184.0883699322942,70.9116300677058
124348,1200.0,1284.5471392626505,-84.54713926265049
124352,530.0,713.3488870940351,-183.34888709403515
124353,996.0,1000.4730707597519,-4.473070759751863
124360,1136.0,1017.6264254877306,118.37357451226944
124369,705.0,685.0909529118046,19.909047088195393
124374,489.0,592.5629676514948,-103.56296765149477
124392,1220.0,1261.6631593752677,-41.663159375267696
124395,808.0,726.0254739610887,81.97452603891134
124401,1105.0,1024.2722379712043,80.72776202879572
124406,1260.0,1186.9164596534968,73.08354034650324
124413,860.0,688.6956147640336,171.30438523596638
124445,1310.0,1289.4247816738625,20.575218326137474
124478,785.0,680.764518259196,104.23548174080395
124550,1091.0,1092.959054856628,-1.9590548566279722
124578,1190.0,1159.8744328941045,30.12556710589547
124579,550.0,697.9804350147386,-147.98043501473865
124622,1250.0,1068.723372321732,181.27662767826791
124651,1080.0,1239.9120920722062,-159.91209207220618
124671,756.0,718.0146896897743,37.985310310225714
124678,1010.0,1216.6143501675654,-206.61435016756536
124692,1410.0,1231.0124853976097,178.98751460239032
124711,1355.0,1140.3894509561533,214.61054904384673
124734,1252.0,1159.2230202822589,92.77697971774114
124756,1187.0,1093.5189796148843,93.4810203851157
124776,975.0,844.1080286171454,130.89197138285465
124784,1522.0,1264.152951461851,257.847048538149
124841,634.0,641.5604161545277,-7.560416154527729
124874,926.0,740.4177734858852,185.58222651411484
124887,1246.0,1101.2530535213054,144.74694647869455
124892,1284.0,1197.0977623387348,86.90223766126519
124931,616.0,881.3933933008368,-265.3933933008368
124932,1170.0,1141.3437396123186,28.656260387681414
124936,680.0,687.8684487623142,-7.868448762314188
125002,970.0,1062.4528412254006,-92.45284122540056
125019,1230.0,1107.4357122499093,122.56428775009067
125041,1390.0,1237.890328021326,152.109671978674
125056,760.0,692.0600586447237,67.93994135527635
125066,655.0,742.668542596452,-87.66854259645197
125069,1220.0,1057.1575264726735,162.84247352732655
125085,1155.0,1144.7071633013602,10.292836698639803
125102,1330.0,1165.95479961238,164.04520038762007
125138,1289.0,1169.8196702733703,119.18032972662968
125164,510.0,683.06401513728,-173.06401513727997
125181,1000.0,1207.5552057802468,-207.55520578024675
125191,1260.0,1189.1837796543375,70.81622034566249
125192,1150.0,741.2002059958577,408.7997940041423
125201,1105.0,1191.3745943794468,-86.37459437944676
125216,1260.0,1133.5540032489716,126.44599675102836
125232,1470.0,1286.4968014374565,183.5031985625435
125234,1205.0,1142.676529803874,62.32347019612598
125261,970.0,724.6316125301743,245.36838746982573
125263,965.0,1058.4881519541505,-93.48815195415045
125268,720.0,713.0570436973816,6.942956302618427
125272,1230.0,1150.6915061888542,79.30849381114581
125278,835.0,756.8562510637296,78.14374893627041
125283,1080.0,1299.036224155225,-219.036224155225
125293,992.0,1175.1262795653925,-183.12627956539245
125324,705.0,674.5890379638056,30.410962036194405
125365,964.0,1147.294467233855,-183.2944672338549
125370,1185.0,1188.373233800125,-3.3732338001250355
125374,721.0,676.5841039667135,44.41589603328646
125380,1415.0,1252.6431956828046,162.35680431719538
125384,1194.0,1273.9157920183657,-79.91579201836566
125393,635.0,700.2608304380142,-65.26083043801418
125394,1140.0,1028.3805690324675,111.61943096753248
125423,940.0,1083.662593561122,-143.6625935611221
125447,1530.0,1194.96919766955,335.0308023304499
125458,860.0,1045.7606298701412,-185.7606298701412
125461,760.0,683.3342108222918,76.66578917770823
125527,1055.0,1128.1435836555413,-73.1435836555413
125528,1310.0,1132.9745541479706,177.0254458520294
125543,970.0,1205.8072800171283,-235.80728001712828
125554,1150.0,1171.8872417708308,-21.88724177083077
125561,1380.0,1282.4927888860834,97.50721111391658
125595,425.0,577.0732268133723,-152.07322681337234
125602,580.0,604.5558317715777,-24.555831771577687
125626,1630.0,1169.8585890013942,460.1414109986058
125638,860.0,719.6255668925534,140.37443310744663
125645,840.0,697.4036171542778,142.59638284572225
125651,738.0,1081.183564808128,-343.18356480812804
125668,1285.0,1124.0254123631603,160.97458763683971
125676,1169.0,963.7236609345526,205.27633906544736
125724,1120.0,1014.9154329220341,105.08456707796586
125741,1230.0,1220.7461337659233,9.253866234076668
125749,595.0,611.1501128680713,-16.150112868071346
125772,1015.0,1044.3603823977417,-29.36038239774166
125778,560.0,687.616368626338,-127.61636862633804
125779,566.0,866.5463047301184,-300.54630473011844
125804,1260.0,1204.517810779354,55.48218922064598
125869,1167.0,1093.0364216422856,73.96357835771437
125873,940.0,917.6132116019195,22.386788398080512
125904,1080.0,1228.9166402142853,-148.91664021428528
125936,1350.0,1093.5081243923146,256.4918756076854
125943,846.0,719.093992486814,126.90600751318595
125966,940.0,1052.288657375742,-112.2886573757421
125981,595.0,661.8361889766225,-66.83618897662245
125988,549.0,653.6499985441734,-104.6499985441734
126020,685.0,618.2054153060288,66.79458469397116
126065,554.0,616.5964153757222,-62.596415375722245
126074,1085.0,992.214773255153,92.78522674484702
126081,1312.0,1173.019603293932,138.98039670606795
126097,994.0,1035.3658723912572,-41.3658723912572
126142,500.0,648.2711495766989,-148.27114957669892
126153,1540.0,1194.8295101804558,345.1704898195442
126175,1232.0,1093.2648481454733,138.73515185452675
126179,950.0,1173.3993774156572,-223.39937741565723
126183,1090.0,1016.1939089780619,73.80609102193807
126194,1075.0,1134.4157944223098,-59.41579442230977
126205,899.0,1069.6348681572263,-170.63486815722626
126244,1031.0,1042.4890762115701,-11.489076211570136
126245,1135.0,1120.0033656796247,14.996634320375279
126270,1102.0,1160.8715968936876,-58.87159689368764
126272,664.0,672.4906565250411,-8.490656525041118
126291,870.0,892.7175125186245,-22.717512518624517
126312,1075.0,1063.3589560838052,11.641043916194803
126321,1115.0,1062.623867131029,52.3761328689709
126326,1060.0,1006.598962919246,53.40103708075401
126334,1170.0,1287.025485559651,-117.02548555965109
126339,825.0,745.2898939586797,79.71010604132027
126393,920.0,1196.726776951365,-276.7267769513651
126407,810.0,612.4218443333243,197.57815566667568
126411,1165.0,1059.4538722284417,105.5461277715583
126419,1325.0,1113.320930346222,211.67906965377801
126468,630.0,641.9267865047274,-11.926786504727374
126495,785.0,731.4695422727596,53.530457727240446
126497,680.0,1201.0857171488856,-521.0857171488856
126524,1260.0,1137.5648836916314,122.4351163083686
126530,1300.0,1134.3047896578103,165.69521034218974
126561,964.0,685.2378292034841,278.7621707965159
126575,492.0,677.5406693047365,-185.54066930473653
126585,380.0,600.0954683175206,-220.0954683175206
126605,690.0,964.693566270617,-274.693566270617
126620,785.0,728.2618180187646,56.73818198123536
126621,970.0,986.3570355852831,-16.357035585283143
126637,490.0,595.9229405307565,-105.92294053075648
126666,1085.0,1147.1247890788925,-62.12478907889249
126689,675.0,729.9137384936196,-54.913738493619576
126714,1022.0,1100.7950100513035,-78.7950100513035
126722,1169.0,1109.9355581904485,59.064441809551454
126771,670.0,649.2175026406051,20.782497359394938
126809,1545.0,1089.5046795339101,455.4953204660899
126831,1170.0,1200.2191933940762,-30.21919339407623
126841,1105.0,1087.9757396948505,17.024260305149483
126887,1065.0,1150.8405280863155,-85.84052808631554
126892,1100.0,1182.6883197950651,-82.68831979506513
126914,790.0,635.3600726360726,154.63992736392743
126915,730.0,670.332065950009,59.667934049991004
126925,865.0,699.0663167347698,165.93368326523023
126931,855.0,1137.8490543928863,-282.8490543928863
126996,665.0,662.6531287037915,2.346871296208519
127009,1265.0,1133.8228193731704,131.17718062682957
127028,1055.0,1059.3505939954093,-4.3505939954093265
127042,1143.0,1240.156967395131,-97.156967395131
127052,1240.0,1180.5036177227335,59.49638227726655
127053,904.0,1176.9104857181349,-272.91048571813485
127070,1005.0,1189.2357168616413,-184.23571686164132
127087,1115.0,1125.691322700746,-10.691322700746014
127111,1280.0,1134.172061647793,145.82793835220696
127157,668.0,691.959380731494,-23.95938073149398
127192,1150.0,1101.282101017269,48.71789898273096
127219,672.0,717.2430198371495,-45.24301983714952
127318,1225.0,1168.857900422512,56.1420995774879
127360,780.0,730.2360495399834,49.763950460016645
127371,665.0,680.9237835716868,-15.92378357168684
127373,893.0,1088.0536762687898,-195.0536762687898
127393,1110.0,1246.7458871641998,-136.74588716419976
127402,1047.0,1114.0085209809658,-67.00852098096584
127421,1169.0,964.6176429580321,204.3823570419679
127434,675.0,737.9033677407477,-62.90336774074774
127479,984.0,1106.982014558839,-122.98201455883896
127522,985.0,1169.3231779533658,-184.32317795336576
127529,985.0,1088.0536762687898,-103.05367626878979
127557,1205.0,1022.0825665840927,182.91743341590734
127565,1025.0,1026.7942396931662,-1.7942396931662188
127570,1055.0,968.8679833740471,86.13201662595293
127576,1410.0,1218.2310892014518,191.76891079854818
127578,1400.0,1329.6378083306306,70.3621916693694
127598,1610.0,1296.2086665565062,313.79133344349384
127601,645.0,615.5854039931884,29.41459600681162
127627,1395.0,1297.5283791905056,97.47162080949442
127628,1535.0,1291.0396951458097,243.96030485419033
127632,1135.0,1152.9324811890506,-17.932481189050577
127668,837.0,714.1653610051187,122.83463899488129
127680,1317.0,1134.0174524566414,182.98254754335858
127701,1235.0,1129.5535672248866,105.44643277511341
127751,560.0,736.2193132065363,-176.2193132065363
127752,565.0,573.183322736882,-8.183322736882019
127768,1385.0,1187.0531303145883,197.94686968541168
127769,1105.0,1094.6131002798838,10.386899720116162
127825,805.0,677.1050400000722,127.89495999992778
127832,875.0,1091.3706618438086,-216.37066184380865
127838,1000.0,1022.4988692973084,-22.498869297308374
127850,905.0,1279.2041367715929,-374.20413677159286
127855,1205.0,945.1603289792725,259.83967102072745
127875,640.0,717.5591589127372,-77.55915891273719
127880,602.0,682.7751884609755,-80.77518846097553
127882,1105.0,1210.378274934554,-105.37827493455393
127910,1060.0,1113.7665117588956,-53.766511758895604
127922,1465.0,1297.1655307173664,167.83446928263356
127945,675.0,678.836277887752,-3.836277887751976
127963,1050.0,1139.4512873859048,-89.45128738590483
127984,1135.0,1179.0950340467432,-44.095034046743194
127996,1045.0,1149.007300354605,-104.00730035460492
128000,455.0,636.2889198687652,-181.28891986876522
128006,830.0,712.2448714774853,117.75512852251472
128023,1035.0,1186.4730630420468,-151.47306304204676
128024,1070.0,1136.7152039215723,-66.71520392157231
128051,1510.0,1266.0083316289633,243.99166837103667
128066,700.0,687.5630496129673,12.436950387032653
128097,950.0,1119.3871913063858,-169.38719130638583
128135,925.0,663.3915984981406,261.60840150185936
128157,1030.0,1249.545476070474,-219.54547607047402
128178,1180.0,1262.439825717477,-82.4398257174771
128208,885.0,761.3965435401391,123.60345645986092
128222,1213.0,1069.133300654275,143.866699345725
128234,765.0,591.0786524700544,173.9213475299456
128235,630.0,651.5334862873893,-21.533486287389337
128270,1000.0,1140.482100351808,-140.48210035180796
128282,1330.0,1168.6193212412238,161.38067875877618
128284,555.0,627.3234388319844,-72.32343883198439
128288,826.0,1163.2677262430882,-337.2677262430882
128302,755.0,971.0318197657324,-216.0318197657324
128303,1485.0,1159.6646971866714,325.33530281332855
128317,606.0,692.9820199274338,-86.98201992743384
128319,1020.0,1079.6190467674005,-59.619046767400505
128339,1040.0,1055.848674707677,-15.848674707676992
128379,800.0,1091.4025669612886,-291.4025669612886
128381,770.0,682.1256312760871,87.87436872391288
128386,955.0,1149.8863629959735,-194.8863629959735
128392,802.0,621.5563061794822,180.44369382051775
128398,630.0,600.6895435986772,29.310456401322767
128434,782.0,1128.6642096935748,-346.6642096935748
128482,1320.0,1259.8178281164028,60.18217188359722
128484,630.0,596.7868362497942,33.21316375020581
128491,574.0,681.9714948447728,-107.97149484477279
128498,1105.0,1139.3486327697556,-34.34863276975557
128526,713.0,648.0317559463623,64.9682440536377
128555,790.0,747.882659841837,42.11734015816296
128588,560.0,633.6363134518062,-73.63631345180625
128627,1375.0,1109.576975516141,265.4230244838591
128634,1755.0,1271.0924520056096,483.90754799439037
128641,1380.0,1197.1277282457852,182.8722717542148
128660,835.0,729.3874593694117,105.61254063058834
128668,442.0,700.1122196106209,-258.11221961062085
128677,1270.0,1181.8711217337611,88.12887826623887
128698,665.0,858.2900288323935,-193.29002883239355
128708,930.0,1130.673479432435,-200.673479432435
128711,1255.0,1133.7474508563962,121.2525491436038
128723,1209.0,1069.2213358110976,139.77866418890244
128728,1135.0,1184.0883699322942,-49.0883699322942
128733,1128.0,1136.7484423845617,-8.748442384561713
128764,870.0,1202.6539086018552,-332.65390860185516
128774,705.0,674.1252412799096,30.874758720090426
128779,920.0,732.0557411296691,187.94425887033094
128781,815.0,981.9361784641986,-166.93617846419863
128782,1137.0,1210.3979545041188,-73.39795450411884
128856,1205.0,1189.208511987506,15.791488012494028
128867,1510.0,1185.145603754416,324.854396245584
128899,1085.0,1022.2678945276228,62.73210547237716
128906,1010.0,1299.521085224456,-289.5210852244561
128916,670.0,698.363652235279,-28.363652235279005
128917,771.0,703.0794422666759,67.92055773332413
128924,699.0,1133.0754140720285,-434.0754140720285
128937,1211.0,903.4500381774894,307.54996182251057
128938,960.0,1092.9182831055255,-132.91828310552546
128970,890.0,1012.0770493092442,-122.07704930924422
129008,1030.0,973.5903758972273,56.40962410277268
129022,1020.0,1206.9553316535548,-186.95533165355482
129029,735.0,656.4259076848398,78.57409231516021
129068,1010.0,1046.7317630183454,-36.73176301834542
129072,705.0,702.1164890442893,2.883510955710676
129111,1341.0,1260.4560502233303,80.5439497766697
129116,1120.0,1089.8285808361184,30.171419163881637
129139,825.0,703.8487067940347,121.15129320596532
129140,490.0,588.5029812442983,-98.50298124429833
129143,1382.0,1122.1504464028317,259.8495535971683
129173,1120.0,1157.2019892448286,-37.20198924482861
129181,590.0,684.8341890089329,-94.83418900893287
129187,1080.0,1077.9011829069595,2.098817093040452
129247,1332.0,1147.4448203067484,184.5551796932516
129251,1073.0,1094.135663008193,-21.135663008192978
129267,660.0,641.4882767234743,18.511723276525686
129320,897.0,993.2335065889782,-96.23350658897823
129375,628.0,676.7308937678605,-48.73089376786049
129382,775.0,1029.3004318358626,-254.30043183586258
129386,1275.0,1190.6266056057461,84.37339439425386
129388,831.0,1038.1998125395264,-207.19981253952642
129434,893.0,1070.0878414170934,-177.0878414170934
129453,689.0,747.0743418904545,-58.07434189045455
129487,1005.0,1113.1155045892901,-108.11550458929014
129512,690.0,681.8162663892415,8.183733610758509
129522,715.0,723.7028686521497,-8.702868652149732
129543,1440.0,1234.009206082162,205.9907939178379
129547,748.0,755.3543595582961,-7.354359558296096
129555,490.0,616.8058994381768,-126.80589943817677
129559,1169.0,1080.5983833239015,88.40161667609846
129590,459.0,1057.4311422806409,-598.4311422806409
129604,650.0,692.0983791058402,-42.098379105840195
129636,1405.0,1234.0368728651258,170.96312713487418
129645,780.0,634.5972456893256,145.40275431067437
129660,704.0,701.3035114801138,2.696488519886202
129679,910.0,1011.6801373757437,-101.6801373757437
129733,900.0,1144.8958034070085,-244.89580340700854
129735,755.0,648.6131143047445,106.3868856952555
129749,1257.0,1154.601788093784,102.39821190621592
129766,663.0,592.2294728158029,70.77052718419714
129778,1345.0,1205.5805406663994,139.41945933360057
129813,1113.0,989.3173169367626,123.68268306323739
129854,1060.0,755.4120225018341,304.58797749816586
129871,1070.0,1009.6001267944587,60.399873205541326
129877,680.0,728.4096288029818,-48.40962880298184
129884,1100.0,1146.3951193641487,-46.39511936414874
129895,980.0,1035.7523289474882,-55.752328947488195
129905,492.0,600.9451438496624,-108.94514384966237
129916,727.0,673.5613547816484,53.43864521835155
129922,655.0,585.7550455082464,69.24495449175356
129932,950.0,1269.5016525913998,-319.50165259139976
129958,640.0,655.8945921120962,-15.894592112096234
129967,833.0,758.8378280163852,74.16217198361483
129994,995.0,968.7049652352199,26.295034764780098
130001,1010.0,1114.5093911233137,-104.50939112331366
130002,721.0,697.4723246243655,23.527675375634544
130015,750.0,750.9521938831423,-0.9521938831422858
130064,1070.0,1107.6473250688475,-37.64732506884752
130080,1125.0,1018.566430531144,106.43356946885604
130089,1390.0,1261.5703533472742,128.42964665272575
130104,1220.0,1189.8032601555653,30.19673984443466
130138,1170.0,1164.0761318645618,5.92386813543817
130147,675.0,660.4791486485708,14.5208513514292
130148,1495.0,1176.6316431238054,318.36835687619464
130151,816.0,742.9024007851615,73.09759921483851
130169,641.0,625.0787502124758,15.921249787524175
130172,957.0,1035.023245401409,-78.02324540140899
130187,420.0,565.9500003568027,-145.95000035680266
130226,855.0,1012.9966555499483,-157.9966555499483
130277,837.0,963.7236609345526,-126.72366093455264
130298,1269.0,1148.2110982085733,120.78890179142672
130333,1150.0,988.095975252333,161.904024747667
130341,880.0,662.3112846465193,217.6887153534807
130347,1433.0,1211.052202940436,221.94779705956398
130367,1030.0,1093.0498870125462,-63.04988701254615
130385,930.0,1117.1761080018118,-187.17610800181183
130386,925.0,1012.4193210594932,-87.4193210594932
130398,550.0,564.241178621417,-14.24117862141702
130403,719.0,646.0081922368668,72.99180776313324
130456,895.0,1175.2992262317912,-280.2992262317912
130457,772.0,685.5623332681764,86.43766673182358
130482,725.0,688.1165620614729,36.883437938527095
130517,950.0,1039.2684918685152,-89.26849186851518
130520,885.0,695.6557296829513,189.34427031704865
130580,760.0,674.8164242734466,85.18357572655339
130640,1040.0,1177.1484702611951,-137.14847026119514
130646,1130.0,1150.4627866730998,-20.4627866730998
130648,1079.0,1128.3282834809763,-49.328283480976324
130674,900.0,970.8334249956506,-70.8334249956506
130682,1040.0,1030.9532934936524,9.046706506347618
130736,995.0,1023.1361222392516,-28.136122239251563
130740,550.0,581.5727074574976,-31.572707457497586
130744,1210.0,1201.9968689224493,8.003131077550734
130749,440.0,664.7482151800707,-224.7482151800707
130763,659.0,600.8211101747748,58.178889825225156
130777,980.0,1017.4779134484168,-37.47791344841676
130801,720.0,608.903010885635,111.09698911436499
130803,1310.0,1248.0116538801483,61.98834611985171
130841,1165.0,1086.4682582338646,78.53174176613538
130876,830.0,691.031909503996,138.96809049600404
130911,1035.0,1138.5734615971517,-103.57346159715166
130932,1150.0,1273.0269624172636,-123.02696241726358
130935,1210.0,1105.711475350772,104.28852464922807
130947,1065.0,1287.112695496249,-222.112695496249
130957,1320.0,1247.7549093031798,72.24509069682017
130984,1525.0,1335.7688146439846,189.23118535601543
131045,460.0,556.9064203553677,-96.90642035536769
131057,1112.0,1095.7024442482416,16.29755575175841
131063,1155.0,1109.6173822432138,45.3826177567862
131068,1320.0,1257.307078718788,62.692921281211966
131110,1060.0,1142.590036858165,-82.59003685816492
131130,670.0,617.0832908236475,52.91670917635247
131156,1130.0,1069.2438352488293,60.75616475117067
131164,885.0,758.0116199416348,126.98838005836524
131169,1499.0,1133.737414917003,365.262585082997
131197,815.0,1067.4517493413273,-252.4517493413273
131214,620.0,602.3202490996007,17.679750900399313
131222,1020.0,1072.5829020978315,-52.58290209783149
131237,1070.0,1200.2037914248256,-130.20379142482557
131266,661.0,658.697287234763,2.3027127652369472
131396,1290.0,1176.4784597794505,113.52154022054947
131419,728.0,643.8304488318502,84.16955116814984
131423,1058.0,958.3999596904049,99.6000403095951
131433,1415.0,1236.8533349587894,178.14666504121055
131438,1530.0,1306.0348522373708,223.96514776262916
131491,1255.0,1303.7856633138372,-48.785663313837176
131530,1003.0,1084.8947697715325,-81.89476977153254
131535,1080.0,1090.8616599371935,-10.861659937193508
131538,1000.0,1081.402107364542,-81.40210736454196
131547,930.0,1289.6118963231384,-359.61189632313835
131557,440.0,509.9366942662996,-69.93669426629958
131583,1120.0,1093.9489228880923,26.051077111907716
131585,1136.0,1177.0969791016362,-41.09697910163618
131629,1040.0,1202.281087963612,-162.28108796361198
131645,740.0,593.5676890249958,146.43231097500416
131647,909.0,1174.249847021975,-265.24984702197503
131657,605.0,723.7797366542997,-118.77973665429965
131658,815.0,1081.542945432372,-266.5429454323721
131713,471.0,566.2380390140764,-95.23803901407643
131741,1010.0,1098.6791766864915,-88.67917668649147
131776,780.0,750.9530514689178,29.046948531082194
131786,1090.0,1094.468417760016,-4.468417760016109
131791,550.0,676.5590431570048,-126.5590431570048
131806,595.0,591.9779610869499,3.022038913050096
131810,565.0,717.8255385991376,-152.82553859913764
131811,730.0,704.3343520448811,25.665647955118857
131844,1260.0,1118.5393854730517,141.46061452694835
131845,1560.0,1299.3141131558968,260.68588684410315
131856,1110.0,1164.0502054279468,-54.05020542794682
131877,905.0,1008.5518340497136,-103.55183404971365
131881,1450.0,1127.167899451364,322.83210054863594
131884,560.0,694.8347600333344,-134.83476003333442
131905,700.0,692.4565451356613,7.543454864338742
131915,640.0,633.3457022542568,6.654297745743179
131928,1226.0,1202.3281269786876,23.67187302131242
131942,845.0,672.5906707690114,172.40932923098865
131947,725.0,717.1396130938401,7.860386906159874
131958,1065.0,1175.1262795653925,-110.12627956539245
131995,1147.0,1180.6751246216813,-33.675124621681334
132026,624.0,733.3020260089152,-109.30202600891516
132049,720.0,693.3224804502071,26.67751954979292
132051,810.0,1026.9945530374225,-216.99455303742252
132069,850.0,952.2888521120734,-102.28885211207341
132072,575.0,555.9813380603465,19.018661939653498
132084,700.0,713.7464760934221,-13.746476093422075
132087,1295.0,1143.1946993229526,151.8053006770474
132092,565.0,1005.3309694351625,-440.3309694351625
132097,990.0,736.5845081109651,253.4154918890349
132101,1275.0,1266.9250891519723,8.074910848027685
132102,1163.0,1225.4912639664694,-62.49126396646943
132144,960.0,1104.0807131216402,-144.0807131216402
132155,712.0,1184.5925126117706,-472.59251261177064
132170,962.0,1031.6913967683222,-69.69139676832219
132172,788.0,711.3394897505289,76.66051024947114
132184,1425.0,1254.131569386099,170.86843061390095
132197,1385.0,1176.529904846372,208.4700951536281
132207,1345.0,1218.737503877404,126.26249612259608
132211,1130.0,1170.8430926467872,-40.84309264678723
132212,1050.0,1022.6489348145566,27.351065185443417
132213,933.0,1069.8955137609348,-136.89551376093482
132240,1315.0,1201.1005642211833,113.89943577881672
132288,1215.0,1098.1121142000266,116.88788579997345
132382,1055.0,1069.4194494610667,-14.419449461066733
132398,945.0,977.2647658146005,-32.26476581460054
132408,550.0,686.98628959828,-136.98628959828
132532,895.0,736.9144018618426,158.08559813815737
132560,1295.0,1184.8626518242254,110.1373481757746
132592,790.0,998.5667353943812,-208.56673539438123
132612,1445.0,1151.3754510944384,293.6245489055616
132615,1510.0,1208.2414085617418,301.75859143825824
132623,775.0,761.1792116772029,13.820788322797057
132639,665.0,895.7103979824374,-230.71039798243737
132676,745.0,726.4723443616109,18.527655638389092
132683,1205.0,1222.9994470349795,-17.99944703497954
132728,1050.0,1143.069484622189,-93.06948462218907
132729,865.0,748.9676425471679,116.03235745283212
132767,1039.0,1004.7195357889896,34.28046421101044
132782,1281.0,1300.8722363257489,-19.872236325748872
132830,1620.0,1125.6815266112674,494.3184733887326
132922,1015.0,1129.5200336829992,-114.52003368299916
132924,990.0,1260.0103658753574,-270.01036587535737
132970,816.0,1081.3741426460758,-265.3741426460758
132987,1475.0,1191.266917375744,283.733082624256
133007,800.0,686.6611885062935,113.33881149370654
133017,605.0,640.6183228522426,-35.61832285224261
133021,1000.0,1156.1046587182702,-156.10465871827023
133028,1140.0,1055.906194196809,84.09380580319089
133035,1100.0,1166.9590249587463,-66.95902495874634
133046,655.0,674.7863584891528,-19.786358489152803
133047,580.0,667.1645884715894,-87.16458847158935
133066,1080.0,1046.9766837233105,33.02331627668946
133070,1175.0,1043.3558460579197,131.64415394208027
133094,1095.0,1176.529904846372,-81.52990484637189
133107,1145.0,1091.6862459956642,53.313754004335806
133115,640.0,705.6607032007031,-65.6607032007031
133146,660.0,658.429483748474,1.5705162515259872
133151,1300.0,1192.7678552893276,107.2321447106724
133164,1345.0,1145.569294263948,199.430705736052
133181,875.0,1146.0251996656036,-271.0251996656036
133182,465.0,667.6764553658114,-202.67645536581142
133211,990.0,1014.699432362934,-24.699432362933976
133224,930.0,902.5979590968387,27.402040903161264
133238,750.0,735.3188713739368,14.681128626063241
133259,755.0,682.466327754511,72.53367224548902
133269,895.0,986.4032302268429,-91.40323022684288
133274,1280.0,1085.1014007663405,194.89859923365952
133313,740.0,689.6988434432159,50.30115655678412
133332,1010.0,1010.8684557522243,-0.8684557522243495
133397,1095.0,1056.9213901598448,38.078609840155195
133411,635.0,650.8367165123858,-15.836716512385806
133416,778.0,735.2290162267227,42.770983773277294
133422,754.0,745.7731996488665,8.226800351133534
133426,945.0,1035.7523289474882,-90.7523289474882
133434,990.0,1224.4649808838797,-234.46498088387966
133436,1025.0,1093.763874894609,-68.76387489460899
133448,890.0,746.7120249587202,143.28797504127976
133463,1345.0,1072.942983583078,272.0570164169219
133465,1049.0,1037.0571006999949,11.942899300005138
133466,1130.0,1234.1543043120596,-104.1543043120596
133496,990.0,742.385256908265,247.61474309173502
133513,1155.0,1169.1040730168365,-14.104073016836537
133547,995.0,1084.020423205027,-89.0204232050271
133560,529.0,676.0475563323719,-147.04755633237187
133569,440.0,604.1492410519008,-164.14924105190084
133576,1055.0,1286.4792961946678,-231.47929619466777
133599,595.0,699.5488604837692,-104.5488604837692
133604,982.0,1217.2275085296146,-235.22750852961462
133611,1540.0,1262.2432576702492,277.75674232975075
133622,670.0,675.0724994139376,-5.072499413937635
133639,1275.0,1109.4192605073672,165.5807394926328
133642,1045.0,1111.1055072933318,-66.10550729333181
133643,1180.0,1150.0332491019801,29.966750898019882
133671,895.0,593.7427968789491,301.2572031210509
133686,798.0,1056.4382746774909,-258.4382746774909
133709,1010.0,1085.355546566866,-75.355546566866
133714,705.0,715.7883703949416,-10.78837039494158
133719,1260.0,1195.5848008243606,64.41519917563937
133735,1390.0,1286.1558091686459,103.84419083135413
133765,1192.0,1258.8532036681215,-66.85320366812152
133769,513.0,699.7110216297758,-186.71102162977581
133842,1373.0,1111.4574606934254,261.54253930657455
133875,760.0,657.2215660364575,102.77843396354251
133906,1140.0,1046.8467752402985,93.15322475970152
133941,1135.0,1173.0451857536314,-38.04518575363136
133953,1025.0,1260.8532277801025,-235.85322778010254
133961,1445.0,1133.6421978000892,311.3578021999108
134053,1058.0,1006.7670290855842,51.23297091441577
134067,1295.0,1259.0440211679445,35.95597883205551
134076,1050.0,723.9404525234836,326.0595474765164
134082,740.0,1030.9331994145798,-290.9331994145798
134118,1059.0,1062.9750820345973,-3.9750820345973352
134124,1103.0,1129.3051745970974,-26.305174597097448
134143,520.0,608.5707971373386,-88.57079713733856
134148,1245.0,1211.8869526521191,33.113047347880865
134188,875.0,1018.3856410626638,-143.3856410626638
134197,840.0,735.3675753162363,104.6324246837637
134203,1030.0,1079.7296995069787,-49.729699506978704
134221,950.0,931.1208993989671,18.87910060103286
134227,1090.0,1144.6779368108914,-54.677936810891424
134231,760.0,678.253440626871,81.746559373129
134258,1355.0,1246.3765768048445,108.62342319515551
134275,1080.0,1171.4092759588823,-91.40927595888229
134297,515.0,605.6572804148053,-90.65728041480531
134304,910.0,725.3999363234549,184.60006367654512
134308,1040.0,1178.5934936459996,-138.59349364599962
134312,660.0,608.7232607270911,51.27673927290891
134316,1253.0,1275.837099348114,-22.837099348113952
134318,615.0,699.107869338472,-84.10786933847203
134363,1325.0,1147.458988673279,177.541011326721
134410,980.0,1127.3732305157173,-147.3732305157173
134444,1014.0,1193.2977048280547,-179.29770482805475
134462,1157.0,947.8396588657018,209.16034113429816
134473,1405.0,697.54610346002,707.45389653998
134477,745.0,733.5077116920097,11.492288307990293
134478,1065.0,1181.9272154290175,-116.92721542901745
134496,560.0,657.1282176857737,-97.12821768577373
134512,1296.0,1284.1330887879444,11.866911212055584
134547,690.0,603.5508361796772,86.44916382032284
134557,827.0,947.8997480412655,-120.89974804126552
134605,830.0,972.8509589078329,-142.85095890783293
134606,1235.0,1176.5094316043696,58.49056839563036
134622,1065.0,1083.754870674735,-18.754870674735002
134656,613.0,663.6767175417652,-50.67671754176524
134676,805.0,736.8737770833557,68.12622291664434
134685,1160.0,1151.424991158373,8.575008841627096
134703,692.0,664.3729339725304,27.627066027469596
134713,795.0,742.5843619691686,52.41563803083136
134721,975.0,975.2913251058803,-0.29132510588033256
134723,1175.0,1028.1338050664642,146.86619493353578
134746,990.0,993.5100411917575,-3.510041191757523
134750,767.0,690.0191400295572,76.9808599704428
134766,1275.0,1187.9680221401284,87.03197785987163
134799,1190.0,1183.4561051786316,6.54389482136844
134806,870.0,863.3560172476932,6.643982752306783
134813,674.0,667.4436449646148,6.556355035385195
134817,796.0,697.7399163885057,98.26008361149434
134823,1125.0,1289.3563129929605,-164.3563129929605
134829,449.0,568.7077520480058,-119.70775204800577
134839,940.0,768.2980979550655,171.7019020449345
134863,1035.0,968.6989486253806,66.30105137461942
134871,1215.0,1143.8605501843888,71.13944981561121
134891,1200.0,1021.7178575710595,178.28214242894046
134911,1423.0,1265.2083015669675,157.79169843303248
134933,445.0,593.4247485021671,-148.42474850216706
134963,843.0,699.382508578668,143.61749142133203
134987,1100.0,1098.480243344954,1.519756655045967
135007,860.0,993.613683453918,-133.61368345391804
135011,873.0,719.1984495796131,153.8015504203869
135033,1000.0,1117.5254513684906,-117.52545136849062
135068,480.0,678.8321392604624,-198.83213926046244
135102,1335.0,1146.8051504370776,188.1948495629224
135103,1014.0,990.3307040985769,23.669295901423084
135120,748.0,731.245189630023,16.754810369977008
135130,785.0,694.1138820414585,90.88611795854149
135135,1080.0,1052.0290435968063,27.970956403193668
135145,606.0,663.4379035445273,-57.43790354452733
135162,1425.0,1292.8381554356458,132.16184456435417
135220,532.0,638.6115003143419,-106.61150031434192
135230,1320.0,1320.0351881410052,-0.03518814100516465
135292,605.0,606.8120370784436,-1.812037078443609
135321,775.0,1104.8982229779044,-329.8982229779044
135325,1120.0,1067.2467580229545,52.75324197704549
135327,1440.0,1285.6253291657918,154.37467083420825
135361,958.0,1042.4378516675824,-84.43785166758244
135388,860.0,1071.105027245056,-211.1050272450559
135399,1014.0,1061.4577410921559,-47.45774109215586
135427,963.0,1071.457641233456,-108.45764123345589
135496,970.0,1082.5388398097994,-112.53883980979936
135516,723.0,652.8569434423616,70.14305655763837
135538,980.0,1058.7348968931076,-78.73489689310759
135539,992.0,1119.2047567422958,-127.20475674229579
135544,1162.0,1236.3869513143588,-74.38695131435884
135552,920.0,1080.2937384178467,-160.29373841784673
135556,915.0,986.2792840861403,-71.27928408614025
135562,1036.0,1015.9489805707391,20.05101942926092
135585,870.0,699.0677015904264,170.9322984095736
135590,1325.0,1185.2597660328531,139.74023396714688
135610,800.0,690.1113340285684,109.88866597143158
135646,1270.0,1280.8400200376616,-10.840020037661589
135663,710.0,754.1094479306195,-44.10944793061947
135677,785.0,727.6024616193474,57.39753838065258
135692,870.0,1139.4815252434921,-269.4815252434921
135696,1340.0,1166.2538588754715,173.74614112452855
135703,1185.0,998.0980129383738,186.9019870616262
135720,1168.0,1185.0841714020312,-17.08417140203119
135728,185.0,1093.9702064539924,-908.9702064539924
135750,1215.0,1012.9931993992931,202.00680060070692
135758,1280.0,1088.2459423915523,191.75405760844774
135780,1140.0,1213.195232766358,-73.195232766358
135814,1224.0,1133.6440948445604,90.35590515543959
135838,1005.0,998.8622847478496,6.137715252150429
135843,838.0,730.5117268964829,107.48827310351714
135844,830.0,686.3594150452959,143.64058495470408
135928,1000.0,993.9997451307906,6.000254869209357
135941,1010.0,1087.386707821409,-77.38670782140889
135970,730.0,723.2512762839219,6.748723716078075
135971,1072.0,1157.8156942863168,-85.81569428631678
136014,600.0,592.9112387051214,7.088761294878623
136017,910.0,934.0627600492861,-24.062760049286112
136048,765.0,728.7915319582123,36.20846804178768
136089,1415.0,1297.1655307173664,117.83446928263356
136108,643.0,646.5994388381962,-3.5994388381961926
136110,992.0,1058.1017612771254,-66.10176127712543
136114,1390.0,1225.9196190323348,164.08038096766518
136124,1120.0,1009.3617392431966,110.63826075680345
136128,1150.0,1181.176745046153,-31.176745046152973
136154,865.0,1135.832503982978,-270.8325039829781
136188,1375.0,1267.9718543498097,107.02814565019025
136266,1210.0,1085.619419641038,124.3805803589621
136267,1120.0,1078.5168647171292,41.48313528287076
136288,965.0,1021.6080545288766,-56.60805452887655
136306,565.0,618.5498954020694,-53.54989540206941
136344,860.0,1061.9894223354481,-201.98942233544813
136368,885.0,736.6746419151189,148.32535808488115
136376,1460.0,1150.5086746772558,309.49132532274416
136378,1130.0,1032.7288432362357,97.27115676376434
136437,1065.0,1133.395301878402,-68.39530187840205
136500,750.0,1162.6794178910254,-412.6794178910254
136537,1250.0,1149.326240355358,100.6737596446419
136610,571.0,980.3736486139404,-409.3736486139404
136613,980.0,1003.4770248289833,-23.477024828983303
136627,1410.0,1213.5637340482704,196.43626595172964
136634,430.0,1159.4766261222908,-729.4766261222908
136640,1170.0,1110.6643509844293,59.33564901557065
136667,1235.0,1248.5558096961165,-13.555809696116512
136688,731.0,738.6788649492956,-7.678864949295644
136700,1020.0,1010.7901648443911,9.209835155608857
136710,1060.0,979.363006906722,80.63699309327797
136732,965.0,1132.4773283212023,-167.47732832120232
136734,1020.0,1070.2143720278816,-50.21437202788161
136741,1227.0,998.1900366698611,228.80996333013888
136742,475.0,580.0121544442559,-105.01215444425588
136750,661.0,747.7491697742776,-86.74916977427756
136753,1120.0,1013.9244507419364,106.07554925806357
136809,1035.0,888.3250172971534,146.6749827028466
136818,1165.0,1004.2287354180874,160.77126458191265
136845,1230.0,1203.569310562833,26.430689437167075
136855,1360.0,1283.216667250727,76.78333274927309
136857,1510.0,1297.7640645757479,212.23593542425215
136860,895.0,1133.830060374598,-238.8300603745979
136883,765.0,745.0069410565843,19.99305894341569
136933,1415.0,1299.9388045292817,115.0611954707183
136941,1030.0,1130.0815240421343,-100.08152404213433
136984,1470.0,1147.077064516824,322.92293548317593
136987,990.0,1164.4050376643106,-174.4050376643106
137036,570.0,694.1138820414585,-124.11388204145851
137074,853.0,1297.4991259990393,-444.4991259990393
137100,1113.0,1146.6069775741569,-33.60697757415687
137108,864.0,1136.9144743614736,-272.9144743614736
137115,640.0,682.767666779774,-42.767666779774004
137128,1157.0,1021.5629840043673,135.4370159956327
137158,940.0,1279.5811149877547,-339.58111498775475
137191,1420.0,1273.7400794545626,146.25992054543735
137280,910.0,1276.6401251434704,-366.6401251434704
137373,450.0,640.30732712053,-190.30732712052998
137383,1335.0,1101.2407967024863,233.75920329751375
137384,840.0,739.6427213580624,100.35727864193757
137389,876.0,713.8953383725831,162.10466162741693
137439,1290.0,1105.2927686685748,184.7072313314252
137488,1070.0,1070.1829915576247,-0.18299155762474584
137495,715.0,758.8643057147611,-43.864305714761144
137577,950.0,1291.9732520685786,-341.97325206857863
137584,950.0,1075.384901527233,-125.38490152723307
137589,1080.0,987.4128956558717,92.5871043441283
137666,1115.0,949.4902244026019,165.50977559739806
137669,978.0,928.0462307068952,49.953769293104756
137675,1260.0,1273.6744026097167,-13.674402609716708
137686,587.0,691.260124325994,-104.26012432599396
137697,1545.0,1219.579619398635,325.42038060136497
137699,1390.0,1209.2653016275278,180.73469837247217
137713,1260.0,1209.2527109776313,50.747289022368705
137737,785.0,1102.2668707576618,-317.26687075766176
137791,1070.0,996.6322676100175,73.3677323899825
137799,1140.0,1124.8666448432173,15.133355156782727
137802,1110.0,1107.0084862736867,2.9915137263133147
137860,1325.0,1153.5044253250296,171.49557467497038
137874,685.0,644.3889349458725,40.611065054127494
137886,1010.0,1155.0231136308212,-145.02311363082117
137908,617.0,697.1725160458909,-80.17251604589092
137915,820.0,681.3991820397337,138.60081796026634
137956,1350.0,1068.6866508514663,281.3133491485337
137984,755.0,731.6844251431623,23.315574856837657
138054,950.0,998.9759353447378,-48.97593534473776
138055,1280.0,1230.140297109949,49.85970289005104
138080,1480.0,1255.774235931975,224.225764068025
138142,1095.0,1101.5731653831006,-6.573165383100559
138181,1340.0,1277.8478267285195,62.15217327148048
138205,715.0,661.2149626324205,53.78503736757955
138218,610.0,741.9272021107043,-131.92720211070434
138252,1475.0,1145.9612331301566,329.03876686984336
138270,598.0,695.2531625191681,-97.25316251916809
138274,1290.0,1246.2522124680636,43.74778753193641
138281,732.0,661.3187397884234,70.68126021157661
138308,770.0,632.0169157953487,137.98308420465128
138326,1003.0,1022.962103921563,-19.96210392156297
138361,1050.0,1115.4638022329061,-65.46380223290612
138362,870.0,1134.7485584482363,-264.7485584482363
138363,1090.0,1196.7308140577472,-106.73081405774724
138419,730.0,644.6316902551463,85.36830974485372
138467,1135.0,1272.7815313712288,-137.78153137122877
138474,1260.0,1072.0586641579812,187.94133584201882
138475,1138.0,709.5697034269559,428.4302965730441
138503,1487.0,1254.7436015238757,232.25639847612433
138534,1170.0,1288.860289617196,-118.86028961719603
138572,335.0,697.9023829218136,-362.90238292181357
138600,980.0,1031.908086413986,-51.908086413985984
138625,485.0,650.9297968470686,-165.9297968470686
138626,560.0,581.0807632561962,-21.080763256196178
138632,1115.0,1011.1217744549476,103.87822554505237
138635,1120.0,1055.4308563653003,64.56914363469969
138665,1430.0,1314.8318400167398,115.16815998326024
138674,1615.0,1214.8694669636536,400.1305330363464
138684,655.0,714.4968138898926,-59.496813889892564
138685,1470.0,1268.1471172620445,201.8528827379555
138688,1110.0,1100.010947414291,9.989052585709032
138791,650.0,883.5415373521226,-233.54153735212265
138860,550.0,740.5906351803378,-190.5906351803378
138876,1014.0,1026.3873208008233,-12.387320800823318
138892,1308.0,1024.5815756866693,283.41842431333066
138923,877.0,1045.584007433692,-168.58400743369202
138936,920.0,1055.6904291222293,-135.69042912222926
138963,1036.0,1185.7261054127152,-149.72610541271524
138971,990.0,1155.875899520268,-165.87589952026792
138977,484.0,688.4603264827471,-204.46032648274706
138998,1123.0,1258.5911819199794,-135.59118191997936
139001,826.0,967.2736280521717,-141.27362805217172
139036,1000.0,1009.1333240575026,-9.133324057502591
139037,1151.0,994.750492644256,156.24950735574396
139043,665.0,641.152104139544,23.847895860455992
139071,1128.0,899.6372678328017,228.36273216719826
139079,960.0,691.8370706600961,268.16292933990394
139119,950.0,894.4595826992378,55.540417300762215
139130,794.0,731.6162435253641,62.3837564746359
139149,1230.0,1213.8160816057268,16.183918394273178
139206,1100.0,1048.5013615954454,51.49863840455464
139243,1147.0,1021.8316761195699,125.16832388043008
139246,1385.0,1269.1157367530718,115.88426324692819
139259,725.0,638.4836607807225,86.51633921927748
139294,615.0,625.7376618320843,-10.737661832084314
139308,1179.0,1192.7978087412841,-13.797808741284143
139330,910.0,1082.6452575313306,-172.64525753133057
139348,1400.0,1130.5311484439758,269.4688515560242
139359,1015.0,970.2401323443049,44.759867655695075
139374,990.0,1113.6729067067117,-123.67290670671173
139382,530.0,590.0139776781024,-60.01397767810238
139408,970.0,1265.0391448591945,-295.0391448591945
139476,920.0,1067.8825070817966,-147.88250708179658
139487,1300.0,1141.0667890468665,158.93321095313354
139508,1191.0,1193.126414057382,-2.1264140573819077
139524,895.0,704.9386362848318,190.06136371516823
139554,650.0,1089.3459403012043,-439.34594030120434
139573,1240.0,1276.86061114469,-36.86061114468998
139576,900.0,1162.5982403848934,-262.5982403848934
139602,1235.0,1240.6157790583734,-5.615779058373391
139661,1300.0,1255.2060983628223,44.79390163717767
139671,1095.0,1019.0490067954097,75.9509932045903
139682,850.0,732.384590320064,117.61540967993596
139746,1180.0,1185.9791695703373,-5.9791695703372625
139768,1160.0,1152.987183484626,7.01281651537397
139820,600.0,646.6286736682758,-46.62867366827584
139822,626.0,632.36173716361,-6.361737163609973
139834,1180.0,1084.7186245938806,95.28137540611942
139839,945.0,724.8070357112596,220.19296428874043
139878,1135.0,1170.0661532077968,-35.06615320779679
139881,800.0,736.4082620337474,63.591737966252595
139885,1030.0,1018.1935929921315,11.806407007868529
139918,1160.0,1249.6383889208641,-89.63838892086414
139920,950.0,1273.066042749448,-323.0660427494479
139965,1195.0,1271.8825231731735,-76.88252317317347
139999,566.0,694.318282664488,-128.31828266448804
140026,1133.0,1176.444320512678,-43.444320512677905
140030,510.0,683.023131648992,-173.02313164899203
140035,645.0,752.7463604140133,-107.74636041401334
140044,580.0,695.0878487175512,-115.0878487175512
140088,1240.0,1119.4396455752112,120.56035442478878
140129,830.0,743.3512176055083,86.64878239449172
140139,1510.0,1188.6928623568685,321.30713764313145
140214,735.0,695.0878487175512,39.912151282448804
140231,1190.0,1293.432984614401,-103.432984614401
140238,512.0,703.7651852532343,-191.76518525323434
140239,1495.0,1280.4869002499759,214.51309975002414
140259,620.0,694.9593763258811,-74.95937632588107
140299,886.0,974.8231165813319,-88.82311658133187
140315,340.0,667.6764553658114,-327.6764553658114
140317,1045.0,1158.310349499648,-113.31034949964805
140321,861.0,1054.1940128290623,-193.19401282906233
140322,865.0,1010.9949608791794,-145.99496087917942
140323,1200.0,1098.5476621042517,101.45233789574831
140326,840.0,657.4850010277798,182.51499897222016
140364,1190.0,922.4192850794014,267.58071492059855
140389,915.0,837.2847589764672,77.71524102353283
140402,1360.0,977.9222493879014,382.0777506120986
140417,1248.0,1203.324083727979,44.67591627202091
140428,752.0,669.7324855283141,82.2675144716859
140431,1201.0,1246.1395306896259,-45.13953068962587
140455,1224.0,1130.5311484439758,93.46885155602422
140458,582.0,607.9869132266804,-25.98691322668037
140462,1058.0,1060.4762829868755,-2.4762829868755034
140474,1003.0,1128.4719650520487,-125.47196505204874
140507,1047.0,1120.0033656796247,-73.00336567962472
140533,840.0,964.6273121853322,-124.62731218533224
140544,1169.0,1104.186532922654,64.8134670773461
140570,1043.0,1080.8859361754571,-37.88593617545712
140577,1870.0,1116.6775693440031,753.3224306559969
140584,878.0,736.6127189315231,141.3872810684769
140617,895.0,818.707918139083,76.29208186091705
140626,1160.0,1095.4453752153197,64.5546247846803
140633,1043.0,1113.2926993040785,-70.2926993040785
140646,650.0,750.7004625525321,-100.70046255253214
140658,625.0,683.3356306506314,-58.3356306506314
140680,825.0,961.3604076241942,-136.36040762419418
140715,1065.0,1157.551533423906,-92.551533423906
140751,1014.0,953.7044588860975,60.29554111390246
140760,1320.0,1288.2536965633196,31.746303436680364
140781,698.0,685.0475844973543,12.95241550264575
140796,695.0,675.1460407768278,19.853959223172183
140806,1195.0,1225.097128463933,-30.097128463932904
140865,785.0,700.5313470765097,84.46865292349025
140871,840.0,979.6242428174596,-139.62424281745962
140872,1480.0,1153.0955555438532,326.90444445614685
140907,285.0,586.5605712136169,-301.56057121361687
140915,1218.0,1056.5375373386728,161.4624626613272
140917,741.0,721.729355887549,19.27064411245101
140943,755.0,599.2094629893465,155.79053701065345
140980,1315.0,1197.5371961939077,117.46280380609232
141002,1030.0,1033.434796851634,-3.434796851634019
141020,710.0,678.1666285845195,31.833371415480542
141026,805.0,951.5606189036109,-146.56061890361093
141067,605.0,581.0359319926484,23.964068007351557
141113,786.0,708.8115050297863,77.1884949702137
141126,591.0,705.8968954432163,-114.8968954432163
141169,1320.0,1142.4445184955784,177.55548150442155
141175,1007.0,1246.1249775775098,-239.12497757750975
141189,735.0,659.8735011126257,75.12649888737428
141191,620.0,963.5714079989888,-343.5714079989888
141265,1165.0,1195.5844871958366,-30.584487195836573
141269,1115.0,1122.552008557688,-7.552008557687941
141290,645.0,712.5929140636847,-67.5929140636847
141291,1040.0,1049.3872099083455,-9.38720990834554
141304,1191.0,1043.5756701136045,147.42432988639553
141372,1160.0,1107.4811917927038,52.51880820729616
141378,1340.0,1196.2652941795254,143.73470582047457
141398,965.0,1152.2299208215368,-187.22992082153678
141433,800.0,1067.2836516951727,-267.2836516951727
141498,1200.0,1084.7370897707287,115.26291022927126
141499,850.0,1054.2224509738328,-204.2224509738328
141501,1315.0,1323.2667928992707,-8.26679289927074
141502,1030.0,1133.324740574074,-103.32474057407399
141518,1195.0,1231.762318253156,-36.76231825315608
141551,810.0,737.9241811614523,72.07581883854766
141635,515.0,662.4367765060811,-147.43677650608106
141654,1735.0,1062.8541968978623,672.1458031021377
141657,975.0,966.2524820331743,8.74751796682574
141680,775.0,1142.7913645085503,-367.79136450855026
141714,1195.0,1165.3357589431207,29.66424105687929
141760,1140.0,1236.5691764549802,-96.56917645498015
141782,1256.0,1259.1474314988386,-3.147431498838614
141787,566.0,714.1553598676032,-148.15535986760324
141790,920.0,958.7512459340709,-38.75124593407088
141793,793.0,927.8402293254873,-134.84022932548726
141803,940.0,1013.8299528612274,-73.82995286122741
141824,1180.0,1211.6545290150775,-31.654529015077514
141838,580.0,708.2033648673387,-128.20336486733868
141841,710.0,708.8795564685402,1.1204435314598413
141854,1280.0,1261.6952229066428,18.30477709335719
141865,963.0,1128.676065737427,-165.67606573742705
141892,575.0,655.8521322709665,-80.85213227096654
141903,697.0,603.7549089724494,93.24509102755064
141912,958.0,925.0421179655631,32.95788203443692
141913,1250.0,1284.7172556066428,-34.717255606642766
141919,730.0,720.5264977856513,9.473502214348741
141920,1215.0,1205.5592191102824,9.440780889717644
141932,875.0,746.4249510233963,128.57504897660374
141951,645.0,706.0018234497395,-61.001823449739504
141966,1010.0,1126.9184502326002,-116.91845023260021
142001,1170.0,1221.1878744409667,-51.18787444096665
142013,1075.0,1247.470545543535,-172.47054554353508
142021,1485.0,1242.6304574791366,242.36954252086343
142051,835.0,1048.7453726837923,-213.7453726837923
142059,1410.0,1259.4683764714518,150.53162352854815
142122,830.0,697.2282640792648,132.77173592073518
142129,825.0,680.9120242651793,144.0879757348207
142136,480.0,707.1520282226002,-227.15202822260017
142141,1455.0,1283.0332511925062,171.9667488074938
142149,1135.0,1247.2114017718231,-112.21140177182315
142161,1190.0,1146.3649210919364,43.63507890806363
142185,1055.0,1115.4828525852083,-60.48285258520832
142218,1285.0,1270.3735341958268,14.626465804173222
142259,541.0,593.087969439632,-52.08796943963205
142266,1135.0,1128.4917784143454,6.50822158565461
142310,1240.0,1163.0895537425943,76.91044625740574
142313,1020.0,1156.5275757746201,-136.52757577462012
142318,965.0,1059.4688822836847,-94.4688822836847
142319,1295.0,1191.5746961832965,103.42530381670349
142419,1170.0,1113.603799666879,56.39620033312099
142440,1320.0,1149.0876845609414,170.9123154390586
142446,1085.0,974.6451524917943,110.3548475082057
142493,1080.0,1139.782371078312,-59.78237107831205
142560,1000.0,1061.6914506148742,-61.69145061487416
142561,1192.0,1042.4694058383877,149.53059416161227
142563,960.0,644.2518285244278,315.74817147557224
142600,998.0,993.6219708130927,4.37802918690727
142605,735.0,676.4902797188983,58.50972028110175
142606,838.0,735.2186309402463,102.78136905975373
142607,1280.0,1257.3794085458599,22.62059145414014
142610,909.0,915.2309540960781,-6.230954096078108
142678,1105.0,1086.7892393140955,18.21076068590446
142741,830.0,1136.2328352091051,-306.23283520910513
142752,1160.0,1060.7788514580466,99.22114854195343
142770,935.0,1076.9246542125811,-141.92465421258112
142808,865.0,664.2630864296024,200.73691357039763
142816,1515.0,1304.791631445909,210.20836855409107
142865,1400.0,1092.6971107271797,307.30288927282027
142901,1335.0,1277.9304442686318,57.069555731368155
142906,8.0,668.2732534361676,-660.2732534361676
142921,1180.0,1187.6295107966525,-7.629510796652539
142955,1265.0,1292.1258942887303,-27.12589428873025
142986,910.0,944.8707903360676,-34.87079033606756
142990,630.0,678.8848799778289,-48.88487997782886
142997,1122.0,1032.6454874102192,89.35451258978082
143045,1125.0,984.0822473894477,140.91775261055227
143129,1001.0,1201.1464733334658,-200.1464733334658
143130,1275.0,1133.0913814520575,141.90861854794252
143137,895.0,1012.9640214986538,-117.96402149865378
143166,1135.0,957.2890088816378,177.71099111836224
143196,770.0,707.2481058117614,62.751894188238566
143223,937.0,1051.8533397935332,-114.85333979353322
143233,550.0,606.2431835655827,-56.24318356558274
143244,1065.0,1012.4245611440535,52.57543885594646
143246,1040.0,990.1901015872696,49.80989841273038
143249,1632.0,1098.7030574527273,533.2969425472727
143257,955.0,969.1636230731486,-14.163623073148642
143262,1080.0,938.6519801260742,141.34801987392575
143269,1367.0,1070.8333199870503,296.16668001294966
143273,1065.0,1240.368773789534,-175.3687737895341
143276,1550.0,1286.4575281585578,263.5424718414422
143297,859.0,1128.687226605183,-269.687226605183
143323,965.0,1135.461927276145,-170.46192727614493
143338,565.0,576.555301477673,-11.55530147767297
143340,1170.0,1198.0401409516098,-28.04014095160983
143341,1140.0,1130.091233162157,9.908766837842904
143354,640.0,618.0376596482002,21.962340351799753
143374,1175.0,1288.9898865417517,-113.98988654175173
143396,850.0,1042.669602500058,-192.6696025000581
143407,1035.0,1145.1103232345883,-110.11032323458835
143433,570.0,670.5353002664622,-100.53530026646217
143443,950.0,1066.562458422475,-116.56245842247495
143473,740.0,675.1464077175525,64.8535922824475
143476,1340.0,1256.7745367227951,83.22546327720488
143519,1110.0,1098.7030574527273,11.296942547272693
143522,780.0,635.5813921843089,144.41860781569108
143531,1470.0,1158.7775236810942,311.2224763189058
143541,790.0,723.6757839931742,66.32421600682585
143569,1210.0,1312.0156240834135,-102.01562408341351
143593,1047.0,1066.3524175877878,-19.35241758778784
143608,750.0,1226.2754335071616,-476.27543350716155
143625,1420.0,1262.3396703196022,157.6603296803978
143662,1390.0,1246.7125790781913,143.2874209218087
143668,506.0,598.4128508331725,-92.41285083317246
143675,860.0,708.0292901334489,151.97070986655115
143693,1105.0,1160.7642823651822,-55.764282365182225
143715,1120.0,1093.763874894609,26.23612510539101
143723,1163.0,1040.6651144230243,122.3348855769757
143814,1125.0,954.6690347861563,170.33096521384368
143836,675.0,707.3821649035791,-32.38216490357911
143838,1375.0,1280.882837353648,94.11716264635197
143901,1160.0,1214.9437784044424,-54.943778404442355
143934,1265.0,1113.363108592711,151.6368914072891
143964,1012.0,945.6207054955386,66.37929450446143
143968,1280.0,1129.3466379870526,150.65336201294735
143995,860.0,891.8954530704858,-31.895453070485814
144005,935.0,1143.8229636165906,-208.82296361659064
144067,1154.0,684.3069481115485,469.69305188845146
144070,990.0,1168.4081912185063,-178.40819121850632
144077,1335.0,1159.506601725531,175.49339827446897
144083,974.0,667.3254045384991,306.67459546150087
144118,1011.0,1189.902641351492,-178.9026413514921
144154,603.0,615.2648886141221,-12.264888614122128
144167,910.0,1274.8868483745202,-364.88684837452024
144183,425.0,618.0849638076307,-193.08496380763074
144187,638.0,1085.1200304010047,-447.12003040100467
144231,790.0,706.8783051082916,83.12169489170844
144253,707.0,718.2429237247293,-11.24292372472928
144286,1485.0,1198.244938626067,286.7550613739329
144319,1025.0,980.7313841319306,44.268615868069446
144365,725.0,613.6825488024209,111.31745119757909
144366,1100.0,1103.3626886686945,-3.3626886686945454
144374,1005.0,1067.4874224200228,-62.48742242002277
144384,605.0,668.0441146001363,-63.044114600136254
144409,765.0,555.9978215869824,209.00217841301765
144433,1030.0,1249.5153168172533,-219.51531681725328
144461,1147.0,1102.0240705262947,44.975929473705264
144469,1282.0,1198.9069303784727,83.09306962152732
144470,1570.0,1271.2841703379331,298.7158296620669
144486,665.0,697.6357343961015,-32.6357343961015
144491,992.0,1207.5921463960017,-215.59214639600168
144497,1360.0,1194.6005846508826,165.39941534911736
144520,756.0,742.5945070716975,13.405492928302465
144548,1240.0,1095.9910522628898,144.00894773711025
144562,1335.0,1147.4426542962208,187.55734570377922
144563,1435.0,1189.5942494894757,245.40575051052429
144572,980.0,1294.9388829234215,-314.9388829234215
144582,790.0,742.4944457306182,47.50555426938183
144636,1125.0,1133.7905578124846,-8.790557812484622
144639,1356.0,1212.3025343381369,143.69746566186313
144642,1045.0,1231.9956650147008,-186.99566501470076
144649,400.0,557.9865048658125,-157.98650486581255
144650,535.0,678.7815044132971,-143.78150441329706
144659,1010.0,1159.6815321266058,-149.68153212660582
144660,990.0,930.2932773672962,59.70672263270376
144703,492.0,697.0782162234759,-205.07821622347592
144709,1350.0,1167.562012186338,182.43798781366195
144719,1315.0,1181.6856713105049,133.31432868949514
144751,840.0,1084.8385365929792,-244.83853659297915
144752,640.0,707.5833823058125,-67.5833823058125
144772,850.0,1042.5926649875835,-192.59266498758348
144774,675.0,721.4704808505496,-46.47048085054962
144776,1226.0,1211.2457112968807,14.7542887031193
144777,865.0,760.744963071344,104.25503692865595
144789,1270.0,1191.2102222218205,78.78977777817954
144798,1070.0,1040.0311540414946,29.968845958505426
144809,1220.0,1292.9378952468192,-72.93789524681915
144814,1480.0,1213.12027842959,266.8797215704101
144820,1235.0,1055.7887951942039,179.21120480579611
144835,1169.0,1253.4144110208188,-84.41441102081876
144842,1090.0,1073.4585666967314,16.541433303268605
144847,1030.0,1071.8879857117688,-41.887985711768806
144868,1195.0,1258.0901475766054,-63.09014757660543
144882,1235.0,1295.0126892335043,-60.01268923350426
145040,584.0,657.7307919648193,-73.73079196481933
145057,505.0,636.153407124919,-131.153407124919
145067,866.0,1009.7045428605804,-143.70454286058043
145073,865.0,709.3230909967456,155.67690900325442
145105,1400.0,1286.2796551905515,113.72034480944853
145113,564.0,665.5412719085315,-101.54127190853148
145150,1355.0,1074.1092671868955,280.8907328131045
145154,695.0,688.7811556453805,6.218844354619478
145174,1290.0,1224.0318620050666,65.96813799493339
145187,600.0,662.1553097518491,-62.15530975184913
145215,699.0,648.6564745877157,50.34352541228429
145230,1080.0,1217.653997405072,-137.653997405072
145262,510.0,743.1845724630214,-233.18457246302137
145268,568.0,622.4524238200472,-54.452423820047215
145321,1075.0,1168.544830967824,-93.54483096782405
145343,1345.0,1102.690295422385,242.3097045776151
145360,495.0,582.3413865090429,-87.34138650904288
145396,1250.0,1105.7815887773895,144.21841122261048
145410,737.0,1287.867316573885,-550.8673165738851
145430,1054.0,1124.035748528721,-70.03574852872089
145435,1042.0,1185.4117064568206,-143.41170645682064
145467,1410.0,1243.3923201062692,166.60767989373085
145498,1070.0,950.1783589023004,119.82164109769963
145518,525.0,551.696985744228,-26.69698574422796
145521,985.0,1143.8600758802222,-158.8600758802222
145541,1025.0,1102.690295422385,-77.6902954223849
145553,1140.0,1127.0409317379313,12.95906826206874
145554,999.0,947.391392382311,51.60860761768902
145582,740.0,713.9586825751624,26.041317424837644
145621,1150.0,1163.5731091874547,-13.573109187454747
145695,1195.0,1196.5757398498336,-1.5757398498335533
145746,1055.0,965.3187522153044,89.68124778469564
145760,1315.0,1223.2187304573913,91.7812695426087
145766,760.0,1053.9673806210521,-293.96738062105214
145772,480.0,733.5590479778481,-253.55904797784808
145774,620.0,681.4581597280994,-61.45815972809942
145779,1030.0,1006.4245374122221,23.575462587777906
145786,445.0,686.2504863430354,-241.2504863430354
145807,1415.0,1187.143687241498,227.8563127585021
145824,795.0,699.2310722294687,95.76892777053126
145844,875.0,1221.8031411210243,-346.8031411210243
145851,1220.0,1327.312523187456,-107.31252318745601
145863,1160.0,1199.2689428395001,-39.26894283950014
145885,1025.0,1028.5374343390658,-3.5374343390658396
145886,910.0,968.765868542994,-58.765868542993985
145911,657.0,726.8186052014815,-69.81860520148155
145924,1307.0,1302.9670801375717,4.0329198624283435
145944,700.0,739.2976681165393,-39.297668116539285
145973,1230.0,1255.8214222822937,-25.821422282293724
146003,1220.0,1186.5181675078284,33.481832492171634
146007,1280.0,1146.8655134226178,133.13448657738218
146011,810.0,789.0321643173074,20.967835682692566
146031,755.0,748.9025661330032,6.0974338669967665
146035,565.0,606.9078843968441,-41.90788439684411
146052,870.0,1013.6219976748785,-143.62199767487846
146117,765.0,680.5917442856272,84.40825571437279
146138,507.0,566.5540458296201,-59.55404582962012
146152,1580.0,1264.0861402753294,315.9138597246706
146166,1015.0,888.6510347518478,126.34896524815224
146191,920.0,1047.8300727193946,-127.8300727193946
146200,750.0,711.9975765996991,38.00242340030093
146211,950.0,996.8831785895875,-46.88317858958749
146214,990.0,899.2208638138035,90.77913618619652
146220,630.0,717.3053186328838,-87.30531863288377
146221,675.0,669.5631444775394,5.4368555224606325
146244,1358.0,1112.9672701509758,245.03272984902424
146265,1170.0,1157.513266649607,12.486733350393024
146295,1145.0,1169.364004951345,-24.364004951344896
146321,1455.0,1262.6885577122332,192.3114422877668
146338,735.0,699.2931608956259,35.706839104374126
146348,781.0,718.5448751684047,62.4551248315953
146350,1015.0,1200.5323364896708,-185.5323364896708
146354,1365.0,1283.455306515686,81.54469348431394
146374,360.0,712.2448714774853,-352.2448714774853
146378,1540.0,1309.872811471716,230.12718852828402
146385,930.0,958.1321252163824,-28.132125216382406
146397,550.0,628.1187958335831,-78.11879583358314
146429,1160.0,1157.8499126858833,2.1500873141167176
146434,1397.0,1315.0894208973834,81.91057910261657
146448,1470.0,1298.8180875797311,171.18191242026887
146480,848.0,740.2326956882297,107.76730431177032
146489,775.0,720.6881354911986,54.311864508801364
146495,460.0,619.0364673049406,-159.03646730494063
146571,1020.0,1146.6152207829446,-126.61522078294456
146572,610.0,612.9223865617273,-2.9223865617273077
146583,1050.0,954.8796106860503,95.12038931394966
146593,885.0,730.9629854953179,154.03701450468213
146594,790.0,660.288652793115,129.71134720688497
146597,1405.0,1247.715608883908,157.2843911160919
146663,740.0,734.6232579084275,5.37674209157251
146672,1260.0,1209.7402154407732,50.25978455922677
146694,695.0,696.9016434131452,-1.901643413145166
146705,1065.0,1027.888971241861,37.1110287581389
146710,331.0,674.7429874687547,-343.7429874687547
146712,368.0,673.8627566657874,-305.8627566657874
146719,1322.0,1134.9773316924543,187.0226683075457
146724,1119.0,1212.3201598181063,-93.32015981810628
146744,880.0,738.406453403649,141.59354659635096
146762,810.0,750.1422064600723,59.857793539927684
146802,1255.0,1240.2572382294877,14.742761770512288
146864,1060.0,1156.3598331502342,-96.35983315023418
146893,600.0,605.9520403070441,-5.952040307044058
146895,750.0,781.5317672350824,-31.531767235082384
146921,1366.0,1271.7367246443257,94.2632753556743
146932,1411.0,1205.4110648956894,205.58893510431062
147020,1462.0,1187.0835789926768,274.91642100732315
147028,1320.0,1286.544358480804,33.45564151919598
147029,1043.0,1158.3517521878257,-115.3517521878257
147069,933.0,1082.4910166415696,-149.49101664156956
147100,1320.0,1159.6527029931117,160.3472970068883
147106,465.0,544.0067369227746,-79.00673692277462
147148,1170.0,1151.2326829078456,18.76731709215437
147152,1110.0,1087.1261527677043,22.873847232295702
147158,1223.0,1227.2694894834367,-4.2694894834367005
147177,585.0,667.7266830263674,-82.72668302636737
147224,1085.0,1102.6659356298799,-17.66593562987987
147283,280.0,547.9694048231505,-267.9694048231505
147286,780.0,715.4252471785308,64.57475282146925
147295,1365.0,1240.5526345928681,124.44736540713188
147347,1235.0,1141.7166840598313,93.28331594016868
147356,615.0,681.2223455917383,-66.2223455917383
147363,616.0,719.4954612526484,-103.4954612526484
147370,1110.0,1161.4943421791097,-51.49434217910971
147412,795.0,703.117208487284,91.88279151271604
147433,1075.0,975.4349545134661,99.5650454865339
147454,981.0,997.0623505993784,-16.06235059937842
147458,960.0,651.908596656775,308.091403343225
147462,1095.0,1211.8827803572121,-116.88278035721214
147464,1238.0,1067.5868165962643,170.41318340373573
147469,895.0,1141.6414633744703,-246.64146337447028
147478,755.0,707.9382668139791,47.06173318602089
147492,620.0,710.7800196346938,-90.78001963469376
147505,905.0,1283.2144957038292,-378.21449570382924
147513,510.0,611.0699930777125,-101.06999307771252
147526,1395.0,1269.8594936218094,125.1405063781906
147529,1150.0,1196.4257705180723,-46.42577051807234
147544,1300.0,1052.320732352898,247.67926764710205
147547,988.0,997.3335676167735,-9.333567616773507
147562,860.0,732.0473614181575,127.9526385818425
147584,590.0,694.318282664488,-104.31828266448804
147587,540.0,664.4201855943521,-124.42018559435212
147600,1130.0,1273.6766127875787,-143.67661278757873
147609,700.0,694.8347600333344,5.165239966665581
147620,1420.0,1257.5058416716276,162.49415832837235
147652,910.0,1256.2292261671807,-346.22922616718074
147654,555.0,683.1305947594165,-128.13059475941645
147655,750.0,852.1608439207837,-102.16084392078369
147657,940.0,867.561059940859,72.43894005914103
147663,685.0,647.997873964311,37.002126035689
147671,1120.0,1061.3808829823395,58.61911701766053
147689,695.0,689.1854232591057,5.8145767408942675
147692,760.0,743.6693267812255,16.33067321877445
147701,1215.0,1103.9137836090067,111.08621639099329
147742,875.0,643.9256044003555,231.0743955996445
147767,1285.0,1166.9028137156185,118.09718628438145
147770,1445.0,1186.0578496945027,258.9421503054973
147787,500.0,674.7863584891528,-174.7863584891528
147791,550.0,705.7650371158713,-155.76503711587134
147836,1210.0,1008.427364207671,201.57263579232904
147838,1240.0,1150.8611081712909,89.13889182870912
147877,1230.0,1112.4320435126651,117.56795648733487
147878,616.0,626.5846677417883,-10.58466774178828
147889,1235.0,1293.0648102175094,-58.064810217509375
147948,1325.0,1215.5900520102243,109.40994798977567
147963,1030.0,1183.994436899348,-153.9944368993481
147973,887.0,1048.2707945580194,-161.27079455801936
147995,1340.0,1298.3164703927516,41.683529607248374
148002,925.0,943.1071800887992,-18.10718008879917
148011,1200.0,1262.9061728337426,-62.90617283374263
148037,1287.0,1144.1840022349963,142.81599776500366
148044,1405.0,1265.625105376603,139.37489462339704
148050,1000.0,1290.8307354144729,-290.8307354144729
148062,880.0,741.6177258884188,138.38227411158118
148064,1440.0,1168.7519256423307,271.24807435766934
148077,965.0,1061.2547686738724,-96.25476867387238
148096,1102.0,951.3706743666633,150.62932563333675
148106,1245.0,1048.2990274297908,196.70097257020916
148138,1173.0,1003.3168006020724,169.68319939792764
148184,1331.0,824.6736995590516,506.32630044094844
148190,704.0,752.5624420954405,-48.562442095440474
148198,923.0,796.261191750619,126.73880824938101
148250,1385.0,1257.0499802369166,127.95001976308345
148258,1069.0,1096.3507164099249,-27.35071640992487
148316,955.0,1102.6211417022237,-147.62114170222367
148317,1260.0,1236.850945818777,23.149054181222937
148332,635.0,718.0061744061459,-83.00617440614587
148403,365.0,690.3302702052675,-325.33027020526754
148408,564.0,578.1468879378434,-14.146887937843417
148440,1065.0,1111.2367467533293,-46.23674675332927
148451,1130.0,1230.931099439921,-100.9310994399209
148491,1095.0,1220.1166319849672,-125.11663198496717
148511,930.0,974.5019249698707,-44.50192496987074
148525,1115.0,1122.3295464419095,-7.329546441909542
148532,1095.0,993.4848263409544,101.51517365904556
148537,775.0,712.8923243893747,62.10767561062528
148538,1070.0,1111.9808245520558,-41.980824552055765
148556,1220.0,1251.727859993716,-31.727859993716038
148623,981.0,1151.8137130898122,-170.81371308981215
148627,1265.0,1142.7885243966298,122.21147560337022
148631,1109.0,1163.1632068032752,-54.163206803275216
148641,770.0,643.117142530762,126.88285746923805
148680,1110.0,1040.6755545198166,69.32444548018339
148682,632.0,699.4823910863284,-67.48239108632845
148698,1040.0,1089.4223342089663,-49.42233420896628
148725,1240.0,1219.7256558531553,20.27434414684467
148744,660.0,654.7346032066964,5.26539679330358
148763,1040.0,1143.2046300564734,-103.20463005647343
148785,1160.0,1117.458932640577,42.541067359423096
148803,985.0,1255.8214222822937,-270.8214222822937
148804,1308.0,1138.1695342985404,169.83046570145962
148810,853.0,693.6832495353016,159.31675046469843
148818,1050.0,1043.4418468111087,6.5581531888913105
148826,1375.0,1224.0468379012832,150.9531620987168
148833,865.0,744.3825396358029,120.61746036419709
148840,800.0,1030.6251904623457,-230.6251904623457
148871,1180.0,1161.3922331045594,18.60776689544059
148909,1235.0,1160.7642823651822,74.23571763481777
148937,560.0,697.386590154058,-137.386590154058
148939,585.0,635.0105279121321,-50.01052791213215
148941,1110.0,1165.7618926883263,-55.76189268832627
148956,700.0,610.5427805853002,89.45721941469981
148960,942.0,1280.93707522926,-338.93707522926
148969,910.0,1058.234999036621,-148.23499903662105
149025,1060.0,1285.9299578856978,-225.92995788569783
149054,1165.0,1086.1416879506867,78.85831204931333
149060,1394.0,1174.7379205164814,219.26207948351862
149065,985.0,1139.5287106876776,-154.52871068767763
149078,730.0,679.2989776408774,50.70102235912259
149081,1160.0,1125.802167675255,34.19783232474492
149139,490.0,652.2942131419421,-162.29421314194212
149154,1047.0,1261.5229942012663,-214.52299420126633
149227,1228.0,1167.310833213956,60.6891667860441
149252,621.0,1133.9586339562627,-512.9586339562627
149269,1014.0,1107.0832868976242,-93.08328689762425
149274,1095.0,1041.9546443213396,53.04535567866037
149285,1069.0,1139.2397147171412,-70.23971471714117
149289,1040.0,1100.0949177116015,-60.09491771160151
149315,1130.0,1116.6241770664055,13.375822933594463
149351,530.0,695.685113346851,-165.68511334685104
149359,726.0,678.9347104442577,47.06528955574231
149420,1090.0,1156.384864659408,-66.3848646594081
149434,1091.0,966.8111423177518,124.18885768224823
149465,1099.0,989.4371552092364,109.56284479076362
149474,865.0,726.024208629371,138.97579137062905
149499,500.0,578.559731908182,-78.55973190818202
149504,861.0,931.8968217314982,-70.89682173149822
149506,1532.0,1249.4649892785453,282.5350107214547
149575,520.0,687.8649069367652,-167.86490693676524
149581,1435.0,1270.5304015272352,164.4695984727648
149619,1110.0,1153.2661505334668,-43.26615053346677
149639,1040.0,1265.449545400584,-225.44954540058393
149694,1079.0,1085.541717074148,-6.541717074147982
149721,795.0,662.5247994663894,132.47520053361063
149737,835.0,1062.6680680396994,-227.6680680396994
149760,1030.0,873.0688774665326,156.93112253346737
149764,1140.0,1073.622009390632,66.377990609368
149767,745.0,768.3813553252584,-23.38135532525837
149772,1345.0,1085.2362587021348,259.7637412978652
149779,710.0,661.4711865272812,48.52881347271875
149790,1058.0,1100.6853488719723,-42.68534887197234
149820,512.0,633.1302372479764,-121.13023724797642
149861,1150.0,1098.7542627941368,51.24573720586318
149884,937.0,734.0069072420873,202.99309275791268
149898,1140.0,1102.7201460554097,37.279853944590286
149911,1010.0,1129.4236812393337,-119.42368123933375
149919,435.0,707.0399817106918,-272.0399817106918
149960,765.0,852.0730138201137,-87.07301382011372
149980,1090.0,1186.054430007396,-96.05443000739592
149984,717.0,634.1613257077688,82.83867429223119
149986,948.0,976.3206948450872,-28.320694845087246
150009,1210.0,1177.3948599440134,32.60514005598657
150080,952.0,1202.370794658787,-250.37079465878696
150106,1120.0,1067.3953844717707,52.60461552822926
150110,1060.0,1197.9243990143573,-137.92439901435728
150114,1165.0,1158.8389084755256,6.1610915244743865
150124,1165.0,1076.1013144000215,88.89868559997853
150137,1210.0,1059.217606641222,150.7823933587781
150141,525.0,576.6835019869741,-51.68350198697408
150158,1253.0,1122.7775154601434,130.22248453985662
150223,1224.0,1231.9358923444554,-7.935892344455397
150234,1047.0,1062.194402108319,-15.194402108319082
150243,1145.0,977.9714625665339,167.0285374334661
150252,615.0,622.2551364537671,-7.255136453767136
150288,570.0,694.6444275700504,-124.64442757005042
150299,1050.0,1300.4071159641924,-250.40711596419237
150311,650.0,611.1206061915967,38.87939380840328
150321,1050.0,1014.2971493265566,35.702850673443436
150336,925.0,978.151172130234,-53.151172130234045
150371,1285.0,1208.384188540365,76.6158114596351
150403,823.0,1008.2406961871915,-185.24069618719147
150404,773.0,658.9516870680038,114.04831293199618
150465,1245.0,1277.1067919086956,-32.10679190869564
150540,1190.0,1030.847432747496,159.152567252504
150575,1270.0,1201.6288048442073,68.37119515579275
150587,1235.0,1222.3903894084349,12.609610591565115
150593,810.0,707.619674530015,102.380325469985
150599,946.0,1075.0892892095192,-129.08928920951917
150623,665.0,631.0098021361384,33.99019786386157
150708,1042.0,1114.3120086932868,-72.31200869328677
150715,400.0,1234.7554523295735,-834.7554523295735
150745,595.0,704.4137616303739,-109.41376163037387
150750,975.0,1119.3480242402284,-144.34802424022837
150786,1069.0,1073.8765238374947,-4.8765238374946875
150809,696.0,698.1452003325801,-2.145200332580089
150817,805.0,698.3857369007949,106.61426309920512
150843,575.0,742.8620413776512,-167.86204137765117
150900,1370.0,1171.8211513427962,198.17884865720384
150901,1330.0,1276.9429928928462,53.05700710715382
150940,960.0,956.7520132216781,3.247986778321888
150959,1221.0,1168.6439567108816,52.35604328911836
150977,775.0,695.8969424627411,79.1030575372589
150983,1175.0,1107.5331284788676,67.46687152113236
151004,1080.0,1315.3499527225704,-235.34995272257038
151028,420.0,686.98628959828,-266.98628959828
151041,840.0,924.6690631416224,-84.66906314162236
151042,880.0,961.290608802039,-81.29060880203895
151085,1505.0,1296.3160960046798,208.68390399532018
151116,810.0,1004.4571899003588,-194.4571899003588
151120,630.0,712.8361929223628,-82.83619292236278
151130,930.0,1054.05380757132,-124.05380757132002
151145,1045.0,1288.9898865417517,-243.98988654175173
151148,685.0,692.8598206137128,-7.859820613712827
151178,955.0,711.3548421132866,243.64515788671338
151182,1135.0,984.8772680965574,150.12273190344263
151195,1060.0,1146.6470975468255,-86.64709754682553
151236,1305.0,1271.0798346992867,33.92016530071328
151252,1225.0,1258.7118982381187,-33.71189823811869
151381,1245.0,1084.7696569634722,160.23034303652776
151398,1133.0,1055.6904291222293,77.30957087777074
151410,926.0,1082.21318745169,-156.21318745168992
151420,1318.0,1279.3321821856862,38.66781781431382
151424,1270.0,1212.115001646883,57.884998353117
151477,878.0,913.7384822804053,-35.738482280405265
151479,915.0,1115.3381279488533,-200.3381279488533
151480,795.0,644.6006607278637,150.39933927213633
151486,915.0,1055.1576261029313,-140.15762610293132
151506,720.0,881.3603164317185,-161.3603164317185
151527,1075.0,901.6423675079336,173.3576324920664
151539,785.0,716.1628355958585,68.8371644041415
151585,1035.0,975.0636070989184,59.936392901081604
151602,450.0,573.1269505425299,-123.12695054252993
151639,835.0,864.7194414855807,-29.71944148558066
151656,1065.0,1160.8638170816582,-95.86381708165823
151658,810.0,714.1437682348532,95.85623176514684
151660,1175.0,1006.1984411708212,168.80155882917882
151666,620.0,694.8347600333344,-74.83476003333442
151668,1135.0,687.24562468567,447.75437531433
151670,1470.0,1231.8948996551233,238.10510034487675
151706,1355.0,1250.6837543986646,104.31624560133537
151715,725.0,733.021229479862,-8.021229479861972
151725,810.0,683.190851359293,126.80914864070701
151785,599.0,611.8207467574485,-12.820746757448546
151798,708.0,709.6909626560379,-1.6909626560378683
151825,950.0,1172.042983345512,-222.04298334551208
151837,770.0,681.4367312524721,88.5632687475279
151853,955.0,707.3430201312215,247.65697986877854
151870,1116.0,1172.4037213658785,-56.40372136587848
151889,600.0,697.4635380039192,-97.46353800391921
151924,590.0,660.0563800783983,-70.05638007839832
151969,940.0,1261.8360208057607,-321.83602080576065
151990,990.0,674.9143304850493,315.0856695149507
151997,632.0,681.4633330768529,-49.463333076852905
152036,520.0,943.9012815136281,-423.9012815136281
152054,1205.0,1116.3712341332157,88.6287658667843
152100,1045.0,1094.0654044651385,-49.0654044651385
152132,620.0,721.7871053008712,-101.78710530087119
152147,565.0,697.6357343961015,-132.6357343961015
152185,1340.0,1305.7065805634027,34.29341943659733
152191,440.0,695.0345634592368,-255.03456345923678
152211,1255.0,1198.0401409516098,56.95985904839017
152218,930.0,980.387041796699,-50.38704179669901
152253,375.0,703.2256243466139,-328.2256243466139
152285,1350.0,1067.2836516951727,282.7163483048273
152293,1025.0,1106.345291863743,-81.34529186374289
152311,1513.0,1238.7997478331001,274.2002521668999
152329,520.0,682.8021307242354,-162.80213072423544
152334,1060.0,1085.1014007663405,-25.101400766340475
152347,1225.0,1129.282028946641,95.71797105335895
152379,950.0,1127.1704715777873,-177.17047157778734
152384,1135.0,1247.2993562978297,-112.29935629782972
152389,1011.0,1088.3782105191624,-77.3782105191624
152470,1355.0,1313.320381646569,41.6796183534309
152482,850.0,729.3293033149322,120.67069668506781
152530,1334.0,1184.3773094106787,149.62269058932134
152536,703.0,744.5826738033461,-41.5826738033461
152537,1087.0,1129.6043447373124,-42.60434473731243
152589,937.0,1098.843714257274,-161.8437142572741
152592,725.0,681.3943729275993,43.605627072400694
152610,1496.0,1161.6976187631967,334.3023812368033
152623,580.0,656.6896377759716,-76.68963777597162
152650,1100.0,1105.5072713530421,-5.507271353042142
152665,1350.0,1254.0790437672945,95.92095623270552
152677,485.0,705.1132454183289,-220.11324541832892
152717,580.0,694.2020707357728,-114.20207073577285
152772,804.0,722.9547888975055,81.04521110249448
152798,804.0,680.1627563616859,123.83724363831413
152805,1050.0,1155.1310341622502,-105.13103416225022
152893,1000.0,950.7282557569778,49.271744243022226
152964,635.0,715.3981358277441,-80.39813582774411
152971,950.0,1204.362492691794,-254.36249269179393
152999,725.0,694.2629165502418,30.737083449758188
153008,970.0,1166.9611891557104,-196.96118915571037
153033,965.0,1081.7441034014764,-116.74410340147642
153035,1155.0,1137.5648836916314,17.435116308368606
153066,1179.0,1173.3190830195508,5.680916980449183
153069,1338.0,1145.0681380011674,192.93186199883257
153154,1125.0,1076.4576307181362,48.542369281863785
153218,820.0,727.4063573580337,92.59364264196631
153248,785.0,1070.3668303497054,-285.3668303497054
153314,760.0,863.3454784727246,-103.34547847272461
153359,1049.0,1082.974662002975,-33.97466200297504
153374,1005.0,1021.8577278869762,-16.85772788697625
153407,920.0,971.6299412419726,-51.629941241972574
153447,772.0,692.2155662693787,79.78443373062134
153521,1130.0,1041.8681527802935,88.13184721970651
153565,1110.0,1121.7168482793024,-11.71684827930244
153583,1179.0,1104.5862420406995,74.41375795930048
153585,1070.0,1212.4892051839379,-142.48920518393788
153611,772.0,740.5673768103303,31.432623189669698
153651,625.0,653.5927574825347,-28.592757482534694
153686,600.0,692.7904681541461,-92.79046815414608
153688,1202.0,1186.616212108155,15.383787891845031
153705,495.0,573.7081525122439,-78.70815251224394
153719,1190.0,1197.9777484288948,-7.977748428894756
153742,1230.0,1077.463396106454,152.53660389354604
153774,860.0,721.1181112637599,138.88188873624006
153777,1110.0,1175.526985625707,-65.52698562570708
153793,505.0,688.8608939024969,-183.86089390249685
153796,1355.0,1294.49671635602,60.50328364398001
153826,800.0,663.7330799564015,136.26692004359847
153857,1090.0,1121.5409818625265,-31.54098186252645
153863,880.0,857.0505994733242,22.949400526675845
153972,660.0,715.0517696005095,-55.05176960050949
154008,1040.0,1070.7547944870787,-30.754794487078698
154037,1048.0,695.4513406999263,352.5486593000737
154038,1270.0,1218.3793362637196,51.62066373628045
154050,855.0,705.2927534468936,149.70724655310642
154055,770.0,693.9742042013169,76.02579579868313
154080,1235.0,1087.6697263096748,147.33027369032516
154095,1025.0,1015.0702784217749,9.929721578225099
154116,890.0,1002.5904887426237,-112.59048874262373
154123,570.0,686.490352889869,-116.49035288986897
154151,1003.0,1110.3850131419804,-107.38501314198038
154166,900.0,1049.0258260901705,-149.02582609017054
154189,450.0,582.2638016598268,-132.26380165982675
154195,825.0,751.3257641668943,73.67423583310574
154206,1060.0,988.7851301105488,71.21486988945117
154236,729.0,911.3406497766138,-182.34064977661376
154268,725.0,660.4400229827168,64.55997701728325
154291,730.0,999.4586724646298,-269.4586724646298
154317,1170.0,1162.7485560845432,7.251443915456775
154324,460.0,641.0470308125617,-181.04703081256173
154368,1340.0,1184.6674449744032,155.33255502559678
154376,915.0,1214.865276202643,-299.8652762026429
154380,1120.0,1091.1657378032255,28.83426219677449
154472,895.0,694.6444275700504,200.35557242994958
154481,960.0,1053.8352550111435,-93.83525501114354
154490,750.0,729.6528491231334,20.347150876866635
154510,1025.0,1048.829573934408,-23.829573934408018
154516,990.0,1150.9345917722947,-160.93459177229465
154527,775.0,1120.8430309370128,-345.8430309370128
154529,756.0,692.7445336641226,63.25546633587737
154559,725.0,699.9208603225401,25.07913967745992
154593,1120.0,1080.841204110277,39.158795889723024
154617,1241.0,1119.6827392159198,121.31726078408019
154620,1090.0,1175.9278695476744,-85.92786954767439
154639,960.0,865.6752667078156,94.32473329218442
154646,980.0,1112.9420755939886,-132.94207559398865
154731,900.0,1031.0332018244915,-131.03320182449147
154743,1570.0,1266.5939588333556,303.4060411666444
154768,510.0,662.4367765060811,-152.43677650608106
154778,675.0,617.0072276670609,57.992772332939126
154846,1055.0,1136.6626652706516,-81.66266527065159
154872,1000.0,733.2739845970083,266.7260154029917
154874,675.0,649.6128140316955,25.387185968304493
154898,805.0,918.2478845782763,-113.24788457827628
154900,1215.0,758.220322112876,456.77967788712397
154921,955.0,1132.9853033411225,-177.98530334112252
154964,1035.0,967.9388271315786,67.06117286842141
154975,1255.0,1213.193993746586,41.8060062534139
154982,1195.0,1282.3074730001465,-87.3074730001465
155029,675.0,707.9293894889555,-32.92938948895551
155079,995.0,869.030049461919,125.96995053808098
155094,1036.0,1082.8619603062343,-46.86196030623432
155099,1135.0,1148.5586357927289,-13.558635792728865
155151,1191.0,1238.1395695659544,-47.13956956595439
155167,1466.0,1019.9589155700799,446.04108442992015
155172,1295.0,1119.874811991142,175.125188008858
155190,628.0,664.2447640241703,-36.24476402417031
155198,1160.0,1177.2296697313682,-17.229669731368176
155200,1130.0,1072.3225980554184,57.67740194458156
155236,539.0,581.467254964955,-42.46725496495503
155240,1140.0,1110.450775328776,29.54922467122401
155250,855.0,993.3974009180198,-138.3974009180198
155262,1550.0,1297.3035586198705,252.6964413801295
155271,1315.0,1137.5199724170989,177.48002758290113
155284,711.0,718.8759084251315,-7.875908425131456
155291,611.0,561.2820087246238,49.71799127537622
155336,1150.0,1278.0348536252413,-128.03485362524134
155362,1012.0,1139.3468967654446,-127.34689676544463
155409,620.0,625.7892225112764,-5.789222511276421
155455,1050.0,1166.3884341077,-116.38843410770005
155469,1260.0,1169.9900909233902,90.0099090766098
155563,790.0,747.5989438160324,42.401056183967626
155650,745.0,697.208393808724,47.791606191275946
155673,1475.0,1300.8222053730472,174.17779462695285
155721,715.0,743.9664019740088,-28.966401974008818
155738,1130.0,1260.8656356874103,-130.8656356874103
155762,1180.0,1155.5446265442513,24.455373455748713
155789,931.0,894.9580398489511,36.0419601510489
155806,1065.0,1103.0925406476072,-38.092540647607166
155813,1395.0,1283.9555639358834,111.04443606411655
155841,1490.0,1253.6304416309567,236.36955836904326
155842,1230.0,1191.299687607504,38.700312392496016
155843,715.0,739.5485988673872,-24.548598867387227
155884,765.0,690.5956598959314,74.40434010406864
155901,545.0,675.3565761076377,-130.3565761076377
155905,716.0,680.9901822024251,35.0098177975749
155914,1130.0,994.4549756785134,135.5450243214866
155922,1025.0,1041.0963045902108,-16.09630459021082
155970,670.0,642.0306856536656,27.969314346334386
155975,725.0,729.8825503236545,-4.882550323654527
155988,1220.0,1094.2304631004984,125.76953689950165
156072,615.0,672.9179133713661,-57.917913371366126
156093,1020.0,945.9149757649604,74.08502423503955
156136,586.0,698.6351823371322,-112.63518233713216
156223,1320.0,1265.8589742018753,54.1410257981247
156235,1021.0,1192.8910586055056,-171.89105860550558
156239,1230.0,1085.2996981238105,144.70030187618954
156287,761.0,686.5188507333701,74.48114926662993
156301,1411.0,1167.452117777019,243.5478822229809
156352,1091.0,968.4130123386155,122.58698766138446
156353,1000.0,1013.423882061164,-13.423882061164022
156355,1191.0,1143.3925245991506,47.60747540084935
156358,1369.0,1096.4133195228942,272.5866804771058
156370,605.0,647.8931331780927,-42.89313317809274
156391,533.0,670.6627954270317,-137.6627954270317
156396,470.0,694.3142235346922,-224.31422353469225
156453,883.0,779.4925351268612,103.50746487313882
156488,682.0,673.7257503961746,8.27424960382541
156491,1092.0,1007.7704297078002,84.22957029219981
156494,715.0,657.8866197317396,57.11338026826036
156507,885.0,635.9435977123977,249.05640228760228
156509,965.0,1207.782538759089,-242.782538759089
156510,615.0,682.466327754511,-67.46632775451098
156514,795.0,690.5887603986198,104.4112396013802
156521,1004.0,1044.1900880874057,-40.190088087405684
156546,1230.0,1067.3838323852092,162.6161676147908
156562,621.0,694.1892183143063,-73.18921831430634
156576,1282.0,1185.2443732131023,96.75562678689766
156581,1170.0,1071.1481851841913,98.85181481580867
156597,605.0,694.2629165502418,-89.26291655024181
156637,670.0,681.3991820397337,-11.39918203973366
156653,550.0,740.8651885200427,-190.8651885200427
156684,1213.0,1122.656564201685,90.34343579831511
156715,704.0,681.3874871548039,22.61251284519608
156728,1175.0,1217.863976864842,-42.863976864842016
156746,1480.0,1195.8160180389732,284.1839819610268
156787,1157.0,1200.6104800528274,-43.61048005282737
156845,1140.0,1312.6626080162928,-172.66260801629278
156890,725.0,716.3898865171191,8.610113482880934
156925,1168.0,1255.2381387217774,-87.23813872177743
156973,735.0,672.935697012068,62.064302987932024
156984,780.0,742.6954360213338,37.30456397866624
157002,1090.0,1117.9387319784043,-27.93873197840435
157024,700.0,707.8020306952053,-7.802030695205303
157034,580.0,922.9522290034106,-342.9522290034106
157077,1100.0,1056.1141210407332,43.88587895926685
157085,1315.0,1103.7430931880438,211.25690681195624
157088,1130.0,1025.846946502103,104.15305349789696
157092,850.0,972.0841843236781,-122.08418432367807
157104,350.0,657.0752413962714,-307.0752413962714
157171,1055.0,1019.0072569432486,35.99274305675135
157179,1250.0,1112.3967179164233,137.6032820835767
157211,825.0,666.1187103247019,158.88128967529815
157253,1720.0,1209.3166440399027,510.6833559600973
157292,920.0,997.7699671164805,-77.76996711648053
157357,1065.0,1080.0123213934894,-15.012321393489401
157402,1060.0,1202.370794658787,-142.37079465878696
157403,570.0,705.1491127081223,-135.1491127081223
157414,1310.0,1234.7809419905968,75.21905800940317
157430,491.0,531.8178154717787,-40.81781547177866
157444,1515.0,1206.4270500920493,308.5729499079507
157459,785.0,677.5988544665914,107.40114553340857
157478,638.0,715.0017954136327,-77.00179541363275
157521,740.0,688.4603264827471,51.539673517252936
157600,679.0,603.5614538302773,75.43854616972271
157626,1495.0,1246.578878989288,248.4211210107121
157630,670.0,829.311811993252,-159.31181199325204
157646,1150.0,1030.4090177732783,119.59098222672174
157662,1180.0,1279.09176646458,-99.0917664645799
157670,1290.0,1289.8731730780264,0.12682692197358847
157702,1135.0,1242.157006766273,-107.15700676627307
157744,1490.0,1252.4798980247353,237.52010197526465
157759,1380.0,1262.6165628982637,117.38343710173626
157809,930.0,1184.916700944059,-254.9167009440589
157850,1390.0,1115.8675207193298,274.13247928067017
157890,1025.0,1102.6076149187945,-77.60761491879452
157947,1502.0,1254.1202528749525,247.87974712504752
157968,793.0,949.8794809943225,-156.87948099432253
158052,1440.0,1174.7209928979692,265.27900710203085
158053,897.0,993.6084444861152,-96.60844448611522
158141,1165.0,1256.4987386449038,-91.49873864490382
158155,1068.0,1114.1923181349564,-46.192318134956395
158159,1015.0,1107.0096155949036,-92.00961559490361
158260,795.0,739.4267399481109,55.573260051889065
158264,1445.0,1247.2654956284969,197.73450437150314
158282,1168.0,1068.6735986958424,99.32640130415757
158313,870.0,710.428411511736,159.57158848826396
158330,820.0,920.8653380861304,-100.86533808613035
158366,625.0,686.9867848536792,-61.98678485367918
158409,1180.0,1054.4868760664453,125.51312393355465
158466,1325.0,1201.6886025498093,123.31139745019073
158489,505.0,763.4255506111854,-258.4255506111854
158493,475.0,579.6527855608588,-104.65278556085877
158533,570.0,847.7512858151557,-277.7512858151557
158583,665.0,608.1166481681827,56.88335183181732
158589,960.0,728.4376064097897,231.56239359021026
158592,1107.0,1227.0737998570748,-120.07379985707485
158598,1320.0,1284.8451550125938,35.15484498740625
158601,1334.0,1203.276368438976,130.72363156102392
158619,1120.0,1266.40921358902,-146.40921358902006
158625,1130.0,1055.6904291222293,74.30957087777074
158656,1120.0,896.9385928141766,223.06140718582344
158665,965.0,1123.700131601731,-158.70013160173107
158714,780.0,691.7240639178794,88.27593608212055
158720,600.0,697.6461916809203,-97.64619168092031
158823,1270.0,1161.7979372448403,108.20206275515966
158835,1425.0,1262.8035561426152,162.1964438573848
158858,460.0,570.8060835779687,-110.8060835779687
158880,1110.0,1286.045439484992,-176.0454394849919
158902,1170.0,1115.1144820883064,54.88551791169357
158918,1005.0,999.2371820000058,5.76281799999424
158919,1010.0,1137.5157488519858,-127.51574885198579
158930,660.0,732.0014689161851,-72.0014689161851
158935,1040.0,1019.6851618472522,20.314838152747825
158977,860.0,927.6358607228867,-67.63586072288672
158996,1135.0,1004.0973810918805,130.9026189081195
159018,1105.0,1054.3855037683195,50.614496231680505
159089,826.0,1123.0871719571621,-297.0871719571621
159094,1200.0,1018.444158226549,181.555841773451
159096,830.0,1025.8664179189354,-195.86641791893544
159157,495.0,622.177679713113,-127.17767971311298
159166,850.0,652.6222262226788,197.37777377732118
159196,1052.0,1040.4773991713596,11.522600828640407
159225,1375.0,1095.773003414265,279.2269965857349
159256,830.0,932.4271500684381,-102.4271500684381
159270,1213.0,1129.5465671277627,83.45343287223727
159280,661.0,693.6190647637467,-32.61906476374668
159321,1197.0,1266.4299846741947,-69.42998467419466
159330,820.0,1112.5036560612782,-292.5036560612782
159343,805.0,700.4284720228023,104.57152797719766
159354,1225.0,1281.4661857268636,-56.466185726863614
159387,1350.0,1262.6615758070684,87.3384241929316
159395,1020.0,1125.7390599839696,-105.73905998396958
159405,1180.0,1268.1380535470255,-88.13805354702549
159462,810.0,1097.5404729394302,-287.5404729394302
159521,578.0,634.0387758399222,-56.03877583992221
159567,1100.0,1051.409709404712,48.590290595288025
159645,1225.0,1137.5531216900627,87.44687830993735
159658,950.0,999.4729098176601,-49.47290981766014
159667,675.0,671.9005233925891,3.0994766074109066
159678,1025.0,1205.6211742587388,-180.62117425873885
159698,1289.0,1255.1766754550488,33.82332454495122
159707,940.0,1102.539165799894,-162.5391657998939
159718,1091.0,1180.1125413963869,-89.11254139638686
159727,1060.0,1095.428424406814,-35.428424406813974
159744,870.0,953.8332758555339,-83.83327585553388
159769,1515.0,1300.3477691943478,214.65223080565215
159779,970.0,1087.3789572777391,-117.37895727773912
159801,1060.0,1058.2619405403648,1.738059459635224
159840,1080.0,1127.5681867898486,-47.568186789848596
159859,475.0,718.1186742398921,-243.11867423989213
159862,890.0,853.2707675805401,36.72923241945989
159878,750.0,697.6461916809203,52.35380831907969
159895,920.0,1116.0918098639684,-196.09180986396836
159903,1130.0,1042.153458377011,87.84654162298898
159927,1328.0,1262.6802642175921,65.31973578240786
159956,1010.0,1115.4625861340737,-105.46258613407372
159962,1135.0,1049.9504963379577,85.0495036620423
159989,715.0,715.1451549916131,-0.14515499161313983
159992,645.0,694.2629165502418,-49.26291655024181
160001,889.0,928.1492649933181,-39.14926499331807
160068,940.0,1019.8620263813281,-79.86202638132806
160070,1435.0,1270.3652398741483,164.6347601258517
160082,618.0,685.3087246118313,-67.30872461183128
160115,1190.0,1165.4814319777765,24.518568022223462
160121,660.0,633.8289822155898,26.171017784410196
160146,950.0,1036.9553305957734,-86.95533059577338
160180,1110.0,1068.9137921638958,41.08620783610422
160190,1030.0,1068.5305867317327,-38.53058673173268
160204,1070.0,1097.976520140619,-27.97652014061896
160209,597.0,699.1908366368727,-102.19083663687275
160224,670.0,618.5425672489004,51.457432751099645
160272,930.0,1265.186314296422,-335.1863142964221
160310,1323.0,1110.0517215972088,212.94827840279117
160332,1480.0,1305.22605534196,174.7739446580399
160342,695.0,676.5700771790522,18.42992282094781
160359,1140.0,1199.2846887659791,-59.284688765979126
160369,758.0,852.1317056223104,-94.13170562231039
160384,500.0,636.0809449506996,-136.08094495069963
160398,1113.0,1294.0997061239657,-181.0997061239657
160415,763.0,1167.8535992371858,-404.8535992371858
160427,1010.0,904.0602293816278,105.93977061837222
160431,539.0,674.1691791816843,-135.16917918168429
160490,926.0,1046.8386865774619,-120.83868657746189
160498,857.0,988.0358308589167,-131.0358308589167
160524,775.0,876.0001542790437,-101.00015427904373
160581,680.0,686.8521670426899,-6.852167042689871
160591,1155.0,1301.025110440602,-146.02511044060202
160640,1130.0,1194.271697570495,-64.27169757049501
160655,620.0,695.9615387009462,-75.96153870094622
160658,990.0,1159.56316836401,-169.56316836400993
160662,1310.0,1224.7063056917682,85.2936943082318
160684,1230.0,1206.6593917690768,23.34060823092318
160710,720.0,696.4343900089954,23.565609991004635
160783,1280.0,1244.657058869173,35.34294113082706
160794,1100.0,1116.868139054736,-16.868139054736048
160804,1300.0,1075.617696273349,224.3823037266509
160915,1400.0,1193.5181754753878,206.4818245246122
160951,955.0,988.1203300044439,-33.12033000444387
160989,1050.0,952.6336828986382,97.3663171013618
161047,1150.0,1094.624244230299,55.37575576970107
161094,1325.0,1116.6331234776062,208.3668765223938
161103,1145.0,1085.1014007663405,59.898599233659525
161119,1030.0,1150.3354488288492,-120.33544882884917
161222,1100.0,1293.8565999508073,-193.85659995080732
161254,1080.0,1159.5852819297115,-79.58528192971153
161256,880.0,1131.8455446210262,-251.8455446210262
161257,1165.0,1010.7215406511094,154.27845934889058
161263,1315.0,1160.9268029553944,154.07319704460565
161361,1200.0,1064.3398286508282,135.66017134917183
161372,975.0,1208.490427252683,-233.49042725268305
161443,1185.0,1184.620824564795,0.37917543520507024
161457,1245.0,1265.449545400584,-20.44954540058393
161462,710.0,735.6868702911015,-25.686870291101513
161480,1180.0,1142.9285480732738,37.07145192672624
161482,1435.0,1116.3712341332157,318.6287658667843
161501,610.0,605.4130158450369,4.586984154963147
161502,607.0,588.0134431484728,18.98655685152721
161504,690.0,877.8954611818002,-187.89546118180021
161531,1234.0,1134.0328096813978,99.9671903186022
161550,1195.0,1122.1750149306506,72.8249850693494
161608,1000.0,933.6158671389862,66.38413286101377
161610,1255.0,1151.5206303308173,103.47936966918269
161616,1155.0,1079.810310422399,75.18968957760103
161671,1130.0,1186.9164596534968,-56.91645965349676
161731,1185.0,1274.4001669438092,-89.40016694380915
161742,790.0,999.2444981628106,-209.2444981628106
161774,1080.0,1094.6781642125907,-14.678164212590673
161777,900.0,1053.9792114439479,-153.97921144394786
161810,705.0,668.7271602910531,36.27283970894689
161819,1168.0,1117.2313481411202,50.76865185887982
161854,1320.0,1047.9635109009819,272.0364890990181
161862,960.0,1164.1501881363363,-204.15018813633628
161877,850.0,1058.4392320476932,-208.43923204769317
161882,815.0,704.0575024636836,110.94249753631641
161890,1115.0,1002.9269514659281,112.07304853407186
161891,1230.0,1147.0500644785345,82.94993552146548
161933,653.0,894.8137672660373,-241.8137672660373
161985,675.0,884.0745980653321,-209.0745980653321
161994,885.0,968.4094489399058,-83.40944893990581
162011,880.0,1022.0460418158895,-142.04604181588945
162021,651.0,666.9311444228862,-15.931144422886177
162049,653.0,669.3544407256409,-16.35444072564087
162066,1325.0,1275.083992564627,49.9160074353731
162112,610.0,658.3616915141035,-48.36169151410354
162156,940.0,1050.2318514074916,-110.2318514074916
162164,1380.0,1292.8274465144914,87.17255348550862
162209,950.0,1276.86061114469,-326.86061114469
162211,1150.0,1101.6326550550352,48.36734494496477
162243,645.0,649.0146696929311,-4.014669692931079
162257,1245.0,1251.002015717489,-6.00201571748903
162287,1394.0,1208.9956199955204,185.00438000447957
162306,675.0,764.360563143088,-89.36056314308803
162445,550.0,597.1453783736586,-47.14537837365856
162477,1320.0,1266.1976810831104,53.80231891688959
162491,1210.0,880.25605526334,329.74394473665996
162552,880.0,986.2897322771481,-106.28973227714812
162575,1010.0,1166.366394711573,-156.3663947115731
162587,970.0,983.9108103113545,-13.910810311354453
162608,680.0,623.8192624823887,56.180737517611306
162668,1250.0,1102.1017507485637,147.89824925143625
162703,765.0,729.2179437419468,35.78205625805322
162731,820.0,627.9460434543743,192.05395654562574
162764,610.0,578.5178671726846,31.482132827315354
162769,850.0,716.226406898405,133.773593101595
162783,915.0,1009.928436821412,-94.92843682141199
162807,790.0,1004.4902775741335,-214.49027757413353
162834,875.0,738.9515754105981,136.04842458940186
162905,680.0,681.0107435389087,-1.0107435389087414
162929,775.0,699.6781061582932,75.32189384170681
162958,1122.0,1097.1482720845665,24.851727915433457
162963,1180.0,1264.273622128331,-84.273622128331
163001,720.0,1013.7009446305786,-293.70094463057865
163057,1040.0,998.8519099125017,41.1480900874983
163080,8.0,1133.4191036909965,-1125.4191036909965
163157,490.0,1109.5797156119404,-619.5797156119404
163188,1141.0,1066.6714161672844,74.3285838327156
163307,1201.0,1099.324628432484,101.6753715675161
163312,1135.0,1087.943693468246,47.05630653175399
163319,867.0,1074.2959451760535,-207.29594517605346
163332,1182.0,1127.1704715777873,54.82952842221266
163364,931.0,1052.191933289617,-121.19193328961705
163379,1117.0,1193.349153732116,-76.34915373211606
163392,1425.0,1219.0003877724057,205.9996122275943
163396,716.0,699.5120160784869,16.48798392151309
163494,970.0,955.0732127130337,14.92678728696626
163510,1125.0,1035.1376640166443,89.8623359833557
163538,1130.0,1150.9973701755866,-20.99737017558664
163561,1085.0,1150.0223159503848,-65.02231595038484
163566,1100.0,1107.6087882743345,-7.608788274334529
163594,719.0,713.6215848658164,5.3784151341835695
163674,1205.0,1017.690268479206,187.309731520794
163682,815.0,1208.6014946017926,-393.60149460179264
163683,1010.0,1131.4606720489612,-121.46067204896121
163709,560.0,738.4598542093106,-178.4598542093106
163739,670.0,644.0877171331568,25.912282866843157
163763,595.0,664.1797384046725,-69.17973840467255
163768,1145.0,1159.9990615238282,-14.999061523828232
163771,665.0,599.9652871787555,65.03471282124451
163831,1245.0,1147.6808272360847,97.31917276391528
163873,600.0,650.7144174101156,-50.71441741011563
163876,1190.0,1148.5843530425911,41.41564695740885
163882,730.0,620.3418129783242,109.65818702167576
163898,750.0,692.8506820418767,57.14931795812333
163904,965.0,930.015854303881,34.98414569611896
163913,772.0,694.6638318984126,77.33616810158742
163933,1125.0,1198.2313860051415,-73.23138600514153
163968,900.0,993.8077189558451,-93.80771895584508
164000,1223.0,963.1706680191216,259.82933198087835
164019,1050.0,1003.7428294102593,46.25717058974067
164126,690.0,713.9116881102584,-23.91168811025841
164133,1280.0,1213.5637340482704,66.43626595172964
164158,1475.0,1274.0277442184176,200.97225578158236
164171,881.0,958.7512459340709,-77.75124593407088
164236,965.0,1055.2212724953831,-90.22127249538312
164253,1370.0,1234.2073415231819,135.79265847681813
164270,800.0,674.248074555296,125.75192544470406
164383,1225.0,1100.1068100659543,124.89318993404572
164413,1090.0,1060.8546285151147,29.145371484885345
164416,1270.0,1220.3144242414683,49.68557575853174
164420,1043.0,1136.9144743614736,-93.9144743614736
164435,775.0,719.4034579031487,55.596542096851294
164445,590.0,649.7899182710933,-59.789918271093256
164451,1380.0,1028.404523623159,351.5954763768409
164477,800.0,1225.1356526141826,-425.1356526141826
164516,1265.0,1158.0144434415306,106.9855565584694
164521,900.0,1106.783663534944,-206.78366353494403
164533,1175.0,956.5750529916742,218.42494700832583
164539,839.0,836.9817876442444,2.0182123557556224
164611,965.0,1128.1435836555413,-163.1435836555413
164629,1375.0,1114.9500363854806,260.04996361451936
164643,510.0,1272.6049408177178,-762.6049408177178
164684,1010.0,1143.336493136334,-133.33649313633396
164688,770.0,690.9867998142432,79.01320018575677
164689,800.0,738.5944326983954,61.405567301604606
164696,970.0,988.3761857276733,-18.37618572767326
164712,1055.0,1111.1055072933318,-56.10550729333181
164731,890.0,1056.504872419763,-166.50487241976293
164747,1158.0,1210.2278175361614,-52.22781753616141
164757,885.0,1150.0587015363537,-265.05870153635374
164778,1015.0,694.8085335930439,320.1914664069561
164854,935.0,1141.9199479724618,-206.91994797246184
164930,1510.0,1274.7740191415123,235.22598085848767
164951,1260.0,1170.0400973504982,89.95990264950183
164965,1130.0,1131.6818450630153,-1.6818450630153166
165077,1187.0,1133.9474068253921,53.052593174607864
165107,962.0,1022.5948812559035,-60.59488125590349
165115,745.0,699.8681455911943,45.13185440880568
165117,1035.0,1062.250380152357,-27.25038015235691
165166,1155.0,1056.9340227953987,98.06597720460127
165234,990.0,1160.1947430509397,-170.19474305093968
165338,1241.0,1160.3082101034252,80.69178989657485
165378,487.0,664.217442932414,-177.21744293241397
165424,975.0,1092.5136677828177,-117.51366778281772
165495,860.0,863.6668601667476,-3.666860166747597
165549,580.0,667.6764553658114,-87.67645536581142
165592,860.0,952.5307553483036,-92.53075534830361
165597,1070.0,1185.8903193625752,-115.89031936257516
165613,660.0,679.4606646746986,-19.46066467469859
165630,1110.0,1192.0387771374603,-82.03877713746033
165631,550.0,644.9181762891657,-94.91817628916567
165649,1090.0,1233.8855992848246,-143.8855992848246
165668,910.0,1292.3326839153026,-382.3326839153026
165694,780.0,698.1471409180538,81.85285908194624
165711,1310.0,1247.7339787530943,62.266021246905666
165725,1270.0,1229.4356516243406,40.56434837565939
165726,950.0,860.4890463906773,89.51095360932266
165764,741.0,682.9201479710645,58.079852028935534
165769,1070.0,1256.6246482929455,-186.6246482929455
165775,677.0,695.9314139764714,-18.93141397647139
165785,920.0,980.6132907710229,-60.61329077102289
165843,1195.0,1117.0796801663305,77.92031983366951
165855,905.0,1057.393027272015,-152.39302727201493
165894,345.0,678.9421917883244,-333.9421917883244
165986,505.0,626.3285455242957,-121.32854552429569
165993,890.0,1035.748380119716,-145.7483801197161
166015,1190.0,1195.2863431914745,-5.286343191474543
166027,1120.0,1142.042374013519,-22.042374013519066
166067,812.0,922.6368267422637,-110.63682674226368
166079,1056.0,1265.0281905283894,-209.02819052838936
166089,1310.0,1295.5769749665503,14.423025033449676
166140,871.0,1055.0696882575912,-184.06968825759122
166143,705.0,1012.375749164886,-307.375749164886
166151,1060.0,1173.8961948181534,-113.89619481815339
166227,1069.0,1052.3769643349394,16.62303566506057
166269,511.0,668.0880067596462,-157.0880067596462
166297,969.0,1105.638135818275,-136.63813581827503
166299,1410.0,1287.9861102391642,122.01388976083581
166399,1091.0,1070.843037590754,20.156962409246034
166400,970.0,881.3603164317185,88.6396835682815
166406,771.0,950.8124445674201,-179.81244456742013
166429,1145.0,1010.0412845426396,134.95871545736043
166434,1078.0,1104.186532922654,-26.186532922653896
166437,1345.0,1248.4427014640971,96.55729853590287
166441,810.0,722.7573465131779,87.24265348682206
166568,900.0,1055.6904291222293,-155.69042912222926
166577,705.0,775.1368527817466,-70.1368527817466
166585,1185.0,1161.5771397026163,23.42286029738375
166612,820.0,963.1409773803015,-143.14097738030148
166625,785.0,921.7138935573436,-136.71389355734357
166667,569.0,570.0701095222557,-1.0701095222557342
166747,710.0,710.1559096526339,-0.155909652633909
166761,740.0,667.9117566741807,72.08824332581935
166781,815.0,753.1344163572642,61.86558364273583
166818,1160.0,1088.883673661843,71.11632633815702
166820,485.0,571.5125938755701,-86.51259387557013
166859,365.0,632.4892599460485,-267.4892599460485
166868,1030.0,1131.22035246225,-101.22035246225005
166876,1225.0,1229.3908692459665,-4.390869245966542
166888,615.0,638.7465953514255,-23.746595351425526
166895,685.0,634.8027552547161,50.19724474528391
166907,726.0,595.7831980327637,130.21680196723628
166919,830.0,888.1245998849429,-58.12459988494288
166926,680.0,698.4774949528727,-18.47749495287269
166932,970.0,1163.8975973597996,-193.89759735979965
166964,1120.0,1278.22305707803,-158.22305707803002
166967,1190.0,1091.3771431947923,98.62285680520768
166974,860.0,1110.211659388512,-250.2116593885121
166994,1000.0,1118.3648307286505,-118.36483072865053
167006,964.0,1103.9417218589426,-139.94172185894263
167011,1036.0,1199.6061302441037,-163.60613024410372
167076,1020.0,1214.7505190690126,-194.75051906901263
167081,1000.0,1208.4848463774392,-208.48484637743923
167091,1310.0,1289.1999158207616,20.80008417923841
167108,952.0,1162.8218423665273,-210.82184236652733
167124,710.0,672.8862586207622,37.11374137923781
167128,720.0,688.1479523677496,31.852047632250446
167141,610.0,657.1878797739114,-47.18787977391139
167224,1250.0,1096.2456621237213,153.75433787627867
167247,727.0,1200.2274954580764,-473.2274954580764
167272,1060.0,1098.9540546277435,-38.95405462774352
167293,749.0,927.6137109250445,-178.61371092504453
167312,667.0,606.3256254795723,60.674374520427705
167370,755.0,719.2825790325677,35.717420967432304
167435,1276.0,1120.6471772483656,155.35282275163445
167476,810.0,1054.0370834113096,-244.0370834113096
167501,860.0,913.3332115396314,-53.33321153963141
167506,980.0,1126.3570015874566,-146.35700158745658
167519,715.0,663.4028260600718,51.59717393992821
167555,554.0,658.8131753616946,-104.81317536169456
167576,1175.0,1114.9341179731582,60.06588202684179
167605,1060.0,1292.3097984262874,-232.30979842628744
167631,950.0,1037.8610652688226,-87.86106526882259
167660,447.0,518.3296284137009,-71.3296284137009
167728,945.0,1149.927538789494,-204.92753878949406
167754,1405.0,1264.0582580363648,140.9417419636352
167763,990.0,1116.9070135046036,-126.90701350460358
167766,1323.0,1205.9546345402475,117.04536545975247
167796,1041.0,1076.081716742778,-35.0817167427781
167799,641.0,630.4115494974561,10.588450502543878
167862,975.0,948.7596165335821,26.24038346641794
167879,1160.0,1103.0032171897515,56.99678281024853
167887,1590.0,1167.033243039039,422.966756960961
167922,725.0,1113.7392329513377,-388.7392329513377
167930,1245.0,1115.0427674603131,129.95723253968686
167940,604.0,642.469514884006,-38.469514884006
168011,543.0,716.0854842611054,-173.08548426110542
168026,655.0,674.7863584891528,-19.786358489152803
168031,1050.0,1020.9784041186758,29.021595881324174
168046,635.0,696.9741845887556,-61.974184588755634
168054,1220.0,1241.0719472417793,-21.0719472417793
168098,1110.0,878.9166070657438,231.08339293425615
168148,1020.0,1151.276751933248,-131.27675193324808
168151,830.0,1000.0143141820871,-170.0143141820871
168195,1047.0,1095.3832540593398,-48.38325405933983
168241,645.0,683.8073413881735,-38.80734138817354
168262,785.0,719.5132326344448,65.48676736555524
168265,475.0,667.0342990937976,-192.03429909379759
168308,1110.0,1086.302255211364,23.6977447886361
168324,740.0,736.3814037072046,3.6185962927953597
168349,1190.0,1153.2605337807802,36.73946621921982
168403,1100.0,1218.8591697245977,-118.85916972459768
168428,1300.0,1194.9138098706078,105.08619012939221
168434,1325.0,1209.3320281835909,115.66797181640914
168455,1050.0,1254.1771139535338,-204.17711395353376
168492,1275.0,1112.9843882717155,162.0156117282845
168524,540.0,737.0038055107766,-197.0038055107766
168621,1140.0,1186.05999198696,-46.059991986960085
168636,667.0,681.6702034328525,-14.670203432852531
168641,677.0,634.420373757142,42.57962624285801
168665,715.0,667.330704407861,47.66929559213895
168682,930.0,1096.9500078981373,-166.9500078981373
168754,675.0,710.2144918108423,-35.21449181084233
168762,595.0,675.4734559023958,-80.47345590239581
168768,583.0,626.5058298051609,-43.50582980516094
168783,705.0,633.6111057071275,71.38889429287246
168813,1163.0,1244.142856380739,-81.14285638073898
168815,1395.0,1236.4020075322824,158.59799246771763
168879,1185.0,1166.5896806085318,18.410319391468192
168887,1325.0,1294.4769615974383,30.523038402561724
168959,1000.0,1143.8901119684351,-143.89011196843512
168963,595.0,693.4959429008101,-98.49594290081006
169012,707.0,659.6909521874393,47.30904781256072
169085,778.0,932.8754952613345,-154.87549526133455
169110,776.0,1085.3557654756323,-309.3557654756323
169115,1390.0,1279.0691073727853,110.93089262721469
169208,1095.0,1262.8289278036334,-167.8289278036334
169241,1544.0,1201.4698602530054,342.53013974699456
169268,920.0,1048.4104636029695,-128.41046360296946
169353,658.0,732.5211113974843,-74.52111139748433
169378,655.0,641.4882767234743,13.511723276525686
169474,1155.0,1136.3989604161864,18.601039583813645
169582,1210.0,1059.538685996894,150.46131400310605
169668,609.0,693.1270651724676,-84.12706517246761
169682,820.0,757.0337841167809,62.96621588321909
169691,700.0,737.7822975171515,-37.782297517151505
169710,1150.0,1183.1263838810821,-33.12638388108212
169778,584.0,620.9154968525988,-36.915496852598835
169782,1285.0,1152.9494825407876,132.05051745921241
169802,1395.0,1265.091195662463,129.90880433753705
169811,730.0,733.5912319616785,-3.5912319616785453
169822,1125.0,1015.4811033198581,109.51889668014189
169876,533.0,673.6088880618266,-140.60888806182663
169878,1310.0,1197.9076515899756,112.09234841002444
169912,940.0,1055.6904291222293,-115.69042912222926
169913,1290.0,1176.9526478230384,113.04735217696157
169940,870.0,1074.2181336116846,-204.2181336116846
169990,1050.0,1123.8427918785685,-73.8427918785685
170004,1125.0,1166.344227766962,-41.34422776696192
170017,730.0,1029.026585584821,-299.0265855848211
170038,584.0,708.5163733982755,-124.5163733982755
170056,730.0,663.5990098446259,66.40099015537407
170102,695.0,744.4253844807589,-49.42538448075891
170104,835.0,920.7373707693939,-85.73737076939392
170150,770.0,1017.9447120529999,-247.94471205299988
170164,1145.0,1112.8599687035096,32.140031296490406
170169,1200.0,1288.8253275252207,-88.8253275252207
170220,1323.0,1099.324628432484,223.6753715675161
170222,570.0,676.6442524079046,-106.64425240790456
170224,925.0,1020.702355242968,-95.702355242968
170244,1540.0,1262.98018614736,277.01981385264
170245,930.0,1084.7493780623754,-154.7493780623754
170247,465.0,700.7397278817563,-235.73972788175627
170260,990.0,1082.974662002975,-92.97466200297504
170263,1380.0,1255.146494091003,124.85350590899702
170313,970.0,1062.2388691740261,-92.23886917402615
170315,1207.0,1210.425923461173,-3.4259234611729426
170321,935.0,1108.0057015832224,-173.0057015832224
170330,370.0,593.1075831680465,-223.10758316804652
170335,1000.0,711.1471256271964,288.8528743728036
170340,560.0,581.4877344795675,-21.487734479567507
170409,1090.0,1186.817783792342,-96.81778379234197
170437,1335.0,1291.6597887523533,43.34021124764672
170460,1120.0,1082.0009094694128,37.99909053058718
170472,567.0,694.1654764059035,-127.16547640590352
170531,1301.0,1145.8606406132883,155.1393593867117
170595,885.0,1019.7710257377851,-134.77102573778507
170604,1036.0,1156.1552541434169,-120.15525414341687
170730,725.0,682.274414728197,42.72558527180297
170751,1030.0,1098.9725968770817,-68.97259687708174
170783,720.0,647.6297203574243,72.37027964257572
170789,565.0,659.7858573572568,-94.78585735725676
170833,992.0,984.6407593031576,7.359240696842448
170852,1340.0,1141.7482212541554,198.2517787458446
170854,1050.0,985.6926082011357,64.30739179886427
170891,920.0,1032.841474423611,-112.84147442361109
170903,1060.0,1058.3299242433736,1.6700757566263746
170911,955.0,1044.426012128566,-89.42601212856607
170918,1280.0,1074.0905403251343,205.90945967486573
170920,1180.0,1172.9573029600847,7.042697039915311
170928,1115.0,984.5788198049943,130.42118019500572
170936,1035.0,1269.9530306521938,-234.95303065219377
171012,900.0,1117.8069184371318,-217.8069184371318
171014,805.0,719.9067668235996,85.09323317640042
171036,1040.0,1132.906878851884,-92.9068788518839
171049,600.0,649.2284509331971,-49.22845093319711
171068,1540.0,1276.0680437568142,263.9319562431858
171074,1000.0,978.406939344446,21.59306065555404
171075,1090.0,1069.0614208350444,20.938579164955627
171093,665.0,697.4613673253807,-32.46136732538071
171122,1015.0,1019.7710257377851,-4.771025737785067
171244,1215.0,1242.7040380674089,-27.704038067408874
171283,1036.0,1190.889750682302,-154.88975068230206
171345,795.0,704.7078800022531,90.29211999774691
171360,575.0,641.2408820329471,-66.24088203294707
171409,620.0,713.1263909430023,-93.12639094300232
171410,673.0,657.1282176857737,15.871782314226266
171416,1080.0,1175.1263057943177,-95.12630579431766
171467,710.0,938.5782523585397,-228.57825235853966
171501,895.0,902.2897359729012,-7.289735972901212
171504,840.0,702.7123692390785,137.2876307609215
171514,1117.0,1156.8356004469863,-39.83560044698629
171525,645.0,694.7556878571363,-49.75568785713631
171594,889.0,1030.0960787899849,-141.09607878998486
171622,1071.0,1056.00184563902,14.998154360979925
171634,780.0,741.1469916820504,38.853008317949616
171639,860.0,693.0705040083486,166.92949599165138
171645,1320.0,1253.5267502671861,66.47324973281388
171694,500.0,734.5156679571796,-234.51566795717963
171765,1208.0,1179.8652093312708,28.134790668729238
171806,1270.0,1143.9295509256071,126.07044907439285
171817,1190.0,1207.6957329220197,-17.695732922019715
171818,1120.0,1151.5636167800376,-31.56361678003759
171857,1070.0,1153.0955555438532,-83.09555554385315
171895,785.0,732.7253939743606,52.2746060256394
171907,735.0,687.3765717887386,47.6234282112614
171947,1485.0,1305.2435176858537,179.7564823141463
171953,1430.0,1200.6617840809424,229.33821591905757
171976,1100.0,965.8839449362957,134.11605506370427
172012,804.0,1111.1721741881474,-307.17217418814744
172026,606.0,696.9806020801881,-90.98060208018808
172107,1035.0,1069.4326723881743,-34.432672388174296
172118,1130.0,1191.867102616239,-61.86710261623898
172228,845.0,957.2890088816378,-112.28900888163776
172240,955.0,1165.3357589431207,-210.3357589431207
172271,1060.0,1035.748380119716,24.251619880283897
172299,990.0,1155.917181521419,-165.91718152141902
172311,310.0,633.5440589477084,-323.54405894770844
172315,1135.0,1087.803187683749,47.196812316251
172323,910.0,1017.5729275545045,-107.57292755450453
172342,1170.0,1225.1999377427026,-55.19993774270256
172360,1130.0,1129.5920085993325,0.40799140066746986
172368,1395.0,1192.1421647059674,202.8578352940326
172380,1125.0,1154.7315370450694,-29.731537045069445
172386,1205.0,1189.1377268438382,15.862273156161791
172405,1000.0,1153.8048101271806,-153.80481012718064
172411,585.0,557.040331912191,27.95966808780895
172412,455.0,677.518896059992,-222.51889605999202
172417,816.0,902.8670343857682,-86.86703438576819
172437,960.0,1206.4515307578583,-246.45153075785834
172539,1086.0,1185.3874392915293,-99.38743929152929
172568,640.0,665.2897739365555,-25.289773936555548
172650,835.0,730.6853621713859,104.31463782861408
172663,1115.0,986.9815825225577,128.0184174774423
172702,620.0,546.4878824122605,73.51211758773945
172718,975.0,999.1752709563458,-24.1752709563458
172839,1165.0,1129.3466379870526,35.653362012947355
172885,732.0,844.6007326100839,-112.60073261008392
172932,860.0,1136.522510954661,-276.5225109546609
172949,675.0,650.5067313163468,24.49326868365324
172971,1375.0,1155.0206634516078,219.9793365483922
172985,940.0,1201.8516088150284,-261.8516088150284
173018,1145.0,1127.7467684677615,17.253231532238487
173026,570.0,644.9877709203846,-74.9877709203846
173032,950.0,778.5585573944171,171.4414426055829
173097,630.0,688.6895045069792,-58.68950450697923
173133,965.0,1040.4057326700581,-75.40573267005811
173142,1015.0,719.1561646375247,295.84383536247526
173151,1230.0,1027.767875904386,202.23212409561393
173215,1170.0,1032.5158718535217,137.48412814647827
173221,992.0,912.9115870748609,79.0884129251391
173237,985.0,1115.556402217641,-130.5564022176411
173247,1210.0,1190.2195204244388,19.78047957556123
173311,1290.0,1206.0932608311182,83.90673916888181
173314,1020.0,1127.4210657820427,-107.42106578204266
173373,615.0,697.6400508648097,-82.64005086480972
173390,630.0,626.3589622686162,3.64103773138379
173410,1205.0,1203.090476632552,1.909523367447946
173422,1410.0,1289.6706689861576,120.32933101384242
173463,585.0,623.2726119659828,-38.27261196598283
173483,790.0,699.3501992051092,90.64980079489078
173487,550.0,676.863676329979,-126.86367632997894
173540,990.0,1058.1066567805588,-68.10665678055875
173557,970.0,986.0174128935579,-16.01741289355789
173559,450.0,706.1658652529957,-256.1658652529957
173609,1055.0,1057.0210581574443,-2.0210581574442585
173613,678.0,673.3421320463973,4.657867953602704
173615,1095.0,1144.9747828272707,-49.9747828272707
173660,1121.0,1295.9048814483886,-174.90488144838855
173674,904.0,1005.242977743457,-101.242977743457
173802,1003.0,1061.4577410921559,-58.45774109215586
173849,1151.0,1031.4341702876636,119.56582971233638
173853,850.0,1042.0711591183122,-192.07115911831215
173871,1100.0,1237.6572473108258,-137.65724731082582
173872,650.0,694.3598089134227,-44.35980891342274
173891,1301.0,1232.0654459501138,68.93455404988617
173977,730.0,802.3491859285731,-72.34918592857309
173994,975.0,1071.9342949401646,-96.93429494016459
174069,1175.0,983.5986929557553,191.40130704424473
174101,742.0,624.5256118354096,117.47438816459044
174146,1145.0,1148.6321658386632,-3.6321658386632407
174162,1031.0,1196.3830482275519,-165.38304822755185
174182,1105.0,1138.5142034277687,-33.514203427768734
174183,1080.0,1136.6945187858885,-56.69451878588848
174206,590.0,658.7329562409682,-68.73295624096818
174239,1487.0,1269.1604902101262,217.83950978987377
174360,950.0,984.4861220717341,-34.486122071734144
174384,1290.0,1175.921042349365,114.07895765063495
174415,1212.0,971.6636859733392,240.33631402666083
174430,1080.0,1205.5311791023369,-125.53117910233686
174439,950.0,880.1978512363027,69.80214876369735
174452,1210.0,969.4963606012413,240.50363939875865
174460,1091.0,1070.9007636603906,20.099236339609433
174474,815.0,694.2127197094389,120.78728029056106
174521,733.0,653.9944254418716,79.00557455812839
174527,1372.0,1071.700258668886,300.2997413311141
174546,980.0,923.0763891699108,56.92361083008916
174575,980.0,935.6939115572801,44.3060884427199
174586,1136.0,899.4849281275418,236.51507187245818
174629,1085.0,1200.9071710571293,-115.90717105712929
174630,636.0,719.1825965745431,-83.18259657454314
174643,1252.0,1016.445610339326,235.55438966067402
174670,1257.0,1115.097200416249,141.90279958375095
174699,900.0,1079.19718932663,-179.19718932663
174707,1021.0,1190.8726650954397,-169.87266509543974
174816,1036.0,1116.3712341332157,-80.3712341332157
174890,716.0,926.8030625726294,-210.80306257262941
174925,1140.0,960.2580671843289,179.74193281567113
174984,980.0,942.4739232014335,37.526076798566464
175010,885.0,994.773946907797,-109.77394690779704
175037,1070.0,1132.747966847402,-62.74796684740204
175038,886.0,711.1903053266585,174.80969467334148
175062,1250.0,1130.5832803962587,119.41671960374129
175093,1240.0,1117.8357469592838,122.16425304071618
175099,870.0,1016.3769521140352,-146.37695211403525
175100,1480.0,1252.4665957846632,227.53340421533676
175186,630.0,691.4641266181374,-61.46412661813736
175217,680.0,645.6182590618173,34.3817409381827
175323,1310.0,1187.3942886424777,122.6057113575223
175417,1070.0,1043.0482849549244,26.951715045075616
175439,930.0,691.5085900567437,238.49140994325626
175533,1405.0,1284.1269872881487,120.87301271185129
175541,1310.0,1168.544830967824,141.45516903217595
175750,1171.0,1157.4125424642045,13.587457535795465
175779,1625.0,1221.933073095614,403.06692690438604
175785,1095.0,1006.2630618079784,88.73693819202163
175877,490.0,653.3506413751127,-163.35064137511267
175892,935.0,1065.679554784399,-130.679554784399
175902,800.0,705.5449988218407,94.45500117815925
175920,710.0,737.9661875189034,-27.96618751890344
175930,965.0,696.591279007137,268.408720992863
175975,952.0,1184.6766017868777,-232.67660178687765
175976,655.0,709.5542052877706,-54.55420528777063
176037,776.0,703.0294792380884,72.97052076191164
176123,1255.0,1230.1688884403795,24.831111559620467
176130,920.0,1086.396186325212,-166.39618632521206
176169,507.0,551.2684508386045,-44.26845083860451
176210,1010.0,1260.7005130972111,-250.70051309721111
176211,546.0,727.6317693793774,-181.63176937937737
176223,1070.0,1222.7635044159015,-152.76350441590148
176272,1160.0,938.696068007396,221.30393199260402
176288,970.0,1003.421972626887,-33.421972626887055
176358,950.0,1058.5955644676415,-108.59556446764145
176361,935.0,757.321444402713,177.67855559728696
176373,1198.0,1114.4218748038343,83.57812519616573
176417,1090.0,1185.907452757046,-95.90745275704603
176437,1210.0,1263.2951738543231,-53.29517385432314
176475,996.0,1269.6188573765844,-273.6188573765844
176477,1005.0,1018.1517477094915,-13.151747709491474
176489,800.0,915.3847466964094,-115.38474669640937
176556,940.0,1111.6205378488623,-171.62053784886234
176648,981.0,1038.8992644408586,-57.89926444085859
176707,745.0,684.0390451374511,60.960954862548874
176742,1255.0,1044.0385050202594,210.96149497974056
176851,583.0,715.2228268818806,-132.22282688188056
176870,1378.0,1236.5706959120484,141.42930408795155
176880,661.0,700.0090441937036,-39.00904419370363
176892,1080.0,1273.42046643647,-193.42046643646995
176930,999.0,1123.8606314853384,-124.86063148533844
176960,926.0,906.205655320385,19.79434467961505
177085,954.0,1275.9190191878233,-321.9190191878233
177118,795.0,985.00466294093,-190.00466294092996
177123,1220.0,1186.4564917891798,33.543508210820164
177200,1024.0,1185.2240826760133,-161.22408267601327
177201,825.0,750.3135330018715,74.68646699812848
177204,407.0,637.7163979948798,-230.7163979948798
177257,975.0,1176.2321893870826,-201.2321893870826
177302,1000.0,1101.0489112279956,-101.04891122799563
177322,950.0,1126.8508444463666,-176.85084444636664
177325,1060.0,1268.6329102418397,-208.63291024183968
177378,1090.0,1185.1931935591192,-95.19319355911921
177413,705.0,658.8422092534962,46.15779074650379
177441,1290.0,1053.2534981922329,236.74650180776712
177478,770.0,999.5693371475503,-229.5693371475503
177521,1135.0,1074.548597111882,60.45140288811808
177604,895.0,926.4397939319331,-31.43979393193308
177630,935.0,829.6328902035036,105.36710979649638
177635,1091.0,1060.9585832452044,30.04141675479559
177762,1150.0,1276.0760822043144,-126.07608220431439
177786,1160.0,1119.166979249382,40.83302075061806
177821,1040.0,1179.9408064400345,-139.94080644003452
177828,908.0,701.498302291958,206.501697708042
177839,1205.0,1087.824111005715,117.17588899428506
177858,420.0,694.4337977748066,-274.43379777480664
177872,645.0,692.7445336641226,-47.74453366412263
177915,1505.0,1247.9355223047685,257.0644776952315
177942,1320.0,1158.3517521878257,161.6482478121743
177944,1255.0,1221.2632981790057,33.73670182099431
177960,612.0,649.5995651827229,-37.59956518272293
178078,935.0,716.1091241611057,218.89087583889432
178113,930.0,855.9322674543171,74.06773254568293
178114,555.0,672.0510912246305,-117.05109122463045
178135,760.0,650.3337028580682,109.66629714193175
178153,770.0,713.6532204733387,56.346779526661294
178175,871.0,1187.5774740862394,-316.57747408623936
178198,1325.0,1269.312191414001,55.68780858599894
178295,845.0,1138.1127599640804,-293.1127599640804
178314,936.0,1111.8866784636875,-175.88667846368753
178321,760.0,697.6031840705713,62.396815929428726
178337,965.0,1009.6179040080417,-44.617904008041705
178344,955.0,894.1311406466046,60.86885935339535
178357,642.0,583.7726693556908,58.22733064430918
178422,576.0,742.7666802843501,-166.76668028435006
178497,641.0,645.5350260750074,-4.5350260750074085
178502,1150.0,1130.922494179094,19.077505820906026
178511,1065.0,1117.2313481411202,-52.23134814112018
178515,1105.0,1004.7048935730422,100.29510642695777
178521,1425.0,1222.65251097416,202.3474890258401
178529,930.0,979.6754385362365,-49.67543853623647
178571,825.0,749.7125364814709,75.28746351852908
178583,1305.0,1008.2814584550293,296.71854154497066
178589,655.0,665.7231305460335,-10.72313054603353
178648,830.0,1052.5011683047167,-222.50116830471666
178660,1105.0,1053.6168910417225,51.38310895827749
178694,860.0,1076.6716294793632,-216.67162947936322
178749,1050.0,1135.4183875292797,-85.4183875292797
178787,1150.0,938.7731641548094,211.22683584519064
178824,830.0,683.3356306506314,146.6643693493686
178825,1330.0,1280.1824460826379,49.81755391736215
178874,849.0,735.3956324788842,113.60436752111582
178933,1058.0,1099.3698990501177,-41.36989905011774
178971,1305.0,1199.2846887659791,105.71531123402087
178979,1539.0,1292.5396242138295,246.46037578617052
179019,1450.0,1226.4706334650377,223.52936653496226
179043,1230.0,1227.1682702291444,2.8317297708556453
179097,605.0,582.1703646550319,22.829635344968096
179107,635.0,683.3356306506314,-48.3356306506314
179160,770.0,1130.2276935310947,-360.2276935310947
179192,775.0,735.8042174510929,39.19578254890712
179216,1125.0,1219.9139466328988,-94.91394663289884
179258,1565.0,1188.7705724850266,376.2294275149734
179270,1035.0,1213.0699766762807,-178.0699766762807
179275,870.0,958.551347223623,-88.551347223623
179276,1020.0,1026.1693262236622,-6.16932622366221
179304,1175.0,1236.1218963986023,-61.1218963986023
179311,680.0,935.2549523890974,-255.2549523890974
179376,955.0,1204.8433462796102,-249.84334627961016
179435,1125.0,1254.0798103612321,-129.07981036123215
179467,510.0,624.9112813592175,-114.91128135921747
179493,680.0,743.2428717305594,-63.242871730559386
179560,749.0,927.4228919853853,-178.42289198538526
179607,555.0,687.9828458269293,-132.9828458269293
179621,667.0,719.4772215779881,-52.477221577988075
179633,690.0,841.8345221272867,-151.83452212728673
179656,1170.0,1221.691000959635,-51.69100095963495
179675,535.0,601.6486930676257,-66.64869306762569
179701,1155.0,1240.4717535385296,-85.47175353852958
179714,1075.0,1044.1060690167471,30.893930983252858
179753,1085.0,1143.573764892003,-58.573764892003055
179778,1020.0,1115.6427335154165,-95.64273351541647
179812,450.0,675.0706722429132,-225.07067224291325
179819,760.0,1170.8430926467872,-410.8430926467872
179824,992.0,1120.0067853385997,-128.00678533859968
179888,670.0,1207.3524065269123,-537.3524065269123
179921,743.0,570.2956581222514,172.70434187774856
179939,835.0,729.9748137503514,105.02518624964864
179945,1360.0,1086.4902018836426,273.5097981163574
179963,905.0,812.1787654961435,92.82123450385654
179973,355.0,593.8650134615209,-238.8650134615209
179994,815.0,655.0240151015936,159.9759848984064
180040,675.0,694.4813774544347,-19.481377454434664
180071,880.0,758.1022748122539,121.89772518774612
180121,860.0,1197.4237295172188,-337.4237295172188
180137,785.0,918.241061752832,-133.24106175283202
180180,1055.0,1106.7529490834252,-51.752949083425165
180202,1260.0,1023.1665576362802,236.83344236371977
180218,480.0,620.0370969241552,-140.0370969241552
180233,620.0,600.8793473144191,19.12065268558092
180270,1385.0,1300.3622149866983,84.63778501330171
180303,750.0,654.076231930097,95.92376806990296
180340,1058.0,1096.3507164099249,-38.35071640992487
180360,1045.0,1178.1810642543178,-133.1810642543178
180418,695.0,649.8236903622485,45.1763096377515
180429,980.0,738.956848834548,241.04315116545195
180467,1060.0,1178.8970944920638,-118.89709449206384
180470,1102.0,1157.1499655494495,-55.14996554944946
180516,1265.0,1160.5949360891202,104.40506391087979
180594,1190.0,1008.7902144400865,181.20978555991348
180597,1135.0,1061.4717173676515,73.52828263234846
180614,755.0,910.6555811261188,-155.65558112611882
180617,1185.0,1295.0843157830438,-110.08431578304385
180626,600.0,651.1775940308413,-51.177594030841306
180627,1215.0,1116.8942005321796,98.10579946782036
180635,758.0,767.131198461009,-9.131198461009035
180637,1045.0,1153.9589740646752,-108.9589740646752
180672,1385.0,1172.8808805232188,212.11911947678118
180686,970.0,1169.631914145884,-199.6319141458839
180711,770.0,747.6705489022684,22.329451097731635
180720,700.0,691.2772251408609,8.722774859139122
180757,877.0,676.8400597692905,200.15994023070948
180851,935.0,1021.0438434868702,-86.04384348687017
180860,1135.0,1162.576473548549,-27.576473548549075
180916,800.0,1030.9742692803732,-230.97426928037316
180923,760.0,680.7194553557108,79.2805446442892
180980,1170.0,1040.117303453856,129.88269654614396
180990,1220.0,1265.5109734590164,-45.51097345901644
181010,1255.0,1133.9346839265795,121.06531607342049
181016,850.0,960.360609253594,-110.36060925359402
181022,1305.0,1118.2839231225425,186.71607687745745
181076,1095.0,1153.364967166832,-58.364967166832
181078,600.0,694.8347600333344,-94.83476003333442
181097,730.0,657.7175727916974,72.28242720830258
181130,735.0,796.5909724627564,-61.59097246275644
181146,1095.0,1055.4806958109516,39.5193041890484
181179,1035.0,1101.2473844663273,-66.24738446632728
181212,1365.0,1251.8427352727188,113.15726472728124
181221,990.0,954.0783633571414,35.92163664285863
181249,1030.0,1054.9638132256605,-24.963813225660488
181282,1170.0,1300.4616830295415,-130.46168302954152
181299,430.0,697.1491954128625,-267.14919541286247
181319,1055.0,1211.9674633142315,-156.9674633142315
181324,700.0,714.9232093571134,-14.923209357113365
181327,790.0,915.9036762361098,-125.90367623610985
181339,665.0,619.5029149645954,45.49708503540455
181402,860.0,961.9332325032763,-101.93323250327626
181403,693.0,625.5546427998411,67.44535720015892
181419,1180.0,1156.3689566505107,23.631043349489346
181450,517.0,680.828231777595,-163.82823177759497
181474,1055.0,960.8022545841937,94.19774541580625
181557,1090.0,998.3025762884077,91.69742371159225
181579,985.0,1032.290119075128,-47.290119075127905
181621,745.0,737.3856115993218,7.614388400678195
181652,1400.0,1270.7147349089623,129.28526509103767
181667,970.0,1187.6325220242315,-217.63252202423155
181675,1250.0,1155.0149311780162,94.98506882198376
181677,420.0,667.5072127676824,-247.5072127676824
181705,615.0,753.9165615373728,-138.9165615373728
181718,780.0,705.6408717946634,74.35912820533656
181750,615.0,696.9103838328036,-81.91038383280363
181767,560.0,1001.5661893926679,-441.56618939266787
181785,990.0,1148.0167312088943,-158.01673120889427
181791,1350.0,1290.2343708789429,59.765629121057145
181838,1220.0,1101.6515123462768,118.34848765372317
181910,711.0,715.2237618768648,-4.223761876864842
181942,1050.0,1020.4230934701696,29.576906529830353
181948,805.0,858.6416894006496,-53.641689400649625
181969,677.0,718.9743446494379,-41.97434464943785
181974,551.0,675.5987539557566,-124.59875395575659
181986,1130.0,1233.87946164796,-103.87946164795994
182073,860.0,1017.1802246010421,-157.18022460104214
182167,624.0,646.3096299847492,-22.309629984749222
182232,1205.0,1211.0054583117812,-6.00545831178124
182239,1350.0,1265.5486892077265,84.45131079227349
182264,1172.0,980.7980351197942,191.20196488020576
182336,1014.0,1059.4094977808386,-45.40949778083859
182360,1113.0,1177.2338949957839,-64.23389499578388
182407,1212.0,924.1394984483939,287.86050155160615
182420,762.0,618.2054153060288,143.79458469397116
182432,1240.0,1153.747122337959,86.2528776620411
182435,1120.0,1212.0065013135656,-92.00650131356565
182439,915.0,1125.4823594205668,-210.4823594205668
182457,585.0,637.2569253017995,-52.25692530179947
182485,860.0,868.6760829939712,-8.67608299397125
182538,990.0,1018.064667765864,-28.064667765863987
182540,1025.0,911.9748116379675,113.02518836203251
182557,1003.0,1281.4418925324717,-278.4418925324717
182603,1120.0,1132.2355971705178,-12.235597170517849
182609,1265.0,1198.078838035043,66.92116196495704
182622,465.0,624.1278111477509,-159.1278111477509
182631,1200.0,1027.943086001883,172.0569139981169
182676,790.0,719.3917339575777,70.60826604242231
182678,715.0,668.8934067995733,46.10659320042669
182706,1005.0,1200.5041807853788,-195.50418078537882
182714,1255.0,1074.362870322072,180.637129677928
182721,1091.0,1159.2230202822589,-68.22302028225886
182746,675.0,712.5059008266346,-37.505900826634615
182771,845.0,693.4682046317686,151.53179536823143
182782,1145.0,1229.040467528556,-84.04046752855606
182816,1270.0,1296.946343759703,-26.94634375970304
182849,1125.0,1046.9313158776622,78.0686841223378
182877,920.0,886.2466339121814,33.75336608781856
182884,1025.0,1077.3539793685518,-52.35397936855179
182909,530.0,640.7712776814523,-110.77127768145226
182958,1320.0,1173.2105915554846,146.7894084445154
183000,487.0,622.455073302397,-135.45507330239695
183017,730.0,696.3773140394875,33.62268596051251
183049,1015.0,1117.298890121011,-102.29889012101103
183117,580.0,633.1002178491303,-53.10021784913033
183168,935.0,1198.5432098150368,-263.5432098150368
183302,20.0,1055.8282942729124,-1035.8282942729124
183331,1260.0,1275.5420353400132,-15.542035340013172
183358,1010.0,1017.9125928466166,-7.912592846616576
183362,715.0,715.7119795933867,-0.7119795933866726
183408,1130.0,1082.974662002975,47.02533799702496
183420,760.0,684.8869424417186,75.11305755828141
183424,1100.0,1254.2011147130909,-154.20111471309087
183505,735.0,648.3557422118919,86.64425778810812
183565,1405.0,1321.4657956845526,83.53420431544737
183635,840.0,1022.2657812598246,-182.26578125982462
183638,705.0,686.5816490263321,18.418350973667884
183651,1280.0,1279.9488907582397,0.05110924176028675
183657,1120.0,1024.383859057966,95.61614094203401
183660,420.0,647.66983314954,-227.66983314953995
183675,932.0,739.6910624081495,192.3089375918505
183677,800.0,1039.4302246417062,-239.43022464170622
183686,635.0,658.3665542178774,-23.366554217877365
183687,770.0,662.441135670418,107.55886432958198
183712,640.0,683.0724882489762,-43.07248824897624
183715,1195.0,1277.9691239642189,-82.96912396421885
183717,1310.0,1266.4590646203587,43.54093537964127
183729,455.0,694.8894701440408,-239.88947014404084
183741,962.0,1004.968819752105,-42.96881975210499
183809,770.0,745.0069410565843,24.99305894341569
183817,1275.0,1303.5622355188405,-28.562235518840453
183847,1070.0,1218.5658812949566,-148.56588129495663
183863,626.0,681.8864045107465,-55.8864045107465
183886,620.0,697.3688307392814,-77.3688307392814
183888,735.0,684.4168643762714,50.583135623728595
183890,1070.0,1123.7005008286928,-53.70050082869284
183916,1140.0,1080.041587620123,59.95841237987702
183930,1350.0,1148.0543440235908,201.94565597640917
183931,996.0,895.258921772386,100.74107822761403
183961,730.0,691.0805288070457,38.91947119295435
184011,590.0,623.8629786491788,-33.862978649178785
184023,1070.0,1238.4403762958261,-168.44037629582613
184052,600.0,584.104788520051,15.895211479949012
184062,790.0,1052.8427073569414,-262.84270735694145
184080,855.0,735.9560341523788,119.04396584762117
184087,782.0,731.7131652031521,50.28683479684787
184115,545.0,595.783940176122,-50.78394017612197
184142,700.0,704.7888670724144,-4.788867072414405
184218,1320.0,1278.0260333826689,41.97396661733114
184241,855.0,693.9404241595814,161.05957584041857
184284,1058.0,1071.7629258664267,-13.762925866426713
184288,1540.0,1154.5959693112538,385.40403068874616
184333,925.0,1213.5581416804116,-288.5581416804116
184506,1375.0,1264.2719996168007,110.72800038319929
184523,1120.0,1093.3686167152193,26.631383284780668
184538,660.0,603.9469493162527,56.0530506837473
184639,613.0,666.6861318411434,-53.68613184114338
184694,1150.0,1118.1101861782772,31.889813821722782
184716,1365.0,1120.7787491533577,244.2212508466423
184719,990.0,1117.9387319784043,-127.93873197840435
184784,1115.0,1283.5329573664371,-168.53295736643713
184820,1120.0,1191.00244142324,-71.00244142324004
184849,1435.0,1258.8521314563595,176.14786854364047
184867,1285.0,1177.1237482189456,107.8762517810544
184888,1410.0,1252.6367479033618,157.36325209663823
184908,974.0,1070.5804100728749,-96.58041007287488
184931,975.0,963.7680614822332,11.231938517766821
184948,725.0,694.6444275700504,30.355572429949575
185019,880.0,962.8608389967069,-82.86083899670689
185071,1220.0,1150.5037039822118,69.49629601778815
185092,1400.0,1238.1876201820116,161.81237981798836
185172,1320.0,1278.6123751988014,41.387624801198626
185216,1115.0,1205.5523333980789,-90.55233339807887
185240,1182.0,1136.4886770751496,45.51132292485045
185300,1035.0,1203.7002329710244,-168.70023297102443
185314,750.0,653.7739236362086,96.22607636379144
185391,635.0,669.7263122761012,-34.726312276101226
185452,538.0,658.6417213703097,-120.64172137030971
185472,980.0,1181.8591291840041,-201.85912918400413
185563,1285.0,1167.0661749825877,117.93382501741235
185576,1180.0,1158.1673961318534,21.832603868146634
185582,1600.0,1120.499685874295,479.500314125705
185585,1020.0,929.6005489384696,90.39945106153039
185588,1141.0,1013.594017060326,127.405982939674
185591,910.0,1003.0814081785569,-93.0814081785569
185643,1355.0,1155.917181521419,199.08281847858098
185701,905.0,981.4695119060666,-76.4695119060666
185736,935.0,955.0056261593793,-20.00562615937929
185794,1240.0,1123.0651251406016,116.9348748593984
185831,1010.0,1153.3014918861081,-143.30149188610812
185845,1265.0,1138.4530423654996,126.54695763450036
185850,840.0,1249.0134747109637,-409.0134747109637
185862,1405.0,1176.0185279335828,228.98147206641715
185959,990.0,1012.5244628023783,-22.524462802378252
185979,596.0,682.988942028191,-86.98894202819099
186007,850.0,1016.4328775592221,-166.4328775592221
186034,753.0,1129.3051745970974,-376.30517459709745
186063,455.0,717.1600408576248,-262.16004085762484
186089,675.0,824.3936938742548,-149.39369387425484
186098,930.0,1218.0899067274424,-288.08990672744244
186172,560.0,706.7344372715488,-146.7344372715488
186247,1185.0,1109.090881885009,75.90911811499109
186340,715.0,658.2613965790636,56.73860342093644
186392,900.0,889.6990510900011,10.300948909998851
186412,970.0,1098.8014465808606,-128.80144658086056
186417,1181.0,1090.1800469205284,90.81995307947159
186449,1005.0,1202.0657703366978,-197.06577033669782
186487,810.0,702.3762006273809,107.62379937261915
186537,740.0,626.1355161786003,113.86448382139974
186545,680.0,744.6881142364874,-64.68811423648742
186557,1230.0,1250.4625455014302,-20.462545501430213
186562,1410.0,1141.3733356975272,268.6266643024728
186572,735.0,735.5270178579117,-0.5270178579116873
186589,980.0,1020.702355242968,-40.702355242968
186591,740.0,661.4711865272812,78.52881347271875
186642,404.0,692.0418091469917,-288.0418091469917
186682,1200.0,1166.4907921501583,33.50920784984169
186705,1065.0,1116.864635713741,-51.86463571374111
186724,1350.0,1191.00244142324,158.99755857675996
186730,1415.0,1201.676847048845,213.32315295115495
186737,1195.0,1265.1521099242545,-70.15210992425455
186743,1250.0,1203.23686256204,46.76313743796004
186784,1580.0,1118.063730664303,461.93626933569703
186803,1000.0,1148.9081307264603,-148.90813072646029
186809,1425.0,1078.5779773128397,346.4220226871603
186880,985.0,769.9942954795031,215.00570452049692
186907,1240.0,1061.9894223354481,178.01057766455187
186936,580.0,717.3738657013545,-137.37386570135448
187019,1245.0,1238.0725903568243,6.927409643175679
187039,1145.0,1276.6254027946418,-131.6254027946418
187044,1295.0,1240.4132613903757,54.58673860962426
187050,808.0,634.9438177124492,173.05618228755077
187075,1280.0,1167.6284659708322,112.37153402916783
187139,1205.0,1120.61803690216,84.38196309784007
187144,1070.0,1089.777778037416,-19.777778037416056
187166,595.0,688.7662250631779,-93.7662250631779
187168,1220.0,1220.4283709481667,-0.42837094816673016
187268,563.0,647.4431407624443,-84.44314076244427
187362,699.0,685.6055246936619,13.394475306338109
187372,1025.0,970.3065573664993,54.693442633500695
187381,1380.0,1240.9241690968736,139.07583090312642
187385,695.0,695.604844269485,-0.6048442694850564
187391,1055.0,1024.0163469380782,30.983653061921814
187466,1400.0,1288.6443889753589,111.35561102464112
187519,1000.0,1121.6434292395272,-121.64342923952722
187568,440.0,1210.033354747792,-770.0333547477919
187584,1260.0,1227.883348997476,32.116651002523895
187585,720.0,714.0086169333431,5.991383066656908
187589,700.0,620.0816036215296,79.91839637847045
187670,669.0,628.6050738400747,40.39492615992526
187685,670.0,769.2671086926779,-99.26710869267788
187733,580.0,657.4106647143374,-77.41066471433737
187754,1455.0,1291.914885899303,163.08511410069696
187841,712.0,676.205722729407,35.79427727059306
187852,550.0,635.1258780890838,-85.12587808908381
187874,1380.0,1279.65141745305,100.34858254694996
187884,1280.0,1277.445429156519,2.5545708434810876
187886,690.0,1150.2159004123487,-460.2159004123487
187889,520.0,599.0130466963076,-79.01304669630758
187909,1335.0,1187.7525773115742,147.2474226884258
187925,835.0,1005.577994016839,-170.57799401683906
187958,1070.0,1095.082401054274,-25.082401054273987
187985,355.0,688.9351069728492,-333.9351069728492
187998,817.0,684.0692346579837,132.93076534201634
188020,1040.0,1105.7098005189002,-65.70980051890024
188036,1035.0,949.4234608876316,85.57653911236844
188092,1180.0,1082.5388398097994,97.46116019020064
188171,1325.0,1124.8005793045018,200.19942069549825
188176,573.0,644.0113758370817,-71.01137583708169
188195,1365.0,1241.172140148207,123.82785985179294
188207,510.0,589.1727779272112,-79.1727779272112
188227,983.0,976.1153599363986,6.88464006360141
188253,570.0,706.0681730527234,-136.0681730527234
188316,955.0,1137.8412981947629,-182.84129819476289
188329,1246.0,1200.6627332425994,45.337266757400585
188331,794.0,729.2532466811986,64.74675331880144
188367,585.0,694.1744983252796,-109.17449832527961
188387,570.0,694.9219853488019,-124.92198534880185
188419,1180.0,1090.2034565699232,89.79654343007678
188420,675.0,898.9443095373624,-223.94430953736241
188483,1050.0,1297.5146861332826,-247.51468613328257
188494,695.0,616.6318737225956,78.36812627740437
188697,880.0,1184.9188532541311,-304.91885325413114
188726,655.0,691.6670927895025,-36.667092789502476
188752,1320.0,1220.8867458421748,99.11325415782517
188757,970.0,1071.0960564256923,-101.09605642569227
188759,1380.0,1235.761822758329,144.2381772416711
188781,1467.0,1210.2472778470444,256.7527221529556
188782,1300.0,1047.6588029896425,252.34119701035752
188825,1100.0,1134.138478197425,-34.138478197425
188839,640.0,636.751434038536,3.24856596146401
188859,680.0,643.7138314422143,36.286168557785686
188862,635.0,730.8677880919706,-95.86778809197062
188888,1010.0,1108.4307788747597,-98.43077887475965
188903,1070.0,1193.1883273463,-123.18832734629996
188915,450.0,694.318282664488,-244.31828266448804
188941,1186.0,976.9671486893599,209.03285131064013
188952,1170.0,1068.498697388296,101.50130261170398
188961,655.0,718.4635021126658,-63.463502112665765
189024,1115.0,1072.4386355806705,42.56136441932949
189060,500.0,610.3354359814189,-110.33543598141887
189073,613.0,694.9312928728482,-81.93129287284819
189089,1030.0,1071.7616264777014,-41.761626477701384
189153,1005.0,1082.6581320000616,-77.65813200006164
189191,605.0,612.5735344641922,-7.573534464192221
189347,900.0,1012.802898793167,-112.80289879316695
189447,505.0,671.3744383444147,-166.37443834441467
189458,1140.0,1210.0311675668638,-70.03116756686381
189511,1065.0,1137.8490543928863,-72.84905439288627
189525,950.0,1149.8783242557295,-199.87832425572947
189545,925.0,1078.5779773128397,-153.57797731283972
189559,960.0,1076.5353418821169,-116.53534188211688
189583,1045.0,1179.6226649015086,-134.62266490150864
189595,765.0,935.6951007156106,-170.69510071561058
189609,900.0,985.7116768452073,-85.71167684520731
189643,1125.0,1160.9268029553944,-35.92680295539435
189676,1280.0,1222.0149694551128,57.985030544887195
189690,1279.0,1157.7722738045466,121.22772619545344
189747,1025.0,1227.529599805735,-202.52959980573496
189772,1160.0,1197.947964579146,-37.947964579145946
189777,1025.0,1066.185699133266,-41.1856991332661
189832,915.0,938.2987174347946,-23.29871743479464
189895,900.0,1087.2461877547148,-187.2461877547148
189901,1169.0,1145.0694287844226,23.9305712155774
189913,1338.0,1262.1841426018366,75.81585739816342
189931,804.0,1117.605377957592,-313.60537795759205
189977,981.0,1163.1632068032752,-182.16320680327522
189985,1058.0,1151.7252396594492,-93.72523965944924
190049,1069.0,1100.9955743934252,-31.99557439342516
190098,1277.0,1038.184635708985,238.81536429101493
190157,1078.0,1105.686221313368,-27.686221313367923
190173,970.0,882.7048839403146,87.29511605968537
190190,533.0,677.2703184211043,-144.27031842110432
190198,1345.0,1092.5747011944204,252.4252988055796
190311,860.0,1019.0790055038351,-159.0790055038351
190320,840.0,667.2495665893674,172.75043341063258
190352,615.0,671.7264088104725,-56.72640881047255
190357,925.0,1074.225784838016,-149.2257848380159
190385,730.0,633.1301302146628,96.86986978533719
190404,1191.0,1188.9383713446045,2.0616286553954524
190448,575.0,707.8302375615573,-132.83023756155728
190460,1113.0,1098.6210759242013,14.37892407579875
190466,1477.0,1202.774142675562,274.22585732443804
190492,955.0,1270.1903808127674,-315.19038081276744
190499,593.0,623.5053624981697,-30.50536249816969
190532,1345.0,1223.3097805492835,121.69021945071654
190546,1170.0,1045.7963175700131,124.20368242998688
190553,868.0,969.2909092474954,-101.29090924749539
190556,1220.0,1032.1729906921894,187.8270093078106
190561,1334.0,1093.763874894609,240.236125105391
190653,1295.0,1229.0901086562765,65.90989134372353
190686,1060.0,973.4436322438033,86.55636775619666
190852,1058.0,1171.0284355150748,-113.02843551507476
190915,1055.0,1026.055905794304,28.944094205696047
190924,646.0,1044.787642900069,-398.78764290006893
190954,1473.0,1254.1441955995413,218.85580440045874
190967,1085.0,743.6303247185449,341.3696752814551
190998,1185.0,940.7035548545917,244.29644514540826
191052,980.0,1009.4842201590498,-29.484220159049755
191055,702.0,949.3766844983927,-247.3766844983927
191091,1630.0,1303.008735489062,326.991264510938
191095,810.0,711.8151623454473,98.18483765455267
191107,855.0,696.5861063163243,158.41389368367572
191168,970.0,1163.0594909670417,-193.0594909670417
191218,720.0,953.6760926807713,-233.67609268077126
191230,1170.0,1009.5796229178134,160.42037708218663
191243,1130.0,1050.8161633017562,79.1838366982438
191344,875.0,1204.362492691794,-329.36249269179393
191388,1180.0,1008.5442137236194,171.45578627638065
191423,750.0,728.7089157538977,21.291084246102287
191440,1231.0,1111.9808245520558,119.01917544794424
191465,885.0,1059.1325348082592,-174.13253480825915
191484,500.0,698.422913235435,-198.42291323543498
191527,975.0,1133.6071508319274,-158.60715083192736
191558,540.0,574.8378001565932,-34.837800156593175
191603,1120.0,1155.5071810670636,-35.507181067063584
191622,961.0,946.9264995131898,14.07350048681019
191654,690.0,636.9921832150525,53.00781678494752
191658,1050.0,1151.368353233113,-101.36835323311311
191663,1205.0,1023.5284138959521,181.4715861040479
191695,1535.0,1243.4107223264575,291.5892776735425
191736,940.0,964.9758127061241,-24.97581270612409
191851,767.0,621.656839977324,145.343160022676
191890,1380.0,1170.2374739244235,209.7625260755765
192001,1335.0,1109.278330010222,225.7216699897781
192168,1142.0,1066.3524175877878,75.64758241221216
192215,845.0,1136.5180928089396,-291.5180928089396
192220,1420.0,1160.9268029553944,259.07319704460565
192312,1510.0,1229.7816800567543,280.21831994324566
192343,1200.0,1137.5531216900627,62.44687830993735
192347,820.0,990.1471170775699,-170.14711707756987
192370,1080.0,1062.7645613735165,17.23543862648353
192397,810.0,1077.3333770412535,-267.33337704125347
192459,525.0,576.1640129270851,-51.16401292708508
192462,975.0,1034.0631828569644,-59.06318285696443
192469,860.0,1116.3357701734096,-256.3357701734096
192491,1210.0,1157.4441946553445,52.55580534465548
192611,517.0,647.1420195553135,-130.14201955531348
192689,1120.0,1156.0403449138007,-36.04034491380071
192757,725.0,713.3750567380313,11.624943261968724
192772,1015.0,1238.7997478331001,-223.79974783310013
192784,1425.0,1240.8609469075413,184.13905309245865
192831,790.0,881.572418307743,-91.57241830774296
192848,1430.0,1073.2326699382168,356.76733006178324
192879,615.0,714.7708069284423,-99.77080692844231
192951,1035.0,1161.6578017670777,-126.65780176707767
192954,550.0,720.6111750685831,-170.61117506858307
192959,1050.0,1204.7204247534787,-154.7204247534787
192974,560.0,685.857705225255,-125.85770522525502
192978,775.0,703.9866931139608,71.01330688603923
193023,860.0,885.384441560035,-25.384441560035043
193126,740.0,678.8984816044365,61.10151839556352
193178,510.0,687.4173536856572,-177.4173536856572
193180,728.0,1083.1216904207893,-355.12169042078926
193185,1005.0,1092.7751440041654,-87.77514400416544
193187,610.0,700.2496711640957,-90.24967116409573
193215,1140.0,1155.5446265442513,-15.544626544251287
193220,985.0,855.2780216256403,129.72197837435965
193228,1020.0,992.390875716697,27.609124283303004
193242,1240.0,1267.6666335168668,-27.666633516866796
193245,1050.0,1179.2525194019595,-129.2525194019595
193261,959.0,1040.6489673508702,-81.64896735087018
193307,981.0,1008.740162860376,-27.740162860376017
193362,1430.0,1210.2473494834603,219.7526505165397
193376,959.0,1072.053378704617,-113.05337870461699
193417,885.0,1039.724203775112,-154.72420377511207
193423,491.0,675.1864063082213,-184.1864063082213
193512,595.0,593.6508961722792,1.3491038277207963
193513,1130.0,1184.0748364894607,-54.07483648946072
193524,1050.0,1203.3608941663965,-153.36089416639652
193536,990.0,1071.3203899779544,-81.32038997795439
193727,1005.0,962.3765840493409,42.62341595065914
193778,435.0,630.5130723865997,-195.51307238659967
193819,1228.0,1105.9418478174316,122.05815218256839
193869,1255.0,1138.9259739928345,116.07402600716546
193874,745.0,615.4289602978785,129.57103970212154
193958,635.0,622.7992278633492,12.200772136650812
193973,650.0,1255.6964628416933,-605.6964628416933
194033,570.0,607.0942551831107,-37.094255183110704
194035,1160.0,1254.8116548980622,-94.81165489806222
194099,1325.0,1283.049774740793,41.950225259206945
194118,960.0,982.7853735157802,-22.78537351578018
194157,730.0,699.2310722294687,30.768927770531263
194184,680.0,704.7951024705299,-24.795102470529855
194223,864.0,1102.4891473251657,-238.48914732516573
194276,510.0,649.5265650544632,-139.52656505446316
194345,1047.0,1096.3507164099249,-49.35071640992487
194355,648.0,704.2228698330417,-56.22286983304173
194356,520.0,770.6157578991608,-250.61575789916083
194433,1140.0,1090.1219897718045,49.878010228195535
194480,525.0,745.2579989940298,-220.25799899402978
194536,1367.0,1240.6031780638298,126.39682193617023
194567,815.0,1011.4347627254226,-196.43476272542262
194613,1330.0,1129.9429836039687,200.05701639603126
194700,1240.0,1178.3264229435208,61.67357705647919
194748,617.0,724.0222987174941,-107.0222987174941
194763,1003.0,985.7835871719496,17.216412828050352
194801,541.0,610.07498966236,-69.07498966236005
194813,1120.0,1196.1360979219176,-76.13609792191755
194858,915.0,1067.4815159407776,-152.48151594077763
194896,1010.0,1162.6962331978593,-152.69623319785933
194960,1220.0,1077.0401209233773,142.95987907662266
194998,1265.0,1132.1620712153365,132.83792878466352
195003,1365.0,1163.0891039942426,201.91089600575742
195046,715.0,741.5106688663069,-26.5106688663069
195086,1183.0,1054.8767858701665,128.1232141298335
195106,585.0,578.895389620243,6.104610379756991
195108,1079.0,990.8259126175446,88.17408738245535
195132,1050.0,1207.3872641760747,-157.38726417607472
195134,1030.0,948.263750288423,81.73624971157699
195141,651.0,670.6799276502518,-19.679927650251784
195165,740.0,1176.53010957762,-436.5301095776199
195202,1150.0,1028.3805690324675,121.61943096753248
195235,1183.0,1114.2460624769492,68.75393752305081
195239,1025.0,1023.8837158915777,1.1162841084222919
195251,1185.0,1212.0915806819282,-27.091580681928235
195273,1435.0,1249.1216235632094,185.87837643679063
195368,1580.0,1291.0204936836792,288.9795063163208
195452,1145.0,1186.5181675078284,-41.518167507828366
195600,559.0,830.9104623010503,-271.9104623010503
195694,870.0,1100.2708924249139,-230.27089242491388
195756,1325.0,1293.975648973204,31.024351026796012
195776,610.0,854.6013842232786,-244.60138422327861
195781,1195.0,1040.0802204445865,154.91977955541347
195819,991.0,976.0891546994395,14.910845300560482
195862,1091.0,1104.7721682404035,-13.772168240403516
195871,650.0,698.7844977490579,-48.78449774905789
195873,1390.0,1273.6296255862444,116.3703744137556
195915,1242.0,1177.6865824535025,64.31341754649748
195984,1037.0,1085.4742627821759,-48.474262782175856
195999,620.0,685.7764450870106,-65.77644508701064
196010,740.0,652.8647239896819,87.13527601031808
196044,725.0,1130.091233162157,-405.0912331621571
196067,1020.0,1157.2128289881068,-137.21282898810682
196069,1030.0,1222.7734259030212,-192.77342590302123
196128,505.0,690.4785263758977,-185.47852637589767
196159,1215.0,1082.1841212006661,132.81587879933386
196167,1030.0,1169.0369310595308,-139.03693105953084
196198,1365.0,1186.604963908305,178.39503609169492
196218,375.0,582.1860477369437,-207.1860477369437
196401,716.0,968.6454136785704,-252.64541367857043
196442,1113.0,1033.5175365732482,79.48246342675179
196528,990.0,1091.6862459956642,-101.6862459956642
196559,253.0,586.1724291341429,-333.17242913414293
196584,1095.0,1084.500048016919,10.499951983081019
196603,670.0,690.2469785499277,-20.24697854992769
196690,1234.0,1192.4004006427751,41.59959935722486
196729,500.0,663.3969769968218,-163.39697699682176
196785,985.0,1066.390331066598,-81.39033106659804
196808,795.0,733.326201704337,61.673798295663005
196844,1352.0,1271.5779894122766,80.42201058772343
196859,830.0,701.414449646843,128.58555035315703
196975,1235.0,1124.3964571011434,110.60354289885663
196982,1360.0,1276.86061114469,83.13938885531002
197042,930.0,1025.4952726188349,-95.49527261883486
197073,1035.0,990.3307040985769,44.669295901423084
197139,1170.0,1125.9811144863365,44.01888551366346
197166,562.0,717.6323106336495,-155.63231063364947
197179,805.0,1045.830600119075,-240.83060011907492
197216,1455.0,1153.7125101438392,301.28748985616085
197257,1180.0,1101.289577193507,78.71042280649294
197287,1310.0,1194.6991760846677,115.30082391533233
197331,1505.0,1162.7574121403154,342.2425878596846
197335,890.0,1015.4522301716231,-125.45223017162311
197339,665.0,647.1420195553135,17.85798044468652
197408,640.0,700.5738375933371,-60.57383759333709
197448,1357.0,1112.4005159451046,244.59948405489536
197496,1010.0,1179.1706980057888,-169.17069800578884
197516,1120.0,992.2697471289354,127.73025287106464
197520,755.0,627.2095790231717,127.79042097682827
197531,870.0,983.7849315797857,-113.78493157978573
197532,1110.0,1183.7354054250393,-73.73540542503929
197537,1120.0,1256.7745367227951,-136.77453672279512
197549,865.0,950.1283943699957,-85.1283943699957
197574,777.0,760.5595215862181,16.440478413781875
197578,835.0,639.4875738224373,195.5124261775627
197594,1220.0,1195.2088828241222,24.791117175877844
197635,865.0,744.9163660460358,120.08363395396418
197641,1110.0,1073.6414802526851,36.35851974731486
197740,1240.0,1181.413047861035,58.58695213896499
197852,460.0,644.0877171331568,-184.08771713315684
197858,940.0,1014.9298056050677,-74.92980560506771
197906,670.0,690.5553291370037,-20.555329137003696
197933,1230.0,1122.0155238576865,107.9844761423135
197951,1275.0,1119.9041451152948,155.0958548847052
197960,1040.0,1164.2968021531537,-124.29680215315375
197979,1110.0,1245.983885363886,-135.98388536388597
198012,495.0,687.8649069367652,-192.86490693676524
198033,900.0,752.7227660296894,147.2772339703106
198230,1025.0,1060.0306156059041,-35.03061560590413
198292,795.0,976.352956670518,-181.35295667051798
198297,1222.0,1060.3712271645693,161.6287728354307
198342,975.0,1061.9894223354481,-86.98942233544813
198356,970.0,1085.014667359629,-115.0146673596289
198357,980.0,1117.779860366147,-137.77986036614698
198360,590.0,669.0542518001,-79.05425180010002
198415,1130.0,1184.4614805491783,-54.461480549178304
198489,1280.0,1312.8029412949888,-32.80294129498884
198491,980.0,883.7577307124626,96.2422692875374
198587,1280.0,1197.8969750789547,82.10302492104529
198612,1200.0,1313.1163808449044,-113.11638084490437
198621,770.0,734.4114920462031,35.58850795379692
198630,750.0,679.0652761653807,70.93472383461926
198646,750.0,728.0139386526313,21.986061347368718
198691,540.0,672.600734962494,-132.60073496249402
198693,750.0,694.3666205961031,55.633379403896924
198788,1050.0,1105.6152293955806,-55.61522939558063
198848,1195.0,1196.1139338875037,-1.1139338875036628
198913,860.0,1263.909135513562,-403.909135513562
198975,1415.0,1288.3822296337553,126.61777036624471
198994,634.0,725.4109026698761,-91.41090266987612
198995,605.0,707.7958844225018,-102.79588442250179
199031,1045.0,1055.4308563653003,-10.430856365300315
199050,1310.0,1210.6012166254084,99.39878337459163
199081,710.0,644.3640967459394,65.63590325406062
199087,690.0,1027.328219068602,-337.32821906860204
199096,1102.0,1099.2309443789256,2.769055621074358
199112,955.0,1037.0611826364925,-82.0611826364925
199135,1200.0,1275.9855591323487,-75.98555913234873
199297,387.0,745.6658410495015,-358.6658410495015
199345,1010.0,962.1710233895506,47.828976610449445
199375,1010.0,1089.1343372773129,-79.13433727731285
199383,979.0,1174.4263704084503,-195.42637040845034
199443,981.0,1113.7392329513377,-132.73923295133773
199489,1260.0,1275.3466641199307,-15.346664119930665
199516,893.0,1213.41271723513,-320.41271723513
199633,600.0,688.2737778731783,-88.27377787317835
199668,900.0,1043.9467744787735,-143.94677447877348
199716,745.0,717.4400664259521,27.559933574047932
199736,900.0,1222.5142586246898,-322.5142586246898
199755,625.0,716.9734765232308,-91.97347652323083
199826,815.0,1049.1299099665928,-234.12990996659278
199852,480.0,708.7849690023966,-228.78496900239656
199871,970.0,1146.605305155261,-176.60530515526102
199899,720.0,708.0935329411845,11.906467058815451
199901,600.0,656.7847003313364,-56.78470033133635
199907,1345.0,1091.1925820286315,253.80741797136852
199919,1046.0,1173.9810927566666,-127.98109275666661
200006,590.0,711.1827071238617,-121.18270712386175
200029,980.0,1008.3515283737602,-28.351528373760175
200047,849.0,1022.2744513912625,-173.27445139126246
200169,1065.0,1104.1272489785044,-39.12724897850444
200191,1080.0,1220.6452026899394,-140.64520268993942
200192,689.0,738.3557542029749,-49.355754202974936
200247,465.0,531.132898361931,-66.13289836193098
200314,825.0,988.4511817357461,-163.4511817357461
200318,990.0,1078.6636878843397,-88.66368788433965
200332,1115.0,1081.1845533748628,33.815446625137156
200366,1250.0,1262.9210775160398,-12.921077516039759
200369,595.0,626.941129168604,-31.941129168603993
200373,1201.0,1165.9202908291777,35.0797091708223
200468,735.0,858.2750314513002,-123.27503145130015
200480,1105.0,979.8938696221177,125.10613037788232
200555,1480.0,1231.4192943285436,248.58070567145637
200559,1345.0,1179.7422089633046,165.25779103669538
200569,952.0,1010.7117764602503,-58.71177646025035
200579,955.0,1055.4308563653003,-100.43085636530031
200656,1145.0,1113.603799666879,31.396200333120987
200671,1170.0,1161.0796899429852,8.92031005701483
200679,690.0,695.4466906670091,-5.446690667009079
200728,910.0,984.803190509621,-74.803190509621
200736,1000.0,1112.431934555746,-112.43193455574601
200776,1125.0,1081.4640303093342,43.53596969066575
200840,695.0,674.6859965416185,20.314003458381535
200895,1570.0,1311.8038041327943,258.1961958672057
200971,1060.0,1087.4768538474639,-27.47685384746387
201000,1130.0,1080.4510513551234,49.548948644876646
201040,1305.0,1136.3866096280171,168.61339037198286
201117,1075.0,1082.974662002975,-7.9746620029750375
201150,1295.0,1246.9127158999052,48.08728410009485
201185,625.0,753.4809883280269,-128.4809883280269
201284,635.0,903.7579044551283,-268.75790445512825
201307,1430.0,1304.630884974062,125.36911502593807
201317,944.0,1062.1011020116314,-118.10110201163138
201391,720.0,727.6461640733656,-7.6461640733656395
201455,1113.0,1097.2690413201965,15.730958679803507
201460,1440.0,1284.9878175324511,155.01218246754888
201466,964.0,1075.9544015570332,-111.95440155703318
201482,545.0,687.9460297554162,-142.94602975541625
201487,850.0,889.3441239245145,-39.34412392451452
201530,580.0,648.5286899187674,-68.52868991876744
201590,1330.0,1098.4685958517568,231.53140414824315
201686,1110.0,1254.8706117186227,-144.87061171862274
201743,675.0,651.7914267847382,23.208573215261822
201772,430.0,566.3895459394714,-136.38954593947142
201774,715.0,694.7045850981729,20.295414901827144
201826,1201.0,1081.3972104342179,119.60278956578213
201832,1200.0,1072.49463665052,127.50536334947992
201874,910.0,1060.1182790311107,-150.11827903111066
201911,705.0,737.5924382360796,-32.5924382360796
202070,1440.0,1073.9713527111585,366.0286472888415
202076,740.0,728.7480503372102,11.251949662789798
202117,910.0,913.7391275572868,-3.7391275572867926
202122,810.0,739.5532651234295,70.44673487657053
202130,795.0,868.7903857405091,-73.79038574050912
202259,1150.0,1198.8774266963362,-48.877426696336215
202318,520.0,598.6872233783243,-78.68722337832435
202334,475.0,705.7135840979072,-230.7135840979072
202376,1400.0,1191.4979950945556,208.50200490544444
202405,1085.0,1134.7007993488169,-49.70079934881687
202502,595.0,712.0004978952923,-117.00049789529226
202615,1245.0,1203.9748249399736,41.02517506002641
202645,905.0,907.3502383262837,-2.3502383262837157
202722,770.0,732.8296966128743,37.17030338712573
202820,1240.0,1194.7840775245065,45.21592247549347
202830,1300.0,1342.0122990195603,-42.01229901956026
202839,1345.0,1276.2681960958616,68.73180390413836
202840,830.0,1074.3907524686394,-244.39075246863945
202934,1160.0,1102.5157348313137,57.484265168686306
202958,1600.0,1279.0949910219153,320.90500897808465
202974,630.0,660.1399537719344,-30.139953771934415
203045,770.0,1034.5026496955704,-264.5026496955704
203056,1230.0,1320.9154139686593,-90.91541396865932
203063,920.0,857.0820362305813,62.91796376941875
203141,1201.0,1191.7174542043708,9.282545795629176
203289,565.0,593.1075831680465,-28.107583168046517
203324,1210.0,1307.4629974841039,-97.46299748410388
203361,1025.0,974.882216716602,50.11778328339801
203408,785.0,691.1571281706501,93.84287182934986
203478,1202.0,1092.8920579625646,109.10794203743535
203565,910.0,1095.1781595550026,-185.1781595550026
203606,595.0,894.768629270268,-299.768629270268
203619,1220.0,1069.8707761053754,150.1292238946246
203665,505.0,585.368197431906,-80.36819743190597
203793,1047.0,942.961805126508,104.03819487349199
203814,847.0,1149.650812023939,-302.6508120239389
203824,780.0,653.7529292933862,126.24707070661384
203855,839.0,726.075885807744,112.92411419225596
203877,771.0,712.700073764778,58.29992623522196
203931,961.0,1051.31557487918,-90.31557487918008
203959,1165.0,1223.6722610966947,-58.67226109669468
203970,577.0,744.3608895179885,-167.36088951798854
204013,1285.0,1289.4785889634481,-4.478588963448146
204075,860.0,1126.3271563563014,-266.32715635630143
204098,705.0,657.7351272726465,47.26487272735346
204102,1055.0,1051.7110409886475,3.2889590113525173
204108,1320.0,1273.3329476924578,46.667052307542235
204138,1020.0,761.1718185456277,258.82818145437227
204180,855.0,694.6444275700504,160.35557242994958
204247,710.0,680.8228329143641,29.177167085635915
204275,1145.0,1265.8794910901568,-120.87949109015676
204296,970.0,1021.0688374183549,-51.06883741835486
204314,935.0,1027.4904410955962,-92.49044109559622
204402,1216.0,1265.138006404055,-49.13800640405498
204406,730.0,692.0453611999053,37.9546388000947
204460,1300.0,1269.432898826192,30.56710117380794
204483,1045.0,1134.4157944223098,-89.41579442230977
204507,1005.0,1084.5658484727148,-79.56584847271483
204515,570.0,567.1835794391676,2.8164205608323982
204533,985.0,1167.9490461139012,-182.9490461139012
204541,613.0,635.441072930379,-22.44107293037905
204580,1030.0,1032.3977264610069,-2.3977264610068687
204615,960.0,1129.744147432266,-169.7441474322659
204620,1020.0,1068.7709476013347,-48.77094760133468
204623,840.0,1326.6399930486389,-486.63999304863887
204642,785.0,696.4343900089954,88.56560999100464
204694,1218.0,1188.5788970510619,29.42110294893814
204724,1370.0,1293.2614962704645,76.73850372953552
204737,1370.0,1112.7302321933007,257.2697678066993
204778,430.0,714.5164510958452,-284.51645109584524
204810,1907.0,1277.2262430490146,629.7737569509854
204871,1290.0,1223.2930300390758,66.7069699609242
204889,1065.0,1122.0155238576865,-57.0155238576865
204945,1257.0,1056.5812923203496,200.41870767965042
205014,1300.0,1215.9269612318185,84.0730387681815
205021,760.0,719.9255499272107,40.07445007278932
205033,1090.0,1046.9766837233105,43.02331627668946
205122,480.0,617.0993546722964,-137.09935467229639
205128,975.0,1145.2275207028697,-170.2275207028697
205144,1305.0,1297.8682610727294,7.13173892727059
205182,1520.0,1237.2597285051027,282.74027149489734
205277,1245.0,1155.0297013106633,89.97029868933669
205304,1370.0,1241.057768827301,128.94223117269894
205314,970.0,1021.0594917777103,-51.059491777710264
205327,905.0,1066.452170141531,-161.45217014153104
205357,1425.0,1135.5893462170288,289.41065378297117
205390,480.0,1150.0587015363537,-670.0587015363537
205422,1180.0,1189.7207554745974,-9.720755474597354
205424,891.0,1070.6311577047243,-179.63115770472427
205425,930.0,1086.8945884666111,-156.89458846661114
205448,1370.0,1281.443233542914,88.55676645708604
205456,1055.0,1069.3495702479452,-14.349570247945167
205488,610.0,679.1751619823173,-69.17516198231726
205586,1257.0,1216.1696471217592,40.830352878240774
205624,668.0,692.6833226110364,-24.683322611036374
205708,1390.0,1127.2162961111621,262.78370388883786
205715,760.0,678.3165656863785,81.68343431362155
205727,1075.0,1256.063131640105,-181.06313164010498
205745,1415.0,1322.1542846339746,92.84571536602539
205782,915.0,934.9362146311635,-19.936214631163466
205795,995.0,1033.1773558393056,-38.17735583930562
205801,950.0,1158.2372531966207,-208.2372531966207
205839,1100.0,1294.9589872400327,-194.95898724003268
205862,1130.0,1185.953529491355,-55.953529491355084
205914,1205.0,1108.522567140794,96.47743285920592
205938,650.0,673.6502824792085,-23.6502824792085
205999,1410.0,1273.179727281361,136.820272718639
206032,740.0,717.6237470271983,22.376252972801694
206085,1124.0,1268.944471173827,-144.94447117382697
206174,660.0,730.486865217508,-70.48686521750801
206206,850.0,688.5709141224453,161.4290858775547
206256,650.0,717.9116681526693,-67.91166815266934
206345,990.0,970.9114356472194,19.088564352780622
206347,1450.0,1200.8694836485836,249.13051635141642
206354,1155.0,994.8261772452721,160.1738227547279
206390,935.0,1094.2191809927956,-159.2191809927956
206400,1405.0,1223.4537657290907,181.54623427090928
206410,1180.0,1200.5464664793044,-20.5464664793044
206428,1095.0,1037.8371731615948,57.16282683840518
206430,755.0,702.6872361877105,52.31276381228952
206482,935.0,705.7870194542539,229.21298054574606
206521,771.0,712.0801944806508,58.91980551934921
206540,890.0,1073.6414802526851,-183.64148025268514
206545,1014.0,1157.1522795129144,-143.15227951291445
206548,743.0,701.7402724379441,41.2597275620559
206551,1140.0,1284.4932715434222,-144.49327154342222
206637,755.0,733.7511608752935,21.24883912470648
206667,1100.0,1189.4511513628277,-89.45115136282766
206676,855.0,942.950265969498,-87.95026596949799
206681,830.0,861.9156429009787,-31.915642900978696
206712,615.0,683.7671572924633,-68.76715729246325
206725,1075.0,1271.9159957794068,-196.91599577940679
206731,1345.0,1087.6347215113612,257.36527848863875
206744,1060.0,1068.1688415046979,-8.168841504697866
206820,534.0,742.937183269783,-208.93718326978296
206833,496.0,560.9699368844973,-64.96993688449732
206922,1055.0,1075.5752468773428,-20.575246877342806
206960,482.0,658.9072678103371,-176.9072678103371
206996,434.0,640.2970837002413,-206.29708370024127
207181,1199.0,972.8509589078329,226.14904109216707
207193,1200.0,1172.6342923070792,27.36570769292075
207210,1003.0,709.9145033822824,293.0854966177176
207218,1135.0,1131.3486407651174,3.651359234882648
207224,900.0,669.5219118962773,230.4780881037227
207233,440.0,696.5603458491776,-256.56034584917757
207375,1090.0,1140.482100351808,-50.48210035180796
207395,1341.0,1153.7036125077802,187.29638749221976
207410,1145.0,1039.692446240539,105.30755375946092
207428,1230.0,1255.4955816979393,-25.495581697939315
207480,1060.0,1032.9419731808955,27.058026819104498
207497,1220.0,1283.8524119665854,-63.85241196658535
207596,1050.0,1093.9509996849595,-43.95099968495947
207599,1100.0,1148.332039244929,-48.33203924492909
207600,1073.0,1072.9942839160367,0.005716083963307028
207694,520.0,547.4337696912929,-27.433769691292923
207712,1380.0,1273.9393139457004,106.0606860542996
207800,930.0,962.3334090812674,-32.333409081267405
207825,994.0,1064.3802699445403,-70.38026994454026
207843,600.0,679.337075850723,-79.33707585072295
207850,1379.0,1200.6797939111314,178.32020608886864
207853,945.0,1149.674298789574,-204.6742987895741
207898,1000.0,1073.8765238374947,-73.87652383749469
207927,1140.0,1035.748380119716,104.2516198802839
207930,605.0,689.5013501966835,-84.50135019668346
207989,680.0,653.1587499340599,26.84125006594013
208004,820.0,1110.76376421912,-290.76376421912005
208021,518.0,613.3329493324906,-95.33294933249056
208032,1245.0,1064.8233317064942,180.17666829350583
208082,1010.0,1106.7806965113987,-96.78069651139867
208164,1335.0,1134.5253468641288,200.47465313587122
208176,1280.0,1143.1903734350385,136.8096265649615
208203,923.0,729.0565802067139,193.94341979328613
208213,390.0,919.5173221447817,-529.5173221447817
208249,1335.0,1261.6807770597466,73.31922294025344
208253,665.0,650.1373496250656,14.862650374934447
208306,1455.0,1318.2070899547189,136.79291004528113
208314,460.0,624.0424896855882,-164.04248968558818
208331,855.0,1075.8712157629595,-220.87121576295954
208353,684.0,856.1668144334283,-172.16681443342827
208389,1005.0,1129.3466379870526,-124.34663798705265
208396,580.0,711.8722256293187,-131.87222562931868
208400,1115.0,1097.7078007953476,17.292199204652434
208411,1160.0,1050.645735145746,109.3542648542541
208422,815.0,1029.3448901062577,-214.3448901062577
208477,900.0,715.4927979309275,184.5072020690725
208501,505.0,629.7609145425628,-124.76091454256277
208522,1020.0,1142.6327954850071,-122.63279548500714
208638,849.0,964.4183749879415,-115.41837498794155
208690,1270.0,1141.451376528197,128.548623471803
208702,1230.0,1157.3824681187268,72.61753188127318
208721,1185.0,1289.3563129929605,-104.35631299296051
208739,585.0,709.5973241839562,-124.59732418395618
208821,1065.0,986.4032302268429,78.59676977315712
208833,910.0,987.6601816289241,-77.66018162892408
208895,1020.0,1002.095748628297,17.904251371703026
208917,1045.0,986.840817805583,58.159182194416985
208956,1465.0,1298.8180875797311,166.18191242026887
208964,910.0,951.727666412815,-41.72766641281498
209010,1390.0,1291.8443216926723,98.15567830732766
209056,1100.0,1032.6097089030948,67.39029109690523
209074,1185.0,1011.772667329261,173.22733267073897
209139,723.0,692.283461854641,30.71653814535898
209152,1210.0,1142.5052345041058,67.49476549589417
209217,660.0,717.0860144244979,-57.086014424497876
209270,950.0,1104.5547644191586,-154.55476441915857
209296,1540.0,1153.9763690671189,386.02363093288113
209311,622.0,713.0749457689956,-91.07494576899558
209446,681.0,598.3672255847204,82.63277441527964
209452,1105.0,1299.1621269285895,-194.1621269285895
209459,1410.0,1177.4908173283372,232.50918267166276
209552,925.0,1049.4752950528566,-124.47529505285661
209566,585.0,569.6237022162087,15.376297783791301
209573,900.0,1092.7267442619307,-192.72674426193066
209591,1008.0,1211.9566292420197,-203.95662924201974
209627,666.0,571.5663094203255,94.43369057967448
209688,935.0,1199.2043296427612,-264.2043296427612
209698,1120.0,1140.2224691272252,-20.222469127225168
209779,1400.0,1295.6776124235005,104.32238757649952
209781,715.0,678.2105587725657,36.78944122743428
209840,1150.0,1292.3882534963677,-142.38825349636772
209899,765.0,734.03552432412,30.964475675879953
209986,830.0,919.0581442238287,-89.05814422382866
210005,1195.0,1260.738984156509,-65.7389841565091
210036,1060.0,1052.7838854553831,7.2161145446168575
210247,1080.0,1219.6291336513311,-139.62913365133113
210263,566.0,611.4852283643489,-45.48522836434893
210274,1145.0,1043.5135029156438,101.48649708435619
210310,1210.0,1069.730245876759,140.269754123241
210375,595.0,739.7618093674771,-144.7618093674771
210377,1565.0,1282.0617060662498,282.9382939337502
210425,625.0,615.7375687067272,9.262431293272812
210452,1180.0,879.1950442266067,300.8049557733933
210470,1320.0,1171.8424905010927,148.1575094989073
210519,1127.0,1083.0584478008652,43.941552199134776
210525,1005.0,1055.057276466293,-50.05727646629293
210530,860.0,1008.0407597290789,-148.0407597290789
210562,720.0,722.9650214220499,-2.9650214220498583
210641,1020.0,1029.5082034140526,-9.50820341405256
210652,1250.0,1275.565998119546,-25.565998119546066
210656,560.0,696.9741845887556,-136.97418458875563
210751,1445.0,1177.3249777587898,267.6750222412102
210761,530.0,698.0299620794708,-168.0299620794708
210846,1150.0,1175.931999430662,-25.931999430662017
211011,600.0,672.6361847854191,-72.63618478541912
211078,1045.0,983.4267280575036,61.573271942496376
211176,1130.0,1034.5164238715606,95.48357612843938
211219,875.0,992.2697471289354,-117.26974712893536
211346,490.0,698.4475507585562,-208.4475507585562
211588,1210.0,1153.8689314957014,56.13106850429858
211615,80.0,1046.2554908510901,-966.2554908510901
211918,765.0,653.18282849036,111.81717150964005
211977,924.0,1179.9295850384817,-255.92958503848172
211987,932.0,1005.4528222762412,-73.45282227624125
212001,1175.0,1167.7781025390407,7.221897460959326
212055,981.0,1074.858298393135,-93.8582983931351
212066,840.0,701.4224972135244,138.57750278647563
212094,1350.0,1203.9964628908122,146.00353710918785
212167,716.0,970.2857804766531,-254.28578047665314
212231,1280.0,1074.6530812273697,205.34691877263026
212244,1070.0,1071.1916562391357,-1.191656239135682
212262,1076.0,1156.5327039926983,-80.53270399269832
212476,882.0,1007.2289782613935,-125.22897826139354
212496,1003.0,1050.645735145746,-47.6457351457459
212566,950.0,1125.7960395392279,-175.79603953922788
212667,1040.0,1070.281803507544,-30.281803507544055
212702,1070.0,998.4656905829122,71.5343094170878
212750,680.0,858.5883881398112,-178.58838813981117
212772,680.0,650.9120077725559,29.087992227444147
212911,1112.0,1165.3564310976858,-53.3564310976858
212917,1175.0,1204.6747479474836,-29.674747947483638
212918,1182.0,1132.8821325275126,49.11786747248743
212921,760.0,664.7017046082732,95.29829539172681
213021,1265.0,1094.4531678463989,170.54683215360114
213233,320.0,670.0712989391685,-350.0712989391685
213316,915.0,1101.1217537721598,-186.12175377215976
213490,750.0,690.0696744305715,59.93032556942853
213550,1245.0,1298.5321053594232,-53.53210535942321
213582,1127.0,1130.2915079027534,-3.2915079027534375
213743,1130.0,1012.314439358516,117.68556064148402
213982,760.0,1200.353968448104,-440.35396844810407
214006,1120.0,1204.2949541843275,-84.29495418432748
214016,1078.0,1095.6975852194676,-17.697585219467555
214024,838.0,1098.8948387130245,-260.89483871302446
214030,1170.0,1029.7234788650617,140.27652113493832
214125,1435.0,1242.2829496929687,192.7170503070313
214181,1180.0,1125.718727740155,54.28127225984508
214246,1145.0,1059.3790617495272,85.62093825047282
214295,1232.0,1112.0560390587448,119.94396094125523
214316,695.0,681.5003272546604,13.49967274533958
214326,926.0,1090.9175014472107,-164.91750144721073
214395,1290.0,1293.387558060328,-3.387558060328047
214397,1316.0,1208.2832232945113,107.71677670548866
214411,1190.0,1149.4192715172205,40.58072848277948
214514,1120.0,1097.976520140619,22.02347985938104
214565,1245.0,1115.8766185317058,129.12338146829416
214590,995.0,1134.8607132382283,-139.8607132382283
214598,948.0,697.3507208534988,250.64927914650116
214778,820.0,1086.396186325212,-266.39618632521206
214829,1105.0,1283.791825399355,-178.79182539935505
214988,1080.0,1244.7892565623213,-164.78925656232127
215084,1081.0,1128.885433209892,-47.88543320989197
215234,790.0,712.6397939750001,77.36020602499991
215251,1210.0,1196.5514810353038,13.448518964696177
215339,1090.0,999.9463963478536,90.05360365214642
215393,1370.0,1212.8657225171614,157.13427748283857
215396,1025.0,1048.0781527786148,-23.07815277861482
215402,1090.0,1226.9557950554406,-136.9557950554406
215416,955.0,1025.6692922705756,-70.66929227057562
215417,1010.0,1010.1809682267689,-0.1809682267688686
215548,1740.0,1286.7635621892885,453.23643781071155
215562,620.0,740.6174754565614,-120.61747545656135
215566,813.0,937.7381056373936,-124.73810563739357
215811,1240.0,1138.060533545259,101.93946645474102
215888,948.0,977.066158709871,-29.066158709871047
215902,900.0,1036.9406950851792,-136.9406950851792
215943,1301.0,1012.0770493092442,288.9229506907558
215975,1100.0,1102.4184983082848,-2.418498308284825
216074,1150.0,1215.147663211805,-65.14766321180491
216101,855.0,926.492234674458,-71.49223467445802
216339,970.0,1120.244246980727,-150.24424698072698
216383,1090.0,1075.760965989785,14.239034010214937
216428,1155.0,1093.6633597882471,61.336640211752865
216446,1129.0,1218.2393229710824,-89.2393229710824
216586,1150.0,1120.9719839831728,29.028016016827223
216660,1390.0,1259.17653357737,130.82346642262996
216744,970.0,907.4768525857166,62.52314741428336
216778,1365.0,1179.3975529443699,185.60244705563014
216841,1091.0,1004.6004108794702,86.39958912052975
216881,1210.0,1238.484924108479,-28.484924108478936
216935,1444.0,1081.0975040498524,362.90249595014757
216959,1370.0,1160.3629689211364,209.63703107886363
217163,1895.0,1192.6255495989355,702.3744504010645
217300,1145.0,1207.8371499596951,-62.837149959695125
217385,977.0,1239.4686274640276,-262.4686274640276
217404,1166.0,1120.9192572673144,45.08074273268562
217486,1476.0,1253.7376656046226,222.26233439537737
217563,1190.0,1086.8001709565488,103.19982904345125
217634,850.0,1128.6947863912915,-278.6947863912915
217658,1422.0,1199.029235634032,222.97076436596808
217680,1740.0,1261.0384656451618,478.96153435483825
217711,1133.0,1030.1191399335753,102.8808600664247
217744,550.0,633.6168601347636,-83.61686013476356
217795,1220.0,1259.1013019236907,-39.1013019236907
217980,1086.0,1173.148547480988,-87.1485474809881
218111,1499.0,1187.6031236962617,311.3968763037383
218426,1105.0,1187.4788384160051,-82.47883841600515
218465,750.0,759.2274293418684,-9.227429341868401
218657,1100.0,1087.8289238893474,12.17107611065262
218676,1460.0,1285.3994757479634,174.60052425203662
218815,1130.0,1196.5961803885145,-66.59618038851454
218868,1315.0,1102.5143650758419,212.48563492415815
218946,1270.0,1188.7789371694603,81.22106283053972
218951,1240.0,1170.802426795293,69.19757320470694
219046,1015.0,972.4248215582444,42.57517844175561
219066,510.0,665.7800730925559,-155.78007309255588
219110,1252.0,1079.6657091744307,172.33429082556927
219193,1215.0,1194.4087846833158,20.591215316684156
219210,1260.0,1201.063858265728,58.93614173427204
219501,898.0,726.2350211485192,171.7649788514808
219506,1280.0,1275.3853874969464,4.61461250305365
219731,755.0,695.734964705945,59.265035294055
219858,840.0,726.1505274592683,113.84947254073165
220040,1260.0,1275.5385153700838,-15.538515370083815
220105,1200.0,1230.5165090791063,-30.5165090791063
220122,797.0,617.2162118360786,179.78378816392137
220145,620.0,666.5694473713473,-46.56944737134734
220151,1090.0,1198.078838035043,-108.07883803504296
220329,1335.0,1139.651700752834,195.3482992471661
220333,1250.0,1141.527446594768,108.47255340523202
220336,866.0,909.7174710540343,-43.71747105403426
220391,700.0,696.0876764244631,3.9123235755369024
220473,1000.0,1026.774679433954,-26.774679433953906
220541,900.0,1028.4659482010472,-128.46594820104724
220551,1135.0,1123.6014625376406,11.3985374623594
220565,1090.0,1033.398176890789,56.601823109210954
220825,1245.0,1083.0005409265661,161.99945907343385
220891,1040.0,1086.24920474465,-46.24920474464989
220903,1200.0,1240.441006378834,-40.44100637883389
220988,1470.0,1305.9244761836649,164.07552381633514
221002,900.0,1001.082364224415,-101.08236422441496
221084,1246.0,1203.8673817042406,42.13261829575936
221115,505.0,718.852580030192,-213.85258003019203
221132,1040.0,1147.108632910823,-107.10863291082296
221224,1110.0,1079.1482863578196,30.851713642180357
221303,1140.0,1229.9356343842178,-89.93563438421779
221381,988.0,952.1723311938066,35.8276688061934
221514,1160.0,1154.2897876220547,5.710212377945254
221549,1790.0,1113.6729067067117,676.3270932932883
221697,1179.0,977.7952202324464,201.20477976755365
222054,1120.0,1145.041869614153,-25.04186961415303
222099,900.0,1009.8149611299015,-109.81496112990146
222240,1180.0,1095.760216318175,84.23978368182497
222251,1240.0,1111.473876878438,128.52612312156202
222279,856.0,1064.9088386892258,-208.90883868922583
222346,1375.0,1260.6252754653576,114.37472453464238
222485,1165.0,1216.9863398325244,-51.986339832524436
222710,1220.0,1135.1075156094346,84.89248439056541
222829,1165.0,1129.998431270934,35.00156872906609
222867,970.0,1012.9038459101619,-42.90384591016186
222951,1030.0,1159.641947389467,-129.64194738946708
223034,556.0,592.4370866633628,-36.437086663362834
223223,890.0,876.0687402708248,13.931259729175167
223231,1057.0,1195.2439251508652,-138.24392515086515
223232,1385.0,1300.125582514338,84.87441748566198
223352,1378.0,1144.0469370099927,233.9530629900073
223413,646.0,685.8356630908851,-39.83566309088508
223472,1275.0,1134.7748892721954,140.22511072780458
223483,1091.0,971.1494621430547,119.85053785694527
223567,640.0,596.6054487104142,43.39455128958582
223774,895.0,733.3608988599283,161.63910114007172
223787,1226.0,1186.691710431216,39.30828956878395
223887,1041.0,1011.6593063932742,29.340693606725836
223916,1020.0,1153.2033879252006,-133.20338792520056
223997,1080.0,1219.4632543580346,-139.46325435803465
224063,1085.0,1198.8138163862607,-113.81381638626067
224127,1095.0,1159.8437038638524,-64.8437038638524
224337,1065.0,941.5740934022965,123.42590659770349
224359,950.0,1005.8379528014619,-55.83795280146194
224408,1080.0,1163.7094324688767,-83.70943246887668
224574,580.0,667.8700044491677,-87.87000444916771
224582,700.0,716.7460349348819,-16.74603493488189
224704,1200.0,1025.21994460704,174.7800553929601
224720,1043.0,978.1369336459392,64.86306635406083
224857,1125.0,1116.8166840207105,8.183315979289546
224877,1323.0,1252.9827089434602,70.01729105653976
224878,1020.0,1098.3543246135562,-78.35432461355617
224899,1102.0,1126.3271563563014,-24.32715635630143
225011,645.0,695.4985903939918,-50.498590393991776
225118,1170.0,1166.0336911735585,3.966308826441491
225189,1230.0,1253.8652014469276,-23.865201446927585
225216,889.0,1153.0955555438532,-264.09555554385315
225286,987.0,659.9276755392088,327.07232446079115
225335,1080.0,1164.4146706662639,-84.41467066626387
225411,1105.0,1182.4509852375536,-77.4509852375536
225509,1400.0,1088.8588424684824,311.1411575315176
225588,1510.0,1127.253979639562,382.746020360438
225658,1460.0,1304.8934298416868,155.10657015831316
225673,1420.0,1247.6477110165633,172.35228898343667
225717,1100.0,1137.2581300758698,-37.25813007586976
225761,1307.0,1107.533851015211,199.46614898478902
225789,1096.0,1015.5327553941763,80.46724460582368
225816,1091.0,1179.5460563960494,-88.54605639604938
225896,1145.0,1278.8228576776303,-133.82285767763028
225937,577.0,725.9161216559437,-148.9161216559437
225960,1545.0,1315.0413443836323,229.95865561636765
226089,1105.0,1082.2697543964916,22.730245603508365
226122,1180.0,1225.9761106343865,-45.97611063438649
226143,1125.0,1262.833362788166,-137.8333627881659
226152,730.0,747.5701144270689,-17.570114427068916
226164,470.0,750.3700362692116,-280.3700362692116
226177,1256.0,1160.2635257250656,95.73647427493438
226213,1250.0,1176.5774279542109,73.42257204578914
226223,1375.0,1151.8438440855136,223.15615591448636
226225,1325.0,1286.5515709048852,38.44842909511476
226229,1112.0,994.8650068814666,117.13499311853343
226259,1050.0,1111.199079787253,-61.19907978725291
226271,727.0,694.0142366777442,32.98576332225582
226286,455.0,606.0109933612767,-151.01099336127675
226298,661.0,1150.1461018174457,-489.1461018174457
226482,880.0,691.2340510333455,188.7659489666545
226528,672.0,588.8507367439953,83.1492632560047
226647,755.0,625.0804492166938,129.91955078330625
226657,1587.0,1154.013120144317,432.9868798556829
226674,950.0,901.173272274889,48.82672772511103
226681,1340.0,1273.1712651113046,66.82873488869541
226690,1335.0,1157.6191422191014,177.38085778089862
226754,1250.0,1153.093298713616,96.90670128638408
226809,670.0,645.4832746027635,24.51672539723654
226873,1470.0,1267.6105600047545,202.38943999524554
226999,1190.0,1185.67731811534,4.322681884659914
227024,1245.0,1258.824526038248,-13.824526038247996
227065,1105.0,1067.5627365485802,37.43726345141977
227079,1190.0,1205.6498999600394,-15.64989996003942
227086,738.0,961.8058631919259,-223.80586319192594
227207,1580.0,1155.7918319304397,424.2081680695603
227220,1210.0,1173.112578155828,36.88742184417197
227266,1135.0,973.0031813935326,161.9968186064674
227290,1014.0,1128.8297260719423,-114.82972607194233
227466,1060.0,1100.7565093992373,-40.7565093992373
227468,1014.0,1003.9265922980912,10.073407701908764
227491,1290.0,1165.858637496827,124.14136250317301
227498,638.0,611.4063677485882,26.593632251411805
227617,1168.0,1102.3598489179149,65.64015108208514
227671,1330.0,1128.1973447758498,201.80265522415016
227680,1168.0,1072.1452072965503,95.85479270344968
227706,1220.0,1286.2793058200475,-66.27930582004751
227743,870.0,745.1397617155384,124.86023828446162
227772,804.0,1052.3240582592725,-248.32405825927253
227826,1100.0,1146.6092051818969,-46.60920518189687
227846,720.0,657.6202176374494,62.3797823625506
227902,904.0,1036.7862283063434,-132.78622830634345
228018,816.0,923.9300178248834,-107.93001782488341
228077,885.0,880.6862672015883,4.313732798411706
228092,1217.0,1157.7645011488128,59.23549885118723
228158,1317.0,1115.512385728149,201.48761427185104
228163,672.0,646.1293525928038,25.870647407196202
228165,1000.0,1056.952508369685,-56.95250836968489
228169,1060.0,1320.064221488865,-260.0642214888651
228250,696.0,594.8889536784127,101.11104632158731
228296,535.0,629.7913027128546,-94.79130271285464
228322,950.0,974.036373059472,-24.036373059471998
228339,1130.0,1224.0591191430253,-94.05911914302533
228526,1180.0,1161.5380994264121,18.461900573587855
228601,1069.0,1067.6311675160944,1.368832483905635
228609,1280.0,1197.5090981109847,82.49090188901528
228617,1268.0,1108.1566624130876,159.8433375869124
228633,1087.0,1055.221170205562,31.778829794438025
228768,580.0,719.1097031170061,-139.10970311700612
228918,1680.0,1247.2114017718231,432.78859822817685
228944,1135.0,1299.773134976364,-164.77313497636396
228947,650.0,689.4259964516174,-39.42599645161738
229092,1085.0,927.0409390810925,157.95906091890754
229103,710.0,625.3888734035194,84.61112659648063
229186,1245.0,1155.2256947033782,89.77430529662183
229262,1032.0,1076.4281753290688,-44.428175329068836
229288,779.0,736.8357139306282,42.16428606937177
229392,1155.0,1079.1720757552546,75.82792424474542
229398,860.0,971.0615666998866,-111.06156669988661
229482,830.0,1167.2252780504582,-337.2252780504582
229496,1075.0,1039.9702542373163,35.02974576268366
229701,680.0,636.8203520021989,43.17964799780111
229796,660.0,677.4581550158108,-17.458155015810803
229833,1179.0,1171.2481486522295,7.7518513477705255
229841,820.0,1044.8315792311334,-224.83157923113345
229844,746.0,691.1528979810878,54.84710201891221
230036,1230.0,1133.5006500032462,96.49934999675384
230043,611.0,1299.788517476832,-688.7885174768321
230044,957.0,956.945079445023,0.05492055497700221
230045,1036.0,1105.341761165262,-69.34176116526191
230189,793.0,1098.6913120480529,-305.69131204805285
230217,995.0,945.2636508919644,49.7363491080356
230235,725.0,622.5912296832859,102.40877031671414
230266,950.0,1176.3754934437754,-226.37549344377544
230307,890.0,1016.3283999681151,-126.32839996811515
230408,1200.0,1212.424293131246,-12.424293131246031
230424,1015.0,1183.6920216054723,-168.6920216054723
230450,629.0,721.937348244311,-92.93734824431101
230540,1070.0,1154.5557452742778,-84.5557452742778
230573,838.0,902.0424215756046,-64.04242157560464
230596,1430.0,1259.3344748517345,170.6655251482655
230697,1155.0,1226.7130925695476,-71.7130925695476
230739,1202.0,1057.5057093004698,144.4942906995302
230774,1190.0,1279.5776296978659,-89.57762969786586
230791,630.0,667.3829513361603,-37.38295133616032
230803,1060.0,1130.4064207003178,-70.40642070031777
230833,605.0,717.7687719651497,-112.76877196514965
230903,1265.0,1208.1806945167596,56.81930548324044
230925,1285.0,1164.5544518841737,120.44554811582634
230950,1345.0,1251.5760983234754,93.42390167652457
230991,1400.0,1255.5641064534275,144.43589354657252
231036,1080.0,1227.3385100153869,-147.33851001538687
231037,750.0,740.1347404852876,9.86525951471242
231056,1230.0,1121.1687917286451,108.83120827135485
231158,1155.0,992.9649804058126,162.03501959418736
231339,1250.0,967.7802806014171,282.2197193985829
231358,1030.0,1118.4312473539803,-88.43124735398032
231409,1290.0,1241.6329674694693,48.36703253053065
231459,1300.0,1154.566679536843,145.4333204631571
231515,765.0,748.5638748932209,16.43612510677906
231526,513.0,664.4808198118336,-151.4808198118336
231572,1225.0,1074.1444925945814,150.85550740541862
231581,767.0,728.7294979062201,38.270502093779896
231618,1155.0,1256.1220339478982,-101.12203394789822
231691,1205.0,1041.668226696064,163.33177330393596
231828,1135.0,1122.4236062585512,12.576393741448783
231835,1210.0,1191.0681822835566,18.931817716443447
231858,1025.0,1095.530607432422,-70.5306074324219
231978,1420.0,1312.995597680306,107.00440231969401
232120,1105.0,1152.5085937731121,-47.508593773112125
232145,1050.0,1004.0729636434061,45.92703635659393
232182,981.0,1031.9922503844643,-50.99225038446434
232193,1351.0,1262.8950250030573,88.1049749969427
232199,1045.0,1090.4596896205371,-45.45968962053712
232210,926.0,968.8500134804743,-42.85001348047433
232226,956.0,687.0547656716797,268.94523432832034
232349,691.0,689.1981793425756,1.8018206574244005
232404,1165.0,1099.3212417386578,65.67875826134218
232455,1285.0,1279.5164688483055,5.4835311516944785
232475,1260.0,1214.5999648464153,45.40003515358467
232497,959.0,960.7515040877709,-1.7515040877708543
232570,1117.0,1172.6821038805895,-55.682103880589466
232603,1285.0,1210.5851911077953,74.41480889220475
232658,1185.0,1211.907006098494,-26.907006098494094
232690,1250.0,1254.1395663324815,-4.139566332481536
232712,1270.0,1208.8557602047556,61.1442397952444
232730,878.0,982.4767491328046,-104.47674913280457
232763,930.0,1099.374648450304,-169.374648450304
232789,1026.0,1018.138509472763,7.861490527237038
232790,1084.0,1083.2277423996436,0.7722576003563972
232805,740.0,719.7183149980307,20.281685001969322
232826,1515.0,1296.8479543416347,218.1520456583653
232830,1255.0,1300.545010682445,-45.54501068244508
232867,705.0,668.4166157345682,36.583384265431846
232870,1330.0,1151.8742905407044,178.12570945929565
232946,1130.0,1262.4286152587622,-132.4286152587622
232968,1310.0,1237.6699885758812,72.33001142411877
232986,1080.0,1125.4655533972452,-45.46555339724523
233026,788.0,837.0194548869314,-49.019454886931385
233098,830.0,629.0494192406037,200.9505807593963
233119,1136.0,1127.360154917596,8.639845082404008
233212,1415.0,1282.680956417366,132.3190435826341
233218,1035.0,1042.610023713517,-7.610023713516966
233268,1120.0,972.3345804110529,147.6654195889471
233285,1045.0,1143.3013955630827,-98.30139556308268
233399,965.0,948.9111226185548,16.088877381445172
233445,1130.0,1155.3723296851485,-25.372329685148543
233497,1215.0,1202.9171136356417,12.082886364358274
233505,1058.0,1260.7813866291604,-202.78138662916035
233508,1040.0,953.2884887592921,86.71151124070786
233536,1590.0,1335.360630693597,254.63936930640307
233542,1125.0,1108.099376155976,16.90062384402404
233574,1090.0,1085.233874674608,4.766125325392068
233585,912.0,917.2679638424613,-5.267963842461313
233619,1070.0,988.2175782573772,81.78242174262277
233631,1370.0,1205.247278931591,164.75272106840907
233661,820.0,1103.1791008372284,-283.17910083722836
233674,1180.0,1257.8522460556624,-77.85224605566236
233758,900.0,1051.9110741795678,-151.91107417956778
233769,1865.0,1211.859584340617,653.140415659383
233780,1335.0,1131.7771448677072,203.2228551322928
233816,771.0,989.5389893260101,-218.5389893260101
233828,1224.0,1176.0981258028764,47.90187419712356
233831,1340.0,1188.2856590976814,151.71434090231855
233849,1170.0,1202.667514373671,-32.66751437367111
233855,1312.0,1225.2974171272078,86.70258287279216
233901,1495.0,1249.6820695929923,245.31793040700768
233911,1310.0,1231.8442089622167,78.15579103778327
233926,849.0,741.0532790395057,107.9467209604943
233959,935.0,741.6557450951681,193.34425490483193
233972,1115.0,1141.4735725782652,-26.473572578265248
233996,755.0,689.718413145798,65.28158685420203
234004,1170.0,1211.7816673887255,-41.78166738872551
234057,793.0,753.7630202427764,39.236979757223594
234089,700.0,737.29469419256,-37.29469419255997
234111,1195.0,1203.5014914615813,-8.501491461581281
234137,1170.0,1094.3725680037458,75.62743199625424
234147,882.0,703.0310101230727,178.96898987692725
234155,780.0,750.6279974586668,29.372002541333245
234162,1105.0,1048.168267940698,56.83173205930211
234179,1144.0,1183.6400106622284,-39.640010662228406
234206,755.0,666.7065268316697,88.29347316833025
234266,1228.0,1122.7498734239357,105.2501265760643
234291,610.0,728.7836325985149,-118.78363259851494
234292,1290.0,1225.533106168962,64.46689383103808
234296,905.0,1016.32165693903,-111.32165693903005
234303,1430.0,1296.0984786191268,133.9015213808732
234312,765.0,733.8181765213865,31.181823478613524
234319,1245.0,1141.9448785020456,103.05512149795436
234341,1295.0,1160.5143143659964,134.48568563400363
234350,930.0,1134.077900699459,-204.07790069945895
234386,1250.0,1132.3247787631328,117.67522123686717
234422,1312.0,1272.7001320057177,39.299867994282295
234432,1290.0,1012.3690056851851,277.63099431481487
234449,1455.0,1206.3309434705861,248.66905652941387
234452,1201.0,1209.699183459902,-8.699183459902088
234490,1255.0,1242.1135120615809,12.886487938419123
234514,1087.0,1182.4287215634408,-95.42872156344083
234548,1135.0,1185.5347413155728,-50.534741315572774
234564,999.0,944.5924247330013,54.40757526699872
234613,1075.0,1251.457711727368,-176.45771172736795
234622,1130.0,1217.4320979193062,-87.43209791930622
234632,1745.0,1195.751844267386,549.2481557326139
234660,884.0,827.084412206215,56.915587793784994
234771,750.0,963.6732954436465,-213.67329544364645
234782,585.0,619.1729612214525,-34.17296122145251
234796,695.0,696.9469415212125,-1.9469415212124659
234805,1295.0,1277.1653736276483,17.83462637235175
234819,1182.0,1228.308089131013,-46.30808913101305
234840,1155.0,1040.4535694073063,114.5464305926937
234898,1411.0,1233.9689238273027,177.03107617269734
234931,1036.0,1121.68758909841,-85.68758909840994
234949,585.0,631.9739777593411,-46.973977759341096
234960,754.0,659.0620913568803,94.93790864311973
234992,585.0,657.0250384733449,-72.02503847334492
235003,725.0,697.2517198942337,27.748280105766298
235004,715.0,738.994260177762,-23.994260177762044
235018,910.0,975.9823303638193,-65.9823303638193
235026,1135.0,1298.4863816269765,-163.48638162697648
235032,1170.0,1123.6929235803725,46.30707641962749
235054,825.0,754.1489947489357,70.8510052510643
235056,810.0,888.0609400600615,-78.06094006006151
235075,690.0,684.6025366076399,5.397463392360123
235091,1250.0,1206.4243668384104,43.57563316158962
235105,670.0,620.1103736172784,49.889626382721644
235136,785.0,736.7525588828166,48.24744111718337
235145,1183.0,1193.881816874378,-10.881816874378046
235200,1225.0,1136.47416786479,88.52583213521007
235207,1150.0,1239.646046095764,-89.64604609576395
235215,1543.0,1308.4495115126251,234.55048848737488
235225,1600.0,1105.1246403782834,494.8753596217166
235255,573.0,634.7439514476184,-61.74395144761843
235331,1030.0,931.3825047454832,98.61749525451683
235377,900.0,1191.9704051258516,-291.9704051258516
235438,1047.0,1156.8013180675337,-109.80131806753366
235539,850.0,693.654620756076,156.34537924392396
235550,1100.0,1079.305791369982,20.69420863001801
235580,970.0,1056.856160490621,-86.85616049062105
235599,915.0,1138.6846284410349,-223.68462844103487
235606,1080.0,1043.498155468269,36.50184453173097
235618,910.0,1258.119007999445,-348.1190079994451
235626,1307.0,1198.5287379359424,108.47126206405756
235652,1465.0,1225.1335768400552,239.86642315994482
235712,1222.0,1161.4118144114068,60.588185588593205
235717,780.0,894.4229649682336,-114.4229649682336
235718,1185.0,1163.407281449226,21.592718550773952
235786,745.0,660.7044991154213,84.2955008845787
235837,1052.0,985.0717958477118,66.92820415228823
235889,1090.0,1144.2678342208937,-54.26783422089375
235890,1165.0,1123.891634882132,41.10836511786806
235892,750.0,987.0572607138162,-237.05726071381616
235931,522.0,676.8532792487,-154.8532792487
235953,1124.0,1071.4677346909668,52.532265309033164
236013,1136.0,1144.2987287387534,-8.298728738753425
236016,880.0,719.7150753789344,160.28492462106556
236053,1000.0,1074.4088939958938,-74.40889399589378
236085,1284.0,1212.9473284459345,71.05267155406545
236097,455.0,575.0098837567875,-120.00988375678753
236115,793.0,710.3299170395352,82.67008296046481
236138,890.0,1101.7207122101865,-211.72071221018655
236148,1050.0,1123.508792165982,-73.50879216598196
236149,710.0,701.6748375938349,8.325162406165077
236161,1155.0,1054.4717388203474,100.52826117965265
236170,860.0,1210.6196525183896,-350.61965251838956
236185,1223.0,1223.8956212591597,-0.895621259159725
236191,1009.0,1067.3479425697087,-58.34794256970872
236218,1125.0,1144.8724685834466,-19.87246858344656
236233,875.0,1069.0781874295697,-194.07818742956965
236265,760.0,716.9249211671719,43.075078832828126
236323,830.0,973.2625383103747,-143.26253831037468
236351,980.0,1274.8466924425154,-294.8466924425154
236361,1160.0,1208.3465968811847,-48.34659688118472
236370,1210.0,1172.5338182467497,37.46618175325034
236386,1160.0,1162.7300541584375,-2.730054158437497
236402,725.0,706.8755074155889,18.124492584411087
236413,734.0,672.9667643506292,61.033235649370795
236421,1037.0,1030.7126800758338,6.2873199241662405
236423,687.0,700.6245129670731,-13.624512967073088
236430,959.0,1115.6660828814224,-156.66608288142243
236432,1019.0,974.4554475175702,44.54455248242982
236461,1005.0,897.0832165612286,107.9167834387714
236483,1047.0,1146.493032697634,-99.49303269763391
236495,935.0,1027.2894791323258,-92.28947913232582
236507,1169.0,1246.5178797043616,-77.51787970436158
236572,761.0,715.6793374838537,45.320662516146285
236601,985.0,1023.75848827944,-38.75848827944003
236694,1240.0,1202.936222635781,37.06377736421905
236729,1300.0,1123.6050661277807,176.39493387221933
236817,882.0,1103.92133636514,-221.92133636513995
236850,1045.0,1118.912848371253,-73.91284837125295
236856,1320.0,1178.1950766994948,141.80492330050515
236871,815.0,726.5988304612756,88.40116953872439
236909,1030.0,1050.6625492198575,-20.66254921985751
236915,650.0,1118.122486705829,-468.12248670582903
236948,960.0,897.0742012084613,62.92579879153868
236970,964.0,1117.169535526107,-153.16953552610698
237033,716.0,724.1624054949842,-8.162405494984228
237051,820.0,650.589454915967,169.41054508403295
237075,624.0,633.6382100121077,-9.63821001210772
237106,1130.0,1284.2389223852415,-154.2389223852415
237133,820.0,710.6903065662691,109.3096934337309
237136,1400.0,1149.442584293003,250.55741570699706
237157,820.0,721.4787590843246,98.52124091567543
237173,795.0,664.8175657947654,130.18243420523459
237174,705.0,701.199537033182,3.8004629668180314
237199,1107.0,1175.526985625707,-68.52698562570708
237263,1050.0,1182.0360531136591,-132.03605311365914
237266,850.0,1108.9586013074813,-258.95860130748133
237285,1195.0,1132.1491801344534,62.850819865546555
237293,1285.0,1148.0861225799124,136.9138774200876
237313,980.0,1185.0067524738336,-205.00675247383356
237322,1234.0,1137.1750997579932,96.82490024200683
237391,760.0,722.7929858414396,37.207014158560355
237428,865.0,922.8886886519903,-57.888688651990265
237434,605.0,640.7857051942352,-35.78570519423522
237441,950.0,1141.9100260843509,-191.91002608435087
237442,957.0,1083.889947635967,-126.88994763596702
237526,775.0,1089.1343372773129,-314.13433727731285
237543,1165.0,1238.896109184488,-73.89610918448807
237545,1045.0,1105.309972187184,-60.30997218718403
237547,1030.0,1092.8813895557307,-62.88138955573072
237550,944.0,979.280204299524,-35.28020429952403
237551,803.0,665.7174529785567,137.2825470214433
237555,1035.0,1034.5679796139261,0.43202038607387294
237559,1025.0,1030.0037201742994,-5.00372017429936
237580,1265.0,1180.9533099365276,84.0466900634724
237584,1375.0,1262.2262744832367,112.7737255167633
237625,800.0,761.2392337002445,38.76076629975546
237653,1055.0,1218.7330765369882,-163.73307653698816
237661,1090.0,1015.1424179871875,74.85758201281249
237669,1340.0,1185.3361912900446,154.66380870995545
237735,1380.0,1183.1935852650136,196.80641473498645
237775,605.0,691.6288064533463,-86.62880645334633
237778,555.0,744.0781590261365,-189.07815902613652
237814,510.0,623.5470068615273,-113.54700686152728
237846,1150.0,1116.495801195361,33.50419880463892
237856,1330.0,1287.347544840819,42.652455159181045
237879,685.0,660.686200537579,24.313799462421002
237886,1090.0,1114.6835848868361,-24.683584886836115
237896,805.0,703.2967573873683,101.7032426126317
237897,990.0,1227.887586662574,-237.887586662574
237903,645.0,615.4658999810008,29.534100018999197
237916,1061.0,1131.8310929016845,-70.83109290168454
237925,1050.0,1150.6522165638955,-100.65221656389554
237934,980.0,1183.047713462798,-203.0477134627979
237946,1295.0,1129.2963066910681,165.70369330893186
237956,1380.0,1285.3089184988255,94.6910815011745
237958,1015.0,1140.3064028359265,-125.30640283592652
238009,1091.0,916.4266757256249,174.57332427437507
238059,555.0,651.7050051369364,-96.70500513693639
238105,845.0,900.6344190156824,-55.6344190156824
238144,1356.0,1281.6329512611546,74.36704873884537
238157,745.0,660.0320600026942,84.96793999730585
238171,1274.0,1151.3792016849393,122.62079831506071
238195,1260.0,1282.335928964038,-22.335928964037976
238208,1090.0,741.640133718917,348.359866281083
238215,1395.0,1213.7085575986637,181.29144240133633
238220,980.0,976.3754644138647,3.6245355861352664
238234,1300.0,1200.6303431903755,99.36965680962453
238262,995.0,1122.4060901385797,-127.40609013857966
238279,970.0,1165.5785993760046,-195.5785993760046
238295,1490.0,1271.1333550461484,218.86664495385162
238324,1290.0,1204.87305313386,85.12694686614009
238332,605.0,732.7615289572948,-127.76152895729479
238352,585.0,698.1693541649762,-113.1693541649762
238360,645.0,726.1058872210712,-81.10588722107116
238371,900.0,733.7877582589712,166.21224174102883
238372,985.0,751.3682692657136,233.6317307342864
238412,885.0,747.6840514227708,137.31594857722916
238442,650.0,725.1381492971012,-75.13814929710122
238453,845.0,734.0550895701978,110.94491042980223
238476,770.0,740.7728050918383,29.227194908161664
238489,1260.0,1285.2950353319607,-25.295035331960662
238495,1091.0,1151.5100878217966,-60.51008782179656
238501,680.0,630.1045673785417,49.895432621458326
238514,1102.0,1241.8353814669867,-139.83538146698675
238515,985.0,1095.8353163339928,-110.83531633399275
238541,793.0,651.1990314658007,141.80096853419934
238637,1310.0,1279.947733254465,30.052266745535007
238671,930.0,714.7123300576802,215.28766994231978
238692,1126.0,1177.4959731630715,-51.49597316307154
238706,440.0,586.3627677901582,-146.36276779015816
238773,805.0,739.1904960434856,65.80950395651439
238799,795.0,700.9169095476649,94.08309045233511
238805,1200.0,1259.5465706435157,-59.54657064351568
238835,940.0,1120.1017530239392,-180.10175302393918
238842,1130.0,1229.2061066887516,-99.20610668875156
238846,1485.0,1266.363083227465,218.63691677253496
238854,1295.0,1195.545690956837,99.454309043163
238860,212.0,689.6743522619738,-477.6743522619738
238871,601.0,613.6846477841915,-12.684647784191498
238899,758.0,748.6780935423801,9.321906457619889
238902,1530.0,1156.5506961185079,373.44930388149214
238914,945.0,666.6861318411434,278.3138681588566
238917,914.0,885.5164985544865,28.483501445513525
238948,745.0,679.7748669839305,65.22513301606955
238964,1345.0,1065.9712403473457,279.02875965265434
238966,1184.0,1139.7981328862634,44.201867113736625
238993,1124.0,1122.4236062585512,1.5763937414487827
239006,1346.0,1223.297636239239,122.70236376076105
239023,1495.0,1119.8322849924907,375.1677150075093
239059,945.0,1035.4058585015919,-90.40585850159187
239086,1130.0,1163.1383962312614,-33.13839623126137
239100,570.0,727.255265600598,-157.25526560059802
239129,1180.0,1017.9613108558394,162.03868914416057
239139,780.0,698.954141174268,81.04585882573201
239142,760.0,676.3226250065245,83.6773749934755
239146,1210.0,1183.5213852109741,26.47861478902587
239157,605.0,675.560584208742,-70.56058420874194
239174,1305.0,1179.108355351574,125.89164464842611
239242,1335.0,1157.8909374061807,177.10906259381932
239257,1050.0,923.0799334596588,126.92006654034117
239302,820.0,1096.503173317828,-276.503173317828
239316,875.0,678.9079561128877,196.09204388711225
239353,1179.0,1145.3369399761302,33.663060023869775
239454,915.0,1140.7522315001474,-225.75223150014745
239473,1020.0,1124.4235256597726,-104.42352565977262
239475,1010.0,1152.6617008715336,-142.66170087153364
239476,810.0,657.4925773468176,152.5074226531824
239479,720.0,628.1642715451468,91.83572845485321
239506,845.0,725.4013191020978,119.59868089790223
239512,1080.0,1156.311922701387,-76.31192270138695
239536,440.0,678.3945857452388,-238.39458574523883
239538,1245.0,1132.1019480724133,112.89805192758672
239542,705.0,689.6054631999194,15.394536800080573
239551,740.0,721.0779136968315,18.9220863031685
239556,1175.0,1241.6798569983005,-66.67985699830047
239570,725.0,717.4862450414678,7.513754958532218
239580,1165.0,1137.1401036965462,27.859896303453752
239583,660.0,915.3284307791272,-255.3284307791272
239596,1069.0,1041.2454284208295,27.754571579170488
239606,1260.0,1271.6373372773191,-11.637337277319148
239611,675.0,694.2826095324679,-19.28260953246786
239624,775.0,1147.3776859342097,-372.3776859342097
239642,1135.0,1059.3373248522507,75.66267514774927
239645,510.0,685.3845226113795,-175.38452261137945
239672,720.0,586.3967285092389,133.60327149076113
239715,1320.0,1284.8006019134946,35.199398086505425
239717,1240.0,1132.7792818240978,107.22071817590222
239755,1420.0,1232.6808779841622,187.31912201583782
239758,1055.0,1131.0598381187826,-76.05983811878264
239817,988.0,1178.392927409821,-190.3929274098209
239819,975.0,1259.9092952370142,-284.90929523701425
239848,945.0,1003.1989135641478,-58.1989135641478
239853,1455.0,1205.6364136369584,249.36358636304158
239902,605.0,609.0001552017915,-4.000155201791472
239932,1665.0,1291.333759557323,373.666240442677
239951,931.0,964.2671837917219,-33.26718379172189
239978,1082.0,1223.3092947710136,-141.30929477101358
240012,685.0,702.3500529171073,-17.35005291710729
240015,1095.0,1067.7256918732053,27.274308126794722
240027,1150.0,1233.0731013378952,-83.0731013378952
240047,675.0,733.3727450573548,-58.37274505735479
240142,790.0,665.7334865966927,124.26651340330727
240182,730.0,725.1442763846653,4.855723615334682
240202,1050.0,1154.5144577358158,-104.51445773581577
240206,1450.0,1154.2124337897171,295.7875662102829
240223,1360.0,1236.5726430431514,123.4273569568486
240234,1160.0,1128.1100765743122,31.88992342568781
240245,715.0,751.9485869790597,-36.948586979059655
240247,1100.0,1236.8049676136152,-136.8049676136152
240256,805.0,720.6770538424878,84.3229461575122
240299,959.0,1220.847400118355,-261.8474001183549
240305,1100.0,1223.760516767587,-123.76051676758698
240319,1430.0,1294.3618484794106,135.63815152058942
240322,695.0,696.1563310879801,-1.1563310879801065
240332,905.0,1146.4584139713572,-241.45841397135723
240348,692.0,669.2220495174558,22.777950482544156
240363,862.0,1210.9882836815495,-348.98828368154955
240389,825.0,610.168909588841,214.83109041115904
240426,1040.0,1164.9018000920792,-124.90180009207916
240435,524.0,684.891959163173,-160.89195916317306
240457,1355.0,1243.9142585230015,111.08574147699846
240459,635.0,583.9953392790136,51.00466072098641
240497,639.0,706.8540705873909,-67.85407058739088
240521,525.0,695.4757737078157,-170.47577370781573
240528,585.0,670.9823515696744,-85.98235156967439
240568,992.0,1024.3205930606118,-32.32059306061183
240588,981.0,953.5349007563034,27.465099243696613
240656,1040.0,1182.5385858530271,-142.53858585302714
240661,1080.0,1040.1680642162025,39.83193578379746
240685,760.0,720.6951891883496,39.30481081165044
240706,1140.0,1169.923203478197,-29.92320347819691
240717,683.0,678.9384372124866,4.061562787513367
240725,1150.0,1132.8049574405645,17.19504255943548
240783,1150.0,1281.9196572580483,-131.91965725804835
240821,786.0,655.9540923500774,130.04590764992258
240893,659.0,566.2204558646877,92.77954413531234
240919,577.0,730.5303943697769,-153.5303943697769
240948,1670.0,1280.5285136950101,389.47148630498987
241003,1385.0,1210.764143612424,174.23585638757595
241070,645.0,687.8359279481052,-42.83592794810522
241112,550.0,699.1908366368727,-149.19083663687275
241124,1363.0,1092.959054856628,270.040945143372
241193,1125.0,1148.7717972594944,-23.771797259494406
241204,1130.0,1228.8932903880068,-98.89329038800679
241228,1014.0,1097.0244488771154,-83.02444887711545
241230,855.0,716.9989558690651,138.00104413093493
241273,1246.0,1194.0085254461703,51.991474553829676
241283,1057.0,974.5019249698707,82.49807503012926
241304,1055.0,1208.6979611388185,-153.69796113881853
241315,912.0,1251.9787689984462,-339.9787689984462
241322,1000.0,1272.880359447124,-272.88035944712396
241369,1320.0,1316.8497201522346,3.1502798477654324
241383,670.0,925.8973235248137,-255.89732352481371
241391,1045.0,986.2897322771481,58.71026772285188
241412,767.0,636.5261131054863,130.47388689451373
241417,1165.0,1213.610556162875,-48.6105561628749
241428,1036.0,1024.5815756866693,11.41842431333066
241436,1520.0,1271.0384682617262,248.96153173827383
241459,645.0,683.354582791964,-38.35458279196405
241473,920.0,709.3225808348129,210.67741916518708
241506,915.0,997.2568709195807,-82.2568709195807
241603,1290.0,1221.248696621272,68.75130337872793
241626,750.0,715.0722334477563,34.927766552243725
241635,1049.0,1210.5022557717039,-161.50225577170386
241642,1241.0,1163.7757375598467,77.22426244015332
241654,1260.0,1144.0670922111044,115.93290778889559
241661,605.0,638.3593738006172,-33.35937380061716
241669,1190.0,1147.5981441330978,42.401855866902224
241692,851.0,631.0118380370945,219.98816196290545
241716,1185.0,1125.4873851736659,59.51261482633413
241724,1300.0,1149.4018203407923,150.59817965920774
241763,1213.0,1136.8479650293748,76.15203497062521
241787,1365.0,1295.4113169796613,69.58868302033875
241802,560.0,719.3344443190907,-159.33444431909072
241865,1280.0,1138.3349744625239,141.66502553747614
241872,955.0,1026.9697251932255,-71.96972519322549
241880,1420.0,1306.0488948854008,113.95110511459916
241882,592.0,698.2097302143623,-106.20973021436225
241908,1135.0,1164.2185512696558,-29.21855126965579
241924,745.0,618.0281364747512,126.97186352524875
241957,1060.0,1104.0563922350104,-44.056392235010435
241963,1170.0,1161.714221830798,8.285778169202104
241972,1305.0,1267.0853991050774,37.914600894922614
242002,694.0,684.7387509341352,9.261249065864831
242019,1301.0,1130.5110743566097,170.4889256433903
242029,1160.0,1255.5405857338792,-95.5405857338792
242080,1488.0,1120.2203096764563,367.7796903235437
242124,1055.0,1069.0335157077855,-14.033515707785455
242128,1245.0,1143.862835452316,101.13716454768405
242136,805.0,709.4292042986162,95.57079570138376
242144,755.0,897.1324261143491,-142.13242611434907
242179,1035.0,1067.5348799524813,-32.53487995248133
242184,830.0,966.4072948247555,-136.40729482475547
242211,882.0,708.3681814581604,173.6318185418396
242255,1300.0,1132.2282773951365,167.7717226048635
242298,1140.0,1196.619785959948,-56.6197859599481
242323,786.0,670.2124336813812,115.78756631861881
242334,1120.0,1244.8732175426676,-124.87321754266759
242365,981.0,1210.4262062186076,-229.4262062186076
242400,1001.0,1096.3507164099249,-95.35071640992487
242419,1115.0,1101.1944114566757,13.805588543324347
242422,1135.0,1161.8145708197414,-26.814570819741448
242478,1136.0,1117.675562336465,18.324437663535036
242493,1150.0,1004.243140478004,145.75685952199603
242541,1225.0,1113.1698166099818,111.83018339001819
242590,950.0,1085.0704976499185,-135.07049764991848
242597,882.0,1072.438610937527,-190.43861093752707
242652,1260.0,1130.1396357877486,129.8603642122514
242666,728.0,1041.0470667476288,-313.04706674762883
242686,1370.0,1306.2677438166609,63.73225618333913
242699,1071.0,1159.7386287690786,-88.73862876907856
242703,1045.0,1187.0499706663607,-142.04997066636065
242716,1165.0,1163.9220068918037,1.077993108196324
242733,745.0,716.6897173956585,28.310282604341523
242747,715.0,696.3121333873004,18.687866612699622
242781,695.0,768.8650207002216,-73.86502070022163
242799,1290.0,1237.3612779472116,52.63872205278835
242812,543.0,747.2579448676236,-204.25794486762356
242871,1240.0,1060.6257688461221,179.37423115387787
242885,825.0,612.2957521340331,212.70424786596686
242983,710.0,713.6713872317566,-3.6713872317566256
243003,1030.0,1098.79712422909,-68.79712422909006
243016,756.0,666.0790007954936,89.92099920450642
243024,821.0,679.1956113037367,141.80438869626335
243041,700.0,704.3730212930525,-4.3730212930524885
243054,1355.0,1169.8196702733703,185.18032972662968
243058,830.0,734.6672872976601,95.3327127023399
243068,929.0,983.8397529178233,-54.83975291782326
243073,1405.0,1254.7242518999415,150.27574810005854
243166,1092.0,1027.7675588831196,64.23244111688041
243193,1535.0,1232.7757528603024,302.2242471396976
243204,694.0,729.7138287653214,-35.71382876532141
243209,1047.0,1079.9143817907725,-32.914381790772495
243235,535.0,638.0314536523395,-103.03145365233945
243236,925.0,1155.9776916417684,-230.9776916417684
243240,1300.0,1046.928926812574,253.071073187426
243247,750.0,714.976127004995,35.023872995005036
243268,805.0,936.0517917441556,-131.0517917441556
243295,1320.0,1120.7995884469738,199.20041155302624
243312,1410.0,1274.8050555237169,135.19494447628313
243319,1270.0,1244.5307295708374,25.469270429162634
243334,808.0,883.7835348539572,-75.78353485395724
243406,1423.0,1105.4532661354153,317.54673386458467
243437,1200.0,1132.1074199324569,67.89258006754312
243456,720.0,733.1417842087599,-13.141784208759873
243485,738.0,709.6196446817709,28.380355318229135
243487,695.0,635.2954959505084,59.70450404949156
243519,980.0,1109.8369004763515,-129.8369004763515
243558,546.0,718.5619796299923,-172.56197962999227
243615,750.0,669.7005063476703,80.29949365232972
243617,992.0,1137.0079416070678,-145.00794160706778
243659,535.0,686.4308495713256,-151.43084957132555
243663,1360.0,1115.887393510976,244.11260648902407
243670,1200.0,1040.5054306051302,159.4945693948698
243708,1223.0,1103.552557886554,119.44744211344596
243763,769.0,1007.6848485336096,-238.68484853360962
243799,1070.0,1113.2181820146118,-43.218182014611784
243855,1300.0,1184.1851331913244,115.81486680867556
243857,530.0,713.4357649727036,-183.43576497270362
243883,940.0,1232.9585028498063,-292.95850284980634
243943,1140.0,1159.7192621545414,-19.71926215454141
243946,575.0,628.5759725596141,-53.575972559614115
243966,970.0,1003.3443766880307,-33.34437668803071
243974,890.0,1070.6974963134974,-180.69749631349737
244008,1190.0,1070.1660205908595,119.83397940914051
244019,800.0,633.9336966736753,166.06630332632471
244022,555.0,661.1430471904879,-106.14304719048789
244030,710.0,699.239383686508,10.76061631349205
244057,1140.0,1273.850281949823,-133.85028194982306
244070,500.0,650.4315174100453,-150.43151741004533
244072,1250.0,1250.9944654676945,-0.9944654676944538
244134,627.0,630.7599431434097,-3.759943143409714
244151,1169.0,1139.3246158439758,29.675384156024165
244204,513.0,698.8651604466754,-185.86516044667542
244212,1460.0,1246.5293570589547,213.4706429410453
244269,1047.0,1135.8902381308942,-88.8902381308942
244277,900.0,1149.0180497101358,-249.01804971013576
244306,1085.0,1068.5195778907616,16.48042210923836
244389,715.0,701.0907992334136,13.909200766586423
244402,1245.0,1297.8643060768406,-52.86430607684065
244450,1085.0,1120.5022686042453,-35.50226860424527
244485,1470.0,1281.3523408729814,188.64765912701864
244504,1418.0,1054.068301262897,363.93169873710303
244520,805.0,1112.242091871745,-307.24209187174506
244523,1365.0,1192.7259245022174,172.27407549778263
244531,1455.0,1147.7869775141467,307.21302248585334
244568,1126.0,1110.30183433182,15.698165668180081
244597,955.0,1291.046363715094,-336.046363715094
244626,1042.0,1208.0740142865625,-166.0740142865625
244698,1115.0,964.6377952205618,150.36220477943823
244713,706.0,712.692395043751,-6.692395043751048
244762,1145.0,1262.8410603644904,-117.84106036449043
244768,1125.0,1143.5849867840684,-18.584986784068406
244781,980.0,1082.2074765508853,-102.2074765508853
244785,1315.0,1021.3472229740374,293.65277702596256
244789,755.0,704.6181989092387,50.381801090761314
244842,1105.0,999.3683681359825,105.63163186401755
244855,585.0,611.1516089286678,-26.15160892866777
244862,485.0,631.369089997826,-146.369089997826
244880,1605.0,1289.4048801109427,315.5951198890573
244917,1370.0,1228.0181601900383,141.98183980996168
244946,1570.0,1143.2601203020922,426.7398796979078
244989,733.0,722.8926016462314,10.107398353768644
245004,1310.0,1183.0024359545664,126.99756404543359
245008,870.0,906.2127882360523,-36.21278823605235
245078,1475.0,1196.4555299259482,278.5444700740518
245083,551.0,722.9038210637035,-171.9038210637035
245113,935.0,1017.8620513395929,-82.86205133959288
245130,570.0,668.5388992890908,-98.53889928909075
245131,620.0,617.3183083161941,2.681691683805866
245144,1130.0,1110.409552114805,19.59044788519509
245171,1005.0,1100.5053011318794,-95.50530113187938
245189,855.0,706.6401062085292,148.35989379147077
245193,530.0,653.0937360163101,-123.09373601631012
245205,948.0,1224.1460140615316,-276.14601406153156
245209,660.0,700.5048825753687,-40.5048825753687
245260,1460.0,1239.56998457114,220.4300154288601
245271,1480.0,1218.0884313641131,261.91156863588685
245281,1090.0,898.3610611161456,191.6389388838544
245332,950.0,1089.431983200623,-139.4319832006231
245336,1230.0,1142.4806628677973,87.51933713220274
245354,1150.0,1204.1983427343637,-54.19834273436368
245390,830.0,651.5114367677791,178.48856323222094
245392,1091.0,1180.7110829261424,-89.71108292614235
245432,1286.0,1117.5929927366421,168.40700726335785
245467,663.0,653.3827790062237,9.6172209937763
245485,1105.0,945.8095023313548,159.1904976686452
245501,1380.0,1260.262635585472,119.73736441452797
245517,546.0,578.2541478425297,-32.25414784252973
245522,930.0,1042.9388247465174,-112.93882474651741
245553,1334.0,1191.0144989766725,142.98550102332752
245608,750.0,688.4222834330504,61.57771656694956
245625,1610.0,1286.7956287664838,323.2043712335162
245628,800.0,667.0088734003482,132.9911265996518
245634,800.0,918.7729880654452,-118.77298806544525
245655,1270.0,1090.6444288975676,179.35557110243235
245672,1270.0,1238.4595016037931,31.540498396206885
245694,501.0,640.7567388457162,-139.7567388457162
245704,740.0,596.2336661795796,143.7663338204204
245705,925.0,1021.7730605935998,-96.77306059359978
245767,835.0,692.5665862270731,142.43341377292688
245783,785.0,670.4092461116919,114.59075388830809
245824,580.0,741.2436393225283,-161.24363932252834
245851,1145.0,1111.5148845750643,33.48511542493566
245869,870.0,878.8833204617378,-8.883320461737753
245892,1050.0,1168.4975181789807,-118.49751817898073
245911,1160.0,1077.0283931507383,82.97160684926166
245934,1315.0,1068.967450653095,246.03254934690494
245967,585.0,703.2967573873683,-118.2967573873683
245981,920.0,695.7012521962971,224.2987478037029
246059,1240.0,1241.870712024225,-1.8707120242249857
246065,1350.0,1256.324257397836,93.67574260216406
246075,1290.0,1297.3589106723034,-7.358910672303409
246099,1115.0,1288.9255582860721,-173.92555828607215
246142,766.0,1063.4153917582598,-297.41539175825983
246155,905.0,1071.7616264777014,-166.76162647770138
246183,980.0,1147.4426542962208,-167.44265429622078
246197,1480.0,1254.3699813636192,225.63001863638078
246199,1155.0,1215.327850253602,-60.32785025360204
246224,561.0,697.2793921707836,-136.27939217078358
246272,1155.0,1050.0281077166253,104.9718922833747
246289,545.0,688.9957502687217,-143.99575026872174
246334,1240.0,1140.5286946640872,99.4713053359128
246335,715.0,676.7661890481504,38.23381095184959
246374,1290.0,1302.733734709462,-12.733734709461942
246431,990.0,1042.7513406365906,-52.75134063659061
246437,950.0,723.8505277266189,226.1494722733811
246439,845.0,750.7961229277453,94.20387707225473
246460,832.0,681.5270039249725,150.47299607502748
246525,1495.0,1293.0039946457528,201.99600535424725
246547,880.0,733.9968725940213,146.00312740597872
246552,1370.0,1271.839235925107,98.160764074893
246560,686.0,743.9705964614769,-57.97059646147693
246605,485.0,643.8964969798227,-158.8964969798227
246619,940.0,1016.2834841929049,-76.2834841929049
246674,1350.0,1172.0646685435388,177.9353314564612
246680,890.0,1171.4949340078113,-281.49493400781125
246727,1124.0,1051.176346729325,72.8236532706751
246760,970.0,1090.5099505787302,-120.50995057873024
246766,1210.0,1021.4443205368344,188.55567946316557
246772,893.0,1087.4344963145738,-194.43449631457383
246843,1173.0,1094.8713074355758,78.12869256442423
246875,535.0,688.1475325174619,-153.14753251746185
246907,685.0,583.784167795271,101.21583220472905
246916,615.0,728.7673869892604,-113.76738698926044
246918,720.0,735.9001729016035,-15.900172901603469
246934,695.0,617.510735086907,77.48926491309305
246971,660.0,624.7863025703743,35.213697429625654
246985,1274.0,1272.5697120819048,1.430287918095246
247046,1091.0,1131.4203247797275,-40.42032477972748
247047,1425.0,1279.660044653746,145.3399553462541
247055,948.0,1002.8591086311519,-54.85910863115191
247060,845.0,709.7148694550785,135.28513054492146
247074,1090.0,1068.8650640690555,21.134935930944494
247081,760.0,955.5528529353296,-195.5528529353296
247085,992.0,986.548381926097,5.451618073902978
247101,1047.0,1089.839624005527,-42.83962400552696
247131,950.0,1127.4114433886257,-177.41144338862568
247145,1170.0,1252.5712246599044,-82.57122465990437
247151,685.0,721.4171939393751,-36.417193939375125
247155,665.0,921.2196371589499,-256.2196371589499
247201,1142.0,1103.2942264042283,38.70577359577169
247205,834.0,727.5537631616052,106.44623683839484
247226,1147.0,1071.9675510005113,75.03244899948868
247273,711.0,715.3986598547784,-4.39865985477843
247282,1091.0,1105.4532661354153,-14.453266135415333
247361,979.0,927.6037596130128,51.39624038698719
247494,1045.0,1092.8920579625646,-47.89205796256465
247514,948.0,948.6856049115564,-0.6856049115564247
247517,882.0,1044.5656436647823,-162.56564366478233
247538,1400.0,1076.579704082454,323.4202959175459
247551,1070.0,1090.6893626852286,-20.689362685228616
247557,1257.0,1192.572910989934,64.42708901006608
247574,1270.0,1140.8480993202222,129.15190067977778
247601,660.0,684.2169785367121,-24.216978536712077
247624,1080.0,1189.3935848393737,-109.39358483937372
247639,1081.0,1073.3564600842237,7.643539915776273
247645,745.0,746.5299005903041,-1.5299005903041234
247712,1301.0,1270.8749015311232,30.125098468876786
247715,634.0,588.9226370673566,45.07736293264338
247718,1080.0,1060.943691533574,19.05630846642589
247745,1108.0,1066.185699133266,41.8143008667339
247785,1091.0,1125.7932702103683,-34.79327021036829
247793,1389.0,1093.5755355373947,295.42446446260533
247830,1230.0,1112.9922816580975,117.00771834190255
247840,1047.0,1171.7602589440921,-124.76025894409213
247849,846.0,1190.1074088325984,-344.10740883259837
247914,1120.0,1209.7588053992213,-89.75880539922127
247951,1221.0,1273.256507385927,-52.25650738592708
248015,1289.0,1110.6174867310683,178.3825132689317
248017,1010.0,1145.8564913697921,-135.85649136979214
248039,815.0,691.0028971913079,123.99710280869215
248047,670.0,689.4271966930769,-19.427196693076894
248055,975.0,1170.162869872538,-195.16286987253807
248056,1131.0,1288.9375220747083,-157.93752207470834
248110,1328.0,1063.792608475697,264.2073915243029
248158,992.0,1030.8074737408294,-38.80747374082944
248173,701.0,647.2324415018677,53.7675584981323
248257,1147.0,962.8726944481552,184.12730555184476
248265,1014.0,1099.2309443789256,-85.23094437892564
248318,515.0,723.9908275329045,-208.99082753290452
248321,1470.0,1188.1888966596678,281.81110334033224
248343,970.0,906.3027633017754,63.69723669822463
248377,848.0,978.7757498421508,-130.77574984215084
248382,880.0,694.5286683847979,185.47133161520208
248392,1025.0,1087.0336166453062,-62.03361664530621
248419,1003.0,1010.3695375214805,-7.369537521480538
248451,1070.0,1048.0015297841924,21.99847021580763
248503,1330.0,1110.9746731067337,219.0253268932663
248531,1169.0,1046.0852692541237,122.91473074587634
248535,1005.0,723.8143167598137,281.18568324018634
248540,639.0,619.9936941448022,19.006305855197752
248563,679.0,734.7818437889811,-55.781843788981064
248564,1097.0,1200.760388711708,-103.76038871170795
248580,695.0,689.6530180483602,5.346981951639805
248692,1573.0,1235.4053882033552,337.5946117966448
248745,893.0,992.2309248426374,-99.23092484263736
248810,1287.0,1013.3294403045237,273.6705596954763
248817,553.0,682.7136111370143,-129.71361113701425
248835,952.0,1102.4891473251657,-150.48914732516573
248857,1265.0,1016.4802864932063,248.51971350679366
248892,765.0,661.6854492972568,103.31455070274319
248982,729.0,949.9871142411342,-220.98711424113424
248983,930.0,957.6383553026493,-27.638355302649302
248999,620.0,720.8203977161991,-100.82039771619907
249021,1176.0,1217.6963369003875,-41.69633690038745
249030,1164.0,1089.7546234134295,74.2453765865705
249066,1179.0,1220.3548937938406,-41.354893793840574
249112,1152.0,1039.1613108766908,112.83868912330922
249120,610.0,694.5007828630274,-84.50078286302744
249140,865.0,1068.0158497009288,-203.0158497009288
249218,970.0,1172.5295188651942,-202.52951886519418
249232,1125.0,1139.9909001498381,-14.990900149838126
249254,1158.0,1115.2221695044966,42.777830495503395
249288,957.0,1077.1731174092138,-120.17311740921377
249304,865.0,632.4901389689622,232.50986103103776
249342,580.0,597.8239063174116,-17.82390631741157
249344,1445.0,1316.1717859745002,128.82821402549985
249469,510.0,683.6621560805689,-173.66215608056893
249529,1095.0,1008.7540408336458,86.24595916635417
249533,1000.0,1098.6287137916481,-98.62871379164812
249553,790.0,696.1384190402201,93.86158095977987
249557,740.0,925.8390718996832,-185.83907189968318
249606,1030.0,1216.2339274186002,-186.23392741860016
249610,665.0,575.6327900715032,89.36720992849678
249625,1495.0,1322.0358084648205,172.96419153517945
249631,930.0,736.3192351038493,193.68076489615066
249660,1069.0,1025.026564015784,43.97343598421594
249665,1385.0,1130.7296158734123,254.27038412658771
249677,640.0,683.4384015295441,-43.43840152954408
249689,890.0,701.340795670803,188.659204329197
249771,1015.0,1265.5482878247128,-250.54828782471282
249774,1065.0,1304.3996551131424,-239.39965511314244
249825,1200.0,1070.2775838307307,129.7224161692693
249866,850.0,992.1677709995421,-142.16777099954209
249895,740.0,720.6368352664715,19.363164733528492
250015,785.0,745.7791167181375,39.220883281862484
250084,1200.0,944.0284060707941,255.97159392920594
250127,1290.0,1254.9592711289724,35.04072887102757
250136,815.0,626.2747765803248,188.72522341967522
250151,755.0,652.4641283276669,102.53587167233309
250167,887.0,922.349980700933,-35.349980700932974
250174,1280.0,1317.8892842154978,-37.88928421549781
250193,1165.0,1202.5471211922913,-37.54712119229134
250207,870.0,1107.8597719787108,-237.8597719787108
250216,1230.0,1116.6104894863545,113.38951051364552
250283,791.0,650.7500435642916,140.24995643570844
250301,1620.0,1311.9919284403074,308.00807155969255
250310,548.0,696.4343900089954,-148.43439000899536
250390,915.0,1175.921042349365,-260.92104234936505
250425,500.0,674.3779500030819,-174.37795000308188
250439,1230.0,1221.161385055127,8.838614944872916
250457,830.0,866.9732103261606,-36.9732103261606
250486,1168.0,1150.6858951666165,17.314104833383453
250511,915.0,1210.7542311039606,-295.7542311039606
250515,1125.0,1243.9973579449372,-118.99735794493722
250520,1133.0,1189.733364459278,-56.73336445927794
250526,815.0,1191.4413575746992,-376.44135757469917
250537,1009.0,1053.4763188618826,-44.476318861882646
250538,805.0,714.7110229890078,90.2889770109922
250541,881.0,1054.8205965275824,-173.82059652758244
250580,770.0,722.2375965825819,47.76240341741811
250619,1180.0,1110.9713926164939,69.02860738350614
250628,450.0,695.2451964665346,-245.2451964665346
250670,1345.0,1170.3724519395305,174.6275480604695
250717,1265.0,1125.0315741770337,139.9684258229663
250728,1000.0,1101.166013944384,-101.16601394438408
250755,781.0,739.3227987463586,41.67720125364144
250757,1620.0,1315.34015539794,304.65984460206005
250761,1325.0,735.485886636592,589.514113363408
250794,1220.0,1149.3552697303512,70.64473026964879
250866,1525.0,1287.5411517523632,237.45884824763675
250925,1095.0,1093.6261287138657,1.3738712861343174
250951,1285.0,1193.3259366088582,91.67406339114177
251005,960.0,976.2694524452007,-16.269452445200727
251017,1200.0,1075.6379950135681,124.36200498643188
251055,1050.0,1132.6156141969009,-82.61561419690088
251064,650.0,655.856601116182,-5.8566011161819915
251118,625.0,680.0677515106717,-55.067751510671656
251127,562.0,701.5151713815801,-139.5151713815801
251162,1219.0,1114.1527421568246,104.84725784317538
251240,560.0,729.933537790903,-169.93353779090296
251268,1127.0,1007.2143555119624,119.78564448803763
251283,1055.0,1191.893108254766,-136.89310825476605
251289,1310.0,1277.3239604863024,32.67603951369756
251309,642.0,733.9178818339872,-91.91788183398717
251313,555.0,616.5725792879881,-61.572579287988106
251366,965.0,1024.5342857368328,-59.53428573683277
251387,560.0,632.3760855249827,-72.37608552498273
251419,758.0,700.7966986810139,57.203301318986064
251479,1180.0,1178.5007224145409,1.49927758545914
251489,778.0,744.1298601301766,33.87013986982345
251497,1495.0,1291.5777194954057,203.42228050459426
251546,1425.0,1139.9414707567164,285.0585292432836
251558,785.0,728.1904491707174,56.80955082928256
251590,890.0,759.8938717253653,130.10612827463467
251612,553.0,686.6629172282903,-133.66291722829033
251662,1155.0,1304.8726441625229,-149.87264416252287
251671,785.0,656.1047702217221,128.8952297782779
251689,1280.0,1068.2881946509137,211.71180534908626
251781,1030.0,1096.8844784388498,-66.88447843884978
251800,1246.0,1129.2698113298873,116.73018867011274
251840,524.0,720.864643995748,-196.864643995748
251865,685.0,697.280725779506,-12.280725779506042
251885,815.0,702.6055116608723,112.39448833912775
251905,1010.0,1126.2036072287926,-116.20360722879263
251985,755.0,689.1519772202784,65.84802277972165
251999,914.0,956.4690856542744,-42.46908565427441
252042,1058.0,1192.8752668894201,-134.87526688942012
252128,955.0,1254.2041896517894,-299.2041896517894
252187,992.0,938.5782523585397,53.42174764146034
252198,1315.0,1267.722075421489,47.27792457851092
252204,1110.0,1289.248664783907,-179.2486647839071
252207,1205.0,1053.3191681694668,151.68083183053318
252248,1040.0,1327.3411569920502,-287.3411569920502
252266,855.0,755.184781567951,99.81521843204905
252267,1190.0,1207.247147154423,-17.24714715442292
252273,1470.0,1255.188444869232,214.81155513076806
252282,1030.0,961.6426896191608,68.35731038083918
252299,662.0,717.0387000162972,-55.038700016297184
252300,765.0,669.7324855283141,95.2675144716859
252317,1303.0,1236.3671071130116,66.63289288698843
252329,1010.0,1133.7092020885295,-123.70920208852954
252355,1520.0,1302.891068013894,217.10893198610597
252376,690.0,701.4752714571274,-11.475271457127405
252417,1210.0,1074.0021241627715,135.99787583722855
252441,667.0,680.5494077200485,-13.54940772004852
252447,880.0,724.6693625247841,155.3306374752159
252463,1267.0,1162.5619840544962,104.43801594550382
252472,1120.0,1153.6964974701248,-33.69649747012477
252484,1160.0,1081.5206013023176,78.47939869768243
252490,965.0,1129.8307698442118,-164.83076984421177
252523,810.0,955.2784625099405,-145.27846250994048
252530,1396.0,1191.7794432688308,204.22055673116915
252536,990.0,1139.4738865060438,-149.47388650604375
252541,820.0,717.0935303404408,102.9064696595592
252551,1000.0,1047.4842684196963,-47.484268419696264
252579,550.0,671.1832591982087,-121.1832591982087
252583,475.0,673.846991484117,-198.84699148411698
252618,1390.0,1108.098709825549,281.9012901744511
252626,1085.0,1087.3980536612266,-2.3980536612266405
252628,765.0,695.6163516214318,69.38364837856818
252640,1260.0,1297.0128529460794,-37.01285294607942
252663,565.0,666.2625734942355,-101.26257349423554
252743,1420.0,1210.6172277624146,209.3827722375854
252806,842.0,718.9524295291492,123.04757047085081
252820,830.0,716.052103875328,113.94789612467196
252872,765.0,763.6319176406968,1.36808235930323
252876,990.0,1070.4795604022404,-80.4795604022404
252912,1020.0,1148.5188502963601,-128.51885029636014
252924,845.0,1149.0714069258565,-304.07140692585654
252927,630.0,654.8237521489536,-24.823752148953645
252991,1090.0,1098.8069654685482,-8.806965468548242
253013,1110.0,1096.2036481316388,13.796351868361171
253022,555.0,718.3684611599757,-163.3684611599757
253056,1380.0,1262.7481198593114,117.25188014068863
253071,890.0,697.9623408950179,192.03765910498214
253183,1210.0,1182.377644019841,27.622355980159
253207,1230.0,1134.9435484365335,95.05645156346645
253212,975.0,1082.4878419960087,-107.48784199600868
253214,1165.0,1097.5303572197108,67.46964278028918
253227,1540.0,1051.0284797382305,488.97152026176946
253251,820.0,693.1270651724676,126.87293482753239
253336,880.0,889.2108549097771,-9.21085490977714
253337,1145.0,1009.1883285725262,135.8116714274738
253361,1285.0,1156.5776017698445,128.42239823015552
253367,1175.0,1044.111507193787,130.88849280621298
253418,845.0,697.3961943543869,147.60380564561308
253453,495.0,694.9052539703055,-199.90525397030547
253459,987.0,1073.2763509592403,-86.27635095924029
253503,965.0,1119.495807210058,-154.49580721005805
253553,545.0,711.6376037245734,-166.6376037245734
253572,1205.0,1231.3719563494024,-26.371956349402353
253573,645.0,687.9505927669722,-42.95059276697225
253580,1500.0,1304.0522515231328,195.94774847686722
253621,720.0,694.9994949402113,25.00050505978868
253623,75.0,1215.7482867672995,-1140.7482867672995
253632,984.0,1065.0383000406782,-81.03830004067822
253642,1355.0,1263.2024768414644,91.79752315853557
253655,715.0,630.8006208187504,84.19937918124958
253689,1385.0,1298.6482940410717,86.35170595892828
253731,1260.0,1271.4393236227525,-11.439323622752454
253811,955.0,965.7789024809761,-10.778902480976058
253862,755.0,709.042398581911,45.957601418088984
253863,710.0,715.9773479382935,-5.977347938293519
253864,1200.0,1296.1858118444006,-96.18581184440063
253877,1115.0,1287.4765765713598,-172.47657657135983
253937,1170.0,1043.075810838408,126.92418916159204
253949,955.0,1131.593535719528,-176.59353571952806
253959,1000.0,747.0313423795193,252.9686576204807
253988,975.0,1059.6011723941094,-84.60117239410943
253993,1495.0,1295.4319227458857,199.5680772541143
254033,1240.0,1065.4581980496491,174.54180195035087
254061,1020.0,1241.9231069004388,-221.92310690043882
254063,1340.0,1275.730606488022,64.26939351197802
254134,593.0,697.0389866295034,-104.03898662950337
254151,675.0,650.7311994885706,24.26880051142939
254197,789.0,1133.4835786979154,-344.4835786979154
254214,628.0,700.0627565393723,-72.06275653937234
254219,1330.0,1137.883115989218,192.1168840107821
254233,765.0,712.377420761452,52.62257923854804
254239,750.0,755.9339121045844,-5.933912104584351
254313,880.0,725.6720250710036,154.32797492899635
254316,838.0,1081.9266833198826,-243.9266833198826
254331,992.0,1075.3259838056747,-83.3259838056747
254347,700.0,688.2265531167321,11.773446883267866
254367,1215.0,1259.5861509775598,-44.58615097755978
254412,950.0,1066.53540747815,-116.53540747815009
254413,1394.0,1133.0817253722962,260.9182746277038
254492,1240.0,1196.6402760195087,43.35972398049125
254511,668.0,593.1075831680465,74.89241683195348
254609,461.0,659.0944547866409,-198.09445478664088
254703,1110.0,1185.4116889571371,-75.41168895713713
254738,880.0,702.1529854254384,177.84701457456163
254743,550.0,715.4461618783622,-165.4461618783622
254772,760.0,694.2072894439119,65.79271055608808
254779,678.0,721.447028426059,-43.44702842605898
254957,1157.0,1130.1469869049333,26.85301309506667
254967,1168.0,1115.5816893883677,52.41831061163225
254983,758.0,637.2335345885162,120.76646541148375
255011,490.0,678.8655668429715,-188.86556684297148
255025,932.0,956.6677489037243,-24.66774890372426
255137,1355.0,1301.8951030540009,53.104896945999144
255163,1585.0,1107.1960824315045,477.80391756849554
255197,1372.0,1300.2397918546596,71.76020814534036
255243,1110.0,1152.279725906466,-42.279725906465956
255274,985.0,1078.4931478480698,-93.49314784806984
255312,1215.0,1223.0434212196003,-8.043421219600305
255340,1020.0,965.2417173788483,54.75828262115169
255386,834.0,672.758074937922,161.24192506207805
255479,595.0,609.1338255574422,-14.133825557442151
255509,951.0,1084.8039809605982,-133.8039809605982
255547,750.0,638.9154427014694,111.08455729853063
255600,620.0,646.3561716521394,-26.356171652139437
255624,1047.0,1052.3314160586526,-5.331416058652621
255641,1425.0,1221.6113738461236,203.38862615387643
255713,742.0,736.3593899749624,5.640610025037631
255726,1035.0,1023.5310757632964,11.468924236703629
255762,560.0,726.3476506817059,-166.3476506817059
255767,838.0,755.6567116214336,82.3432883785664
255772,560.0,617.7561095522302,-57.756109552230214
255798,1685.0,1258.8114480884296,426.18855191157036
255806,720.0,646.2130259499888,73.78697405001117
255886,615.0,689.5727357893024,-74.57273578930244
255940,795.0,1024.2203595542505,-229.22035955425054
255964,770.0,736.9322061986979,33.06779380130206
255985,1380.0,1234.8627904081798,145.13720959182024
255989,1220.0,1259.9099064994016,-39.909906499401586
256055,910.0,911.0648828796726,-1.0648828796726093
256076,845.0,697.3688307392814,147.6311692607186
256122,895.0,1022.5827459058651,-127.58274590586507
256135,998.0,617.8089140777664,380.1910859222336
256230,585.0,621.1384530957662,-36.13845309576618
256274,970.0,931.8247625415268,38.17523745847325
256342,660.0,709.1243464453999,-49.12434644539985
256370,915.0,1128.5019853389256,-213.50198533892558
256497,1270.0,1306.3448289978408,-36.34482899784075
256511,840.0,651.0239502559161,188.97604974408387
256531,1190.0,1055.3323492629631,134.66765073703687
256566,708.0,682.176126242439,25.823873757561046
256610,1150.0,992.3574992256737,157.64250077432632
256720,665.0,714.9471522225259,-49.947152222525915
256735,1430.0,1169.2049046811453,260.7950953188547
256760,790.0,727.191243530569,62.808756469431046
256773,906.0,979.3442448724645,-73.34424487246451
256784,740.0,672.6518259297322,67.34817407026776
256785,1160.0,1158.4839839708088,1.516016029191178
256796,801.0,655.2142724370768,145.78572756292317
256814,1255.0,1154.9500221217868,100.04997787821321
256830,1590.0,1284.0037109168052,305.9962890831948
256883,905.0,1107.2654204757691,-202.26542047576913
256936,1215.0,1069.022286505249,145.97771349475101
256948,1205.0,1238.484924108479,-33.484924108478936
256950,860.0,929.0791612475961,-69.07916124759606
256955,1155.0,967.4907636138996,187.50923638610038
256978,1115.0,1012.286443335683,102.71355666431703
256996,981.0,1134.8301096129912,-153.83010961299124
257013,945.0,1095.3438244148297,-150.34382441482967
257099,1060.0,1147.4070273478353,-87.40702734783531
257125,720.0,647.0007665878795,72.99923341212047
257142,805.0,741.6653143892113,63.33468561078871
257144,905.0,747.129210925161,157.87078907483897
257146,1136.0,1224.9919905888592,-88.99199058885915
257203,1055.0,1010.7814769774237,44.21852302257628
257211,1387.0,1142.309953060256,244.69004693974398
257243,820.0,988.020394253816,-168.020394253816
257256,1115.0,1212.4092287006656,-97.40922870066561
257281,685.0,753.9155517804925,-68.91555178049248
257285,1030.0,1141.1556975636443,-111.15569756364425
257352,838.0,688.6653826206689,149.33461737933112
257361,1020.0,1123.2761325122408,-103.27613251224079
257368,765.0,1096.8534845611791,-331.85348456117913
257439,555.0,634.0539639646614,-79.05396396466142
257503,1240.0,1081.0808485078394,158.9191514921606
257517,1105.0,1023.6309407497776,81.36905925022245
257528,555.0,727.6405504140113,-172.64055041401127
257536,1020.0,1053.9248541286265,-33.92485412862652
257567,383.0,596.0601134817698,-213.0601134817698
257605,600.0,729.4253960706292,-129.42539607062918
257679,1080.0,973.4383317871527,106.56166821284728
257690,1370.0,1075.6496878740547,294.35031212594527
257701,1070.0,1208.5630798438199,-138.56307984381988
257721,765.0,632.8803673350021,132.11963266499788
257730,1050.0,1199.0169978874299,-149.01699788742985
257732,1121.0,1288.686300653555,-167.686300653555
257748,1380.0,1144.2948817764984,235.7051182235016
257766,1240.0,1063.3033568816172,176.69664311838278
257814,1080.0,1081.8135575814895,-1.8135575814894764
257891,1110.0,1070.4427520745871,39.55724792541287
257893,1120.0,1037.3060353644566,82.69396463554335
257896,1406.0,1275.5861613948375,130.41383860516248
257903,905.0,1095.6941282182559,-190.69412821825586
257934,1015.0,1289.589802525339,-274.5898025253391
257953,1435.0,1300.6267135594617,134.37328644053832
257971,617.0,693.3175617548311,-76.3175617548311
258111,1070.0,1066.539617447671,3.460382552329065
258113,1136.0,1269.9530306521938,-133.95303065219377
258148,1186.0,1176.2657520188188,9.73424798118117
258176,542.0,550.338225411469,-8.338225411469011
258236,856.0,989.5694765913577,-133.56947659135767
258251,1145.0,1169.7156031221648,-24.715603122164794
258270,970.0,1167.460882820712,-197.46088282071196
258336,895.0,976.5795155668228,-81.5795155668228
258355,1365.0,1174.3359933902136,190.66400660978638
258427,1175.0,1231.2004167882178,-56.20041678821781
258447,1229.0,1060.3100969092875,168.6899030907125
258488,900.0,1216.8120708513736,-316.8120708513736
258624,1204.0,1147.000005339418,56.99999466058193
258652,1530.0,1217.6211797417986,312.37882025820136
258706,790.0,710.4997616709978,79.50023832900217
258717,540.0,724.4748792113407,-184.47487921134075
258727,1025.0,1278.9355206076957,-253.9355206076957
258731,710.0,734.8484620250481,-24.848462025048093
258764,1245.0,1179.1466639711955,65.8533360288045
258801,1490.0,1296.3160960046798,193.68390399532018
258824,1100.0,1279.71174422088,-179.71174422088006
258848,860.0,737.1380952206487,122.86190477935133
258955,1290.0,1141.761742063631,148.2382579363691
258959,727.0,635.0125523083398,91.98744769166024
258989,578.0,1086.6445863613644,-508.6445863613644
259018,815.0,734.0508012549268,80.9491987450732
259035,590.0,664.1440634721378,-74.14406347213776
259059,1120.0,1229.1470849723605,-109.14708497236052
259074,1070.0,1133.8727282706432,-63.872728270643165
259087,950.0,1064.1064447960082,-114.10644479600819
259151,1115.0,1046.5524690213842,68.44753097861576
259178,1060.0,1034.7049807529247,25.295019247075288
259208,960.0,724.0053214798222,235.99467852017779
259246,1155.0,1035.1216314089636,119.8783685910364
259268,1260.0,1051.0685106429635,208.93148935703653
259346,810.0,694.9237835285724,115.07621647142764
259360,770.0,963.4939015710308,-193.49390157103085
259391,616.0,628.8345474367067,-12.834547436706657
259427,603.0,769.08481430338,-166.08481430337997
259434,1055.0,1123.3300611168866,-68.33006111688655
259435,1160.0,992.2043644918551,167.79563550814487
259457,1205.0,1165.0878022026386,39.91219779736139
259464,1335.0,1081.722895016029,253.27710498397096
259494,542.0,601.9838758500733,-59.98387585007333
259501,670.0,670.8588871144691,-0.8588871144690984
259572,690.0,728.9925556202986,-38.99255562029862
259649,959.0,913.6882477981137,45.31175220188629
259722,610.0,686.316313885961,-76.316313885961
259729,615.0,653.354399933266,-38.354399933265995
259730,675.0,719.3798689829276,-44.37986898292763
259752,1330.0,1278.0977749546712,51.902225045328805
259771,1030.0,1171.2290646474466,-141.22906464744665
259776,1219.0,1226.1804893055016,-7.180489305501624
259840,620.0,734.3400381856275,-114.34003818562746
259878,1157.0,1186.604963908305,-29.60496390830508
259949,1115.0,1148.2048813018116,-33.20488130181161
259959,607.0,636.9041844263202,-29.90418442632017
259992,1076.0,1121.5798472928818,-45.57984729288182
259996,926.0,1017.735275735967,-91.73527573596698
260002,1069.0,972.5732614022196,96.4267385977804
260103,1250.0,1187.9371589476282,62.06284105237182
260328,1075.0,1064.9818953741187,10.018104625881278
260361,926.0,1088.1682442865813,-162.16824428658128
260422,1220.0,1124.005887134938,95.9941128650621
260462,1165.0,1149.2329514991288,15.76704850087117
260470,1106.0,1325.3391269748072,-219.3391269748072
260508,970.0,969.3165431034796,0.6834568965203971
260532,1160.0,1220.979680973717,-60.979680973716995
260573,545.0,550.028850109671,-5.028850109670998
260606,1480.0,1130.1063802333274,349.8936197666726
260663,995.0,1061.5472295395616,-66.54722953956161
260695,940.0,1141.6554250316212,-201.65542503162123
260717,685.0,746.2398595043867,-61.239859504386686
260722,725.0,774.0797325200556,-49.079732520055586
260929,905.0,754.8252097410738,150.17479025892624
261095,535.0,735.6794670280608,-200.6794670280608
261135,795.0,740.3506116342089,54.64938836579108
261149,665.0,754.4246062102989,-89.42460621029886
261192,715.0,748.2474171745198,-33.247417174519796
261240,600.0,646.7256807232415,-46.72568072324145
261271,665.0,660.6096184570885,4.390381542911541
261290,670.0,742.0754512491179,-72.07545124911792
261371,1310.0,1263.3372439029931,46.66275609700688
261409,1445.0,1230.684162358535,214.3158376414649
261443,1120.0,1119.7671215745877,0.2328784254123093
261552,970.0,939.1192707961007,30.88072920389925
261571,950.0,1079.0053084085796,-129.0053084085796
261581,915.0,920.4580830218869,-5.458083021886864
261635,1040.0,1092.0121873558749,-52.01218735587486
261714,1074.0,1170.934331725082,-96.93433172508207
261730,672.0,845.2917501747559,-173.29175017475586
261802,904.0,1158.41977299524,-254.41977299524
261808,1105.0,1121.8561023164166,-16.85610231641658
261883,624.0,654.4329116372814,-30.43291163728145
261973,650.0,693.3384101652731,-43.3384101652731
262020,1250.0,1105.4658210135196,144.53417898648036
262222,680.0,659.1864843480213,20.81351565197872
262229,955.0,1088.3736139542186,-133.37361395421863
262272,955.0,961.5354558549707,-6.535455854970678
262301,1275.0,1179.6785585687417,95.32144143125834
262322,1135.0,1143.838920705957,-8.83892070595698
262585,1103.0,1240.657875173995,-137.65787517399508
262588,1050.0,1157.6191422191014,-107.61914221910138
262589,835.0,696.4550238711759,138.54497612882415
262618,1226.0,1162.139137968944,63.86086203105606
262648,1450.0,1293.9933092185277,156.00669078147234
262649,485.0,658.4910344837405,-173.49103448374046
262683,1095.0,1156.5167351998916,-61.51673519989163
262727,1135.0,1283.455306515686,-148.45530651568606
262741,1290.0,1190.1370333324758,99.86296666752423
262746,835.0,692.5981003496588,142.4018996503412
262807,1005.0,1291.8014824967115,-286.8014824967115
262816,1060.0,941.0285194355363,118.97148056446372
262837,990.0,1122.7921867546638,-132.79218675466382
262877,725.0,723.7838659274329,1.2161340725671153
262879,1257.0,626.8688440588235,630.1311559411765
262936,838.0,1030.3229953693328,-192.32299536933283
262945,1575.0,1195.7347025417075,379.2652974582925
262956,895.0,1081.791092310457,-186.7910923104571
263001,1240.0,1149.359301786605,90.6406982133949
263031,1310.0,1193.262192385481,116.73780761451894
263033,1287.0,1016.3402942889597,270.65970571104026
263061,1295.0,1115.830904180323,179.16909581967707
263088,1126.0,1106.4788109824694,19.52118901753056
263234,490.0,1102.5478431164602,-612.5478431164602
263268,1335.0,1147.5738503410403,187.42614965895973
263323,1180.0,1206.2980341457212,-26.298034145721203
263329,1085.0,1105.3295604351626,-20.329560435162648
263349,1335.0,1207.8566647381049,127.14333526189512
263360,1060.0,1023.8754680820629,36.124531917937134
263398,990.0,1051.5687929197034,-61.568792919703355
263418,620.0,690.4450468946804,-70.44504689468044
263432,1352.0,1196.2012108182637,155.7987891817363
263461,904.0,1199.8201930580167,-295.8201930580167
263486,1140.0,1039.0286501619414,100.97134983805859
263567,975.0,1164.9490432004593,-189.9490432004593
263664,770.0,678.07389484136,91.92610515863998
263680,549.0,597.478341368187,-48.47834136818699
263747,760.0,702.1901878261883,57.80981217381168
263789,1005.0,1051.6224406779872,-46.62244067798724
263807,1058.0,1180.034806467671,-122.03480646767093
263822,1224.0,1128.3274269661247,95.67257303387532
263836,820.0,744.8039144995092,75.19608550049077
263875,860.0,745.6178877192932,114.38211228070679
263880,1120.0,1161.897755888494,-41.897755888493975
263916,745.0,725.0925415296197,19.907458470380334
263932,1215.0,1200.310355825907,14.689644174093019
264020,1078.0,1080.377854703348,-2.377854703348021
264050,495.0,605.6488625190744,-110.64886251907444
264055,760.0,1010.3274376368215,-250.32743763682151
264078,1380.0,1283.239010396235,96.76098960376498
264123,595.0,652.2666203725731,-57.26662037257313
264126,1080.0,1288.6202174243629,-208.62021742436286
264187,1300.0,1277.515446536503,22.484553463496923
264199,1249.0,1245.0873302031403,3.9126697968597455
264262,1105.0,1048.382096155165,56.61790384483493
264324,690.0,713.4199581364888,-23.419958136488845
264451,1010.0,1245.606812607547,-235.606812607547
264474,1228.0,1280.9411965479758,-52.94119654797578
264475,654.0,636.8266726567194,17.17332734328056
264586,1464.0,1072.6886548412713,391.3113451587287
264605,1014.0,1005.8572926545526,8.142707345447434
264677,981.0,1124.7421870474454,-143.74218704744544
264711,1282.0,1211.5285755220611,70.47142447793885
264747,663.0,733.061358114377,-70.06135811437696
264785,1090.0,972.671115460927,117.32888453907299
264786,1500.0,1166.8989793376663,333.10102066233367
264796,804.0,693.9587935354368,110.04120646456317
264807,970.0,996.2391159536078,-26.23911595360778
264809,1190.0,1039.566123188105,150.43387681189506
264840,1075.0,1130.3721130019276,-55.37211300192757
264856,1345.0,1132.5777949044445,212.42220509555546
264873,910.0,879.1674344488036,30.832565551196353
264892,1095.0,1132.779678953831,-37.77967895383108
264965,1035.0,1085.3004363481043,-50.30043634810431
264967,1480.0,1250.1145611205798,229.88543887942024
265014,1166.0,1099.9460122606772,66.05398773932279
265023,740.0,1097.8165524718884,-357.8165524718884
265036,1050.0,1056.5812923203496,-6.581292320349576
265049,628.0,712.0851729001729,-84.08517290017289
265177,622.0,653.2122002426427,-31.212200242642666
265195,937.0,1034.8174642051488,-97.81746420514878
265228,1115.0,1055.7662896897862,59.23371031021384
265293,475.0,1039.9131600803912,-564.9131600803912
265324,905.0,744.2280427119067,160.7719572880933
265403,1060.0,1012.1719234201876,47.82807657981243
265429,1035.0,1144.2963702557263,-109.29637025572629
265472,1263.0,1224.8270807363638,38.17291926363623
265545,1235.0,1236.4996884165953,-1.4996884165952906
265559,1215.0,1277.6280758531302,-62.62807585313021
265617,1060.0,1262.0166346082856,-202.01663460828559
265649,820.0,713.6281721956783,106.3718278043217
265678,752.0,667.2462833799899,84.7537166200101
265716,1224.0,1094.901722409125,129.0982775908751
265720,597.0,722.5870713823651,-125.58707138236514
265742,1210.0,1111.0781876489184,98.9218123510816
265786,825.0,868.9588648854395,-43.95886488543954
265793,1246.0,1202.3729120954947,43.62708790450529
265797,1190.0,1222.752983462201,-32.75298346220097
265798,700.0,642.3440048512472,57.65599514875282
265800,1325.0,1149.7142371813252,175.2857628186748
265805,555.0,581.5538882520276,-26.553888252027605
265831,1375.0,1210.9259381347542,164.07406186524577
265878,1395.0,1227.9023878423334,167.09761215766662
265947,510.0,614.7513800374759,-104.75138003747588
265984,1240.0,1175.7301072132514,64.26989278674864
265991,1102.0,1237.386628182284,-135.38662818228408
266042,665.0,609.2421165689298,55.75788343107024
266087,1070.0,1178.6686534825383,-108.66865348253828
266106,621.0,698.3283647613957,-77.32836476139573
266120,1142.0,1304.2864234039528,-162.28642340395277
266148,700.0,1020.9032945402114,-320.9032945402114
266156,1260.0,1141.148417398254,118.85158260174603
266162,1260.0,1130.4289010266118,129.5710989733882
266176,690.0,960.0250003895479,-270.0250003895479
266260,800.0,695.2272037732853,104.77279622671472
266283,635.0,659.9494209001565,-24.949420900156497
266318,995.0,1236.3936306001012,-241.39363060010123
266334,1310.0,1139.0665091173228,170.93349088267723
266343,595.0,672.6557551520038,-77.65575515200385
266371,1037.0,1141.1738639918449,-104.17386399184488
266380,855.0,711.6159376548727,143.3840623451273
266384,1040.0,1009.1988986425416,30.80110135745838
266406,800.0,964.7491417224364,-164.74914172243643
266488,855.0,693.9035990495929,161.0964009504071
266505,875.0,705.8100406156472,169.18995938435285
266525,750.0,632.8435100855003,117.15648991449973
266645,890.0,1095.7676986816264,-205.76769868162637
266662,935.0,762.180773536551,172.819226463449
266688,670.0,716.3817893219457,-46.38178932194569
266705,1210.0,1039.5512225830541,170.44877741694586
266731,1515.0,1297.808374236528,217.19162576347208
266794,1020.0,1113.3331780249453,-93.33317802494525
266798,1025.0,947.6601549708154,77.33984502918463
266809,1105.0,1110.8047794085307,-5.804779408530749
266811,922.0,1022.0704958850047,-100.07049588500468
266829,885.0,1017.4709367427574,-132.47093674275743
266977,911.0,971.1168108804268,-60.11681088042678
266995,1200.0,1159.7357659674933,40.26423403250669
267024,1275.0,1190.1292473076505,84.87075269234947
267025,1020.0,1066.2624016963152,-46.26240169631524
267067,1665.0,1241.7826896019858,423.2173103980142
267074,1170.0,1149.1424677903997,20.857532209600322
267107,710.0,726.734922657543,-16.734922657543052
267114,1330.0,1270.4978121639342,59.50218783606579
267172,650.0,728.2572365187185,-78.25723651871851
267231,657.0,677.5070740602109,-20.507074060210925
267246,820.0,689.7251226734664,130.27487732653356
267248,881.0,1005.6729767990734,-124.67297679907335
267283,680.0,947.6336276965845,-267.63362769658454
267318,1409.0,1112.210729569791,296.78927043020894
267329,682.0,667.8285190224883,14.171480977511692
267406,1322.0,1156.8322573387031,165.16774266129687
267433,1370.0,1207.9290647802718,162.0709352197282
267496,759.0,615.9308487620627,143.06915123793726
267604,959.0,1128.654070929585,-169.65407092958503
267643,782.0,1107.8513041714098,-325.85130417140977
267685,1335.0,1191.886881985623,143.11311801437705
267709,1220.0,1158.95975859114,61.04024140886008
267710,620.0,679.8021330313444,-59.8021330313444
267720,1201.0,1071.2316531229544,129.7683468770456
267791,980.0,1015.0404843307525,-35.04048433075252
267833,1271.0,1119.1912475546133,151.80875244538674
267835,1334.0,1221.7047844695312,112.2952155304688
267933,1315.0,1257.2264927424592,57.773507257540814
267949,923.0,1088.7830843546046,-165.78308435460463
268027,1060.0,1270.173303439358,-210.17330343935805
268032,590.0,741.6432747160651,-151.6432747160651
268059,535.0,698.8661929111569,-163.86619291115687
268060,935.0,1022.3904449601945,-87.39044496019449
268082,1005.0,1136.9348409946278,-131.93484099462785
268123,995.0,1024.3933377721512,-29.3933377721512
268189,1020.0,1125.2508819155553,-105.25088191555528
268199,1105.0,1090.2096404413649,14.790359558635146
268313,1430.0,1289.954575149324,140.045424850676
268329,840.0,946.1945171990727,-106.19451719907272
268348,1000.0,1078.2975056084013,-78.29750560840125
268375,1600.0,1254.8116548980622,345.1883451019378
268464,745.0,1142.7835847800936,-397.78358478009363
268590,815.0,699.9893751728537,115.01062482714633
268602,719.0,681.6908265865977,37.30917341340228
268624,620.0,710.0248380444018,-90.0248380444018
268675,1070.0,1127.8089024602866,-57.80890246028662
268677,1215.0,1143.565648115113,71.43435188488706
268740,1060.0,1147.5126354384156,-87.5126354384156
268757,1370.0,1095.7445199708234,274.2554800291766
268777,1225.0,1284.0814460162123,-59.08144601621234
268791,1260.0,1063.3309482509806,196.66905174901945
268830,1190.0,1237.8433073519018,-47.843307351901785
268863,1110.0,1178.0159562887652,-68.01595628876521
268877,980.0,1097.787392865421,-117.787392865421
268882,1160.0,1083.1396067279761,76.86039327202388
268898,595.0,703.4254618922694,-108.42546189226937
268927,812.0,1186.6420704042748,-374.6420704042748
268966,587.0,650.3068242404006,-63.3068242404006
269023,1097.0,1004.6562428257555,92.3437571742445
269040,594.0,659.4297538189722,-65.42975381897224
269074,1050.0,1296.2600040966818,-246.26000409668177
269123,1175.0,1262.225703677374,-87.22570367737399
269132,1135.0,1218.5518151044928,-83.55181510449279
269163,1195.0,1160.7736653553727,34.226334644627286
269194,1245.0,1149.0955544694627,95.90444553053726
269204,735.0,693.1208365223781,41.87916347762189
269210,1345.0,1142.0487733578013,202.95122664219866
269222,885.0,1307.7305523894208,-422.73055238942084
269229,1425.0,1291.2930756516812,133.7069243483188
269237,783.0,1008.9820819444781,-225.98208194447807
269296,1160.0,1114.1308399525692,45.869160047430796
269318,745.0,737.8020146595569,7.197985340443097
269359,835.0,745.9998205613878,89.00017943861224
269411,1027.0,991.7184235468713,35.28157645312865
269462,700.0,731.6666347779183,-31.66663477791826
269463,1110.0,1070.8647046279207,39.13529537207933
269487,1040.0,1114.050956641864,-74.0509566418641
269506,1365.0,1149.5141666632649,215.48583333673514
269512,610.0,1036.3025051906666,-426.3025051906666
269523,960.0,1025.6096163295322,-65.60961632953217
269549,705.0,713.0198965389822,-8.019896538982152
269566,1352.0,1261.735595789115,90.264404210885
269595,890.0,761.1135998393428,128.88640016065722
269597,900.0,1006.0798157555696,-106.0798157555696
269662,550.0,643.8544502267391,-93.85445022673912
269671,1050.0,1189.7871040450232,-139.78710404502317
269702,670.0,718.9282595473295,-48.9282595473295
269742,695.0,714.9557650859803,-19.95576508598026
269815,1522.0,1268.3515406577892,253.6484593422108
269831,905.0,909.174994479146,-4.174994479145994
269870,966.0,1278.523044118767,-312.5230441187671
269873,1290.0,1241.6194604276739,48.38053957232614
269947,870.0,1153.9646081575954,-283.9646081575954
269999,1136.0,997.4664886117909,138.53351138820915
270043,963.0,931.625156417841,31.374843582158974
270109,616.0,716.6429312398378,-100.64293123983782
270119,1345.0,1196.856290025412,148.1437099745881
270197,1010.0,987.9631189504321,22.03688104956791
270210,1100.0,963.5970414162219,136.40295858377806
270291,1225.0,1120.851565760466,104.14843423953403
270293,620.0,702.1881749256722,-82.18817492567223
270302,1370.0,1204.7527695259482,165.24723047405178
270350,1045.0,996.0031699901565,48.99683000984351
270454,1315.0,1229.9254527472299,85.07454725277012
270496,1090.0,1151.4378664059159,-61.437866405915884
270518,1270.0,1268.033339080586,1.9666609194139255
270531,560.0,729.714018342735,-169.71401834273502
270538,638.0,1071.5640793749685,-433.5640793749685
270586,1050.0,1174.146945179208,-124.14694517920793
270602,550.0,620.1291486849437,-70.12914868494374
270691,720.0,665.0986926770593,54.90130732294074
270722,1145.0,1179.2887243943646,-34.288724394364635
270771,1060.0,1022.6863757120889,37.313624287911125
270803,665.0,653.2375378326877,11.762462167312265
270820,1310.0,1270.6478243713566,39.35217562864341
270860,1225.0,1274.8466924425154,-49.846692442515405
270915,1120.0,1194.6829752547937,-74.68297525479375
270972,860.0,1068.4657785361735,-208.4657785361735
270982,1102.0,1257.243626018092,-155.24362601809207
271004,975.0,952.0610609546047,22.938939045395273
271030,950.0,742.3166659086723,207.68333409132765
271056,1215.0,1200.487890692022,14.512109307978108
271111,610.0,667.4891302334067,-57.48913023340674
271189,890.0,936.7703812348575,-46.770381234857496
271206,1080.0,1121.1687917286451,-41.16879172864515
271511,1154.0,1167.3377217102388,-13.337721710238839
271584,1100.0,1201.4782060965945,-101.47820609659448
271732,687.0,696.1563310879801,-9.156331087980107
271832,1371.0,1221.8859062195008,149.11409378049916
271842,880.0,712.4387381458173,167.5612618541827
271876,1118.0,1137.5213474291706,-19.521347429170646
271878,1135.0,1198.0372960407485,-63.037296040748515
271938,1220.0,1096.2036481316388,123.79635186836117
272022,475.0,617.446456464083,-142.44645646408298
272036,700.0,679.9885597232536,20.011440276746384
272048,948.0,1129.3312003257806,-181.33120032578063
272056,1355.0,1266.8057884104167,88.19421158958335
272066,930.0,1189.9411615440265,-259.9411615440265
272087,915.0,1064.8197660893895,-149.81976608938953
272319,690.0,672.6698211806304,17.33017881936962
272342,1145.0,1156.884658788945,-11.88465878894499
272422,995.0,1006.5702446372134,-11.570244637213364
272435,730.0,715.0015260271102,14.99847397288977
272515,695.0,694.7725566284092,0.22744337159076622
272531,1120.0,1284.025468308194,-164.02546830819392
272570,910.0,864.7810557695943,45.21894423040567
272575,555.0,697.7462234867629,-142.74622348676291
272587,740.0,698.139064023966,41.86093597603406
272632,705.0,697.368837190234,7.6311628097660105
272635,1450.0,1276.187294991152,173.81270500884807
272645,1228.0,1259.313726158607,-31.313726158607096
272663,920.0,1238.908812648,-318.9088126480001
272686,643.0,568.7476323895793,74.25236761042072
272690,665.0,609.0589781430996,55.94102185690042
272712,680.0,751.26008225537,-71.26008225536998
272727,1065.0,1096.1252622763059,-31.125262276305875
272729,1155.0,1290.7824603720935,-135.7824603720935
272756,970.0,922.371995004176,47.62800499582397
272761,829.0,697.2840011119827,131.71599888801734
272815,840.0,1020.0791195228437,-180.0791195228437
272869,1032.0,1060.5458979894076,-28.54589798940765
272880,765.0,846.8477442660441,-81.84774426604406
272895,903.0,1193.1846576939029,-290.18465769390286
272934,558.0,573.3541715878906,-15.354171587890619
272970,930.0,1284.535317868307,-354.53531786830695
272974,1300.0,1270.421676818285,29.57832318171495
273140,1155.0,1221.9467688503528,-66.94676885035278
273163,1130.0,1119.4157319769529,10.584268023047116
273209,930.0,883.9083091186601,46.0916908813399
273252,540.0,666.0852741366061,-126.08527413660613
273254,905.0,986.4039279727856,-81.4039279727856
273289,550.0,568.0202989418866,-18.020298941886608
273290,977.0,1211.1766377059905,-234.17663770599052
273340,580.0,644.9438939349766,-64.94389393497659
273358,1360.0,1277.3501435110086,82.64985648899142
273363,765.0,690.2660851844438,74.7339148155562
273427,795.0,713.1748841598426,81.82511584015742
273463,1330.0,1308.1653958056368,21.834604194363237
273468,835.0,904.7588190650849,-69.75881906508494
273497,910.0,995.3541839032048,-85.35418390320478
273537,910.0,1084.302257295777,-174.30225729577705
273548,526.0,673.846991484117,-147.84699148411698
273573,981.0,1125.3436732264338,-144.3436732264338
273594,835.0,988.4205454499211,-153.42054544992106
273614,705.0,700.2700023831333,4.72999761686674
273620,1301.0,1146.2263500213935,154.7736499786065
273649,795.0,1108.1280083228423,-313.12800832284233
273678,585.0,596.6710030293373,-11.671003029337271
273702,762.0,723.6875678261594,38.31243217384065
273705,1005.0,1067.636878496503,-62.63687849650296
273723,770.0,611.2245361427645,158.77546385723554
273757,758.0,727.082603819991,30.91739618000895
273988,930.0,700.5873844726603,229.41261552733965
274017,1105.0,1044.8561312239062,60.14386877609377
274046,675.0,683.324782245764,-8.324782245764027
274072,1086.0,1084.8993215584462,1.1006784415537822
274154,1010.0,1102.9260821788912,-92.92608217889119
274238,1054.0,1178.2386210647953,-124.23862106479532
274268,1280.0,1246.8988491732825,33.10115082671746
274278,705.0,691.4196150162456,13.580384983754357
274368,750.0,907.3757710660051,-157.3757710660051
274374,475.0,681.7552364499626,-206.75523644996258
274423,1060.0,1013.7825388572303,46.21746114276971
274444,1238.0,1111.1281998195325,126.87180018046752
274454,885.0,702.0179912050447,182.98200879495528
274474,560.0,715.1399994028238,-155.13999940282383
274478,645.0,706.6774874469903,-61.67748744699031
274538,1265.0,1156.5776017698445,108.42239823015552
274546,850.0,788.8364430212418,61.16355697875815
274555,733.0,688.2216683519965,44.77833164800347
274574,735.0,836.6569066317683,-101.65690663176827
274591,1150.0,1128.258278868415,21.74172113158511
274610,940.0,1007.9894962899386,-67.98949628993864
274622,1300.0,1208.1297835365021,91.87021646349785
274630,740.0,617.114242541034,122.88575745896605
274649,1040.0,1109.4528219914496,-69.45282199144958
274685,1124.0,941.0917727628628,182.90822723713723
274694,800.0,652.202378989687,147.79762101031304
274715,780.0,1024.053392399073,-244.0533923990729
274746,845.0,1090.1833087552943,-245.18330875529432
274761,760.0,681.4542684639916,78.54573153600836
274793,600.0,602.0146513685594,-2.0146513685593845
274800,765.0,660.4776520727104,104.52234792728962
274830,1140.0,1195.4304656798452,-55.430465679845156
274858,590.0,708.2572352889517,-118.25723528895173
274894,1091.0,1010.0171579280142,80.98284207198583
274926,770.0,718.3828866379677,51.61711336203234
274934,1080.0,1192.7064152671621,-112.70641526716213
274951,1200.0,1173.014391569568,26.985608430431967
275045,569.0,638.4570331389385,-69.45703313893853
275095,1200.0,1198.876735164431,1.123264835568989
275108,990.0,1198.0017290078756,-208.0017290078756
275109,585.0,668.2074358406398,-83.20743584063985
275126,1257.0,1081.8716325134476,175.1283674865524
275260,855.0,924.7751316689288,-69.7751316689288
275328,1400.0,1133.4554345436618,266.5445654563382
275357,937.0,1100.876057201177,-163.876057201177
275389,1120.0,1151.346846313017,-31.346846313017068
275422,682.0,705.4243485831322,-23.4243485831322
275470,1275.0,1303.5865136649315,-28.586513664931545
275541,959.0,1074.3875216999447,-115.38752169994473
275583,950.0,1289.6921830021204,-339.6921830021204
275643,625.0,768.8362006175865,-143.83620061758654
275653,1199.0,1051.2627099898637,147.73729001013635
275669,910.0,1035.1614094611268,-125.16140946112682
275680,790.0,691.0902226506453,98.90977734935473
275682,1040.0,1268.4879201232113,-228.48792012321132
275692,1045.0,1113.0403915808545,-68.04039158085448
275728,1495.0,1153.4376568079656,341.5623431920344
275732,1080.0,1269.6188573765844,-189.6188573765844
275743,1115.0,960.9217687838407,154.07823121615934
275773,895.0,959.006037453753,-64.00603745375304
275853,690.0,632.4680838029144,57.53191619708559
275884,1030.0,1149.1934570383683,-119.19345703836825
275919,1415.0,1216.4573404071855,198.54265959281452
275968,1105.0,1325.2353939049854,-220.23539390498536
275997,926.0,865.333847186906,60.66615281309396
276055,790.0,746.603105077939,43.39689492206105
276261,1010.0,1170.3687072211674,-160.36870722116737
276267,930.0,1010.4010650114693,-80.40106501146931
276297,910.0,1110.3683410892863,-200.36834108928633
276298,920.0,1210.1792871502432,-290.1792871502432
276306,1015.0,1076.7771643690012,-61.777164369001184
276310,990.0,1266.8656128507325,-276.86561285073253
276351,950.0,1075.335480579045,-125.335480579045
276379,1065.0,970.425054854597,94.57494514540303
276407,980.0,1137.8043933006495,-157.8043933006495
276415,795.0,1117.3919410325602,-322.3919410325602
276462,975.0,1056.1363453169463,-81.13634531694629
276470,1145.0,1114.978682685633,30.021317314367025
276475,775.0,730.401087983848,44.598912016151985
276527,1300.0,1319.3836721901619,-19.38367219016186
276544,1140.0,1276.8278980948446,-136.8278980948446
276571,791.0,746.2416957587745,44.75830424122546
276597,1425.0,1193.7498005340947,231.25019946590533
276619,937.0,1089.1343372773129,-152.13433727731285
276676,1115.0,1157.9105245623866,-42.91052456238663
276699,1152.0,1244.7621063746178,-92.76210637461782
276703,1060.0,1028.1493005033276,31.850699496672405
276726,961.0,954.6536261001369,6.346373899863124
276735,905.0,1073.6008842247968,-168.6008842247968
276760,970.0,1031.5232489374512,-61.52324893745117
276827,840.0,783.5527989091685,56.44720109083153
276833,1055.0,1084.9144362259183,-29.91443622591828
276954,1370.0,1020.5430479787581,349.45695202124193
277005,1335.0,1288.6969681101612,46.30303188983885
277012,610.0,759.2972090296518,-149.29720902965175
277080,660.0,613.0364231915819,46.96357680841811
277089,975.0,1032.0465349696865,-57.04653496968649
277172,860.0,955.6098363335711,-95.60983633357114
277220,1350.0,1208.002367017184,141.99763298281596
277308,1275.0,1301.233913462326,-26.233913462325972
277314,910.0,714.8374635803236,195.16253641967637
277341,1285.0,1224.7245680058886,60.275431994111386
277359,1370.0,1145.6431071530662,224.35689284693376
277380,1177.0,1059.4310139978757,117.56898600212435
277436,1015.0,1125.6866663957612,-110.68666639576122
277471,790.0,733.0676860241547,56.93231397584532
277555,1285.0,1164.2760427915348,120.72395720846521
277596,980.0,1233.392176874263,-253.392176874263
277689,1285.0,1149.673219208898,135.326780791102
277695,445.0,590.0778585791484,-145.07785857914837
277812,1336.0,1254.4239988580787,81.57600114192132
277817,550.0,604.8520136538186,-54.85201365381863
277822,1100.0,1148.5882475262217,-48.58824752622172
277841,1124.0,1045.4503043083346,78.54969569166542
277926,874.0,647.6408167257969,226.35918327420313
277963,1060.0,919.540741741853,140.45925825814697
278002,971.0,1048.7496791971319,-77.74967919713185
278025,1025.0,1047.3536458073268,-22.353645807326757
278043,800.0,1139.2000567805017,-339.20005678050165
278107,1235.0,1205.0924651381945,29.907534861805516
278137,565.0,597.1999633948486,-32.19996339484862
278144,710.0,659.9107975939897,50.08920240601026
278145,840.0,1030.841645856835,-190.84164585683493
278160,700.0,707.8281261851336,-7.828126185133556
278161,930.0,1127.0180918066444,-197.0180918066444
278192,1260.0,1216.3895720165578,43.61042798344215
278205,1240.0,1146.513763795175,93.48623620482499
278222,1380.0,1318.252851833792,61.747148166208035
278230,675.0,752.5622377462691,-77.56223774626915
278269,782.0,1147.7555376072924,-365.75553760729235
278284,1405.0,1245.736207075848,159.26379292415209
278315,780.0,730.2484894866012,49.751510513398784
278326,1389.0,1148.9446027308331,240.05539726916686
278355,720.0,668.5238094030183,51.47619059698172
278401,659.0,705.094005747722,-46.09400574772201
278412,1280.0,1200.9022636413317,79.09773635866827
278434,1102.0,1113.1734197978317,-11.173419797831684
278436,877.0,1147.408867224372,-270.408867224372
278505,870.0,714.7923817227581,155.20761827724186
278528,469.0,630.3026207888008,-161.30262078880082
278531,695.0,654.3938155467131,40.606184453286915
278556,974.0,1079.971864935478,-105.97186493547792
278569,1157.0,1137.4920758992143,19.507924100785658
278650,1185.0,1154.7058978367322,30.29410216326778
278652,579.0,708.2199884078407,-129.21998840784067
278685,1305.0,1089.2541409496794,215.74585905032063
278716,1105.0,1158.8906892340444,-53.89068923404443
278755,1032.0,1090.6627652432915,-58.66276524329146
278758,1320.0,1134.1811196867907,185.81888031320932
278788,1185.0,1067.0493180266503,117.95068197334967
278826,1070.0,1025.8292284774056,44.17077152259435
278874,1215.0,1130.747995599741,84.25200440025901
278896,660.0,696.0633036741738,-36.06330367417377
278897,910.0,1121.7168482793024,-211.71684827930244
278939,805.0,761.2683216929595,43.73167830704051
278958,680.0,734.6450514771582,-54.64505147715818
278965,990.0,1140.505530681359,-150.505530681359
278977,583.0,676.168159356432,-93.16815935643206
278980,1270.0,1169.8328212886838,100.16717871131618
279028,1230.0,1220.4300424389392,9.569957561060846
279077,1330.0,1158.145537705135,171.85446229486502
279089,524.0,697.2989192102676,-173.29891921026763
279100,704.0,665.8194075868124,38.18059241318758
279103,1230.0,1115.1461340932176,114.8538659067824
279123,935.0,1018.1103764257468,-83.11037642574684
279392,539.0,693.2867861690462,-154.2867861690462
279428,770.0,680.373954644139,89.62604535586104
279437,970.0,932.8754952613345,37.12450473866545
279442,1400.0,1156.5746969894317,243.4253030105683
279448,1260.0,1221.1826871020362,38.8173128979638
279451,725.0,668.9186457370728,56.08135426292722
279489,775.0,698.295223134233,76.70477686576703
279500,385.0,581.7781605097322,-196.77816050973217
279525,1190.0,1320.5272685207021,-130.52726852070214
279529,1060.0,1041.2378188589037,18.762181141096335
279564,960.0,1203.9684060561847,-243.96840605618468
279583,500.0,672.3414656680968,-172.34146566809682
279607,1120.0,1093.3092964848913,26.69070351510868
279661,808.0,1183.996346124449,-375.996346124449
279666,799.0,1061.8256372274323,-262.82563722743225
279741,810.0,728.5226323345559,81.47736766544415
279779,865.0,945.487978665539,-80.487978665539
279840,899.0,817.6102734875176,81.38972651248241
279849,615.0,710.3623121265857,-95.36231212658572
279880,1020.0,1090.0691071252786,-70.0691071252786
279905,715.0,621.1402140549975,93.8597859450025
279929,1035.0,699.0593310276348,335.9406689723652
279952,885.0,878.5509779758861,6.449022024113901
279978,505.0,730.8243908585265,-225.8243908585265
279979,1245.0,1137.331894451895,107.6681055481049
279987,1125.0,1151.7300813189324,-26.730081318932434
280094,615.0,602.6805747593786,12.319425240621399
280161,1100.0,1214.34847615927,-114.34847615926992
280176,733.0,693.4866621747393,39.51333782526069
280189,1160.0,1147.3292086372273,12.670791362772661
280205,920.0,693.9587935354368,226.04120646456317
280409,750.0,702.9624956332659,47.03750436673408
280425,870.0,1077.6729248135762,-207.67292481357617
280437,1055.0,1088.4031874080295,-33.40318740802945
280483,1021.0,1211.7365874872053,-190.73658748720527
280501,1040.0,1206.2980341457212,-166.2980341457212
280515,780.0,756.1473133541677,23.85268664583225
280582,656.0,646.1761294499851,9.82387055001493
280715,1142.0,959.9910573013594,182.00894269864057
280740,945.0,1150.75796096599,-205.75796096598992
280742,960.0,1099.6352866982188,-139.6352866982188
280800,445.0,616.0501229121094,-171.05012291210937
280824,960.0,1183.7310004050032,-223.73100040500321
280835,915.0,1101.8671886936888,-186.86718869368883
280840,1570.0,1314.1977573018573,255.80224269814266
280884,664.0,690.8542392016415,-26.854239201641462
280913,900.0,699.7948242643573,200.20517573564268
280933,1102.0,1059.8294240500456,42.170575949954355
280947,1030.0,1048.5895578384736,-18.589557838473638
280968,940.0,740.8421274278198,199.15787257218017
280987,690.0,653.1111777825017,36.88882221749827
281024,790.0,722.2287113581145,67.77128864188546
281069,1190.0,1211.813805687389,-21.81380568738905
281111,1475.0,1160.9212244744504,314.07877552554964
281112,791.0,839.0691578228527,-48.06915782285273
281135,725.0,666.8185145806742,58.18148541932578
281149,628.0,698.2937157982019,-70.2937157982019
281213,855.0,930.7744218984458,-75.77442189844578
281289,1090.0,1160.017262018077,-70.01726201807696
281292,1375.0,1293.4661890040604,81.53381099593958
281337,1015.0,723.4007442510414,291.5992557489586
281346,741.0,697.6795284153308,43.320471584669235
281349,1225.0,1277.6814467914955,-52.681446791495546
281430,620.0,729.7164524160854,-109.71645241608542
281439,420.0,591.793303112773,-171.79330311277295
281449,720.0,728.1220415849414,-8.122041584941371
281465,610.0,676.8886336267772,-66.88863362677716
281622,1015.0,1111.3807223842641,-96.38072238426412
281653,1130.0,1286.7566720191735,-156.7566720191735
281806,725.0,738.6677356058198,-13.667735605819757
281820,1045.0,1125.3762948220692,-80.37629482206921
281828,1275.0,1225.9761106343865,49.02388936561351
281859,1071.0,1132.023277013489,-61.02327701348895
281877,565.0,776.1716823140736,-211.17168231407356
281915,950.0,1005.3543402228689,-55.35434022286893
281922,1387.0,1241.550912065625,145.44908793437503
281928,1305.0,1279.4824212046315,25.517578795368536
281940,440.0,542.4311571476073,-102.43115714760734
281957,870.0,1084.0941312749262,-214.0941312749262
282014,876.0,1097.225984762201,-221.22598476220105
282029,1185.0,1070.1038781458606,114.89612185413944
282038,1213.0,1115.3542298800974,97.64577011990264
282043,1041.0,1189.3277520832523,-148.32775208325234
282053,677.0,671.4032239014504,5.59677609854964
282083,528.0,669.8486449597888,-141.84864495978877
282095,996.0,876.1216361761949,119.8783638238051
282114,830.0,680.1450838925999,149.85491610740007
282220,1141.0,1245.705495688559,-104.70549568855904
282271,850.0,943.6052147220485,-93.60521472204846
282353,637.0,586.4681953325781,50.53180466742185
282395,960.0,1144.6779368108914,-184.67793681089142
282422,1003.0,1073.5364111909578,-70.53641119095778
282427,1210.0,1237.4999611900932,-27.499961190093245
282469,1160.0,1211.2863975072978,-51.286397507297806
282539,745.0,731.8920681857444,13.107931814255608
282578,1490.0,1275.508421317412,214.49157868258794
282583,757.0,730.6043441654599,26.395655834540094
282590,1520.0,1270.7857277975154,249.2142722024846
282598,900.0,985.6047352024335,-85.60473520243352
282599,1205.0,1066.811180971705,138.18881902829503
282676,815.0,838.7531730418201,-23.753173041820105
282725,440.0,668.4193859234558,-228.41938592345582
282753,1155.0,1317.379429183755,-162.37942918375506
282772,1040.0,1052.7838854553831,-12.783885455383142
282776,727.0,698.0258071220132,28.974192877986752
282782,1210.0,1235.397758805099,-25.3977588050991
282814,610.0,696.3712867662846,-86.37128676628458
282821,1060.0,1147.6151785427332,-87.61517854273325
282858,606.0,678.6980245687411,-72.69802456874106
282867,665.0,748.9642236624284,-83.96422366242837
282868,838.0,917.7192729740165,-79.71927297401646
282882,590.0,689.0553854966805,-99.05538549668051
282899,1220.0,1172.0152146201044,47.984785379895584
282928,780.0,753.131349910887,26.868650089112975
282962,663.0,755.6470901458478,-92.64709014584776
282966,880.0,1033.1250553248042,-153.12505532480418
282976,1435.0,1272.2296175217787,162.77038247822134
283023,623.0,593.2902192664118,29.709780733588218
283059,1485.0,1246.3556893517423,238.64431064825772
283081,910.0,936.1280588032324,-26.12805880323242
283208,680.0,718.7388459524002,-38.7388459524002
283215,653.0,697.5340719825145,-44.53407198251455
283220,1065.0,1051.4554243760651,13.544575623934861
283232,1093.0,1183.995426887898,-90.99542688789802
283273,1190.0,1062.8571831200104,127.1428168799896
283306,730.0,677.9638440408539,52.03615595914607
283330,1010.0,1047.4160128432186,-37.416012843218596
283331,1100.0,1177.1425015017785,-77.1425015017785
283332,590.0,699.74843599567,-109.74843599566998
283346,700.0,753.93463676099,-53.934636760989974
283358,1175.0,1102.9902922863846,72.0097077136154
283362,1170.0,1162.2264258258926,7.7735741741073525
283378,720.0,699.6155654052756,20.38443459472444
283449,735.0,715.9808050509007,19.0191949490993
283484,1075.0,1081.8426231227636,-6.842623122763598
283501,970.0,776.7674980748743,193.2325019251257
283537,1120.0,1127.1662499131046,-7.166249913104593
283541,1120.0,1156.5518584093238,-36.55185840932381
283627,690.0,655.6075772285554,34.39242277144456
283715,1150.0,1179.4621516573422,-29.462151657342247
283737,926.0,937.5051448904912,-11.505144890491238
283767,750.0,726.6281754411096,23.371824558890353
283788,915.0,824.0895476925797,90.91045230742031
283894,1245.0,1255.7247414950755,-10.724741495075477
283936,1190.0,1193.2578852682448,-3.257885268244763
283995,655.0,711.9670722795622,-56.96707227956222
284061,871.0,1070.7243018516865,-199.7243018516865
284127,944.0,1169.3251718500478,-225.3251718500478
284167,765.0,1046.8243639844984,-281.8243639844984
284225,1175.0,1146.1605543834535,28.839445616546527
284260,560.0,682.4817608955517,-122.4817608955517
284282,1210.0,1242.8602747170953,-32.86027471709531
284297,770.0,690.034441549243,79.96555845075704
284304,1010.0,1199.6086173536005,-189.6086173536005
284319,1076.0,1060.6429165004827,15.35708349951733
284358,975.0,960.0419649447333,14.958035055266691
284360,705.0,660.5006684581323,44.49933154186772
284370,1270.0,1211.2781911597347,58.72180884026534
284394,1490.0,1127.4993295065133,362.5006704934867
284395,780.0,696.581821314581,83.41817868541898
284410,790.0,736.872658523547,53.12734147645301
284429,1155.0,1221.0238027902428,-66.02380279024283
284450,560.0,649.7099554144249,-89.70995541442494
284452,1285.0,1209.872071611918,75.12792838808195
284470,765.0,739.2607867057267,25.739213294273327
284494,1246.0,1143.618841523169,102.38115847683093
284568,1335.0,1303.0797653635395,31.920234636460464
284582,655.0,603.1212110178948,51.87878898210522
284625,1480.0,1320.7384034412091,159.26159655879087
284689,1060.0,1012.0928876910648,47.90711230893521
284728,1285.0,1124.4312311097744,160.56876889022556
284822,1325.0,1287.1415004383596,37.85849956164043
284834,1010.0,1090.133267863881,-80.13326786388097
284843,825.0,1026.0230543554808,-201.02305435548078
284876,1660.0,1292.6682629586192,367.33173704138085
284879,1380.0,1258.2268273862655,121.77317261373446
284902,1208.0,1173.0912096035286,34.90879039647143
284904,1160.0,1168.9496463299486,-8.949646329948564
284916,940.0,1179.7679106713463,-239.76791067134627
285015,906.0,956.4410850779346,-50.441085077934645
285016,1235.0,1227.1354016976586,7.864598302341392
285017,849.0,731.1620489335853,117.83795106641469
285038,1202.0,1117.1788357307898,84.82116426921016
285076,705.0,731.4672531695697,-26.467253169569744
285103,963.0,1055.288991136672,-92.28899113667194
285134,1050.0,1199.4993631085122,-149.49936310851217
285161,981.0,1003.3164742670795,-22.316474267079457
285165,1021.0,1139.4803469377698,-118.48034693776981
285209,1113.0,1088.943311280404,24.056688719595968
285247,1160.0,1208.584034264728,-48.58403426472796
285289,746.0,703.4112901588153,42.58870984118471
285339,925.0,736.8929498152704,188.1070501847296
285367,710.0,705.3377663360694,4.662233663930579
285394,1070.0,1191.8665702347919,-121.86657023479188
285440,1325.0,1056.8631942991603,268.13680570083966
285480,735.0,845.8853292995473,-110.88532929954727
285505,1035.0,1194.5144359197905,-159.51443591979046
285533,1554.0,1094.6647071798836,459.33529282011636
285562,1113.0,1201.0714508677527,-88.07145086775267
285563,1170.0,1067.7550010765717,102.24499892342828
285570,1430.0,1318.0353507239975,111.96464927600255
285571,1280.0,1137.050981638805,142.94901836119493
285612,665.0,702.1627169016331,-37.162716901633075
285618,1125.0,1059.2160478784972,65.78395212150281
285620,737.0,665.5082435705565,71.49175642944351
285711,800.0,736.8449197073236,63.155080292676416
285726,631.0,754.538479421963,-123.53847942196296
285730,660.0,713.9919785892982,-53.99197858929824
285749,1015.0,1177.2746948382407,-162.27469483824075
285766,1390.0,1253.5690565516725,136.43094344832753
285771,558.0,686.8158234755043,-128.81582347550432
285798,1160.0,1014.0209006417122,145.97909935828784
285839,687.0,712.5659365606996,-25.565936560699583
285876,930.0,899.1734948049374,30.826505195062623
286002,595.0,593.9074125232581,1.092587476741869
286030,670.0,630.7621825501141,39.23781744988594
286035,870.0,1051.044554893727,-181.04455489372708
286062,1041.0,1110.9229827216082,-69.92298272160815
286176,495.0,676.6115122170661,-181.6115122170661
286219,1082.0,1204.689408275652,-122.68940827565211
286237,440.0,1075.1526832889526,-635.1526832889526
286448,1300.0,1202.6095260133966,97.39047398660341
286451,1290.0,1315.297216821892,-25.297216821892107
286552,1415.0,1131.5281037954824,283.47189620451763
286563,849.0,716.8413913577568,132.15860864224317
286675,645.0,674.6464989958725,-29.646498995872548
286763,1246.0,1141.3543565813063,104.64564341869368
286839,1013.0,1216.2051977381575,-203.2051977381575
286921,1085.0,981.5915365090515,103.40846349094852
286951,880.0,1271.798816971893,-391.7988169718931
286973,615.0,559.9054182493373,55.094581750662655
286982,1140.0,997.7977530192936,142.20224698070638
286988,990.0,1223.630551229794,-233.63055122979404
287008,720.0,752.951457238185,-32.95145723818496
287100,1545.0,1186.3070312933532,358.69296870664675
287232,1130.0,1165.3897060629693,-35.38970606296925
287253,575.0,685.4511782562888,-110.45117825628881
287263,965.0,1133.6838694190635,-168.6838694190635
287379,1355.0,1174.9446270808578,180.0553729191422
287414,1097.0,1087.2349843108555,9.765015689144548
287447,1120.0,1107.9817673533728,12.018232646627212
287458,905.0,957.606550071713,-52.606550071712945
287688,1095.0,923.6568153519792,171.34318464802084
287722,975.0,1014.3257223000292,-39.325722300029156
287734,981.0,1074.3794040727923,-93.37940407279234
287786,570.0,730.1060501092121,-160.1060501092121
287788,755.0,667.223231311267,87.776768688733
287815,840.0,703.5125339633312,136.48746603666882
287823,1135.0,1100.1622044234116,34.837795576588405
287892,1200.0,1266.060169045321,-66.06016904532089
287926,1025.0,1102.239427593102,-77.23942759310194
287969,845.0,1002.9428313324353,-157.94283133243528
287984,945.0,1133.0905466275217,-188.0905466275217
288003,1060.0,1095.8983486162879,-35.898348616287876
288012,995.0,1144.6063155553688,-149.60631555536884
288042,1047.0,1290.456664206385,-243.45666420638508
288056,760.0,672.2597396311639,87.74026036883606
288071,840.0,687.9271847516554,152.07281524834457
288083,1115.0,701.5528622395174,413.44713776048263
288104,925.0,1138.249675220462,-213.249675220462
288177,1150.0,1073.9310766597755,76.0689233402245
288185,882.0,974.3978096783202,-92.39780967832019
288197,1305.0,1268.6640957404459,36.33590425955413
288220,1422.0,1211.1025381278273,210.8974618721727
288225,970.0,1147.7626756969996,-177.76267569699962
288250,970.0,961.3676470015483,8.632352998451665
288259,1336.0,1276.7886565567187,59.211343443281294
288356,1305.0,1267.5164221153746,37.48357788462545
288372,1365.0,1288.3323612033664,76.66763879663358
288410,1140.0,1090.9050700787975,49.09492992120249
288445,905.0,1136.534225961212,-231.5342259612121
288482,1155.0,1033.7978710561424,121.20212894385759
288521,710.0,681.6259004374592,28.374099562540778
288556,620.0,652.6471681851132,-32.64716818511317
288579,1080.0,1071.700258668886,8.299741331114092
288639,1058.0,1037.6380002790759,20.361999720924132
288641,439.0,673.7380346976385,-234.73803469763845
288645,860.0,764.6399286358868,95.3600713641132
288676,1058.0,1099.133859449896,-41.13385944989591
288779,1195.0,1231.2318071863758,-36.23180718637582
288838,1268.0,1099.2475424102245,168.75245758977553
288839,850.0,677.0796219600212,172.9203780399788
288905,1620.0,1226.2581722347966,393.7418277652034
288940,1215.0,1241.6108426479002,-26.6108426479002
288958,608.0,621.8920257207425,-13.892025720742481
289010,788.0,733.2483845921746,54.7516154078254
289055,710.0,741.63610984139,-31.636109841389953
289060,855.0,1095.2509471357498,-240.2509471357498
289103,745.0,693.2087021395101,51.79129786048986
289106,1054.0,1077.8106084220428,-23.810608422042833
289125,1010.0,973.9067783136447,36.093221686355264
289210,1120.0,1099.2475424102245,20.75245758977553
289215,1100.0,1251.0049347859044,-151.00493478590442
289328,955.0,1169.786991742814,-214.78699174281405
289369,895.0,747.0182756339082,147.98172436609184
289413,790.0,677.2194770012875,112.78052299871251
289463,1224.0,1232.468244211687,-8.468244211687079
289496,1146.0,1051.4644386522705,94.53556134772953
289593,1230.0,1281.2615608546926,-51.26156085469256
289703,615.0,591.2703689058363,23.729631094163665
289710,1560.0,1210.2636911057716,349.7363088942284
289745,1185.0,1286.2745924125375,-101.27459241253746
289785,1255.0,1117.1528652727654,137.84713472723456
289814,760.0,1053.6260904971232,-293.6260904971232
289827,1009.0,726.9866872886353,282.01331271136473
289839,784.0,1042.0131478902738,-258.0131478902738
289973,1315.0,1107.3946905302707,207.60530946972926
289996,1130.0,1140.9230105077984,-10.92301050779838
289998,1125.0,1202.0696125171867,-77.06961251718667
290037,1200.0,1090.6627652432915,109.33723475670854
290087,941.0,1100.101117144915,-159.10111714491495
290101,1430.0,1187.0888828254406,242.91111717455942
290139,905.0,1184.9438236513085,-279.94382365130855
290143,1010.0,1086.4861362241,-76.48613622409994
290201,1110.0,1115.6517959533335,-5.651795953333476
290236,1058.0,945.2860389586829,112.71396104131713
290282,618.0,735.9322264412846,-117.93222644128457
290325,670.0,1037.92632580852,-367.92632580852
290384,680.0,708.2572352889517,-28.257235288951733
290393,1138.0,1201.588638202248,-63.58863820224792
290517,1100.0,1054.4666034782488,45.53339652175123
290523,1433.0,1165.7083256489996,267.29167435100044
290536,585.0,642.6402096496987,-57.640209649698704
290587,890.0,693.6732328313577,196.32676716864228
290626,750.0,680.2558000359849,69.74419996401514
290653,905.0,1067.1791013299253,-162.1791013299253
290679,1470.0,1301.7517713609986,168.24822863900135
290741,545.0,735.7595960472537,-190.7595960472537
290755,755.0,699.3730477216632,55.62695227833683
290820,1220.0,1177.0165354160154,42.98346458398464
290840,970.0,1034.3584270551794,-64.35842705517939
290842,1250.0,1135.5555558685655,114.44444413143447
290846,725.0,724.9207985262968,0.07920147370316499
290854,725.0,722.3643280226398,2.6356719773601753
290870,535.0,699.2750648764919,-164.2750648764919
290887,760.0,708.9420254661064,51.05797453389357
290891,1140.0,1178.0144932645997,-38.01449326459965
291041,1115.0,1069.560994187824,45.43900581217599
291131,1160.0,1199.1315767093024,-39.13157670930241
291148,995.0,1017.5264268864597,-22.526426886459717
291183,668.0,604.8771569147311,63.12284308526887
291211,600.0,652.4306781523368,-52.43067815233678
291221,545.0,572.5234554849221,-27.523455484922124
291377,904.0,932.8577013886196,-28.857701388619603
291460,813.0,735.1102596331822,77.88974036681782
291478,625.0,697.0477080647837,-72.0477080647837
291488,650.0,1051.2303793446504,-401.2303793446504
291516,1095.0,1089.2699944868882,5.7300055131117915
291555,1288.0,1087.6419694802862,200.3580305197138
291572,816.0,1047.015956449782,-231.01595644978192
291738,520.0,1274.3444445856871,-754.3444445856871
291809,851.0,690.7898005312143,160.21019946878573
291885,1120.0,1259.7760812879842,-139.7760812879842
291944,1086.0,1282.128370454889,-196.1283704548889
291955,1175.0,1273.5446753534989,-98.54467535349886
292029,985.0,1030.1337033042983,-45.13370330429825
292085,745.0,895.6766603000146,-150.67666030001465
292216,785.0,706.2733131742035,78.72668682579649
292238,650.0,642.9451253606562,7.05487463934378
292239,1370.0,1176.7931273911968,193.20687260880322
292284,1000.0,1124.749272848322,-124.74927284832211
292324,992.0,1133.2138339999044,-141.2138339999044
292394,720.0,592.3337718840753,127.6662281159247
292584,434.0,628.7316263813068,-194.7316263813068
292658,1219.0,1154.0385991890487,64.96140081095132
292711,700.0,1029.2535338984349,-329.25353389843485
292808,1245.0,1063.8445034130245,181.15549658697546
292816,890.0,1122.0987725550901,-232.09877255509014
292869,930.0,1109.226369486508,-179.22636948650802
292870,1120.0,1203.7804112781469,-83.78041127814686
292888,1205.0,1274.6974584572051,-69.69745845720513
292895,1170.0,1223.588305641556,-53.58830564155596
293008,592.0,732.1708867419298,-140.17088674192985
293067,620.0,763.497852868109,-143.49785286810902
293096,937.0,1099.015073767928,-162.01507376792802
293187,1306.0,1074.225784838016,231.7742151619841
293231,870.0,896.1842637625715,-26.184263762571504
293293,685.0,1043.950915276053,-358.9509152760529
293422,1460.0,1018.726560981177,441.27343901882296
293423,849.0,1066.452170141531,-217.45217014153104
293428,765.0,697.6505663969455,67.34943360305454
293473,570.0,608.3007107230555,-38.300710723055545
293548,755.0,673.8980526316612,81.10194736833876
293575,925.0,1072.9366887336355,-147.9366887336355
293580,750.0,1147.505439969665,-397.5054399696651
293589,410.0,686.2416125590914,-276.24161255909144
293691,970.0,1165.2944982982517,-195.2944982982517
293695,1080.0,1245.7975674675943,-165.79756746759426
293740,1130.0,1273.5106084163701,-143.51060841637013
293799,910.0,1085.2288179150569,-175.22881791505688
293931,1250.0,1167.701144243795,82.29885575620506
293938,716.0,636.8666453051128,79.1333546948872
293984,1180.0,1209.678330759304,-29.67833075930389
294147,615.0,718.1011674844563,-103.10116748445625
294157,1525.0,1237.4134726763407,287.5865273236593
294159,1186.0,1078.6606966019126,107.3393033980874
294178,1290.0,1193.1639736141537,96.83602638584625
294322,1010.0,1206.5067457663554,-196.50674576635538
294371,980.0,1203.274013192243,-223.27401319224305
294401,1135.0,1051.2392042846827,83.76079571531727
294404,495.0,534.7887293288495,-39.78872932884951
294406,1123.0,1197.310453803221,-74.31045380322098
294413,1155.0,1181.9358199618757,-26.935819961875723
294459,1294.0,1056.0925625337288,237.90743746627118
294551,1060.0,1031.6136287789273,28.38637122107275
294619,1114.0,1021.3292061510203,92.67079384897966
294628,640.0,643.6105366527252,-3.610536652725159
294643,865.0,1139.661165519129,-274.6611655191291
294679,915.0,881.0490867903184,33.95091320968163
294695,895.0,1147.0852103768207,-252.08521037682067
294797,1053.0,1091.3788663882672,-38.37886638826717
294830,1045.0,1125.5561811055209,-80.55618110552086
294843,1045.0,1103.6695446173526,-58.669544617352585
294933,1020.0,1205.5332448590596,-185.53324485905955
294949,930.0,976.5952112594314,-46.59521125943138
295013,1435.0,1286.8239847509676,148.1760152490324
295042,970.0,881.1085040327602,88.89149596723985
295148,805.0,695.4667083455605,109.5332916544395
295166,1230.0,1258.349472833629,-28.34947283362908
295211,760.0,756.2715397860521,3.7284602139478693
295226,1335.0,1315.3994697826606,19.600530217339383
295233,660.0,695.8969424627411,-35.896942462741094
295279,1060.0,1024.6462028618553,35.35379713814473
295318,849.0,941.1259198340297,-92.12591983402967
295326,1267.0,1109.2673507633617,157.73264923663828
295408,758.0,740.5148123230152,17.485187676984765
295464,1370.0,1266.6674668833482,103.3325331166518
295532,770.0,1001.9178316622562,-231.91783166225616
295610,805.0,986.2161605272584,-181.21616052725835
295645,1520.0,1304.8766057684948,215.12339423150524
295664,1265.0,1126.7155006400694,138.28449935993058
295700,720.0,678.5826652737585,41.417334726241506
295747,900.0,1102.3125091536162,-202.31250915361625
295825,540.0,696.5292820396867,-156.52928203968668
295859,550.0,662.508833789948,-112.50883378994797
295860,1255.0,1165.8856494329384,89.11435056706159
295863,1280.0,1209.8343560094697,70.16564399053027
295934,1315.0,1265.5319748620939,49.468025137906125
295936,1050.0,1151.276751933248,-101.27675193324808
295988,1145.0,1164.4146706662639,-19.414670666263873
296019,1213.0,1137.579945752069,75.42005424793092
296155,1090.0,1106.9794455365832,-16.97944553658317
296254,1072.0,942.8189708537642,129.1810291462358
296418,1110.0,1237.1710493558435,-127.17104935584348
296477,1095.0,1295.108030635813,-200.10803063581307
296497,1138.0,1175.1502925799768,-37.15029257997685
296575,1325.0,1290.197395644232,34.802604355767926
296591,865.0,1053.5320741191654,-188.53207411916537
296606,900.0,988.6698369671566,-88.66983696715658
296726,820.0,1087.174019015214,-267.17401901521407
296727,1275.0,1067.9089882419125,207.09101175808746
296878,860.0,1152.9989589536815,-292.9989589536815
296895,705.0,963.7421664087555,-258.74216640875545
296908,545.0,593.9865148844657,-48.98651488446569
296919,710.0,783.5260474142322,-73.52604741423215
297062,580.0,1078.9078585538152,-498.90785855381523
297141,1020.0,1107.1699583394325,-87.16995833943247
297206,1250.0,1035.244181553197,214.755818446803
297247,1160.0,1179.1971515396813,-19.197151539681272
297252,560.0,691.1541576401281,-131.15415764012812
297260,1035.0,906.510435230764,128.48956476923604
297351,1115.0,1128.6423251038864,-13.642325103886378
297382,1295.0,1277.7121125834753,17.287887416524654
297418,615.0,634.2920393180947,-19.29203931809468
297437,1127.0,1087.6569966580691,39.34300334193085
297501,527.0,668.5703037095241,-141.57030370952407
297570,705.0,910.7285887714944,-205.7285887714944
297621,715.0,727.4639045762306,-12.463904576230561
297655,1035.0,1072.3744713486906,-37.37447134869058
297710,1185.0,1039.7087738443838,145.2912261556162
297842,870.0,1152.681098354311,-282.68109835431096
297860,1512.0,1309.9572260255406,202.04277397445935
297974,960.0,1152.9664413915339,-192.96644139153386
298107,1275.0,1252.7767490830147,22.223250916985307
298141,845.0,750.3545496094572,94.6454503905428
298166,935.0,761.1659576452648,173.83404235473517
298193,1185.0,1238.9914863178328,-53.99148631783282
298204,1425.0,1251.3324602763828,173.6675397236172
298263,605.0,738.3669226755374,-133.36692267553735
298275,1210.0,1208.8272223438873,1.1727776561126575
298350,560.0,595.1667769103655,-35.166776910365456
298439,1100.0,1073.6621573748996,26.337842625100393
298443,1415.0,1248.9993981818968,166.00060181810318
298446,1460.0,1270.1142281446778,189.88577185532222
298497,645.0,590.0788120313525,54.92118796864747
298534,730.0,652.8821101297036,77.11788987029638
298535,1330.0,1179.0462202588012,150.9537797411988
298551,1175.0,1111.9159224540415,63.08407754595851
298578,657.0,687.4569587585456,-30.456958758545625
298583,1100.0,1187.867508635309,-87.86750863530892
298591,1150.0,1093.8077665887906,56.19223341120937
298598,785.0,727.7356058475126,57.2643941524874
298679,1130.0,1112.6734625821096,17.32653741789045
298734,870.0,707.8540591679291,162.1459408320709
298841,1290.0,1257.6174505867286,32.38254941327136
298872,827.0,976.3585913187395,-149.3585913187395
298910,893.0,1013.906060867038,-120.90606086703804
298945,746.0,691.340762222524,54.65923777747605
299030,1135.0,1201.771085026738,-66.77108502673809
299035,595.0,764.6882326257361,-169.68823262573608
299175,796.0,1192.8752668894201,-396.8752668894201
299176,1014.0,1124.459141982913,-110.45914198291302
299195,1070.0,1059.800838896888,10.19916110311192
299206,705.0,681.511091464107,23.48890853589296
299239,680.0,751.357536460235,-71.357536460235
299257,1125.0,1105.1466474789602,19.853352521039824
299291,1040.0,983.0721116964389,56.927888303561076
299306,900.0,1125.8873056162763,-225.8873056162763
299423,1140.0,1012.3215118651672,127.67848813483283
299526,848.0,711.4253779219165,136.5746220780835
299527,1620.0,1219.7976557706502,400.2023442293498
299611,1072.0,1006.3848507342711,65.61514926572886
299621,1270.0,1082.2599344992364,187.74006550076365
299647,1047.0,1042.4706524720839,4.529347527916116
299654,1140.0,1160.5944184435698,-20.594418443569793
299705,1217.0,1103.6902759561908,113.30972404380918
299726,502.0,638.8245755178461,-136.82457551784614
299730,1010.0,1159.7984218972854,-149.79842189728538
299836,1028.0,920.2743175061952,107.72568249380481
299869,665.0,680.9493261918147,-15.949326191814748
299891,1250.0,1164.2933918259985,85.70660817400153
299915,970.0,993.9117934405549,-23.911793440554902
299942,930.0,693.7120306904064,236.28796930959356
299987,930.0,1136.0172169709083,-206.0172169709083
300018,624.0,672.950156966852,-48.95015696685198
300019,485.0,733.5156507798665,-248.51565077986652
300153,773.0,631.5306952844061,141.46930471559392
300155,1025.0,1276.5928870499392,-251.59288704993924
300212,945.0,1078.3653660281298,-133.36536602812976
300215,670.0,653.6979125448102,16.30208745518985
300231,1175.0,1139.8147519142187,35.18524808578127
300239,720.0,687.3156419887565,32.68435801124349
300245,827.0,1090.0884563919303,-263.0884563919303
300252,620.0,644.0293905308868,-24.029390530886758
300264,710.0,670.4998938666495,39.50010613335053
300294,1330.0,1219.3963378394253,110.60366216057469
300312,695.0,684.1806149751988,10.81938502480125
300318,740.0,680.7038440446772,59.296155955322774
300337,700.0,675.1871217282246,24.81287827177539
300420,790.0,740.7849912092014,49.215008790798606
300474,920.0,1186.1204640196943,-266.1204640196943
300475,770.0,666.516558693794,103.48344130620603
300542,795.0,715.9088180138599,79.0911819861401
300550,1030.0,1153.7783087508496,-123.77830875084965
300641,640.0,716.339974040505,-76.33997404050501
300661,1285.0,1321.166994645283,-36.16699464528301
300712,1025.0,894.809386196053,130.19061380394703
300721,1040.0,1301.4814899778764,-261.48148997787644
300749,655.0,735.4367619964755,-80.43676199647552
300833,1165.0,1178.385307053028,-13.3853070530281
300841,975.0,1151.599815822878,-176.5998158228781
300874,955.0,1015.1058551227303,-60.105855122730304
300906,1375.0,1125.8767395290665,249.12326047093347
300953,1122.0,1018.3053533883232,103.69464661167683
301092,902.0,1163.8975973597996,-261.89759735979965
301194,937.0,1234.4648211189924,-297.4648211189924
301253,1345.0,1270.2004848451738,74.79951515482617
301259,675.0,698.0499416301992,-23.049941630199214
301286,668.0,705.0318025961463,-37.03180259614635
301288,700.0,703.2828273215583,-3.2828273215583295
301330,470.0,672.7307089868091,-202.73070898680908
301341,1425.0,1091.6744137070186,333.32558629298137
301363,560.0,715.4396983444553,-155.43969834445534
301397,1710.0,1291.0056246646789,418.99437533532114
301512,1005.0,1164.6560760240627,-159.6560760240627
301565,860.0,969.0117218499004,-109.01172184990037
301668,1201.0,1167.9198806618222,33.08011933817784
301749,1235.0,1146.7515709161746,88.24842908382539
301810,920.0,1079.803937996837,-159.80393799683702
301864,840.0,917.092856684445,-77.092856684445
301869,1285.0,1158.1700214284583,126.82997857154169
301879,725.0,716.7412714481788,8.25872855182115
301948,760.0,737.3177641162058,22.682235883794192
301976,1347.0,1151.5800467823317,195.4199532176683
301995,1213.0,1283.4628578716336,-70.46285787163356
302064,590.0,621.893267508586,-31.89326750858595
302077,1330.0,1259.5144244115893,70.48557558841071
302130,1191.0,1072.0615042122813,118.9384957877187
302238,1047.0,1120.072974012845,-73.07297401284495
302259,1025.0,1017.690268479206,7.309731520794003
302277,817.0,1090.406874040455,-273.406874040455
302307,465.0,697.8934870401482,-232.89348704014822
302451,740.0,690.9512506746195,49.04874932538053
302479,662.0,693.6262910599731,-31.62629105997314
302533,838.0,1198.318813527415,-360.31881352741493
302596,425.0,720.407671533685,-295.40767153368495
302610,870.0,1146.0118734811995,-276.0118734811995
302723,710.0,1055.1397025214872,-345.13970252148715
302759,1040.0,1113.5127083662658,-73.51270836626577
302795,1195.0,1146.2482905802597,48.75170941974034
302799,630.0,735.8619984602861,-105.86199846028615
302897,855.0,1141.1488947525295,-286.1488947525295
303010,930.0,1099.7874240826206,-169.78742408262065
303062,677.0,936.8088200475962,-259.8088200475962
303113,986.0,1059.8009636755812,-73.80096367558122
303125,959.0,1141.6206276665,-182.6206276665
303212,1058.0,935.366121149818,122.63387885018199
303232,1041.0,1116.9821754599307,-75.98217545993066
303323,805.0,1083.7378059087293,-278.73780590872934
303328,970.0,1143.7047431806118,-173.70474318061179
303339,1125.0,1227.168847090562,-102.16884709056194
303402,1110.0,1072.723418167067,37.27658183293306
303416,1170.0,1207.2896064238487,-37.28960642384868
303536,580.0,716.5977309474818,-136.59773094748175
303585,1040.0,1219.8789264016743,-179.87892640167433
303716,1375.0,1314.4148520509655,60.585147949034535
303730,1137.0,1269.1594076214608,-132.1594076214608
303846,1045.0,1072.9550708030476,-27.955070803047647
303873,655.0,698.2834790928438,-43.28347909284378
303973,676.0,730.6111792526816,-54.61117925268161
303977,800.0,1126.9211823407284,-326.92118234072836
304062,580.0,871.1191134202983,-291.1191134202983
304088,810.0,1017.2942693915171,-207.2942693915171
304096,1125.0,1016.4200663716815,108.57993362831849
304100,1025.0,982.7074774956973,42.292522504302724
304278,813.0,655.2800158727497,157.7199841272503
304304,729.0,1171.8682773561436,-442.8682773561436
304347,675.0,707.9267051772663,-32.926705177266285
304368,1030.0,1149.4018203407923,-119.40182034079226
304436,965.0,1083.9918509802635,-118.99185098026351
304548,895.0,1199.0759519033477,-304.0759519033477
304555,1010.0,1056.6756997766913,-46.67569977669132
304560,950.0,1078.8487662405464,-128.8487662405464
304587,755.0,712.5458153776311,42.45418462236887
304601,766.0,747.1784301867228,18.821569813277165
304656,633.0,681.6552494527,-48.65524945269999
304717,727.0,749.2910563302191,-22.291056330219135
304753,1525.0,1269.6503991224265,255.3496008775735
304755,847.0,738.5915290291913,108.40847097080871
304782,985.0,1209.4019260326975,-224.40192603269747
304804,880.0,1121.4307663643112,-241.43076636431124
304815,1118.0,1085.9388657505363,32.06113424946375
304816,730.0,714.5404435845797,15.459556415420252
304907,760.0,744.4127182685846,15.587281731415374
304966,1010.0,1190.8089845964535,-180.80898459645346
305217,1278.0,1227.0737998570748,50.926200142925154
305337,1230.0,1270.9532464539236,-40.95324645392361
305365,1005.0,970.7258135372747,34.27418646272531
305378,1066.0,1078.7621295496328,-12.762129549632846
305410,580.0,727.1575282100836,-147.15752821008357
305414,700.0,823.0700742194857,-123.07007421948572
305538,695.0,717.1241452537747,-22.124145253774714
305585,1375.0,1253.3003997982205,121.6996002017795
305614,1320.0,1301.42104640429,18.57895359570989
305617,765.0,1016.2507528220361,-251.25075282203613
305670,1175.0,1247.8874793668742,-72.88747936687423
305792,1146.0,1054.4814444490519,91.51855555094812
305819,1191.0,1254.2367376802567,-63.23673768025674
306005,1080.0,1308.240862988666,-228.2408629886661
306033,940.0,1083.586122541432,-143.5861225414319
306074,1145.0,1029.5929141521676,115.40708584783238
306102,1195.0,1016.1378194832365,178.8621805167635
306123,700.0,944.9857058302789,-244.9857058302789
306136,1000.0,1093.5597840199966,-93.55978401999664
306142,1502.0,1290.5138855363623,211.4861144636377
306199,800.0,669.4045070997572,130.5954929002428
306412,1290.0,1139.5106840141107,150.48931598588933
306425,1060.0,1084.2255349905504,-24.225534990550386
306447,745.0,993.8405976120864,-248.8405976120864
306453,1360.0,1225.847480552899,134.15251944710099
306478,1146.0,1072.1963026962405,73.80369730375946
306554,1115.0,1325.3422138400792,-210.34221384007924
306566,727.0,1188.437748992087,-461.4377489920871
306580,550.0,689.6169707647801,-139.61697076478015
306632,527.0,667.7368406067274,-140.73684060672736
306651,1136.0,1303.9623170503735,-167.96231705037349
306686,705.0,595.4587769408743,109.54122305912574
306825,1320.0,1036.3473621998096,283.6526378001904
306836,810.0,1032.8516067417045,-222.85160674170447
306894,695.0,693.4405465626401,1.5594534373599345
306898,1060.0,1254.5946363298308,-194.5946363298308
307010,1040.0,1041.6044093595626,-1.6044093595626236
307017,970.0,1068.277280438716,-98.27728043871593
307120,1100.0,1270.5768878450956,-170.5768878450956
307135,1175.0,1116.8367000851765,58.16329991482348
307246,540.0,646.6746345688094,-106.67463456880944
307328,475.0,604.0302039585047,-129.03020395850467
307555,1180.0,1052.3407802285271,127.65921977147286
307598,979.0,993.413022358523,-14.413022358522994
307665,880.0,1129.3578610164304,-249.35786101643043
307818,725.0,744.6221085745442,-19.6221085745442
307829,1003.0,1097.079342039519,-94.0793420395189
307835,715.0,725.9817292864615,-10.981729286461473
307856,710.0,808.9898916107563,-98.98989161075633
307888,680.0,648.4053656167845,31.59463438321552
307934,520.0,695.516141704486,-175.51614170448602
307940,1180.0,1288.0036323932495,-108.00363239324952
307941,1180.0,1164.0893307434508,15.910669256549227
307942,1036.0,1074.1263434526452,-38.12634345264519
307977,1193.0,1161.9979087387032,31.002091261296755
308066,905.0,1075.0609119461774,-170.06091194617738
308085,1260.0,1296.968466364411,-36.968466364410915
308098,1170.0,1222.4700052957755,-52.470005295775536
308185,1040.0,1137.7038334168337,-97.70383341683373
308230,520.0,733.849430018656,-213.849430018656
308248,560.0,723.436476815657,-163.436476815657
308287,1325.0,1242.0328348226756,82.96716517732443
308357,665.0,662.0899903537938,2.910009646206163
308406,1030.0,639.3213580042824,390.6786419957176
308438,1455.0,1250.5484828916642,204.4515171083358
308505,645.0,575.1415053923602,69.85849460763984
308521,1120.0,1137.7801078260181,-17.78010782601814
308533,1082.0,1132.5253239723684,-50.52532397236837
308572,490.0,760.3918701180883,-270.39187011808826
308583,1380.0,1271.4393236227525,108.56067637724755
308612,1240.0,1148.678285917187,91.32171408281306
308624,925.0,1020.2122008709425,-95.21220087094252
308654,1205.0,1160.2863650580355,44.71363494196453
308704,955.0,991.1844953093274,-36.18449530932742
308732,1130.0,1211.4683346311547,-81.46833463115468
308767,1030.0,889.5157720839903,140.48422791600967
308789,775.0,715.9919189700147,59.008081029985306
308814,1367.0,1324.290861475456,42.70913852454396
308829,850.0,1066.6051624658355,-216.60516246583552
308844,1210.0,1265.8114550611833,-55.811455061183324
308879,910.0,1038.0254357187887,-128.02543571878869
308951,1020.0,1098.2042058450304,-78.2042058450304
308985,782.0,1008.1788742909845,-226.17887429098448
308992,1179.0,1169.1690251947841,9.830974805215874
309013,1047.0,1098.862328850444,-51.8623288504441
309042,767.0,678.2016374183543,88.79836258164573
309064,1395.0,1195.9285956095734,199.07140439042655
309100,594.0,622.1874618447126,-28.18746184471263
309128,1367.0,1276.0864900004988,90.91350999950123
309131,805.0,713.2018429203329,91.79815707966713
309135,420.0,575.2769172169269,-155.2769172169269
309278,635.0,639.8454688426308,-4.845468842630794
309289,960.0,978.5027236963572,-18.50272369635718
309426,920.0,1097.0497144571755,-177.04971445717547
309489,1050.0,1137.1299796590072,-87.12997965900718
309522,690.0,699.0098378930307,-9.009837893030749
309628,1105.0,1192.4621573170189,-87.46215731701886
309691,1335.0,1197.0255937550398,137.97440624496016
309780,1240.0,1263.7227106926846,-23.722710692684586
309814,854.0,1167.6084645713026,-313.60846457130265
309831,640.0,634.7507762413566,5.2492237586434385
309954,835.0,730.739834650292,104.26016534970802
309962,955.0,1048.2947432381843,-93.29474323818431
310029,1033.0,1013.6516970124513,19.348302987548664
310181,686.0,687.927275351638,-1.9272753516379453
310208,1115.0,1215.9891466603556,-100.98914666035557
310526,937.0,977.3358539567333,-40.33585395673333
310531,1220.0,1192.60028348118,27.399716518820014
310532,455.0,680.6917527949148,-225.6917527949148
310584,1530.0,1209.4062076793434,320.5937923206566
310624,1158.0,1158.6766405381356,-0.6766405381356435
310627,1191.0,1165.6516111900028,25.348388809997232
310687,925.0,710.0622467721765,214.93775322782346
310711,1044.0,1053.8307960890138,-9.830796089013802
310732,1365.0,1315.0846706621617,49.91532933783833
310743,1008.0,957.3347251469646,50.665274853035385
310744,1405.0,1243.9142585230015,161.08574147699846
310780,980.0,901.6271136827695,78.3728863172305
310790,1270.0,1182.95929041369,87.04070958630996
310798,1050.0,1149.4315449500662,-99.43154495006615
310838,680.0,677.1417283857694,2.8582716142306026
310853,725.0,721.3047383188396,3.6952616811604457
310860,700.0,966.5714208240456,-266.5714208240456
310870,1030.0,1209.5027631914675,-179.50276319146747
310905,581.0,695.685113346851,-114.68511334685104
310931,900.0,1109.2098337056295,-209.20983370562953
311041,650.0,676.965485505573,-26.965485505573042
311071,915.0,711.7630558742206,203.23694412577936
311103,775.0,702.0469518373633,72.95304816263672
311218,600.0,696.8614302294847,-96.86143022948465
311324,790.0,653.2375378326877,136.76246216731226
311358,1395.0,1169.123145109248,225.87685489075193
311405,1140.0,1112.6599755342666,27.34002446573345
311456,890.0,1032.315094529847,-142.3150945298471
311473,655.0,727.0338591539793,-72.03385915397928
311588,923.0,1046.6124801977455,-123.61248019774553
311657,960.0,1093.1896093186315,-133.18960931863148
311827,1290.0,1188.0345498485358,101.96545015146421
311841,740.0,689.8898920864874,50.11010791351259
311874,720.0,728.8600016721517,-8.860001672151725
311886,800.0,685.1466095231418,114.85339047685818
311998,680.0,660.6096184570885,19.39038154291154
312103,710.0,702.3591622564562,7.640837743543784
312134,1380.0,1159.5165796955957,220.48342030440426
312135,639.0,680.3092364917756,-41.30923649177555
312164,715.0,627.5671959278071,87.43280407219288
312166,796.0,699.7988334835994,96.20116651640058
312182,595.0,698.0058188281732,-103.00581882817323
312196,780.0,637.2915560400644,142.7084439599356
312210,1355.0,1244.7950821878662,110.20491781213377
312253,680.0,561.0603482496731,118.9396517503269
312345,1165.0,966.9814288168911,198.01857118310886
312432,1085.0,1156.9017564370563,-71.90175643705629
312465,1340.0,1302.0030786542777,37.996921345722285
312512,504.0,703.3650182752466,-199.3650182752466
312524,960.0,1160.1682960012652,-200.16829600126516
312541,505.0,593.6780361465364,-88.67803614653644
312556,1150.0,1334.0005322531558,-184.00053225315582
312623,550.0,695.3522329569225,-145.35223295692253
312660,827.0,660.6462135399363,166.3537864600637
312851,760.0,1143.3124113680794,-383.31241136807944
312894,585.0,1131.4606720489612,-546.4606720489612
312905,1160.0,1206.88444504329,-46.88444504329004
312907,715.0,1084.4944196771655,-369.4944196771655
312950,760.0,1079.7033780276645,-319.7033780276645
312994,738.0,1183.4334607983872,-445.43346079838716
313029,945.0,1055.7393203367371,-110.73932033673714
313055,890.0,966.27703696861,-76.27703696860999
313071,1175.0,1056.5933068622116,118.40669313778835
313101,795.0,1232.9260534104294,-437.9260534104294
313114,1220.0,1250.5601077473143,-30.560107747314305
313158,1110.0,1075.740699450225,34.259300549774935
313212,1170.0,1130.92505052755,39.074949472450044
313222,1405.0,1211.2500816270044,193.74991837299558
313233,610.0,683.000898366105,-73.00089836610505
313272,1345.0,1091.7596114502524,253.24038854974765
313352,1090.0,969.2162209005005,120.7837790994995
313524,1020.0,1184.1441155091065,-164.14411550910654
313638,890.0,1034.4267720991782,-144.42677209917815
313744,1422.0,1188.4657761386416,233.53422386135844
313758,749.0,890.8730120821584,-141.87301208215843
313805,715.0,683.3239153649178,31.676084635082248
313844,517.0,604.9959618778743,-87.99596187787427
313892,490.0,589.5553057164043,-99.55530571640429
313919,1025.0,1189.0191148664628,-164.01911486646281
313979,1030.0,1068.2342495301818,-38.23424953018184
313988,535.0,732.6969927277053,-197.69699272770526
314017,565.0,657.4925773468176,-92.4925773468176
314055,645.0,699.5033594632753,-54.503359463275274
314063,825.0,919.1659824235389,-94.16598242353894
314184,896.0,996.0744376687776,-100.07443766877759
314199,1030.0,1121.4636979653042,-91.46369796530416
314229,1270.0,1156.2270658431305,113.7729341568695
314257,1305.0,1209.0125458478915,95.98745415210851
314383,840.0,1028.5604138739084,-188.56041387390837
314400,1125.0,1281.8920700516628,-156.8920700516628
314461,940.0,1221.748862313184,-281.74886231318396
314472,602.0,635.1284354808198,-33.1284354808198
314508,620.0,747.6136667839623,-127.61366678396234
314567,990.0,1125.176819695888,-135.17681969588807
314599,900.0,871.928226416789,28.071773583210984
314634,805.0,939.0386783356299,-134.03867833562992
314635,1260.0,1161.3498384777429,98.65016152225712
314751,375.0,614.7285030836691,-239.72850308366912
314819,520.0,586.449715154804,-66.44971515480404
314875,970.0,1087.9716719871276,-117.97167198712759
314898,820.0,1253.4068007504027,-433.4068007504027
314918,920.0,1187.0134819843356,-267.0134819843356
314996,1410.0,1324.0981576932668,85.90184230673322
315029,925.0,1209.1364941200065,-284.13649412000655
315048,1170.0,1142.1708843125316,27.829115687468402
315050,430.0,650.8923759885492,-220.89237598854925
315070,1115.0,1201.870862378987,-86.87086237898711
315159,538.0,720.9080226555108,-182.90802265551076
315325,1095.0,1171.1908321527826,-76.1908321527826
315399,1016.0,1044.7324917655192,-28.73249176551917
315568,880.0,729.2414391796945,150.75856082030555
315592,1433.0,1280.4573258884157,152.54267411158435
315644,736.0,649.1113576928982,86.8886423071018
315656,840.0,1032.5457414905395,-192.5457414905395
315719,1240.0,955.8111161709255,284.1888838290745
315769,429.0,665.4224515747225,-236.42245157472246
315875,925.0,973.4451744924249,-48.44517449242494
315922,875.0,1199.1268062180968,-324.1268062180968
316025,670.0,683.6901991593026,-13.690199159302551
316026,1020.0,1004.4509323405414,15.549067659458615
316176,555.0,715.3628453025369,-160.36284530253693
316210,1295.0,1182.4730544602278,112.52694553977221
316258,980.0,1046.4478091185326,-66.44780911853263
316305,1190.0,1166.3597525550124,23.640247444987608
316322,1473.0,1074.2819825257188,398.71801747428117
316423,1370.0,1085.966223439382,284.033776560618
316483,959.0,1065.7700284881437,-106.77002848814368
316490,780.0,719.0745214355165,60.925478564483456
316528,1190.0,1204.2223920189394,-14.222392018939445
316552,1255.0,1279.9402293242638,-24.940229324263782
316640,1310.0,1328.9545166288,-18.954516628800093
316673,1220.0,1124.7582446501544,95.24175534984556
316681,675.0,604.0801455752076,70.91985442479245
316683,1036.0,1138.3480654190907,-102.34806541909074
316739,1090.0,1251.1045728559247,-161.10457285592474
316778,1070.0,1223.365535076603,-153.365535076603
316790,1610.0,1317.0436220156753,292.9563779843247
316915,995.0,1070.2697412546104,-75.26974125461038
317041,1510.0,1297.1696724014325,212.83032759856746
317074,1190.0,1313.0841621143359,-123.08416211433587
317106,975.0,1226.677218595146,-251.6772185951461
317109,1090.0,1281.2615608546926,-191.26156085469256
317121,1180.0,1218.282127494961,-38.28212749496106
317206,1210.0,1139.178366442481,70.82163355751891
317254,840.0,971.9577763718622,-131.95777637186222
317294,559.0,701.8469871685088,-142.8469871685088
317302,725.0,707.7397576640211,17.260242335978887
317310,1125.0,1099.9707017947062,25.0292982052938
317312,1172.0,1176.98898680386,-4.988986803859916
317331,1025.0,1159.60264229033,-134.6026422903301
317448,1275.0,1312.6648576863213,-37.664857686321284
317484,980.0,1163.8457817449228,-183.84578174492276
317547,850.0,761.1718185456277,88.82818145437227
317548,770.0,1147.6721130721717,-377.67211307217167
317573,635.0,675.6254928327481,-40.62549283274814
317619,1130.0,1109.2592827540082,20.740717245991846
317630,1105.0,1072.4789116617512,32.521088338248774
317649,1100.0,1241.6432411574633,-141.6432411574633
317725,1085.0,1127.338523455314,-42.33852345531409
317790,1090.0,1086.0640563130294,3.9359436869706315
317832,700.0,688.8421991134767,11.157800886523319
317967,740.0,1065.0657107059792,-325.0657107059792
317986,1566.0,1072.509557501,493.490442499
318256,914.0,1077.4120137306675,-163.41201373066747
318286,996.0,1288.0920298095245,-292.09202980952455
318312,1000.0,1009.419800158669,-9.419800158668977
318325,707.0,630.2133422131577,76.78665778684228
318377,390.0,1121.51319892696,-731.5131989269601
318389,1279.0,1237.991963498883,41.008036501116976
318406,835.0,1025.9037941942383,-190.90379419423834
318416,690.0,714.8374635803236,-24.83746358032363
318458,882.0,1095.0221112467275,-213.0221112467275
318556,633.0,595.8413317456769,37.15866825432306
318610,821.0,728.0137908951966,92.98620910480338
318636,1115.0,1231.485488883952,-116.48548888395203
318646,885.0,1116.5877381969422,-231.58773819694215
318654,1085.0,1275.2488377467278,-190.24883774672776
318701,635.0,731.1732994006479,-96.17329940064792
318768,1055.0,1064.4421071448583,-9.442107144858255
318851,1018.0,1061.3812643994686,-43.38126439946859
318876,840.0,1095.7816801260963,-255.78168012609626
318885,1180.0,1074.858298393135,105.1417016068649
318954,1170.0,1013.1629574695456,156.83704253045437
318968,950.0,1085.1900710295376,-135.19007102953765
319044,771.0,678.1690565937862,92.8309434062138
319054,725.0,712.5018850300742,12.498114969925837
319090,1195.0,1306.0194645182196,-111.01946451821959
319092,985.0,1265.1742751425318,-280.17427514253177
319107,1620.0,1307.8177185958232,312.1822814041768
319117,946.0,1139.2226269503021,-193.22262695030213
319122,1030.0,1234.0138515023093,-204.0138515023093
319184,1224.0,1232.4951146296398,-8.49511462963983
319213,1425.0,1231.1751527793838,193.82484722061622
319358,1160.0,1118.4067234608106,41.593276539189446
319418,930.0,946.0878971499935,-16.087897149993523
319468,890.0,1016.5733449875138,-126.57334498751379
319472,1010.0,1120.5548216336103,-110.55482163361035
319476,1040.0,1009.1206799419185,30.879320058081476
319484,1083.0,1074.7458104867537,8.254189513246274
319521,500.0,585.7942039866689,-85.79420398666889
319523,815.0,717.4924222954936,97.50757770450639
319570,1390.0,1060.0019992597704,329.9980007402296
319616,1345.0,1239.936271309219,105.06372869078109
319627,1200.0,1158.8107013772258,41.18929862277423
319706,1350.0,1168.0803574145734,181.91964258542657
319762,1158.0,1149.1216803365555,8.878319663444472
319890,890.0,730.7835933082395,159.21640669176054
319916,1350.0,1294.6215974161057,55.378402583894285
319936,895.0,1074.1912542987866,-179.1912542987866
319978,635.0,675.0238513027559,-40.02385130275593
320072,1680.0,1312.402206806472,367.5977931935281
320098,440.0,604.5995841110732,-164.59958411107323
320105,820.0,657.3520152129412,162.64798478705882
320141,1405.0,1114.836535698006,290.16346430199405
320148,1190.0,1299.6080574262032,-109.60805742620323
320152,1384.0,1187.245907886922,196.75409211307806
320226,1170.0,1221.63239439468,-51.63239439467998
320293,640.0,1079.4558265769465,-439.4558265769465
320366,1060.0,1322.715861146659,-262.7158611466591
320418,1175.0,1107.0250744954833,67.9749255045167
320484,640.0,743.1241191216366,-103.12411912163657
320498,1220.0,1252.3544357081905,-32.35443570819052
320502,780.0,747.3827536305091,32.617246369490886
320531,1130.0,1053.291807962724,76.70819203727592
320600,515.0,715.9781740586654,-200.97817405866545
320605,755.0,733.2477843510975,21.752215648902506
320610,1225.0,1074.36816488093,150.63183511907005
320676,882.0,688.2066555371894,193.79334446281064
320689,640.0,727.449847351421,-87.449847351421
320698,1430.0,1140.1597680123948,289.8402319876052
320724,1085.0,1281.5060259086092,-196.50602590860922
320743,1170.0,1173.6356145985549,-3.6356145985548665
320755,690.0,715.909823889243,-25.909823889242944
320848,512.0,702.5473180824614,-190.5473180824614
320897,610.0,682.5187468207275,-72.51874682072753
320910,1185.0,1038.433498772265,146.566501227735
320913,605.0,588.6591346212443,16.340865378755666
320915,1160.0,1085.2164525799928,74.78354742000715
320924,605.0,782.1880851689183,-177.1880851689183
320991,1230.0,1315.124646938357,-85.12464693835705
321025,700.0,749.8947933424782,-49.89479334247824
321187,705.0,745.0867998356398,-40.086799835639795
321216,180.0,961.1676929554856,-781.1676929554856
321272,424.0,707.3810025471083,-283.3810025471083
321410,1078.0,1085.755169742753,-7.755169742752969
321431,848.0,1232.0496161903222,-384.04961619032224
321490,860.0,733.328388725861,126.67161127413897
321503,1135.0,1261.2701450446227,-126.27014504462272
321591,674.0,753.1520407510451,-79.15204075104509
321601,709.0,695.8966150821357,13.103384917864332
321747,1170.0,1194.7240318208017,-24.724031820801656
321778,755.0,1270.7760603171769,-515.7760603171769
321847,605.0,723.0130530638824,-118.01305306388235
321852,1375.0,1159.5233023266942,215.4766976733058
321896,990.0,1077.549040525227,-87.54904052522693
321914,1469.0,1289.3371412476718,179.66285875232825
321920,1180.0,1132.9407463506175,47.059253649382526
322033,1030.0,870.1085842784798,159.89141572152016
322151,903.0,919.423260242931,-16.42326024293095
322160,835.0,735.352297979533,99.64770202046702
322194,390.0,650.3401084008802,-260.34010840088024
322198,1610.0,1334.922793126483,275.07720687351707
322265,965.0,981.2069323131451,-16.206932313145103
322272,1130.0,1154.8455432736869,-24.84554327368687
322290,845.0,948.8945616974981,-103.89456169749815
322324,1160.0,1156.465725568847,3.534274431153108
322352,595.0,695.0058610930034,-100.00586109300343
322361,805.0,758.4592722651203,46.54072773487974
322407,560.0,697.0142865736544,-137.01428657365443
322491,585.0,719.5459534980266,-134.54595349802662
322558,1190.0,1229.7715543642094,-39.77155436420935
322568,820.0,650.6246071829685,169.37539281703152
322618,1345.0,1235.8474161663135,109.15258383368655
322658,830.0,895.2623855321561,-65.26238553215615
322752,705.0,743.3129546602576,-38.31295466025756
322836,800.0,688.2541130342881,111.74588696571186
322868,1400.0,1239.6881839289956,160.3118160710044
322890,509.0,672.055166060449,-163.05516606044898
322965,925.0,1106.373436169305,-181.37343616930502
322981,870.0,1093.2483784288595,-223.2483784288595
323106,1063.0,1007.3583220998781,55.64167790012186
323238,1185.0,1145.903480643283,39.09651935671695
323296,1130.0,1244.623220862737,-114.62322086273707
323319,955.0,1316.4529038589694,-361.4529038589694
323357,1490.0,1076.38905842975,413.6109415702499
323363,1030.0,975.7362415719223,54.26375842807772
323494,620.0,701.976160471824,-81.97616047182396
323551,986.0,1074.1799400983653,-88.17994009836525
323589,1060.0,1185.7742112197466,-125.77421121974658
323599,605.0,657.4850010277798,-52.485001027779845
323608,510.0,626.79713078353,-116.79713078352995
323612,608.0,760.4804229329261,-152.4804229329261
323641,545.0,735.4284390830222,-190.42843908302223
323664,1180.0,1062.0911181418849,117.90888185811514
323754,1268.0,1052.9801883345406,215.01981166545943
323765,675.0,738.2632250027061,-63.26322500270612
323773,895.0,1152.681098354311,-257.68109835431096
323908,920.0,1105.561050045999,-185.56105004599908
323962,509.0,633.8412026104517,-124.84120261045166
323970,1130.0,1139.5166190737968,-9.516619073796846
323985,530.0,668.6699225415075,-138.6699225415075
323989,860.0,745.2059588540272,114.79404114597276
324177,1065.0,1078.609705040314,-13.609705040314111
324405,1445.0,1188.640675397681,256.359324602319
324453,1268.0,1025.1123860661487,242.8876139338513
324521,525.0,581.6213417355383,-56.621341735538294
324562,845.0,892.4186517234048,-47.418651723404764
324631,1480.0,1247.72330389158,232.27669610842008
324740,1040.0,1112.6993486679066,-72.69934866790663
324836,635.0,648.559579171279,-13.559579171278983
324990,1205.0,1142.834082098642,62.16591790135794
325054,740.0,691.4115053101689,48.58849468983112
325068,1045.0,1245.1975861683245,-200.1975861683245
325085,1140.0,1161.9005595700592,-21.90055957005916
325173,1111.0,1044.2864211153778,66.71357888462217
325177,515.0,684.9875165764397,-169.9875165764397
325244,970.0,952.4598849508735,17.540115049126484
325277,1045.0,1158.53840620673,-113.53840620673009
325302,470.0,645.4744207834232,-175.47442078342317
325314,880.0,1151.6522155461953,-271.6522155461953
325324,565.0,636.4484184052834,-71.4484184052834
325367,955.0,699.6023175036087,255.39768249639133
325444,900.0,1159.9262608165152,-259.9262608165152
325447,410.0,575.042349834747,-165.04234983474703
325614,545.0,696.2696490320648,-151.26964903206476
325681,620.0,686.9916450791076,-66.99164507910757
325733,1220.0,1197.2645902058446,22.73540979415543
325777,675.0,749.3915557343538,-74.3915557343538
325789,1295.0,1188.3364756761605,106.66352432383951
325813,755.0,1181.9466659045092,-426.94666590450925
325845,611.0,695.6202823951112,-84.62028239511119
325849,655.0,754.7911490690722,-99.79114906907216
325876,1090.0,1085.732386364,4.267613636000078
325942,1320.0,1165.602138843661,154.3978611563391
325947,825.0,694.8392123171044,130.1607876828956
325964,525.0,712.6901119175623,-187.69011191756226
325985,1365.0,1242.2560499060307,122.74395009396926
326133,1030.0,1077.9809495387965,-47.980949538796494
326171,730.0,890.6172918113734,-160.61729181137343
326188,830.0,1158.80317407578,-328.8031740757799
326293,945.0,951.4564867148634,-6.456486714863445
326330,1014.0,1080.1337498619334,-66.13374986193344
326387,1375.0,1210.312704470069,164.6872955299309
326497,927.0,617.4204598985467,309.5795401014533
326649,745.0,743.913162156941,1.0868378430590155
326704,1150.0,1162.0370414065032,-12.03704140650325
326754,915.0,1113.5942458532588,-198.59424585325883
326755,900.0,712.9713132840204,187.02868671597957
326757,950.0,1087.14942699769,-137.14942699768994
326769,1160.0,1271.1905134949907,-111.19051349499068
326845,1400.0,1223.5440703264371,176.45592967356288
326892,695.0,636.4981173928821,58.501882607117864
326938,840.0,676.1873369445472,163.81266305545284
327064,680.0,694.7040749377431,-14.704074937743144
327074,953.0,742.4004133161485,210.5995866838515
327084,775.0,1071.4390612240513,-296.43906122405133
327090,1050.0,1078.085593741126,-28.085593741126104
327105,575.0,537.8641294300926,37.13587056990741
327127,610.0,638.0962757774837,-28.096275777483697
327235,890.0,702.487965170357,187.51203482964297
327260,830.0,746.6501494011795,83.34985059882047
327307,590.0,669.8531766254491,-79.85317662544912
327319,1210.0,1270.6847810127865,-60.684781012786516
327374,1065.0,1101.8837385562283,-36.88373855622831
327390,1310.0,1155.0687771707958,154.93122282920422
327399,760.0,1080.6912008940124,-320.69120089401235
327460,744.0,766.4147451664015,-22.41474516640153
327468,460.0,677.7943892277224,-217.79438922772238
327593,640.0,675.465299791799,-35.465299791799
327613,546.0,695.740434055544,-149.74043405554403
327737,1070.0,1081.2369442959398,-11.236944295939793
327848,838.0,1014.4432337370845,-176.44323373708448
327900,840.0,731.354812595815,108.64518740418498
327912,749.0,1057.5677425337221,-308.56774253372214
327920,825.0,1033.251346250639,-208.25134625063902
327938,915.0,1135.518895235104,-220.51889523510408
328034,1545.0,1191.9375447011762,353.0624552988238
328057,1147.0,1216.0280469535837,-69.02804695358373
328072,1194.0,1069.586674091654,124.413325908346
328169,685.0,755.6610244336804,-70.66102443368038
328228,695.0,753.2949449661984,-58.294944966198386
328334,540.0,651.9905003951438,-111.99050039514384
328342,820.0,1120.8244675340807,-300.82446753408067
328346,575.0,699.1908366368727,-124.19083663687275
328434,889.0,1123.1435755096275,-234.14357550962745
328435,1020.0,1112.6389218446734,-92.6389218446734
328540,777.0,690.6918289941347,86.30817100586535
328560,1355.0,1175.6326834572546,179.36731654274536
328652,1420.0,1220.8054304405653,199.19456955943474
328665,950.0,1154.6111607566847,-204.61116075668474
328864,1210.0,1247.1823280679791,-37.18232806797914
328919,965.0,1031.6316001017583,-66.6316001017583
329101,1120.0,1295.8447531817496,-175.84475318174964
329227,1015.0,1240.5799941548323,-225.57999415483232
329264,575.0,617.9193432049713,-42.919343204971256
329266,1331.0,1284.2230861971552,46.776913802844774
329299,720.0,618.1125202322361,101.88747976776392
329323,1150.0,1196.1884719138573,-46.188471913857256
329372,1175.0,1307.8974651877952,-132.8974651877952
329439,710.0,734.7330012404162,-24.73300124041623
329481,530.0,739.3877358008117,-209.3877358008117
329603,1130.0,1245.509276105201,-115.50927610520102
329685,915.0,944.6189229063275,-29.618922906327498
329693,950.0,1267.822612127209,-317.8226121272089
329715,1603.0,1144.1193098642163,458.88069013578365
329782,970.0,1041.1545479106298,-71.15454791062984
329825,937.0,1066.436741436674,-129.43674143667408
329892,904.0,1023.6859412662742,-119.6859412662742
330189,1312.0,1151.1780010304703,160.82199896952966
330267,1130.0,1241.4992595002532,-111.49925950025317
330366,650.0,948.376318208918,-298.37631820891795
330407,1205.0,1132.7761863655126,72.22381363448744
330450,755.0,658.2946986322312,96.70530136776881
330537,920.0,971.6179372091952,-51.61793720919525
330902,903.0,933.0083113018186,-30.008311301818594
330968,755.0,727.3545856128128,27.645414387187202
330994,650.0,970.3740753003462,-320.37407530034625
331026,685.0,726.5365670142336,-41.53656701423358
331030,1050.0,1098.4685958517568,-48.468595851756845
331037,885.0,1096.107694510316,-211.10769451031592
331051,885.0,1088.9645741697261,-203.96457416972612
331067,825.0,981.9340835261152,-156.93408352611516
331218,625.0,677.1085195330902,-52.1085195330902
331295,755.0,762.9522377479842,-7.9522377479842135
331352,1225.0,1199.852652692834,25.147347307166
331763,1005.0,742.543056145341,262.456943854659
331803,572.0,690.9504408661923,-118.95044086619225
331861,655.0,729.0878112210535,-74.08781122105347
331978,650.0,723.1812738621784,-73.18127386217839
331986,1070.0,1169.8554492799944,-99.85544927999445
332071,1210.0,1221.0513286105197,-11.051328610519704
332078,1220.0,1179.0823472475872,40.91765275241278
332110,1220.0,1064.2748369058434,155.72516309415664
332141,1215.0,1192.9087462499251,22.091253750074884
332205,1270.0,1288.7265353471078,-18.726535347107756
332222,820.0,1080.8597753996546,-260.8597753996546
332240,1355.0,1081.1954199179538,273.8045800820462
332253,1105.0,1078.1685984587027,26.831401541297282
332258,1144.0,1112.210729569791,31.789270430208944
332323,1110.0,1033.9708695839622,76.02913041603779
332369,595.0,655.1079138418457,-60.10791384184574
332476,1074.0,1017.626327374972,56.37367262502801
332554,813.0,1125.2189106889537,-312.21891068895366
332582,1040.0,1104.131989022582,-64.13198902258205
332623,1170.0,1246.660605965144,-76.66060596514399
332629,1185.0,1294.9776840782504,-109.97768407825038
332631,720.0,692.918191619921,27.081808380078996
332648,1312.0,1235.1348233206795,76.86517667932048
332669,667.0,748.6379369989389,-81.63793699893893
332689,518.0,613.7965659288602,-95.79656592886022
332767,1055.0,1129.0392864826797,-74.0392864826797
332778,881.0,1029.6892896336005,-148.68928963360054
332848,970.0,1094.810645219696,-124.81064521969597
332898,1130.0,977.3783914920771,152.62160850792293
332919,575.0,615.7565089827422,-40.75650898274216
332989,1150.0,1219.621198877812,-69.62119887781205
333054,575.0,696.1758326778269,-121.17583267782686
333184,557.0,654.5655797860368,-97.56557978603678
333258,1090.0,993.5778976502879,96.42210234971208
333294,890.0,997.3714783960365,-107.37147839603654
333330,643.0,690.838499223667,-47.838499223666986
333391,685.0,667.9862949413555,17.01370505864452
333482,1480.0,1281.4506244653496,198.54937553465038
333662,937.0,923.4203919525088,13.579608047491206
333746,975.0,995.9499356042238,-20.94993560422381
333839,630.0,674.8825991829835,-44.88259918298354
334000,805.0,566.8268751368809,238.17312486311914
334042,1114.0,1226.828316167793,-112.82831616779299
334068,1070.0,1176.4300491937408,-106.43004919374084
334132,1175.0,974.2628573916467,200.73714260835334
334171,906.0,928.4237390446641,-22.423739044664103
334184,550.0,585.1246781287182,-35.12467812871819
334198,1140.0,1071.73112275992,68.26887724007997
334271,1065.0,1138.2561879507005,-73.25618795070045
334301,970.0,1064.8215506710249,-94.82155067102485
334339,1070.0,1140.6345658120674,-70.63456581206742
334396,665.0,735.5915208192008,-70.59152081920081
334553,575.0,720.7857827671457,-145.78578276714575
334563,930.0,1112.00865470342,-182.00865470342
334567,1385.0,1144.6793678335666,240.32063216643337
334605,1010.0,1155.8533615005508,-145.85336150055082
334694,340.0,712.6881316510444,-372.6881316510444
334702,1060.0,1100.1068100659543,-40.10681006595428
334717,585.0,984.1983641088357,-399.1983641088357
334878,937.0,1146.8119637979828,-209.8119637979828
334893,1345.0,1312.9760015116474,32.02399848835262
334933,760.0,740.3800261532834,19.61997384671656
335040,906.0,707.046004372731,198.95399562726902
335186,668.0,670.9929462349554,-2.9929462349554115
335230,1430.0,1206.1085144169347,223.89148558306533
335241,1125.0,1303.5716705834777,-178.57167058347773
335338,890.0,1101.5159159976104,-211.51591599761036
335412,1065.0,1219.7399370547764,-154.73993705477642
335420,1025.0,1048.5281369633087,-23.528136963308725
335587,383.0,609.9263519293388,-226.9263519293388
335711,885.0,1057.5294689282002,-172.52946892820023
335715,1200.0,1296.7211045248794,-96.72110452487937
335718,910.0,1261.5197325949773,-351.5197325949773
335735,910.0,1085.732386364,-175.73238636399992
335775,1050.0,1113.538248167078,-63.53824816707811
336037,1110.0,1066.8929452570258,43.10705474297424
336123,945.0,1214.394108058965,-269.394108058965
336163,1240.0,1221.4339529714123,18.566047028587718
336245,810.0,739.7181242140595,70.28187578594054
336313,1260.0,1302.5595780133244,-42.559578013324426
336356,1160.0,1075.4748366193314,84.52516338066857
336451,630.0,601.3997539512249,28.600246048775148
336488,1120.0,1231.222474969948,-111.22247496994805
336511,630.0,632.6423531130747,-2.642353113074705
336547,1070.0,1041.2510526668912,28.748947333108845
336580,1035.0,1032.456341748185,2.5436582518150317
336613,540.0,1129.3889659121671,-589.3889659121671
336659,1270.0,1094.3729000095868,175.62709999041317
336667,1065.0,1057.913872260883,7.086127739117046
336706,665.0,713.6758063068811,-48.6758063068811
336733,705.0,689.6878880923567,15.31211190764327
336782,774.0,671.9334993855725,102.06650061442747
336828,1090.0,1120.4804705977463,-30.48047059774626
336879,1170.0,1252.7330513470295,-82.73305134702946
336919,1025.0,1023.2768330901736,1.723166909826432
336934,506.0,700.6087526199352,-194.60875261993522
336960,1080.0,991.9562749499452,88.04372505005483
337001,1325.0,1231.2120920694128,93.78790793058715
337013,1290.0,1090.6627652432915,199.33723475670854
337025,1223.0,1164.9044053833436,58.0955946166564
337106,823.0,991.0695777481321,-168.06957774813213
337137,1411.0,1132.436978979783,278.5630210202171
337422,820.0,1093.5177773698995,-273.5177773698995
337471,490.0,636.4583455267352,-146.45834552673523
337523,1246.0,1201.761014025633,44.2389859743671
337600,910.0,1140.6986774445115,-230.69867744451153
337613,727.0,677.2220049288918,49.777995071108194
337617,813.0,735.9369890807869,77.06301091921307
337635,740.0,587.4939829536396,152.5060170463604
337693,560.0,760.3033055734825,-200.30330557348248
337789,930.0,923.1519221973061,6.848077802693865
337813,1390.0,1103.584204127634,286.41579587236606
337843,1213.0,1080.9784413881632,132.02155861183678
338014,990.0,1074.2939642828874,-84.29396428288737
338023,992.0,1054.2600426098056,-62.26004260980562
338029,730.0,864.4082350092757,-134.4082350092757
338195,790.0,739.3804176323692,50.619582367630755
338277,735.0,757.1563473780157,-22.156347378015653
338283,810.0,1034.6113905943157,-224.6113905943157
338300,1085.0,1271.2759072576625,-186.27590725766254
338373,920.0,1174.2768977982198,-254.2768977982198
338384,1305.0,1240.164550020194,64.83544997980607
338485,1000.0,1062.1526031162362,-62.15260311623615
338603,1235.0,1099.9017634995573,135.09823650044268
338633,1003.0,1022.6919176698138,-19.691917669813847
338656,1060.0,1293.7180175658282,-233.71801756582818
338685,1128.0,1113.3273539859008,14.6726460140992
338804,850.0,1091.4908905895418,-241.49089058954178
338807,593.0,610.2614245154933,-17.26142451549333
339048,545.0,685.1971916302507,-140.1971916302507
339116,757.0,853.6517765265221,-96.6517765265221
339231,1000.0,1220.9800689346862,-220.9800689346862
339409,1026.0,1189.7921374298278,-163.7921374298278
339436,965.0,1257.9931316779919,-292.99313167799187
339457,1035.0,998.9642863623357,36.035713637664344
339529,921.0,743.4245790300758,177.57542096992415
339564,1395.0,1318.8655744522223,76.13442554777771
339640,1015.0,1032.3072680222188,-17.30726802221875
339660,920.0,1149.5910190887228,-229.59101908872276
339744,710.0,715.9004661215741,-5.900466121574141
339873,1342.0,1154.3737567348226,187.62624326517744
339913,485.0,657.1770881616086,-172.1770881616086
339952,1235.0,1181.2420085502504,53.757991449749625
339997,1169.0,960.7088499239331,208.29115007606686
340228,1147.0,1093.555242127054,53.44475787294596
340273,1257.0,1172.4111213432675,84.5888786567325
340300,1165.0,1115.3111275955628,49.688872404437234
340444,920.0,990.2919664678774,-70.29196646787739
340534,735.0,646.6393655094113,88.36063449058872
340546,960.0,1074.2978507507414,-114.29785075074142
340563,630.0,719.9826929146474,-89.98269291464737
340571,820.0,702.1620612070578,117.83793879294217
340648,990.0,1154.915193598761,-164.9151935987611
340766,872.0,1022.0571417522577,-150.05714175225773
340811,915.0,1165.0737934501512,-250.07379345015124
340878,830.0,1068.7709303440706,-238.77093034407062
341078,959.0,929.169716767682,29.83028323231804
341384,1015.0,1131.055309522009,-116.05530952200911
341404,658.0,733.491655058549,-75.49165505854899
341490,968.0,1126.7768286565797,-158.7768286565797
341492,1460.0,1221.1054790491546,238.8945209508454
341509,880.0,1123.1435755096275,-243.14357550962745
341585,877.0,1161.3417753175124,-284.34177531751243
341637,505.0,639.4794546961645,-134.47945469616445
341640,1145.0,1239.9110668852302,-94.91106688523018
341641,1005.0,1126.54405967513,-121.54405967513003
341695,615.0,696.7649853526931,-81.76498535269309
341859,1065.0,1243.45548984844,-178.45548984844004
341934,980.0,1225.2925464617192,-245.2925464617192
342261,680.0,699.1060697603048,-19.106069760304763
342266,851.0,1090.587831679773,-239.587831679773
342710,1080.0,1169.1217657494808,-89.1217657494808
342941,810.0,692.4915618129718,117.50843818702822
343061,935.0,1072.0517533274844,-137.05175332748445
343202,625.0,681.6771164670432,-56.67711646704322
343210,970.0,1007.7612876548317,-37.761287654831676
343268,981.0,1059.8707174812603,-78.87071748126027
343311,1014.0,968.5038608022915,45.496139197708544
343432,755.0,733.9980154749296,21.001984525070384
343442,355.0,695.5729694109888,-340.5729694109888
343500,1140.0,1294.2126964192723,-154.21269641927233
343501,565.0,680.5933923985262,-115.59339239852625
343558,609.0,1014.9136377666714,-405.9136377666714
343588,530.0,704.9752888872168,-174.97528888721683
343601,1190.0,1223.8496891704372,-33.84968917043716
343618,1310.0,1238.8263837934887,71.17361620651127
343722,1150.0,1083.3641787164527,66.63582128354733
343779,650.0,661.1259049906287,-11.125904990628669
343817,924.0,1254.2236554898998,-330.2236554898998
343872,632.0,649.3413906913061,-17.34139069130606
343977,795.0,720.9624739414564,74.03752605854356
344123,825.0,1178.220773910681,-353.2207739106809
344287,1195.0,1089.3295724458599,105.67042755414013
344344,1030.0,1052.9523977167871,-22.952397716787118
344369,915.0,1045.2091507412017,-130.2091507412017
344444,1120.0,1205.66317227265,-85.66317227264994
344826,842.0,996.6819324679641,-154.6819324679641
344958,760.0,755.2283693490125,4.771630650987504
345000,675.0,700.1742529284688,-25.17425292846883
345145,630.0,656.7471901737777,-26.747190173777653
345165,585.0,716.8738950728456,-131.87389507284558
345172,865.0,1001.7517351021577,-136.75173510215768
345179,1175.0,1128.8883477472941,46.11165225270588
345254,635.0,692.8865183569126,-57.886518356912575
345562,850.0,1004.9042751460161,-154.90427514601606
345752,922.0,969.4140934818322,-47.4140934818322
345884,625.0,633.2335426628575,-8.23354266285753
345962,1190.0,1308.408129827311,-118.40812982731109
345989,1040.0,1099.5147040113925,-59.514704011392496
346065,692.0,606.5776226586349,85.42237734136506
346081,600.0,707.3787087834804,-107.37870878348042
346122,650.0,733.0144196719192,-83.0144196719192
346143,1160.0,1115.2988191514355,44.70118084856449
346162,1140.0,1142.8308599676686,-2.83085996766863
346249,1140.0,1147.2206653122107,-7.220665312210713
346308,1190.0,1211.4354044986567,-21.43540449865668
346343,955.0,1094.6897978208194,-139.68979782081942
346687,765.0,995.0219809676838,-230.02198096768382
346754,1175.0,1185.9760206697622,-10.976020669762192
346766,575.0,651.4880046733218,-76.48800467332183
346944,920.0,1131.6112489173956,-211.61124891739564
347063,1110.0,1032.1729906921894,77.82700930781061
347068,1115.0,990.2151359982556,124.78486400174438
347164,1274.0,1152.5322304060026,121.46776959399745
347197,530.0,726.9079610706884,-196.90796107068843
347230,1065.0,1005.4075979109181,59.59240208908193
347307,1360.0,1293.6607802422393,66.3392197577607
347367,565.0,647.6754810659041,-82.67548106590414
347398,1080.0,896.0165354586852,183.9834645413148
347484,910.0,1104.595146619482,-194.59514661948197
347573,570.0,646.9930342459979,-76.99303424599793
347588,1055.0,1022.1052087029004,32.89479129709957
347704,625.0,673.0331829828721,-48.03318298287206
347722,1090.0,1220.878861890314,-130.87886189031406
347822,688.0,697.0179567263124,-9.017956726312377
347883,800.0,716.1554455332665,83.84455446673348
347924,1075.0,1058.1742730040999,16.82572699590014
348103,590.0,717.0147326874172,-127.01473268741722
348183,1066.0,955.0874460673948,110.91255393260519
348318,560.0,659.4595286997871,-99.45952869978714
348516,1310.0,1195.9019582821961,114.09804171780388
348605,700.0,701.1498550546431,-1.149855054643126
348606,1210.0,1266.0358843757824,-56.035884375782416
348680,960.0,1048.7673688422833,-88.7673688422833
348764,1450.0,1270.092439823168,179.90756017683202
348988,760.0,717.3722909339677,42.62770906603225
349076,1070.0,1138.6348723240862,-68.63487232408625
349339,545.0,700.5936017514417,-155.59360175144172
349401,1250.0,1299.2099525284523,-49.20995252845228
349403,1075.0,1216.3080368153219,-141.30803681532188
349449,500.0,735.5628005054448,-235.56280050544478
349515,580.0,694.5278736889851,-114.5278736889851
349518,780.0,710.4186719771683,69.58132802283171
349580,740.0,693.9054104973578,46.09458950264218
349676,1070.0,1058.265668728466,11.734331271534074
349875,1020.0,1062.2808644817708,-42.28086448177078
349968,565.0,564.4756836087049,0.5243163912950877
350060,1345.0,1166.936884290827,178.06311570917296
350096,1301.0,1291.5235810155518,9.476418984448173
350210,686.0,991.0357171130723,-305.03571711307234
350261,771.0,1043.9431859841968,-272.9431859841968
350274,822.0,1105.638135818275,-283.63813581827503
350344,855.0,966.6441170165255,-111.64411701652546
350365,1405.0,1288.1806951839346,116.81930481606537
350410,1113.0,1192.3807828151578,-79.38078281515777
350503,840.0,985.3594312165519,-145.3594312165519
350706,942.0,1025.30611096486,-83.30611096485995
350984,1246.0,1165.5885913055101,80.41140869448986
351115,826.0,708.8756137007532,117.1243862992468
351206,906.0,1005.9285901373222,-99.9285901373222
351238,1124.0,1265.9056891875068,-141.90568918750682
351268,1047.0,1164.0502054279468,-117.05020542794682
351291,850.0,932.9647870632765,-82.9647870632765
351319,1205.0,1288.5013838843845,-83.5013838843845
351459,685.0,824.01940326779,-139.01940326779004
351600,893.0,1048.4910511049284,-155.49105110492837
351611,1170.0,1136.2688260127513,33.73117398724867
351630,1195.0,1078.6042431679637,116.39575683203634
351664,605.0,679.0090839761083,-74.00908397610829
351790,975.0,973.4979145274087,1.5020854725912614
352012,1210.0,1094.669236257551,115.33076374244911
352072,904.0,1097.5465411258278,-193.54654112582784
352101,1265.0,1149.962005231333,115.03799476866698
352359,1365.0,1258.0523011755304,106.94769882446963
352383,690.0,686.2560219913066,3.743978008693375
352396,1362.0,1141.3057434626933,220.69425653730673
352447,600.0,706.8271037045185,-106.82710370451855
352605,1315.0,1256.3956359988226,58.60436400117737
352628,700.0,755.0237893239657,-55.02378932396573
352652,840.0,1318.2437848447596,-478.2437848447596
352661,790.0,736.2779239844754,53.722076015524635
352710,610.0,657.7941099281144,-47.79410992811438
352786,820.0,700.5564991502125,119.44350084978748
353062,1240.0,1177.1472654581612,62.8527345418388
353198,1124.0,1122.656564201685,1.343435798315113
353305,1030.0,1078.0594876903206,-48.059487690320566
353312,730.0,753.1933148241362,-23.193314824136223
353321,1000.0,1269.2229475816944,-269.22294758169437
353324,1240.0,1213.1176712381086,26.88232876189136
353383,1215.0,1276.3270818924348,-61.32708189243476
353478,1125.0,1269.4693654016712,-144.4693654016712
353480,1120.0,1049.6508725173742,70.34912748262582
353510,1340.0,1118.1728285005568,221.82717149944324
353536,1100.0,1063.7121733530375,36.28782664696246
353538,535.0,570.6491556834923,-35.64915568349227
353562,1035.0,963.5704075693035,71.42959243069652
353650,1045.0,1235.3178809042586,-190.31788090425857
353786,858.0,728.6475024834026,129.3524975165974
353791,1120.0,1039.3219404054023,80.6780595945977
353887,500.0,656.8086429799021,-156.80864297990206
353919,1110.0,1149.4856005961556,-39.485600596155564
353936,685.0,757.3499303987752,-72.3499303987752
353952,1195.0,1148.341897287789,46.658102712211075
353965,810.0,930.1637114381729,-120.16371143817287
353978,1100.0,1153.8143103361149,-53.814310336114886
353991,590.0,704.1479454115331,-114.1479454115331
354047,665.0,541.9246636711885,123.07533632881155
354152,1365.0,1282.0445319698918,82.95546803010825
354257,553.0,594.7745598554295,-41.774559855429516
354326,570.0,593.0164901589051,-23.01649015890507
354366,590.0,605.994774027966,-15.994774027965946
354472,948.0,697.6445672857232,250.35543271427684
354634,1018.0,1279.7863841932433,-261.7863841932433
354750,435.0,603.7698543281306,-168.76985432813058
354786,1090.0,994.22738124618,95.77261875381998
354808,915.0,1294.5790877219881,-379.5790877219881
354819,640.0,736.603744055634,-96.60374405563402
354840,930.0,1224.9442386471812,-294.94423864718124
355012,920.0,1011.7954313363956,-91.79543133639561
355055,674.0,917.3957706936385,-243.3957706936385
355137,561.0,645.8158044726301,-84.81580447263013
355153,1590.0,1250.3501418752023,339.6498581247977
355206,699.0,923.1335695141704,-224.1335695141704
355275,1490.0,1208.3866901140693,281.6133098859307
355415,765.0,733.7237786196082,31.276221380391803
355760,1350.0,1162.4077956917954,187.5922043082046
355865,1265.0,1194.7872272496948,70.21277275030525
355956,1206.0,1197.0972184844818,8.9027815155182
355962,1245.0,1262.3349473003573,-17.33494730035727
355994,940.0,1160.4459350767763,-220.44593507677632
356009,881.0,958.1321252163824,-77.1321252163824
356065,610.0,695.1757995658284,-85.17579956582836
356078,1055.0,953.6605212733837,101.33947872661633
356082,1058.0,1061.9894223354481,-3.9894223354481255
356194,1058.0,1000.6522723296092,57.34772767039078
356207,530.0,751.3600738501706,-221.36007385017058
356322,991.0,1170.6943820884487,-179.69438208844872
356342,539.0,635.3008911532185,-96.30089115321846
356372,730.0,674.6373248016733,55.362675198326656
356590,1020.0,1144.5991956770217,-124.59919567702173
356616,1070.0,1177.4070538957928,-107.40705389579284
356665,1250.0,1193.691303020873,56.308696979127035
356751,885.0,1181.936076240564,-296.93607624056403
356881,448.0,655.8858883831886,-207.88588838318856
356884,620.0,702.4328098827839,-82.43280988278389
356933,640.0,700.8329786484511,-60.8329786484511
357102,528.0,655.4338088198456,-127.43380881984558
357105,320.0,655.6600470377426,-335.66004703774263
357183,970.0,1112.425753013619,-142.425753013619
357263,1110.0,994.8444299358308,115.15557006416918
357336,426.0,593.9480930662579,-167.9480930662579
357428,835.0,730.8337041652816,104.16629583471843
357528,1112.0,1260.8938616092155,-148.8938616092155
357755,650.0,696.2924622989552,-46.29246229895523
357871,740.0,737.6931100620915,2.3068899379085224
358048,580.0,740.5834568745147,-160.5834568745147
358073,1078.0,1074.225784838016,3.7742151619841025
358210,1079.0,1270.2801416325126,-191.2801416325126
358280,555.0,643.5795361340132,-88.57953613401321
358512,1395.0,1232.040707003898,162.95929299610202
358518,520.0,657.5038877604841,-137.50388776048408
358595,585.0,610.1728214258693,-25.1728214258693
358600,1430.0,1301.1676104343487,128.83238956565128
358622,555.0,621.5083603739225,-66.50836037392253
358643,515.0,596.9699382110665,-81.9699382110665
358727,620.0,630.0451514184516,-10.04515141845161
358738,1025.0,1214.2033202347257,-189.20332023472565
358810,940.0,1086.0900100981964,-146.09001009819644
358885,660.0,699.3960377484415,-39.39603774844147
358907,880.0,959.334267405936,-79.33426740593598
358954,1073.0,1155.5446265442513,-82.54462654425129
359165,945.0,920.6209006909697,24.379099309030266
359197,585.0,712.6865304329568,-127.68653043295683
359284,555.0,618.2658600281579,-63.26586002815793
359393,1065.0,1078.7465724321346,-13.746572432134599
359404,980.0,1175.9022007838964,-195.90220078389643
359456,790.0,733.2275528737423,56.7724471262577
359500,1315.0,1173.9901562543255,141.00984374567452
359597,1250.0,1171.9181214394025,78.08187856059749
359602,1307.0,1185.92843763977,121.07156236023002
359626,815.0,1190.6435035385591,-375.6435035385591
359775,510.0,551.6271330985157,-41.62713309851574
359807,1030.0,1197.9897425584877,-167.9897425584877
359853,665.0,677.3353968397095,-12.33539683970946
359859,485.0,607.8294080604496,-122.82940806044962
359941,1470.0,1147.192588301906,322.80741169809403
359978,855.0,662.8049136881524,192.1950863118476
359983,1365.0,1312.8133627303555,52.18663726964451
360095,872.0,1134.227633917052,-262.2276339170519
360167,566.0,688.2216683519965,-122.22166835199653
360186,1430.0,1302.9866424438487,127.01335755615128
360528,1010.0,1272.983398591669,-262.9833985916689
360598,610.0,721.8119501974412,-111.8119501974412
360649,690.0,763.2092363680326,-73.20923636803263
360726,1080.0,1051.2627099898637,28.73729001013635
360801,620.0,581.4164821221658,38.5835178778342
360931,940.0,1242.1800958320343,-302.18009583203434
360999,1080.0,1083.9266271236975,-3.9266271236974717
361091,510.0,726.4952426131426,-216.49524261314264
361114,785.0,697.2772266572375,87.72277334276248
361131,1435.0,1296.0802219855502,138.91977801444978
361150,1090.0,1071.4748289935615,18.52517100643854
361156,670.0,736.6321065747562,-66.63210657475622
361186,780.0,868.1790347963184,-88.17903479631843
361283,710.0,783.5148223099853,-73.51482230998533
361345,1080.0,1211.5126601147217,-131.5126601147217
361602,940.0,955.6590675526481,-15.659067552648139
361733,760.0,651.5653176689257,108.43468233107433
361827,1015.0,1114.2791323147276,-99.27913231472758
361894,1151.0,1151.9752967530344,-0.9752967530343994
361914,1155.0,1145.6630690142456,9.336930985754407
361934,1082.0,1141.705509019741,-59.70550901974093
362006,1170.0,1262.628037436235,-92.62803743623499
362193,1260.0,1177.8753968223548,82.12460317764521
362369,1030.0,948.2070978691386,81.79290213086142
362432,930.0,988.852245908964,-58.85224590896405
362549,1140.0,1124.5111743875123,15.488825612487744
362588,585.0,669.8908099487933,-84.89080994879328
362606,975.0,1131.902647791599,-156.90264779159907
362708,1070.0,1155.0975103843175,-85.0975103843175
362891,465.0,643.3419992616352,-178.34199926163524
362950,1175.0,1147.6721130721717,27.32788692782833
363120,1025.0,1175.186449047587,-150.18644904758708
363156,1010.0,925.1206043608923,84.87939563910766
363234,1411.0,1116.779641960582,294.220358039418
363367,1323.0,1291.619769500576,31.380230499423988
363487,681.0,659.9576539907465,21.042346009253492
363506,1110.0,1195.4770940275962,-85.4770940275962
363594,1055.0,972.5207367409203,82.47926325907974
364039,1040.0,953.6189414796831,86.38105852031686
364165,915.0,1121.264993561229,-206.26499356122895
364219,1334.0,1142.1763534121235,191.8236465878765
364339,1390.0,1255.867016007111,134.13298399288897
364428,815.0,854.4263878300666,-39.426387830066574
364576,926.0,1150.183674071675,-224.1836740716749
364582,1433.0,1086.04720599376,346.9527940062401
364596,1220.0,1161.150882097323,58.84911790267711
364597,910.0,717.3074402601343,192.69255973986571
364682,844.0,712.324552979575,131.67544702042505
364815,771.0,988.3761857276733,-217.37618572767326
364938,1250.0,1132.0498747902848,117.95012520971522
365081,1140.0,1127.253979639562,12.746020360438024
365161,1055.0,1066.628517637463,-11.628517637462892
365185,1225.0,1127.2070191170603,97.79298088293967
365193,670.0,826.2372827437165,-156.2372827437165
365234,640.0,698.3851745194839,-58.38517451948394
365317,1058.0,945.0256806057066,112.97431939429339
365555,785.0,1120.245035859982,-335.24503585998195
365594,828.0,735.707062596687,92.29293740331298
365649,1140.0,1093.590466647202,46.40953335279801
365741,813.0,698.5108411445301,114.4891588554699
365815,1080.0,1224.7087297739859,-144.70872977398585
365877,1190.0,1132.7802620295352,57.21973797046485
365905,1270.0,1200.7296582444824,69.27034175551762
365908,1055.0,1165.0333158373055,-110.03331583730551
366012,1010.0,1028.3999061794907,-18.3999061794907
366021,465.0,666.3555164294767,-201.35551642947667
366115,1310.0,1224.934622559306,85.06537744069396
366140,1275.0,1301.2147189172247,-26.214718917224673
366213,880.0,704.010949682755,175.98905031724496
366250,425.0,719.1841253807221,-294.1841253807221
366320,1285.0,1200.499154933361,84.50084506663893
366763,1110.0,1019.1762602406551,90.8237397593449
366782,605.0,716.7414398312023,-111.74143983120234
366823,910.0,1163.3173232455017,-253.3173232455017
366882,1560.0,1201.2157471076714,358.7842528923286
366915,948.0,999.2805080431353,-51.28050804313534
366986,1170.0,1136.9585462665866,33.04145373341339
367045,570.0,725.0254971980249,-155.02549719802494
367068,600.0,625.1022141054093,-25.102214105409303
367108,945.0,996.8274563791416,-51.82745637914161
367268,690.0,706.2034163554329,-16.203416355432864
367271,1305.0,1216.5396715139607,88.46032848603932
367287,805.0,1143.229899034222,-338.22989903422194
367327,1285.0,1269.595998717884,15.404001282116042
367561,749.0,1136.7555888193651,-387.75558881936513
367594,1000.0,1088.224331022353,-88.224331022353
367656,995.0,945.0077195472264,49.99228045277357
367668,840.0,1001.9316313896118,-161.93163138961177
367704,550.0,712.1944100628197,-162.19441006281966
367948,1065.0,972.671115460927,92.32888453907299
368070,1265.0,1310.8838908055495,-45.88389080554953
368182,582.0,707.2698139997093,-125.2698139997093
368473,745.0,703.9425576942543,41.05744230574567
368560,973.0,1111.2673807486226,-138.2673807486226
368573,1050.0,1125.279953039131,-75.27995303913099
368680,700.0,740.7925191321328,-40.79251913213284
368728,1190.0,1029.3116288112717,160.6883711887283
368824,1230.0,1130.9471812973688,99.05281870263116
368915,935.0,1026.5134274764127,-91.51342747641274
368923,1006.0,887.8130268556204,118.18697314437964
368939,1070.0,1043.5670732790659,26.43292672093412
368943,1175.0,932.1492879616418,242.8507120383582
369304,1110.0,1149.2983956409807,-39.29839564098074
369375,1000.0,954.9954363928586,45.00456360714145
369419,820.0,745.2263380026284,74.77366199737162
369459,1120.0,1236.9346433756339,-116.93464337563387
369531,655.0,693.0261526566312,-38.02615265663121
369564,820.0,689.1275286375577,130.8724713624423
369634,675.0,714.4720948741401,-39.47209487414011
369979,1058.0,1235.2348993618587,-177.23489936185865
370102,1140.0,1158.4972908114596,-18.497290811459607
370113,1000.0,1155.2935441231518,-155.29354412315183
370351,610.0,730.3261088838108,-120.32610888381078
370420,512.0,696.8076215575899,-184.80762155758987
370512,1105.0,1137.668448294959,-32.668448294959035
370849,985.0,1064.622934880655,-79.62293488065507
370973,730.0,737.5666362849365,-7.566636284936521
370982,920.0,1146.0916849665505,-226.09168496655047
371024,1465.0,1290.911771789337,174.08822821066292
371053,1312.0,1266.0730898785837,45.92691012141631
371082,1210.0,1139.40728562491,70.59271437509005
371142,910.0,1015.6503651797461,-105.65036517974613
371145,1082.0,1129.8698736484005,-47.86987364840047
371259,1175.0,1116.437937502633,58.562062497366924
371386,582.0,653.0758076979345,-71.07580769793447
371439,843.0,1098.7030574527273,-255.7030574527273
371837,910.0,1040.4883691242699,-130.48836912426987
371879,1025.0,1227.756886796653,-202.7568867966529
371905,682.0,644.0564780971541,37.94352190284587
371921,626.0,577.7706941372396,48.229305862760384
371993,1031.0,1106.9411533304374,-75.94115333043737
372148,1180.0,1284.1952620270376,-104.19526202703764
372164,1050.0,925.3668134651924,124.63318653480758
372178,738.0,853.9123292946454,-115.91232929464536
372357,1085.0,1044.9272906725016,40.07270932749839
372411,1179.0,1261.596021037708,-82.59602103770794
372523,885.0,1086.5507826742667,-201.55078267426666
372624,1230.0,1284.0323735004104,-54.03237350041036
372842,830.0,1084.0639008153528,-254.06390081535278
372868,1130.0,1136.0193000954687,-6.0193000954686795
373041,1050.0,990.9413730573369,59.05862694266307
373118,1210.0,1065.9000809454146,144.09991905458537
373268,1268.0,1089.9287785830002,178.07122141699983
373306,1284.0,1172.595306363829,111.40469363617103
373442,755.0,740.3346317926562,14.665368207343818
373762,1058.0,1263.478514964005,-205.47851496400494
373774,650.0,709.6098594294318,-59.60985942943182
374115,1120.0,1092.0230136296489,27.976986370351142
374187,1010.0,1195.0182143764953,-185.01821437649528
374399,1124.0,1155.7502058992113,-31.750205899211323
374506,1280.0,1205.8479590182606,74.15204098173945
374953,801.0,699.2310722294687,101.76892777053126
375033,620.0,676.3637492546442,-56.363749254644176
375097,1470.0,1220.9877329259054,249.01226707409455
375122,1120.0,1123.2285421367064,-3.2285421367064373
375214,740.0,750.0760369310747,-10.076036931074668
375378,1312.0,1241.0830901866548,70.91690981334523
375469,850.0,705.3942075150263,144.60579248497368
375491,660.0,669.5979386239638,-9.597938623963842
375529,1290.0,1218.801687736166,71.19831226383394
375583,900.0,1154.178777749061,-254.17877774906106
375637,925.0,1021.4416946150283,-96.44169461502827
375735,1025.0,1138.7701724690178,-113.77017246901778
375742,1080.0,1095.650871705976,-15.650871705975987
375753,965.0,1248.03322052359,-283.03322052359
375902,670.0,696.4343900089954,-26.434390008995365
375928,1210.0,1153.276961444991,56.723038555009
375936,630.0,619.6841991663655,10.315800833634512
375942,985.0,1203.3356636059789,-218.33566360597888
376234,485.0,694.9233316419153,-209.9233316419153
376354,667.0,667.783237549834,-0.7832375498339843
376408,1105.0,1074.9758999864248,30.024100013575207
376517,881.0,1070.3778070971778,-189.37780709717777
376647,690.0,645.5350260750074,44.46497392499259
376706,1075.0,1275.2847206084616,-200.2847206084616
377099,685.0,684.5913808062927,0.4086191937072954
377201,475.0,695.8318739934138,-220.83187399341375
377215,1230.0,1208.892285759039,21.10771424096106
377227,975.0,1166.2024855929674,-191.20248559296738
377387,620.0,625.714125830878,-5.714125830877947
377581,1100.0,1186.229514695206,-86.22951469520603
377663,985.0,1029.0735405584885,-44.0735405584885
377689,675.0,657.3533395317312,17.646660468268806
377693,1215.0,1209.7089171782332,5.2910828217668495
377829,1146.0,1039.2830033076045,106.71699669239547
378000,970.0,1097.8629009807134,-127.86290098071345
378139,593.0,694.1563544472067,-101.1563544472067
378165,725.0,704.4598221515705,20.540177848429494
378210,1005.0,1157.0245240284173,-152.02452402841732
378265,660.0,720.4437695329718,-60.44376953297183
378354,920.0,1214.9572014594999,-294.95720145949986
378479,1190.0,1208.1030455910245,-18.10304559102451
378594,1295.0,1262.4993308036821,32.50066919631786
378649,850.0,1149.8048998573872,-299.8048998573872
378690,605.0,684.8823044668499,-79.88230446684986
378875,690.0,697.6859782996868,-7.685978299686781
379280,1370.0,1236.4996884165953,133.5003115834047
379746,1200.0,1047.6910127003775,152.30898729962246
379823,667.0,699.0359766228976,-32.03597662289758
379874,1150.0,1113.4930558575052,36.50694414249483
379918,475.0,547.9359420734978,-72.93594207349781
380038,609.0,609.6586295917314,-0.6586295917313691
380062,600.0,587.0623728130167,12.937627186983264
380077,845.0,714.4436775002465,130.5563224997535
380109,820.0,1007.3371070104893,-187.33710701048926
380181,962.0,1071.9070016735589,-109.90700167355885
380226,1590.0,1313.6413017516336,276.3586982483664
380443,905.0,1012.9033968081371,-107.90339680813713
380533,900.0,1045.6655818574568,-145.6655818574568
380631,690.0,1100.1556251970555,-410.15562519705554
380756,948.0,1154.132209445724,-206.1322094457239
380832,970.0,1255.0932084632277,-285.0932084632277
380882,470.0,628.3655604209075,-158.3655604209075
380903,759.0,892.2210695412281,-133.22106954122808
380927,1075.0,1205.0913568369083,-130.0913568369083
381195,1210.0,1177.3739036761874,32.62609632381259
381445,1069.0,873.573058734757,195.42694126524304
381534,926.0,1027.7413208281264,-101.74132082812639
381567,1125.0,1116.4147725227074,8.58522747729262
381588,1036.0,936.850491427933,99.14950857206702
381989,604.0,612.8777016686032,-8.877701668603208
382006,683.0,688.799976647386,-5.799976647385961
382363,710.0,775.9330483503498,-65.93304835034985
382502,1058.0,1025.322971412319,32.67702858768098
382610,1140.0,1092.007566615392,47.99243338460792
382683,462.0,566.8596229864213,-104.8596229864213
382714,1130.0,1100.433614508655,29.566385491345045
382747,585.0,694.2089685870448,-109.20896858704475
382789,1020.0,1316.939021394026,-296.939021394026
382824,995.0,892.3336282184782,102.66637178152178
382827,690.0,707.242421918624,-17.242421918624018
382839,1165.0,1115.556402217641,49.44359778235889
382863,1280.0,1156.4583434630408,123.54165653695918
382911,1155.0,1130.895907252666,24.104092747334107
382959,545.0,919.6885636625401,-374.6885636625401
383044,985.0,1071.6908971777748,-86.69089717777479
383056,890.0,1163.194803366728,-273.1948033667279
383091,1079.0,1183.8717767999788,-104.87177679997876
383331,1180.0,1042.0610209708238,137.93897902917615
383453,1180.0,1255.7528945613326,-75.7528945613326
383751,870.0,1163.867898388685,-293.86789838868503
383811,1374.0,1238.4174339233753,135.58256607662474
383819,1080.0,1086.928298965243,-6.928298965242902
384009,1200.0,1127.1976826045156,72.80231739548435
384077,1100.0,1132.9732006517731,-32.97320065177314
384138,1115.0,1185.3364168317546,-70.3364168317546
384297,1040.0,1166.3542701224853,-126.35427012248533
384475,1216.0,1051.386066000026,164.61393399997405
384602,715.0,681.3874871548039,33.61251284519608
384666,1089.0,1127.7191580908113,-38.719158090811334
384723,1180.0,1194.2908808083748,-14.290880808374823
384727,825.0,693.2036071299726,131.79639287002738
384992,1216.0,1213.9706171262158,2.029382873784243
385083,462.0,582.3413865090429,-120.34138650904288
385153,1054.0,1045.896577796629,8.10342220337111
385178,870.0,1198.204976929815,-328.2049769298151
385229,1220.0,1260.1665509928696,-40.16655099286959
385358,890.0,1046.7393099469805,-156.73930994698048
385400,1180.0,1206.0353179044191,-26.035317904419117
385440,480.0,677.7011415786723,-197.70114157867226
385573,845.0,886.4528063762435,-41.45280637624353
385576,1090.0,1138.944794010849,-48.94479401084891
385577,1330.0,1282.3241247968174,47.67587520318261
385585,790.0,897.9257105622911,-107.9257105622911
385588,1140.0,1261.7604875280188,-121.76048752801876
385843,827.0,1031.225038047373,-204.2250380473729
385874,1010.0,1003.6704293079176,6.32957069208237
386119,855.0,998.4042413173893,-143.40424131738928
386188,1045.0,1069.4057025025518,-24.405702502551776
386310,715.0,882.7007737764123,-167.70077377641235
386322,1100.0,1089.461555183738,10.538444816261972
386782,1135.0,989.6899264694152,145.31007353058476
386796,932.0,1080.9700061001342,-148.97000610013424
386797,495.0,604.002429378176,-109.00242937817598
386801,825.0,912.8206048735648,-87.82060487356478
386807,1150.0,1299.4270021036311,-149.42700210363114
386827,670.0,692.3218739963245,-22.321873996324484
386912,870.0,697.1725160458909,172.82748395410908
387058,1020.0,904.3204376764644,115.6795623235356
387131,900.0,1191.275381437907,-291.2753814379071
387206,1254.0,1162.0813409090056,91.91865909099442
387267,1140.0,1274.358380341,-134.35838034099993
387341,945.0,1099.257500723581,-154.25750072358096
387352,805.0,696.0885599404705,108.91144005952947
387357,565.0,681.5230881467174,-116.52308814671744
387672,1000.0,1043.349459579406,-43.3494595794059
387732,1100.0,1203.1628505132358,-103.16285051323575
387786,1070.0,1183.692007706066,-113.69200770606608
387795,1080.0,1239.961434716429,-159.96143471642904
387857,1130.0,1279.838433529303,-149.83843352930307
388138,1040.0,1007.9736685088061,32.0263314911939
388195,890.0,1239.9196074273295,-349.91960742732954
388210,730.0,591.9699300504542,138.0300699495458
388313,1090.0,1334.3663523881553,-244.3663523881553
388330,900.0,1146.396906014314,-246.39690601431403
388353,1827.0,1304.9523748788883,522.0476251211117
388391,920.0,1162.5459176712511,-242.54591767125112
388524,594.0,597.9490273932863,-3.9490273932863147
388605,800.0,700.217597253922,99.78240274607799
388648,595.0,720.3447873257855,-125.34478732578555
388738,783.0,1028.484487272768,-245.4844872727681
388740,1580.0,1303.6321971965426,276.3678028034574
388857,1120.0,1284.2635851629589,-164.26358516295886
389544,1348.0,1231.9358923444554,116.0641076555446
389711,940.0,1097.0566747237524,-157.0566747237524
389971,820.0,1123.1017920913298,-303.1017920913298
389990,505.0,624.0040635343819,-119.00406353438188
390051,539.0,675.8396813949034,-136.83968139490344
390082,1380.0,1152.5302367831182,227.4697632168818
390108,545.0,650.9164913830689,-105.91649138306889
390135,1300.0,1204.7732163664227,95.22678363357727
390214,1030.0,1074.9218099299019,-44.92180992990188
390411,965.0,1138.9096352112276,-173.90963521122762
390481,960.0,1069.4522817233992,-109.45228172339921
390505,590.0,676.0391719205799,-86.03917192057986
390578,1150.0,1175.2846119692151,-25.28461196921512
390632,1120.0,1176.2125791120998,-56.212579112099775
390663,1160.0,1269.086789340567,-109.08678934056707
390688,1110.0,1194.205599957595,-84.20559995759504
390745,972.0,1156.1155527956137,-184.11555279561367
390877,1210.0,1307.0631748562064,-97.06317485620639
391178,1235.0,1137.3737832816696,97.6262167183304
391379,840.0,1096.879323373983,-256.87932337398297
391855,595.0,718.8759084251315,-123.87590842513146
391868,657.0,696.3435405864939,-39.34354058649387
391893,835.0,980.7835338686303,-145.78353386863034
391922,1310.0,1211.9444199809873,98.05558001901272
391980,1021.0,1262.4422039796016,-241.44220397960157
392102,530.0,666.7464670824078,-136.74646708240778
392306,745.0,680.7084880072292,64.29151199277078
392568,635.0,594.3148817106943,40.685118289305706
392827,770.0,667.4891302334067,102.51086976659326
392834,985.0,969.1341327891113,15.865867210888723
392842,555.0,724.8830214163381,-169.88302141633812
393043,1135.0,1124.0911729950537,10.90882700494626
393140,621.0,630.3948158453055,-9.394815845305516
393419,1091.0,1090.4051128852082,0.5948871147918453
393544,975.0,1035.922000956448,-60.92200095644807
393577,506.0,821.62972271312,-315.62972271312003
393660,597.0,694.7556878571363,-97.75568785713631
393894,570.0,686.562528453429,-116.56252845342897
393945,1080.0,1056.3908872957809,23.609112704219115
394146,1350.0,1099.32789724103,250.6721027589699
394419,645.0,686.3350723840733,-41.33507238407333
394439,1105.0,1055.2374856429299,49.76251435707013
394449,1350.0,1148.5842434707477,201.41575652925235
394496,1090.0,1082.4812658376688,7.518734162331157
394643,640.0,699.4033261608896,-59.403326160889605
394750,1460.0,1284.330154999939,175.66984500006106
394856,865.0,1230.4074241793157,-365.40742417931574
395008,730.0,1016.7566689992153,-286.7566689992153
395332,945.0,859.3508400018978,85.64915999810216
395410,891.0,1182.5829508021366,-291.58295080213657
395546,945.0,1090.5460440660509,-145.54604406605085
395551,1160.0,1036.3696132856135,123.63038671438653
395601,1010.0,1037.60884896149,-27.60884896148991
395861,1125.0,1239.328500547531,-114.3285005475309
395955,1486.0,1128.2467819469098,357.7532180530902
396015,985.0,1057.5262812422152,-72.52628124221519
396131,465.0,697.2799380129817,-232.2799380129817
396354,1110.0,1193.7597638562809,-83.75976385628087
396379,1210.0,1245.820751875413,-35.82075187541295
396425,1065.0,1134.3302653203077,-69.33026532030772
396460,1170.0,1010.1809410248284,159.81905897517163
396482,530.0,749.6232041248632,-219.62320412486315
396662,610.0,616.2668314769194,-6.2668314769193785
397197,1146.0,1214.7738818341154,-68.7738818341154
397248,892.0,1077.7009039002762,-185.70090390027622
397663,1020.0,1209.2399093739418,-189.23990937394183
398042,435.0,616.5116629522971,-181.51166295229712
398276,1330.0,1300.5929836789944,29.407016321005585
398314,695.0,899.1200251391634,-204.12002513916343
398702,1080.0,1190.9436642105982,-110.94366421059817
398747,1485.0,1231.143318439654,253.85668156034603
398907,1375.0,1135.3801290852064,239.61987091479364
398995,1360.0,1264.7962150663418,95.2037849336582
398996,860.0,1103.3956318274536,-243.3956318274536
399023,990.0,1076.1494868629798,-86.14948686297976
399073,990.0,1274.3229793505066,-284.32297935050656
399240,800.0,989.8755087920634,-189.87550879206344
399309,1135.0,1209.6111683004622,-74.61116830046217
399581,1505.0,1301.2606494835686,203.7393505164314
399629,750.0,695.620166837299,54.37983316270095
399900,1135.0,1159.2735501193602,-24.273550119360152
400068,730.0,675.5309459718801,54.4690540281199
400681,645.0,614.038770079842,30.96122992015796
400910,1490.0,1265.8784890012478,224.12151099875223
400947,515.0,649.4021710733363,-134.40217107333626
401044,1124.0,1092.3404497344334,31.659550265566622
401180,738.0,1133.330516652353,-395.330516652353
401197,1169.0,1118.057819793212,50.94218020678795
401318,950.0,1006.6991845985674,-56.6991845985674
401329,724.0,990.8289273256964,-266.82892732569644
401333,1040.0,1066.11697061168,-26.116970611680017
401522,1205.0,1212.5178445804465,-7.5178445804465355
401659,890.0,1118.996668506514,-228.99666850651397
401797,1155.0,1167.7829363008073,-12.78293630080725
401863,1125.0,1281.6612489272961,-156.66124892729613
401951,1198.0,1279.0691073727853,-81.06910737278531
401976,555.0,651.3019489981953,-96.30194899819526
402035,1490.0,1251.359372817818,238.64062718218202
402093,635.0,675.7984739186297,-40.798473918629725
402356,922.0,1123.512270811922,-201.512270811922
402780,1195.0,1081.8424633892078,113.15753661079225
402861,825.0,742.8679517377175,82.13204826228252
403136,895.0,1168.373669475719,-273.373669475719
403218,720.0,1113.5641606183792,-393.5641606183792
403443,1047.0,1058.0403143614133,-11.040314361413266
403809,981.0,1240.716713895773,-259.71671389577295
404112,995.0,1267.3816199439007,-272.38161994390066
404161,840.0,1213.314135412996,-373.31413541299594
404208,630.0,685.737502648373,-55.73750264837304
404239,870.0,727.4933838090384,142.5066161909616
404411,1080.0,1221.8736962611476,-141.87369626114764
404425,1020.0,1257.7161862860887,-237.7161862860887
404733,881.0,1093.3104703086108,-212.31047030861077
404927,768.0,854.5366304840576,-86.53663048405758
404935,1110.0,1115.8591741229916,-5.85917412299159
405025,1465.0,1279.0623941564081,185.93760584359188
405541,1130.0,1292.3386643093506,-162.33866430935063
405920,645.0,714.845666253144,-69.84566625314403
406043,630.0,701.4811248811694,-71.48112488116942
406205,875.0,1015.4370284075194,-140.4370284075194
406415,1095.0,1251.3848933853403,-156.38489338534032
406628,910.0,1111.268112666164,-201.26811266616392
406833,545.0,532.3962211433826,12.603778856617396
406918,670.0,618.2511397060222,51.74886029397783
406980,1025.0,1227.5155314090243,-202.51553140902433
407008,967.0,1123.845097109026,-156.84509710902603
407113,1060.0,1049.5835054372917,10.416494562708294
407146,828.0,687.927275351638,140.07272464836205
407306,1220.0,1112.1933771780505,107.80662282194953
407333,670.0,696.446359038437,-26.44635903843698
407427,1400.0,1098.1067764794402,301.8932235205598
407611,1268.0,1158.5227163066822,109.47728369331776
407623,1036.0,932.9626545207242,103.03734547927581
407794,1235.0,1154.132209445724,80.8677905542761
407876,1045.0,1079.8673631851373,-34.867363185137265
407975,1055.0,1172.1988582241495,-117.19885822414949
408256,930.0,1032.7925023284058,-102.79250232840582
408265,1160.0,1027.7174744672448,132.28252553275524
408301,1106.0,1071.5640793749685,34.435920625031486
408323,1197.0,1276.3776843551493,-79.37768435514931
408377,1125.0,1071.859188259281,53.14081174071907
408383,1240.0,1161.5717782903187,78.42822170968134
408501,992.0,1078.9595014463928,-86.95950144639278
409038,1170.0,951.4562002345589,218.54379976544112
409140,890.0,1177.5477967596269,-287.54779675962686
409418,1080.0,1193.0534341861533,-113.05343418615325
409652,1010.0,1092.007566615392,-82.00756661539208
410151,1270.0,1272.120147918973,-2.120147918973089
410176,1091.0,1218.674017955952,-127.67401795595197
410456,1450.0,1134.8103245702096,315.18967542979044
410459,1455.0,1239.5648606358411,215.43513936415889
410600,740.0,679.1578784860016,60.84212151399845
410790,933.0,1168.3973696224793,-235.39736962247935
410913,1224.0,1169.7151983868828,54.284801613117224
411065,660.0,657.8836979880347,2.116302011965331
411158,1334.0,1056.95069822194,277.04930177806
411167,1380.0,1305.0067938767477,74.99320612325232
411473,1221.0,1072.3761087758865,148.62389122411355
411671,997.0,1231.0709653898045,-234.07096538980454
411944,525.0,533.4110766080554,-8.411076608055396
412204,875.0,894.3153317999703,-19.315331799970295
412351,937.0,946.0206597305038,-9.02065973050378
412453,1050.0,1191.9232391657358,-141.92323916573582
412635,914.0,1064.439600632389,-150.4396006323891
412653,850.0,773.8533548299102,76.14664517008976
412726,1318.0,1143.243640192826,174.75635980717402
412782,544.0,584.957353431802,-40.95735343180195
412911,612.0,608.5919485269483,3.408051473051728
413099,1011.0,1078.7357328483815,-67.73573284838153
413115,1020.0,1106.4951407857304,-86.49514078573043
413141,495.0,708.7018976243751,-213.70189762437508
413190,480.0,705.5119498740013,-225.5119498740013
413238,849.0,1015.4691645078392,-166.4691645078392
413284,770.0,732.8884741668107,37.11152583318926
413319,793.0,1038.9741130268335,-245.9741130268335
413509,672.0,749.3184763807271,-77.31847638072713
413545,485.0,655.3191553853217,-170.31915538532166
413773,893.0,945.0121524038169,-52.01215240381691
413802,843.0,1118.9892882023444,-275.98928820234437
413913,959.0,1070.2253420518796,-111.22534205187958
413917,1213.0,1287.025485559651,-74.02548555965109
413941,1090.0,1041.9306066716606,48.0693933283394
414080,680.0,717.0961195658955,-37.09611956589549
414605,535.0,622.4167473627214,-87.41674736272137
414622,705.0,699.4243734031294,5.57562659687062
414827,1069.0,992.8739378420703,76.12606215792971
414868,950.0,1061.2556706982461,-111.25567069824615
415267,1045.0,1244.7742566124416,-199.7742566124416
415782,1245.0,1199.1345946523259,45.86540534767414
416637,726.0,699.0847452386288,26.915254761371216
416642,700.0,703.5998609792175,-3.5998609792175102
417345,1290.0,1129.8627819010987,160.13721809890126
417352,749.0,650.7931903017321,98.20680969826788
417362,1190.0,1230.5593834528229,-40.559383452822885
417372,1355.0,1238.5892135905601,116.41078640943988
417406,1180.0,1076.6716294793632,103.32837052063678
417566,429.0,570.8102400611957,-141.8102400611957
417572,1200.0,1309.9571415259454,-109.95714152594542
417738,1430.0,1208.6562629768002,221.34373702319976
418184,955.0,1034.7004531147008,-79.70045311470085
418261,981.0,1086.4902018836426,-105.49020188364261
418439,509.0,675.5421996907849,-166.54219969078486
418545,775.0,983.4832828036322,-208.48328280363216
418682,1020.0,1107.7205400964206,-87.72054009642056
418739,750.0,655.4842867454007,94.51571325459929
418787,1010.0,1055.2874028927351,-45.287402892735145
418850,1340.0,1104.0135654175178,235.98643458248216
418929,829.0,938.0947614517984,-109.09476145179838
418932,1545.0,1038.9712524268527,506.02874757314726
419100,790.0,1067.3444463539997,-277.34444635399973
419570,1135.0,1132.4773283212023,2.5226716787976784
420135,755.0,725.7311957837502,29.268804216249805
420255,1170.0,975.7670450786266,194.23295492137345
420515,1200.0,1242.1016040314535,-42.10160403145346
420607,1080.0,1025.1278921278306,54.87210787216941
420660,1133.0,1065.9712403473457,67.02875965265434
420662,1020.0,896.158029751978,123.841970248022
420869,1030.0,1122.6715799989668,-92.67157999896676
420972,946.0,970.9218535072878,-24.92185350728778
421116,715.0,1168.4651516024528,-453.4651516024528
421309,948.0,1054.333834302375,-106.33383430237495
421316,1043.0,1180.6758569377066,-137.6758569377066
421661,807.0,842.1687827248066,-35.16878272480665
421669,1370.0,1299.736215349334,70.26378465066591
421825,723.0,700.885260298309,22.11473970169095
421864,1047.0,1160.1642062358067,-113.16420623580666
421897,1085.0,989.3902732423805,95.60972675761946
422268,1160.0,1152.6487940456805,7.351205954319539
422419,1150.0,1271.01633388649,-121.01633388648997
422428,1300.0,1148.4352150607351,151.56478493926488
422496,1000.0,656.8987074041812,343.1012925958188
422541,1102.0,1197.817871105682,-95.81787110568189
422598,600.0,731.9869157965519,-131.9869157965519
422868,690.0,685.2114401177919,4.788559882208119
422998,1235.0,1161.6387053336598,73.3612946663402
423238,665.0,740.7797709850473,-75.77977098504732
423253,970.0,1272.718300548529,-302.718300548529
423349,715.0,730.5649828720982,-15.564982872098199
423355,566.0,675.563683176181,-109.56368317618103
423484,616.0,702.2639196560765,-86.2639196560765
423552,827.0,1072.7496562759306,-245.74965627593065
423750,418.0,692.356936584433,-274.356936584433
423830,1055.0,1149.3234967058938,-94.32349670589383
423885,1103.0,1184.3148448018976,-81.3148448018976
424065,1032.0,1073.3155405491893,-41.315540549189336
424248,1005.0,1056.2590746194826,-51.25907461948259
424275,650.0,705.0393743328739,-55.03937433287388
424456,1150.0,1283.0199184240857,-133.01991842408574
424465,590.0,709.8202633703546,-119.82026337035461
424642,1040.0,1052.7211350000787,-12.721135000078675
424720,719.0,659.4666054903037,59.533394509696336
424885,1110.0,1168.9127488110623,-58.91274881106233
425038,542.0,736.8210374249873,-194.82103742498725
425292,720.0,911.2755476324413,-191.27554763244132
425437,992.0,1097.8486607306354,-105.8486607306354
425896,1323.0,1065.4383834498506,257.56161655014944
426100,1201.0,1134.265600923799,66.73439907620104
426101,988.0,1067.2836516951727,-79.2836516951727
426219,1100.0,1045.5113239472041,54.48867605279588
426255,600.0,707.6216272075026,-107.62162720750257
426503,684.0,927.4295198443174,-243.42951984431738
426617,1085.0,1117.6458161328633,-32.645816132863274
426736,1200.0,1271.528653974871,-71.52865397487108
426831,861.0,976.3581564923218,-115.35815649232177
427099,1190.0,1126.2150421206015,63.78495787939846
427131,1075.0,1161.1476002093068,-86.1476002093068
427185,948.0,1022.8198843976239,-74.81988439762392
427244,1080.0,1198.60810272527,-118.6081027252701
427297,1105.0,1155.0504261639865,-50.05042616398646
427333,990.0,1268.9727784351123,-278.97277843511233
427531,585.0,682.3827257478293,-97.38272574782934
427813,930.0,1161.7764592828673,-231.77645928286734
428223,935.0,946.569028407882,-11.569028407882001
428924,710.0,881.6056394330989,-171.60563943309887
429137,885.0,1213.6665965333625,-328.6665965333625
429181,330.0,665.7652872194786,-335.76528721947864
429245,1180.0,1026.5420706884545,153.4579293115455
429305,1014.0,1158.606382985948,-144.6063829859479
429459,950.0,1029.3764184505285,-79.37641845052849
429682,820.0,1109.5106073078066,-289.5106073078066
429762,548.0,746.3928742936903,-198.39287429369028
430146,650.0,1259.655705634499,-609.6557056344991
430266,515.0,638.7720521543425,-123.77205215434253
430502,920.0,716.3720093420201,203.62799065797992
430822,1060.0,1188.7239783861264,-128.72397838612642
430939,960.0,1240.1221985356542,-280.1221985356542
430958,1010.0,1061.5448034088538,-51.544803408853795
430968,904.0,951.408396719071,-47.40839671907099
431088,720.0,639.8705690145168,80.12943098548317
431125,1265.0,1198.1599433418,66.84005665819996
431382,904.0,1014.1766635613506,-110.17666356135055
431510,577.0,664.1153326828703,-87.1153326828703
431586,1030.0,1154.474878246078,-124.4748782460781
431620,1003.0,1102.8283232681927,-99.82832326819266
431846,1235.0,1274.4294239992882,-39.42942399928825
431912,738.0,989.8780453505778,-251.87804535057785
431985,926.0,1117.5575323389553,-191.5575323389553
432049,594.0,687.3552354076232,-93.35523540762324
432143,1105.0,1161.612865097927,-56.61286509792694
432226,1060.0,1054.1939305257497,5.806069474250307
432398,626.0,657.9654318019831,-31.965431801983073
432463,1205.0,1161.3460472676334,43.65395273236663
432615,710.0,1043.4784228444869,-333.4784228444869
432899,1440.0,1284.4424643345164,155.55753566548356
433043,1270.0,1149.3979259040843,120.60207409591567
433152,690.0,695.6452407188679,-5.6452407188678535
433160,1235.0,1292.3629560598015,-57.36295605980149
433177,690.0,956.7077029012246,-266.7077029012246
433348,807.0,690.3905154442768,116.60948455572316
433349,1147.0,1072.0459865746966,74.9540134253034
433405,1301.0,1211.4395766453608,89.56042335463917
433567,1135.0,1190.9351698859584,-55.93516988595843
433623,845.0,932.031024274901,-87.03102427490103
433900,1275.0,1320.4943059232814,-45.494305923281445
433940,1120.0,1128.2500479644366,-8.25004796443659
434035,1275.0,1263.8045910150106,11.195408984989399
434100,1360.0,1241.4992595002532,118.50074049974683
434322,1257.0,1199.1320988118737,57.867901188126325
434374,1160.0,1274.4639798508774,-114.46397985087742
434430,1070.0,1010.0482830388102,59.951716961189845
434501,1440.0,1215.7226765414362,224.27732345856384
434522,1000.0,1010.9519708776756,-10.951970877675649
434552,992.0,936.4356399592996,55.56436004070042
434773,1020.0,1280.5443969505434,-260.5443969505434
435006,1080.0,1055.9933540152535,24.006645984746456
435037,900.0,738.959990300429,161.040009699571
435066,992.0,1098.9725968770817,-106.97259687708174
435300,1115.0,1077.002028658228,37.99797134177197
435376,1240.0,1114.1177813453216,125.88221865467835
435539,1380.0,1311.2281269195287,68.77187308047132
435544,1191.0,1191.7561489096543,-0.7561489096542573
435664,1060.0,1121.1678755456096,-61.167875545609604
435667,682.0,706.4539037433485,-24.45390374334852
435705,874.0,989.5079702865955,-115.50797028659554
435973,728.0,681.7820299199125,46.217970080087525
436028,780.0,1062.559799643202,-282.55979964320204
436129,910.0,944.0703338423677,-34.070333842367745
436333,1058.0,1139.3468967654446,-81.34689676544463
436539,730.0,1065.5620921386865,-335.56209213868647
436605,990.0,1110.946234549195,-120.94623454919497
436814,425.0,685.8482403651038,-260.84824036510383
436841,800.0,1054.4022103746483,-254.40221037464835
437033,835.0,737.0764360906027,97.92356390939733
437148,585.0,705.6190778153277,-120.61907781532773
437383,1205.0,1030.5474314314833,174.45256856851665
437539,815.0,1204.6284748966482,-389.6284748966482
437587,680.0,554.2613136578466,125.73868634215341
437651,827.0,1018.1007744014742,-191.10077440147415
437777,1260.0,1247.0778401473988,12.922159852601226
437920,498.0,691.9150750346867,-193.91507503468665
437943,990.0,1185.8426820827,-195.8426820827001
437971,1000.0,1154.3526039348187,-154.35260393481872
438214,1150.0,1217.5619551414184,-67.56195514141837
438549,1237.0,1154.2441037898893,82.75589621011068
438577,1030.0,1193.4103518258698,-163.41035182586984
438713,939.0,1122.8892492116267,-183.88924921162675
439072,690.0,1092.364917103207,-402.36491710320706
439333,1005.0,1089.8246030704372,-84.8246030704372
439405,1147.0,1170.5395748143126,-23.539574814312573
439415,1020.0,1161.8248976958246,-141.82489769582457
439500,1180.0,1152.0042151407852,27.995784859214837
439569,1095.0,1137.382062948978,-42.382062948978046
439573,1070.0,1210.9520465104627,-140.95204651046265
439590,1003.0,1065.8069728591454,-62.80697285914539
439806,871.0,990.8468952845842,-119.8468952845842
440097,620.0,916.2437852397661,-296.2437852397661
440157,910.0,952.328166642416,-42.32816664241602
440321,1170.0,1113.9981572804484,56.00184271955163
440365,600.0,1039.925434065066,-439.92543406506593
440409,840.0,975.8874361044353,-135.88743610443532
440452,1021.0,1119.6119192411857,-98.61191924118566
440563,1124.0,1238.7444584175985,-114.74445841759848
440829,900.0,1109.4533928414396,-209.4533928414396
440842,1720.0,1259.5843819395727,460.4156180604273
441216,723.0,1090.7742306453104,-367.77423064531035
441234,1201.0,1127.4250020711067,73.57499792889325
441313,745.0,667.6764553658114,77.32354463418858
441480,665.0,568.326670341973,96.673329658027
441715,1180.0,1183.2744617856258,-3.2744617856258174
441813,1190.0,1268.1131388068177,-78.11313880681769
441917,750.0,696.9913784658374,53.00862153416256
442299,1100.0,1146.0587119151862,-46.05871191518622
442304,920.0,1106.3773252713554,-186.3773252713554
442389,630.0,683.9420586644583,-53.94205866445827
442457,1237.0,1148.6110793473617,88.38892065263826
442459,765.0,734.4494277061244,30.550572293875575
442462,1220.0,1081.0234082090785,138.97659179092147
442491,915.0,1117.763394899654,-202.76339489965403
442778,1300.0,1162.181872473008,137.81812752699193
442912,1245.0,1103.8037810659487,141.19621893405133
442956,1047.0,1264.4284572284369,-217.42845722843686
443189,800.0,1117.458932640577,-317.4589326405769
443393,1690.0,1258.956078586611,431.04392141338894
443427,695.0,738.9861671527661,-43.98616715276614
443519,970.0,927.224585234243,42.77541476575698
443592,621.0,717.6690852555034,-96.66908525550343
443633,1190.0,1154.1185062290078,35.881493770992165
444089,1040.0,1106.7529490834252,-66.75294908342516
444235,804.0,1026.27899502456,-222.2789950245599
444247,1010.0,1067.174593554099,-57.17459355409892
444324,970.0,1072.3041429047394,-102.30414290473936
444410,860.0,1004.8021219523481,-144.8021219523481
444453,858.0,979.3815842077962,-121.38158420779621
444644,955.0,1077.8243994611994,-122.82439946119939
444768,1170.0,1086.2726982845702,83.7273017154298
444913,1085.0,1088.7554245557321,-3.7554245557321337
445001,675.0,751.1172850929282,-76.11728509292823
445013,850.0,731.4826681005578,118.51733189944218
445414,804.0,1151.3817377586324,-347.3817377586324
445590,560.0,663.5792645967614,-103.57926459676139
445636,1186.0,1149.216764768313,36.78323523168706
445733,978.0,1056.9893088281822,-78.98930882818217
446078,540.0,701.9647840920003,-161.9647840920003
446172,590.0,700.3801684614234,-110.38016846142341
446343,750.0,719.5561120188547,30.44388798114528
446590,575.0,748.130302457048,-173.13030245704795
446633,688.0,979.6754385362365,-291.67543853623647
446796,545.0,752.650629215191,-207.65062921519097
446899,740.0,580.1445865684717,159.8554134315283
446903,870.0,1230.03617750909,-360.03617750909007
446943,810.0,927.162182151607,-117.162182151607
446944,795.0,737.6031599917795,57.396840008220465
446978,870.0,980.7558596343694,-110.75585963436936
446984,635.0,756.6246266126482,-121.62462661264817
447122,690.0,711.0998710739494,-21.09987107394943
447253,1179.0,1194.9700755674414,-15.970075567441427
447289,1191.0,1161.2712789508612,29.728721049138812
447349,1195.0,1263.2729852774878,-68.2729852774878
447365,638.0,844.4600558324954,-206.4600558324954
447493,572.0,645.3869512152545,-73.3869512152545
447507,1405.0,1237.872013462286,167.12798653771392
447530,770.0,700.8715314895983,69.12846851040172
447643,860.0,736.9498811449898,123.05011885501017
447665,1115.0,1155.6118465716015,-40.61184657160152
447795,845.0,725.3174368292067,119.68256317079329
447809,945.0,1064.929158077776,-119.92915807777604
447819,685.0,729.3326139718686,-44.33261397186857
447878,1285.0,1030.0424366952893,254.95756330471067
447986,780.0,734.3897730703173,45.61022692968265
448052,900.0,1158.3088431145027,-258.3088431145027
448113,1178.0,1195.2886699636913,-17.28866996369129
448176,780.0,696.9850065141825,83.01499348581751
448395,1044.0,1000.8176236471786,43.18237635282139
448526,595.0,716.3499809907573,-121.34998099075733
448592,1081.0,1128.7306114272185,-47.73061142721849
448725,1060.0,1118.4851477220495,-58.48514772204953
448773,1180.0,1256.4257929687167,-76.42579296871668
448988,960.0,926.265317091408,33.73468290859205
449115,639.0,976.5952112594314,-337.5952112594314
449124,1005.0,1142.0178912545284,-137.01789125452842
449447,905.0,1074.5370966411829,-169.53709664118287
449451,1360.0,1166.2401822283418,193.75981777165816
449532,871.0,856.3274126852966,14.672587314703378
449555,760.0,683.2788136613709,76.72118633862908
449667,1058.0,1084.3394263686803,-26.33942636868028
449768,1100.0,1266.626705943474,-166.626705943474
449769,1025.0,1020.4268383076836,4.573161692316376
449799,575.0,650.7931903017321,-75.79319030173212
450007,1100.0,1047.209932695231,52.79006730476908
450096,1180.0,1242.8958278804269,-62.89582788042685
450106,766.0,715.4882191428246,50.51178085717538
450168,1113.0,1219.782329675158,-106.78232967515805
450302,840.0,1235.1128484978371,-395.11284849783715
450328,922.0,971.0423841312673,-49.04238413126734
450376,1113.0,1205.811542427803,-92.81154242780303
450515,905.0,923.5791892776767,-18.579189277676733
450568,1170.0,1225.5167547563947,-55.516754756394675
450666,695.0,683.6658041907939,11.334195809206108
450709,1055.0,1203.636502060975,-148.6365020609751
450713,1150.0,1049.9499200290616,100.05007997093844
450776,930.0,1120.9116983663318,-190.91169836633185
450950,1230.0,1205.5683724398912,24.431627560108836
450972,1035.0,1145.035408652287,-110.03540865228706
451086,1030.0,1118.061969609953,-88.06196960995294
451147,1434.0,1247.3897750593355,186.61022494066447
451345,730.0,679.8523820946081,50.14761790539194
451388,771.0,943.5195127291452,-172.51951272914516
451588,900.0,1222.9255383885106,-322.92553838851063
451608,981.0,1210.6309358993096,-229.63093589930963
451627,725.0,692.4866863434764,32.513313656523565
451731,1070.0,1271.244441308044,-201.2444413080441
451795,695.0,1093.5738423325058,-398.5738423325058
451982,1200.0,1110.8634423203566,89.13655767964337
452053,1310.0,1265.1937320970892,44.806267902910804
452101,940.0,1101.0973104625975,-161.09731046259753
452277,1240.0,1157.3298487127304,82.67015128726962
452353,1505.0,1257.380237002164,247.619762997836
452492,1014.0,1170.4725959980922,-156.47259599809217
452571,1250.0,1145.1965471546382,104.80345284536179
452890,870.0,940.9027701670512,-70.90277016705124
453028,1005.0,951.6834306176576,53.316569382342436
453165,1085.0,1186.8383658640155,-101.83836586401549
453252,510.0,655.3191553853217,-145.31915538532166
453466,1390.0,1285.0588173985661,104.94118260143387
453478,1205.0,1218.8772357951643,-13.877235795164324
453549,1220.0,992.2009943043553,227.79900569564472
453556,890.0,1040.275300407125,-150.2753004071251
453660,700.0,697.2666668346524,2.7333331653476307
453732,837.0,1096.0324959978273,-259.03249599782725
453771,850.0,691.7777430331122,158.2222569668878
453872,1235.0,1182.0242685017104,52.97573149828963
454081,1045.0,1108.4390550968608,-63.439055096860784
454296,920.0,759.5776388979756,160.4223611020244
454302,985.0,1032.8496774388568,-47.849677438856816
454326,1157.0,1067.2836516951727,89.7163483048273
454392,580.0,862.7495939232887,-282.74959392328867
454395,1700.0,1305.6245282386537,394.37547176134626
454457,884.0,1177.7472614636854,-293.7472614636854
454489,1195.0,1069.4905741708756,125.50942582912444
454592,623.0,768.0701466481759,-145.07014664817586
454735,953.0,1035.0111960364122,-82.01119603641223
455320,949.0,997.573471934515,-48.573471934515055
455403,1380.0,1294.0991441163524,85.90085588364764
455469,1091.0,1146.887502564319,-55.88750256431899
455516,505.0,582.239621510693,-77.23962151069304
455548,990.0,1129.8811247056933,-139.8811247056933
455569,917.0,747.9080156616468,169.0919843383532
455622,645.0,732.1303545894585,-87.13035458945853
455709,986.0,1128.4719650520487,-142.47196505204874
455825,1150.0,1316.939021394026,-166.93902139402599
455854,945.0,1071.3203899779544,-126.32038997795439
456013,1395.0,1283.879566267031,111.1204337329691
456084,1013.0,1136.9753657230888,-123.97536572308877
456105,1025.0,1083.765872233372,-58.765872233371965
456163,1265.0,1198.078838035043,66.92116196495704
456267,1130.0,1079.1110262931436,50.888973706856405
456301,1010.0,1104.8030653444212,-94.80306534442116
456326,585.0,749.8158340314717,-164.8158340314717
456445,1325.0,1172.709147853583,152.2908521464169
456689,636.0,719.6110769376952,-83.6110769376952
456774,970.0,1041.3471059589765,-71.3471059589765
457294,1069.0,1115.9243303639796,-46.92433036397961
457530,837.0,994.4979110468496,-157.4979110468496
457540,835.0,751.9145825371664,83.08541746283356
457628,486.0,696.0035451067661,-210.00354510676607
457644,600.0,658.3844185354017,-58.384418535401664
457720,620.0,1169.3968020873372,-549.3968020873372
457738,1105.0,1037.1816494848156,67.81835051518442
457785,965.0,1122.2236044081517,-157.2236044081517
458012,937.0,1056.2351315409487,-119.23513154094871
458109,920.0,996.5561278341197,-76.5561278341197
458134,1020.0,1128.0941131253423,-108.09411312534235
458430,625.0,759.8101007731104,-134.81010077311043
458476,1000.0,954.8097624171784,45.190237582821624
458482,1085.0,1175.921751869164,-90.92175186916393
458580,747.0,740.202113649863,6.7978863501369915
458742,941.0,1009.3944027519991,-68.39440275199911
458800,505.0,697.0887835613083,-192.08878356130833
459049,1085.0,1098.8241761915208,-13.824176191520792
459152,1310.0,1286.1128915704637,23.887108429536283
459165,833.0,879.1806209892977,-46.18062098929772
459261,893.0,997.9741606948304,-104.9741606948304
459263,1355.0,1197.1725108688477,157.82748913115233
459366,980.0,1157.1431003994264,-177.14310039942643
459427,1130.0,1246.3600399798252,-116.36003997982516
459610,595.0,670.7868723656717,-75.78687236567168
459665,595.0,608.8695934196222,-13.86959341962222
459667,981.0,1085.1020483376321,-104.10204833763214
459689,639.0,1066.539617447671,-427.53961744767093
459778,1260.0,1252.459129073456,7.540870926543903
459791,870.0,1101.2530535213054,-231.25305352130545
459798,655.0,713.3990153430868,-58.39901534308683
459811,860.0,972.5459503001651,-112.54595030016515
459880,710.0,591.2284932362378,118.7715067637622
459977,1232.0,957.9248831629997,274.07511683700034
460063,1260.0,1314.3227863362342,-54.32278633623423
460199,860.0,1033.416163035978,-173.4161630359779
460222,940.0,1175.7679071921593,-235.76790719215933
460547,583.0,1028.9901321920547,-445.9901321920547
460603,1120.0,1194.9707208876252,-74.97072088762525
460692,910.0,1278.8654151261237,-368.8654151261237
460722,1240.0,1042.6886045205965,197.31139547940347
460764,1036.0,1126.8287513676921,-90.82875136769212
460767,1292.0,1110.211659388512,181.7883406114879
460804,850.0,1036.5596284831463,-186.5596284831463
460855,686.0,689.867875955514,-3.867875955514023
460890,765.0,727.3299088326261,37.670091167373926
460901,1320.0,1094.9223035101795,225.07769648982048
461020,1465.0,1312.2450593992646,152.75494060073538
461091,1165.0,1190.316142640316,-25.316142640316002
461109,470.0,723.753196925638,-253.753196925638
461303,1125.0,1305.757795516297,-180.75779551629694
461334,1055.0,1164.065877906484,-109.06587790648405
461561,720.0,704.8245876372446,15.175412362755424
461664,816.0,954.3984858495973,-138.39848584959725
461667,579.0,724.2273789726133,-145.22737897261334
461729,1015.0,1253.4029968308928,-238.4029968308928
461734,1240.0,1174.4917027200593,65.50829727994073
461749,1110.0,1217.7019463242527,-107.70194632425273
461750,1001.0,1075.2042897039362,-74.20428970393618
461862,1630.0,1292.5389285290555,337.4610714709445
461924,1533.0,1265.0700884744324,267.9299115255676
461932,550.0,645.8931426724187,-95.89314267241866
462053,1146.0,1060.9599941241777,85.04000587582232
462136,1058.0,873.4959610005142,184.50403899948583
462156,525.0,704.560430939191,-179.56043093919095
462266,1290.0,1192.003201435262,97.9967985647379
462315,1080.0,1200.437408878839,-120.43740887883905
462385,760.0,701.7685263252662,58.23147367473382
462389,1036.0,1024.0622497855052,11.937750214494827
462540,613.0,709.8256475541546,-96.82564755415456
462605,910.0,1139.2853890274694,-229.28538902746936
462871,1135.0,1187.9946560669514,-52.99465606695139
462908,1200.0,1087.2920840739057,112.7079159260943
462951,1220.0,1306.3618334743626,-86.36183347436258
462992,1065.0,993.0728549668794,71.92714503312061
463020,1625.0,1326.6259229932061,298.37407700679387
463067,845.0,1131.034693236629,-286.034693236629
463186,1078.0,1169.7889078083856,-91.7889078083856
463243,555.0,742.5668588359003,-187.56685883590035
463321,584.0,1083.4151308378498,-499.4151308378498
463349,965.0,1098.9619272591583,-133.9619272591583
463374,945.0,1143.1570794223367,-198.15707942233666
463475,845.0,1195.4034754888112,-350.4034754888112
463547,738.0,1099.5548782374112,-361.55487823741123
463552,992.0,1137.8384776388507,-145.8384776388507
463611,1420.0,1269.124233913187,150.87576608681297
463623,1225.0,1308.712676575926,-83.71267657592603
463697,565.0,716.0423078907629,-151.0423078907629
463729,1090.0,1189.0680151082213,-99.06801510822129
463739,625.0,691.8744388700937,-66.87443887009374
463750,890.0,816.6276991664809,73.37230083351915
463866,1125.0,1216.0047520191383,-91.00475201913832
463883,1085.0,1058.3253877257318,26.674612274268156
464012,555.0,655.1116085124955,-100.11160851249554
464072,585.0,749.0050111264172,-164.00501112641723
464115,1010.0,686.0821787981923,323.91782120180767
464184,810.0,939.3715265345528,-129.3715265345528
464235,454.0,601.4533220153144,-147.45332201531437
464240,804.0,992.2286997172793,-188.22869971727926
464272,900.0,1214.9535576127525,-314.95355761275255
464332,550.0,658.5408955427748,-108.54089554277482
464367,634.0,672.0745511036744,-38.07455110367437
464487,944.0,1113.1378198162408,-169.13781981624084
464519,810.0,709.2471680036318,100.75283199636817
464532,740.0,756.2715397860521,-16.27153978605213
464551,1350.0,1292.3445964176426,57.655403582357394
464601,660.0,831.5385480161532,-171.5385480161532
464687,771.0,892.3027802782026,-121.30278027820259
464754,1065.0,1304.5775955089587,-239.57759550895867
464784,870.0,1040.4231490745794,-170.42314907457944
464869,925.0,1073.3244255339898,-148.32442553398982
464884,1034.0,1005.3812947255534,28.618705274446597
464913,976.0,1063.4153917582598,-87.41539175825983
464963,1213.0,1278.4061911587219,-65.40619115872187
464986,760.0,682.6494504103372,77.35054958966282
465068,1020.0,1118.276101523569,-98.27610152356897
465120,876.0,1112.0570672262916,-236.05706722629157
465151,660.0,1152.9027594141353,-492.9027594141353
465157,848.0,1073.569168138016,-225.56916813801604
465183,940.0,1115.5635672755866,-175.5635672755866
465285,709.0,704.8887793211507,4.1112206788493495
465355,1150.0,1035.2947796076874,114.70522039231264
465374,615.0,672.7843591938226,-57.78435919382264
465398,1030.0,1045.2761426435268,-15.276142643526782
465510,1080.0,1143.574168832883,-63.57416883288306
465516,1168.0,1192.899769386774,-24.899769386774096
465603,792.0,704.1989755584393,87.80102444156068
465694,820.0,1176.2525325082015,-356.2525325082015
465741,1080.0,1195.0951733149864,-115.09517331498637
465784,738.0,672.3069760376222,65.69302396237777
465897,635.0,688.706541918924,-53.70654191892402
465959,1210.0,1064.515238695041,145.48476130495897
465976,365.0,693.7465577585599,-328.7465577585599
465981,1135.0,1148.003237557948,-13.003237557948069
466026,1389.0,1240.8787165841993,148.1212834158007
466028,903.0,1238.7592655804508,-335.7592655804508
466054,1528.0,1255.6056164135841,272.39438358641587
466064,975.0,1171.7399712181643,-196.73997121816433
466110,937.0,1273.229455698464,-336.2294556984641
466140,1127.0,1070.2775838307307,56.72241616926931
466180,1027.0,1285.6202275525673,-258.62022755256726
466187,749.0,1087.1465204927688,-338.1465204927688
466276,752.0,697.7399163885057,54.26008361149434
466291,970.0,1073.2479338556257,-103.24793385562566
466359,1058.0,1277.228613059818,-219.22861305981792
466434,708.0,728.5737150557981,-20.57371505579806
466470,1200.0,1282.2258705560614,-82.22587055606141
466491,1069.0,1078.378753162649,-9.37875316264899
466503,505.0,650.7931903017321,-145.79319030173212
466518,761.0,1090.0884563919303,-329.0884563919303
466551,1470.0,1313.524008579701,156.4759914202989
466555,665.0,709.6621288466284,-44.662128846628434
466610,655.0,645.1827573559908,9.817242644009184
466635,1223.0,1092.4454209349317,130.5545790650683
466663,1310.0,1159.675970830008,150.32402916999195
466680,1275.0,1213.3825403119665,61.61745968803348
466691,1065.0,964.4665822673826,100.53341773261741
466746,710.0,749.0025874358436,-39.002587435843566
466872,705.0,705.345235586458,-0.3452355864579886
466906,640.0,702.0179515190987,-62.01795151909869
467010,762.0,695.7979895495488,66.20201045045121
467025,1430.0,1075.9570174435694,354.0429825564306
467035,890.0,1129.889170830837,-239.88917083083697
467046,840.0,1015.8296143105968,-175.82961431059675
467058,1030.0,1057.8385855141826,-27.83858551418257
467078,555.0,699.6315916842116,-144.63159168421157
467151,1340.0,1297.397538600589,42.60246139941091
467169,580.0,719.0745214355165,-139.07452143551654
467203,920.0,1204.0714662767502,-284.07146627675024
467242,480.0,701.4563691063684,-221.45636910636836
467269,690.0,1045.377765946921,-355.37776594692104
467275,650.0,747.9073580481058,-97.90735804810583
467297,683.0,1084.1647116759186,-401.1647116759186
467337,1179.0,1132.346877329051,46.65312267094896
467342,860.0,1114.203059651147,-254.203059651147
467382,1110.0,1151.4923043686692,-41.49230436866924
467517,840.0,728.5365082970592,111.46349170294081
467529,959.0,999.757158189969,-40.757158189969005
467553,940.0,1221.0269907280265,-281.0269907280265
467590,960.0,1010.5449546062076,-50.544954606207625
467609,880.0,1172.6175742725345,-292.6175742725345
467660,1051.0,1163.5259648391482,-112.52596483914817
467735,1410.0,1203.0474883337172,206.95251166628282
467737,1135.0,1157.814752072255,-22.814752072255033
467738,1047.0,1259.7376023938943,-212.73760239389435
467834,970.0,1015.745340258025,-45.74534025802495
467846,572.0,666.9732842586475,-94.97328425864748
467855,920.0,1084.066178316564,-164.066178316564
467863,1100.0,1157.2128289881068,-57.21282898810682
467865,570.0,692.2475505626315,-122.24755056263155
467914,1200.0,1208.7719537544788,-8.771953754478773
467947,1512.0,1320.3991267319411,191.60087326805888
468017,1115.0,1129.3010036534165,-14.301003653416501
468057,476.0,750.8818553439605,-274.8818553439605
468086,985.0,1008.740162860376,-23.740162860376017
468139,940.0,1098.151479453003,-158.15147945300305
468147,1255.0,1327.6936057299647,-72.6936057299647
468200,831.0,1265.1313424549446,-434.1313424549446
468202,914.0,1100.3787436032776,-186.3787436032776
468209,1146.0,1256.4987386449038,-110.49873864490382
468220,890.0,985.7676807864137,-95.76768078641373
468234,970.0,1080.5017306018701,-110.50173060187012
468252,1069.0,1082.5388398097994,-13.538839809799356
468299,824.0,992.9859989665681,-168.9859989665681
468343,1280.0,1279.3958906969401,0.6041093030598859
468351,630.0,697.7156188856808,-67.71561888568078
468371,773.0,1065.0411020762988,-292.0411020762988
468390,870.0,1000.216299444525,-130.21629944452502
468391,1190.0,1125.1545340678788,64.84546593212121
468395,849.0,1155.0733883167156,-306.07338831671564
468397,1252.0,1083.2634525136843,168.73654748631566
468422,1300.0,1300.646886844708,-0.6468868447079785
468431,1380.0,1277.423378531565,102.57662146843495
468499,515.0,607.9513119022699,-92.95131190226994
468516,1325.0,1115.235888091279,209.7641119087209
468525,1058.0,1106.2326162637314,-48.232616263731416
468562,890.0,1117.779860366147,-227.77986036614698
468578,675.0,711.4485031014062,-36.44850310140623
468594,1525.0,1237.8473126632205,287.15268733677954
468599,645.0,574.5002794271319,70.49972057286811
468634,710.0,686.204062521452,23.795937478548012
468659,807.0,880.1828803359738,-73.18288033597378
468701,875.0,1097.5303572197108,-222.53035721971082
468702,926.0,1042.1666756874379,-116.16667568743787
468744,1060.0,1124.4625906119197,-64.46259061191972
468754,1125.0,917.1586568437285,207.84134315627148
468764,1365.0,1274.0427529922774,90.95724700772257
468834,610.0,742.0090487198256,-132.0090487198256
468849,600.0,740.6193119546932,-140.61931195469322
468889,724.0,733.506392458803,-9.50639245880302
468916,1055.0,1187.1016899371168,-132.10168993711682
468992,1160.0,1070.2775838307307,89.72241616926931
468994,580.0,630.3883152160929,-50.388315216092906
469007,439.0,694.1138820414585,-255.1138820414585
469021,544.0,677.3856813217991,-133.3856813217991
469056,535.0,753.3545691171457,-218.35456911714573
469074,1190.0,1194.0074320745819,-4.007432074581857
469093,1179.0,1261.8520971020903,-82.85209710209028
469117,735.0,738.1322897564926,-3.1322897564925825
469120,944.0,1238.3746987485456,-294.3746987485456
469153,656.0,717.3882212929961,-61.38822129299615
469164,528.0,691.4968716927616,-163.4968716927616
469165,1155.0,1097.395778927799,57.60422107220097
469175,570.0,730.6383800647652,-160.63838006476522
469185,1180.0,1204.3251657815306,-24.325165781530586
469189,1205.0,1185.8300966525114,19.16990334748857
469221,1003.0,1207.383115288352,-204.38311528835197
469228,655.0,730.4983010829305,-75.49830108293054
469234,782.0,1202.3729120954947,-420.3729120954947
469267,780.0,1131.9404472382096,-351.9404472382096
469285,481.0,614.3345390116807,-133.3345390116807
469377,617.0,972.6071820884245,-355.60718208842445
469421,1175.0,1080.959693318486,94.04030668151404
469445,895.0,1052.7924793692027,-157.79247936920274
469452,1110.0,1124.7475756811527,-14.747575681152739
469456,1295.0,1298.448835468306,-3.448835468306015
469483,740.0,649.329674811817,90.67032518818303
469487,805.0,1151.83050917463,-346.8305091746299
469617,1080.0,1226.9350522563757,-146.93505225637568
469626,1480.0,1264.4569709419677,215.5430290580323
469633,670.0,732.1398538107264,-62.139853810726436
469694,1352.0,1156.558530605216,195.441469394784
469729,680.0,942.5195376615837,-262.51953766158374
469743,755.0,1106.9457292857742,-351.9457292857742
469753,545.0,561.0930612401136,-16.09306124011357
469803,1490.0,1325.877233020563,164.12276697943707
469840,860.0,707.2329404299472,152.76705957005277
469861,1170.0,1051.0718748778181,118.92812512218188
469877,1305.0,1121.2224844380974,183.77751556190265
469914,650.0,695.4067749830554,-45.40677498305536
469919,868.0,1055.213558737932,-187.2135587379321
469935,480.0,577.592540570246,-97.592540570246
469945,1155.0,1248.618057747134,-93.61805774713389
470003,715.0,871.0213371147665,-156.02133711476654
470060,612.0,739.3375960639976,-127.33759606399758
470112,1000.0,1185.8528293857712,-185.8528293857712
470141,770.0,687.3619856658125,82.63801433418746
470153,1175.0,1105.980586853826,69.01941314617397
470224,860.0,962.574769406625,-102.57476940662502
470247,1265.0,1195.2858393207835,69.71416067921655
470404,615.0,691.5237343279204,-76.52373432792035
470410,1020.0,1205.6146679102756,-185.61466791027556
470428,937.0,1104.9900337697723,-167.99003376977225
470441,297.0,694.7050787193263,-397.70507871932625
470447,661.0,711.3080398554084,-50.308039855408424
470563,1003.0,1222.5142586246898,-219.51425862468977
470635,937.0,1035.5525922275194,-98.55259222751943
470718,588.0,682.8670716141843,-94.86707161418428
470799,965.0,1100.2622553487668,-135.26225534876676
470826,942.0,1272.3051298295054,-330.3051298295054
470829,986.0,1080.8262736905806,-94.82627369058059
470847,914.0,1014.5953964903501,-100.59539649035014
470875,959.0,1190.013812219503,-231.01381221950305
470900,440.0,649.2579139025178,-209.25791390251777
470941,985.0,1066.539617447671,-81.53961744767093
470968,845.0,1301.0473207775672,-456.04732077756717
470977,1058.0,1294.0997061239657,-236.0997061239657
471057,870.0,1226.5168274341397,-356.5168274341397
471080,1125.0,1037.495116712658,87.50488328734195
471092,476.0,615.5792840402071,-139.57928404020709
471119,815.0,701.1469522523919,113.85304774760812
471124,530.0,737.298111229005,-207.29811122900503
471128,530.0,701.1889148315219,-171.18891483152186
471133,780.0,1182.3948461890425,-402.3948461890425
471134,1213.0,1191.4064533186436,21.59354668135643
471193,705.0,1116.5613827661762,-411.56138276617617
471285,1015.0,1123.526844067194,-108.5268440671939
471302,527.0,955.1184428629994,-428.11844286299936
471321,966.0,1109.776947831524,-143.776947831524
471422,1035.0,1283.1242285553087,-248.12422855530872
471426,937.0,1060.5458979894076,-123.54589798940765
471432,462.0,952.7676561579278,-490.76765615792783
471466,882.0,1197.395377698771,-315.395377698771
471550,650.0,664.8017738412749,-14.801773841274894
471552,882.0,963.5111243469784,-81.51112434697836
471568,495.0,687.563124229156,-192.56312422915596
471581,615.0,744.1784738932267,-129.17847389322674
471621,1190.0,1229.1558954296909,-39.15589542969087
471624,935.0,1114.9742238020285,-179.97422380202852
471636,725.0,984.900913709632,-259.90091370963205
471681,870.0,959.3309338628309,-89.33093386283088
471684,685.0,910.5826805478239,-225.58268054782388
471733,825.0,708.4557221654093,116.54427783459073
471760,1150.0,1263.1838705761393,-113.18387057613927
471797,1010.0,1117.8736158270885,-107.87361582708854
471811,639.0,1047.1114758859394,-408.1114758859394
471995,425.0,578.4225153478319,-153.4225153478319
472021,1047.0,1013.2528820926666,33.747117907333404
472053,520.0,578.8672204315642,-58.86722043156419
472091,1065.0,1104.5610674703803,-39.561067470380294
472097,1044.0,949.1060321022335,94.89396789776652
472121,1000.0,1055.7572006198993,-55.75720061989932
472128,708.0,717.2923260195607,-9.292326019560733
472190,1065.0,1107.637979839719,-42.63797983971904
472313,1160.0,1215.0305547643839,-55.03055476438385
472399,740.0,1100.4805657857994,-360.4805657857994
472431,630.0,625.9289508829246,4.071049117075404
472456,1241.0,1185.5093265383794,55.490673461620645
472483,1170.0,1280.2436009982944,-110.24360099829437
472501,915.0,980.2916481047391,-65.29164810473912
472527,1155.0,1144.242062567714,10.757937432286099
472531,1202.0,1174.1963247864683,27.803675213531733
472551,1180.0,1179.8866732317813,0.11332676821871246
472572,590.0,658.3999229160809,-68.39992291608087
472676,539.0,609.8203030234743,-70.82030302347425
472726,1210.0,1301.915750458071,-91.91575045807099
472765,680.0,720.5048049273234,-40.50480492732345
472826,1072.0,1070.8236901496982,1.1763098503017773
472906,1023.0,1157.325922075688,-134.3259220756879
472938,585.0,744.4486161569934,-159.44861615699335
472966,1425.0,1150.461832597647,274.5381674023531
472969,500.0,733.1964757483172,-233.1964757483172
472983,871.0,975.5083304173597,-104.50833041735973
473026,520.0,695.0546267400505,-175.05462674005048
473040,535.0,681.055949268633,-146.05594926863296
473084,738.0,1065.9712403473457,-327.97124034734566
473124,970.0,993.6277942827688,-23.627794282768832
473145,901.0,1136.1274852892209,-235.12748528922089
473163,948.0,1010.9636743231262,-62.963674323126156
473193,1315.0,1147.4151961450618,167.58480385493817
473275,985.0,957.7325950864116,27.267404913588393
473316,835.0,982.7537296276267,-147.75372962762674
473318,1000.0,733.8793142109743,266.12068578902574
473361,705.0,874.1460168505832,-169.14601685058324
473404,1375.0,1292.4140046697094,82.58599533029064
473469,650.0,677.2377995109788,-27.23779951097879
473494,590.0,591.2660873257482,-1.2660873257482308
473540,682.0,1063.720825422067,-381.72082542206704
473542,855.0,1037.0559399988138,-182.05593999881376
473568,715.0,714.1895501981576,0.8104498018424238
473613,1179.0,1201.178588109961,-22.178588109961083
473623,1280.0,1212.2266154407082,67.7733845592918
473633,735.0,660.7044991154213,74.2955008845787
473698,800.0,1089.2263185832799,-289.22631858327986
473736,660.0,739.6766123015233,-79.67661230152328
473784,760.0,968.0985962551795,-208.09859625517947
473814,1365.0,1297.3144376782855,67.68556232171454
473818,1295.0,1110.10882306792,184.89117693208004
473821,1140.0,1261.1135793427043,-121.11357934270427
473844,608.0,923.3095695762152,-315.30956957621515
473863,575.0,667.0151474281238,-92.01514742812378
473896,770.0,865.8396809706521,-95.83968097065213
473902,1070.0,1210.0364704193828,-140.0364704193828
473925,1420.0,1263.2451604842336,156.75483951576643
473930,1061.0,1230.5774199379782,-169.57741993797822
473953,865.0,1144.1794613460627,-279.1794613460627
473963,780.0,736.4775502331667,43.52244976683335
473985,1435.0,1170.0313106091742,264.96868939082583
473992,895.0,912.0800271985936,-17.080027198593598
474068,760.0,1138.6513885084748,-378.65138850847484
474069,1010.0,1019.3229871532925,-9.322987153292502
474110,672.0,868.0727671576979,-196.07276715769785
474147,600.0,603.579543429404,-3.579543429403998
474159,990.0,1070.7884353858208,-80.78843538582078
474166,1465.0,1270.206330649415,194.7936693505851
474176,525.0,658.9218837784251,-133.92188377842513
474198,770.0,735.9362984138726,34.06370158612742
474330,1075.0,1063.8176467170113,11.182353282988743
474439,1312.0,1266.4005144158268,45.59948558417318
474487,1301.0,1092.5747011944204,208.4252988055796
474493,531.0,724.9902810837657,-193.9902810837657
474601,531.0,689.5914335001165,-158.59143350011652
474647,930.0,1019.6856894095243,-89.68568940952434
474705,820.0,1005.6381410162896,-185.63814101628964
474711,1100.0,1247.7845543526323,-147.7845543526323
474719,730.0,1190.7054709347965,-460.7054709347965
474723,794.0,1006.0247751904284,-212.0247751904284
474833,870.0,1238.7744544238049,-368.77445442380485
474929,520.0,639.7693039954368,-119.76930399543676
474991,457.0,668.3280047283702,-211.32800472837016
474994,834.0,1017.9474171097244,-183.94741710972437
475008,1485.0,1169.0488359612814,315.9511640387186
475015,425.0,1226.2259916065136,-801.2259916065136
475023,1205.0,1095.6248227951783,109.37517720482174
475028,605.0,615.5854039931884,-10.585403993188379
475063,715.0,694.6090528589126,20.390947141087395
475070,672.0,660.6096184570885,11.390381542911541
475100,510.0,715.4297189966974,-205.42971899669737
475108,860.0,1229.941502986677,-369.94150298667705
475140,960.0,991.3590643030252,-31.359064303025207
475177,765.0,718.3828866379677,46.61711336203234
475181,1120.0,1009.8514502474827,110.14854975251728
475198,660.0,942.5165853545391,-282.5165853545391
475278,1085.0,1056.529568078821,28.470431921178943
475289,1047.0,1202.027625122204,-155.02762512220397
475342,1060.0,1146.686059162267,-86.68605916226693
475431,440.0,666.5839259699701,-226.5839259699701
475442,520.0,648.4135819357867,-128.41358193578674
475443,1122.0,1111.8030584674916,10.19694153250839
475499,727.0,989.4925192981613,-262.49251929816126
475740,763.0,731.3752665060518,31.624733493948156
475766,540.0,685.8295900355969,-145.82959003559688
475808,705.0,1082.6133368452668,-377.61333684526676
475833,945.0,954.3050355927886,-9.305035592788613
475847,1160.0,1133.5704977551559,26.429502244844116
475850,570.0,723.70803554579,-153.70803554579004
475914,950.0,1188.6623037818897,-238.6623037818897
475957,940.0,1192.3452378800876,-252.34523788008755
475966,1015.0,1163.1524931326176,-148.15249313261756
475971,600.0,690.2126694125925,-90.2126694125925
475973,683.0,1048.8563123729803,-365.85631237298026
475985,1014.0,1086.9367203713011,-72.93672037130113
476001,770.0,1044.0046119445692,-274.0046119445692
476033,885.0,1100.0165065301524,-215.01650653015236
476035,1023.0,1074.547184650208,-51.54718465020801
476050,965.0,945.3787009503359,19.621299049664117
476065,738.0,979.5235848509132,-241.52358485091315
476105,1355.0,1270.918130212208,84.0818697877919
476150,1080.0,1098.036003770345,-18.036003770344905
476161,760.0,701.0458263099342,58.95417369006577
476178,516.0,1136.5150291682598,-620.5150291682598
476187,1069.0,1307.7747229563204,-238.77472295632037
476229,1003.0,1136.9173820542921,-133.91738205429215
476233,1133.0,1080.7582230780035,52.24177692199646
476245,1157.0,1130.3363861737269,26.66361382627315
476372,790.0,1022.3060984399758,-232.3060984399758
476429,1505.0,1297.6005595155227,207.39944048447728
476454,1180.0,1266.4250900457735,-86.42509004577346
476554,1006.0,1031.1378674102393,-25.137867410239323
476555,895.0,1028.7230833461665,-133.7230833461665
476625,562.0,642.27417749618,-80.27417749617996
476655,791.0,951.0347443027192,-160.03474430271922
476694,913.0,1118.9530690098682,-205.95306900986816
476772,600.0,1055.1666680979376,-455.16666809793765
476940,925.0,1066.442676004363,-141.44267600436297
476958,1065.0,1077.0787925585241,-12.078792558524128
477006,647.0,733.880174599898,-86.88017459989806
477024,1445.0,1266.573432168332,178.42656783166808
477035,1135.0,1015.6150584756527,119.38494152434725
477073,518.0,694.6228197656757,-176.62281976567567
477084,1090.0,1171.5954549980443,-81.59545499804426
477174,1157.0,1021.7206567582274,135.2793432417726
477236,565.0,734.6674417869025,-169.6674417869025
477263,1030.0,1137.4616880009635,-107.46168800096348
477278,950.0,1031.068115710662,-81.06811571066191
477292,944.0,969.5662188929955,-25.566218892995494
477323,810.0,1258.244088166872,-448.24408816687196
477370,595.0,724.6307270831758,-129.63072708317577
477384,850.0,886.9245612233312,-36.92456122333124
477436,1585.0,1144.2678342208937,440.73216577910625
477455,565.0,727.2516418298485,-162.2516418298485
477489,965.0,1196.2032913173523,-231.2032913173523
477526,540.0,647.2514045181711,-107.25140451817106
477608,704.0,950.0882774210244,-246.08827742102437
477617,1130.0,1210.8200327661714,-80.82003276617138
477736,670.0,699.7557013805496,-29.755701380549567
477758,519.0,638.1515376475678,-119.1515376475678
477818,893.0,1044.0549375256512,-151.0549375256512
477823,733.0,581.5036506648153,151.49634933518473
477906,506.0,670.739261557905,-164.73926155790502
477908,775.0,1004.313172707278,-229.313172707278
477917,760.0,727.6445346757738,32.3554653242262
477938,842.0,1002.8950074186979,-160.8950074186979
477949,1210.0,1178.9629213830067,31.037078616993313
477982,769.0,721.6237624516557,47.37623754834431
477999,1422.0,1117.248811334217,304.75118866578305
478044,785.0,674.028279571375,110.97172042862496
478077,915.0,1070.6700873163452,-155.6700873163452
478125,1120.0,1116.3288667912327,3.671133208767287
478131,915.0,1031.9230789169374,-116.92307891693736
478160,610.0,744.9908882717235,-134.99088827172352
478166,1175.0,1265.4909155758462,-90.4909155758462
478187,890.0,1115.171327492331,-225.1713274923311
478234,1030.0,1304.3478948072252,-274.3478948072252
478304,870.0,983.5172604715412,-113.51726047154125
478312,683.0,1066.8131268102436,-383.8131268102436
478342,1130.0,1260.2441405883742,-130.2441405883742
478355,620.0,714.0952701206942,-94.09527012069418
478398,1150.0,1256.3077083349133,-106.30770833491329
478424,1385.0,1271.5717939186761,113.42820608132388
478443,900.0,993.7822468916621,-93.78224689166211
478462,1000.0,1134.1399845670066,-134.13998456700665
478474,1458.0,1292.3365083663314,165.66349163366863
478486,940.0,1109.7225754764765,-169.72257547647655
478490,536.0,706.7400094255953,-170.7400094255953
478498,345.0,694.2291787230545,-349.2291787230545
478513,770.0,710.9299267403056,59.07007325969437
478540,1037.0,1194.0655062266192,-157.06550622661916
478542,965.0,765.9741367460654,199.02586325393463
478684,890.0,1097.557375907682,-207.55737590768194
478722,1135.0,1086.04720599376,48.95279400624008
478734,1475.0,1176.5141695923062,298.4858304076938
478783,908.0,1081.3993287643632,-173.3993287643632
478800,620.0,620.5775326727512,-0.5775326727512038
478824,970.0,1182.3410647996598,-212.34106479965976
478904,606.0,693.9388807420487,-87.9388807420487
478949,973.0,1029.707847566559,-56.70784756655894
479023,564.0,740.7658421339215,-176.76584213392152
479088,1110.0,1120.0232202340055,-10.023220234005521
479176,1280.0,1206.9717210638407,73.02827893615927
479206,1090.0,1310.2964832538942,-220.29648325389417
479212,600.0,937.6332040396142,-337.63320403961416
479240,837.0,1006.1984411708212,-169.19844117082118
479256,926.0,1064.9886412060355,-138.98864120603548
479275,1160.0,1124.5888102444076,35.41118975559243
479406,1310.0,1137.1818506985207,172.81814930147925
479426,1010.0,1169.4003572751533,-159.40035727515328
479491,960.0,1223.233028941092,-263.233028941092
479495,1320.0,1251.6261452270808,68.37385477291923
479508,390.0,611.1905636166833,-221.19056361668333
479533,1205.0,1248.8559230871897,-43.855923087189694
479539,945.0,1180.742379230305,-235.742379230305
479600,1090.0,1248.090676608478,-158.0906766084779
479605,550.0,624.7637649306163,-74.76376493061628
479613,1380.0,1308.499638958546,71.50036104145397
479614,1130.0,1116.6420381809905,13.35796181900946
479621,665.0,945.8841107027762,-280.8841107027762
479654,1030.0,1153.7198971694406,-123.71989716944063
479709,1025.0,1101.9063716121143,-76.9063716121143
479739,840.0,1011.5348881759455,-171.53488817594553
479748,850.0,1112.1561481350443,-262.1561481350443
479806,1010.0,1324.5572000894917,-314.55720008949174
479861,1530.0,1177.4933783211047,352.50662167889527
479881,970.0,876.893350352201,93.10664964779903
479903,645.0,650.5983915070522,-5.598391507052156
479935,850.0,1017.9083009941783,-167.90830099417826
479942,640.0,651.908596656775,-11.90859665677499
480053,450.0,629.6017670867296,-179.60176708672964
480064,1020.0,1282.7546661518836,-262.7546661518836
480070,470.0,578.3218558255286,-108.32185582552859
480102,820.0,1188.8401059546868,-368.8401059546868
480175,790.0,855.6715594695513,-65.67155946955131
480179,890.0,920.4521380228264,-30.452138022826375
480182,1325.0,1198.3194748126573,126.68052518734271
480192,695.0,1064.2879456109417,-369.28794561094173
480239,689.0,714.7548366429619,-25.75483664296189
480311,1029.0,1260.556238842474,-231.55623884247393
480318,650.0,701.3578047577839,-51.357804757783924
480345,705.0,893.095432421824,-188.09543242182394
480365,811.0,1067.8541062254328,-256.8541062254328
480429,955.0,1031.53417763793,-76.53417763793004
480479,1235.0,1126.9483584505701,108.05164154942986
480561,1280.0,1249.0109637899209,30.98903621007912
480577,948.0,1065.7700284881437,-117.77002848814368
480582,860.0,1082.511085803727,-222.51108580372693
480606,620.0,761.9498307982167,-141.94983079821668
480683,610.0,671.3160130215018,-61.31601302150182
480725,352.0,586.8809750596506,-234.8809750596506
480729,1660.0,1289.21534958602,370.78465041398
480930,1000.0,1267.2324076850043,-267.2324076850043
480944,950.0,1231.1578691263987,-281.15786912639874
480996,1005.0,1145.9348048412503,-140.9348048412503
481077,1585.0,1314.0936162762164,270.9063837237836
481115,545.0,669.2220495174558,-124.22204951745584
481172,555.0,685.5379198362592,-130.53791983625922
481176,420.0,660.633704957377,-240.63370495737695
481194,1140.0,1254.4258407310224,-114.42584073102239
481371,1305.0,1279.7659110991037,25.234088900896268
481387,940.0,1081.0250012581607,-141.02500125816073
481431,997.0,1065.5054903517398,-68.50549035173981
481447,910.0,1198.3572626630514,-288.3572626630514
481711,491.0,570.6646014126321,-79.66460141263212
481725,685.0,692.2070507446319,-7.2070507446319425
481737,868.0,1160.1642062358067,-292.16420623580666
481757,1102.0,1193.2113887254368,-91.21138872543679
481764,1210.0,1175.9174136321574,34.08258636784262
481805,555.0,709.5542052877706,-154.55420528777063
481839,473.0,681.3661159042379,-208.36611590423786
481882,701.0,655.1822557879846,45.81774421201544
481883,1110.0,1159.3449381532346,-49.34493815323458
481917,815.0,669.8908099487933,145.10919005120672
481959,1470.0,1289.1928505471342,180.80714945286581
482010,522.0,740.1550988137958,-218.1550988137958
482048,1070.0,1137.8381339370428,-67.83813393704281
482188,929.0,1122.6311729950537,-193.6311729950537
482190,975.0,1155.2329847312299,-180.23298473122986
482324,1160.0,1262.45785346541,-102.45785346540993
482338,1062.0,1082.965290131892,-20.96529013189206
482343,665.0,668.6442711590148,-3.6442711590148065
482371,470.0,730.5160612138491,-260.51606121384907
482397,925.0,1297.2585817200566,-372.25858172005655
482404,1160.0,1249.107959611299,-89.10795961129907
482450,1040.0,1032.5698010782266,7.4301989217733535
482513,1150.0,1275.8992012197746,-125.89920121977457
482517,645.0,1064.1783650461266,-419.1783650461266
482593,540.0,701.7685263252662,-161.76852632526618
482632,440.0,653.7101900749935,-213.71019007499353
482666,985.0,1207.337105696706,-222.33710569670598
482711,625.0,691.0886254413523,-66.08862544135229
482741,1048.0,1059.57194089262,-11.571940892619978
482744,945.0,960.3955490875387,-15.395549087538711
482866,940.0,1090.8179205047834,-150.8179205047834
482945,1224.0,1228.6430955778465,-4.643095577846452
482958,893.0,993.1648522890086,-100.16485228900865
483075,844.0,1107.9066998580552,-263.90669985805516
483106,1120.0,1262.8050535581838,-142.80505355818377
483150,970.0,1143.495207429794,-173.49520742979394
483204,1160.0,1142.4001340328527,17.599865967147252
483228,480.0,634.0409668764901,-154.04096687649007
483254,985.0,1018.4846915592192,-33.484691559219186
483266,1102.0,1028.1092777101876,73.8907222898124
483288,980.0,1271.270175809901,-291.27017580990105
483338,848.0,815.7673681886602,32.23263181133984
483339,600.0,670.2370127991568,-70.23701279915679
483449,825.0,1056.1873740970236,-231.18737409702362
483456,865.0,708.0795508921676,156.92044910783238
483493,1290.0,1279.1449804165466,10.85501958345344
483500,535.0,649.3218035556133,-114.32180355561331
483515,550.0,705.6612765257764,-155.66127652577643
483557,575.0,739.0465287966233,-164.0465287966233
483576,980.0,1250.3942821735493,-270.3942821735493
483593,608.0,720.3932218236893,-112.39322182368926
483595,650.0,684.3365443835933,-34.336544383593264
483626,960.0,1159.6427432475593,-199.64274324755934
483651,675.0,674.3296131950767,0.6703868049232824
483689,635.0,712.085863494125,-77.08586349412496
483751,1010.0,941.2870696936016,68.71293030639845
483804,948.0,1088.0794541679634,-140.07945416796338
483848,570.0,693.9783837584368,-123.97838375843685
483893,1060.0,1028.8907612760156,31.10923872398439
484019,1430.0,1315.8479435615634,114.1520564384366
484074,385.0,580.4197879709702,-195.41978797097022
484075,470.0,663.4463785237544,-193.44637852375445
484120,680.0,1059.0780895590324,-379.0780895590324
484138,1275.0,1181.688490572304,93.31150942769591
484166,1370.0,1321.1044815404312,48.89551845956885
484217,1140.0,1324.4815682603821,-184.48156826038212
484287,464.0,628.0081321837388,-164.00813218373878
484339,1330.0,1205.9825614647286,124.01743853527137
484372,1060.0,1113.3270422827563,-53.32704228275634
484424,595.0,668.913643748458,-73.91364374845796
484464,615.0,687.7546048676921,-72.75460486769214
484528,885.0,1126.4688403341888,-241.46884033418883
484596,830.0,957.4908837923653,-127.49088379236525
484646,750.0,739.6484899195672,10.351510080432831
484673,1180.0,1222.7173421836656,-42.71734218366555
484709,907.0,1246.7005818660625,-339.7005818660625
484773,760.0,926.0226874370012,-166.0226874370012
484818,1470.0,1332.0847037325432,137.91529626745682
484849,1220.0,1118.745385940715,101.2546140592849
484856,696.0,732.0557411296691,-36.05574112966906
484881,950.0,1138.388159668029,-188.38815966802895
484987,649.0,659.1689873866592,-10.168987386659182
485035,933.0,1150.6858951666165,-217.68589516661655
485081,1042.0,1157.6875817901973,-115.68758179019733
485114,685.0,848.7434267879361,-163.74342678793607
485117,824.0,1066.7900040761049,-242.79000407610488
485219,700.0,658.0805829467494,41.91941705325064
485340,1010.0,1247.986049185062,-237.98604918506203
485349,530.0,596.8351957156356,-66.83519571563556
485385,1091.0,1080.4656932739356,10.534306726064415
485450,915.0,1186.3364568848638,-271.33645688486376
485460,1020.0,1191.271974513051,-171.27197451305096
485500,950.0,1262.1739767598488,-312.17397675984876
485502,715.0,678.2350816554202,36.76491834457977
485553,655.0,612.0889518055409,42.91104819445911
485576,850.0,1222.7527781707063,-372.7527781707063
485582,535.0,735.9401306601198,-200.94013066011985
485814,860.0,747.2483693303632,112.75163066963682
485839,715.0,710.9421805438242,4.057819456175821
485845,1220.0,1270.3278607409266,-50.32786074092655
485951,515.0,606.0715855535902,-91.07158555359024
486011,605.0,722.3154123796018,-117.31541237960175
486047,610.0,715.6210529437466,-105.62105294374658
486183,1130.0,1147.5692449083303,-17.569244908330347
486194,510.0,630.4536601694767,-120.45366016947673
486415,1154.0,1289.728212027748,-135.728212027748
486448,835.0,1045.0204994122685,-210.02049941226846
486454,1160.0,1212.3944582750348,-52.39445827503482
486506,1365.0,1209.4655523489635,155.53444765103654
486565,615.0,697.197790766201,-82.19779076620102
486664,480.0,1027.1955998694718,-547.1955998694718
486699,575.0,608.7317373484153,-33.73173734841532
486762,551.0,658.8622506081526,-107.86225060815264
486777,495.0,645.8850574523264,-150.88505745232635
486791,594.0,704.5644324776487,-110.56443247764867
486885,810.0,1136.2219589248273,-326.2219589248273
486901,540.0,662.5750983437147,-122.57509834371467
486906,550.0,756.1379194481775,-206.1379194481775
487101,1115.0,1229.0137506129377,-114.01375061293766
487125,711.0,698.391711528924,12.60828847107598
487134,610.0,760.570114023508,-150.57011402350804
487151,1330.0,1156.2138395362554,173.78616046374464
487199,1036.0,1130.6473930690067,-94.64739306900674
487205,915.0,1221.1669385155808,-306.1669385155808
487215,640.0,734.5218667168217,-94.5218667168217
487225,951.0,1064.5079391559784,-113.50793915597842
487272,1070.0,1191.8335616098452,-121.83356160984522
487310,917.0,1197.809956181499,-280.80995618149905
487313,825.0,973.6809145416524,-148.68091454165244
487386,1090.0,1189.639441918067,-99.63944191806695
487495,1310.0,1305.8742374636272,4.125762536372804
487519,778.0,910.4068665361999,-132.4068665361999
487526,643.0,740.074915961247,-97.07491596124703
487574,545.0,685.9754363347574,-140.97543633475743
487581,885.0,945.2119391721136,-60.2119391721136
487600,545.0,688.7929408972933,-143.7929408972933
487649,640.0,695.5801256844186,-55.58012568441859
487708,880.0,951.9823848300207,-71.98238483002069
487802,506.0,674.3396890395493,-168.33968903954928
487870,766.0,1135.1142286926545,-369.1142286926545
487885,690.0,1058.808964811935,-368.8089648119351
487932,870.0,1010.0161194478791,-140.01611944787908
487962,885.0,1044.1307969236589,-159.13079692365886
487987,560.0,609.2757777347406,-49.275777734740586
488007,950.0,1065.6572675721918,-115.65726757219181
488094,772.0,706.0018234497395,65.9981765502605
488107,920.0,911.9910981143979,8.008901885602086
488190,990.0,1256.1898075751674,-266.1898075751674
488195,1003.0,1287.21385326819,-284.21385326818995
488201,860.0,1077.3198355050104,-217.31983550501036
488211,571.0,715.738517629072,-144.73851762907202
488229,1315.0,1127.914362314489,187.08563768551107
488253,560.0,711.2282944885484,-151.22829448854839
488280,940.0,1106.1945165167465,-166.1945165167465
488293,1330.0,1185.414166730252,144.58583326974804
488306,585.0,620.8789084189717,-35.87890841897172
488432,1047.0,1092.0466708568617,-45.04667085686174
488480,490.0,642.4414930325346,-152.4414930325346
488490,937.0,1009.4558476288537,-72.45584762885369
488570,600.0,752.453997219912,-152.45399721991203
488593,715.0,709.9309255940913,5.0690744059087365
488628,845.0,1183.2177926217598,-338.2177926217598
488643,738.0,867.5071044649625,-129.50710446496248
488667,1290.0,1202.0192016144026,87.98079838559738
488722,1115.0,1163.8594044524682,-48.8594044524682
488749,570.0,680.3640695099502,-110.36406950995024
488760,915.0,954.265412442331,-39.26541244233101
488801,640.0,662.2243540738781,-22.22435407387809
488835,1120.0,1265.459883944434,-145.45988394443407
488857,370.0,686.2346109166391,-316.2346109166391
488914,736.0,972.3734983520533,-236.37349835205328
488962,660.0,694.9025985973869,-34.90259859738694
489033,1065.0,1231.4486100618124,-166.44861006181236
489083,345.0,647.6074653310028,-302.6074653310028
489087,870.0,1206.042553148186,-336.042553148186
489144,1355.0,1301.1317986584627,53.868201341537315
489183,1180.0,1206.274370442037,-26.274370442037025
489249,1010.0,939.1170308786733,70.88296912132671
489329,968.0,1066.810993443596,-98.81099344359609
489408,378.0,694.6098676233192,-316.60986762331925
489452,900.0,968.0420641499247,-68.04206414992473
489491,830.0,679.0229946044683,150.9770053955317
489572,533.0,716.8992592442565,-183.89925924425654
489581,981.0,1036.8099926341347,-55.80999263413469
489607,734.0,709.2466766361817,24.753323363818254
489659,735.0,755.1016970079269,-20.101697007926873
489674,820.0,1036.7306260395608,-216.73062603956078
489763,1334.0,1057.310799343638,276.6892006563619
489833,637.0,603.9799956493819,33.02000435061814
489905,690.0,634.617226225574,55.38277377442603
489931,625.0,659.9812852717341,-34.98128527173412
489932,920.0,1106.3042055610008,-186.3042055610008
489966,1340.0,1253.9492686495191,86.05073135048087
490025,935.0,1119.633223473672,-184.63322347367193
490117,820.0,1113.793155474636,-293.793155474636
490130,845.0,1315.8641216572007,-470.8641216572007
490222,680.0,717.3053186328838,-37.30531863288377
490310,960.0,1255.8797819619867,-295.87978196198674
490469,845.0,1032.0556651523732,-187.0556651523732
490501,645.0,720.5962922620768,-75.59629226207676
490540,550.0,740.5171003243435,-190.51710032434346
490580,789.0,1065.6915633936724,-276.69156339367237
490614,955.0,995.1748183541098,-40.17481835410979
490637,782.0,1060.8331364110932,-278.83313641109316
490702,580.0,618.8841098819528,-38.88410988195278
490738,660.0,652.2894798712681,7.7105201287319005
490766,837.0,1154.2191679306547,-317.21916793065475
490937,1558.0,1275.8975865397824,282.1024134602176
491040,904.0,1092.7751440041654,-188.77514400416544
491059,1155.0,1142.3708649640703,12.629135035929721
491069,1180.0,1303.9446235648084,-123.94462356480835
491075,585.0,746.212025261269,-161.212025261269
491093,616.0,732.1942442246651,-116.19424422466511
491105,745.0,1016.1521175998619,-271.15211759986187
491112,790.0,997.0556506793473,-207.0556506793473
491129,910.0,1120.2390094485402,-210.23900944854017
491151,793.0,1137.8039785352064,-344.8039785352064
491237,686.0,700.4585496966207,-14.458549696620707
491444,546.0,679.1191468434512,-133.11914684345118
491453,730.0,708.2609512082131,21.7390487917869
491466,1062.0,1040.4328974276768,21.567102572323165
491501,650.0,607.6599478851966,42.34005211480337
491759,1405.0,1142.801057126563,262.1989428734371
491771,900.0,1151.9414725233532,-251.94147252335324
491885,1003.0,1088.7369899812402,-85.73698998124019
491886,610.0,640.9718286106685,-30.971828610668467
491938,585.0,713.8389195626461,-128.83891956264608
491996,890.0,1074.9048393269313,-184.90483932693132
492010,685.0,642.1064198021509,42.89358019784913
492014,870.0,1264.4162234000642,-394.41622340006415
492152,546.0,732.9756913928653,-186.97569139286531
492378,780.0,708.2257677627724,71.77423223722758
492422,1345.0,1257.4257745642872,87.57422543571283
492443,480.0,1007.9153957696683,-527.9153957696683
492535,1180.0,1142.437079611661,37.56292038833908
492537,465.0,720.8055542218494,-255.80555422184943
492552,690.0,697.8914842332175,-7.891484233217511
492629,1065.0,1198.8545508048628,-133.8545508048628
492669,705.0,944.4023257522623,-239.4023257522623
492683,900.0,1094.2146367154683,-194.21463671546826
492721,600.0,686.8254354111067,-86.8254354111067
492806,545.0,548.8633607592803,-3.86336075928034
492810,535.0,655.2735832806904,-120.27358328069045
492845,1315.0,1263.6927626310166,51.30723736898335
492922,870.0,704.9464958561803,165.05350414381974
492996,970.0,1038.5744789350358,-68.57447893503581
493039,685.0,748.5638748932209,-63.56387489322094
493082,620.0,682.2613595785306,-62.26135957853057
493098,975.0,1114.056622065914,-139.0566220659141
493110,710.0,1140.3109326498482,-430.31093264984816
493111,570.0,668.2374109951124,-98.23741099511244
493123,1475.0,1231.510662531323,243.48933746867692
493179,1130.0,1212.041772802042,-82.04177280204203
493209,473.0,701.4971205813528,-228.49712058135276
493214,610.0,701.7642245675415,-91.76422456754153
493284,495.0,649.2781086882817,-154.2781086882817
493404,660.0,710.9059769782375,-50.905976978237504
493430,870.0,1003.1145849679077,-133.11458496790772
493543,515.0,642.12012494277,-127.12012494276996
493660,1490.0,1233.4691461506507,256.53085384934934
493676,1113.0,1208.6509724450366,-95.65097244503659
493716,1240.0,1161.5695197847165,78.43048021528352
493728,1028.0,1008.1068542137025,19.89314578629751
493785,1360.0,1155.628296165989,204.371703834011
493795,1151.0,1252.9257117461461,-101.92571174614613
493832,934.0,739.5308841437344,194.4691158562656
493862,907.0,731.8839151034553,175.11608489654475
493868,1020.0,1217.7363289584712,-197.73632895847118
493873,1105.0,987.4631790232019,117.53682097679814
493876,1093.0,997.444099145033,95.55590085496704
493909,782.0,711.3898697035999,70.61013029640014
493926,615.0,656.9235417474054,-41.92354174740535
493938,700.0,654.3121476745999,45.68785232540006
493953,506.0,681.5933404786011,-175.59334047860114
494011,630.0,828.8190989519352,-198.8190989519352
494012,1210.0,1162.181872473008,47.81812752699193
494019,1115.0,1158.4924640698327,-43.49246406983275
494033,595.0,699.1060697603048,-104.10606976030476
494070,890.0,1166.8760295448162,-276.8760295448162
494144,560.0,712.3215195899531,-152.32151958995314
494233,553.0,610.5405524871323,-57.540552487132345
494267,1087.0,1187.138145905593,-100.13814590559309
494305,1105.0,1287.881373103105,-182.88137310310503
494310,585.0,765.0371315982832,-180.03713159828317
494462,1098.0,1228.9303695875958,-130.9303695875958
494500,937.0,947.8366165148196,-10.836616514819639
494680,870.0,1052.840247955647,-182.8402479556471
494688,1433.0,1257.7894595872788,175.21054041272123
494723,680.0,748.4275435769387,-68.42754357693866
494731,692.0,932.051168424114,-240.05116842411405
494757,855.0,929.1929977658449,-74.1929977658449
494775,410.0,699.4550155661829,-289.45501556618285
494807,1050.0,1001.7614287095768,48.23857129042324
494834,1025.0,887.9805780108554,137.01942198914458
494930,740.0,931.2089441596214,-191.2089441596214
494966,694.0,676.7395192393358,17.260480760664223
494977,960.0,1084.6003061997844,-124.60030619978443
494985,1036.0,1115.4156342926879,-79.41563429268786
494990,1130.0,1063.4598650424705,66.54013495752952
495048,1200.0,1168.0384410661163,31.96155893388368
495091,1010.0,1286.2918050264134,-276.2918050264134
495274,1235.0,1220.2136548453884,14.786345154611581
495288,418.0,675.8783318256278,-257.8783318256278
495294,885.0,1128.1839841251012,-243.18398412510123
495377,725.0,1238.054797964097,-513.0547979640969
495681,948.0,1081.1922544189554,-133.19225441895537
495751,870.0,1111.6934669003465,-241.6934669003465
495866,521.0,677.7011415786723,-156.70114157867226
495940,525.0,663.1689416070459,-138.1689416070459
495982,800.0,1175.9034549297035,-375.90345492970346
496035,795.0,1086.8013584604537,-291.8013584604537
496096,1225.0,1177.8143538199301,47.18564618006985
496132,1260.0,1313.4297543245434,-53.42975432454341
496140,630.0,689.9074654999363,-59.90746549993628
496144,695.0,1038.9325378818169,-343.93253788181687
496223,630.0,1135.3329271358516,-505.3329271358516
496315,860.0,982.6242597158214,-122.62425971582138
496377,1595.0,1205.1690336770343,389.83096632296565
496411,430.0,707.1420683839731,-277.1420683839731
496429,750.0,701.0866027457779,48.913397254222104
496440,920.0,1200.8478462737125,-280.84784627371255
496474,1060.0,1243.0846071044853,-183.08460710448526
496584,760.0,969.7554666448991,-209.75546664489912
496599,872.0,1037.201821378566,-165.2018213785659
496626,537.0,629.182931520786,-92.18293152078604
496906,553.0,713.3846448592241,-160.38464485922407
497147,475.0,566.155007518034,-91.15500751803404
497226,1275.0,1249.407615988925,25.592384011074955
497242,395.0,595.6799254993075,-200.6799254993075
497281,1250.0,1289.0746324229265,-39.07463242292647
497299,450.0,648.2923989844145,-198.2923989844145
497338,1455.0,1288.0776143243688,166.92238567563118
497411,754.0,1103.556059787136,-349.55605978713606
497553,705.0,1064.8529958598303,-359.85299585983034
497573,705.0,694.1350141269531,10.864985873046862
497589,935.0,1238.8587547585519,-303.85875475855187
497609,1228.0,1238.296926797855,-10.296926797854894
497615,985.0,1105.5734539322686,-120.57345393226865
497616,1140.0,1157.528029889543,-17.52802988954295
497625,992.0,1096.4271008872688,-104.42710088726881
497658,660.0,716.1625252101454,-56.16252521014542
497760,1110.0,1163.003257324107,-53.003257324106926
497826,560.0,707.412196543624,-147.41219654362396
497902,1094.0,1080.1478453537338,13.852154646266172
497930,965.0,1162.9070280793633,-197.90702807936327
497966,691.0,720.6652331546012,-29.665233154601196
498066,754.0,1027.7946313621055,-273.7946313621055
498141,425.0,674.5387770135534,-249.53877701355339
498227,705.0,664.8361475213054,40.163852478694594
498254,1191.0,1190.5533814736614,0.4466185263386251
498353,725.0,742.6722457833514,-17.6722457833514
498366,639.0,941.5355792592084,-302.53557925920836
498393,640.0,749.215590290707,-109.21559029070704
498442,816.0,883.3639866279456,-67.36398662794556
498458,605.0,698.4850115078408,-93.4850115078408
498472,965.0,1271.072446309463,-306.072446309463
498479,750.0,1004.990978603969,-254.99097860396898
498541,655.0,623.1772249080094,31.822775091990593
498566,840.0,1058.0362187528308,-218.0362187528308
498617,1157.0,1083.4394939060476,73.56050609395243
498667,1295.0,1111.79006442051,183.2099355794901
498841,1014.0,1045.8148211826028,-31.814821182602827
499050,600.0,701.976160471824,-101.97616047182396
499077,1260.0,1195.7379229770015,64.26207702299848
499134,1083.0,1232.7360653604544,-149.7360653604544
499294,594.0,1035.3911947780616,-441.3911947780616
499328,926.0,1073.355682292691,-147.35568229269097
499380,970.0,972.9044413605709,-2.9044413605708996
499474,410.0,699.4838914246576,-289.4838914246576
499590,970.0,1171.5124869851345,-201.5124869851345
499636,869.0,1071.0636640419514,-202.06366404195137
499641,1133.0,1284.5651179750798,-151.56511797507983
499659,990.0,1243.6006877478092,-253.60068774780916
499666,809.0,1105.9804177647693,-296.9804177647693
499778,700.0,732.144759939204,-32.14475993920405
499797,635.0,661.7040869074775,-26.704086907477517
499807,810.0,1088.2862664465588,-278.2862664465588
499897,490.0,640.9396443155265,-150.9396443155265
500084,1040.0,1035.38234439334,4.617655606660037
500173,852.0,1140.0118756771963,-288.01187567719626
500266,625.0,626.3129948658096,-1.3129948658096282
500286,1375.0,1309.929111283857,65.07088871614292
500402,988.0,1243.4800752806755,-255.48007528067546
500561,1235.0,1293.8146645040836,-58.81466450408357
500583,708.0,1054.3369973823135,-346.3369973823135
500669,632.0,689.7346199750099,-57.73461997500988
500671,1065.0,1050.816281193919,14.18371880608106
500782,490.0,755.1832002555047,-265.18320025550474
500795,590.0,726.6681100506099,-136.66811005060993
500857,985.0,1076.6716294793632,-91.67162947936322
500880,738.0,986.8788000734198,-248.87880007341982
500882,765.0,1138.7994533230506,-373.79945332305056
500885,735.0,707.6475780478963,27.35242195210367
501191,1250.0,1134.8416495479387,115.15835045206131
501195,980.0,1011.2004039997337,-31.20040399973368
501394,870.0,934.8628228580674,-64.86282285806737
501425,1310.0,1258.462382929374,51.537617070626084
501791,797.0,885.7877608989684,-88.78776089896837
501908,426.0,728.7390624029149,-302.7390624029149
501967,584.0,612.4419589279258,-28.44195892792584
501993,720.0,1158.980024044315,-438.9800240443151
502036,1045.0,1166.2401822283418,-121.24018222834184
502073,1214.0,964.8448311862081,249.15516881379187
502148,1184.0,1092.0977769090862,91.90222309091382
502191,490.0,579.2341929034086,-89.2341929034086
502224,560.0,691.7349337987205,-131.73493379872048
502266,545.0,675.3466319472635,-130.34663194726352
502343,1250.0,1317.4285109078112,-67.42851090781119
502434,955.0,1283.6893301386606,-328.6893301386606
502470,781.0,1035.6517641977086,-254.65176419770864
502484,455.0,677.2739099417552,-222.27390994175516
502557,755.0,750.3942214170524,4.605778582947551
502579,730.0,734.1026201263353,-4.102620126335296
502655,400.0,686.8146883749635,-286.81468837496345
502665,1175.0,1139.211287648408,35.78871235159204
502672,1130.0,1206.7334550751357,-76.73345507513568
502726,965.0,960.6739205141203,4.326079485879745
502753,1168.0,1157.9452585243682,10.054741475631772
502760,473.0,667.2914284164265,-194.29142841642647
502785,749.0,1033.2828390481159,-284.2828390481159
502907,330.0,619.8969177363956,-289.8969177363956
502925,1565.0,1299.900841232172,265.09915876782793
502968,1005.0,1188.9833160855635,-183.9833160855635
502970,1055.0,1041.6492453522178,13.350754647782196
503010,1093.0,1035.7682288692056,57.231771130794414
503118,429.0,636.7528696556981,-207.75286965569808
503135,500.0,528.449470936685,-28.449470936684975
503194,922.0,1114.1401948508815,-192.14019485088147
503338,612.0,659.2658008221697,-47.265800822169695
503369,385.0,592.0449849657939,-207.0449849657939
503414,1050.0,1036.3136932902194,13.686306709780638
503495,502.0,687.1720746685687,-185.1720746685687
503623,904.0,1077.4120137306675,-173.41201373066747
503696,694.0,695.0454599382975,-1.0454599382975402
503751,740.0,972.7965777221973,-232.7965777221973
503762,995.0,1057.228415099646,-62.2284150996461
503790,1044.0,1085.570871691552,-41.57087169155193
503812,675.0,1181.996498695451,-506.996498695451
503846,1090.0,991.2450997566408,98.7549002433592
504020,535.0,673.7212873791664,-138.72128737916637
504092,1080.0,1225.9761106343865,-145.9761106343865
504145,616.0,601.7925524380362,14.207447561963818
504154,650.0,704.5491834521712,-54.54918345217118
504184,948.0,1209.0894853005555,-261.08948530055545
504217,505.0,683.9268471550326,-178.92684715503265
504251,800.0,1172.7677725867782,-372.76777258677816
504287,653.0,717.1267324157586,-64.12673241575862
504334,510.0,639.2070592983864,-129.2070592983864
504338,953.0,1156.8388224210144,-203.83882242101436
504497,910.0,1100.7426406452,-190.74264064520003
504638,945.0,1082.962388044688,-137.96238804468794
504657,760.0,1010.3297917885482,-250.32979178854816
504674,611.0,694.7556878571363,-83.75568785713631
504780,792.0,1009.5092159380356,-217.5092159380356
504862,610.0,658.8789669268677,-48.87896692686775
504947,926.0,973.4456592684552,-47.44565926845519
504958,981.0,1213.2492848861982,-232.2492848861982
504981,455.0,727.5086149319686,-272.5086149319686
504988,800.0,971.1622775217959,-171.1622775217959
505001,665.0,631.863641340859,33.136358659141024
505035,1070.0,1089.551001326991,-19.5510013269909
505055,665.0,774.1152662321442,-109.11526623214422
505063,892.0,646.6343834624382,245.36561653756178
505094,590.0,672.9986314503319,-82.99863145033191
505111,1150.0,1293.6840311960673,-143.68403119606728
505275,465.0,627.3616331468231,-162.36163314682312
505346,895.0,1061.957859403299,-166.95785940329893
505423,610.0,765.8163317146187,-155.81633171461874
505469,610.0,697.9546128453549,-87.95461284535486
505535,675.0,643.5631428127143,31.436857187285682
505597,495.0,952.8627741835714,-457.86277418357145
505654,911.0,1171.1962434151042,-260.19624341510416
505679,1340.0,1099.1565488009262,240.8434511990738
505700,655.0,740.4574770152307,-85.45747701523067
505750,865.0,1054.8600668967545,-189.86006689675446
505777,1014.0,1099.1601072054086,-85.16010720540862
505788,460.0,700.3403939924418,-240.34039399244182
505824,650.0,707.1902105947572,-57.19021059475722
506023,560.0,558.2353911359542,1.7646088640458402
506039,945.0,1107.254681368092,-162.25468136809195
506078,992.0,1016.3283999681151,-24.32839996811515
506102,556.0,546.9661824146536,9.033817585346355
506205,1155.0,1067.1019500818618,87.89804991813821
506243,1240.0,1239.0430094550848,0.9569905449152429
506387,672.0,1116.714588074612,-444.71458807461204
506397,594.0,649.0104203240377,-55.01042032403768
506502,1230.0,1189.7271143321564,40.27288566784364
506583,1135.0,1086.184920833687,48.8150791663129
506683,904.0,1042.4378516675824,-138.43785166758244
506694,690.0,676.3725621810959,13.627437818904127
506723,1155.0,1264.8567543025913,-109.8567543025913
506772,830.0,1001.08274841957,-171.08274841956995
506784,715.0,660.7044991154213,54.2955008845787
507055,650.0,899.4506116782925,-249.4506116782925
507214,925.0,1110.2304255882914,-185.23042558829138
507296,698.0,694.2629165502418,3.737083449758188
507320,1300.0,1247.8988086318518,52.10119136814819
507358,870.0,1062.8571831200104,-192.8571831200104
507419,1338.0,1284.2418017543853,53.75819824561472
507450,1320.0,1202.8455348143293,117.15446518567069
507495,816.0,1086.0737290718755,-270.0737290718755
507511,576.0,701.1156744770195,-125.11567447701952
507522,1220.0,1214.1725097093645,5.827490290635524
507524,605.0,698.3483243543632,-93.34832435436317
507553,650.0,840.9858241850493,-190.9858241850493
507638,1020.0,1110.198832613506,-90.19883261350606
507740,595.0,642.6732059686516,-47.67320596865159
507745,561.0,640.2640920806739,-79.26409208067389
507746,1040.0,1141.074570910969,-101.07457091096899
507784,1320.0,1152.0841943651371,167.91580563486286
507856,900.0,1026.3362947513222,-126.33629475132216
507884,560.0,578.5064845009316,-18.506484500931606
507908,663.0,698.648065762953,-35.648065762953024
507940,985.0,1154.3811117523503,-169.3811117523503
507966,1250.0,1179.0926583994833,70.9073416005167
508023,1290.0,1257.5289103824375,32.471089617562484
508101,937.0,899.3606578762051,37.639342123794904
508105,740.0,740.198788522445,-0.19878852244505651
508145,635.0,717.7736589438788,-82.77365894387879
508220,667.0,661.1484290604302,5.851570939569797
508348,970.0,1065.6156339051115,-95.61563390511151
508473,745.0,921.3156387737515,-176.31563877375152
508549,863.0,1073.24799564367,-210.24799564367004
508571,1021.0,1102.5143650758419,-81.51436507584185
508574,865.0,693.1902513670179,171.80974863298206
508604,620.0,625.8446603649099,-5.844660364909942
508614,1345.0,1193.0148348182574,151.98516518174256
508617,997.0,1196.6475860192536,-199.6475860192536
508669,980.0,1104.0171576576158,-124.01715765761583
508746,1010.0,1021.7404256787055,-11.740425678705492
508814,583.0,699.7865931455354,-116.78659314553545
508820,955.0,1133.3437585486004,-178.34375854860036
508929,1260.0,1104.696832684699,155.30316731530093
509013,1005.0,1322.4700315573025,-317.4700315573025
509063,950.0,1063.1672837645947,-113.16728376459469
509065,870.0,1007.899152251513,-137.899152251513
509127,640.0,687.5170220837094,-47.517022083709435
509281,690.0,688.0800178999484,1.919982100051584
509283,1120.0,1157.8369354976387,-37.836935497638706
509397,1025.0,1133.6031127774595,-108.6031127774595
509404,265.0,646.1511955170096,-381.15119551700957
509416,1030.0,1158.4838326220854,-128.4838326220854
509533,1330.0,1213.1218225950465,116.87817740495348
509691,1058.0,1133.9342208532455,-75.9342208532455
509735,1130.0,1079.5634456909117,50.43655430908825
509765,553.0,573.0970971792045,-20.097097179204525
509821,462.0,702.5312805140652,-240.5312805140652
509837,1180.0,1028.4378554249517,151.56214457504825
509992,595.0,625.9283918831918,-30.928391883191807
509996,845.0,1123.3356415633416,-278.3356415633416
510052,670.0,706.0642718207235,-36.06427182072355
510080,910.0,915.6516850007882,-5.651685000788234
510119,890.0,1237.805034346316,-347.805034346316
510132,1075.0,1326.8726036958187,-251.87260369581873
510299,1080.0,1032.1876387763455,47.812361223654534
510397,1323.0,1278.7862224202115,44.213777579788484
510405,396.0,724.8968268579645,-328.89682685796447
510433,634.0,753.2761026019922,-119.27610260199219
510463,882.0,1019.6948568237666,-137.6948568237666
510529,1080.0,1048.6321424734465,31.367857526553507
510557,1175.0,1259.6564005787272,-84.65640057872724
510577,991.0,1180.3698165921564,-189.36981659215644
510624,835.0,923.4678437346391,-88.46784373463913
510631,1045.0,1153.785855017417,-108.7858550174169
510632,1224.0,1294.3597591247988,-70.35975912479876
510673,825.0,1130.6703165342087,-305.6703165342087
510696,454.0,653.4504586476401,-199.45045864764006
510790,955.0,1086.3910925784094,-131.39109257840937
510824,410.0,737.8302383821714,-327.8302383821714
510851,1025.0,1072.4929498144222,-47.49294981442222
510899,1081.0,1221.7693831492406,-140.76938314924064
510905,1270.0,1133.4688927209222,136.5311072790778
510906,1105.0,1173.143657374472,-68.14365737447201
510909,1425.0,1256.4427517348427,168.55724826515734
510956,735.0,696.3725753953956,38.62742460460436
511072,560.0,609.8464280369069,-49.8464280369069
511083,805.0,737.2355496460585,67.76445035394147
511147,350.0,688.3138186078586,-338.3138186078586
511215,550.0,591.8186101429592,-41.81861014295919
511372,1085.0,1149.5660773727648,-64.56607737276477
511412,610.0,1155.152231153903,-545.1522311539029
511479,440.0,578.8287445565707,-138.82874455657065
511526,930.0,699.0359766228976,230.96402337710242
511577,610.0,657.4373032573944,-47.43730325739443
511592,840.0,1109.2519840291047,-269.25198402910473
511724,890.0,1079.643063227972,-189.6430632279721
511805,525.0,702.1501029699918,-177.15010296999185
511853,290.0,645.3872152630727,-355.3872152630727
511891,1280.0,1087.3594197146358,192.6405802853642
511966,980.0,1133.2124168910784,-153.21241689107842
511972,635.0,712.775266045406,-77.77526604540606
511991,930.0,1317.4380024280658,-387.43800242806583
512018,1174.0,1276.446607989567,-102.44660798956693
512034,1007.0,991.3980476758294,15.601952324170611
512048,1470.0,1203.7964738686837,266.20352613131627
512069,1200.0,1206.2523722496667,-6.252372249666678
512178,862.0,944.3856380644377,-82.38563806443767
512198,1405.0,1264.821903338658,140.1780966613419
512236,910.0,1199.029235634032,-289.0292356340319
512400,615.0,573.1743482469863,41.825651753013744
512422,1470.0,1163.2609378694456,306.73906213055443
512466,675.0,675.1579217630599,-0.15792176305990324
512532,750.0,1048.97161444579,-298.97161444579
512559,855.0,1118.2819249957452,-263.28192499574516
512629,820.0,719.8549489570729,100.1450510429271
512678,1145.0,1048.643731768322,96.35626823167809
512716,830.0,1051.4715252513413,-221.4715252513413
512735,1153.0,1141.9448785020456,11.05512149795436
512774,840.0,1124.563213378704,-284.56321337870395
512782,1050.0,1262.6664144082483,-212.66641440824833
512821,780.0,998.9409007350492,-218.94090073504924
512879,895.0,1276.2137128690651,-381.21371286906515
513074,1155.0,1207.3674289708554,-52.36742897085537
513216,970.0,1128.427014170068,-158.4270141700681
513439,920.0,1270.160190387268,-350.1601903872679
513441,765.0,1032.1449463215868,-267.14494632158676
513453,810.0,999.0533319541029,-189.05333195410287
513461,904.0,1027.4412605525035,-123.44126055250354
513501,885.0,1198.4613078338123,-313.46130783381227
513580,840.0,1218.5444666617984,-378.5444666617984
513600,765.0,1021.6004674205728,-256.60046742057284
513634,730.0,708.9181204989617,21.081879501038316
513712,970.0,1045.1346020124463,-75.1346020124463
513738,1030.0,1080.6616468425677,-50.661646842567734
513860,425.0,681.2152142756227,-256.21521427562266
514243,465.0,588.1742997789514,-123.17429977895142
514260,1090.0,1088.088363632011,1.9116363679891037
514286,928.0,1098.7030574527273,-170.7030574527273
514303,1100.0,985.4750220206489,114.52497797935109
514347,1175.0,1136.4025274571557,38.59747254284434
514387,1070.0,1009.8956892349216,60.10431076507837
514461,545.0,639.1975032056446,-94.19750320564458
514491,1208.0,1173.848471182528,34.1515288174719
514599,725.0,691.4168192709949,33.58318072900511
514663,900.0,1014.9164474381028,-114.91644743810275
514695,1050.0,1191.7996724577836,-141.79967245778357
514706,1140.0,1277.5171652286908,-137.51716522869083
514732,1105.0,1120.1845201380434,-15.184520138043354
514753,710.0,649.3619590920549,60.63804090794508
514815,735.0,1155.017845156438,-420.01784515643794
514851,960.0,979.3688162949865,-19.36881629498646
514930,995.0,1199.4078253162534,-204.40782531625337
514941,1087.0,1183.8615363773536,-96.86153637735356
514955,1365.0,1271.5932984613137,93.40670153868632
514991,754.0,924.3876744067092,-170.38767440670915
515047,925.0,1246.1773539006233,-321.1773539006233
515118,605.0,719.7925084968771,-114.79250849687708
515159,783.0,1092.8175776769726,-309.81757767697263
515194,1080.0,1099.2979412729887,-19.297941272988737
515197,876.0,1011.5934843962721,-135.59348439627206
515241,804.0,1013.9244507419364,-209.92445074193643
515297,741.0,735.5915208192008,5.4084791807991905
515379,1005.0,1164.6225103510938,-159.62251035109375
515384,1080.0,1260.8586845087118,-180.8586845087118
515439,553.0,730.4862126905568,-177.48621269055684
515559,520.0,680.6351315476728,-160.6351315476728
515639,1230.0,1193.7498005340947,36.250199465905325
515740,1270.0,1061.4717173676515,208.52828263234846
515822,1010.0,1170.8448551256035,-160.84485512560354
515850,365.0,616.1749101137983,-251.17491011379832
515875,770.0,695.0637069147612,74.93629308523884
515907,1099.0,1193.8227157732713,-94.82271577327128
515941,700.0,690.9427666412023,9.057233358797703
515947,380.0,1004.4114960096333,-624.4114960096333
516059,1145.0,1193.3838440524296,-48.383844052429595
516071,870.0,1007.7451106143363,-137.74511061433634
516114,928.0,703.0091935698385,224.99080643016146
516118,1010.0,1061.7869952446135,-51.786995244613536
516150,790.0,1218.929388283305,-428.9293882833049
516155,915.0,1026.1029230277788,-111.10292302777884
516272,765.0,751.4754109826758,13.52458901732416
516315,1015.0,1206.7795050912393,-191.77950509123934
516423,685.0,693.7227071002012,-8.722707100201205
516446,975.0,1132.6678625598665,-157.66786255986653
516488,760.0,705.1919155205567,54.80808447944332
516547,466.0,1031.3364599400888,-565.3364599400888
516632,435.0,544.7026671184329,-109.70266711843294
516670,478.0,803.704125485686,-325.70412548568595
516710,1449.0,1298.134220272417,150.865779727583
516759,893.0,1051.386066000026,-158.38606600002595
516763,926.0,1045.0695648188066,-119.06956481880661
516915,670.0,1141.6487058912862,-471.6487058912862
516967,1270.0,1246.4131833548445,23.586816645155523
516972,1090.0,1124.5709179273874,-34.57091792738743
516981,1014.0,1023.9539333421594,-9.953933342159416
517040,790.0,997.6579890202695,-207.6579890202695
517112,845.0,998.2225650028308,-153.22256500283083
517146,590.0,691.3402453975038,-101.34024539750385
517237,680.0,683.5368084864625,-3.536808486462519
517277,995.0,1052.2546357987492,-57.25463579874918
517305,885.0,1311.4517889754636,-426.4517889754636
517394,1235.0,1303.6492863010221,-68.64928630102213
517589,535.0,689.8464995447715,-154.84649954477152
517751,1120.0,1148.0156208841674,-28.015620884167447
517802,1268.0,1080.4656932739356,187.53430672606441
517804,690.0,698.6960361060601,-8.696036106060092
517835,1555.0,1163.3173232455017,391.6826767544983
517903,510.0,697.5653721195248,-187.5653721195248
517942,533.0,704.818751970692,-171.818751970692
518063,560.0,655.1147195137269,-95.11471951372687
518107,980.0,1134.7407495201217,-154.74074952012165
518193,630.0,1092.9434928878964,-462.94349288789635
518265,572.0,1015.2589527414177,-443.2589527414177
518309,855.0,1044.516600496535,-189.51660049653492
518337,495.0,653.1139398653426,-158.11393986534256
518437,485.0,670.3337808948677,-185.3337808948677
518446,1270.0,1287.7445866797073,-17.744586679707254
518493,810.0,708.6411653648398,101.35883463516018
518554,1070.0,1203.3890139962032,-133.38901399620318
518559,1585.0,1271.947888755462,313.0521112445381
518786,557.0,651.1701639636879,-94.17016396368786
518839,1091.0,1119.8501668867013,-28.850166886701345
518853,605.0,706.0210726796313,-101.02107267963129
518917,805.0,1030.4189148082821,-225.41891480828212
519275,1325.0,1149.0770287279524,175.92297127204756
519410,570.0,690.187758105981,-120.18775810598095
519430,1155.0,1078.955878253095,76.04412174690492
519485,835.0,1121.8061908837874,-286.8061908837874
519530,930.0,1129.0868913178274,-199.0868913178274
519587,655.0,685.9675367150115,-30.967536715011533
519614,590.0,689.222011260314,-99.22201126031405
519626,1380.0,1298.278383534437,81.7216164655631
519640,1105.0,1050.7945535333042,54.205446466695776
519673,1245.0,1304.3232128775753,-59.323212877575315
519682,904.0,951.2410288091784,-47.241028809178374
519714,870.0,1033.4971373607452,-163.49713736074523
519715,710.0,690.8523312152912,19.1476687847088
519791,1130.0,1241.0561085549648,-111.0561085549648
519804,710.0,1010.070938111166,-300.070938111166
519830,410.0,730.3456471284127,-320.3456471284127
519908,965.0,973.2724904302679,-8.272490430267908
519980,680.0,697.2790886930526,-17.279088693052586
520000,970.0,1028.9815612354812,-58.981561235481195
520119,820.0,1233.4794193665814,-413.4794193665814
520205,584.0,1061.9894223354481,-477.9894223354481
520286,685.0,672.2285412807537,12.771458719246311
520343,705.0,1053.5531968765083,-348.5531968765083
520361,520.0,653.990388274583,-133.99038827458298
520380,1845.0,1296.2490441098023,548.7509558901977
520397,641.0,697.8717961840257,-56.8717961840257
520476,670.0,698.9598871350521,-28.9598871350521
520703,1205.0,1118.7901265665232,86.20987343347679
520730,395.0,698.1829034704235,-303.1829034704235
521051,718.0,722.0335856235627,-4.033585623562658
521081,1490.0,1245.2637492027743,244.7362507972257
521136,800.0,978.2576603753348,-178.2576603753348
521228,1420.0,1259.0786281212556,160.92137187874437
521261,1135.0,1282.04695665327,-147.04695665326994
521302,959.0,1036.5713910980987,-77.57139109809873
521351,750.0,1077.9763071713207,-327.97630717132074
521555,895.0,1060.3735076170237,-165.37350761702373
521715,1290.0,1294.4158530230586,-4.415853023058617
521746,915.0,979.9314817621993,-64.93148176219927
521975,930.0,962.024709893451,-32.02470989345102
522003,468.0,1059.692755019562,-591.6927550195619
522098,440.0,560.6160059296718,-120.61600592967181
522144,1227.0,1061.9894223354481,165.01057766455187
522253,695.0,669.8023554132332,25.19764458676684
522275,661.0,669.5799076534764,-8.579907653476425
522307,730.0,760.8469146757324,-30.846914675732364
522407,795.0,1020.6314722599504,-225.63147225995044
522464,833.0,966.7636886923891,-133.7636886923891
522474,490.0,978.8036312047153,-488.8036312047153
522514,600.0,597.9396714678612,2.060328532138783
522535,590.0,708.8599591364812,-118.85995913648117
522549,1050.0,1103.7375751199913,-53.737575119991334
522622,475.0,716.041100343054,-241.04110034305404
522868,495.0,670.2405282779963,-175.2405282779963
522897,510.0,674.1759196935502,-164.1759196935502
522952,1330.0,1320.5167496819975,9.483250318002547
523090,715.0,1069.0691622025233,-354.06916220252333
523212,1190.0,1248.4675580634496,-58.46755806344959
523245,1680.0,1267.220192896241,412.7798071037589
523377,628.0,632.9967709825136,-4.996770982513567
523450,1020.0,704.2639914730047,315.7360085269953
523495,800.0,1110.56462211793,-310.56462211792996
523532,964.0,1036.8019138471188,-72.80191384711884
523680,506.0,664.9493698518443,-158.94936985184427
523909,930.0,1177.6976374699623,-247.69763746996227
523932,448.0,675.5229625294966,-227.52296252949657
523948,455.0,682.0296447257074,-227.02964472570739
524100,722.0,709.2790967268802,12.720903273119802
524174,1005.0,982.193777093721,22.806222906279004
524282,1000.0,1154.445069531108,-154.44506953110795
524381,475.0,723.7123257567454,-248.71232575674537
524405,430.0,729.0855657416847,-299.0855657416847
524431,579.0,720.9103157136881,-141.91031571368808
524520,795.0,1074.9169434555981,-279.91694345559813
524611,1072.0,1277.9192985942839,-205.91929859428387
524772,1320.0,1056.168485296421,263.83151470357893
524797,1145.0,1158.4133341775114,-13.413334177511388
524880,1140.0,1300.259300149943,-160.2593001499431
524996,661.0,704.2522649367478,-43.25226493674779
525022,860.0,1062.7605338137691,-202.76053381376914
525024,1115.0,1211.5648726541006,-96.56487265410055
525117,1120.0,1187.7666206692652,-67.7666206692652
525187,1110.0,1148.428757057131,-38.42875705713095
525237,1040.0,1191.7686752321506,-151.7686752321506
525244,1060.0,1037.3840728733437,22.61592712665629
525259,1080.0,1222.2712474822674,-142.27124748226743
525540,865.0,1077.035442184309,-212.03544218430898
525544,635.0,677.4987177688824,-42.49871776888244
525622,1030.0,1049.8869821301785,-19.886982130178467
525637,664.0,726.6957665171203,-62.69576651712032
525698,510.0,738.6553404682148,-228.65534046821483
525719,600.0,742.5819704775989,-142.58197047759893
525799,511.0,733.6290822792636,-222.62908227926357
525873,816.0,1099.324628432484,-283.3246284324839
526002,948.0,1156.2657117750273,-208.26571177502728
526048,616.0,1018.3523749804871,-402.35237498048707
526058,683.0,1070.609794964383,-387.6097949643829
526112,820.0,1133.7289878742517,-313.72898787425174
526297,790.0,935.174537877718,-145.17453787771797
526314,930.0,1171.7310521678196,-241.7310521678196
526526,1365.0,1238.0022244415054,126.9977755584946
526645,762.0,744.9474204130192,17.052579586980755
526736,1085.0,1238.3285066915246,-153.32850669152458
526737,320.0,609.1152923454387,-289.11529234543866
526754,1735.0,1320.1051767759047,414.89482322409526
526940,1230.0,1202.7596082406449,27.240391759355134
526981,515.0,629.7007633352974,-114.70076333529744
526988,855.0,696.099084410699,158.900915589301
527100,600.0,976.0696143188173,-376.06961431881734
527146,1131.0,922.8267615234228,208.17323847657724
527223,1200.0,1135.9512722008265,64.04872779917355
527330,1290.0,1087.3980536612266,202.60194633877336
527377,1146.0,999.3717986939726,146.62820130602745
527565,535.0,606.0846406736066,-71.0846406736066
527568,580.0,773.0770053986968,-193.07700539869677
527746,910.0,1129.8744566169676,-219.87445661696756
527826,870.0,1172.046307951305,-302.0463079513049
527836,1020.0,1223.6182703242016,-203.6182703242016
527880,950.0,1165.4650924760645,-215.46509247606446
527883,973.0,956.1406862163998,16.859313783600214
527912,940.0,1116.35842774393,-176.35842774392995
527993,450.0,690.3899449008007,-240.38994490080074
528010,685.0,728.030782442169,-43.03078244216897
528162,837.0,1041.3723726120481,-204.37237261204814
528185,850.0,1055.5449457818006,-205.5449457818006
528316,816.0,939.8322508580379,-123.83225085803792
528321,530.0,699.4698255536115,-169.46982555361149
528347,550.0,687.2268596228502,-137.22685962285016
528454,1047.0,1075.8598234288024,-28.85982342880243
528552,344.0,557.1988879852121,-213.19888798521208
528585,690.0,723.2097660229016,-33.20976602290159
528619,870.0,715.2629081508733,154.73709184912673
528644,715.0,749.8729593680094,-34.87295936800945
528679,665.0,701.7685263252662,-36.76852632526618
528725,460.0,702.7994943397305,-242.79949433973047
528774,565.0,634.6033513434221,-69.6033513434221
528851,1030.0,1026.5729672467878,3.4270327532121883
528884,1390.0,1335.3765408898307,54.62345911016928
528934,855.0,1076.3011163747044,-221.3011163747044
529002,594.0,709.2790967268802,-115.2790967268802
529102,530.0,731.772857666325,-201.77285766632497
529121,1025.0,1127.4994319888092,-102.49943198880919
529233,1520.0,1223.6342323642264,296.36576763577364
529281,650.0,724.5230034221411,-74.52300342214107
529329,445.0,1046.259756883704,-601.2597568837041
529338,860.0,1053.7249997987428,-193.72499979874283
529448,583.0,646.2607242295863,-63.260724229586344
529752,680.0,688.1563291106316,-8.156329110631646
529780,1230.0,1179.4490274361524,50.55097256384761
529944,435.0,698.3376463915545,-263.3376463915545
529964,1268.0,1088.7975167149948,179.2024832850052
530072,490.0,678.0182394480506,-188.01823944805062
530243,1180.0,1154.8948602782223,25.105139721777732
530348,893.0,986.4350590418208,-93.43505904182075
530474,860.0,1076.6973929082335,-216.6973929082335
530529,684.0,675.841538445874,8.158461554126006
530606,1255.0,1288.3575820828958,-33.35758208289576
530649,575.0,727.7650773838927,-152.76507738389273
530712,870.0,819.1180823277325,50.88191767226749
530759,700.0,763.3466618177657,-63.34666181776572
530913,1360.0,1299.068500244426,60.931499755573896
530924,863.0,1046.7129740090695,-183.7129740090695
531219,771.0,711.8142075264692,59.185792473530796
531395,850.0,718.6060510610336,131.39394893896645
531419,640.0,900.0446489898001,-260.04464898980007
531450,1060.0,1127.588530435726,-67.58853043572594
531522,690.0,704.0743976973042,-14.07439769730422
531549,904.0,1043.8500574466839,-139.85005744668388
531586,885.0,706.8271037045185,178.17289629548145
531617,690.0,697.7399163885057,-7.739916388505662
531700,900.0,1086.5733314209715,-186.5733314209715
531715,990.0,1085.9113140363588,-95.91131403635882
531718,590.0,652.8684687737554,-62.86846877375535
531724,545.0,673.5646324611752,-128.56463246117517
532091,545.0,705.4533349992977,-160.45333499929768
532095,1160.0,1053.6627578012713,106.33724219872875
532135,1055.0,1277.396100005568,-222.3961000055681
532173,470.0,764.986390504818,-294.986390504818
532178,730.0,609.8662188436435,120.13378115635646
532209,1025.0,1215.3900093815587,-190.39000938155868
532269,649.0,732.2824785756093,-83.28247857560928
532310,570.0,714.775758776594,-144.775758776594
532321,795.0,707.0767915422933,87.92320845770666
532626,545.0,651.1180978659905,-106.11809786599053
532729,680.0,664.8219327089329,15.178067291067123
532752,800.0,712.3867445986986,87.61325540130144
532893,610.0,1214.558864145946,-604.558864145946
532910,555.0,608.9556547651844,-53.95565476518436
532955,1425.0,1317.0910471156913,107.90895288430875
532996,1150.0,956.516613341529,193.48338665847098
533034,1075.0,1081.2038754138835,-6.203875413883452
533081,385.0,590.6157258381913,-205.61572583819134
533084,1230.0,1172.0646685435388,57.9353314564612
533137,575.0,698.0141617968849,-123.01416179688488
533212,1175.0,1275.7009403425611,-100.70094034256113
533262,1123.0,859.1961863871489,263.80381361285106
533341,1070.0,1267.9169981783064,-197.91699817830636
533437,890.0,1101.0235911922787,-211.02359119227867
533446,1144.0,1342.9563804054517,-198.95638040545168
533513,560.0,711.567573073329,-151.56757307332896
533698,1030.0,1167.0661749825877,-137.06617498258765
533786,363.0,1124.574091174627,-761.574091174627
533971,474.0,606.0846406736066,-132.0846406736066
533980,740.0,732.0112863697981,7.988713630201914
533981,407.0,517.1242378527714,-110.12423785277144
534215,595.0,1025.3303736571074,-430.33037365710743
534251,1130.0,1187.0174486474516,-57.0174486474516
534304,795.0,727.7108226453437,67.28917735465632
534389,860.0,1014.7825613351675,-154.78256133516754
534468,1330.0,1122.4032959904296,207.59670400957043
534504,920.0,1147.8856373264243,-227.88563732642433
534518,633.0,686.4433824462822,-53.44338244628216
534525,530.0,631.9931683899973,-101.99316838999732
534535,800.0,1115.853467355662,-315.8534673556619
534602,450.0,659.6074668070729,-209.6074668070729
534618,1385.0,1312.8672091667295,72.13279083327052
534739,1050.0,1179.1090039596984,-129.10900395969838
534773,1170.0,1138.5813991074504,31.418600892549648
534800,727.0,1022.6387424897833,-295.63874248978334
534877,1216.0,1049.8755564597989,166.12444354020113
534924,558.0,695.0571371394616,-137.0571371394616
534965,571.0,681.0389297570205,-110.03892975702047
534978,235.0,734.5954407515252,-499.5954407515252
535047,611.0,751.887992112971,-140.887992112971
535130,675.0,701.9983413666756,-26.998341366675618
535176,540.0,535.7514475463082,4.2485524536917865
535335,635.0,741.5314417376707,-106.53144173767066
535479,625.0,690.9426730817885,-65.94267308178848
535480,436.0,678.1666285845195,-242.16662858451946
535498,754.0,900.4175173822758,-146.41751738227583
535515,805.0,980.5985316988538,-175.59853169885378
535535,594.0,1107.5383719033487,-513.5383719033487
535576,860.0,980.0478670101203,-120.04786701012029
535586,705.0,1086.7892393140955,-381.78923931409554
535709,750.0,780.4298788342734,-30.42987883427338
535729,509.0,591.1326082339524,-82.1326082339524
535759,830.0,1115.4807804583752,-285.4807804583752
535778,430.0,854.9916209484286,-424.9916209484286
535852,895.0,1127.223421929403,-232.223421929403
535861,435.0,621.1656664727706,-186.16566647277057
535892,660.0,706.2049382097226,-46.20493820972263
535898,515.0,520.2318207204127,-5.2318207204126566
535920,1140.0,1089.4619561279314,50.538043872068556
535949,1215.0,1232.6042692664948,-17.60426926649484
536003,1100.0,1155.628296165989,-55.62829616598901
536214,1040.0,1256.1286916592449,-216.12869165924485
536224,525.0,647.674061675194,-122.67406167519403
536348,1320.0,1098.519416658005,221.48058334199504
536469,540.0,545.8517897472465,-5.851789747246471
536478,1055.0,1101.6659708365924,-46.66597083659235
536531,1290.0,1275.3148987694958,14.685101230504188
536674,1125.0,1210.0268306805606,-85.02683068056058
536743,904.0,929.7357273416551,-25.735727341655092
536756,256.0,682.8216622304233,-426.82166223042327
536821,1055.0,1137.8688798313844,-82.86887983138445
537026,780.0,943.0895839621834,-163.08958396218338
537289,1440.0,1301.4941047936654,138.50589520633457
537330,1266.0,1053.445420139261,212.55457986073907
537336,682.0,1000.972877095289,-318.97287709528905
537418,500.0,737.6438594537411,-237.64385945374113
537456,1110.0,1225.62774836196,-115.6277483619599
537478,580.0,717.3123891461208,-137.31238914612084
537503,440.0,675.1033903707175,-235.10339037071753
537562,1213.0,1158.756717457028,54.24328254297211
537733,1140.0,1171.300564961063,-31.300564961062946
537849,550.0,752.4535862108017,-202.45358621080175
537867,710.0,879.5614278814131,-169.56142788141312
537921,417.0,651.6381402774642,-234.63814027746423
538121,1055.0,1121.4568516098118,-66.45685160981179
538196,915.0,1124.587984797777,-209.58798479777693
538259,545.0,678.8787151725519,-133.8787151725519
538316,1605.0,1085.362318349199,519.6376816508009
538355,1340.0,1302.9265359622707,37.07346403772931
538375,925.0,1098.7180287984147,-173.7180287984147
538407,1170.0,1155.7926220223737,14.207377977626265
538413,735.0,704.4604358878998,30.53956411210015
538416,625.0,713.7958428073911,-88.79584280739107
538580,1130.0,1222.7635044159015,-92.76350441590148
538639,630.0,663.6163708860065,-33.61637088600651
538716,1240.0,1290.3746760456022,-50.3746760456022
538760,1000.0,1230.684162358535,-230.6841623585351
538784,995.0,994.0633231438402,0.9366768561598064
538832,423.0,657.9046822436306,-234.90468224363065
538865,545.0,672.3804087554865,-127.38040875548654
539058,1005.0,1086.5900490079036,-81.59004900790364
539075,1266.0,1167.310833213956,98.6891667860441
539091,987.0,997.7792345189205,-10.779234518920475
539114,1125.0,1106.216698078669,18.78330192133103
539117,680.0,691.4636801909411,-11.46368019094109
539168,749.0,1054.0370834113096,-305.0370834113096
539285,1070.0,1271.1540731243033,-201.1540731243033
539364,1058.0,1166.2686314075818,-108.26863140758178
539379,340.0,672.2610219911217,-332.26102199112165
539419,1080.0,1272.3596206449301,-192.35962064493015
539487,735.0,676.1880750713718,58.81192492862817
539517,1040.0,1107.3693143862477,-67.36931438624765
539539,545.0,720.0357817905056,-175.03578179050555
539552,1195.0,1101.9558614768189,93.04413852318112
539577,880.0,980.0692691047125,-100.06926910471248
539666,1050.0,1173.5787863990213,-123.57878639902128
539714,552.0,615.7383300747451,-63.738330074745136
539852,970.0,1161.8115400397523,-191.81154003975234
539870,1097.0,1106.7529490834252,-9.752949083425165
539880,1125.0,1129.0888066199566,-4.088806619956586
540068,1120.0,1252.5371647818204,-132.53716478182037
540250,1052.0,1177.3750944222154,-125.3750944222154
540285,780.0,1022.4962843997456,-242.4962843997456
540298,635.0,695.3440371278215,-60.34403712782148
540326,577.0,723.4433814429394,-146.44338144293943
540490,1054.0,1180.7910405129783,-126.79104051297827
540519,485.0,690.0696744305715,-205.06967443057147
540544,1000.0,1272.561107970937,-272.561107970937
540569,605.0,827.0108909964546,-222.01089099645458
540578,840.0,1120.9755772119033,-280.9755772119033
540586,1485.0,1157.4255612859486,327.57443871405144
540822,1280.0,1149.0446844134176,130.9553155865824
540850,965.0,1128.165865310424,-163.1658653104239
540976,783.0,1092.364917103207,-309.36491710320706
540998,425.0,620.9154968525988,-195.91549685259884
541013,1370.0,1172.47948748356,197.52051251644002
541110,715.0,1041.5746759859892,-326.5746759859892
541173,530.0,699.1908366368727,-169.19083663687275
541267,604.0,660.8530043401569,-56.85300434015687
541296,600.0,688.3312342294428,-88.33123422944277
541308,545.0,685.491316132814,-140.49131613281395
541570,880.0,1140.2286522108323,-260.22865221083225
541666,505.0,700.5610309903168,-195.5610309903168
541711,605.0,1025.3164669537928,-420.31646695379277
541857,1180.0,1193.7994426479406,-13.799442647940623
541858,815.0,871.9661304934396,-56.96613049343955
541889,720.0,1126.5297617477481,-406.5297617477481
542016,1080.0,1206.7790403841054,-126.77904038410543
542148,765.0,904.5368886203163,-139.5368886203163
542155,516.0,670.6112888982346,-154.61128889823465
542166,751.0,1088.0536762687898,-337.0536762687898
542368,830.0,760.6513448951492,69.34865510485076
542375,435.0,684.0460810479983,-249.0460810479983
542529,455.0,739.986722503689,-284.98672250368895
542664,980.0,1168.3757612881889,-188.37576128818887
542709,588.0,606.6953503518062,-18.695350351806155
542834,1090.0,996.8829578577846,93.11704214221538
542838,1240.0,1210.0099054365603,29.990094563439698
542863,1000.0,1239.46296032815,-239.46296032815007
542871,1200.0,1047.7121826598147,152.28781734018526
542889,601.0,680.8374315760977,-79.83743157609774
542893,550.0,1067.634013835266,-517.6340138352659
542939,755.0,720.6328000508205,34.36719994917951
542999,535.0,718.1501669580653,-183.15016695806526
543126,700.0,1070.4383081472354,-370.4383081472354
543159,530.0,628.3116272741008,-98.31162727410083
543294,1570.0,1254.46869108823,315.5313089117701
543298,940.0,914.1570276668654,25.84297233313464
543409,1220.0,1252.5343877560842,-32.53438775608424
543647,740.0,708.2121128248268,31.787887175173182
543655,540.0,729.6742360658671,-189.67423606586715
543801,636.0,662.8223115852031,-26.822311585203124
543802,1330.0,1151.070238928881,178.92976107111895
543861,655.0,686.3997909254546,-31.399790925454568
543904,585.0,621.4377602896183,-36.43776028961827
543969,452.0,608.4762215417948,-156.47622154179476
543974,535.0,737.3257090606363,-202.3257090606363
544234,470.0,745.4390038585432,-275.4390038585432
544317,950.0,1198.6888707929843,-248.6888707929843
544422,835.0,1288.70777764265,-453.70777764264994
544548,1325.0,1193.0150700547028,131.98492994529715
544637,738.0,1009.8281068455984,-271.8281068455984
544649,981.0,993.2455217120015,-12.245521712001505
544660,870.0,1163.0389510798818,-293.0389510798818
544686,840.0,627.1709442864249,212.82905571357514
544690,560.0,671.1181187948741,-111.11811879487414
544734,959.0,1103.3626886686945,-144.36268866869455
544812,1255.0,1255.6927866696306,-0.69278666963055
544889,838.0,1291.0559632273148,-453.0559632273148
544890,845.0,1116.3055085537087,-271.3055085537087
544931,1036.0,1093.4593619006803,-57.45936190068028
545299,806.0,1062.2963136068038,-256.2963136068038
545388,374.0,1015.6334356519345,-641.6334356519345
545411,830.0,890.1544125850077,-60.15441258500766
545592,620.0,702.3309125037684,-82.33091250376845
545632,485.0,659.5822391936625,-174.58223919366253
545641,1350.0,1285.1069112720354,64.8930887279646
545701,925.0,982.0742931194385,-57.074293119438494
545719,845.0,729.5505961552542,115.4494038447458
545753,1150.0,1086.7411381442776,63.258861855722444
545769,715.0,745.0544564029369,-30.05445640293692
545793,600.0,924.0808085092445,-324.08080850924455
546098,835.0,689.130428404437,145.869571595563
546116,1015.0,1211.305304435217,-196.30530443521707
546161,440.0,563.8324971618517,-123.83249716185173
546279,605.0,741.2710535327427,-136.2710535327427
546301,1325.0,1240.8888311859853,84.11116881401472
546327,1050.0,1108.2105719517147,-58.210571951714655
546328,1160.0,1065.9960616974868,94.00393830251323
546358,614.0,730.7874061736053,-116.78740617360529
546386,675.0,728.5433366778532,-53.543336677853176
546475,893.0,1105.5049436876388,-212.50494368763884
546498,722.0,1026.467505574531,-304.46750557453106
546500,560.0,685.7658385050672,-125.76583850506722
546709,553.0,718.8425951911149,-165.84259519111492
546747,640.0,693.0502559456456,-53.05025594564563
546818,1279.0,1088.0842711631535,190.91572883684648
546833,1270.0,1281.7712885526753,-11.771288552675287
546846,375.0,652.0963281124133,-277.0963281124133
547176,765.0,992.2351400667949,-227.23514006679488
547184,555.0,1018.6893664669085,-463.6893664669085
547219,1020.0,1245.3278434332954,-225.32784343329536
547259,752.0,692.7745937827307,59.225406217269324
547346,1356.0,1231.763947342269,124.23605265773108
547365,875.0,1027.409572922105,-152.4095729221051
547504,605.0,909.280271423347,-304.280271423347
547563,840.0,869.4163757975552,-29.416375797555247
547796,870.0,1056.6628976849825,-186.66289768498245
547829,1252.0,1071.8644350318773,180.1355649681227
547855,415.0,721.8354895797793,-306.8354895797793
547870,975.0,1241.643824279278,-266.6438242792781
547882,830.0,1095.8769958176792,-265.87699581767924
547962,1000.0,949.8170643535069,50.18293564649309
547975,550.0,553.612436729871,-3.6124367298709785
548103,1018.0,1141.1254779910644,-123.12547799106437
548110,1205.0,1185.2554132079945,19.74458679200552
548311,450.0,545.1642416675795,-95.16424166757952
548313,695.0,730.9402639913063,-35.940263991306324
548326,1035.0,1128.427014170068,-93.4270141700681
548379,1285.0,1171.1435534472703,113.85644655272972
548391,530.0,692.7103468832553,-162.71034688325528
548445,1455.0,1222.6673177099049,232.33268229009514
548463,830.0,1138.7644671141536,-308.7644671141536
548607,540.0,693.0705040083486,-153.07050400834862
548653,445.0,648.2989266452545,-203.29892664525448
548677,540.0,687.6830385465197,-147.6830385465197
548723,380.0,703.4913467967781,-323.4913467967781
548737,860.0,1284.0997305295016,-424.0997305295016
548912,965.0,1056.9427561684647,-91.94275616846471
549051,925.0,1037.1599388932443,-112.15993889324432
549613,675.0,668.8930132704442,6.106986729555842
549647,725.0,680.2043450173275,44.795654982672545
549684,1190.0,1270.0445686451937,-80.04456864519375
549748,630.0,707.3595887541419,-77.3595887541419
549991,531.0,705.6551773871608,-174.65517738716085
550055,745.0,1215.1062247271939,-470.1062247271939
550190,1113.0,1048.1612572206636,64.83874277933637
550394,937.0,1180.5036177227335,-243.50361772273345
550435,1090.0,1108.1954013047364,-18.19540130473638
550449,1080.0,1224.3639845148587,-144.36398451485866
550476,1065.0,1262.511724497615,-197.51172449761498
550491,815.0,983.1136719229589,-168.11367192295893
550562,430.0,616.5028755588639,-186.50287555886393
550681,1180.0,1258.1274986568644,-78.12749865686442
550689,1135.0,1074.893962959581,60.106037040419096
550900,710.0,1176.4408797295278,-466.44087972952775
550956,495.0,536.9893325353842,-41.989332535384165
551139,816.0,1205.2674134198369,-389.2674134198369
551176,950.0,1125.3894107170306,-175.38941071703061
551249,575.0,693.9710324427813,-118.97103244278128
551318,1075.0,1225.4901542152081,-150.49015421520812
551378,675.0,704.3632382942255,-29.36323829422554
551402,910.0,1258.3874779741873,-348.3874779741873
551484,990.0,1147.2896158250153,-157.2896158250153
551491,615.0,568.2110197342333,46.78898026576667
551506,1085.0,1060.441085626086,24.55891437391392
551936,776.0,965.8634288345336,-189.86342883453358
551964,465.0,676.4471242592912,-211.44712425929117
552001,808.0,739.0460536607239,68.95394633927606
552119,510.0,917.934201509117,-407.934201509117
552341,705.0,1192.513097030896,-487.513097030896
552390,595.0,734.8297785469259,-139.82977854692592
552413,683.0,678.8825649950305,4.1174350049694795
552442,1140.0,1227.5021086920615,-87.50210869206148
552478,1360.0,1266.6665052154794,93.33349478452055
552610,766.0,1086.207895112979,-320.20789511297903
552652,1240.0,1190.803132305829,49.19686769417103
552689,595.0,615.0776045749496,-20.077604574949646
552724,1180.0,1280.049310970643,-100.04931097064309
552784,1434.0,1122.1085326957163,311.89146730428365
552859,1195.0,1289.5658621966113,-94.5658621966113
552965,560.0,686.4454937475642,-126.44549374756423
553148,470.0,679.2344063727182,-209.23440637271824
553150,1170.0,1082.4795881191317,87.52041188086832
553178,565.0,682.5083709648137,-117.50837096481371
553182,859.0,921.7138935573436,-62.71389355734357
553193,500.0,671.6567315551158,-171.6567315551158
553212,1025.0,1080.1993643169494,-55.19936431694941
553513,930.0,1148.3134247222185,-218.31342472221854
553540,967.0,1130.6558161287635,-163.6558161287635
553567,425.0,529.3927445877274,-104.3927445877274
553656,1060.0,1103.880293725777,-43.88029372577694
553682,1020.0,1043.2690063040186,-23.269006304018603
553700,900.0,927.942822580706,-27.94282258070598
553729,1215.0,1029.5076596621893,185.49234033781067
553817,1080.0,1088.861349488044,-8.86134948804397
553984,530.0,607.1183480337185,-77.11834803371846
554027,590.0,657.4850010277798,-67.48500102777984
554038,495.0,770.3741211720978,-275.37412117209783
554116,805.0,723.4552098828098,81.54479011719025
554201,580.0,699.7849797056779,-119.78497970567787
554393,1205.0,1046.9695928564715,158.03040714352846
554411,545.0,689.4177272754432,-144.4177272754432
554641,563.0,688.6472227282766,-125.64722272827657
554697,1360.0,1126.6385695967474,233.3614304032526
554757,625.0,727.6119768818628,-102.6119768818628
554857,555.0,702.6509725614783,-147.65097256147828
555182,965.0,1045.1999646964346,-80.19996469643456
555239,890.0,1202.1886532706446,-312.18865327064464
555253,576.0,604.0221751977264,-28.02217519772637
555294,1225.0,1107.3879116652517,117.61208833474825
555364,600.0,529.3848276302265,70.61517236977352
555365,1020.0,1034.059369214368,-14.059369214367962
555431,412.0,617.2731632571401,-205.27316325714014
555728,946.0,1148.102010989736,-202.10201098973607
555839,1146.0,1071.633725529089,74.3662744709111
556103,937.0,1268.1571563201405,-331.15715632014053
556409,432.0,557.9865048658125,-125.98650486581255
556661,841.0,956.0575077668643,-115.05750776686432
556929,940.0,1214.1735550216345,-274.17355502163446
556973,1410.0,1275.8568390304688,134.1431609695312
556986,285.0,716.6001574269914,-431.60015742699136
557123,1500.0,1321.9304401564534,178.06955984354659
557187,1155.0,1207.1435839007813,-52.14358390078132
557189,1310.0,1276.4278170476546,33.57218295234543
557298,625.0,726.5337850590279,-101.53378505902788
557532,1020.0,1154.2537503917067,-134.25375039170672
557636,625.0,714.0005339681626,-89.00053396816259
557651,915.0,1033.350084095052,-118.3500840950519
557671,1020.0,1153.6640585033542,-133.66405850335423
557819,970.0,1160.4571815670374,-190.45718156703742
557823,680.0,700.7919049701502,-20.7919049701502
557896,490.0,605.0099607596992,-115.0099607596992
558108,1130.0,1060.8230569327807,69.17694306721933
558151,1200.0,1226.7912454250684,-26.791245425068382
558193,640.0,648.5713115167841,-8.571311516784135
558276,1135.0,1116.7040263665951,18.295973633404856
558304,1000.0,1102.0137854092056,-102.01378540920564
558337,940.0,1092.0715475934176,-152.07154759341756
558466,440.0,695.9255634436734,-255.92556344367335
558482,1140.0,1155.1483732253948,-15.148373225394835
558596,617.0,718.9759005491561,-101.97590054915611
558678,853.0,1190.4683687150327,-337.46836871503274
558708,335.0,608.894561854022,-273.89456185402196
558856,1160.0,1029.0809965096819,130.91900349031812
559070,565.0,747.1753549784289,-182.1753549784289
559097,845.0,968.660494875631,-123.660494875631
559155,840.0,1308.955105963719,-468.955105963719
559226,865.0,1053.1515422554405,-188.15154225544052
559453,870.0,1071.5386163759626,-201.53861637596265
559494,543.0,602.1276387480514,-59.12763874805137
559743,1150.0,1201.7191934794557,-51.719193479455726
559760,750.0,969.4593273325951,-219.45932733259508
559828,1020.0,977.7697085479899,42.23029145201008
559837,495.0,590.1699489575108,-95.16994895751077
559851,474.0,702.498013807907,-228.498013807907
559885,880.0,1217.1348708588303,-337.13487085883025
560013,755.0,1135.5787716996817,-380.57877169968174
560115,493.0,629.3308156741017,-136.3308156741017
560143,680.0,654.4788805144012,25.521119485598774
560182,970.0,1177.8933013284798,-207.89330132847977
560221,1257.0,1079.7403697546256,177.2596302453744
560247,985.0,1135.203091147276,-150.20309114727593
560269,1455.0,1332.3565023982114,122.64349760178857
560410,400.0,716.7948672384452,-316.79486723844525
560440,1005.0,1151.368353233113,-146.3683532331131
560473,412.0,673.0030968821156,-261.00309688211564
560478,1355.0,1030.7201557591684,324.2798442408316
560548,785.0,954.3415364599792,-169.34153645997924
560674,860.0,1143.8621962479833,-283.8621962479833
560722,1385.0,1287.852834429673,97.14716557032693
560830,465.0,733.9570729349989,-268.9570729349989
561111,530.0,737.3214357915233,-207.3214357915233
561138,640.0,699.1908366368727,-59.190836636872746
561153,672.0,655.7648912289972,16.235108771002842
561490,940.0,738.794138739851,201.20586126014905
561670,319.0,691.0394734863096,-372.0394734863096
561672,725.0,713.8159501981735,11.184049801826518
561698,500.0,707.0767915422933,-207.07679154229334
561717,605.0,714.8844006377444,-109.88440063774442
561730,1075.0,1226.1251415482,-151.12514154819996
561823,460.0,978.2662016191869,-518.2662016191869
561831,820.0,934.1271277381361,-114.1271277381361
561858,630.0,679.4650274135082,-49.46502741350821
561884,700.0,682.7753721748278,17.224627825172206
562004,1030.0,1062.9585281706836,-32.95852817068362
562160,1000.0,1084.6426029060508,-84.6426029060508
562272,360.0,650.1851975722983,-290.1851975722983
562283,582.0,767.2617762272504,-185.26177622725038
562457,620.0,624.8421779981771,-4.842177998177135
562504,1265.0,1134.9197856180203,130.08021438197966
562687,1050.0,1206.8372605970735,-156.8372605970735
562772,705.0,743.3746776731599,-38.37467767315991
562849,640.0,707.7958844225018,-67.79588442250179
563064,1210.0,1103.141826259916,106.85817374008411
563404,660.0,1200.5613795712059,-540.5613795712059
563437,1101.0,1245.4523174524368,-144.45231745243677
563458,780.0,809.7931618529993,-29.793161852999333
563472,970.0,1168.4601332871623,-198.4601332871623
563501,821.0,996.3246272674417,-175.32462726744166
563632,531.0,697.723009318162,-166.72300931816198
563769,645.0,1270.6851975527761,-625.6851975527761
563793,1091.0,1264.917613291946,-173.91761329194605
563863,981.0,999.3183156637997,-18.318315663799694
563882,1170.0,1168.1116541651627,1.8883458348373097
563911,960.0,1028.1620475714258,-68.16204757142577
564173,860.0,1010.1965976985243,-150.19659769852433
564246,930.0,1118.6439354648217,-188.64393546482165
564283,555.0,658.503010649722,-103.503010649722
564645,1135.0,1107.8664037928693,27.133596207130722
564726,500.0,713.853664471076,-213.85366447107594
564840,705.0,664.1994476076355,40.800552392364466
564850,855.0,1074.0291191189856,-219.0291191189856
564854,890.0,748.7402272322196,141.25977276778042
564866,790.0,1192.9761303992218,-402.9761303992218
564944,590.0,575.9635389294567,14.036461070543282
564982,615.0,698.1582177356702,-83.15821773567018
565108,500.0,856.3902719719355,-356.3902719719355
565138,861.0,926.7096583831882,-65.70965838318818
565185,590.0,648.6454149299647,-58.64541492996466
565282,1070.0,1147.9882910430838,-77.98829104308379
565461,520.0,753.8904708984468,-233.89047089844678
565485,545.0,576.9126963662255,-31.912696366225532
565492,760.0,747.9848645295906,12.015135470409405
565550,510.0,657.1867370691627,-147.18673706916275
565651,1160.0,1246.8646480352265,-86.86464803522654
565731,660.0,729.9443787204272,-69.94437872042715
565802,1024.0,1149.553958080327,-125.55395808032699
565894,760.0,707.9278339967926,52.07216600320737
565939,1155.0,1263.0686853110421,-108.06868531104215
565942,252.0,526.5782603352029,-274.5782603352029
565982,1055.0,1114.7442978562426,-59.74429785624261
566131,1240.0,1071.3514189221466,168.64858107785335
566220,970.0,1181.199235226462,-211.19923522646195
566233,870.0,1136.5933026803777,-266.59330268037775
566300,1010.0,1231.0481384654313,-221.0481384654313
566342,780.0,1102.9483906926678,-322.9483906926678
566394,790.0,1093.3619357075183,-303.36193570751834
566664,871.0,1152.065798984081,-281.0657989840811
566674,840.0,1045.070608864243,-205.070608864243
566723,890.0,993.5110198423432,-103.51101984234322
567024,730.0,642.4907313198859,87.50926868011413
567119,540.0,647.5496552319848,-107.54965523198484
567148,685.0,893.4164235335176,-208.41642353351756
567193,960.0,1163.5129137935041,-203.51291379350414
567256,771.0,931.9642119921842,-160.96421199218423
567305,410.0,665.3028090024687,-255.30280900246873
567511,720.0,677.8983083162861,42.10169168371385
567583,960.0,1119.3319096567434,-159.3319096567434
567624,716.0,1042.597921606009,-326.5979216060091
567652,799.0,729.0307726939785,69.96922730602148
567992,911.0,1098.7030574527273,-187.7030574527273
568255,655.0,655.431441594692,-0.43144159469204624
568262,515.0,659.3602213661358,-144.36022136613576
568320,585.0,688.1786170500138,-103.17861705001383
568399,1405.0,1115.4698945679943,289.5301054320057
568515,920.0,1054.6249772900264,-134.62497729002644
568576,561.0,732.8483796007428,-171.84837960074276
568621,1110.0,1206.6922735372639,-96.69227353726387
568843,495.0,557.0890600909165,-62.08906009091652
568961,1075.0,1126.8480515337403,-51.84805153374032
569010,1400.0,1146.105956926638,253.8940430733619
569098,885.0,1049.8015744741804,-164.80157447418037
569134,485.0,705.8100406156472,-220.81004061564715
569378,842.0,1191.4732839204999,-349.47328392049985
569422,920.0,1115.3419642581666,-195.34196425816663
569454,1171.0,1087.10698820114,83.89301179886002
569488,1280.0,1286.2367250613204,-6.236725061320385
569601,1145.0,1263.3519872946088,-118.35198729460876
569707,775.0,1156.372302673131,-381.3723026731309
569767,716.0,1022.1256005378175,-306.1256005378175
569808,617.0,738.710111183203,-121.71011118320303
569861,740.0,962.0394306680608,-222.03943066806085
569947,490.0,1108.1280083228423,-618.1280083228423
570014,495.0,595.9515265596997,-100.95152655969969
570086,515.0,661.4768405436572,-146.4768405436572
570238,1010.0,1062.8198610728748,-52.8198610728748
570267,950.0,1073.0639476298968,-123.0639476298968
570381,590.0,613.6284700236516,-23.62847002365163
570465,820.0,862.9208076342445,-42.92080763424451
570575,810.0,1062.7605338137691,-252.76053381376914
570660,590.0,690.3520729332387,-100.35207293323867
570699,425.0,575.6897667014304,-150.68976670143036
570768,565.0,584.1590109790275,-19.15901097902747
570786,1065.0,1218.7428792532423,-153.74287925324234
570813,1465.0,1182.8194310107253,282.18056898927466
571132,920.0,1121.3801592454745,-201.3801592454745
571184,1300.0,1275.6690113282395,24.33098867176045
571258,735.0,958.3834550369464,-223.38345503694643
571302,1195.0,1251.8597107255218,-56.859710725521836
571346,538.0,618.3778727156591,-80.37787271565912
571536,1225.0,1130.109470590885,94.89052940911506
571544,595.0,687.9449746262004,-92.9449746262004
571600,505.0,705.9350225563943,-200.9350225563943
571606,820.0,724.5125512849112,95.48744871508882
571608,790.0,1163.3951001238331,-373.3951001238331
571738,1070.0,1267.4052203676815,-197.40522036768152
571909,530.0,680.5794522046785,-150.57945220467855
571917,1125.0,1210.7218630340392,-85.72186303403919
571999,1400.0,1150.8862751945767,249.11372480542332
572014,405.0,679.5000730473571,-274.5000730473571
572122,362.0,622.7650662156158,-260.7650662156158
572131,1058.0,1108.6885453660998,-50.68854536609979
572157,579.0,676.5841039667135,-97.58410396671354
572220,1140.0,1239.5379924457866,-99.53799244578659
572244,771.0,940.4552085766803,-169.45520857668032
572391,815.0,911.5419727244714,-96.5419727244714
572415,1040.0,992.581652622076,47.418347377923965
572505,683.0,729.865296333532,-46.865296333532
572674,1036.0,982.8284098540644,53.171590145935625
572718,867.0,1016.5051108649627,-149.50511086496272
572854,1158.0,1293.2711824497583,-135.27118244975827
572919,889.0,876.5824542092417,12.417545790758254
573008,926.0,895.5058416412343,30.49415835876573
573067,965.0,1020.5233464043506,-55.523346404350605
573080,1263.0,1175.921042349365,87.07895765063495
573129,1035.0,1222.8406398477157,-187.8406398477157
573290,502.0,659.1761141380464,-157.1761141380464
573341,893.0,1100.3341067847664,-207.3341067847664
573363,760.0,1090.276540333194,-330.2765403331939
573817,655.0,708.0232726519307,-53.02327265193071
573967,1310.0,1266.7152455118166,43.28475448818335
573977,1190.0,1155.9319428082113,34.06805719178874
574053,815.0,691.6618515701963,123.33814842980371
574079,290.0,655.4007334872894,-365.40073348728936
574097,1020.0,1029.3377780937458,-9.337778093745783
574115,505.0,676.6115122170661,-171.6115122170661
574247,528.0,675.0087899549679,-147.00878995496794
574454,675.0,659.7125616581664,15.28743834183365
574510,617.0,630.320054730112,-13.32005473011202
574548,1095.0,1042.697956970509,52.30204302949096
574741,575.0,650.6769001638195,-75.67690016381948
574759,1350.0,1240.9236351648585,109.07636483514148
574765,1225.0,1178.3658671717085,46.63413282829151
574858,830.0,1004.4016351525293,-174.40163515252925
574918,705.0,1103.145242564183,-398.14524256418304
575226,965.0,1144.4642018531774,-179.46420185317743
575237,740.0,1022.3270760247755,-282.32707602477547
575419,1065.0,1155.9655385130548,-90.96553851305475
575750,650.0,661.2455004322921,-11.245500432292147
575859,985.0,1153.5479290137723,-168.54792901377232
575899,948.0,1215.8177809534238,-267.81778095342383
575958,616.0,602.5000415734506,13.49995842654937
576067,960.0,1096.0184755242221,-136.01847552422214
576081,860.0,1140.9230105077984,-280.9230105077984
576091,1130.0,1272.8860155578473,-142.88601555784726
576165,638.0,971.0041901454698,-333.0041901454698
576174,795.0,1211.7474380264166,-416.7474380264166
576196,671.0,682.4251231334252,-11.425123133425245
576249,525.0,663.013508322199,-138.01350832219896
576253,1060.0,1080.571893414632,-20.571893414632086
576270,790.0,754.4550965301469,35.544903469853125
576305,1215.0,1138.1594850558422,76.8405149441578
576318,947.0,933.3972336361456,13.602766363854357
576331,725.0,744.200829931638,-19.200829931638054
576406,950.0,1180.8622088610368,-230.86220886103683
576422,595.0,705.4414249739298,-110.44142497392977
576425,1105.0,1322.052469575281,-217.05246957528107
576488,390.0,515.9659489709146,-125.96594897091461
576699,400.0,727.4096462274932,-327.4096462274932
576796,716.0,1097.8486607306354,-381.8486607306354
576832,390.0,691.9884376246051,-301.9884376246051
576834,655.0,737.7479794178381,-82.74797941783811
577104,1110.0,1161.2828740820469,-51.282874082046874
577154,460.0,750.0428367910704,-290.0428367910704
577421,1488.0,1115.9088915446912,372.0911084553088
577427,565.0,705.0866049897703,-140.0866049897703
577626,1200.0,1116.5987115952014,83.4012884047986
577744,760.0,734.263212117337,25.736787882662952
577806,950.0,933.2252708828134,16.774729117186553
577816,904.0,1113.9114595782653,-209.9114595782653
577832,860.0,1054.4455393960227,-194.4455393960227
577891,1010.0,1084.1610357198567,-74.16103571985673
577941,610.0,659.8745456882779,-49.87454568827786
578041,1040.0,1232.7981872439075,-192.79818724390748
578281,532.0,690.5664014417425,-158.56640144174253
578301,565.0,751.8866861282419,-186.88668612824188
578346,440.0,655.2423358480237,-215.24233584802369
578475,935.0,1010.5059738718165,-75.50597387181654
578641,654.0,621.2190872389855,32.78091276101452
578696,1240.0,1070.3778070971778,169.62219290282223
578924,860.0,1107.3810871208195,-247.38108712081953
578948,871.0,920.7095338271226,-49.70953382712264
578964,503.0,560.3749115911482,-57.37491159114825
579113,700.0,1024.3473477825235,-324.34734778252346
579172,620.0,723.1315283083018,-103.13152830830177
579253,935.0,1107.9664611920134,-172.9664611920134
579413,865.0,1150.7423293631332,-285.7423293631332
579499,480.0,695.3787223948563,-215.37872239485625
579828,902.0,1120.1701294175941,-218.17012941759413
579846,615.0,713.0690356440718,-98.06903564407185
579932,815.0,866.7743825775228,-51.77438257752283
580022,959.0,1076.3545012462296,-117.35450124622957
580283,465.0,551.1510225135488,-86.15102251354881
580348,960.0,953.5922553150853,6.407744684914746
580424,911.0,1118.4632037690903,-207.46320376909034
580516,932.0,1150.5911240543692,-218.59112405436917
580919,1210.0,1272.1687642462148,-62.16876424621478
580950,625.0,974.5097499441948,-349.5097499441948
581404,870.0,962.022600389966,-92.02260038996599
581874,920.0,1061.7425388317886,-141.74253883178858
581934,337.0,693.7465577585599,-356.7465577585599
582016,680.0,707.8494620518052,-27.849462051805176
582044,955.0,1077.69835427789,-122.69835427789008
582104,1091.0,1128.8369937209152,-37.83699372091519
582129,1080.0,1243.974756087574,-163.97475608757395
582203,610.0,723.4021909971318,-113.40219099713181
582225,1205.0,1173.8473994553694,31.15260054463056
582424,374.0,721.378388542026,-347.37838854202596
582502,710.0,719.5544627839084,-9.554462783908434
582506,520.0,656.6750451550256,-136.6750451550256
582602,735.0,825.3277601667694,-90.3277601667694
582701,810.0,707.9229033918907,102.07709660810929
582889,1075.0,1045.1665847778168,29.83341522218325
583128,870.0,957.8099123247777,-87.80991232477766
583358,1050.0,1273.3653693780122,-223.36536937801225
583442,980.0,1223.332161711185,-243.3321617111851
583484,907.0,1071.2294467988495,-164.2294467988495
583514,370.0,715.518861773655,-345.518861773655
583521,790.0,700.4610863620619,89.5389136379381
583585,840.0,1164.135001562067,-324.1350015620669
583759,1185.0,1031.1504052450177,153.84959475498226
583770,520.0,709.995993303543,-189.99599330354295
583906,765.0,930.056744425821,-165.05674442582097
583966,521.0,739.2330489507559,-218.23304895075592
584204,1100.0,1173.9494756285164,-73.94947562851644
584350,1146.0,897.5425248546474,248.45747514535265
584361,1190.0,1344.3701008156172,-154.3701008156172
584447,930.0,1265.1959112420768,-335.1959112420768
584837,955.0,1078.2328794245605,-123.23287942456045
584838,1075.0,1276.6084105532277,-201.6084105532277
584852,1315.0,1217.2653814583539,97.73461854164611
584907,1100.0,1136.0218455145027,-36.02184551450273
585055,1310.0,1326.8726974130807,-16.872697413080687
585091,1125.0,1271.7957254060414,-146.79572540604136
585099,620.0,739.0807094214125,-119.08070942141251
585232,865.0,1109.8336486410697,-244.83364864106966
585247,1155.0,1240.6840213251305,-85.68402132513052
585254,1030.0,1064.0246834169782,-34.02468341697818
585653,893.0,924.742695101446,-31.742695101445975
585669,905.0,1062.9148617919955,-157.91486179199546
585684,960.0,1161.6331018026926,-201.63310180269264
585792,498.0,659.7829665303035,-161.7829665303035
585892,780.0,1154.0385991890487,-374.0385991890487
585923,546.0,570.9002075584293,-24.900207558429315
586188,816.0,1072.0615042122813,-256.0615042122813
586396,915.0,963.9784451718727,-48.97844517187275
586502,701.0,1087.7841917274102,-386.7841917274102
586512,585.0,692.4242546139046,-107.42425461390462
586532,637.0,682.7049895850228,-45.70498958502276
586600,783.0,960.9602824010373,-177.96028240103726
586739,313.0,715.5155435411812,-402.51554354118116
586819,1060.0,1313.007822908908,-253.0078229089081
586972,1020.0,1195.068648044532,-175.06864804453198
587082,955.0,1261.509026905977,-306.50902690597695
587104,1036.0,974.8381266359423,61.16187336405767
587146,871.0,1146.8051504370776,-275.8051504370776
587156,675.0,746.7825825711245,-71.78258257112452
587219,1082.0,1132.4442426880516,-50.444242688051645
587266,563.0,709.8202633703546,-146.8202633703546
587556,1138.0,1084.031921890674,53.968078109325916
587639,1160.0,1157.2349174183885,2.765082581611523
587734,1015.0,1205.250483059297,-190.25048305929704
587816,1675.0,1181.0539354966493,493.9460645033507
587834,655.0,694.3795976199194,-39.37959761991942
587863,655.0,749.6615182633625,-94.6615182633625
587872,826.0,897.9186057059665,-71.91860570596646
587939,493.0,596.6689978214475,-103.66899782144753
587970,390.0,604.5995841110732,-214.59958411107323
588189,635.0,1018.6274646302403,-383.6274646302403
588312,756.0,698.3281906978742,57.67180930212578
588571,600.0,724.7780605165253,-124.77806051652533
588641,545.0,702.8417079842375,-157.84170798423747
588728,437.0,732.5734562016321,-295.5734562016321
588783,515.0,1227.007213348008,-712.007213348008
588842,1091.0,913.5005456005476,177.49945439945236
588857,735.0,1042.194566914948,-307.1945669149479
589000,1120.0,1124.8406468262751,-4.840646826275133
589076,1140.0,1144.8398569264266,-4.839856926426592
589227,1160.0,1285.874787288265,-125.874787288265
589314,1014.0,1021.0436696279888,-7.043669627988834
589456,635.0,1116.495801195361,-481.4958011953611
589507,790.0,1241.761541603443,-451.761541603443
589814,560.0,634.4519667802206,-74.45196678022057
589906,570.0,582.821702985956,-12.821702985955994
589958,915.0,1218.2130755823307,-303.2130755823307
590055,1340.0,1223.0163230622143,116.98367693778573
590071,840.0,1004.9562116833436,-164.95621168334355
590095,636.0,702.0999435822558,-66.09994358225583
590126,324.0,975.5883924511887,-651.5883924511887
590228,585.0,721.4938546332005,-136.4938546332005
590235,575.0,686.7971143539672,-111.79711435396723
590297,1150.0,1236.5980731777709,-86.59807317777086
590316,740.0,1186.0843881341107,-446.08438813411067
590562,705.0,1223.3767127222527,-518.3767127222527
590573,1485.0,1285.5517838794226,199.4482161205774
590589,460.0,689.8638362461212,-229.8638362461212
590671,572.0,662.0899903537938,-90.08999035379384
590677,990.0,1138.9941319623958,-148.99413196239584
590812,1085.0,1262.2653754631576,-177.26537546315762
591514,1000.0,1058.9291351364516,-58.92913513645158
591697,920.0,1098.0760016135255,-178.07600161352548
591708,1030.0,1183.5739592667494,-153.5739592667494
591749,550.0,586.2948482644173,-36.29484826441728
591905,570.0,718.3863586885586,-148.38635868855863
591940,910.0,1069.4293340482411,-159.42933404824112
592167,420.0,731.0099818270105,-311.0099818270105
592184,1190.0,1283.6321623117199,-93.63216231171987
592417,1187.0,1171.3088815151732,15.691118484826802
592477,1080.0,1177.0102714045136,-97.01027140451356
592532,760.0,905.1128590701751,-145.1128590701751
592548,1160.0,1113.42354189997,46.576458100030095
592613,685.0,720.6064806452002,-35.606480645200236
592667,842.0,1086.7486505487575,-244.7486505487575
592787,500.0,629.4540205483147,-129.4540205483147
592820,780.0,704.9479736630508,75.05202633694921
592883,1143.0,1270.572001424455,-127.57200142445504
593044,1420.0,1236.257383335829,183.742616664171
593084,838.0,1112.9420755939886,-274.94207559398865
593105,860.0,1270.4274984055505,-410.4274984055505
593233,870.0,1099.9813899719586,-229.9813899719586
593309,720.0,667.1872135022109,52.81278649778915
593493,840.0,665.7052338885078,174.2947661114922
593528,880.0,1083.4436456060052,-203.44364560600525
593593,395.0,629.0859982183632,-234.08599821836322
593835,694.0,897.4729612544224,-203.47296125442244
594018,770.0,1087.3260875472192,-317.32608754721923
594218,1050.0,1125.9627297992329,-75.96272979923287
594355,790.0,875.1018062647871,-85.10180626478711
594517,1047.0,1258.5319135846166,-211.53191358461663
594691,630.0,649.8603489414712,-19.860348941471216
594838,937.0,1158.5227163066822,-221.52271630668224
594978,450.0,595.6780170982531,-145.67801709825312
595168,1201.0,1277.666383395112,-76.666383395112
595228,530.0,733.9328135258563,-203.93281352585632
595514,774.0,988.8239554182152,-214.82395541821518
595670,1050.0,1010.4419794408476,39.558020559152396
595698,1515.0,1226.930267830165,288.0697321698351
595862,875.0,1041.0709328911728,-166.0709328911728
595894,495.0,702.6963464740118,-207.69634647401176
595986,1115.0,1213.2654950751696,-98.26549507516961
596084,790.0,947.4441574905742,-157.44415749057418
596375,966.0,1144.9704480691187,-178.97044806911867
596528,560.0,665.2418919294633,-105.24189192946335
596549,500.0,683.3470569274293,-183.34705692742932
596798,510.0,743.900448431962,-233.900448431962
596814,1320.0,1220.9677145163196,99.03228548368043
596992,1015.0,1266.0672806141197,-251.06728061411968
597022,535.0,622.6493537564907,-87.64935375649065
597225,625.0,563.3200384234934,61.67996157650657
597242,557.0,702.9841633796426,-145.9841633796426
597326,631.0,665.4011652558349,-34.40116525583494
597381,1131.0,1136.7152039215723,-5.715203921572311
597529,1240.0,1108.4307788747597,131.56922112524035
597670,1230.0,1292.3688534249661,-62.36885342496612
598036,1095.0,1031.4664367058106,63.533563294189435
598150,1135.0,1158.2517514889414,-23.25175148894141
598700,979.0,1103.2969851422415,-124.29698514224151
598764,465.0,611.3778901100745,-146.37789011007453
598856,845.0,1226.2048908149716,-381.2048908149716
598921,1340.0,1250.8492211368102,89.15077886318977
599257,590.0,625.1175169231342,-35.11751692313419
599315,495.0,692.3798544964858,-197.3798544964858
599356,1045.0,1076.364256853301,-31.364256853300958
599472,990.0,1153.6967767166382,-163.69677671663817
599499,1110.0,1049.6112958718936,60.38870412810638
599638,628.0,703.1456037731961,-75.14560377319606
599657,555.0,584.7564408167314,-29.756440816731356
600168,450.0,643.6790764203002,-193.67907642030025
600183,1020.0,1274.2646336489358,-254.26463364893584
600250,985.0,1177.9268457822557,-192.92684578225567
600816,495.0,566.4977805179591,-71.49778051795909
600879,1510.0,1152.2853747595975,357.7146252404025
600932,805.0,653.4182752400594,151.58172475994058
600981,545.0,689.4228609149849,-144.42286091498488
601054,890.0,1151.0568973428988,-261.05689734289876
601121,1075.0,1105.0206608018368,-30.02066080183681
601183,1130.0,985.4936161505642,144.5063838494358
601309,915.0,1045.0521020131591,-130.05210201315913
601346,1235.0,1109.5318523018102,125.4681476981898
601512,620.0,679.4888933730421,-59.48889337304206
602034,545.0,689.900592273679,-144.90059227367897
602186,650.0,917.3488292680823,-267.34882926808234
602753,1520.0,1120.8797794488187,399.1202205511813
602796,1046.0,1070.3778070971778,-24.377807097177765
602961,1100.0,989.417857550279,110.582142449721
603040,420.0,567.3909274905692,-147.3909274905692
603117,497.0,699.604135516043,-202.60413551604302
603543,558.0,751.1727003462032,-193.17270034620321
603552,1325.0,1297.6472667601017,27.35273323989827
603557,1400.0,1245.8455709291927,154.15442907080728
603683,548.0,619.7723150514956,-71.77231505149564
603733,600.0,730.7677375522975,-130.7677375522975
603942,965.0,1078.4016941083528,-113.40169410835279
603986,1205.0,1248.0468370479969,-43.04683704799686
604080,580.0,695.8064986009828,-115.80649860098276
604168,766.0,977.095789906073,-211.09578990607304
604342,995.0,1136.9691261269345,-141.9691261269345
604475,520.0,693.6582819114906,-173.65828191149058
604666,590.0,685.2774380128783,-95.27743801287829
604699,904.0,1116.137188372876,-212.13718837287593
604982,1102.0,1319.2988070485276,-217.29880704852758
605232,669.0,517.6898807823759,151.3101192176241
605385,694.0,834.8160049258748,-140.81600492587484
605389,506.0,651.840492764782,-145.84049276478197
605649,860.0,589.3531968377268,270.64680316227316
605723,1140.0,1146.727063076934,-6.727063076933973
605810,795.0,1182.231161867295,-387.231161867295
605915,520.0,574.1579874404721,-54.157987440472084
606039,845.0,1027.2101378020716,-182.21013780207159
606183,1170.0,1293.0227706907963,-123.02277069079628
606395,1205.0,1233.2604757893992,-28.260475789399152
606481,855.0,1106.9409368828199,-251.94093688281987
606509,930.0,1060.2623146816898,-130.26231468168976
606558,443.0,733.1601439441084,-290.1601439441084
606835,860.0,1011.5099749812304,-151.50997498123036
606933,1320.0,1222.8750880639604,97.12491193603955
606979,715.0,730.9728239373886,-15.972823937388625
607127,510.0,609.5910459868848,-99.59104598688475
607315,1050.0,1132.0583094000065,-82.05830940000646
607462,773.0,714.7102513447372,58.28974865526277
607470,1285.0,1314.8967252891425,-29.896725289142523
607489,640.0,750.6921450150508,-110.69214501505076
607512,1295.0,1150.6343014847027,144.36569851529725
607583,1094.0,1058.3299242433736,35.670075756626375
607637,700.0,729.8450445529633,-29.84504455296326
607761,415.0,595.525945069056,-180.52594506905598
607869,805.0,1010.9301928748712,-205.93019287487118
607890,480.0,653.0934117608658,-173.09341176086582
607910,1050.0,1258.5986251229124,-208.59862512291238
608006,420.0,702.4328098827839,-282.4328098827839
608127,675.0,774.4186711439943,-99.41867114399429
608213,990.0,1186.5596377331808,-196.5596377331808
608689,500.0,653.7739236362086,-153.77392363620856
608738,655.0,595.2320118571874,59.767988142812555
609252,860.0,886.8500298363541,-26.85002983635411
609373,580.0,809.8928736173885,-229.89287361738855
609519,465.0,658.5653222083273,-193.5653222083273
609590,1045.0,1128.9898388263118,-83.98983882631182
609633,959.0,970.0619963109551,-11.061996310955124
609649,540.0,703.1732043396582,-163.17320433965824
610376,474.0,693.1270651724676,-219.1270651724676
610635,915.0,1206.2032828502327,-291.20328285023265
611002,590.0,701.2113154860059,-111.2113154860059
611059,650.0,1095.2042544607257,-445.2042544607257
611117,1030.0,1054.1736378203934,-24.173637820393424
611287,484.0,685.6499488715891,-201.64994887158912
611438,953.0,1201.6650017033605,-248.66500170336053
611462,475.0,570.925547845377,-95.92554784537697
611747,925.0,1034.8173722430429,-109.81737224304288
611775,1025.0,1257.5304883754159,-232.53048837541587
611972,1000.0,998.6994525583477,1.3005474416522702
612111,635.0,717.4058158057311,-82.4058158057311
612152,725.0,1137.8839411526858,-412.8839411526858
612154,720.0,1197.724949382821,-477.724949382821
612213,610.0,1107.4134943650597,-497.4134943650597
612277,885.0,1154.4948307032987,-269.4948307032987
612736,585.0,686.98628959828,-101.98628959828
612759,855.0,941.0078677887014,-86.00786778870145
612875,550.0,673.1089842550522,-123.10898425505218
613045,1344.0,1290.840084697646,53.159915302353966
613078,995.0,1092.8254499401214,-97.82544994012142
613171,436.0,709.6834148102109,-273.68341481021093
613226,545.0,639.7905905824913,-94.79059058249129
613270,855.0,986.9606581108524,-131.96065811085236
613466,840.0,1226.097770340086,-386.0977703400861
613475,930.0,1028.3276190377187,-98.3276190377187
613883,680.0,1021.7559844986466,-341.7559844986466
614413,1124.0,686.1820840919261,437.8179159080739
614559,1110.0,1127.8147729112504,-17.81477291125043
614877,948.0,703.4678552968355,244.53214470316448
615299,695.0,685.8490181861539,9.150981813846101
615559,350.0,715.3845317069979,-365.3845317069979
615572,705.0,718.8241279349965,-13.824127934996454
615800,580.0,698.6960361060601,-118.69603610606009
616015,1001.0,1139.104637582217,-138.10463758221704
616024,1069.0,1170.6729005485329,-101.67290054853288
616045,670.0,716.0351306675661,-46.035130667566136
616077,660.0,643.2808920027583,16.719107997241736
616162,950.0,1101.8837385562283,-151.8837385562283
616343,1690.0,1242.5050445828147,447.49495541718534
616390,596.0,756.7789174315668,-160.7789174315668
616412,950.0,1049.9647629900996,-99.96476299009964
616428,1435.0,1261.2655223730553,173.73447762694468
616516,875.0,951.9060433117452,-76.90604331174518
616525,1230.0,1119.2161751479769,110.78382485202314
617087,1497.0,1131.5563230252208,365.44367697477924
617088,580.0,729.0208040385332,-149.02080403853324
617571,600.0,740.8828580010913,-140.88285800109134
617906,830.0,1029.6463921525342,-199.6463921525342
617914,451.0,663.722915017244,-212.72291501724396
617969,970.0,1077.7936914831032,-107.7936914831032
618331,572.0,710.4307631051616,-138.43076310516165
618354,1000.0,1191.2527779550346,-191.25277795503462
618637,550.0,714.6672749118873,-164.66727491188726
618737,403.0,599.3405089003116,-196.34050890031165
618773,1217.0,1120.5766259793934,96.42337402060662
618844,905.0,1080.5093067442115,-175.50930674421147
618929,1040.0,960.1817684922916,79.81823150770845
618973,1275.0,1151.4652571839833,123.53474281601666
619033,900.0,1027.1605991442261,-127.16059914422613
619035,1140.0,1121.8721961207634,18.12780387923658
619040,690.0,723.4668931567061,-33.46689315670608
619220,375.0,672.4075214962833,-297.40752149628327
619243,973.0,1067.809367190516,-94.80936719051601
619251,1320.0,1105.9265673951165,214.07343260488346
619382,845.0,1085.0270335967919,-240.02703359679185
619402,1280.0,1157.29973485844,122.70026514156007
619504,472.0,700.3089432874085,-228.3089432874085
619758,1005.0,1046.423967350455,-41.42396735045509
620204,775.0,1173.9451204124698,-398.9451204124698
620217,680.0,651.9349149266421,28.065085073357864
620494,985.0,1134.5234168174727,-149.5234168174727
620506,1695.0,1300.6533059491412,394.3466940508588
620624,545.0,750.2135596120941,-205.21355961209406
620666,495.0,566.1439982384384,-71.14399823843837
620738,904.0,1212.3840817624691,-308.3840817624691
620775,845.0,976.6182935840152,-131.6182935840152
620929,1020.0,1093.1871327138588,-73.18713271385877
621252,853.0,717.6280449838932,135.37195501610677
621266,790.0,726.3608830373248,63.63911696267519
621422,830.0,760.9926489840794,69.00735101592056
621580,335.0,620.5733002565514,-285.5733002565514
621627,426.0,593.7282682396044,-167.7282682396044
621769,1046.0,1171.9969785633264,-125.99697856332637
622264,1000.0,1070.8727348392047,-70.87273483920467
622612,665.0,692.6971081535515,-27.69710815355154
622748,425.0,574.509475902597,-149.50947590259705
622944,1300.0,1239.871522222968,60.128477777032
622947,462.0,551.2627794701007,-89.26277947010067
623073,550.0,792.9510954496714,-242.95109544967136
623126,1311.0,1158.223268047464,152.776731952536
623129,910.0,1166.0989748728143,-256.0989748728143
623234,1088.0,1281.967671586377,-193.96767158637704
623281,1000.0,1076.4313085620672,-76.43130856206722
623391,780.0,873.1500154622504,-93.1500154622504
623544,400.0,636.4648237711209,-236.4648237711209
623771,1115.0,989.5048850231481,125.49511497685194
623871,1140.0,1133.4751278847848,6.524872115215203
623877,510.0,713.4604102442466,-203.46041024424665
624010,1180.0,1144.2979710679297,35.702028932070334
624148,1190.0,1295.7810478657573,-105.78104786575727
624226,1250.0,1112.667561795203,137.33243820479697
624385,385.0,685.2109887375077,-300.2109887375077
624416,1010.0,984.1462421784042,25.853757821595764
624655,920.0,1224.8803029043193,-304.88030290431925
624712,630.0,646.5539504912898,-16.55395049128981
624838,1060.0,1074.9029357481718,-14.902935748171785
624995,959.0,1066.4031175640446,-107.40311756404458
625242,1115.0,1176.5023940768087,-61.50239407680874
625638,1175.0,1149.4018203407923,25.598179659207744
625796,810.0,996.6679961561827,-186.66799615618265
627677,995.0,1127.888392306282,-132.88839230628196
628278,775.0,748.4986691828553,26.501330817144662
628311,1110.0,1266.3472362873458,-156.34723628734582
629245,1025.0,1157.1521712838633,-132.15217128386325
629980,1058.0,1257.8625987486687,-199.8625987486687
