athlete_id,actual_total_lift,predicted_total_lift,residual
1651,1120.0,1094.2249775895891,25.775022410410884
1668,1035.0,1059.9599188531597,-24.959918853159706
1672,1261.0,1204.9213613670377,56.07863863296234
1750,1163.0,1180.0393683372786,-17.039368337278574
1770,1263.0,923.0196950764514,339.9803049235486
1772,1357.0,1219.971552895442,137.02844710455793
1788,1310.0,1326.3069730491345,-16.306973049134513
1804,1735.0,1346.5418117716354,388.45818822836463
1808,1878.0,1199.1539742834134,678.8460257165866
1809,1266.0,958.3502679831292,307.64973201687076
1815,716.0,710.6072522390166,5.392747760983411
1822,1190.0,1031.1143352953807,158.88566470461933
1831,1080.0,917.5701421932756,162.42985780672439
1838,1223.0,1204.6714374681287,18.328562531871285
1839,1190.0,1124.822031641795,65.17796835820491
1854,1042.0,732.3309716109144,309.6690283890856
1868,1500.0,1253.597921267958,246.4020787320419
1872,835.0,707.2319673487553,127.76803265124465
1879,1263.0,1182.0814677359685,80.91853226403146
1881,810.0,837.8298030283921,-27.82980302839212
1884,1113.0,1031.0971672192177,81.90283278078232
1898,1175.0,1089.3818048153607,85.61819518463926
1904,675.0,672.5914402845693,2.4085597154306697
1909,1045.0,999.446261645482,45.55373835451803
1941,714.0,583.6341849331512,130.36581506684877
1948,1000.0,1030.009614072412,-30.009614072411978
1949,825.0,625.9022235643431,199.0977764356569
1970,915.0,741.1700666146985,173.8299333853015
1975,1281.0,1120.6024008955142,160.39759910448583
1978,1255.0,1185.8583455957726,69.14165440422744
1987,1113.0,1033.7652182539678,79.23478174603224
1990,1260.0,1093.4391702008886,166.5608297991114
2016,1499.0,1191.092197389955,307.9078026100451
2020,1070.0,1001.4877978010499,68.51220219895015
2035,936.0,1012.2828967778524,-76.28289677785244
2044,1352.0,1177.2081524800622,174.79184751993785
2045,1268.0,1030.462388888889,237.5376111111109
2049,985.0,743.6309019491044,241.36909805089556
2050,822.0,600.7375640385752,221.26243596142479
2071,1102.0,1125.1458337964125,-23.14583379641249
2100,1520.0,1299.4353684878529,220.56463151214712
2103,1006.0,1228.2968341292851,-222.29683412928512
2109,1383.0,1246.1000535180654,136.89994648193465
2127,1026.0,905.2766696114694,120.7233303885306
2129,1219.0,1021.7768754135047,197.22312458649526
2138,1345.0,1327.0171435980917,17.982856401908293
2140,1274.0,1079.372345577712,194.62765442228806
2142,1365.0,1094.6682235855253,270.3317764144747
2149,1380.0,1234.6544017101783,145.34559828982174
2152,1511.0,1269.924289082978,241.07571091702198
2201,915.0,1046.6437410686285,-131.64374106862851
2220,1478.0,990.5118781792658,487.48812182073425
2223,1418.0,1196.5360478669274,221.46395213307255
2237,719.0,696.8740899470897,22.125910052910285
2251,1281.0,1253.6729650127293,27.327034987270736
2273,1185.0,1078.1132946888129,106.88670531118714
2276,1169.0,1066.6046377750622,102.3953622249378
2279,1399.0,1275.071111440601,123.92888855939896
2285,1160.0,1145.705738231088,14.294261768912065
2290,915.0,684.2740572669618,230.7259427330382
2291,1300.0,1111.5165339015964,188.4834660984036
2294,1340.0,1218.347405541669,121.6525944583309
2317,793.0,711.0469585213852,81.95304147861475
2325,1036.0,847.060181653099,188.939818346901
2333,1305.0,1222.208791490292,82.79120850970799
2335,840.0,1200.7521823739567,-360.75218237395666
2336,1325.0,1148.800364187879,176.19963581212096
2344,1246.0,1081.9112721222991,164.08872787770088
2381,1165.0,1027.348623610714,137.65137638928604
2383,1170.0,1051.394907152715,118.60509284728505
2406,950.0,683.9532931200833,266.04670687991666
2414,1270.0,1000.6244232472505,269.37557675274945
2421,1080.0,1195.3071862618228,-115.30718626182284
2428,964.0,1037.8499026715028,-73.84990267150283
2433,992.0,1031.3677432736,-39.3677432735999
2451,941.0,985.0294694394803,-44.029469439480295
2454,1155.0,1111.7669714678805,43.23302853211953
2463,970.0,984.8295159071375,-14.829515907137534
2476,1347.0,1289.9702173059343,57.029782694065716
2482,1367.0,1073.3916200853328,293.60837991466724
2486,1288.0,1067.235216065144,220.76478393485604
2492,970.0,1050.5748158227946,-80.57481582279456
2496,1160.0,1045.1710938940296,114.82890610597042
2503,1085.0,1128.5875305141597,-43.58753051415965
2507,1070.0,947.7978777076644,122.20212229233562
2510,1191.0,1067.6155481429864,123.38445185701357
2513,1025.0,1190.9702323773633,-165.97023237736335
2514,1325.0,1124.5908594004507,200.40914059954935
2515,1268.0,1205.9708617482395,62.029138251760514
2519,1040.0,784.0127747158109,255.9872252841891
2532,1147.0,1062.817716295082,84.18228370491806
2540,820.0,717.0410134810201,102.95898651897994
2544,1343.0,1001.2347351822001,341.7652648177999
2545,1390.0,1254.5261110477427,135.4738889522573
2555,1265.0,1339.346139362243,-74.3461393622431
2557,800.0,902.9187972383202,-102.91879723832017
2559,1374.0,1078.0134024050192,295.9865975949808
2566,1340.0,1218.1933865540436,121.80661344595637
2571,1025.0,1063.6487362914863,-38.64873629148633
2602,770.0,635.2320486736354,134.7679513263646
2604,1340.0,1226.6681260391376,113.33187396086237
2609,1005.0,1043.5080542324094,-38.50805423240945
2621,1152.0,1158.3959843628147,-6.3959843628147155
2625,1195.0,1109.9673076133429,85.03269238665712
2648,1710.0,1235.8491347236122,474.1508652763878
2651,1160.0,1271.8790983290503,-111.8790983290503
2667,1190.0,1060.7912514071688,129.20874859283117
2671,1230.0,1059.6795829663772,170.3204170336228
2677,1590.0,1272.3967029100154,317.6032970899846
2683,1110.0,1167.755782042863,-57.755782042863075
2694,1275.0,1220.0292396617979,54.970760338202126
2695,830.0,716.0225971147474,113.97740288525256
2714,1202.0,1090.1694017146738,111.83059828532623
2718,1470.0,1112.1583419873941,357.8416580126059
2736,1250.0,944.5242984783448,305.4757015216552
2758,1290.0,1187.2411453607276,102.75885463927239
2764,964.0,990.4483699025559,-26.448369902555896
2765,1202.0,1082.002898989899,119.997101010101
2779,871.0,641.0507926415894,229.9492073584106
2815,1052.0,1113.7155729016893,-61.71557290168926
2836,1515.0,1285.4574544241814,229.54254557581862
2852,1115.0,891.0956706431461,223.90432935685385
2865,1235.0,1283.3000542837058,-48.30005428370578
2872,941.0,1011.8058851639236,-70.80588516392356
2879,875.0,798.8851323471688,76.11486765283121
2880,770.0,626.7157153638232,143.28428463617684
2884,1675.0,1369.9919395407335,305.0080604592665
2885,1065.0,1118.4766668031848,-53.4766668031848
2892,1275.0,1241.0867188487657,33.91328115123429
2913,1310.0,1190.833288395125,119.16671160487499
2917,1290.0,1218.2609553463803,71.73904465361966
2941,987.0,768.2531454908229,218.74685450917707
2942,1132.0,796.1828339770883,335.8171660229117
2943,835.0,697.5098885361623,137.4901114638377
2946,675.0,702.4614218298088,-27.46142182980884
2961,1400.0,1283.8542806230519,116.14571937694814
2965,1275.0,1163.001114380333,111.99888561966691
2980,1420.0,1339.9089875921827,80.09101240781729
2993,1216.0,1157.0660137225723,58.93398627742772
3000,1570.0,1273.2077957206316,296.79220427936843
3001,1577.0,1275.071111440601,301.92888855939896
3003,1195.0,1340.7361725431651,-145.73617254316514
3021,1330.0,1163.8922773858108,166.10772261418924
3039,1465.0,1155.2615251164557,309.7384748835443
3051,1125.0,1074.3978925301385,50.602107469861494
3055,760.0,680.5701321448381,79.42986785516189
3057,1555.0,1278.4070143745603,276.5929856254397
3070,1260.0,1243.428288774265,16.571711225735044
3076,1475.0,1172.1242196553328,302.8757803446672
3079,1402.0,1323.7374633949053,78.26253660509474
3099,1149.0,1018.5505673628568,130.44943263714322
3128,608.0,570.0105793650796,37.98942063492041
3180,1315.0,1360.5596193157646,-45.55961931576462
3183,1372.0,1118.0996343883915,253.90036561160855
3187,1106.0,840.4190933298725,265.58090667012755
3194,1230.0,1081.963346329402,148.03665367059807
3213,960.0,748.6403708737809,211.35962912621915
3226,1030.0,964.9276827135832,65.07231728641682
3229,1050.0,794.1433002409684,255.85669975903159
3242,1745.0,1377.0954784443657,367.90452155563435
3246,908.0,913.0908622169405,-5.090862216940536
3253,1395.0,1030.6484876145328,364.35151238546723
3259,1100.0,1058.0959699655266,41.90403003447341
3291,1124.0,997.494208306442,126.50579169355797
3298,1050.0,1037.5842110826013,12.415788917398686
3323,725.0,601.5146898216796,123.48531017832045
3329,1400.0,1155.400532971182,244.59946702881803
3352,1176.0,948.3066829082323,227.69331709176765
3353,1505.0,1140.5232889946467,364.4767110053533
3374,1220.0,1212.4617453207738,7.538254679226156
3377,1333.0,1153.7161877254616,179.28381227453838
3381,1614.0,1319.1528842319299,294.8471157680701
3390,622.0,557.8259975025392,64.17400249746083
3408,1260.0,1207.779020858691,52.220979141309044
3414,1200.0,1199.5787943002097,0.4212056997903346
3431,1245.0,985.257861821083,259.742138178917
3439,1215.0,1098.9191865560401,116.08081344395987
3451,960.0,939.790717205846,20.209282794153978
3455,1295.0,1134.5961479630344,160.40385203696565
3475,1135.0,966.7562159497521,168.24378405024788
3481,981.0,1052.8295283058033,-71.82952830580325
3492,865.0,735.9480361289079,129.05196387109208
3531,991.0,1001.8048385880701,-10.804838588070083
3539,1345.0,1268.8089987180836,76.19100128191644
3572,1456.0,1253.390973596256,202.6090264037441
3582,1550.0,1111.3246917458891,438.67530825411086
3610,1329.0,1073.5974785653457,255.40252143465432
3619,970.0,748.9216954154227,221.07830458457727
3632,1141.0,939.6045220517776,201.39547794822238
3645,1320.0,1152.1746148700324,167.82538512996757
3650,1600.0,1059.3005203613038,540.6994796386962
3667,1235.0,1247.0570037329314,-12.057003732931435
3677,1102.0,1006.2240676414336,95.77593235856637
3685,1663.0,1369.7653069845428,293.2346930154572
3694,1135.0,1088.6367719908865,46.36322800911353
3695,795.0,690.4054055830159,104.59459441698414
3699,905.0,870.5608348647538,34.439165135246185
3705,997.0,1123.0921507799105,-126.09215077991053
3721,875.0,694.4449227412316,180.5550772587684
3743,1535.0,1254.9423287796128,280.0576712203872
3771,1255.0,1289.6792410769497,-34.679241076949666
3777,1380.0,1067.4366664120191,312.5633335879809
3797,1060.0,723.940409782528,336.05959021747196
3810,1475.0,1317.4209296528477,157.5790703471523
3845,1150.0,1060.2034391706236,89.7965608293764
3855,1290.0,1077.5847287104662,212.41527128953385
3859,1457.0,988.9249755268324,468.07502447316756
3863,1205.0,1225.845580748472,-20.845580748472003
3876,745.0,736.4930755939412,8.506924406058829
3877,1100.0,1089.1876097301672,10.812390269832804
3879,666.0,627.6903816228345,38.30961837716552
3883,1050.0,941.9691102893889,108.03088971061106
3889,855.0,963.8413533936707,-108.84135339367072
3903,1220.0,1142.0724885482832,77.92751145171678
3904,1275.0,1168.318427979371,106.68157202062889
3911,775.0,626.0620196376153,148.93798036238468
3928,1035.0,894.1000559044599,140.89994409554015
3948,1485.0,1049.5801815997809,435.4198184002191
3975,1260.0,1201.5970698693561,58.40293013064388
3982,763.0,709.2772191642839,53.722780835716094
3988,1340.0,837.5690150867646,502.4309849132354
4005,1100.0,1030.2338793291876,69.76612067081237
4006,1430.0,1014.998407816664,415.001592183336
4009,1400.0,1086.511671716745,313.488328283255
4021,1360.0,1187.3259640645365,172.6740359354635
4068,1255.0,1126.9971812074818,128.00281879251816
4076,1345.0,1178.7119599803507,166.28804001964932
4084,1350.0,1280.6662327005604,69.33376729943961
4088,726.0,665.4041743224678,60.59582567753216
4128,959.0,889.4143991337355,69.58560086626449
4130,685.0,711.7864902168141,-26.78649021681406
4162,1136.0,1081.7377027694529,54.26229723054712
4164,1170.0,1047.150847135621,122.849152864379
4165,1360.0,1144.241914157883,215.758085842117
4178,750.0,706.9561063488608,43.04389365113923
4189,1200.0,1127.358246615246,72.64175338475411
4197,775.0,638.1391650548053,136.8608349451947
4203,1385.0,1210.8092398299254,174.19076017007455
4211,1020.0,1026.6593452963325,-6.6593452963325035
4224,1245.0,1205.9763866291066,39.02361337089337
4226,1265.0,1073.9648152443435,191.03518475565647
4227,1200.0,1109.602091773594,90.39790822640589
4231,1356.0,1316.6321176387328,39.36788236126722
4243,990.0,876.6654751072828,113.33452489271724
4253,620.0,636.4991602156875,-16.49916021568754
4284,1340.0,1171.6199272706883,168.38007272931168
4286,1380.0,1132.5257476306977,247.47425236930235
4330,1410.0,1174.8556158461072,235.14438415389282
4334,1195.0,965.7088543865588,229.29114561344124
4337,1435.0,1219.4599863749038,215.5400136250962
4341,1750.0,1182.7619963803788,567.2380036196212
4358,861.0,715.8723738599729,145.12762614002713
4388,1400.0,1360.2537549956055,39.746245004394495
4395,1159.0,1044.0855284490224,114.91447155097762
4412,1400.0,1129.6349662002701,270.3650337997299
4431,1070.0,1031.207402467248,38.7925975327521
4462,1370.0,1130.0883131812604,239.91168681873955
4478,685.0,623.7133194881244,61.2866805118756
4480,840.0,1015.7534650492051,-175.75346504920515
4496,751.0,647.6640644606571,103.33593553934293
4508,1289.0,1133.0295330869815,155.97046691301853
4510,620.0,438.0978994708992,181.90210052910078
4515,1275.0,1242.203896186252,32.796103813748005
4525,995.0,851.7175561342661,143.28244386573385
4584,904.0,920.2028164901108,-16.202816490110763
4611,1265.0,1237.151266756269,27.848733243730976
4614,810.0,813.5462146539302,-3.5462146539301784
4619,1230.0,1224.7343147096983,5.26568529030169
4622,885.0,1001.7349140224736,-116.73491402247362
4637,1485.0,1253.4820003564146,231.51799964358543
4660,1347.0,1032.6549611533624,314.34503884663764
4661,975.0,1023.9265358977351,-48.92653589773511
4692,1240.0,1166.3843700870418,73.61562991295818
4702,1224.0,971.089660673892,252.910339326108
4708,1075.0,1226.9510802657585,-151.9510802657585
4714,917.0,764.6748877130584,152.3251122869416
4726,1425.0,1290.1265247376841,134.87347526231588
4733,1265.0,1140.4915677834908,124.50843221650916
4742,1470.0,1327.8322831885919,142.16771681140813
4743,1069.0,1137.3487840346554,-68.34878403465541
4766,945.0,995.6926750069783,-50.692675006978334
4774,1320.0,1145.9896356573772,174.01036434262278
4784,1500.0,1224.179437710438,275.8205622895621
4799,760.0,618.210153316318,141.78984668368196
4806,1441.0,1103.3825187233326,337.6174812766674
4812,1689.0,1073.818433056909,615.181566943091
4815,1525.0,1355.2352428856243,169.7647571143757
4820,1494.0,1170.1031495056568,323.8968504943432
4827,1275.0,947.9036698301695,327.0963301698305
4831,1145.0,903.2014326048663,241.79856739513366
4833,1365.0,1105.5225895077501,259.4774104922499
4840,1045.0,1091.3497911112217,-46.34979111122175
4842,1625.0,1201.7293666650148,423.2706333349852
4843,816.0,615.6828654292686,200.31713457073135
4855,1380.0,1202.6019437703646,177.39805622963536
4865,795.0,754.6563171436244,40.34368285637561
4874,1045.0,1046.549752389115,-1.5497523891149285
4884,1472.0,1088.2064089242715,383.7935910757285
4894,1270.0,1265.7601052093914,4.23989479060856
4902,1420.0,1341.301880879274,78.698119120726
4917,1515.0,1202.2300374897889,312.76996251021114
4920,1325.0,1106.428823906492,218.57117609350803
4928,930.0,1048.1164653421367,-118.11646534213673
4956,680.0,668.2116792344452,11.788320765554772
4966,1390.0,1191.608974336448,198.391025663552
4977,860.0,858.0866426086573,1.9133573913427426
4984,1025.0,1206.1977196082198,-181.1977196082198
4990,870.0,924.0182910052914,-54.01829100529142
5007,1235.0,1203.8229996384225,31.177000361577484
5018,1150.0,1037.8868139503825,112.11318604961752
5022,1370.0,1370.0611940838921,-0.06119408389213277
5042,695.0,629.2074748944826,65.79252510551737
5070,1290.0,1171.4105582104164,118.58944178958359
5078,1115.0,1263.5579468156716,-148.55794681567158
5088,814.0,823.138579475637,-9.138579475637016
5091,1160.0,1097.566933909973,62.43306609002707
5100,1218.0,1015.062975334699,202.937024665301
5145,1390.0,1182.7454050954286,207.25459490457138
5156,950.0,1336.5182517410328,-386.5182517410328
5185,1370.0,1192.3397539396947,177.66024606030533
5216,856.0,848.4610331258787,7.538966874121343
5219,1036.0,1258.3947607242508,-222.39476072425077
5224,1213.0,1313.9424666934394,-100.94246669343943
5229,1415.0,1097.7273420057709,317.2726579942291
5233,942.0,861.4821111500155,80.5178888499845
5240,1249.0,1119.3804632719593,129.61953672804066
5254,1346.0,1255.212586621158,90.78741337884207
5283,690.0,782.0817223792109,-92.08172237921087
5287,1380.0,1211.7143348506575,168.28566514934255
5288,920.0,684.1406219466218,235.85937805337824
5315,1245.0,1264.326146294947,-19.326146294946966
5320,1180.0,1144.6857622718928,35.31423772810717
5349,1125.0,1143.3017673411155,-18.301767341115465
5350,1179.0,1266.2744960569532,-87.27449605695324
5402,1367.0,1294.8078388460171,72.19216115398285
5407,1023.0,1079.694927760384,-56.69492776038396
5410,1485.0,1150.3214887961294,334.6785112038706
5412,1090.0,1008.2277779168478,81.7722220831522
5433,1100.0,1200.2960753358866,-100.2960753358866
5435,846.0,743.6171865346791,102.38281346532085
5441,836.0,665.5135382094177,170.48646179058233
5458,1515.0,1134.810863857505,380.18913614249504
5461,1440.0,1204.087512524448,235.9124874755521
5462,1268.0,1069.3614937933573,198.63850620664266
5471,1340.0,1145.460530570361,194.53946942963898
5502,925.0,1135.301723023739,-210.301723023739
5511,1086.0,1090.4826349025634,-4.4826349025634045
5519,1128.0,1214.6371090842908,-86.63710908429084
5522,960.0,943.9952360802057,16.0047639197943
5528,1145.0,1045.9879446995355,99.01205530046445
5539,1300.0,1042.6200946327133,257.3799053672867
5542,1080.0,724.2091462273618,355.79085377263823
5550,1580.0,1203.6833176038756,376.3166823961244
5554,1230.0,1155.2615251164557,74.73847488354431
5563,1150.0,1107.0181719928894,42.98182800711061
5570,1000.0,1111.292187105718,-111.29218710571809
5579,1200.0,987.4008189590052,212.59918104099484
5588,1515.0,1091.5216854763107,423.4783145236893
5605,612.0,666.0245664276117,-54.02456642761172
5617,1310.0,1125.5375038452655,184.46249615473448
5618,1220.0,1184.0895609484746,35.91043905152537
5623,905.0,691.6794470969071,213.3205529030929
5625,1190.0,1035.504245527527,154.49575447247298
5632,1290.0,1169.5125076058657,120.48749239413428
5637,1125.0,1081.2704041821382,43.729595817861764
5661,1020.0,744.3746978307794,275.6253021692206
5673,820.0,811.3040999354432,8.695900064556781
5686,1240.0,1067.2623288164539,172.73767118354613
5688,1306.0,969.7643182822121,336.2356817177879
5699,1140.0,1021.1766039415032,118.82339605849677
5730,1342.0,1245.390884274258,96.60911572574196
5735,1427.0,1305.2205567383999,121.77944326160014
5755,723.0,668.879224561742,54.120775438257965
5765,1685.0,759.3871801627441,925.6128198372559
5779,720.0,638.4914503641745,81.50854963582549
5789,745.0,577.313375644984,167.68662435501597
5792,1060.0,1212.9106332598387,-152.91063325983873
5800,1540.0,1336.5990267122893,203.4009732877107
5809,1349.0,1180.701460386071,168.29853961392905
5823,885.0,683.2297356107429,201.77026438925714
5825,970.0,650.7773163919718,319.2226836080282
5839,1195.0,1270.7110163013697,-75.71101630136968
5846,1005.0,1098.6502082010381,-93.65020820103814
5853,745.0,771.7560712258938,-26.756071225893834
5858,1290.0,1230.1366362901406,59.863363709859414
5859,1340.0,1245.1886148163937,94.81138518360626
5899,835.0,734.3412623412452,100.65873765875483
5909,830.0,682.1765226896316,147.8234773103684
5916,1275.0,1126.4644308300744,148.53556916992557
5918,690.0,656.0727189543089,33.927281045691075
5922,915.0,1200.7521823739567,-285.75218237395666
5941,1260.0,1240.848540352624,19.151459647375987
5943,725.0,692.138572225739,32.86142777426096
5979,980.0,1151.3319911858423,-171.3319911858423
5995,1190.0,1139.4638881599979,50.53611184000215
6007,1298.0,1201.6471653912718,96.35283460872824
6011,740.0,582.1350440801954,157.86495591980463
6033,680.0,679.9136956793924,0.08630432060760995
6044,1220.0,1102.7959274978502,117.20407250214976
6045,635.0,717.0150502310479,-82.0150502310479
6046,1325.0,1169.4445742272505,155.55542577274946
6057,1110.0,1033.9085083922491,76.09149160775087
6068,1005.0,1188.7605811984731,-183.76058119847312
6099,1370.0,1194.757521391252,175.2424786087479
6102,1505.0,1231.8817344636034,273.1182655363966
6112,635.0,511.71384704558875,123.28615295441125
6119,1305.0,1199.5331376414445,105.46686235855555
6127,1230.0,1075.2595650340975,154.74043496590252
6133,1140.0,988.6924098238128,151.3075901761872
6139,970.0,838.3221858657289,131.6778141342711
6140,1110.0,1108.3510199853538,1.648980014646213
6165,1390.0,1273.485989219082,116.51401078091794
6166,1205.0,988.5101826195046,216.48981738049542
6180,723.0,678.3661323791322,44.63386762086782
6188,1357.0,1072.2468051144856,284.7531948855144
6198,1035.0,1012.7916746430357,22.208325356964338
6247,811.0,666.9848436434991,144.01515635650094
6282,742.0,665.4973549384558,76.50264506154417
6294,1275.0,1228.3003344028205,46.699665597179546
6303,1310.0,1224.2441187931393,85.75588120686075
6311,1220.0,1244.048874151668,-24.048874151668088
6317,873.0,722.4113824127463,150.58861758725368
6323,1000.0,1199.8415631918865,-199.8415631918865
6339,640.0,628.8149731234287,11.185026876571328
6376,970.0,1148.889389371637,-178.88938937163698
6377,1190.0,1178.3102672283146,11.689732771685385
6408,1300.0,1151.4776341839122,148.5223658160878
6418,1125.0,948.2145957966331,176.78540420336685
6427,835.0,729.6352985411977,105.3647014588023
6429,1190.0,1142.129530273229,47.870469726771034
6449,1560.0,1337.3232832657702,222.67671673422979
6453,700.0,728.1757788874132,-28.17577888741323
6462,960.0,979.4106270899315,-19.410627089931495
6467,1300.0,1271.9656723947721,28.034327605227872
6481,1475.0,1251.3979468049201,223.60205319507986
6494,1341.0,1161.5575376192662,179.4424623807338
6509,648.0,611.6026724261573,36.397327573842745
6517,1280.0,1261.5512208374798,18.448779162520168
6527,1240.0,1243.6013430681069,-3.601343068106871
6530,925.0,658.4146756598084,266.5853243401916
6534,1085.0,1018.1309407668283,66.8690592331717
6568,1470.0,1263.7348746515308,206.26512534846916
6572,1505.0,1131.4939535231003,373.50604647689966
6583,1370.0,1278.6775397047527,91.32246029524731
6596,1389.0,1074.0112148912635,314.98878510873647
6597,1200.0,1097.363077238897,102.63692276110305
6599,1075.0,1104.506985933001,-29.506985933001033
6603,1531.0,1265.5619360935752,265.43806390642476
6606,1305.0,1121.6036838327327,183.3963161672673
6614,1100.0,1011.8280779632299,88.17192203677007
6616,1162.0,1144.7417562311562,17.25824376884384
6619,1560.0,1277.2520438632343,282.74795613676565
6620,1160.0,1071.2877193289355,88.71228067106449
6644,1054.0,911.7971778911007,142.20282210889934
6659,967.0,702.9035850046354,264.0964149953646
6660,1032.0,928.2789596646792,103.72104033532082
6666,1350.0,1199.4061059077924,150.59389409220762
6670,1226.0,1153.9700697966205,72.02993020337954
6674,1158.0,1054.158017250747,103.84198274925302
6689,701.0,669.1140760260064,31.885923973993613
6690,770.0,669.4119512910236,100.58804870897643
6718,1515.0,1237.4263724741686,277.5736275258314
6719,1260.0,1051.13095248566,208.86904751434008
6737,700.0,604.2808420581764,95.7191579418236
6740,1320.0,1149.0991761422576,170.90082385774235
6741,1283.0,1084.3071828144027,198.69281718559728
6759,1080.0,1042.8616368848022,37.13836311519776
6761,983.0,891.513084858068,91.48691514193195
6763,675.0,685.1872950648687,-10.18729506486875
6768,1210.0,1229.5548012305696,-19.554801230569637
6773,1223.0,1131.4968629092484,91.50313709075158
6779,1477.0,953.8096209942116,523.1903790057884
6783,1133.0,1095.559530331253,37.44046966874703
6787,1140.0,1075.818581051578,64.1814189484221
6800,1505.0,1357.563051658715,147.43694834128496
6809,1455.0,1294.0523356717313,160.94766432826873
6817,1135.0,1089.3818048153607,45.61819518463926
6821,1060.0,706.110566327678,353.88943367232196
6832,1305.0,1192.081726577722,112.91827342227793
6848,1205.0,919.8634657564555,285.1365342435445
6885,1350.0,1103.4083163911453,246.59168360885474
6892,1415.0,1111.708517835237,303.291482164763
6894,1260.0,1274.0704926652484,-14.070492665248366
6904,1360.0,1227.5281334581496,132.47186654185043
6907,1370.0,1201.1618053587977,168.83819464120234
6923,1259.0,1029.130696171305,229.8693038286949
6982,1342.0,1179.3068046343014,162.69319536569856
7004,1380.0,1319.038720036566,60.96127996343398
7021,1125.0,1106.245410601969,18.75458939803093
7027,1265.0,1162.8123240285213,102.18767597147871
7028,1265.0,1143.97385892144,121.02614107855993
7033,605.0,533.1172196356308,71.88278036436918
7039,1246.0,1184.8190831390732,61.1809168609268
7042,1470.0,1343.5875843342956,126.41241566570443
7053,1202.0,1085.0563311017938,116.94366889820617
7064,1160.0,1144.7442475791904,15.255752420809586
7080,790.0,916.8999232804232,-126.8999232804232
7091,840.0,666.0181082305298,173.98189176947017
7092,943.0,934.6218868878034,8.378113112196615
7096,1455.0,1157.879412231359,297.1205877686409
7098,695.0,615.4246960931757,79.57530390682427
7114,1058.0,1196.4373452380948,-138.43734523809485
7120,922.0,689.2068009090325,232.7931990909675
7122,803.0,768.847119048508,34.152880951491966
7126,1585.0,1320.6529150788222,264.34708492117784
7128,1290.0,1278.2468088496298,11.753191150370185
7140,665.0,627.920755151433,37.07924484856699
7157,890.0,702.7364578147104,187.26354218528957
7160,1025.0,702.8060697990911,322.1939302009089
7196,700.0,661.3045565000484,38.69544349995158
7211,1005.0,985.5491827195027,19.45081728049729
7227,690.0,597.0486600744813,92.95133992551871
7278,562.0,593.654601886638,-31.654601886638034
7287,952.0,703.2151585068661,248.78484149313385
7305,1257.0,1181.1475727545587,75.85242724544128
7307,740.0,682.0455583091526,57.954441690847375
7323,1632.0,987.0074303246996,644.9925696753004
7331,1124.0,1171.789750280902,-47.7897502809019
7337,830.0,697.7228906208397,132.27710937916027
7338,1080.0,1040.0437620706136,39.95623792938636
7354,1285.0,1193.8113765110106,91.18862348898938
7365,540.0,617.2036269553109,-77.20362695531094
7382,1660.0,1075.0095046165127,584.9904953834873
7459,1113.0,1143.6623715826142,-30.66237158261424
7474,750.0,620.1404707422513,129.8595292577487
7477,1396.0,1140.293040487692,255.706959512308
7478,944.0,637.6305953445552,306.3694046554448
7488,1300.0,1163.3269281111639,136.67307188883615
7528,624.0,474.18349194324156,149.81650805675844
7542,621.0,724.6664559565818,-103.66645595658179
7550,1362.0,1049.436427246564,312.5635727534359
7563,975.0,1041.1715560100188,-66.17155601001878
7567,1965.0,1211.160376903982,753.8396230960179
7571,1237.0,931.4991087819207,305.50089121807935
7572,699.0,678.4011906685987,20.5988093314013
7574,1297.0,1222.836924365689,74.1630756343111
7581,1480.0,1322.0168346655803,157.9831653344197
7582,1478.0,1222.762650793651,255.2373492063491
7583,1195.0,1072.8752562217219,122.12474377827812
7588,1261.0,1132.4063265787142,128.59367342128576
7600,539.0,606.3033826432977,-67.30338264329771
7602,779.0,675.2867173510396,103.71328264896044
7604,745.0,621.8553135840531,123.14468641594692
7605,1300.0,1119.2287752915927,180.77122470840732
7616,755.0,798.7761407711928,-43.776140771192786
7622,1220.0,1292.6812864414778,-72.68128644147782
7633,1225.0,1090.894321642276,134.10567835772395
7643,1260.0,1101.3979737842183,158.60202621578173
7661,1090.0,1119.2994870379555,-29.299487037955487
7669,795.0,767.1524512169327,27.847548783067282
7674,1444.0,1035.3180165402619,408.68198345973815
7676,1325.0,1090.3901483331058,234.6098516668942
7678,1200.0,1218.0454158420441,-18.04541584204412
7688,815.0,740.0686074473444,74.93139255265555
7691,953.0,690.2629203050932,262.7370796949068
7743,1292.0,1294.660364230696,-2.6603642306959046
7746,1105.0,1028.0683902227656,76.93160977723437
7759,1135.0,1115.5293683590157,19.470631640984266
7775,760.0,972.1691641515449,-212.16916415154492
7784,1050.0,1081.6969556912886,-31.696955691288622
7795,745.0,673.2214047618326,71.77859523816744
7818,1455.0,1272.2406422914503,182.75935770854971
7822,1510.0,1241.2253804143897,268.77461958561025
7868,988.0,1040.275732683983,-52.27573268398305
7871,849.0,669.4014132141629,179.59858678583714
7887,1147.0,868.5598307444171,278.4401692555829
7889,1286.0,1160.9527301543485,125.0472698456515
7901,1465.0,1258.6716396311613,206.32836036883873
7909,1453.0,1248.6997385624404,204.30026143755958
7923,1358.0,1211.8662256964756,146.13377430352443
7926,1285.0,1161.6902414541285,123.30975854587155
7930,1375.0,1153.1059968390873,221.8940031609127
7942,760.0,714.488091813932,45.51190818606801
7946,1160.0,1249.6080261963266,-89.60802619632659
7980,695.0,616.1672299168656,78.83277008313439
8031,1110.0,1056.1326580295722,53.86734197042779
8033,1405.0,1102.3866769157169,302.61332308428314
8045,1515.0,1200.3617898362381,314.63821016376187
8061,1085.0,1002.7509487270372,82.24905127296279
8073,1110.0,1123.045945731885,-13.045945731885013
8079,670.0,612.5352799498098,57.46472005019018
8118,593.0,687.1209863439498,-94.12098634394977
8124,1030.0,970.3311712705936,59.668828729406414
8132,1246.0,1013.8162196070627,232.18378039293725
8138,873.0,757.0322547252813,115.96774527471871
8146,1155.0,1175.6407406982094,-20.640740698209356
8170,538.0,629.4195585855018,-91.41955858550182
8173,1200.0,1011.8934359873849,188.10656401261508
8186,1150.0,1235.8833909837335,-85.88339098373353
8188,1335.0,1234.2910271563187,100.7089728436813
8190,1495.0,1273.6082673098779,221.39173269012213
8191,1485.0,1182.77069776407,302.22930223592994
8192,135.0,1111.6071502109403,-976.6071502109403
8197,1065.0,979.94646103628,85.05353896372003
8204,1005.0,1238.9146971557252,-233.9146971557252
8209,1360.0,1172.0366076943217,187.96339230567833
8212,1250.0,1165.4109693718149,84.58903062818513
8214,1018.0,1090.433386862546,-72.43338686254606
8219,1190.0,981.1753845087023,208.82461549129766
8228,1240.0,1239.4668110746966,0.5331889253034205
8230,1355.0,1073.9737469143524,281.02625308564757
8239,1290.0,1024.9578580926272,265.04214190737275
8241,1120.0,973.3660539662537,146.63394603374627
8244,790.0,613.0726709470866,176.92732905291336
8255,1220.0,1079.8593698538223,140.14063014617773
8269,970.0,1346.6865970694223,-376.6865970694223
8290,850.0,608.0654676170129,241.93453238298707
8301,1300.0,1073.5479949574901,226.45200504250988
8308,1025.0,1031.9198175685433,-6.919817568543294
8309,1080.0,1422.2935487743,-342.2935487743
8321,1400.0,1266.6737526677662,133.32624733223383
8342,995.0,673.2583644435372,321.7416355564628
8373,1375.0,1161.8444363031267,213.1555636968733
8381,937.0,849.5061952802107,87.4938047197893
8385,1555.0,1383.6821716297334,171.31782837026662
8403,1180.0,1188.8187089384926,-8.818708938492591
8420,1030.0,1076.4155903387225,-46.415590338722495
8431,1147.0,925.9183810906851,221.0816189093149
8445,1380.0,1387.1459079075114,-7.1459079075114005
8463,915.0,668.8123822253451,246.18761777465488
8468,587.0,642.0985778474394,-55.0985778474394
8470,925.0,621.4023370083187,303.5976629916813
8472,515.0,570.0872593278297,-55.087259327829656
8485,1698.0,1273.2434777946676,424.75652220533243
8488,1150.0,1227.6927230122137,-77.69272301221372
8496,1480.0,1275.9242618669489,204.07573813305112
8511,514.0,579.0985820105818,-65.09858201058182
8537,765.0,701.1211460623518,63.87885393764816
8560,1110.0,982.0269479409482,127.97305205905184
8571,1270.0,974.1433929702864,295.8566070297136
8573,1240.0,1204.3683063508618,35.63169364913824
8588,1120.0,1036.9371403000027,83.06285969999726
8594,1095.0,1229.7129945379904,-134.71299453799043
8614,805.0,876.3633348898982,-71.36333488989817
8618,820.0,606.3291512723524,213.67084872764758
8643,1250.0,1190.024776508872,59.97522349112796
8655,701.0,557.95925,143.04075
8657,1400.0,1088.860814094876,311.1391859051239
8662,1060.0,977.6470075022858,82.35299249771424
8668,1372.0,1129.8526662505035,242.1473337494965
8676,770.0,701.4203626021915,68.57963739780848
8687,1185.0,1234.9121339719175,-49.912133971917456
8690,1632.0,1267.2825889907165,364.7174110092835
8700,1356.0,1217.373008511152,138.62699148884803
8720,1130.0,1144.1596547717193,-14.15965477171926
8739,1185.0,1111.3091635499288,73.69083645007117
8757,1350.0,1184.2573195995508,165.74268040044922
8776,765.0,662.1696679933128,102.83033200668717
8796,1312.0,1181.5896012154237,130.41039878457627
8797,1546.0,1192.396473702802,353.60352629719796
8803,1450.0,1180.0736542285538,269.9263457714462
8815,1135.0,1191.6103873968884,-56.61038739688843
8826,1209.0,1074.1766909114222,134.82330908857784
8828,849.0,645.84897548065,203.15102451935002
8833,1047.0,917.4483844051368,129.55161559486316
8835,695.0,660.7110698152154,34.28893018478459
8847,931.0,748.398001648432,182.601998351568
8860,1080.0,1071.5353465608462,8.464653439153835
8861,1411.0,1169.6420924296046,241.35790757039535
8867,1174.0,1336.3144376238906,-162.31443762389063
8873,1290.0,1106.773170865239,183.22682913476092
8875,623.0,604.814224066645,18.18577593335499
8877,1103.0,1173.5817646094893,-70.58176460948926
8878,1067.0,984.3040820230755,82.69591797692453
8883,1005.0,1049.231875236484,-44.23187523648403
8896,1550.0,1306.5858781813877,243.41412181861233
8949,1338.0,1071.7896434380157,266.2103565619843
8952,730.0,1247.1822135727566,-517.1822135727566
8963,1110.0,861.1568284960873,248.84317150391269
8966,878.0,1015.4227974143937,-137.4227974143937
8976,1545.0,1206.930693549674,338.06930645032594
8981,1225.0,1258.1657852896064,-33.16578528960645
8984,1250.0,1075.4096955112789,174.59030448872113
8996,1558.0,1202.3142258552061,355.68577414479387
9017,830.0,621.5385035009792,208.46149649902077
9051,990.0,1142.6524511030148,-152.65245110301476
9052,1268.0,846.1198333333331,421.8801666666669
9099,1160.0,1166.654830663324,-6.654830663323992
9101,1210.0,945.874350269374,264.12564973062604
9103,1030.0,1079.3603532178226,-49.36035321782265
9117,1295.0,1084.8314642427413,210.16853575725872
9120,1545.0,1209.5658250762885,335.43417492371145
9145,977.0,1147.105521102426,-170.1055211024261
9151,870.0,695.80551560599,174.19448439401003
9166,970.0,979.7961788008062,-9.79617880080616
9173,1195.0,1119.6591483529437,75.3408516470563
9192,1070.0,1039.0602661057549,30.939733894245137
9197,1282.0,1274.3686086839505,7.63139131604953
9211,1030.0,1041.4924947489321,-11.492494748932131
9233,1360.0,1022.1081321143934,337.89186788560664
9234,789.0,697.9411373260152,91.05886267398478
9301,1220.0,1273.9508499352517,-53.950849935251654
9333,710.0,608.3720174912654,101.62798250873459
9350,935.0,571.6627416395095,363.3372583604905
9372,1210.0,1116.9205449558235,93.07945504417648
9377,1334.0,1070.042699542849,263.95730045715095
9390,1385.0,1217.6503610596235,167.3496389403765
9411,805.0,756.7079564927884,48.29204350721159
9421,1212.0,1094.9737511013986,117.02624889860135
9474,733.0,743.1570017012564,-10.157001701256377
9505,1545.0,1111.202743904793,433.7972560952071
9521,1286.0,1210.9048511189294,75.0951488810706
9529,582.0,619.0222650448749,-37.02226504487487
9535,1390.0,1154.1354985867956,235.86450141320438
9541,1385.0,1105.4693348768546,279.53066512314535
9573,1415.0,1113.6313477850833,301.36865221491666
9583,1102.0,1054.5637471399918,47.43625286000815
9587,1213.0,916.4933653870179,296.5066346129821
9588,841.0,738.5381341573254,102.46186584267457
9624,960.0,669.6304073682263,290.3695926317737
9625,1190.0,1025.2881556842692,164.7118443157308
9637,1110.0,1040.4267881722685,69.57321182773148
9647,1210.0,1106.7508616232074,103.24913837679264
9649,1180.0,1238.6617662370288,-58.661766237028814
9655,1175.0,1000.8154740619291,174.18452593807092
9660,1245.0,912.3046182610451,332.6953817389549
9663,1136.0,964.3573898729067,171.64261012709335
9666,980.0,710.3501056226269,269.64989437737313
9667,1210.0,1057.7850706427146,152.21492935728543
9680,770.0,629.340474244352,140.65952575564802
9692,1540.0,1403.5057291855635,136.4942708144365
9699,981.0,931.5871813652632,49.41281863473682
9713,675.0,569.0067585494935,105.9932414505065
9717,621.0,653.3313806752897,-32.331380675289665
9722,1323.0,1151.4096222760095,171.5903777239905
9738,775.0,706.7650155690475,68.23498443095252
9748,1040.0,773.8609791316904,266.13902086830956
9764,1602.0,1209.5894925360117,392.4105074639883
9873,1410.0,1252.0825799740514,157.91742002594856
9879,1036.0,1175.183024111697,-139.18302411169702
9885,832.0,669.9243369980031,162.07566300199687
9890,1220.0,1152.264254027604,67.73574597239599
9893,725.0,605.865781231318,119.13421876868199
9903,1411.0,1201.6623034570207,209.3376965429793
9916,1121.0,891.7859097066662,229.2140902933338
9922,730.0,641.8809328994204,88.11906710057963
9930,1290.0,1321.1070655567385,-31.107065556738462
9931,1310.0,1180.4370104433408,129.5629895566592
9954,1425.0,1083.5308273559003,341.4691726440997
9972,1040.0,1067.1788628393333,-27.178862839333306
9981,1362.0,1180.9482907045756,181.05170929542442
9984,1535.0,1153.601689001687,381.39831099831304
9987,1275.0,1203.6833176038756,71.3166823961244
9993,838.0,748.6358603563108,89.36413964368921
10019,1250.0,1059.4983573828367,190.50164261716327
10029,1230.0,1060.3333743916876,169.66662560831242
10037,1010.0,1006.6996291533688,3.3003708466311537
10057,870.0,610.859668484253,259.140331515747
10078,723.0,631.6367377594179,91.36326224058212
10091,1625.0,1138.585069094754,486.4149309052459
10092,970.0,954.9508381155885,15.049161884411546
10093,785.0,1015.6350532113516,-230.63505321135165
10120,1175.0,1077.1129401326164,97.88705986738364
10128,1365.0,1227.9317032639303,137.06829673606967
10130,1160.0,1138.1376987075246,21.862301292475422
10134,1535.0,1224.1932636532838,310.8067363467162
10144,675.0,643.7112936315789,31.288706368421117
10171,1300.0,1233.410322493406,66.58967750659394
10188,795.0,740.944529149517,54.05547085048295
10201,1330.0,1048.8402079856442,281.15979201435584
10203,1465.0,1252.6870772773043,212.3129227226957
10208,1440.0,1371.1571850589673,68.84281494103266
10217,1120.0,1042.587901037527,77.41209896247301
10236,1210.0,969.7643182822121,240.23568171778788
10243,1160.0,1014.1382548066898,145.86174519331018
10244,1170.0,1064.0929371057193,105.90706289428067
10266,1460.0,1254.498458544781,205.501541455219
10279,621.0,561.2395434783485,59.76045652165146
10293,1225.0,1194.5768467832295,30.423153216770515
10297,1320.0,1209.1623157651775,110.83768423482252
10299,1435.0,1188.9032316153823,246.0967683846177
10313,1515.0,1261.5893011709882,253.41069882901184
10316,635.0,695.0064161451493,-60.006416145149274
10323,895.0,694.1458566163074,200.85414338369264
10358,1060.0,1125.2064117134998,-65.20641171349985
10379,1220.0,1088.7106769524562,131.2893230475438
10381,780.0,693.4654563128158,86.53454368718417
10396,945.0,757.3746312415725,187.6253687584275
10456,1130.0,1062.6096742675206,67.39032573247937
10472,900.0,857.9892236791505,42.01077632084946
10477,820.0,668.4909239434065,151.50907605659347
10482,1250.0,1237.43290532417,12.567094675830049
10488,1085.0,1157.926247201188,-72.92624720118806
10500,1200.0,1126.9438106990578,73.05618930094215
10505,1046.0,946.631421324112,99.36857867588799
10563,1385.0,1174.7338435900028,210.26615640999717
10574,705.0,694.1748747099135,10.825125290086476
10614,955.0,781.9539023982381,173.04609760176186
10617,1157.0,1063.2881372383088,93.71186276169124
10632,1195.0,964.5989825708066,230.40101742919342
10653,1165.0,1159.278518705717,5.721481294282967
10655,1285.0,1112.11529198733,172.88470801267
10661,1040.0,1079.001216780164,-39.001216780163986
10684,876.0,619.5418928405604,256.4581071594396
10706,1290.0,1281.128457122581,8.87154287741896
10754,1050.0,904.2530179369182,145.74698206308176
10773,1180.0,1141.7455598845024,38.25444011549757
10780,1107.0,909.6295119637088,197.37048803629125
10805,1224.0,1008.5958004361337,215.4041995638663
10806,1202.0,1118.4155887876902,83.58441121230976
10819,790.0,626.169195649735,163.830804350265
10824,1202.0,982.3904801587303,219.60951984126973
10830,1190.0,1082.002898989899,107.997101010101
10840,558.0,1047.1847027054098,-489.1847027054098
10844,1168.0,947.6113312152436,220.38866878475642
10856,910.0,1130.1883308630618,-220.18833086306176
10858,1045.0,1034.4110667665668,10.588933233433181
10866,1014.0,1027.7936180078896,-13.793618007889563
10878,1231.0,1141.4522861372964,89.54771386270363
10883,1345.0,1152.26307798618,192.73692201382005
10886,975.0,721.8110597370559,253.18894026294413
10908,1300.0,1195.627988360074,104.37201163992609
10923,1180.0,1283.6553208536125,-103.65532085361247
10926,1175.0,987.0952650640932,187.90473493590684
10928,909.0,1062.9705354244993,-153.9705354244993
10956,1135.0,1006.8031668624103,128.1968331375897
10988,1025.0,993.197325388268,31.80267461173196
10994,736.0,644.2773422179068,91.72265778209317
10998,1350.0,930.4782940004208,419.52170599957924
11046,860.0,680.5973016596425,179.40269834035746
11053,1250.0,1056.223005265158,193.776994734842
11054,1047.0,981.4260151998844,65.57398480011557
11074,1310.0,1139.1371392096514,170.86286079034858
11076,1285.0,1207.245401694188,77.7545983058119
11087,1350.0,1076.252297839843,273.7477021601569
11094,931.0,786.7510606193197,144.24893938068033
11098,1490.0,1076.665440427678,413.33455957232195
11134,1360.0,1118.350279317082,241.6497206829181
11136,1020.0,1001.8402316486043,18.159768351395655
11167,1245.0,966.1875787617055,278.8124212382945
11169,500.0,584.6283755343864,-84.62837553438635
11171,1040.0,1068.9370720063616,-28.937072006361632
11186,1340.0,1116.7071558672212,223.29284413277878
11203,1175.0,1193.8956067241506,-18.89560672415064
11212,985.0,776.870120439847,208.12987956015297
11214,1300.0,916.8640056921282,383.1359943078718
11234,1235.0,1324.959734660782,-89.95973466078203
11236,1460.0,1227.198491764716,232.80150823528402
11240,1120.0,1065.6189908812185,54.38100911878155
11260,1360.0,1134.4813252232022,225.51867477679775
11264,1310.0,1254.0254166426714,55.974583357328584
11269,992.0,1089.8157701105038,-97.81577011050376
11274,1205.0,782.1166635123683,422.8833364876317
11277,1380.0,1124.7301790245408,255.2698209754592
11279,1040.0,690.4300074069423,349.5699925930577
11326,1130.0,1196.6818905770763,-66.68189057707627
11332,1280.0,1077.5868467931773,202.4131532068227
11339,545.0,667.4160841444436,-122.41608414444363
11346,1180.0,1094.170613381573,85.82938661842695
11350,1275.0,1191.3969292968584,83.60307070314161
11358,880.0,694.1091530899818,185.89084691001824
11360,710.0,718.115508034485,-8.115508034484947
11364,650.0,668.0255149469837,-18.025514946983662
11387,700.0,632.269671141416,67.73032885858402
11415,1465.0,1188.840208520057,276.1597914799429
11438,1080.0,1157.2663196417143,-77.26631964171429
11440,985.0,1284.7490086596022,-299.74900865960217
11463,1085.0,990.6705546552924,94.32944534470755
11469,1250.0,1151.7092133059466,98.2907866940534
11489,1300.0,1168.4897220517976,131.51027794820243
11490,1220.0,1093.4025321595952,126.59746784040476
11518,1317.0,964.3851939393663,352.61480606063367
11546,807.0,832.2366413795364,-25.236641379536422
11549,1660.0,1285.242473671445,374.75752632855506
11557,1100.0,1083.3142482624373,16.68575173756267
11578,530.0,630.0178487038347,-100.01784870383472
11584,1270.0,1160.2489393286723,109.75106067132765
11586,1350.0,1218.3463036203823,131.6536963796177
11590,1080.0,1249.0451772365498,-169.04517723654976
11598,1305.0,1123.6168746641572,181.3831253358428
11611,1150.0,992.7874864209301,157.21251357906988
11623,1430.0,1177.8645689512919,252.13543104870814
11627,820.0,656.9544430155903,163.0455569844097
11632,1210.0,1211.568179657744,-1.56817965774394
11652,1315.0,1215.2949090320285,99.7050909679715
11654,1480.0,1214.6662205498142,265.33377945018583
11661,1320.0,1122.1122790818142,197.88772091818578
11667,1170.0,1120.683752867161,49.31624713283895
11672,1520.0,1232.6261238020084,287.37387619799165
11674,920.0,777.8826426583933,142.11735734160675
11690,1090.0,1023.8048795041868,66.19512049581317
11713,655.0,713.12041960734,-58.120419607339954
11728,926.0,831.9232352815877,94.07676471841228
11738,1400.0,1193.8616502066404,206.13834979335957
11746,1440.0,1200.459073318512,239.54092668148792
11778,1225.0,1126.4056216732097,98.59437832679032
11780,1320.0,1255.71046858638,64.2895314136199
11785,1510.0,1221.7877190385734,288.2122809614266
11788,1130.0,1080.7263826870865,49.27361731291353
11840,1245.0,1243.4050971411534,1.5949028588465808
11849,1205.0,1201.380584373593,3.61941562640709
11858,637.0,705.9454999538664,-68.94549995386637
11867,915.0,702.7915854607027,212.20841453929734
11871,1140.0,1225.0163828559248,-85.0163828559248
11874,1179.0,1078.6053000222898,100.39469997771016
11884,1375.0,1140.6505508398748,234.34944916012523
11893,1040.0,1038.9493616874042,1.0506383125957655
11897,1160.0,1052.0989817644434,107.90101823555665
11913,1175.0,864.5332626156177,310.4667373843823
11995,745.0,731.7160713666651,13.283928633334881
12007,1160.0,1062.4260984941468,97.5739015058532
12017,685.0,699.0349612876116,-14.034961287611623
12018,1285.0,1066.12865286418,218.8713471358201
12033,1440.0,1261.9793126518985,178.02068734810155
12046,1236.0,1118.1652889912004,117.83471100879956
12057,805.0,658.2554037418206,146.7445962581794
12069,1190.0,1021.8906166211027,168.1093833788973
12077,810.0,697.8317941350232,112.16820586497681
12108,1230.0,1192.0463562238315,37.95364377616852
12109,1525.0,1104.6651157151941,420.33488428480587
12129,1310.0,1140.4765524872319,169.52344751276814
12140,1115.0,1154.8295544609646,-39.82955446096457
12143,1285.0,1252.0291485024716,32.97085149752843
12184,710.0,628.506230962576,81.49376903742404
12211,1159.0,1175.9231151050417,-16.92311510504169
12220,37.0,1102.525156095436,-1065.525156095436
12231,960.0,1234.7876156664527,-274.78761566645267
12239,880.0,710.8397936428794,169.16020635712061
12249,1210.0,1230.7898013821098,-20.789801382109772
12252,790.0,646.2658286837684,143.7341713162316
12263,1100.0,1040.8703112868834,59.12968871311659
12264,1260.0,1119.8701059685918,140.12989403140818
12266,1280.0,1236.300839267531,43.699160732468954
12271,1140.0,1000.0160153008935,139.9839846991065
12283,1305.0,1220.0403786593897,84.95962134061028
12286,1016.0,1006.6863854901335,9.313614509866511
12287,660.0,560.1902293144648,99.80977068553523
12298,1130.0,1021.9198930608507,108.08010693914935
12315,1555.0,1221.0177597359746,333.98224026402545
12336,965.0,660.5355872658416,304.4644127341584
12340,1090.0,1061.9759371080802,28.02406289191981
12342,1280.0,1059.2646000346745,220.73539996532554
12351,1355.0,1140.169741212283,214.83025878771696
12405,760.0,733.5502238164603,26.44977618353971
12422,655.0,560.3211891626835,94.67881083731652
12439,1060.0,892.1390206052115,167.8609793947885
12442,1265.0,1228.3038572313835,36.69614276861648
12473,828.0,679.8857146765993,148.11428532340074
12539,1230.0,1071.5210353825328,158.47896461746723
12550,1200.0,1237.0648574931613,-37.0648574931613
12565,1130.0,1130.3879049608279,-0.38790496082788195
12567,860.0,697.0385432270368,162.96145677296317
12577,1390.0,1211.6591989589353,178.34080104106465
12606,1260.0,1123.689132971635,136.310867028365
12609,900.0,711.7267703850853,188.27322961491473
12627,1245.0,1144.0498198123048,100.9501801876952
12629,1080.0,965.7266936572494,114.27330634275063
12639,1150.0,1121.7195396526,28.280460347400094
12687,1390.0,1150.1913928853603,239.8086071146397
12708,923.0,916.3045122809584,6.69548771904158
12711,820.0,650.1663818935159,169.8336181064841
12747,750.0,621.1696447315243,128.83035526847573
12768,1220.0,1208.4971548454848,11.502845154515171
12771,1390.0,1175.2913319824154,214.7086680175846
12778,985.0,1097.566933909973,-112.56693390997293
12781,1505.0,1220.827184234542,284.1728157654579
12807,752.0,605.9106541271927,146.08934587280726
12815,710.0,694.4291522358631,15.570847764136943
12819,1133.0,937.4571872660692,195.54281273393076
12824,1270.0,1093.2238031073764,176.7761968926236
12827,605.0,602.0396756614304,2.9603243385696487
12870,693.0,625.4879934372735,67.51200656272647
12882,1215.0,1189.7075777530831,25.292422246916885
12891,745.0,663.9916606852232,81.00833931477678
12944,1500.0,1162.0483930874477,337.9516069125523
12946,728.0,1167.2753832481644,-439.2753832481644
13072,1110.0,1211.5073618245733,-101.50736182457331
13090,693.0,611.6235828693252,81.37641713067478
13104,590.0,695.6321540492829,-105.63215404928292
13105,1215.0,1011.6001553261207,203.39984467387933
13109,1425.0,1189.9494680694531,235.05053193054687
13118,678.0,617.945161558737,60.05483844126297
13135,1515.0,1072.7049750027268,442.29502499727323
13139,684.0,702.7981510490089,-18.79815104900888
13141,757.0,591.3675722184714,165.63242778152858
13160,1229.0,1055.5956276606453,173.40437233935472
13182,1280.0,1269.3762107276586,10.623789272341355
13192,1500.0,1207.548035839654,292.45196416034605
13199,1075.0,981.8494851899453,93.15051481005469
13201,830.0,693.1948646490333,136.80513535096668
13213,1375.0,1144.4870356524214,230.51296434757865
13217,1320.0,1078.1132946888129,241.88670531118714
13229,1040.0,1146.0834686099597,-106.08346860995971
13231,1200.0,1127.5571324702275,72.44286752977246
13232,1140.0,1202.8816741410592,-62.88167414105919
13254,900.0,766.5264868384586,133.4735131615414
13259,1350.0,1226.4739701971876,123.52602980281245
13283,799.0,664.3526211589952,134.64737884100475
13293,1203.0,1123.8641703718756,79.13582962812438
13298,730.0,700.5520463925816,29.447953607418413
13304,1375.0,1234.1282286340054,140.87177136599462
13329,800.0,1085.424603191385,-285.4246031913849
13339,727.0,638.669970894906,88.33002910509401
13346,775.0,641.9546594140047,133.0453405859953
13353,1210.0,1206.0831257427621,3.9168742572378505
13372,1000.0,591.2046368828818,408.7953631171182
13383,990.0,734.8808718722258,255.11912812777416
13390,1717.0,1232.499357902681,484.5006420973191
13399,1270.0,949.8567237836398,320.14327621636016
13403,1160.0,1083.9212075201178,76.07879247988217
13427,966.0,733.5808084602187,232.4191915397813
13450,1252.0,1345.5332747786936,-93.53327477869357
13459,1280.0,1080.3697358400289,199.63026415997115
13463,1240.0,1095.627948817824,144.37205118217594
13474,1275.0,1210.265157470872,64.73484252912795
13487,1235.0,1018.3909169089427,216.6090830910573
13524,1114.0,969.4172053176,144.58279468240005
13526,1010.0,1011.1668132879828,-1.1668132879827908
13556,1407.0,1180.3150695712213,226.68493042877867
13561,1005.0,1023.0875477767811,-18.087547776781093
13564,1100.0,1140.6681413043714,-40.668141304371375
13588,1338.0,1251.9000395323392,86.09996046766082
13627,765.0,693.4293139198494,71.57068608015061
13637,1460.0,1105.5805332543705,354.4194667456295
13652,1310.0,1305.2059123817553,4.794087618244703
13654,1166.0,1083.6883055555563,82.31169444444367
13680,845.0,687.031167391417,157.96883260858306
13681,1095.0,955.7577948644057,139.2422051355943
13698,1708.0,1132.2677426105224,575.7322573894776
13752,1340.0,1089.8160662646821,250.18393373531785
13754,620.0,553.3456833989353,66.65431660106469
13774,1102.0,1108.6197358542706,-6.61973585427063
13782,1406.0,1322.6974895479289,83.30251045207115
13786,930.0,922.7939146031881,7.206085396811886
13800,1335.0,1038.6742017748868,296.3257982251132
13803,1232.0,1266.1323279221278,-34.13232792212784
13807,1058.0,629.1770316924864,428.82296830751363
13819,1180.0,1114.6993647917832,65.30063520821682
13841,1380.0,1204.6683570881428,175.33164291185722
13868,800.0,741.4184814071831,58.581518592816906
13889,1552.0,1319.6594790562979,232.34052094370213
13895,990.0,1014.690769428297,-24.690769428297017
13919,395.0,808.5118962767223,-413.51189627672227
13931,1030.0,1310.0478577605334,-280.04785776053336
13945,1560.0,1242.421396789069,317.5786032109311
13949,1003.0,1090.2061385281386,-87.20613852813858
13961,1025.0,1008.4444007830085,16.55559921699148
13962,890.0,716.9398659878467,173.0601340121533
13971,1325.0,1153.5153869791131,171.48461302088685
14002,1305.0,1078.8956302588049,226.10436974119511
14007,1385.0,1261.7278080662131,123.27219193378687
14018,1530.0,1207.4768757117968,322.52312428820323
14048,1191.0,1003.9026412364384,187.0973587635616
14071,1425.0,1313.32410010238,111.67589989761996
14074,1505.0,1299.6547172924786,205.3452827075214
14080,1190.0,1168.7349999205599,21.265000079440142
14089,1260.0,1073.5522799861972,186.44772001380284
14094,625.0,676.7479641144961,-51.747964114496085
14154,1140.0,1244.9153790576047,-104.9153790576047
14155,1050.0,1053.2537539019513,-3.2537539019513133
14157,1527.0,1274.0725931617292,252.92740683827083
14172,1200.0,1212.9112690305901,-12.91126903059012
14193,1180.0,1270.599639642767,-90.59963964276699
14227,1085.0,887.1431002612183,197.85689973878175
14232,1010.0,992.5491919573154,17.45080804268457
14268,1286.0,1176.5623042445823,109.43769575541774
14277,735.0,662.5168409186223,72.48315908137772
14283,940.0,925.906223664457,14.093776335542998
14296,875.0,718.5693077773227,156.4306922226773
14310,840.0,914.0221687414648,-74.02216874146484
14338,1292.0,1204.9239936070453,87.0760063929547
14353,1455.0,1271.1216547025692,183.87834529743077
14363,1345.0,1183.6144464161816,161.38555358381836
14406,1205.0,1102.8446239522102,102.15537604778979
14416,1110.0,1245.872697548728,-135.87269754872796
14441,1535.0,1336.4938881536295,198.50611184637046
14476,722.0,674.7749565271439,47.2250434728561
14487,505.0,898.0154377289376,-393.0154377289376
14512,1475.0,1203.8619860586123,271.1380139413877
14531,700.0,662.2917677461263,37.70823225387369
14579,1370.0,1242.1118111922958,127.88818880770418
14587,800.0,832.2366413795364,-32.23664137953642
14603,650.0,612.0196619194437,37.980338080556294
14605,1170.0,1037.8251339079334,132.17486609206662
14616,575.0,1282.8973182658071,-707.8973182658071
14618,1205.0,1013.0697569023009,191.93024309769908
14622,1325.0,1239.2517366749614,85.74826332503858
14631,745.0,591.8980439310392,153.10195606896082
14641,1090.0,1053.723999553377,36.2760004466229
14646,1550.0,1156.0671930358533,393.9328069641467
14659,630.0,613.8907806195198,16.109219380480226
14687,1031.0,704.12765269758,326.87234730242005
14731,1600.0,1251.985324939745,348.01467506025506
14739,948.0,1097.1823184038165,-149.18231840381645
14753,1230.0,1036.996984462074,193.0030155379261
14794,990.0,1178.9382160023276,-188.93821600232764
14823,710.0,669.758965784084,40.24103421591599
14848,1180.0,1159.1802321558084,20.819767844191574
14853,1155.0,1125.68240118169,29.31759881830999
14861,890.0,723.7007533390009,166.29924666099907
14908,1180.0,951.5656309554212,228.43436904457883
14919,780.0,672.5754136636305,107.42458633636954
14926,1091.0,947.6113312152436,143.38866878475642
14933,967.0,909.2280090372941,57.7719909627059
14934,736.0,734.6234610901324,1.3765389098675769
14964,1225.0,1217.3319426557125,7.66805734428749
14965,1110.0,1223.1727622874735,-113.17276228747346
14976,1630.0,1316.1222364806665,313.8777635193335
15028,1050.0,885.9908118571702,164.00918814282977
15043,1200.0,1121.0698192137088,78.9301807862912
15045,1385.0,1176.8752265768737,208.12477342312627
15055,1215.0,980.2761755510868,234.7238244489132
15061,870.0,878.2736714754774,-8.273671475477386
15097,790.0,605.6162640371094,184.38373596289057
15102,1415.0,1162.962990822309,252.03700917769106
15110,670.0,1136.753973069552,-466.7539730695521
15149,1540.0,1243.3607149346135,296.6392850653865
15158,1525.0,1273.2121947878054,251.7878052121946
15168,790.0,623.7447346092792,166.25526539072075
15171,890.0,718.3534287164383,171.64657128356168
15173,1730.0,1324.4317930856807,405.56820691431926
15182,1057.0,626.6179334647343,430.3820665352657
15189,1295.0,1215.915713102916,79.08428689708398
15200,1180.0,1084.104388862527,95.895611137473
15204,1267.0,1149.1795243173437,117.82047568265625
15208,660.0,653.9795600875362,6.0204399124637575
15210,895.0,615.9982925622602,279.0017074377398
15215,1130.0,1102.46980584504,27.5301941549601
15224,1080.0,1062.9136310407428,17.086368959257243
15247,520.0,505.58739323598496,14.412606764015038
15253,1266.0,1175.9231151050417,90.07688489495831
15267,1124.0,810.014548941799,313.98545105820097
15296,720.0,723.0403519790249,-3.0403519790248765
15297,1145.0,1225.6523516620343,-80.65235166203433
15315,805.0,695.9952869795377,109.0047130204623
15333,855.0,653.0085058257235,201.99149417427645
15354,1495.0,1319.2893908317847,175.71060916821534
15358,1440.0,1161.361696755071,278.6383032449289
15365,1020.0,855.1542480202787,164.84575197972129
15388,1410.0,1171.2758104998138,238.72418950018618
15390,1290.0,993.0320952484054,296.9679047515946
15411,1520.0,1302.4581181333626,217.54188186663737
15414,1490.0,1204.7750990108057,285.22490098919434
15418,1200.0,1166.654830663324,33.34516933667601
15453,630.0,650.4906684546812,-20.490668454681213
15457,620.0,612.4599670965829,7.540032903417114
15469,855.0,741.5007387697522,113.49926123024784
15472,1055.0,1092.7059835422072,-37.70598354220715
15473,850.0,722.1395448183418,127.86045518165815
15474,1350.0,1234.4028911049636,115.5971088950364
15496,1350.0,1236.512094297099,113.48790570290089
15511,1305.0,1061.1608472867856,243.8391527132144
15528,1420.0,1045.9879446995355,374.01205530046445
15551,1234.0,1023.8187021431324,210.18129785686756
15561,724.0,728.2848635527373,-4.284863552737306
15591,1460.0,1104.960625385195,355.03937461480496
15599,881.0,986.377421851065,-105.37742185106504
15601,823.0,704.631933317355,118.36806668264501
15617,1490.0,1260.482099061142,229.51790093885802
15618,858.0,712.7155398462673,145.28446015373265
15625,1310.0,1138.2871584884292,171.7128415115708
15636,920.0,1103.7210043481664,-183.7210043481664
15657,1330.0,1166.814480042274,163.185519957726
15663,672.0,635.6628968432577,36.33710315674227
15665,905.0,750.8556902755325,154.14430972446746
15712,1626.0,1288.0228196105052,337.97718038949483
15728,1023.0,1080.1353435674557,-57.13534356745572
15739,630.0,529.5521100797687,100.44788992023132
15740,1470.0,1316.6422893966724,153.35771060332763
15749,1070.0,974.1003624727443,95.89963752725566
15762,1095.0,855.6857759699127,239.3142240300873
15766,1277.0,981.4254268429547,295.5745731570453
15770,1346.0,1190.8351051882553,155.16489481174472
15772,785.0,729.7122649977563,55.28773500224372
15782,1080.0,960.9864586789594,119.01354132104063
15784,1060.0,1106.973513888492,-46.97351388849211
15791,1157.0,1133.4025958285206,23.59740417147941
15795,815.0,645.2482758224809,169.75172417751912
15796,855.0,900.8279871535935,-45.82798715359354
15808,1145.0,1030.8036382928142,114.19636170718582
15820,1320.0,1169.3286812106717,150.67131878932832
15862,1295.0,1022.36897513694,272.63102486306
15872,850.0,952.2145619699797,-102.21456196997974
15910,1195.0,1158.9677534385905,36.032246561409465
15946,980.0,1087.1360692406408,-107.13606924064084
15949,1169.0,1017.9130747250124,151.0869252749876
15956,1266.0,1207.0916324839231,58.90836751607685
15960,1060.0,971.6597099343214,88.34029006567857
15970,1105.0,1104.4401938879394,0.5598061120606417
15973,985.0,631.151013389945,353.848986610055
15986,1155.0,1032.008770658467,122.99122934153297
15991,1110.0,1001.3049026251527,108.69509737484725
15994,1210.0,1111.1009138767865,98.89908612321346
16000,775.0,574.9416587457323,200.0583412542677
16043,1205.0,1053.3993244097524,151.60067559024765
16057,1090.0,1067.919937513248,22.080062486752013
16073,936.0,915.1979620926918,20.802037907308204
16086,1400.0,1177.1767387755317,222.8232612244683
16163,1273.0,1373.9420304240336,-100.94203042403365
16166,1075.0,934.696765068978,140.30323493102196
16189,794.0,665.8223745449143,128.17762545508572
16206,1379.0,1106.8385551652914,272.1614448347086
16213,1135.0,921.3261462229523,213.67385377704773
16250,1223.0,1097.0942322564194,125.90576774358055
16274,1257.0,1023.3417148418408,233.65828515815917
16278,643.0,712.9990746013931,-69.99907460139309
16291,945.0,962.2145062078656,-17.21450620786561
16297,1201.0,1269.899032350621,-68.89903235062093
16304,606.0,669.9177987883086,-63.91779878830857
16319,875.0,725.1198531746031,149.88014682539688
16326,1210.0,1129.68236706947,80.31763293052995
16342,1151.0,1142.3621418709013,8.637858129098731
16355,830.0,728.495348404234,101.50465159576595
16372,1220.0,1122.0279627252194,97.97203727478063
16427,1005.0,970.5091153782395,34.49088462176053
16454,1340.0,1145.7684236934533,194.23157630654669
16455,1170.0,1080.3073472002043,89.69265279979572
16487,1200.0,1149.954966854416,50.04503314558406
16490,760.0,630.8860047750393,129.11399522496072
16504,1340.0,1117.4448837277275,222.55511627227247
16512,727.0,1327.1520755358451,-600.1520755358451
16571,705.0,734.7607815223382,-29.76078152233822
16579,835.0,620.3578107406273,214.64218925937269
16580,1345.0,1241.394966554823,103.60503344517701
16584,1200.0,1266.4636303591997,-66.46363035919967
16587,820.0,590.1864891170651,229.8135108829349
16588,720.0,745.964482773471,-25.96448277347099
16602,1080.0,1189.8649080951973,-109.86490809519728
16615,1248.0,1263.905597478699,-15.905597478699065
16625,1545.0,1246.200675788574,298.799324211426
16629,1160.0,1206.0019568255138,-46.001956825513844
16639,1320.0,928.6840746753242,391.31592532467585
16680,375.0,1170.7914782483567,-795.7914782483567
16688,1455.0,1335.881466974389,119.11853302561099
16699,1380.0,1108.7300528569333,271.2699471430667
16708,1120.0,1161.4334232017927,-41.43342320179272
16709,1240.0,1343.3325312357895,-103.33253123578947
16738,826.0,540.1178174603174,285.8821825396826
16739,1190.0,1078.324254076538,111.67574592346205
16748,1315.0,1196.4802499063067,118.51975009369335
16759,743.0,550.340478543561,192.65952145643905
16764,1570.0,1273.7566545090147,296.24334549098535
16778,1378.0,1170.638966665665,207.36103333433493
16779,1165.0,1005.4344441068405,159.5655558931595
16782,1159.0,1085.0726586171027,73.92734138289734
16799,700.0,666.0181082305298,33.98189176947017
16812,890.0,980.0170816386252,-90.0170816386252
16822,1140.0,994.3687414041647,145.63125859583533
16835,1325.0,1169.6264252471626,155.37357475283738
16850,1210.0,1048.9321274238675,161.06787257613246
16895,970.0,1012.402875712745,-42.40287571274496
16897,1005.0,736.9080499966495,268.09195000335046
16920,825.0,645.0807365566682,179.91926344333183
16923,620.0,688.7997483437193,-68.79974834371933
16933,1130.0,1067.9708382066785,62.029161793321464
16936,778.0,726.8477921293367,51.15220787066335
16951,1265.0,1092.2449483331511,172.75505166684889
16973,1010.0,717.9380355861805,292.0619644138195
16990,1090.0,991.1493488132517,98.85065118674834
16993,1225.0,998.9997808259398,226.00021917406025
16994,1720.0,1370.8806496718278,349.11935032817223
17002,1410.0,1232.2340268925846,177.76597310741545
17004,1353.0,1393.09235421275,-40.092354212750024
17027,840.0,793.9480615505169,46.051938449483146
17028,735.0,818.216299768157,-83.216299768157
17033,1375.0,1229.2846187593307,145.71538124066933
17055,1265.0,934.1046596782064,330.8953403217936
17080,510.0,564.5513605106577,-54.55136051065767
17086,1335.0,1197.777238066316,137.22276193368407
17103,922.0,1105.6120780230347,-183.61207802303466
17108,630.0,752.0722445346552,-122.07224453465517
17127,945.0,750.200666461241,194.79933353875902
17143,1382.0,1348.0332968628195,33.9667031371805
17167,1074.0,1020.9392838745613,53.06071612543872
17169,1485.0,1093.9355610424652,391.0644389575348
17190,825.0,704.233823040233,120.766176959767
17196,750.0,691.6828808579877,58.3171191420123
17197,1470.0,1204.4412476337166,265.55875236628344
17209,1430.0,1319.038720036566,110.96127996343398
17228,839.0,892.9097234085702,-53.909723408570244
17232,1300.0,1014.9880478764387,285.0119521235613
17261,715.0,694.8219203105974,20.17807968940258
17264,1155.0,1128.0529345967848,26.94706540321522
17299,1146.0,1179.904357804479,-33.904357804479105
17304,555.0,501.18644141648923,53.81355858351077
17305,1782.0,1308.5261380643979,473.47386193560214
17306,840.0,735.9322526200683,104.06774737993169
17307,918.0,691.0224516683146,226.9775483316854
17324,848.0,729.4551003457084,118.54489965429161
17335,849.0,550.4511894473676,298.5488105526324
17339,860.0,743.5734383311184,116.42656166888162
17353,1215.0,1224.1053151122871,-9.105315112287144
17357,1060.0,1070.0439607293213,-10.04396072932127
17364,1370.0,1087.1063201037255,282.89367989627453
17365,640.0,606.2971123163072,33.70288768369278
17370,798.0,706.6952522201113,91.30474777988866
17389,815.0,646.3038100298244,168.69618997017562
17393,1559.0,1307.4638167657765,251.53618323422347
17412,620.0,605.8541408382025,14.145859161797489
17432,1350.0,1115.1367300229142,234.8632699770858
17460,1510.0,1140.6859558482438,369.3140441517562
17467,1124.0,1170.4218187830684,-46.421818783068375
17501,1205.0,1080.5843355378267,124.41566446217325
17533,1370.0,1315.8485453464011,54.151454653598876
17543,825.0,658.7392639466733,166.2607360533267
17578,823.0,730.8122063519494,92.18779364805062
17611,1100.0,1022.9987738747268,77.0012261252732
17612,1080.0,936.0472124488999,143.95278755110007
17616,1053.0,855.9336610820619,197.06633891793808
17630,1305.0,1219.3661988813355,85.63380111866445
17637,1320.0,1335.4800042252186,-15.480004225218636
17659,1195.0,1072.5569234131485,122.44307658685148
17660,1365.0,1221.1943983228782,143.80560167712179
17661,1585.0,1204.8448682376288,380.1551317623712
17673,1062.0,1072.728801615018,-10.728801615018028
17689,734.0,640.6834551111713,93.31654488882873
17704,1043.0,986.9153619962157,56.084638003784335
17720,540.0,571.6710030447849,-31.671003044784925
17724,1180.0,1083.8631085560864,96.13689144391356
17725,1210.0,1012.9679492474012,197.03205075259882
17735,1255.0,988.577618717917,266.42238128208305
17753,1280.0,1100.296244356207,179.7037556437931
17759,1190.0,1274.9299984077893,-84.9299984077893
17769,1537.0,1244.5745583608227,292.4254416391773
17783,887.0,729.021651181949,157.97834881805102
17787,755.0,692.755479827417,62.24452017258295
17789,845.0,970.5002155430811,-125.50021554308114
17805,1035.0,1067.9850870590165,-32.98508705901645
17810,920.0,829.6516350898003,90.34836491019973
17835,910.0,810.9637010582012,99.0362989417988
17848,1205.0,1156.7085927178118,48.291407282188175
17855,1220.0,1006.7343306082627,213.26566939173733
17865,690.0,612.5842600351119,77.41573996488808
17866,825.0,695.5260489773367,129.4739510226633
17878,695.0,660.0320157736295,34.967984226370504
17880,1301.0,1051.017934526998,249.98206547300197
17918,780.0,629.0039105972818,150.9960894027182
17932,1357.0,1186.8959513047403,170.10404869525973
17933,1440.0,1220.464702041402,219.535297958598
17941,1220.0,1141.4129905788138,78.58700942118617
17943,1230.0,1206.1827259587087,23.817274041291284
17954,783.0,709.7596511965677,73.24034880343231
17965,1340.0,1381.2816826936871,-41.28168269368712
17966,1235.0,1146.6493150218128,88.35068497818725
17974,575.0,674.5020518537245,-99.50205185372454
18018,1345.0,1069.3614937933573,275.63850620664266
18038,1455.0,1255.2954957940146,199.70450420598536
18054,1390.0,1147.0254531500914,242.97454684990862
18058,555.0,698.063613896637,-143.06361389663698
18059,1446.0,1145.9896356573772,300.0103643426228
18088,1315.0,1231.1025668640818,83.89743313591816
18094,785.0,695.6171400534923,89.38285994650766
18105,1085.0,945.2155036417327,139.78449635826735
18107,1480.0,1176.705146329205,303.29485367079496
18116,635.0,671.1968585832645,-36.19685858326454
18125,1015.0,983.762391652474,31.23760834752602
18131,751.0,526.7449983288411,224.25500167115888
18137,1295.0,1234.2063110325391,60.79368896746087
18152,963.0,749.1222455418385,213.87775445816146
18161,716.0,651.8398557348073,64.16014426519268
18165,1360.0,1191.3969292968584,168.6030707031416
18171,1557.0,1329.6464182849986,227.35358171500138
18189,1065.0,876.6635518954811,188.33644810451892
18197,807.0,766.0878888571422,40.91211114285784
18255,825.0,622.0392260188786,202.9607739811214
18266,700.0,682.813964760755,17.18603523924503
18268,860.0,1064.0876096445413,-204.08760964454132
18280,1260.0,1122.849635781022,137.15036421897798
18286,845.0,728.014595311568,116.98540468843203
18294,1322.0,1079.5911940673507,242.40880593264933
18296,850.0,761.3346555828958,88.66534441710417
18308,1405.0,1172.0285723219772,232.9714276780228
18342,1420.0,1185.9233486949254,234.07665130507462
18372,755.0,665.280212291438,89.71978770856197
18382,1125.0,1236.8529724094524,-111.85297240945238
18394,895.0,659.0948070604901,235.9051929395099
18403,1250.0,1070.7548152135266,179.24518478647337
18405,1145.0,1063.6895639092193,81.31043609078074
18408,643.0,685.4363800582917,-42.43638005829166
18421,1180.0,1216.2238900449197,-36.2238900449197
18429,1069.0,1068.0379373537255,0.9620626462744895
18441,1215.0,987.1751305035261,227.82486949647387
18447,1301.0,1249.2492725602508,51.7507274397492
18460,750.0,708.3405450274986,41.65945497250141
18472,1480.0,1161.1625469822477,318.8374530177523
18478,1105.0,1102.7227973855502,2.277202614449834
18518,1180.0,1245.417557408895,-65.41755740889494
18520,770.0,728.0514946322857,41.94850536771435
18521,1315.0,1000.9986118354798,314.0013881645202
18538,1415.0,1223.2587549263828,191.74124507361716
18551,1485.0,1179.6265937478488,305.3734062521512
18553,1578.0,1156.2653733024008,421.7346266975992
18555,1070.0,969.1829484318273,100.8170515681727
18588,1002.0,654.5116390040537,347.4883609959463
18594,814.0,600.0393120312958,213.96068796870418
18602,1063.0,1198.722572682377,-135.72257268237695
18603,1140.0,1204.0288294082002,-64.02882940820018
18608,1065.0,1169.4941635147195,-104.4941635147195
18631,1380.0,1298.412414837227,81.58758516277294
18676,1238.0,1149.968467781726,88.03153221827392
18679,1405.0,1150.065912043101,254.93408795689902
18686,1490.0,1268.3663935415655,221.63360645843454
18691,595.0,710.5100712516123,-115.51007125161232
18704,858.0,717.9923677046479,140.0076322953521
18728,1205.0,1090.3361937996083,114.66380620039172
18733,685.0,708.9905660921615,-23.990566092161544
18734,935.0,865.9520315999393,69.04796840006065
18763,1215.0,1044.3750054596167,170.62499454038334
18774,900.0,698.3596773932801,201.6403226067199
18791,811.0,677.6989934701423,133.30100652985766
18859,1050.0,1122.4881725812113,-72.4881725812113
18892,860.0,758.850388881716,101.14961111828404
18902,1040.0,1077.3314359724286,-37.33143597242861
18920,1085.0,1168.098170363198,-83.09817036319805
18921,870.0,757.7930430044106,112.2069569955894
18936,1620.0,1275.7424360678197,344.25756393218035
18955,690.0,702.7727871424053,-12.772787142405264
18964,1030.0,1004.4455712648797,25.55442873512027
18991,1410.0,1130.832024241979,279.16797575802093
18995,1404.0,1327.498431921465,76.501568078535
19003,992.0,984.381074434824,7.618925565176028
19008,1305.0,1097.6426542925003,207.3573457074997
19034,855.0,1174.5769892327453,-319.5769892327453
19036,920.0,1029.7073859448458,-109.70738594484578
19048,710.0,715.9508694845819,-5.950869484581858
19086,750.0,678.2953537961956,71.70464620380437
19093,1025.0,984.7625210071244,40.237478992875594
19097,650.0,674.0303598374707,-24.030359837470655
19108,1087.0,1115.4670019920268,-28.46700199202678
19112,1520.0,1190.4901541945642,329.5098458054358
19130,825.0,699.269341269841,125.730658730159
19136,1505.0,1207.0422441426595,297.95775585734054
19153,1124.0,1090.3361937996083,33.66380620039172
19157,1195.0,1015.3802374531705,179.61976254682952
19191,1105.0,1160.9780882978405,-55.978088297840486
19192,730.0,803.6804911670662,-73.68049116706618
19218,1170.0,1174.596974815465,-4.596974815465046
19219,720.0,627.0280347530403,92.97196524695971
19241,814.0,659.7379523389574,154.26204766104263
19269,1345.0,1183.7804156249933,161.21958437500666
19275,845.0,741.0398515886117,103.96014841138833
19296,1240.0,1058.8434864169121,181.15651358308787
19368,1340.0,1178.8818737929682,161.11812620703176
19380,1290.0,1258.8123709584727,31.187629041527316
19393,925.0,729.4498430809799,195.55015691902008
19398,1390.0,1187.4244170326915,202.5755829673085
19403,1290.0,1223.7839427346248,66.21605726537518
19417,1334.0,1284.1344214200928,49.86557857990715
19419,1465.0,1228.434814056927,236.56518594307295
19443,1407.0,1070.042699542849,336.95730045715095
19444,1080.0,1256.5088060521314,-176.50880605213138
19451,814.0,722.7178765173032,91.28212348269676
19459,933.0,759.3992808408897,173.60071915911033
19472,620.0,688.7599542503062,-68.75995425030624
19485,1205.0,1144.6259796126121,60.37402038738787
19495,1190.0,1008.5889007440927,181.4110992559073
19507,1140.0,1045.266407707033,94.73359229296693
19509,1210.0,1265.5491689157575,-55.54916891575749
19512,901.0,1168.40344619942,-267.40344619941993
19542,1114.0,1218.7902178001577,-104.79021780015773
19566,1445.0,1260.1580429529495,184.84195704705053
19583,1360.0,1237.7894067116815,122.21059328831848
19584,856.0,792.6084945740488,63.39150542595121
19592,860.0,724.3181739262963,135.68182607370375
19597,1317.0,1351.6736136851302,-34.67361368513025
19599,1370.0,1293.5174844700139,76.48251552998613
19601,1201.0,1192.3318881899766,8.668111810023447
19627,1235.0,1211.614537031814,23.385462968185948
19639,1160.0,1169.6123130978178,-9.612313097817832
19664,760.0,647.5330801040218,112.46691989597821
19676,1570.0,1361.8368512099728,208.1631487900272
19678,670.0,761.909744712789,-91.909744712789
19682,685.0,1000.1387915802792,-315.1387915802792
19730,1130.0,1017.0315170277581,112.96848297224187
19760,620.0,642.5144068121906,-22.5144068121906
19773,1160.0,1111.7766817486788,48.22331825132119
19804,980.0,1048.8004563143668,-68.80045631436678
19813,1135.0,986.5353859864744,148.46461401352565
19845,950.0,739.1052605710903,210.8947394289097
19862,1325.0,1298.049835017686,26.950164982313936
19891,1450.0,1357.0582926058262,92.94170739417382
19904,1032.0,991.6557834919444,40.34421650805564
19909,895.0,1105.7218251432673,-210.72182514326732
19919,770.0,692.77065855149,77.22934144851001
19937,640.0,643.9007464457275,-3.9007464457274637
19949,1240.0,1177.8470210306539,62.15297896934612
19970,1250.0,932.1704373313877,317.8295626686123
19993,1350.0,1291.4246254028817,58.5753745971183
20001,1014.0,948.6600396825402,65.33996031745983
20002,875.0,675.9088287255845,199.0911712744155
20041,720.0,642.1995099731143,77.80049002688565
20095,1180.0,1113.3345022989108,66.66549770108918
20114,1080.0,941.0039189458448,138.99608105415518
20120,1155.0,1206.6756441376583,-51.67564413765831
20122,1160.0,1116.0620079913929,43.937992008607125
20123,1145.0,1092.6383705215499,52.36162947845014
20126,1265.0,1137.8388580415474,127.16114195845262
20153,1005.0,1122.6863805690662,-117.68638056906616
20172,615.0,594.3711459162342,20.62885408376576
20181,1632.0,1217.9653847105967,414.0346152894033
20183,795.0,696.6998268404951,98.30017315950488
20220,1065.0,1056.294096860302,8.705903139697966
20223,1265.0,1196.5528135456095,68.44718645439048
20231,1083.0,951.4055208375241,131.59447916247586
20238,1235.0,1195.724239461215,39.27576053878511
20287,1515.0,1210.2042316086422,304.7957683913578
20293,1230.0,984.7625210071244,245.2374789928756
20301,1335.0,1200.3502977609305,134.64970223906948
20319,1460.0,1139.8042053776503,320.1957946223497
20349,1113.0,1077.6177499461874,35.38225005381264
20370,1120.0,1238.2858203269138,-118.28582032691384
20392,1085.0,728.3216483258097,356.67835167419025
20404,588.0,714.5013400531451,-126.5013400531451
20421,790.0,1040.3191178588402,-250.31911785884017
20423,1615.0,1317.8068070991371,297.19319290086287
20499,1145.0,1170.115784285625,-25.115784285625068
20515,1240.0,1274.113860139756,-34.11386013975607
20543,1425.0,1212.5364146820752,212.46358531792475
20561,765.0,631.7231444533616,133.27685554663844
20571,1235.0,1079.4251892837651,155.57481071623488
20573,830.0,1072.4520790478427,-242.45207904784274
20603,1198.0,1319.5749676156338,-121.5749676156338
20622,770.0,705.5107965422459,64.48920345775412
20643,1130.0,1029.0764249515748,100.92357504842516
20646,870.0,968.9348779658116,-98.93487796581155
20675,790.0,642.5415722530997,147.45842774690027
20676,825.0,609.6583620693134,215.3416379306866
20678,615.0,700.5148169963181,-85.51481699631813
20679,1260.0,1126.1447918882106,133.85520811178935
20690,870.0,747.4913443636311,122.50865563636887
20699,1145.0,1119.721681531225,25.27831846877507
20736,700.0,754.6458505747454,-54.645850574745396
20750,710.0,595.8155856856756,114.18441431432439
20781,1195.0,1079.8967009444314,115.10329905556864
20783,1130.0,837.0026113029976,292.9973886970024
20791,1290.0,1087.3470793650797,202.6529206349203
20793,575.0,668.2823056972784,-93.28230569727839
20796,1350.0,1124.5424809172355,225.45751908276452
20802,1169.0,1171.188393440014,-2.188393440013897
20809,940.0,960.466147460452,-20.46614746045202
20816,1100.0,1094.8381998015282,5.161800198471838
20820,740.0,682.5608987365786,57.439101263421435
20827,620.0,566.2901071428571,53.709892857142904
20830,1250.0,1100.1432535279584,149.85674647204155
20845,760.0,712.8602302673289,47.139769732671084
20858,1325.0,1263.3869847226724,61.61301527732758
20873,1355.0,1000.4936398392621,354.5063601607379
20931,1355.0,1193.0450165271088,161.95498347289117
20962,654.0,518.6535398861256,135.3464601138744
20964,870.0,828.3507802910057,41.64921970899434
20969,1021.0,1080.956162278622,-59.95616227862206
21016,622.0,703.9247980717669,-81.92479807176687
21028,530.0,615.0856723524328,-85.08567235243277
21051,1398.0,1241.4351541779904,156.5648458220096
21075,519.0,739.0140744167097,-220.01407441670972
21083,1360.0,1269.913251027322,90.08674897267792
21132,641.0,626.7095470831049,14.290452916895106
21134,795.0,703.2343453733575,91.76565462664246
21150,1075.0,1070.95713647343,4.042863526570045
21154,753.0,659.7854620562651,93.21453794373485
21155,1435.0,1197.7420880956815,237.25791190431846
21191,1110.0,966.9774340922434,143.02256590775664
21197,663.0,649.936944774037,13.063055225963012
21200,1325.0,1286.401271729818,38.59872827018194
21230,1445.0,1140.293040487692,304.706959512308
21232,1445.0,1169.7772673589839,275.22273264101614
21235,1240.0,1094.7926757435603,145.20732425643973
21240,755.0,693.9940848589299,61.00591514107009
21256,1135.0,1161.8218282417442,-26.821828241744242
21260,1422.0,1195.7776679967574,226.22233200324263
21267,945.0,762.8007865448045,182.1992134551955
21290,660.0,706.175661615346,-46.17566161534603
21336,1100.0,792.0493024290528,307.9506975709472
21348,1220.0,1233.8927049590993,-13.89270495909932
21376,1230.0,1225.8538511409524,4.146148859047571
21453,1131.0,1231.4587718265025,-100.45877182650247
21458,1506.0,1170.314462029946,335.68553797005393
21469,1257.0,1228.9801697162295,28.01983028377049
21482,848.0,1037.173075781633,-189.1730757816331
21489,1113.0,1197.865025769095,-84.86502576909493
21542,1312.0,1172.3664373992146,139.63356260078535
21556,922.0,639.380673694226,282.61932630577405
21566,1845.0,1073.8920289786759,771.1079710213241
21576,1170.0,970.5955918989823,199.40440810101768
21577,688.0,591.7180157276869,96.28198427231314
21583,1350.0,1155.400532971182,194.59946702881803
21629,1310.0,1193.4379197745113,116.56208022548867
21641,1000.0,1079.8696515863087,-79.86965158630869
21682,975.0,640.5045063983482,334.4954936016518
21695,1329.0,1310.0478577605334,18.95214223946664
21707,1360.0,1208.1123835774035,151.88761642259647
21743,1225.0,1072.9675487918912,152.0324512081088
21769,820.0,949.0131829230355,-129.01318292303552
21776,670.0,632.9481180984079,37.05188190159208
21793,1285.0,1184.4074473419785,100.59255265802153
21800,955.0,1051.3744343265193,-96.37443432651935
21834,785.0,764.56820234548,20.431797654519983
21852,570.0,650.3547254767315,-80.35472547673146
21863,958.0,731.1103796648384,226.88962033516157
21866,640.0,637.6625242386464,2.3374757613536303
21868,1233.0,1080.4259679116153,152.57403208838468
21884,1130.0,972.4534643219299,157.5465356780701
21894,862.0,1205.7179761664759,-343.71797616647586
21913,1065.0,998.21309605207,66.78690394793
21915,504.0,577.9365176343009,-73.93651763430091
21947,1170.0,991.0807901323822,178.91920986761784
21949,765.0,694.9586116838892,70.04138831611078
21986,805.0,698.3742275132274,106.62577248677258
22070,1220.0,1040.3191178588402,179.68088214115983
22094,1295.0,1246.955375934518,48.04462406548191
22104,810.0,825.2047558312123,-15.20475583121231
22114,695.0,685.8325285170494,9.167471482950646
22132,1091.0,913.672791294616,177.327208705384
22133,750.0,644.4417542890332,105.55824571096684
22157,760.0,1114.7613368299644,-354.7613368299644
22161,1235.0,1111.9600951068376,123.03990489316243
22193,773.0,695.6737149016998,77.32628509830022
22203,1035.0,957.1442464752796,77.8557535247204
22204,740.0,714.8556382312038,25.144361768796216
22207,790.0,616.5666436089377,173.43335639106226
22212,760.0,633.7930412396279,126.20695876037212
22213,620.0,755.0946206014636,-135.0946206014636
22222,1310.0,1261.5345715200915,48.465428479908496
22264,1465.0,1285.8880586090665,179.11194139093345
22291,1451.0,1168.3624447504274,282.63755524957264
22292,543.0,782.1171273538365,-239.1171273538365
22296,1165.0,1174.5804329439961,-9.58043294399613
22300,1180.0,1074.5747134899343,105.42528651006569
22321,730.0,622.084740379809,107.91525962019102
22338,1350.0,1190.7223580020798,159.27764199792023
22340,1093.0,774.6035935171858,318.3964064828142
22359,1215.0,1183.801148539083,31.198851460917012
22360,765.0,733.0405149565773,31.95948504342266
22362,1275.0,1208.4536865472671,66.54631345273287
22385,825.0,648.6461022521614,176.35389774783857
22401,1298.0,1198.8976965387292,99.10230346127082
22411,915.0,1028.0683340504966,-113.06833405049656
22426,1310.0,1097.291378909551,212.70862109044901
22448,1369.0,1280.1501697816282,88.84983021837184
22450,1080.0,1211.0902833012667,-131.0902833012667
22465,1010.0,755.7225357775918,254.27746422240818
22475,1325.0,1231.0915411835854,93.90845881641462
22478,705.0,586.1763034799251,118.82369652007492
22492,1375.0,1055.7487999061655,319.25120009383454
22507,562.0,696.5772302984974,-134.5772302984974
22508,651.0,748.3607172437619,-97.36071724376188
22525,710.0,678.3261508897278,31.673849110272158
22528,1270.0,1221.1943983228782,48.805601677121786
22550,600.0,590.7115119047617,9.288488095238336
22604,770.0,746.8186019672249,23.181398032775064
22606,1170.0,1126.6862609891177,43.31373901088227
22627,940.0,903.2475817539279,36.752418246072125
22635,1130.0,1092.9311255290388,37.06887447096119
22643,840.0,782.8271185801452,57.172881419854775
22655,1330.0,1286.142546993526,43.85745300647409
22671,725.0,694.2304331415801,30.76956685841992
22689,1590.0,1272.067624777487,317.932375222513
22690,1200.0,1280.234726489441,-80.23472648944107
22693,870.0,1217.8056873641733,-347.8056873641733
22703,1150.0,1205.0603738296254,-55.060373829625405
22714,710.0,656.411675082582,53.58832491741805
22733,620.0,646.65212777193,-26.652127771930054
22735,850.0,698.9360721008533,151.06392789914673
22750,720.0,756.8027897494803,-36.802789749480326
22772,1195.0,1037.2054263839943,157.79457361600566
22774,955.0,1098.0349819053629,-143.03498190536288
22789,1180.0,1166.3051575200386,13.69484247996138
22802,730.0,648.1202718270914,81.87972817290859
22814,631.0,630.7919286224634,0.2080713775366121
22837,1575.0,1266.1183184152092,308.88168158479084
22855,849.0,871.5314406349555,-22.531440634955516
22866,860.0,656.7580822505907,203.24191774940925
22876,790.0,1127.1679692333307,-337.1679692333307
22893,625.0,562.2536244636547,62.74637553634534
22914,782.0,613.923618190895,168.076381809105
22918,675.0,587.7785234633021,87.22147653669788
22934,743.0,689.7355761493765,53.26442385062353
22943,860.0,695.80551560599,164.19448439401003
22957,1180.0,1252.1593536966643,-72.15935369666431
22980,1395.0,1373.9420304240336,21.057969575966354
22985,700.0,633.8485836385834,66.15141636141664
22990,1504.0,1109.7231156166658,394.27688438333416
23004,1320.0,1214.133400252073,105.86659974792701
23046,1118.0,1168.7611000685665,-50.76110006856652
23051,840.0,726.0440282788219,113.95597172117812
23066,720.0,614.5994515606207,105.40054843937935
23095,895.0,602.3615724612202,292.63842753877975
23098,785.0,645.2211313051631,139.7788686948369
23115,1490.0,867.168492596239,622.831507403761
23152,891.0,705.7050049723258,185.2949950276742
23157,1165.0,1084.9139678204508,80.08603217954919
23191,992.0,1200.7856154295853,-208.78561542958528
23202,1750.0,1306.3585228588606,443.6414771411394
23215,1375.0,1203.2052339207687,171.7947660792313
23224,1162.0,1190.8132698412692,-28.813269841269175
23234,655.0,596.7862813254163,58.213718674583674
23262,1290.0,955.93596176473,334.06403823527
23275,637.0,707.2210219413374,-70.22102194133743
23299,723.0,686.9282031279671,36.071796872032905
23300,1360.0,1254.8942805300355,105.10571946996447
23318,1095.0,978.4923344262259,116.50766557377415
23326,1504.0,1055.2623943252988,448.7376056747012
23354,1195.0,1151.7692688976688,43.23073110233122
23369,595.0,727.3434879365216,-132.34348793652157
23380,1135.0,944.5215901686639,190.47840983133608
23395,1390.0,1196.2167145131,193.7832854869
23421,1110.0,1070.0229420523924,39.97705794760759
23426,1230.0,1104.3517883786321,125.64821162136786
23464,1132.0,1025.120175626896,106.87982437310393
23477,1020.0,1155.098550858195,-135.09855085819504
23485,683.0,614.637336015133,68.36266398486703
23490,1020.0,967.8914847698599,52.10851523014014
23493,710.0,697.2980898292778,12.701910170722158
23498,1100.0,952.8374125971436,147.1625874028564
23507,1270.0,1112.1429441731648,157.85705582683522
23523,1100.0,1020.6240005723001,79.37599942769987
23542,1190.0,1154.234027227292,35.76597277270798
23594,1070.0,1008.2277779168478,61.7722220831522
23600,1240.0,1080.4259679116153,159.57403208838468
23624,1215.0,1105.5147438671838,109.48525613281618
23652,1270.0,1035.7459481745993,234.25405182540067
23665,771.0,1199.2832994670648,-428.2832994670648
23671,1365.0,1137.3739142447005,227.62608575529953
23697,1260.0,1044.6974788112532,215.30252118874682
23713,1420.0,1056.202945206837,363.79705479316294
23731,1375.0,1172.7565786329621,202.24342136703785
23778,1267.0,1187.2365638137753,79.76343618622468
23784,1505.0,1079.2496356083166,425.75036439168343
23794,940.0,741.8505556109224,198.14944438907764
23827,1350.0,1196.6818905770763,153.31810942292373
23840,700.0,695.6183673425846,4.381632657415366
23856,953.0,767.2616463394824,185.73835366051765
23894,1140.0,1160.8865873796487,-20.886587379648745
23904,1625.0,1352.9689287393426,272.0310712606574
23918,630.0,669.9749117221673,-39.97491172216735
23923,960.0,1083.5366538362614,-123.5366538362614
23927,593.0,598.9055962713084,-5.9055962713083545
23934,1490.0,1234.2494924488606,255.75050755113944
23935,1003.0,1130.1365743259448,-127.13657432594482
23940,1333.0,1148.4690385838067,184.53096141619335
23967,1010.0,1123.741991196962,-113.74199119696209
23974,1110.0,914.057220049438,195.942779950562
23996,1230.0,1061.051149651189,168.948850348811
24002,1350.0,1209.70881451689,140.29118548310998
24005,1445.0,1146.4604819629888,298.53951803701125
24022,1115.0,1195.0574397344012,-80.05743973440121
24047,1440.0,1159.4606552037465,280.53934479625354
24055,750.0,599.9040095868155,150.0959904131845
24058,1281.0,1207.4047397811837,73.59526021881629
24073,700.0,660.2619318323289,39.738068167671145
24080,720.0,656.3537919975203,63.64620800247974
24091,1240.0,1178.6308028586666,61.369197141333416
24102,1007.0,1033.3535102102112,-26.353510210211198
24110,1190.0,1202.166894887298,-12.166894887297985
24113,1600.0,1156.6387059268147,443.36129407318526
24129,650.0,545.8855591836597,104.11444081634033
24156,1645.0,1238.4245791390917,406.57542086090825
24168,980.0,1011.8280779632299,-31.82807796322993
24170,1320.0,1091.8690626847556,228.1309373152444
24178,1130.0,1059.1049615909383,70.89503840906173
24203,882.0,644.0946046211599,237.90539537884013
24216,985.0,1193.617422705714,-208.61742270571403
24253,1110.0,1060.048994085981,49.951005914019106
24265,670.0,618.1748032214376,51.82519677856237
24281,830.0,672.0386484230908,157.96135157690924
24298,869.0,711.2294503047361,157.77054969526387
24302,849.0,948.9152831289072,-99.91528312890716
24331,1043.0,1170.008903163715,-127.0089031637151
24332,1345.0,1114.1336772876377,230.86632271236226
24362,690.0,524.414760846343,165.58523915365697
24366,1035.0,993.0445959802532,41.955404019746766
24370,1257.0,1239.0491276702007,17.950872329799267
24379,630.0,649.2079272766823,-19.207927276682312
24426,1075.0,1070.7704855743775,4.229514425622483
24436,525.0,709.2096076832469,-184.20960768324687
24462,1000.0,1089.4147914642563,-89.41479146425627
24465,1200.0,1036.0854946736297,163.91450532637032
24480,1376.0,1136.8275865816495,239.17241341835052
24487,1438.0,1076.4352034209778,361.5647965790222
24518,655.0,774.0745728391979,-119.07457283919791
24524,1180.0,1197.1242066707066,-17.1242066707066
24534,610.0,594.5825617036796,15.41743829632037
24535,1200.0,1154.330690200661,45.66930979933909
24536,1340.0,1264.3733638291692,75.6266361708308
24539,760.0,579.1738327258801,180.82616727411994
24540,667.0,539.399581125958,127.60041887404202
24546,1133.0,972.2117620628118,160.78823793718823
24582,880.0,1059.9049874413815,-179.90498744138154
24585,1190.0,1014.1382548066898,175.86174519331018
24598,1025.0,896.0086245496938,128.99137545030624
24603,1100.0,1103.5471120705615,-3.547112070561525
24629,935.0,1084.1670126383399,-149.16701263833988
24643,1640.0,1197.774821525808,442.22517847419203
24649,1345.0,1216.9216519941642,128.07834800583578
24653,1200.0,1314.6011150188604,-114.60111501886036
24662,691.0,724.3650465962867,-33.365046596286675
24689,1055.0,957.0134533722185,97.98654662778154
24702,1080.0,1210.606214887778,-130.60621488777792
24719,1200.0,1244.618776980168,-44.61877698016792
24731,920.0,715.4068280410701,204.59317195892993
24757,835.0,668.4749859395869,166.52501406041313
24772,1438.0,1266.4359582314255,171.5640417685745
24784,1120.0,1011.4723321669572,108.52766783304276
24810,1310.0,1410.1695914092145,-100.16959140921449
24811,640.0,738.9421933674156,-98.9421933674156
24823,1015.0,1126.0750696352334,-111.07506963523338
24832,1235.0,1038.2285728471913,196.77142715280866
24842,1315.0,1132.1459143717152,182.8540856282848
24894,1160.0,1021.0788859979858,138.92111400201418
24908,1230.0,1060.6018692670646,169.39813073293544
24912,870.0,963.2781056877627,-93.27810568776272
24916,1510.0,1280.789082923845,229.21091707615506
24922,610.0,655.5798565861437,-45.579856586143705
24943,1005.0,950.6996500901521,54.30034990984791
24955,1290.0,1122.8410443162738,167.15895568372616
24966,1284.0,1255.15171722139,28.848282778609928
24970,442.0,546.0984321219714,-104.09843212197143
24990,1290.0,1091.525251776744,198.47474822325603
24994,1315.0,941.7774353390404,373.2225646609596
25017,725.0,935.5256112701572,-210.52561127015724
25033,790.0,618.9897148692406,171.01028513075937
25051,1575.0,1236.8426511307287,338.15734886927135
25068,655.0,651.2719155058991,3.7280844941009263
25075,1380.0,1230.351740897887,149.6482591021129
25146,1260.0,1197.7101460038616,62.28985399613839
25155,1220.0,1157.6191477156372,62.380852284362845
25176,953.0,711.6167065464132,241.38329345358682
25190,965.0,734.5243078912139,230.47569210878612
25192,1400.0,1308.5512403196371,91.44875968036285
25203,1540.0,1109.346515080497,430.65348491950294
25205,930.0,1020.8633493446,-90.86334934460001
25215,1330.0,1031.3530959617392,298.6469040382608
25229,905.0,699.8129024239676,205.18709757603244
25236,1220.0,988.727441499575,231.27255850042502
25247,1180.0,949.3919181016528,230.60808189834722
25259,770.0,704.5191169052061,65.48088309479385
25290,950.0,651.1981281194359,298.80187188056414
25306,695.0,591.3675722184714,103.63242778152858
25312,1200.0,1199.5855588541199,0.4144411458801187
25331,1040.0,1207.5795671760195,-167.5795671760195
25359,610.0,662.182896457646,-52.18289645764605
25369,806.0,704.4292335482385,101.57076645176153
25381,1110.0,1042.999475163971,67.00052483602894
25383,568.0,1098.161177386828,-530.1611773868281
25393,1170.0,1217.682240894075,-47.682240894074994
25406,1153.0,1118.49236092524,34.507639074759936
25469,1030.0,1317.483186623654,-287.4831866236541
25478,600.0,783.2508239314029,-183.25082393140292
25483,1070.0,1009.4713690489347,60.52863095106534
25492,708.0,601.0196590649988,106.98034093500121
25506,1172.0,1109.9437185330592,62.056281466940845
25510,690.0,718.3085640674722,-28.30856406747216
25515,1025.0,1251.5101960018274,-226.51019600182735
25528,1068.0,738.9126845844502,329.0873154155498
25546,1155.0,999.2450902137242,155.7549097862758
25554,1245.0,1257.5502799401434,-12.550279940143355
25565,1095.0,767.7726299916843,327.2273700083157
25569,1626.0,1232.1765001298184,393.82349987018165
25579,1341.0,1128.2428517610683,212.75714823893168
25580,610.0,709.9516750233871,-99.95167502338711
25603,1190.0,1311.0705841512945,-121.0705841512945
25614,871.0,606.7823768329308,264.2176231670692
25625,1125.0,994.0660094271495,130.93399057285046
25634,841.0,936.8476427266419,-95.84764272664188
25639,875.0,938.0701324030367,-63.07013240303672
25656,650.0,645.7991341220584,4.200865877941624
25674,910.0,819.5946883587837,90.40531164121626
25704,1270.0,1077.1843428579282,192.8156571420718
25709,1310.0,1220.3546416362492,89.6453583637508
25724,1410.0,1267.421801687813,142.57819831218694
25729,1202.0,1126.6433739299912,75.35662607000882
25779,1355.0,1305.3611499535189,49.63885004648114
25780,1135.0,1181.0378942842215,-46.037894284221466
25805,1147.0,1195.1691238771448,-48.169123877144784
25817,1500.0,1188.0904153222823,311.9095846777177
25846,730.0,666.7443065376879,63.25569346231214
25847,948.0,1028.27973015873,-80.27973015872999
25851,1210.0,1095.0561408765693,114.94385912343068
25893,1378.0,1035.6273358049386,342.37266419506136
25919,1316.0,1111.5749901521465,204.42500984785352
25954,1515.0,1210.5448475452029,304.45515245479714
25965,1014.0,1068.2942712210067,-54.29427122100674
25975,670.0,655.4256387737962,14.574361226203791
25980,1130.0,1257.3249734565454,-127.32497345654542
25989,1020.0,967.0346953340209,52.96530466597915
26014,910.0,657.31228623253,252.68771376746997
26022,1015.0,1072.140691732695,-57.140691732694904
26023,678.0,586.8053219654958,91.19467803450425
26038,1435.0,1317.3427658497249,117.65723415027514
26069,650.0,620.5135400480904,29.486459951909637
26075,1160.0,1093.7339876664457,66.26601233355427
26103,1385.0,1270.033439290383,114.96656070961694
26153,1180.0,1053.6313280603815,126.36867193961848
26159,1185.0,1157.2663196417143,27.73368035828571
26162,1380.0,1276.1852535249973,103.81474647500272
26171,726.0,627.2232473997474,98.77675260025262
26198,925.0,638.93558502352,286.06441497647995
26246,1085.0,1193.1358954583513,-108.13589545835134
26254,740.0,645.9437376153129,94.0562623846871
26262,750.0,951.9085844857921,-201.90858448579206
26303,1140.0,961.5032034281614,178.49679657183856
26315,1070.0,1020.0092046147694,49.990795385230626
26338,695.0,766.642226686357,-71.64222668635705
26354,703.0,566.4041393350149,136.59586066498514
26413,1175.0,1157.7122229828879,17.28777701711215
26414,985.0,1033.8331293916126,-48.8331293916126
26449,1095.0,1003.4358275783939,91.56417242160614
26452,575.0,619.5183837524062,-44.51838375240618
26468,740.0,661.3696158927946,78.63038410720537
26514,1261.0,1097.43411773538,163.5658822646201
26536,910.0,714.959755364507,195.04024463549297
26539,1132.0,1064.4491612733818,67.55083872661817
26579,767.0,674.4525101552568,92.54748984474315
26586,1224.0,954.1099400008577,269.8900599991423
26611,1100.0,1064.4518459805133,35.548154019486674
26619,1047.0,1015.8403422737339,31.15965772626612
26634,1110.0,1101.2804602718818,8.719539728118207
26682,959.0,946.4110765890292,12.588923410970779
26704,772.0,697.2939450469227,74.70605495307734
26733,1515.0,1242.3783748864523,272.6216251135477
26736,1105.0,1051.8360359204905,53.16396407950947
26739,801.0,701.1120883432566,99.88791165674343
26752,1070.0,1032.827255104612,37.17274489538795
26765,1225.0,1302.3994142580361,-77.39941425803613
26782,739.0,698.6850052910056,40.31499470899439
26789,1280.0,1200.011571191796,79.98842880820393
26827,745.0,642.786827722625,102.21317227737495
26831,750.0,659.0217408728582,90.97825912714177
26837,810.0,759.2230142797596,50.77698572024042
26891,1272.0,1274.7015820993745,-2.701582099374491
26895,800.0,632.6924234203991,167.3075765796009
26914,1005.0,1131.1537219511054,-126.15372195110535
26928,1240.0,1010.4342401380544,229.5657598619456
26942,855.0,730.2160395637788,124.78396043622115
26992,1153.0,997.6184234649527,155.38157653504732
27061,723.0,688.8163807258164,34.18361927418357
27065,1320.0,949.7165752728123,370.2834247271877
27074,1040.0,961.3322794736401,78.66772052635986
27088,734.0,626.4227820832715,107.5772179167285
27090,570.0,626.4069039654473,-56.40690396544733
27097,1430.0,1147.0254531500914,282.9745468499086
27099,1300.0,1171.2319203727898,128.76807962721023
27108,1340.0,1183.6572805950027,156.3427194049973
27148,1058.0,1197.1374363326565,-139.13743633265653
27150,1320.0,988.6924098238128,331.3075901761872
27178,750.0,997.3073192937264,-247.30731929372644
27196,742.0,669.4119512910236,72.58804870897643
27199,1405.0,1298.9518790691097,106.04812093089026
27214,870.0,927.900919827165,-57.90091982716501
27217,1056.0,1234.382163169343,-178.3821631693429
27268,826.0,680.8866859326564,145.1133140673436
27315,1250.0,1081.8688429763565,168.13115702364348
27322,749.0,615.4612129337863,133.53878706621367
27325,638.0,573.7925855522325,64.20741444776752
27331,800.0,651.4436971345758,148.5563028654242
27338,900.0,943.8427603436878,-43.842760343687814
27397,1280.0,1058.7679150116257,221.23208498837425
27404,860.0,929.4136204642011,-69.41362046420113
27409,854.0,707.021288900395,146.978711099605
27450,988.0,978.8902273259923,9.109772674007672
27453,1110.0,1134.8132827516376,-24.813282751637644
27455,645.0,724.2790885066013,-79.27908850660128
27461,1090.0,1010.5741249530489,79.42587504695109
27463,945.0,1060.3005108102993,-115.30051081029933
27497,1010.0,735.2213476865811,274.7786523134189
27501,1190.0,1356.131399843022,-166.1313998430221
27534,1160.0,1205.0004146553902,-45.00041465539016
27543,710.0,658.1620603588644,51.83793964113556
27598,1563.0,1234.382163169343,328.6178368306571
27604,635.0,706.2160215592673,-71.21602155926735
27614,1179.0,1095.3010525971233,83.69894740287668
27622,1130.0,1111.7003028137578,18.299697186242156
27626,582.0,738.5802735103913,-156.5802735103913
27627,1170.0,1165.2514208573295,4.748579142670451
27634,1190.0,1054.0936735086746,135.90632649132544
27672,540.0,639.7330532422084,-99.73305324220837
27723,1325.0,1212.5364146820752,112.46358531792475
27736,575.0,666.6173498110521,-91.61734981105212
27770,876.0,1023.3457340159061,-147.34573401590615
27782,1160.0,1179.8721013485147,-19.87210134851466
27793,962.0,1011.4638963200695,-49.463896320069466
27795,795.0,785.371243945135,9.628756054864994
27834,680.0,759.2957133420123,-79.29571334201228
27857,1040.0,1055.6581259473003,-15.658125947300277
27873,1180.0,1011.5161164593683,168.48388354063172
27974,1323.0,1091.4014778700478,231.59852212995224
27983,1635.0,1272.0105310191807,362.9894689808193
27992,1040.0,1158.384767888847,-118.38476788884691
28003,1545.0,1141.2704930102116,403.72950698978843
28005,1363.0,1258.712735494097,104.28726450590307
28040,1625.0,1334.5897432741951,290.41025672580486
28053,1290.0,1212.079993894747,77.92000610525292
28080,1378.0,1188.1994942089987,189.80050579100134
28116,835.0,1078.9417964413265,-243.94179644132646
28127,1170.0,1222.1436922578478,-52.14369225784776
28132,819.0,699.2209976413176,119.77900235868242
28138,967.0,717.7093955415437,249.2906044584563
28139,685.0,631.7578298873838,53.242170112616236
28141,1487.0,691.9121810987933,795.0878189012067
28145,1279.0,1215.8983101266854,63.101689873314626
28150,1105.0,1066.4220594552232,38.577940544776766
28151,590.0,687.3944962222045,-97.39449622220445
28166,1058.0,1070.6327931740227,-12.632793174022709
28186,564.0,610.3264104581355,-46.326410458135456
28190,1075.0,1052.8017823778243,22.19821762217566
28196,1040.0,906.9119116986074,133.08808830139265
28221,1305.0,1138.1376987075246,166.86230129247542
28222,1295.0,1056.938916991661,238.06108300833898
28237,770.0,875.5853668851906,-105.58536688519064
28241,851.0,729.794362438391,121.20563756160902
28303,980.0,1028.0683902227656,-48.06839022276563
28322,715.0,634.8898253797253,80.11017462027473
28335,1185.0,1121.9116654395561,63.088334560443855
28343,709.0,743.8745194407459,-34.87451944074587
28347,760.0,571.1673065021891,188.83269349781085
28385,1170.0,1057.9580659499095,112.0419340500905
28388,1091.0,1252.0697859507168,-161.06978595071678
28396,745.0,692.8107948329097,52.189205167090336
28403,850.0,690.5441678384237,159.45583216157627
28449,1095.0,1253.1782345213055,-158.1782345213055
28456,820.0,702.5496834145011,117.45031658549885
28463,560.0,550.7062393391369,9.293760660863086
28521,862.0,657.3383150685872,204.66168493141276
28522,1263.0,1021.0788859979858,241.92111400201418
28538,1480.0,1138.4485200918343,341.5514799081657
28549,1090.0,1193.1081548014413,-103.10815480144129
28587,702.0,597.1361586778295,104.86384132217052
28628,1150.0,982.3360735364596,167.6639264635404
28637,1268.0,1243.1792618184436,24.820738181556408
28668,571.0,568.6684847594951,2.3315152405049275
28669,1110.0,926.1615769645118,183.83842303548818
28693,1113.0,1104.4401938879394,8.559806112060642
28707,1055.0,904.7949590254237,150.20504097457626
28718,1350.0,1206.8252457047556,143.17475429524438
28719,1120.0,1140.6681413043714,-20.668141304371375
28764,1320.0,1098.0257405967363,221.97425940326366
28780,1140.0,1091.4446073245656,48.555392675434405
28790,1160.0,1210.303987327006,-50.3039873270061
28817,871.0,850.5383921050916,20.46160789490841
28874,1245.0,1086.1769905557403,158.8230094442597
28889,1160.0,1199.3494192453807,-39.34941924538066
28890,1090.0,1178.922946097806,-88.92294609780606
28893,742.0,700.7750712380065,41.22492876199351
28897,1190.0,1024.9849055147754,165.0150944852246
28902,1240.0,1188.3449159837012,51.655084016298815
28944,690.0,718.0725394463825,-28.072539446382507
28978,1285.0,1079.6075036623422,205.3924963376578
28997,1485.0,1137.3098116847375,347.6901883152625
29015,505.0,665.3330199733364,-160.33301997333638
29053,1180.0,1220.0846449411977,-40.084644941197666
29095,922.0,697.5895806890936,224.41041931090638
29096,765.0,649.8243777314333,115.17562226856671
29122,1525.0,1076.1732974609658,448.82670253903416
29143,1390.0,1251.9000395323392,138.09996046766082
29151,868.0,663.5530258658363,204.44697413416372
29155,1395.0,1176.2888775458434,218.71112245415657
29197,670.0,643.4391866282766,26.560813371723384
29217,474.0,655.5798565861437,-181.5798565861437
29229,1215.0,1045.1610917405078,169.8389082594922
29239,1255.0,1285.5271115008243,-30.527111500824276
29283,1230.0,1207.8225549115166,22.17744508848341
29297,800.0,662.4239827368065,137.57601726319353
29329,1135.0,1177.152376120117,-42.15237612011697
29359,707.0,823.1225013682179,-116.12250136821785
29372,1047.0,1074.5747134899343,-27.57471348993431
29404,773.0,676.3760336660545,96.62396633394553
29488,1430.0,1254.1469775255605,175.8530224744395
29489,995.0,722.8301016178542,272.1698983821458
29517,1240.0,1104.3163462965274,135.6836537034726
29520,1085.0,992.5388941806603,92.46110581933965
29522,1283.0,1090.0535224298403,192.9464775701597
29580,1158.0,1035.3874191919188,122.61258080808125
29584,741.0,713.7516608900481,27.24833910995187
29598,1109.0,1021.2048229890837,87.79517701091629
29609,1205.0,1231.1202008206585,-26.12020082065851
29657,822.0,664.9370308752556,157.06296912474443
29704,1455.0,1188.9986256226732,266.0013743773268
29734,505.0,741.0418460095908,-236.0418460095908
29751,745.0,712.051741477318,32.948258522681954
29796,1230.0,1009.3955126290892,220.60448737091076
29848,735.0,648.0487781593515,86.95122184064849
29984,1082.0,956.0483554266871,125.95164457331293
29987,610.0,568.9913874420275,41.00861255797247
30031,1000.0,1247.3663821856896,-247.36638218568964
30045,1015.0,1146.4454613579678,-131.44546135796782
30062,575.0,699.6930074154386,-124.69300741543861
30096,1462.0,1192.3692245944344,269.6307754055656
30108,1385.0,1198.0020129357044,186.99798706429556
30116,1400.0,1275.2379650764278,124.76203492357217
30178,1310.0,1031.8766956025393,278.12330439746074
30187,1370.0,1067.3490802046565,302.6509197953435
30189,834.0,704.6350066137568,129.3649933862432
30215,610.0,702.4949369223372,-92.49493692233716
30220,646.0,712.4393051351204,-66.43930513512043
30223,1180.0,1045.5076447952815,134.49235520471848
30242,1240.0,1322.3116439769926,-82.31164397699263
30257,1065.0,1124.5596374097686,-59.559637409768584
30276,1230.0,959.38057329224,270.61942670776
30283,1150.0,1146.5061924846198,3.49380751538024
30300,940.0,1247.7773661418514,-307.7773661418514
30301,850.0,739.5601886725193,110.4398113274807
30305,645.0,502.7760849644533,142.22391503554672
30307,920.0,1021.699950626678,-101.69995062667795
30314,655.0,677.257848781985,-22.25784878198499
30338,1205.0,1127.400952928617,77.59904707138298
30347,983.0,747.8829814241591,235.11701857584092
30362,870.0,1000.4541867521859,-130.45418675218593
30375,1255.0,1095.101394240866,159.89860575913394
30408,1190.0,1283.697469295964,-93.69746929596408
30441,1545.0,1201.963109727841,343.0368902721591
30485,1060.0,1023.7722488973328,36.227751102667185
30512,570.0,711.9861487451354,-141.98614874513544
30524,964.0,1051.455672284422,-87.45567228442201
30532,720.0,552.1095783851041,167.8904216148959
30545,1040.0,772.0900427699318,267.90995723006824
30587,1195.0,1053.2093829754763,141.79061702452373
30588,1390.0,1140.5232889946467,249.4767110053533
30592,1160.0,1069.5827256252,90.41727437479994
30601,950.0,1168.4897220517976,-218.48972205179757
30606,1510.0,1214.5406410236922,295.45935897630784
30612,1435.0,1265.2361215594713,169.76387844052874
30635,1150.0,1133.8544770851804,16.145522914819594
30636,875.0,1136.9314280738427,-261.93142807384265
30661,750.0,736.9312088106763,13.068791189323747
30669,1150.0,1082.3903577510418,67.60964224895815
30673,1190.0,1111.82606568103,78.17393431896994
30679,586.0,1147.7103379693042,-561.7103379693042
30705,1091.0,813.389332556416,277.610667443584
30711,750.0,676.4518806021027,73.54811939789727
30715,988.0,948.9224008469569,39.07759915304314
30721,720.0,710.1412969663946,9.858703033605366
30759,840.0,1016.5490482279763,-176.5490482279763
30798,1030.0,1086.5527727187298,-56.552772718729784
30803,1495.0,1323.8220274572375,171.17797254276252
30825,1220.0,1073.0586384880485,146.94136151195153
30827,1180.0,1057.102840929335,122.89715907066511
30841,975.0,1008.7185131694862,-33.71851316948619
30874,1140.0,1047.32048372426,92.67951627574007
30900,1040.0,1144.6069639422199,-104.60696394221986
30919,1150.0,1243.6043989758236,-93.60439897582364
30947,1030.0,925.2260945832243,104.77390541677573
30990,1365.0,1209.9875135683299,155.01248643167014
30999,1194.0,1157.5548100876374,36.44518991236259
31001,1115.0,1082.3104844127672,32.68951558723279
31016,670.0,687.609032876949,-17.60903287694896
31023,1120.0,1208.1374240461696,-88.1374240461696
31056,1175.0,1149.2545941365968,25.74540586340322
31111,960.0,996.9418372609653,-36.94183726096526
31117,705.0,740.9480045946697,-35.94800459466967
31153,1286.0,1018.789306615465,267.21069338453503
31156,650.0,666.3847080788205,-16.384708078820495
31183,1240.0,1240.0271425135813,-0.02714251358133879
31188,1185.0,1258.3271510711934,-73.32715107119338
31210,1139.0,1065.3727107705872,73.62728922941278
31220,1130.0,1029.0218020478708,100.97819795212922
31228,1025.0,1003.7930208802908,21.206979119709217
31242,925.0,989.7552977755978,-64.7552977755978
31267,1085.0,1102.6873462517299,-17.687346251729878
31282,743.0,604.0608464988373,138.93915350116265
31324,825.0,872.8348319220917,-47.83483192209167
31330,590.0,702.8164337893729,-112.81643378937292
31358,1365.0,1010.0529712132554,354.94702878674457
31380,970.0,652.1658859890414,317.8341140109586
31385,1170.0,1184.7931406160917,-14.793140616091705
31397,705.0,695.5284553256712,9.471544674328811
31405,1250.0,1049.7866839950832,200.2133160049168
31409,840.0,1205.4888185435063,-365.48881854350634
31427,1115.0,1261.602848280306,-146.60284828030603
31441,1050.0,1014.6092270586308,35.390772941369164
31463,1420.0,1104.4401938879394,315.55980611206064
31470,1054.0,1151.7083430280895,-97.70834302808953
31505,955.0,1111.468070213547,-156.46807021354698
31517,800.0,761.3142495292368,38.685750470763196
31549,825.0,700.9253925537445,124.07460744625553
31559,788.0,722.1389080186148,65.86109198138524
31574,1130.0,1113.5654519002317,16.434548099768335
31599,1360.0,1086.2075211735946,273.7924788264054
31621,875.0,858.1829557039848,16.817044296015183
31626,860.0,992.4316953652728,-132.43169536527284
31629,760.0,1055.4053957092408,-295.4053957092408
31631,1465.0,1153.9178804001415,311.0821195998585
31632,900.0,1066.109918713161,-166.10991871316105
31634,1050.0,1013.2214117844162,36.778588215583795
31648,985.0,704.3627732967434,280.6372267032566
31708,785.0,728.1914654031996,56.80853459680043
31751,1340.0,1148.811781672956,191.18821832704407
31757,1433.0,1143.97385892144,289.02614107855993
31783,995.0,692.9514060532554,302.04859394674463
31792,1040.0,1168.1289645215652,-128.1289645215652
31795,702.0,640.2113896762582,61.78861032374175
31807,820.0,671.7321046283856,148.26789537161437
31834,1220.0,1018.5746149407727,201.42538505922732
31858,1325.0,1184.194547058928,140.80545294107196
31874,1330.0,1226.7512865324138,103.24871346758619
31954,1256.0,1197.6844534428271,58.315546557172866
31963,660.0,553.9228815454198,106.07711845458016
31984,1390.0,1174.7203018196183,215.27969818038173
32009,1109.0,1198.7353682689502,-89.7353682689502
32021,1180.0,953.6260410365379,226.3739589634621
32028,1320.0,951.4055208375241,368.59447916247586
32074,545.0,575.6170842968899,-30.617084296889857
32099,830.0,976.7200088066467,-146.72000880664666
32141,738.0,889.0087387523469,-151.00873875234686
32142,1082.0,862.8154860453814,219.18451395461864
32145,955.0,1217.3380394482476,-262.3380394482476
32158,1070.0,1068.0458502499653,1.9541497500347305
32245,1460.0,1107.8436657535487,352.15633424645125
32250,1274.0,1011.3968827738855,262.6031172261145
32259,1080.0,1021.7797704753903,58.22022952460975
32310,615.0,713.7969393553648,-98.79693935536477
32322,1380.0,1245.3329360070252,134.66706399297482
32343,1070.0,1001.8697456990924,68.13025430090761
32359,1408.0,1278.4225977553517,129.57740224464828
32383,730.0,738.5802735103913,-8.580273510391294
32385,915.0,964.3444028014118,-49.344402801411775
32391,1030.0,1326.694193552275,-296.694193552275
32424,975.0,1127.3191657822056,-152.31916578220557
32453,1425.0,1221.549606766694,203.45039323330593
32455,1263.0,1157.9765191323986,105.02348086760139
32464,1095.0,1148.3623527348325,-53.362352734832484
32470,660.0,589.2471984319202,70.7528015680798
32496,1015.0,850.3165146521883,164.6834853478117
32505,960.0,1034.078026057946,-74.07802605794609
32566,690.0,616.7259189106513,73.27408108934867
32632,1118.0,1082.4020057074833,35.59799429251666
32660,714.0,695.4028120792873,18.597187920712713
32666,1285.0,1167.250831885868,117.74916811413209
32669,912.0,868.276457560051,43.72354243994903
32687,600.0,647.9092375898066,-47.909237589806594
32689,1384.0,1004.5668514153804,379.43314858461963
32693,795.0,674.7515765565403,120.24842344345973
32746,931.0,1095.931059497582,-164.93105949758205
32913,1270.0,1252.1616191940643,17.838380805935685
32921,1008.0,949.2797212739467,58.720278726053266
32944,1045.0,1021.5391086631596,23.460891336840405
32968,900.0,1047.6826768728233,-147.68267687282332
32987,1545.0,1329.4397651755492,215.56023482445084
32998,715.0,527.5615534201168,187.43844657988325
33034,1240.0,1200.0821861254835,39.91781387451647
33043,925.0,1089.3818048153607,-164.38180481536074
33063,1124.0,1108.1379334303447,15.862066569655326
33076,985.0,1220.4261049825523,-235.42610498255226
33094,538.0,516.7085850032537,21.29141499674631
33129,1765.0,1343.5566219864158,421.44337801358415
33133,925.0,769.982324445062,155.01767555493802
33147,1280.0,1127.0644228172143,152.93557718278566
33153,975.0,1096.4628751801433,-121.46287518014333
33169,1330.0,1260.3735186202985,69.62648137970154
33187,790.0,653.0904929749823,136.90950702501766
33241,1240.0,1205.581101551773,34.41889844822708
33246,1350.0,1175.409444903234,174.5905550967659
33273,1280.0,1043.6002272456217,236.39977275437832
33288,1285.0,1063.7373531593844,221.26264684061562
33335,1330.0,1090.5335939999666,239.46640600003343
33340,900.0,1012.2997842246028,-112.29978422460283
33351,720.0,634.561787470872,85.43821252912801
33392,1091.0,1354.8841925690037,-263.88419256900374
33401,870.0,965.4055711975552,-95.40557119755522
33406,745.0,670.0048402648756,74.99515973512439
33426,1280.0,1178.2139479767864,101.78605202321364
33439,470.0,677.0132506872858,-207.0132506872858
33440,1105.0,1029.5704282479069,75.42957175209312
33442,626.0,592.5260463538541,33.4739536461459
33453,1080.0,919.8634657564555,160.13653424354447
33499,875.0,922.2373588210546,-47.23735882105461
33517,715.0,654.1543960158501,60.845603984149875
33531,1330.0,1214.5524979826348,115.4475020173652
33589,870.0,675.8581807371797,194.14181926282026
33590,1265.0,998.2907674419287,266.70923255807134
33605,685.0,545.2656540788616,139.73434592113836
33607,1246.0,1076.9277759874162,169.07222401258377
33631,1005.0,1033.9136268442035,-28.913626844203463
33644,722.0,691.0941579833683,30.90584201663171
33673,1050.0,969.4185090351037,80.58149096489626
33678,1246.0,1279.448090202216,-33.44809020221601
33746,1080.0,1069.4487447490744,10.551255250925578
33754,982.0,926.8132380952378,55.18676190476219
33771,739.0,653.5911196518111,85.40888034818886
33792,830.0,726.3742127769876,103.62578722301237
33809,650.0,617.6936538454349,32.30634615456506
33834,720.0,631.6123773734772,88.38762262652278
33844,1250.0,1088.6771220847331,161.32287791526687
33868,640.0,637.4940539948664,2.5059460051336373
33871,795.0,702.3901846815644,92.60981531843561
33880,1030.0,998.843885566017,31.15611443398302
33885,1070.0,1126.074875132578,-56.07487513257797
33913,1049.0,978.9440423280423,70.05595767195769
33921,780.0,974.1003624727443,-194.10036247274434
33930,1155.0,1091.7481349472896,63.2518650527104
33931,675.0,658.1884101200045,16.811589879995495
33935,1230.0,1248.4686356260142,-18.468635626014247
33954,1360.0,1059.6194352882908,300.3805647117092
34003,1160.0,1148.8695888602342,11.130411139765783
34008,1365.0,1164.400503306306,200.59949669369394
34036,1090.0,1110.3845541351834,-20.384554135183407
34060,730.0,670.3541642217622,59.645835778237824
34061,1010.0,1139.211562785929,-129.2115627859289
34090,1000.0,1136.949469001345,-136.94946900134505
34138,760.0,661.6226825510925,98.37731744890755
34165,1193.0,1254.648370848105,-61.64837084810506
34166,890.0,731.5819368624836,158.41806313751636
34182,965.0,673.4756899249243,291.52431007507573
34232,1135.0,1260.042798619525,-125.042798619525
34233,1356.0,1185.3564200144526,170.64357998554738
34249,800.0,656.1583745944038,143.84162540559623
34251,1467.0,1325.28610527661,141.71389472339
34324,1130.0,1092.2355599721382,37.76444002786184
34331,520.0,714.7163678715642,-194.71636787156422
34352,943.0,856.5920926698718,86.40790733012818
34358,733.0,645.9796232207847,87.02037677921533
34386,1225.0,1215.8399125979963,9.160087402003683
34395,941.0,702.4349756843789,238.56502431562114
34402,1320.0,1229.1123783660196,90.88762163398042
34413,730.0,673.6210388283835,56.37896117161654
34512,880.0,975.5051351384329,-95.50513513843293
34520,930.0,1039.213773875997,-109.21377387599705
34530,695.0,701.8451636612336,-6.8451636612336415
34560,1220.0,1324.959734660782,-104.95973466078203
34567,1215.0,955.6527971536138,259.34720284638615
34600,980.0,987.9868757916836,-7.9868757916835875
34613,885.0,719.6218153705933,165.37818462940675
34653,755.0,804.1898673268595,-49.189867326859485
34661,1146.0,1202.205110136776,-56.20511013677606
34724,1220.0,1065.80862783842,154.19137216157992
34739,1130.0,1032.6831410358238,97.31685896417616
34819,935.0,1036.9802406734498,-101.98024067344977
34860,1145.0,1273.9150884353382,-128.91508843533825
34899,1125.0,1172.602098761274,-47.602098761273965
34924,1300.0,1217.5223440398634,82.47765596013664
34926,730.0,745.6881725278371,-15.688172527837082
34936,725.0,691.6655188237169,33.334481176283134
35014,1580.0,1270.1339044494155,309.86609555058453
35029,1060.0,1140.1134723435302,-80.11347234353025
35048,68.0,1177.678703970695,-1109.678703970695
35056,1385.0,1271.0299261407042,113.97007385929578
35059,875.0,1219.193518434651,-344.19351843465097
35073,700.0,695.6057569705187,4.394243029481345
35075,1076.0,1178.8823440838414,-102.88234408384142
35084,685.0,678.6965700414227,6.30342995857734
35097,830.0,900.7747976190478,-70.77479761904783
35168,815.0,697.8746620012859,117.12533799871414
35227,930.0,883.5806829393116,46.4193170606884
35234,1160.0,1133.1687818563607,26.831218143639262
35235,870.0,816.989758229291,53.010241770708944
35239,835.0,846.7651970899474,-11.765197089947378
35250,710.0,647.2554225757291,62.744577424270915
35262,565.0,729.2780180163054,-164.2780180163054
35275,730.0,769.4698462089457,-39.46984620894568
35288,700.0,624.4693753879021,75.53062461209788
35368,1269.0,1181.245636676818,87.7543633231819
35371,570.0,667.1217871180802,-97.12178711808019
35391,905.0,1274.4951002227237,-369.49510022272375
35400,1050.0,999.5144128916686,50.4855871083314
35417,1160.0,1080.4160313692826,79.58396863071744
35428,855.0,664.9778582008396,190.0221417991604
35463,1375.0,1231.8727911049534,143.12720889504658
35493,1225.0,1223.0980731285294,1.9019268714705504
35502,738.0,646.7635615392006,91.23643846079938
35506,1370.0,1291.7668608871522,78.23313911284777
35523,1130.0,1243.428288774265,-113.42828877426496
35572,1397.0,1366.5107073772494,30.489292622750554
35575,1045.0,1011.2367942924993,33.763205707500674
35588,700.0,648.2615480079168,51.73845199208324
35638,1500.0,1304.4097711752593,195.59022882474073
35652,1152.0,1074.8431834698288,77.15681653017123
35674,940.0,1122.0377192345748,-182.03771923457475
35682,895.0,715.0045226391729,179.99547736082707
35731,1335.0,1140.8889717244826,194.11102827551736
35747,793.0,604.3621298374827,188.6378701625173
35770,1234.0,918.4230311137261,315.5769688862739
35786,793.0,830.9355404906305,-37.9355404906305
35816,1115.0,1103.5322936825341,11.467706317465854
35842,825.0,700.3932548876991,124.60674511230093
35893,1455.0,1176.6046773882808,278.39532261171917
35911,809.0,720.8493926735276,88.15060732647237
35999,672.0,590.1792992826214,81.8207007173786
36058,1140.0,1272.5186823255783,-132.5186823255783
36061,882.0,1104.784910929126,-222.784910929126
36074,870.0,720.6475463658988,149.35245363410115
36076,755.0,687.15702131023,67.84297868977
36079,1135.0,1043.1601809742324,91.83981902576761
36084,1270.0,1177.4622943975826,92.53770560241742
36086,795.0,628.9511974308887,166.04880256911133
36093,810.0,717.11703435767,92.88296564232996
36112,1168.0,998.3692217682936,169.63077823170636
36116,830.0,704.8733813655437,125.12661863445635
36128,881.0,1127.3284708994697,-246.32847089946972
36133,1100.0,962.5513319584671,137.44866804153287
36229,1332.0,1267.4895523280793,64.5104476719207
36247,840.0,747.3028221703293,92.69717782967075
36285,989.0,671.517681237042,317.482318762958
36305,1525.0,1319.0990126362926,205.90098736370737
36315,725.0,650.8942174173185,74.10578258268151
36323,1120.0,1046.1371771318868,73.8628228681132
36335,1220.0,1408.2169347457695,-188.21693474576955
36340,1145.0,935.3598353541706,209.64016464582937
36351,1041.0,1070.3441920396247,-29.34419203962466
36376,624.0,623.4149072894087,0.5850927105913115
36394,948.0,719.205734219257,228.794265780743
36395,914.0,874.2227265516733,39.777273448326696
36415,650.0,691.9391541975594,-41.939154197559446
36425,765.0,649.8048831519302,115.1951168480698
36458,1040.0,917.6089549432049,122.39104505679506
36465,1260.0,1282.0731181676092,-22.07311816760921
36494,1160.0,1086.0100910209794,73.98990897902058
36553,1570.0,1303.0667292274416,266.93327077255844
36554,1025.0,1053.6768746304583,-28.676874630458315
36588,1237.0,905.701629320483,331.298370679517
36592,1098.0,1302.3476132161513,-204.34761321615133
36609,685.0,728.8488510930488,-43.84885109304878
36636,1511.0,1181.4551994910519,329.54480050894813
36650,748.0,613.3569668198976,134.6430331801024
36661,1510.0,1294.6957744022739,215.30422559772614
36708,1145.0,1205.3439558616715,-60.343955861671475
36727,950.0,1055.450746483439,-105.45074648343893
36732,1305.0,982.5212425347679,322.4787574652321
36734,1038.0,679.6632403278388,358.3367596721612
36784,950.0,917.3934026544335,32.606597345566456
36837,1310.0,1250.81998455455,59.18001544544995
36838,1402.0,1136.497672069545,265.50232793045507
36868,992.0,1031.4836593565606,-39.483659356560565
36902,595.0,591.2296979406784,3.7703020593215797
36912,1268.0,1102.5572365640078,165.44276343599222
36954,795.0,598.5849907521701,196.41500924782986
36959,1210.0,1127.1569454236133,82.84305457638675
36966,1268.0,1092.4130071188072,175.58699288119283
36974,648.0,714.0014294975431,-66.00142949754309
36975,832.0,728.224781671334,103.77521832866603
37040,1270.0,1239.0336282792857,30.966371720714278
37102,825.0,1036.222297430205,-211.2222974302049
37112,645.0,870.7617404067898,-225.76174040678984
37183,1186.0,1246.1607454885268,-60.1607454885268
37201,791.0,938.7918678028951,-147.79186780289513
37231,1190.0,1264.9996857432534,-74.9996857432534
37234,1085.0,1060.5592733192773,24.44072668072272
37260,1475.0,1278.3808589735615,196.61914102643846
37269,841.0,1005.7698402645345,-164.76984026453454
37285,1205.0,1211.3230849876347,-6.323084987634729
37289,1130.0,1164.8565330772815,-34.85653307728148
37295,1157.0,1132.0005238946258,24.999476105374242
37312,1170.0,1137.667613279956,32.33238672004404
37320,500.0,681.132192223824,-181.13219222382395
37322,863.0,670.251234932967,192.748765067033
37323,1285.0,1141.3525470512907,143.64745294870932
37334,488.0,721.8243483973605,-233.8243483973605
37356,740.0,680.6343463018185,59.36565369818152
37371,855.0,643.0455068419736,211.95449315802637
37391,950.0,1110.9589551138465,-160.9589551138465
37418,826.0,788.9762478746311,37.0237521253689
37439,1160.0,1049.569575699719,110.43042430028095
37441,1170.0,1053.4526301605088,116.54736983949124
37466,1290.0,1177.8651166740265,112.13488332597353
37478,1265.0,1029.7273501776942,235.27264982230577
37511,675.0,746.1124185521833,-71.11241855218327
37517,1270.0,1217.7518986076154,52.24810139238457
37534,1030.0,1017.1556353388409,12.844364661159148
37564,835.0,995.4608456132053,-160.46084561320527
37565,1341.0,1034.2125750522448,306.7874249477552
37574,998.0,1109.6551205959106,-111.6551205959106
37590,650.0,657.190857142857,-7.1908571428569985
37608,715.0,652.1757620607237,62.82423793927626
37611,1540.0,1299.9031281507232,240.0968718492768
37613,1080.0,1031.9917776955513,48.008222304448736
37628,1095.0,1186.115918856374,-91.11591885637404
37645,1000.0,1047.4762855414037,-47.47628554140374
37657,1328.0,1071.5416648629146,256.45833513708544
37689,1165.0,1011.179344773622,153.820655226378
37696,800.0,659.5828029477223,140.41719705227774
37740,1320.0,1039.1313290030305,280.8686709969695
37764,1415.0,1138.6133589008489,276.3866410991511
37774,570.0,663.9195345133334,-93.91953451333336
37778,765.0,753.4791830585498,11.52081694145022
37808,850.0,1056.5923560947244,-206.59235609472444
37821,1185.0,1086.0909326111307,98.90906738886929
37837,1268.0,1159.205601341646,108.79439865835411
37841,1010.0,931.975287306183,78.02471269381704
37856,960.0,983.7393377191551,-23.73933771915506
37905,745.0,617.70465932353,127.29534067647
37930,940.0,819.4171669395718,120.58283306042824
37931,1020.0,1008.4418576261806,11.55814237381935
37935,1029.0,1055.4053957092408,-26.405395709240793
38058,1319.0,1123.5762918445353,195.42370815546474
38100,1070.0,1040.7028239343442,29.297176065655776
38138,776.0,740.2386465455586,35.761353454441405
38168,833.0,678.2953537961956,154.70464620380437
38176,1175.0,1155.8857799849336,19.114220015066394
38223,1312.0,1073.3916200853328,238.60837991466724
38228,885.0,661.0567394058834,223.94326059411662
38253,537.0,620.8843782421085,-83.88437824210848
38256,1025.0,1252.0833015873018,-227.08330158730178
38261,1555.0,1105.61385653068,449.3861434693199
38264,1312.0,1045.1710938940296,266.8289061059704
38279,926.0,785.1043510395535,140.89564896044647
38287,1000.0,1190.7672870999145,-190.76728709991448
38324,1450.0,1120.001335510651,329.99866448934904
38333,752.0,640.9817243432311,111.01827565676888
38370,1265.0,1136.7780230418525,128.22197695814748
38385,505.0,577.289903526139,-72.28990352613903
38402,1670.0,1286.4711585703824,383.5288414296176
38408,1168.0,1061.7562072230155,106.24379277698449
38411,1118.0,977.0958938181893,140.90410618181068
38440,1372.0,1001.7062292861165,370.29377071388353
38458,1205.0,1015.3186713646722,189.68132863532776
38467,1326.0,1128.8234406334307,197.17655936656934
38482,1280.0,1162.0483930874477,117.95160691255228
38489,1067.0,1015.9726206813862,51.02737931861384
38497,1090.0,1251.568231925573,-161.56823192557295
38517,780.0,826.4848312324931,-46.48483123249309
38532,1280.0,1162.823519130693,117.17648086930694
38546,1062.0,1297.2012474819287,-235.2012474819287
38615,850.0,1152.4903175990653,-302.4903175990653
38616,1285.0,1077.1129401326164,207.88705986738364
38644,1195.0,1245.2197735810814,-50.21977358108143
38645,1465.0,1072.5569234131485,392.4430765868515
38649,615.0,665.5638044185758,-50.56380441857584
38653,1230.0,1181.6267693060547,48.37323069394529
38656,1315.0,1279.059054555749,35.94094544425093
38692,990.0,909.9023837736336,80.09761622636643
38726,1180.0,1318.8771997289275,-138.8771997289275
38743,1055.0,938.0564448115579,116.94355518844213
38747,560.0,589.5933698384063,-29.59336983840626
38748,1205.0,1144.1267281443838,60.87327185561617
38764,683.0,724.0930412838957,-41.09304128389567
38768,1410.0,1250.0865616784718,159.91343832152825
38792,855.0,582.0370360530926,272.9629639469074
38818,1165.0,1048.9321274238675,116.06787257613246
38852,873.0,1083.4887401212118,-210.48874012121178
38853,625.0,499.1503593414884,125.84964065851159
38854,1230.0,1206.3909738897507,23.60902611024926
38886,680.0,711.5004272981728,-31.50042729817278
38887,1065.0,1053.0155127766882,11.984487223311817
38936,1520.0,1261.3468271723514,258.65317282764863
38994,1030.0,1077.3625585023522,-47.36255850235216
39012,1130.0,1009.9222059411127,120.07779405888732
39028,985.0,1071.755914378314,-86.75591437831395
39051,1665.0,1307.9616696070875,357.0383303929125
39058,1135.0,1181.7741550324067,-46.774155032406725
39088,720.0,702.8300638753549,17.16993612464512
39101,1220.0,1243.5701687545245,-23.570168754524502
39107,1210.0,1253.0949144345516,-43.09491443455158
39123,1179.0,1074.8649680361925,104.13503196380748
39143,859.0,878.1864683214418,-19.186468321441794
39190,1432.0,1171.6870282044404,260.31297179555963
39243,777.0,1010.8042998814569,-233.80429988145693
39277,1200.0,1166.9023311830597,33.09766881694031
39282,872.0,948.3056656021896,-76.3056656021896
39306,1360.0,1250.9661549444083,109.03384505559166
39326,1488.0,1132.075174300739,355.92482569926096
39372,1285.0,1197.6420314623676,87.35796853763236
39407,1355.0,1177.8050081640242,177.19499183597577
39410,900.0,743.2945517066672,156.70544829333278
39425,1160.0,1128.5945026327154,31.405497367284624
39434,1095.0,1079.861274014618,15.138725985382052
39479,1493.0,1238.446046443355,254.55395355664496
39490,1003.0,1152.2698521473953,-149.26985214739534
39522,580.0,549.5363402255641,30.463659774435882
39533,981.0,1054.1094109855596,-73.10941098555963
39548,1325.0,972.75262870158,352.24737129842003
39563,544.0,604.1610521025945,-60.161052102594454
39565,1389.0,1286.5127766135636,102.48722338643643
39569,1069.0,882.0837625871349,186.91623741286514
39571,802.0,683.6019627991648,118.39803720083523
39580,1036.0,1000.0613606301101,35.93863936988987
39602,827.0,731.0009014454004,95.99909855459964
39640,833.0,687.5545900439472,145.4454099560528
39666,1280.0,1243.1248040818289,36.87519591817113
39677,985.0,715.1714113528573,269.82858864714274
39682,1415.0,1121.4996694472654,293.50033055273457
39698,1050.0,1100.4196670339024,-50.41966703390244
39754,1600.0,1307.6147610691671,292.3852389308329
39801,850.0,667.7141132767274,182.2858867232726
39967,1275.0,1297.9797015935922,-22.979701593592154
39992,1365.0,1207.3878850897524,157.61211491024756
40052,955.0,676.678680068965,278.32131993103496
40104,1615.0,1311.8052269844093,303.1947730155907
40133,1250.0,1121.1933484538768,128.80665154612325
40187,830.0,1009.7859812840185,-179.78598128401848
40207,1250.0,1232.6504201830091,17.349579816990854
40259,1095.0,1235.0068614137178,-140.00686141371784
40288,860.0,655.2326559981619,204.76734400183807
40294,615.0,641.2475109155839,-26.247510915583916
40296,500.0,583.6635913737881,-83.66359137378811
40322,1300.0,1269.1385195907544,30.861480409245587
40352,1300.0,1135.4175399747662,164.5824600252338
40374,1095.0,1113.6313477850833,-18.631347785083335
40443,1095.0,953.016017858503,141.983982141497
40482,910.0,773.7821157682475,136.21788423175246
40506,950.0,759.9379782015301,190.0620217984699
40533,560.0,683.2406341016837,-123.24063410168367
40534,985.0,1023.5563429555126,-38.556342955512605
40600,1405.0,1112.4338973052058,292.56610269479415
40609,1240.0,1127.998375916776,112.00162408322399
40622,1135.0,1128.2963932219102,6.7036067780898065
40660,1030.0,1169.474821885029,-139.4748218850291
40682,695.0,720.9748472050771,-25.97484720507714
40703,695.0,615.9982925622602,79.00170743773981
40764,985.0,861.5519461761226,123.44805382387744
40773,905.0,736.5178269712155,168.48217302878447
40785,1130.0,1105.2224646501222,24.77753534987778
40846,1425.0,1284.0782132901402,140.92178670985982
40865,765.0,719.3021162275105,45.69788377248949
40895,1195.0,1140.0491370530185,54.95086294698149
40933,1389.0,1188.0904153222823,200.9095846777177
40955,1369.0,1133.7481128846443,235.25188711535566
40969,1200.0,1188.6190035973157,11.380996402684332
40986,1110.0,1052.405643274163,57.59435672583709
41038,1275.0,1134.7666091096974,140.23339089030264
41054,1415.0,1240.29736810763,174.70263189236994
41055,1153.0,1194.1479347704174,-41.14793477041735
41075,983.0,747.519558246567,235.48044175343296
41079,690.0,677.2664209570568,12.733579042943234
41114,1270.0,1100.2723813193304,169.7276186806696
41118,1305.0,1189.059207837695,115.94079216230489
41155,1295.0,1267.1215150255211,27.87848497447885
41206,520.0,749.9614207738476,-229.96142077384764
41215,1255.0,1248.6266540564227,6.373345943577306
41223,1330.0,1322.5059078399981,7.4940921600018555
41251,970.0,852.3052777777779,117.69472222222214
41253,721.0,555.0593350388191,165.94066496118091
41291,1055.0,725.9637399772773,329.0362600227227
41324,1365.0,1202.6375683299668,162.36243167003317
41329,910.0,892.9792227575875,17.020777242412464
41353,1316.0,1148.058062928623,167.94193707137697
41386,623.0,684.361903752749,-61.36190375274896
41435,1014.0,1143.6623715826142,-129.66237158261424
41438,730.0,595.0769281517537,134.9230718482463
41464,1140.0,1138.583977722343,1.4160222776570208
41508,826.0,755.8000735298399,70.19992647016011
41563,970.0,1041.6444690359936,-71.64446903599355
41566,701.0,675.501661426901,25.498338573098977
41570,980.0,942.8222875362312,37.177712463768785
41621,1129.0,1075.753256841562,53.246743158437994
41642,1205.0,1135.883425302349,69.116574697651
41760,1158.0,1176.7901180731867,-18.790118073186704
41818,1268.0,1136.7215952907015,131.27840470929846
41831,860.0,1040.369542472843,-180.36954247284302
41892,1160.0,1076.9277759874162,83.07222401258377
41915,1110.0,1046.5066498014605,63.493350198539474
41955,730.0,646.0647874454493,83.93521255455073
41977,1335.0,1106.428823906492,228.57117609350803
41985,710.0,578.140077506247,131.85992249375295
41997,1325.0,1155.7043546013754,169.29564539862463
42002,945.0,658.896043358639,286.10395664136104
42023,1170.0,1209.534844237603,-39.53484423760301
42086,1140.0,1281.3770507737177,-141.37705077371766
42096,995.0,1315.547503428184,-320.547503428184
42105,606.0,570.5408641501913,35.45913584980872
42122,775.0,992.4636349206352,-217.46363492063517
42147,865.0,689.453950875116,175.546049124884
42151,630.0,693.9372644684214,-63.937264468421404
42166,1075.0,1204.781146622145,-129.7811466221449
42195,1425.0,1200.9096771219154,224.09032287808463
42219,1670.0,1401.5926661766218,268.40733382337817
42244,722.0,685.5443812128277,36.455618787172284
42272,735.0,691.3121267823692,43.687873217630795
42275,587.0,576.1111834278204,10.888816572179621
42282,645.0,617.9456745072698,27.054325492730186
42291,1195.0,1076.3296437295562,118.67035627044379
42311,1235.0,1173.972506562944,61.02749343705591
42347,1680.0,1258.7047338050234,421.29526619497665
42389,1365.0,1231.875670408795,133.12432959120497
42408,1210.0,1130.2666830267767,79.73331697322328
42414,1055.0,953.1736918566183,101.82630814338165
42443,1135.0,993.6409144192135,141.35908558078654
42469,1195.0,1164.8582177954668,30.14178220453323
42493,560.0,885.0578798106163,-325.0578798106163
42516,1401.0,1236.1947062483332,164.8052937516668
42521,1260.0,696.2371522963596,563.7628477036404
42542,1190.0,1164.7331753342287,25.26682466577131
42547,1320.0,1348.7479051365112,-28.747905136511235
42582,695.0,612.8910918250158,82.10890817498421
42589,1065.0,1156.0322768604562,-91.03227686045625
42590,715.0,802.6392614275177,-87.63926142751768
42594,1230.0,1201.609919308102,28.390080691897992
42600,1450.0,1164.163099224335,285.8369007756651
42607,1005.0,995.4071776722651,9.592822327734893
42616,1482.0,1166.694346272924,315.3056537270761
42622,1395.0,1372.4155501560979,22.58444984390212
42657,535.0,685.7436168679196,-150.74361686791963
42666,730.0,604.5339679419028,125.4660320580972
42678,1080.0,964.8390641246868,115.16093587531316
42689,1065.0,1079.099382267133,-14.099382267133024
42693,1015.0,802.1036341459459,212.89636585405412
42695,1110.0,1073.5522799861972,36.44772001380284
42702,1010.0,1106.2729476066932,-96.27294760669315
42712,800.0,783.3616343875744,16.63836561242556
42730,1315.0,997.6587369581745,317.3412630418255
42756,902.0,978.414866481845,-76.41486648184502
42775,870.0,896.0929498697166,-26.092949869716563
42821,1210.0,1186.135497748702,23.864502251298063
42831,1060.0,1098.6502082010381,-38.65020820103814
42881,1185.0,1048.457567492289,136.54243250771106
42888,1070.0,1049.534901214391,20.465098785608916
42903,1171.0,1362.1138642270598,-191.11386422705982
42904,1130.0,1102.3578060530356,27.642193946964426
42909,1410.0,1233.0624695511046,176.93753044889536
42951,1185.0,1154.3984438369682,30.601556163031773
42965,1285.0,1094.988352314638,190.01164768536205
42969,870.0,676.1782481408081,193.82175185919186
42991,645.0,601.7473494891665,43.25265051083352
43010,840.0,731.2509807824844,108.74901921751564
43027,1310.0,1188.392714263629,121.60728573637107
43053,1285.0,1089.3140799661899,195.68592003381013
43092,1000.0,956.4088473094833,43.59115269051665
43105,915.0,1061.2649787201556,-146.26497872015557
43127,1300.0,1157.1959981421103,142.80400185788972
43154,1014.0,1166.8042883159271,-152.80428831592712
43160,560.0,591.9741636563397,-31.97416365633967
43172,595.0,636.1055258825972,-41.10552588259725
43227,1205.0,1079.926494891558,125.07350510844208
43257,1051.0,968.8837187845033,82.11628121549666
43310,1565.0,1043.6392525317358,521.3607474682642
43338,622.0,686.8706089958754,-64.87060899587539
43368,812.0,693.6217848967427,118.37821510325728
43417,1128.0,1228.1506986531979,-100.15069865319788
43469,906.0,1079.926494891558,-173.92649489155792
43470,1138.0,1246.5428081370403,-108.54280813704031
43477,884.0,1173.1090067289238,-289.10900672892376
43485,1185.0,1065.277718235064,119.72228176493604
43532,694.0,627.3022473307799,66.69775266922011
43573,1058.0,850.9961539840383,207.0038460159617
43622,1205.0,1290.0407850142067,-85.04078501420668
43625,1060.0,1080.3869528661394,-20.38695286613938
43640,1385.0,1098.4308771877174,286.56912281228256
43657,1147.0,1087.248154761905,59.75184523809503
43699,1391.0,1223.8868619267118,167.11313807328816
43720,580.0,665.4069690874184,-85.40696908741836
43721,1250.0,1122.8410443162738,127.15895568372616
43754,1430.0,1210.7822284643948,219.21777153560515
43796,1320.0,1172.5367395049918,147.46326049500817
43807,683.0,743.0741036401344,-60.074103640134354
43825,1070.0,1177.3096047157776,-107.3096047157776
43852,1315.0,1202.545798791294,112.45420120870608
43866,665.0,696.3069077622346,-31.306907762234573
43881,865.0,787.6103251616245,77.38967483837553
43953,995.0,1080.753535505247,-85.7535355052471
44001,600.0,677.1501848394764,-77.15018483947642
44040,970.0,980.8328452380953,-10.832845238095274
44051,530.0,612.4196920834348,-82.41969208343482
44073,1090.0,1196.3716111579636,-106.37161115796357
44090,1450.0,1206.293041229239,243.70695877076105
44101,1035.0,1020.8444391442446,14.155560855755425
44102,710.0,605.3452492952977,104.65475070470234
44191,790.0,709.4903474075667,80.50965259243333
44212,1097.0,1143.8880845152182,-46.888084515218225
44229,1055.0,1012.8601838271375,42.13981617286254
44240,1279.0,1060.6004503422885,218.39954965771153
44250,595.0,645.6925947023415,-50.69259470234147
44284,725.0,617.6294841998556,107.3705158001444
44291,870.0,886.4173503024754,-16.41735030247537
44298,1050.0,1079.069100417116,-29.069100417116033
44306,1125.0,1129.8891541761184,-4.889154176118382
44322,710.0,679.9136956793924,30.08630432060761
44331,1300.0,1195.0654227985249,104.93457720147512
44338,850.0,737.8498624766067,112.15013752339325
44440,895.0,949.0892396686384,-54.089239668638356
44445,1306.0,1170.111409916183,135.888590083817
44481,470.0,696.2196521258738,-226.21965212587384
44488,590.0,622.6254418370168,-32.62544183701675
44515,538.0,885.8032142857144,-347.8032142857144
44520,880.0,740.2488317758745,139.75116822412554
44527,1342.0,1122.4125174656879,219.58748253431213
44593,1235.0,1183.3040863648678,51.69591363513223
44616,821.0,658.7184500296984,162.28154997030163
44651,1020.0,1067.235216065144,-47.23521606514396
44671,640.0,649.6864690252329,-9.686469025232896
44708,925.0,1069.4279635753542,-144.42796357535417
44743,610.0,695.5190938130877,-85.5190938130877
44748,848.0,1106.3787009603038,-258.37870096030383
44788,1200.0,974.1003624727443,225.89963752725566
44793,1515.0,1300.8649751689966,214.13502483100342
44794,690.0,676.2235276710604,13.776472328939576
44831,1140.0,1139.1966954906377,0.8033045093623059
44871,1370.0,1060.5884112067918,309.41158879320824
44886,875.0,938.9435064480068,-63.943506448006815
44911,1100.0,1121.4722632221828,-21.472263222182846
44929,1147.0,1009.0207981115426,137.9792018884574
44953,1075.0,1217.9586147676457,-142.9586147676457
44963,1473.0,1153.830712817901,319.16928718209897
44976,1265.0,1230.351740897887,34.64825910211289
44989,1545.0,1301.8615431936555,243.1384568063445
44993,1020.0,944.744447264267,75.25555273573298
45014,1260.0,1269.275679948532,-9.275679948531888
45047,1180.0,1178.6376641926913,1.362335807308682
45050,1215.0,980.5345542260478,234.46544577395218
45067,1007.0,1037.5608543448884,-30.560854344888412
45086,1240.0,1081.4533962792534,158.5466037207466
45107,1470.0,1214.0514193605304,255.94858063946958
45173,1230.0,1202.8816741410592,27.118325858940807
45193,1110.0,909.3788970617118,200.62110293828823
45195,1175.0,1030.8036382928142,144.19636170718582
45205,1260.0,1097.6635364027914,162.33646359720865
45211,750.0,649.1840409894482,100.81595901055175
45224,888.0,711.9608776601269,176.03912233987307
45267,680.0,650.8942174173185,29.105782582681513
45281,900.0,762.129526010278,137.87047398972197
45334,720.0,562.9660584316488,157.03394156835122
45342,880.0,1083.665786990794,-203.665786990794
45346,1260.0,1168.4658075008945,91.53419249910553
45350,615.0,578.9139923551103,36.08600764488972
45372,785.0,598.739787991074,186.26021200892603
45377,985.0,943.5246020036001,41.47539799639992
45382,1009.0,763.095988869703,245.90401113029702
45491,1015.0,712.4260639281412,302.57393607185884
45530,1505.0,1104.816815109501,400.183184890499
45548,1400.0,1192.371835690713,207.62816430928706
45583,635.0,655.3669799882564,-20.36697998825639
45660,835.0,727.3950387485678,107.6049612514322
45661,430.0,555.902448434442,-125.90244843444202
45674,1730.0,1060.048994085981,669.9510059140191
45684,1513.0,1259.723181635102,253.27681836489796
45692,1120.0,1092.6018000818979,27.398199918102137
45731,942.0,1181.8171139563476,-239.8171139563476
45745,902.0,1042.773982283005,-140.7739822830049
45799,1286.0,1116.8874786751405,169.11252132485947
45855,580.0,534.5644781817145,45.43552181828545
45863,1000.0,988.3507631632418,11.649236836758178
45891,865.0,1249.9274757394921,-384.92747573949214
45903,1179.0,1154.7762383262539,24.22376167374614
45921,590.0,653.4640059705524,-63.46400597055242
45960,1210.0,1143.8548725598846,66.1451274401154
45983,1478.0,1326.7922414238492,151.2077585761508
45989,1495.0,1214.4141373005862,280.58586269941384
45996,1020.0,746.8941323927999,273.10586760720014
46000,1005.0,937.4240569139268,67.57594308607315
46016,985.0,968.160350158525,16.839649841474966
46059,825.0,670.8574936939198,154.14250630608024
46087,1080.0,1147.5666677964957,-67.56666779649572
46093,750.0,702.4949369223372,47.50506307766284
46117,1060.0,1198.2584211499848,-138.25842114998477
46121,1020.0,925.2400082972583,94.75999170274167
46122,1130.0,1134.1524571918178,-4.152457191817803
46160,825.0,1000.3927943136788,-175.3927943136788
46234,737.0,640.1871257447526,96.81287425524738
46237,1190.0,1090.226439287065,99.77356071293502
46369,723.0,999.5173440502491,-276.5173440502491
46415,1380.0,1391.6978635491598,-11.69786354915982
46423,770.0,1133.3084512035496,-363.30845120354957
46524,1115.0,1196.2308292234866,-81.23082922348658
46535,1280.0,1299.0456850614048,-19.04568506140481
46561,890.0,878.5534028821342,11.44659711786585
46630,733.0,725.8296837001494,7.170316299850583
46650,1450.0,1084.104388862527,365.895611137473
46684,955.0,978.1138773649488,-23.11387736494885
46688,1605.0,1075.831675404474,529.168324595526
46689,1215.0,1181.3002517205157,33.69974827948431
46714,1260.0,1134.1183526117513,125.88164738824867
46719,1035.0,1118.5140379309776,-83.51403793097757
46728,1283.0,1048.09061482925,234.90938517075006
46731,1620.0,1364.206251568069,255.7937484319309
46775,1410.0,1055.249514016515,354.7504859834851
46815,1058.0,1035.9634686609681,22.036531339031853
46840,528.0,725.3411362207095,-197.34113622070947
46866,1020.0,1006.0751108890054,13.924889110994627
46922,1127.0,1070.18146861313,56.81853138687006
46948,970.0,1015.3023275325851,-45.30232753258508
46972,616.0,625.3140066148006,-9.314006614800633
47006,1190.0,1156.2653733024008,33.7346266975992
47007,950.0,950.1319976539536,-0.1319976539535901
47020,749.0,702.1915115635069,46.80848843649312
47069,778.0,843.1966108216955,-65.19661082169546
47147,1145.0,1031.1075388894717,113.8924611105283
47193,1293.0,1231.7680877511375,61.2319122488625
47223,905.0,726.4247740034785,178.57522599652145
47226,1115.0,1196.6191867421676,-81.61918674216759
47258,1245.0,1199.2034207907025,45.79657920929753
47310,1045.0,984.7492768014811,60.250723198518926
47364,955.0,719.8911560056252,235.10884399437475
47394,795.0,626.6707419203276,168.3292580796724
47419,685.0,584.1445990028488,100.85540099715115
47439,1140.0,1117.7507476626204,22.24925233737963
47462,715.0,656.3103227189193,58.68967728108066
47518,720.0,667.7424743794069,52.25752562059313
47542,713.0,685.0646104874343,27.935389512565735
47547,1200.0,1081.1288659279116,118.87113407208835
47551,1180.0,1085.5458028291887,94.45419717081131
47563,1375.0,1134.2909545784685,240.70904542153153
47626,640.0,662.693497928554,-22.693497928554052
47628,610.0,660.1554475118177,-50.15544751181767
47657,1215.0,1169.5131560222044,45.486843977795616
47666,1484.0,1213.5630424943142,270.43695750568577
47683,465.0,625.2822240705325,-160.2822240705325
47685,1060.0,876.5102255540199,183.48977444598006
47700,780.0,694.1077992068786,85.89220079312145
47702,1048.0,949.4198848172755,98.58011518272451
47722,575.0,647.2755431657843,-72.27554316578426
47731,1090.0,1096.9416137207154,-6.941613720715395
47743,1290.0,1167.1054104949196,122.89458950508038
47765,785.0,692.1647882860887,92.83521171391135
47770,1035.0,728.5983378769898,306.40166212301017
47772,1222.0,1112.6364810665643,109.36351893343567
47814,1438.0,1118.3812216744593,319.6187783255407
47816,1082.0,1124.7763677555588,-42.776367755558795
47869,985.0,1070.0647201429267,-85.06472014292672
47880,1403.0,1321.7961900186044,81.20380998139558
47894,1210.0,1252.3911846454912,-42.391184645491194
47900,970.0,963.2739459124211,6.726054087578859
47905,655.0,736.4366051015085,-81.43660510150846
47914,975.0,1060.6576681846768,-85.65766818467682
47917,685.0,726.9256326765579,-41.92563267655794
47919,1270.0,1029.7273501776942,240.27264982230577
47935,867.0,732.5190676613621,134.4809323386379
47947,815.0,700.1262460586768,114.87375394132323
47972,1109.0,1169.9352389218752,-60.935238921875225
47985,1239.0,845.4929986655211,393.5070013344789
47989,1219.0,1205.522741859326,13.47725814067394
48039,597.0,699.884794325173,-102.88479432517295
48047,1130.0,1030.7765853660787,99.22341463392127
48095,1385.0,1296.8227562125294,88.17724378747062
48096,685.0,643.8825941546274,41.11740584537256
48115,1455.0,1133.4532870907428,321.54671290925717
48182,775.0,674.789535705408,100.21046429459204
48246,970.0,1098.7167019155518,-128.71670191555177
48254,690.0,700.5825760612994,-10.582576061299392
48276,535.0,577.0398112020986,-42.039811202098576
48296,660.0,484.85075648523025,175.14924351476975
48309,890.0,1219.2672313742537,-329.2672313742537
48317,1295.0,1062.9479051921799,232.05209480782014
48341,645.0,604.536139504717,40.46386049528303
48387,1375.0,1226.7512865324138,148.24871346758619
48399,995.0,867.8496315759539,127.15036842404606
48456,775.0,695.138918709778,79.86108129022205
48498,885.0,1074.7327714496907,-189.73277144969074
48514,1085.0,1071.9540540689113,13.045945931088681
48579,735.0,769.17167989418,-34.17167989417999
48615,1395.0,1275.898294167047,119.10170583295303
48632,645.0,617.1384993761475,27.86150062385252
48685,1377.0,1176.3576163097891,200.64238369021086
48770,795.0,707.021288900395,87.978711099605
48790,1460.0,1144.2684176969365,315.73158230306353
48800,1250.0,1157.9765191323986,92.02348086760139
48834,1163.0,1074.1706164238758,88.8293835761242
48882,1335.0,1391.5272557851856,-56.527255785185616
48900,850.0,922.5459395877994,-72.54593958779935
48930,165.0,1124.30485726419,-959.3048572641901
48947,1175.0,988.6309797258184,186.3690202741816
48991,1120.0,1000.3018956848229,119.69810431517715
49019,1041.0,1193.36731759556,-152.36731759556005
49039,930.0,1014.1937336243595,-84.19373362435954
49090,1255.0,1142.3253265560468,112.67467344395322
49131,1001.0,1376.2182210863214,-375.21822108632136
49183,700.0,681.774157012991,18.225842987008946
49194,1400.0,1097.9662809525596,302.0337190474404
49259,1075.0,978.3083092713177,96.69169072868226
49294,889.0,985.0175763099181,-96.01757630991813
49296,1595.0,1282.1227997696465,312.87720023035354
49308,1040.0,1316.403271306032,-276.4032713060319
49310,1325.0,1128.947413680293,196.05258631970696
49323,900.0,862.2092419820921,37.79075801790793
49339,1090.0,1212.5364146820752,-122.53641468207525
49351,745.0,637.4139628645772,107.58603713542277
49361,1075.0,1153.2359394151586,-78.23593941515855
49373,1090.0,1186.3652224025282,-96.36522240252816
49383,1510.0,1234.9798026832166,275.0201973167834
49407,1150.0,988.2107841385678,161.78921586143224
49415,1481.0,1288.6578322015948,192.34216779840517
49442,1030.0,1084.0305136291852,-54.03051362918518
49470,1690.0,1275.334991181658,414.6650088183419
49498,1309.0,1091.562016730031,217.43798326996898
49539,983.0,821.9295545488517,161.07044545114832
49629,935.0,1061.4758468503621,-126.47584685036213
49637,661.0,705.4977250568629,-44.49772505686292
49714,600.0,617.0370472529845,-17.037047252984507
49746,1225.0,892.0331201879214,332.96687981207856
49747,1435.0,1329.4623944493876,105.5376055506124
49767,930.0,861.2881731891987,68.71182681080131
49772,1245.0,1084.5355361789836,160.46446382101635
49788,1200.0,1186.4857718447759,13.514228155224146
49834,1010.0,1062.9768964321074,-52.976896432107424
49876,1165.0,1057.2789699482148,107.72103005178519
49898,1160.0,1232.8011374946939,-72.80113749469388
49909,843.0,735.9046206951515,107.0953793048485
49939,780.0,631.2923114786162,148.70768852138383
49980,1105.0,1079.115633290301,25.884366709698952
50008,1217.0,1053.2537539019513,163.7462460980487
50022,1350.0,1155.021061242445,194.97893875755494
50034,1235.0,981.7557062957771,253.24429370422286
50045,955.0,1087.3895829631638,-132.38958296316378
50089,1086.0,1080.6476688311689,5.352331168831142
50130,780.0,550.992578202096,229.00742179790404
50159,579.0,586.3602244116041,-7.360224411604122
50173,1360.0,1134.011783048333,225.98821695166703
50175,980.0,1067.3826384263184,-87.38263842631841
50186,1310.0,1237.2065726155056,72.79342738449441
50251,1121.0,1110.372739323303,10.627260676697006
50263,655.0,626.8888712269043,28.111128773095743
50334,1125.0,1042.9174123023963,82.08258769760369
50341,725.0,644.4620403443137,80.53795965568634
50431,700.0,623.0226623771089,76.97733762289113
50493,884.0,613.7970657728554,270.2029342271446
50523,665.0,733.5218375848123,-68.52183758481226
50526,1030.0,1235.1921051287638,-205.19210512876384
50550,1280.0,1091.2816832113408,188.7183167886592
50554,1360.0,1294.555299875865,65.4447001241349
50601,895.0,639.8634751735764,255.13652482642362
50603,1360.0,1159.8192581276287,200.1807418723713
50604,808.0,860.4705608110519,-52.47056081105188
50624,775.0,709.2772191642839,65.7227808357161
50657,1425.0,1056.0472718016383,368.9527281983617
50674,1265.0,1044.5814727153786,220.4185272846214
50713,640.0,616.6285462448197,23.371453755180255
50718,1158.0,1160.1147091996943,-2.114709199694289
50741,1240.0,1219.5786695745292,20.421330425470842
50781,1190.0,1287.0605875972192,-97.06058759721918
50814,990.0,1013.71556870051,-23.715568700509948
50826,785.0,682.0677327708739,102.93226722912607
50843,995.0,1165.3277717040694,-170.3277717040694
50847,975.0,910.4067100584606,64.59328994153941
50858,608.0,631.2046978292395,-23.204697829239535
50874,1100.0,956.5814037603641,143.41859623963592
50892,1169.0,1176.5371612826173,-7.537161282617262
50920,990.0,1232.678863645913,-242.678863645913
50962,726.0,674.789535705408,51.21046429459204
50976,1415.0,1279.585404975314,135.41459502468592
50990,855.0,801.9285733256172,53.07142667438279
51036,1110.0,1156.5025846931176,-46.50258469311757
51067,1295.0,988.9296144404087,306.0703855595913
51068,570.0,683.4941981219717,-113.49419812197175
51083,909.0,672.5444489124126,236.45555108758742
51091,882.0,771.6349953102455,110.36500468975453
51103,1395.0,1075.9368653125991,319.06313468740086
51113,1210.0,1137.912554319055,72.08744568094494
51127,1370.0,1173.6051677530413,196.39483224695869
51152,1160.0,1134.6467659794928,25.353234020507216
51171,670.0,616.0136428602196,53.98635713978035
51206,920.0,996.0513729642485,-76.05137296424846
51273,1069.0,993.2870625603523,75.7129374396477
51274,1200.0,1186.234211141119,13.765788858881024
51282,1191.0,850.3762547754911,340.62374522450887
51293,1400.0,953.5071126431743,446.4928873568257
51367,875.0,1142.7136299291722,-267.71362992917216
51411,635.0,632.2308212576568,2.769178742343229
51426,807.0,644.4324203209968,162.5675796790032
51443,1250.0,1093.6895114824815,156.31048851751848
51453,1160.0,1308.1605130701405,-148.1605130701405
51456,1238.0,1185.0870962209883,52.912903779011685
51468,1110.0,1048.5053872835522,61.49461271644782
51493,730.0,761.7050524240801,-31.705052424080122
51501,865.0,931.8939741843743,-66.89397418437431
51502,1410.0,1220.4261049825523,189.57389501744774
51556,1060.0,1165.5875101587078,-105.5875101587078
51562,1268.0,1095.3473062392293,172.65269376077072
51566,980.0,1100.2474426164997,-120.24744261649971
51597,878.0,644.8856478867972,233.1143521132028
51672,570.0,643.0074009072331,-73.00740090723309
51679,452.0,788.4307083971113,-336.4307083971113
51742,875.0,742.153327423732,132.84667257626802
51805,1070.0,1162.952707287316,-92.95270728731589
51830,1340.0,1090.6110328701411,249.38896712985888
51838,1479.0,1151.1315981686027,327.86840183139725
51857,1210.0,977.7498928338439,232.2501071661561
51912,1102.0,1170.9846047693213,-68.98460476932132
51935,725.0,694.1443273135856,30.855672686414437
51954,1605.0,1291.6682979852192,313.33170201478083
51975,1055.0,873.3480914360997,181.6519085639003
51990,790.0,664.8180966334756,125.18190336652435
51995,1320.0,1191.8330472184232,128.1669527815768
52148,1373.0,1194.4633639237256,178.53663607627436
52160,1455.0,1220.251940005045,234.74805999495493
52178,716.0,698.6321997889846,17.36780021101538
52183,904.0,1171.664780437827,-267.66478043782695
52221,1210.0,1203.5481205307083,6.451879469291725
52309,610.0,754.5265249763814,-144.52652497638144
52412,625.0,689.9946293292155,-64.99462932921551
52416,675.0,662.6916428913527,12.308357108647328
52424,1080.0,1245.8876055405785,-165.88760554057853
52533,1035.0,705.5260514075633,329.4739485924367
52546,1300.0,1175.6407406982094,124.35925930179064
52549,352.0,1189.8867392590103,-837.8867392590103
52567,1330.0,1073.960929032352,256.03907096764806
52576,1105.0,975.6781952861954,129.32180471380457
52634,1025.0,1059.0137147944654,-34.013714794465386
52675,1450.0,1236.9686182456953,213.03138175430468
52680,1550.0,1133.191434788113,416.80856521188707
52711,1145.0,1067.5374653830404,77.4625346169596
52729,1005.0,937.697573424427,67.30242657557301
52764,1250.0,1101.351431142738,148.64856885726203
52821,530.0,615.8932295425426,-85.8932295425426
52838,1145.0,1113.6313477850833,31.368652214916665
52861,710.0,720.5641168002402,-10.564116800240186
52887,1444.0,1261.7048750165234,182.29512498347663
52903,1118.0,1104.4620545585426,13.537945441457396
52908,1170.0,1054.4285098078874,115.5714901921126
52930,635.0,606.8556407508249,28.144359249175068
52940,1045.0,706.2639972051691,338.73600279483094
53079,646.0,602.8642278800238,43.135772119976195
53084,644.0,651.1981281194359,-7.198128119435864
53117,885.0,837.0484335434718,47.95156645652821
53132,890.0,1099.1459950150688,-209.14599501506882
53134,1030.0,1112.8279876982806,-82.8279876982806
53190,791.0,696.3069077622346,94.69309223776543
53214,1448.0,1152.786540831362,295.2134591686381
53218,1295.0,1286.8908975861618,8.109102413838173
53347,1070.0,1250.098831911374,-180.09883191137396
53350,880.0,737.2559915845305,142.74400841546947
53386,640.0,721.8062472525714,-81.80624725257144
53410,790.0,716.4051667324011,73.59483326759891
53411,860.0,868.8708293650793,-8.870829365079317
53439,1205.0,1115.0752672362564,89.92473276374358
53448,1055.0,1054.7290834589667,0.27091654103332985
53506,1045.0,1002.8331086341979,42.166891365802144
53555,1560.0,1238.9817003915148,321.0182996084852
53608,1160.0,1120.7994476342956,39.200552365704425
53643,1150.0,1005.7698402645345,144.23015973546546
53648,1240.0,1109.9955190009105,130.00448099908954
53659,1290.0,1115.1907968518537,174.80920314814625
53690,976.0,852.8726820779582,123.12731792204181
53697,640.0,693.0962370907778,-53.09623709077778
53698,1125.0,1128.4126300772589,-3.412630077258882
53715,1537.0,1218.0454158420441,318.9545841579559
53720,1080.0,1168.441825802787,-88.44182580278698
53721,1268.0,1395.1109320446617,-127.1109320446617
53731,1455.0,1220.0829038584059,234.91709614159413
53737,1245.0,1261.1752786940458,-16.1752786940458
53778,540.0,640.8797499630881,-100.8797499630881
53835,1325.0,1134.7994026829394,190.20059731706056
53867,1120.0,1072.2431284193733,47.756871580626694
53897,511.0,616.9180787844746,-105.91807878447457
53912,890.0,901.0201844414902,-11.020184441490187
53925,1312.0,1261.36367456921,50.636325430790066
53965,1124.0,1347.6765705534406,-223.67657055344057
53973,1282.0,1030.222020840939,251.77797915906103
53986,733.0,963.1955532471829,-230.19555324718294
53998,968.0,815.4365810485812,152.56341895141884
54068,921.0,980.4912531170428,-59.49125311704279
54108,1036.0,1290.97164122889,-254.9716412288899
54129,1433.0,1209.3218468982157,223.67815310178435
54149,1312.0,1180.595182592707,131.40481740729297
54165,1075.0,933.1527437133295,141.84725628667047
54175,811.0,614.852336991957,196.14766300804297
54186,695.0,675.3915375300456,19.60846246995436
54233,1085.0,1107.5732520352947,-22.573252035294672
54247,1410.0,1216.1912848242923,193.80871517570768
54275,595.0,678.7171838368347,-83.71718383683469
54336,717.0,818.4993889112991,-101.49938891129909
54353,1125.0,1276.3011171449314,-151.30111714493137
54442,785.0,650.4214398630257,134.57856013697426
54447,1003.0,1017.7698394606131,-14.76983946061307
54486,885.0,1111.8376895175847,-226.83768951758475
54492,1025.0,1034.2787807739937,-9.27878077399373
54497,1030.0,1154.3231348733173,-124.32313487331726
54509,1231.0,930.5814002406611,300.4185997593389
54518,732.0,779.2280519242231,-47.22805192422311
54572,952.0,642.5415722530997,309.45842774690027
54599,1135.0,1077.3116918717963,57.688308128203744
54619,1655.0,1279.1801288286395,375.81987117136055
54677,1279.0,1143.6623715826142,135.33762841738576
54699,550.0,544.9141441798942,5.085855820105849
54705,1215.0,1083.696306583083,131.30369341691699
54724,690.0,616.9721409903065,73.02785900969354
54738,888.0,998.3805739639862,-110.3805739639862
54739,1265.0,1194.424422545867,70.57557745413305
54742,1257.0,1140.5232889946467,116.47671100535331
54759,595.0,632.9044493867921,-37.904449386792066
54763,727.0,686.6323174969921,40.36768250300793
54766,1125.0,1076.9277759874162,48.072224012583774
54799,870.0,995.5967095657434,-125.59670956574337
54803,880.0,670.1185907367293,209.8814092632707
54931,1725.0,1343.846034389908,381.153965610092
54980,910.0,613.074544986007,296.925455013993
55054,1245.0,1061.0855411544112,183.9144588455888
55056,1120.0,1136.5429586452497,-16.542958645249655
55062,1170.0,935.1592206569237,234.8407793430763
55073,1050.0,980.680226534661,69.31977346533904
55074,1400.0,1199.5210810168705,200.47891898312946
55118,1380.0,1165.2775638708106,214.72243612918942
55156,1644.0,1301.905205100837,342.09479489916293
55185,1025.0,1058.671597292482,-33.67159729248192
55228,615.0,631.2863995569306,-16.286399556930633
55235,990.0,944.3759023011734,45.62409769882663
55269,882.0,1060.048994085981,-178.0489940859809
55351,1056.0,1139.8215396886185,-83.82153968861849
55392,1301.0,1165.1420747248258,135.85792527517424
55407,1255.0,1122.0367311989155,132.9632688010845
55426,1390.0,1156.556302320034,233.4436976799659
55432,833.0,813.3839525650899,19.616047434910115
55458,1005.0,1072.9150758223393,-67.9150758223393
55549,1230.0,1105.630658891773,124.36934110822699
55561,1157.0,1324.7852210739563,-167.78522107395634
55598,910.0,983.314241209243,-73.31424120924305
55602,805.0,736.3933267830744,68.60667321692563
55653,1150.0,1327.9523884879354,-177.95238848793542
55663,649.0,1009.6612480909092,-360.6612480909092
55695,675.0,632.2032135819029,42.7967864180971
55704,715.0,626.2865779906127,88.71342200938727
55745,1225.0,1280.8003394171383,-55.800339417138275
55746,1045.0,922.2928766454482,122.70712335455175
55757,1065.0,1012.0309981118307,52.96900188816926
55759,705.0,668.1694336848414,36.83056631515865
55764,950.0,1032.4982852512933,-82.49828525129328
55839,1425.0,1264.2234418000821,160.77655819991787
55855,1136.0,1242.2491507936506,-106.24915079365064
55889,1555.0,1287.952623863821,267.0473761361791
55894,1482.0,1286.682827799519,195.31717220048108
55897,1200.0,1171.8285386709622,28.17146132903781
55924,1415.0,1192.0463562238315,222.95364377616852
55943,660.0,653.0085834375259,6.9914165624741145
55978,690.0,639.1354102891898,50.86458971081015
56042,1090.0,1190.760366676283,-100.76036667628296
56074,890.0,1124.007742821963,-234.0077428219629
56075,1495.0,1209.0815579451933,285.91844205480675
56081,1565.0,1229.7129945379904,335.2870054620096
56094,1462.0,1326.6536373775525,135.3463626224475
56114,970.0,1099.6238793378989,-129.62387933789887
56116,603.0,638.852480615892,-35.85248061589198
56147,535.0,568.0306635864988,-33.030663586498804
56175,264.0,1040.269410820222,-776.269410820222
56180,1021.0,1101.9455540782005,-80.94555407820053
56212,710.0,684.0159736824651,25.984026317534926
56213,1180.0,1025.1110466552973,154.8889533447027
56229,700.0,685.5241128316771,14.475887168322856
56236,1125.0,1231.7680877511375,-106.7680877511375
56265,1195.0,1117.9797308080247,77.02026919197533
56286,1080.0,1140.5232889946467,-60.52328899464669
56373,1181.0,1006.7573044219347,174.2426955780653
56380,875.0,908.1502397258747,-33.15023972587471
56395,1270.0,1259.6215631655616,10.37843683443839
56401,980.0,848.300479629113,131.69952037088694
56411,1100.0,1117.1441803155574,-17.144180315557378
56417,1020.0,1050.7539863666257,-30.753986366625668
56424,1165.0,1388.1817528573706,-223.1817528573706
56446,1105.0,1223.9134076397524,-118.91340763975245
56508,1255.0,1142.900823707349,112.09917629265101
56553,1365.0,1078.1132946888129,286.88670531118714
56567,690.0,758.7175689451045,-68.71756894510452
56716,1245.0,1244.083828972046,0.9161710279540785
56718,1040.0,1015.0386218494749,24.961378150525093
56719,980.0,745.4170067858533,234.58299321414665
56730,1085.0,1128.5776400008722,-43.57764000087218
56741,745.0,714.0891385843792,30.910861415620843
56756,893.0,676.2502704654831,216.74972953451686
56763,1035.0,1153.3426081724194,-118.34260817241943
56770,1146.0,1206.0777570567316,-60.07775705673157
56772,1026.0,986.9157064708435,39.084293529156525
56822,1280.0,1243.2540766605296,36.74592333947044
56833,762.0,663.6977372048018,98.3022627951982
56842,1185.0,1118.8103553075784,66.18964469242155
56865,675.0,744.30460632152,-69.30460632152005
56880,1420.0,1314.223294483765,105.7767055162351
56918,1281.0,1211.8662256964756,69.13377430352443
56926,1555.0,1321.477022936792,233.52297706320792
56935,1235.0,1188.910241418135,46.089758581865
56948,1036.0,959.1230806965391,76.87691930346091
56960,1295.0,1294.8537525002982,0.146247499701758
56979,1060.0,1243.428288774265,-183.42828877426496
56983,905.0,983.1842006287254,-78.18420062872542
57028,822.0,661.2606113658592,160.73938863414082
57100,840.0,659.3373933398918,180.66260666010817
57122,787.0,748.537894597855,38.46210540214497
57138,748.0,667.6737985124242,80.32620148757576
57153,934.0,670.8241323939694,263.1758676060306
57165,1120.0,1248.9250541639826,-128.92505416398262
57186,680.0,670.3071713397468,9.692828660253213
57270,885.0,1040.2121944444443,-155.21219444444432
57306,1090.0,923.0196950764514,166.9803049235486
57310,645.0,630.9016500480676,14.098349951932391
57317,1200.0,1114.5817531986295,85.41824680137051
57337,565.0,696.7168340107347,-131.71683401073471
57356,1425.0,1182.0472115653315,242.9527884346685
57359,595.0,587.7360690615519,7.263930938448084
57363,1480.0,1179.7129294819756,300.2870705180244
57373,1145.0,966.2801099442613,178.7198900557387
57376,910.0,1200.6005482350354,-290.6005482350354
57399,1300.0,1306.497480187078,-6.497480187078054
57424,728.0,685.0563970633943,42.94360293660566
57428,1320.0,1182.9954843055384,137.0045156944616
57430,980.0,806.7690238450185,173.23097615498148
57441,1015.0,891.349271321321,123.650728678679
57468,1455.0,1228.9127413806589,226.08725861934113
57530,655.0,630.3035219019571,24.696478098042917
57532,575.0,683.1519791278447,-108.1519791278447
57553,960.0,887.4717456516101,72.52825434838985
57589,1370.0,1068.9424940078827,301.0575059921173
57602,740.0,695.2819028780144,44.71809712198558
57653,750.0,745.6921808571534,4.307819142846597
57655,735.0,734.9359340790384,0.06406592096163877
57684,890.0,758.4314697167758,131.56853028322416
57713,1215.0,1089.1703907069668,125.82960929303317
57729,645.0,766.750718999846,-121.75071899984596
57738,670.0,640.9636081942942,29.03639180570576
57761,1300.0,1224.2441187931393,75.75588120686075
57780,645.0,743.2945517066672,-98.29455170666722
57807,1170.0,1032.3259856954655,137.67401430453447
57810,1515.0,1332.2829704489247,182.71702955107526
57815,755.0,725.200220665664,29.799779334335994
57820,945.0,1165.7276730976068,-220.72767309760684
57825,765.0,731.4217230576347,33.57827694236528
57855,1550.0,1261.576097053901,288.4239029460989
57867,1420.0,1235.468208024954,184.53179197504596
57904,753.0,587.2620610702603,165.7379389297397
57922,880.0,803.5308689232576,76.46913107674243
57947,1160.0,1115.8753472896701,44.12465271032988
57983,980.0,969.9884528212963,10.011547178703722
58012,1390.0,1199.6635038038905,190.33649619610947
58034,950.0,1181.2562075932724,-231.2562075932724
58042,1450.0,1195.1027609147895,254.89723908521046
58045,1323.0,1050.1474161980025,272.8525838019975
58083,1315.0,1123.9330660275916,191.06693397240838
58117,836.0,888.6980917078565,-52.69809170785652
58428,1310.0,1161.0649189058113,148.93508109418872
58433,997.0,1156.4929699463707,-159.49296994637075
58450,926.0,1251.447476143747,-325.44747614374705
58470,1489.0,1312.4015881496844,176.59841185031564
58475,630.0,671.973508105443,-41.97350810544299
58485,1030.0,1073.3900234747432,-43.3900234747432
58496,775.0,598.914791268732,176.08520873126804
58509,1070.0,1304.1251745846776,-234.12517458467755
58511,738.0,1018.8962788832717,-280.89627888327175
58527,1003.0,979.940198967432,23.059801032567975
58541,992.0,1092.7059835422072,-100.70598354220715
58549,1164.0,1193.7387579365077,-29.73875793650768
58550,1054.0,880.9990957886782,173.00090421132177
58646,1005.0,1228.6124541252827,-223.61245412528274
58658,720.0,623.5587078055985,96.44129219440151
58715,1245.0,1285.6610637138356,-40.661063713835574
58789,1123.0,1234.912445157546,-111.91244515754602
58793,965.0,926.251838337588,38.74816166241203
58853,1030.0,1060.6018692670646,-30.601869267064558
58874,937.0,902.7846378626651,34.215362137334864
58902,1219.0,1152.6744238257443,66.32557617425573
58962,1060.0,1243.4050971411534,-183.40509714115342
58976,456.0,632.8046380196485,-176.80463801964845
59048,960.0,1060.074275096542,-100.0742750965419
59066,680.0,731.5962730501147,-51.596273050114746
59096,649.0,569.0357758502362,79.96422414976382
59142,605.0,1035.5769809120925,-430.5769809120925
59214,978.0,1061.8260979586562,-83.82609795865619
59218,970.0,1144.241914157883,-174.241914157883
59305,560.0,690.0061386625823,-130.00613866258232
59306,955.0,997.1894353423984,-42.18943534239838
59360,1279.0,995.0782665947912,283.9217334052088
59366,1107.0,1234.4333917054055,-127.43339170540548
59413,705.0,570.8427180938488,134.15728190615118
59468,1230.0,1139.5194118379463,90.48058816205366
59471,1210.0,1221.4119051573093,-11.41190515730932
59493,770.0,1174.45628646667,-404.45628646667
59508,985.0,963.6254364455496,21.374563554450447
59520,665.0,684.0956498270266,-19.09564982702659
59678,780.0,1100.296244356207,-320.2962443562069
59719,1300.0,1240.1529409170546,59.84705908294541
59720,1300.0,1232.337556150715,67.66244384928495
59818,1473.0,1178.4300115418805,294.5699884581195
59860,1220.0,1198.6128051528904,21.38719484710964
59868,535.0,671.5868695077552,-136.58686950775518
59888,735.0,596.3798098773306,138.62019012266944
59899,1345.0,1013.9481821871805,331.05181781281954
59936,780.0,664.6619509304634,115.33804906953662
59949,1120.0,1171.4166019575375,-51.41660195753752
60020,1202.0,1272.2147159899002,-70.21471598990024
60045,1165.0,1152.215449633687,12.784550366312942
60055,1220.0,1099.8169135891837,120.18308641081626
60060,435.0,594.0399493549014,-159.0399493549014
60076,890.0,751.5068776487302,138.4931223512698
60090,1440.0,1154.2791265162725,285.7208734837275
60098,705.0,590.8238497187318,114.17615028126818
60146,1185.0,1210.002347971234,-25.00234797123403
60158,710.0,674.0345872961971,35.96541270380294
60196,995.0,1106.28749677175,-111.28749677175006
60269,1445.0,1294.562689083485,150.4373109165149
60290,1285.0,792.9422467238728,492.0577532761272
60305,925.0,946.0552493115551,-21.055249311555144
60320,575.0,613.0885210347813,-38.08852103478125
60382,1086.0,1018.8098056198255,67.19019438017449
60440,719.0,734.6857411348725,-15.6857411348725
60526,1540.0,1322.2274361177067,217.7725638822933
60553,1280.0,1249.08160964415,30.91839035585008
60563,1245.0,1214.6843974299286,30.315602570071405
60569,990.0,722.5848255067918,267.41517449320816
60571,870.0,1025.7442804790437,-155.7442804790437
60574,823.0,814.7931231125065,8.206876887493536
60659,900.0,931.5871813652632,-31.587181365263177
60709,1110.0,995.357783381586,114.64221661841395
60713,1050.0,1193.8993131188215,-143.8993131188215
60743,1368.0,1129.464028362758,238.53597163724203
60779,933.0,1104.3672015870607,-171.36720158706066
60835,1080.0,1102.525156095436,-22.525156095435932
60845,1180.0,968.9094914843763,211.0905085156237
60999,1100.0,1077.3816132204895,22.6183867795105
61002,1140.0,1033.4422341075822,106.55776589241782
61131,1445.0,1190.806978162165,254.19302183783498
61189,1052.0,736.1037450895122,315.89625491048776
61274,970.0,1077.888942408994,-107.8889424089939
61327,815.0,1011.6001553261207,-196.60015532612067
61328,920.0,1105.1744064596646,-185.17440645966462
61361,1052.0,980.5811122068885,71.41888779311148
61396,1145.0,1299.9031281507232,-154.9031281507232
61471,1380.0,1179.2019391416923,200.79806085830774
61473,1390.0,1251.0050017797328,138.99499822026723
61504,1180.0,1015.5167139445092,164.4832860554908
61540,975.0,1038.9134908444655,-63.913490844465514
61579,1280.0,1184.0569853073828,95.94301469261723
61617,1205.0,1101.7958720045813,103.20412799541873
61650,1080.0,1014.2679642736155,65.73203572638454
61682,1555.0,1297.33113128198,257.6688687180199
61840,1310.0,1264.186999939997,45.813000060003105
61849,1049.0,1168.6344999999997,-119.63449999999966
61860,1020.0,1246.415070315417,-226.4150703154171
61888,802.0,774.0396889065026,27.960311093497353
61906,735.0,678.3303151636097,56.669684836390275
61942,720.0,674.0438191437368,45.956180856263245
61986,1205.0,1253.2685949160993,-48.268594916099346
61996,492.0,625.8050293584297,-133.8050293584297
62011,470.0,597.9688326535352,-127.96883265353517
62018,560.0,642.0271635524064,-82.02716355240636
62027,1070.0,1033.2681920653563,36.73180793464371
62091,1205.0,1248.3851804251424,-43.38518042514238
62105,615.0,574.352009828876,40.64799017112398
62120,1025.0,994.4319191325384,30.568080867461617
62130,1050.0,1060.6395288968085,-10.639528896808542
62230,1345.0,1206.0817559261527,138.9182440738473
62293,525.0,666.1898725238693,-141.18987252386933
62310,1130.0,1022.3863891206236,107.61361087937644
62326,1215.0,1141.1650512563176,73.83494874368239
62409,1130.0,963.8705556816551,166.1294443183449
62416,1505.0,942.1220405598493,562.8779594401507
62420,1015.0,1080.7235248804773,-65.72352488047727
62432,1570.0,1339.353915230044,230.6460847699559
62489,1195.0,1169.5453360770036,25.45466392299636
62514,1455.0,1219.710299138044,235.2897008619559
62554,1105.0,756.2732539245054,348.7267460754946
62556,1470.0,1173.972506562944,296.0274934370559
62598,630.0,687.9994046336961,-57.999404633696145
62628,1335.0,1303.7481273158212,31.251872684178807
62676,1090.0,1084.1979630324743,5.802036967525737
62690,905.0,934.1531233133333,-29.153123313333253
62795,530.0,668.9901338225869,-138.99013382258693
62834,1415.0,1342.2050603795524,72.79493962044762
62874,1175.0,1264.3274235679958,-89.32742356799577
62910,649.0,547.4299642857143,101.57003571428572
62928,1165.0,1277.0399957907603,-112.03999579076026
62939,1040.0,1027.3127913966673,12.687208603332692
62960,710.0,628.3269971515211,81.67300284847886
62980,1159.0,1098.8932318109194,60.10676818908064
63000,1080.0,998.1425818285959,81.8574181714041
63058,1821.0,1220.829745811132,600.1702541888681
63061,900.0,755.1456340020396,144.85436599796037
63062,1100.0,1000.1371571550962,99.86284284490375
63134,1485.0,1251.7970121175667,233.20298788243326
63179,1015.0,1031.4564205274094,-16.456420527409364
63183,1120.0,1145.485946213031,-25.485946213030957
63188,590.0,668.608914011522,-78.60891401152196
63238,890.0,836.2574968457467,53.74250315425331
63257,900.0,1135.5796679663638,-235.5796679663638
63278,601.0,693.6473244196715,-92.64732441967146
63289,1545.0,1126.6550550535503,418.3449449464497
63376,835.0,1009.4889127767315,-174.48891277673147
63435,1110.0,1031.223064503006,78.77693549699393
63506,545.0,497.47901861213944,47.52098138786056
63597,650.0,727.145355078539,-77.14535507853896
63601,730.0,661.8691483091901,68.13085169080989
63695,180.0,806.4160448532947,-626.4160448532947
63739,630.0,651.5453783499731,-21.545378349973134
63777,1463.0,1256.7320383228302,206.26796167716975
63807,1186.0,1096.5435663747535,89.45643362524652
63827,945.0,1011.6001553261207,-66.60015532612067
63836,665.0,548.2168592668997,116.78314073310025
63911,825.0,714.40835211678,110.59164788322005
63949,671.0,630.4767484157223,40.52325158427766
64054,815.0,747.3051842734035,67.69481572659652
64084,1120.0,863.193711880712,256.80628811928796
64176,1235.0,1201.1376328446254,33.86236715537461
64177,1157.0,1077.3514979329827,79.64850206701726
64218,1020.0,980.9233617665261,39.076638233473886
64253,941.0,894.6561800618169,46.34381993818306
64268,829.0,795.1387327734711,33.86126722652887
64328,904.0,920.0084485575458,-16.008448557545762
64406,1411.0,1143.7220589606725,267.2779410393275
64426,665.0,688.3429530813777,-23.342953081377686
64446,665.0,640.2113896762582,24.78861032374175
64536,1030.0,1273.7256637700525,-243.7256637700525
64554,666.0,648.8881358689254,17.11186413107464
64641,710.0,699.9851867534145,10.014813246585504
64681,1085.0,1050.8877860728137,34.1122139271863
64685,675.0,670.4696826825216,4.530317317478421
64770,1145.0,1262.585384048389,-117.58538404838896
64832,1165.0,1020.4299563716079,144.5700436283921
64872,925.0,717.4158442610849,207.58415573891511
64925,588.0,683.9274454561552,-95.92744545615517
64938,1250.0,1201.5571733598067,48.44282664019329
64963,1055.0,1113.1446945454127,-58.144694545412676
64987,1330.0,1166.0032383783268,163.99676162167316
65001,1160.0,1078.1947940092855,81.80520599071451
65009,1260.0,1156.8437601593955,103.15623984060448
65013,678.0,693.692070782965,-15.692070782964947
65030,985.0,920.4249813775829,64.57501862241713
65057,1030.0,937.3518377062343,92.64816229376572
65166,1102.0,1194.0960885733525,-92.09608857335252
65183,710.0,559.6449034524252,150.35509654757482
65209,825.0,646.2768489153318,178.7231510846682
65232,1150.0,1241.517536651402,-91.517536651402
65296,1540.0,1177.1924461321187,362.8075538678813
65299,926.0,1065.0579098170692,-139.05790981706923
65354,750.0,1137.7891772106382,-387.7891772106382
65358,1475.0,1168.183792478999,306.81620752100093
65389,1136.0,1130.5112368989428,5.488763101057202
65414,1135.0,1013.4406825621219,121.55931743787812
65420,1560.0,1269.9324426672724,290.0675573327276
65482,1225.0,1077.3816132204895,147.6183867795105
65576,910.0,1028.0866529346815,-118.08665293468152
65597,1190.0,1127.291516041864,62.70848395813596
65602,1080.0,1000.2270442556559,79.77295574434413
65661,1000.0,984.0388631166076,15.961136883392442
65665,1275.0,1236.734315540247,38.26568445975295
65685,1080.0,1093.6787002598796,-13.678700259879633
65727,690.0,739.1976942300486,-49.19769423004857
65840,650.0,720.5231909162553,-70.52319091625532
65883,620.0,627.934188436423,-7.934188436423028
65914,1070.0,1002.3178989223657,67.68210107763434
65982,1000.0,1089.4977699684691,-89.49776996846913
66019,948.0,921.7187785840404,26.281221415959635
66031,965.0,1186.2046377745191,-221.20463777451914
66056,990.0,966.0352637006453,23.96473629935474
66074,1025.0,1048.9321274238675,-23.93212742386754
66075,1165.0,1072.5505207556205,92.44947924437952
66103,1150.0,1085.4655050061199,64.53449499388012
66137,1390.0,1332.3303221627502,57.669677837249765
66268,740.0,755.9753670098207,-15.97536700982073
66357,980.0,947.2381085237329,32.761891476267124
66389,931.0,733.6333847117162,197.3666152882838
66390,1100.0,1278.6300383291884,-178.63003832918844
66417,1285.0,1061.732450012819,223.26754998718093
66443,1360.0,1103.681084757399,256.31891524260095
66471,1255.0,1181.8113090687457,73.18869093125431
66498,745.0,680.5142573504182,64.48574264958177
66506,1290.0,1032.1111305537795,257.8888694462205
66727,1175.0,1009.420482934018,165.57951706598203
66754,1190.0,1210.4618264326955,-20.46182643269549
66780,1115.0,978.1569272486777,136.84307275132232
66812,655.0,662.0954214645634,-7.095421464563401
66831,678.0,591.1064793985068,86.89352060149315
66841,1345.0,1292.9035504147485,52.09644958525155
66868,600.0,633.5837026140813,-33.58370261408129
66873,945.0,935.5819352268574,9.418064773142646
66899,750.0,1116.6463529147768,-366.6463529147768
66924,590.0,710.243798650956,-120.24379865095602
66960,1240.0,1223.7084890913297,16.29151090867026
67054,988.0,1205.415427659262,-217.41542765926192
67161,1360.0,1069.3628339756153,290.63716602438467
67173,550.0,708.9265519962538,-158.9265519962538
67225,880.0,1050.9625780423276,-170.96257804232755
67232,1000.0,1003.1708777875267,-3.170877787526706
67289,913.0,935.3797330111444,-22.379733011144367
67331,1050.0,1114.6993647917832,-64.69936479178318
67339,1151.0,1144.576292445076,6.423707554924022
67559,730.0,690.9964663556128,39.003533644387176
67614,985.0,957.9643291938445,27.035670806155508
67616,620.0,642.4263970451357,-22.426397045135673
67793,975.0,1031.4836593565606,-56.483659356560565
67800,1225.0,1069.3614937933573,155.63850620664266
67842,1155.0,1240.848540352624,-85.84854035262401
67854,1305.0,1143.2621354116104,161.73786458838958
67901,780.0,891.349271321321,-111.349271321321
67927,749.0,1183.6315780221692,-434.63157802216915
67999,1149.0,1099.2756145253843,49.7243854746157
68024,1470.0,1231.7998664324014,238.20013356759864
68089,670.0,687.8301065170145,-17.830106517014542
68173,665.0,754.8047287379701,-89.8047287379701
68267,880.0,1213.571758258688,-333.5717582586881
68324,1420.0,1318.9764070321855,101.02359296781447
68325,1190.0,1120.6396614290945,69.36033857090547
68331,740.0,615.7451471450605,124.25485285493949
68343,695.0,670.9547082425721,24.04529175742789
68365,775.0,680.3118053618161,94.68819463818386
68477,775.0,799.4503849697945,-24.450384969794527
68576,790.0,647.8916419264049,142.10835807359513
68578,1125.0,1087.1601907217646,37.83980927823541
68646,945.0,1131.6534762578262,-186.65347625782624
68661,1180.0,1200.5875671603428,-20.587567160342815
68698,1180.0,1107.3377905303646,72.6622094696354
68772,1345.0,1195.8764723780973,149.12352762190267
68805,1440.0,1276.3908932216589,163.60910677834113
68827,1180.0,1190.688065493078,-10.688065493078057
68834,1050.0,846.5585457673747,203.44145423262535
68843,589.0,612.2781816162966,-23.278181616296592
68898,975.0,1085.229560482147,-110.22956048214701
68908,1075.0,1110.7768943125373,-35.77689431253725
68931,880.0,1207.789947059222,-327.78994705922196
68932,620.0,1083.0892294569799,-463.08922945697987
68938,995.0,975.1406625590124,19.859337440987588
68983,971.0,1199.8280260720567,-228.82802607205667
68988,623.0,658.904855528428,-35.904855528428016
69095,1100.0,1031.223064503006,68.77693549699393
69123,631.0,707.021288900395,-76.021288900395
69126,805.0,742.0334722837249,62.966527716275095
69152,670.0,615.1760083343255,54.8239916656745
69159,1235.0,1217.7056945031754,17.294305496824563
69181,930.0,1260.2673766940754,-330.26737669407544
69187,1260.0,1161.1775954146055,98.82240458539445
69250,1375.0,1183.5040444433862,191.4959555566138
69320,600.0,726.3694272728482,-126.36942727284816
69337,1370.0,1207.37117502547,162.62882497453006
69393,1325.0,1358.6649153760745,-33.66491537607453
69443,830.0,980.2382835103064,-150.23828351030636
69507,1000.0,1095.3472762220722,-95.3472762220722
69526,430.0,591.817783972346,-161.81778397234598
69562,780.0,751.8472052150204,28.15279478497962
69576,616.0,622.6254418370168,-6.625441837016751
69578,1205.0,1115.1712004410272,89.82879955897283
69644,1020.0,939.4233356148201,80.57666438517992
69718,640.0,628.9398167351144,11.060183264885609
69724,640.0,713.1757270706701,-73.17572707067006
69733,1075.0,1120.1046266558242,-45.10462665582418
69745,1060.0,1100.4732547767244,-40.47325477672439
69769,1003.0,1196.1365263895766,-193.1365263895766
69795,1130.0,1140.2458733227102,-10.245873322710167
69871,1294.0,1234.794178812085,59.205821187915035
69883,935.0,789.6114448334888,145.3885551665112
69899,1060.0,1048.9980199502884,11.00198004971162
69972,1315.0,1082.1354505193024,232.86454948069763
70068,1085.0,1184.7001050138124,-99.70010501381239
70081,721.0,632.2032135819029,88.7967864180971
70104,1326.0,1147.2761705342934,178.72382946570656
70174,580.0,734.2397709805706,-154.2397709805706
70251,1460.0,1205.0786202541806,254.92137974581942
70290,950.0,935.6570241885161,14.342975811483939
70295,550.0,586.909014397639,-36.909014397639
70326,1235.0,1352.420318877235,-117.4203188772351
70356,1070.0,841.8034266738242,228.19657332617578
70357,845.0,882.1968520018687,-37.196852001868706
70408,815.0,782.2067173603047,32.79328263969535
70445,1175.0,1104.6029742505407,70.39702574945932
70482,603.0,657.2351740133973,-54.23517401339734
70506,875.0,753.7861321595979,121.21386784040214
70532,500.0,647.4666302528509,-147.4666302528509
70549,926.0,1043.9835188846894,-117.98351888468937
70560,1425.0,1203.8967359660421,221.10326403395788
70817,920.0,1153.3426081724194,-233.34260817241943
70860,958.0,884.9773561469999,73.02264385300009
70932,1040.0,917.4772892695543,122.52271073044574
71011,1035.0,1283.1494631967873,-248.14946319678734
71065,670.0,679.5488263660234,-9.548826366023377
71125,1169.0,1153.8658556555124,15.134144344487595
71215,805.0,865.2910292250169,-60.29102922501693
71216,613.0,558.5070743798668,54.49292562013318
71276,860.0,745.2842677229821,114.71573227701788
71328,1140.0,1050.6091125090143,89.39088749098573
71396,785.0,611.212664671231,173.78733532876902
71408,1205.0,1223.9058755362455,-18.905875536245503
71438,1290.0,1028.820809320309,261.1791906796909
71508,1412.0,1207.8524281647863,204.14757183521374
71544,729.0,595.7872305157944,133.21276948420564
71571,1140.0,1090.344068299207,49.65593170079296
71619,955.0,1181.3750556695338,-226.37505566953382
71629,615.0,628.811967552852,-13.811967552852025
71642,485.0,580.0299743063243,-95.02997430632433
71676,1080.0,1172.614182368229,-92.61418236822897
71691,1135.0,1193.0775432212938,-58.07754322129381
71720,1205.0,1208.96992202855,-3.969922028549945
71725,960.0,1017.8636853951214,-57.863685395121365
71780,1430.0,1259.7910337099756,170.20896629002436
71794,1010.0,1273.9758218203106,-263.97582182031056
71825,1335.0,1125.2443914607143,209.75560853928573
71873,1300.0,1213.0857671023516,86.91423289764839
71907,1420.0,1255.0733771151565,164.92662288484348
71965,1320.0,1173.4889411535346,146.5110588464654
71977,655.0,502.31102318705285,152.68897681294715
72031,980.0,1083.879272341198,-103.87927234119798
72048,625.0,589.027521245848,35.97247875415201
72109,665.0,660.9049521762324,4.0950478237675725
72151,1165.0,1088.0773326142464,76.92266738575358
72160,430.0,600.993773287278,-170.99377328727803
72171,1330.0,1184.5831609129395,145.41683908706045
72290,1320.0,1078.1132946888129,241.88670531118714
72293,1065.0,992.2696100513142,72.7303899486858
72316,1430.0,1215.0717979202966,214.9282020797034
72317,1320.0,1178.427665974761,141.5723340252389
72338,1325.0,1329.2633400587558,-4.26334005875583
72367,1025.0,1197.7276296390135,-172.72762963901346
72382,690.0,665.5724914240448,24.427508575955244
72390,1220.0,1207.1400292950268,12.859970704973193
72406,1075.0,1111.723585342198,-36.72358534219802
72490,1235.0,1298.5494736820897,-63.54947368208968
72492,890.0,961.4836507936234,-71.48365079362338
72511,541.0,571.1478644192508,-30.147864419250823
72582,695.0,722.4113824127463,-27.41138241274632
72594,1217.0,1191.1826306500552,25.817369349944784
72659,1275.0,1042.7364665205844,232.26353347941563
72704,1400.0,1283.6931209425006,116.30687905749937
72711,930.0,914.3106111111109,15.689388888889084
72750,1190.0,1146.3566957687065,43.64330423129354
72772,1050.0,1119.7560163665985,-69.75601636659849
72798,915.0,759.31799350421,155.68200649579
72807,893.0,845.5231767024806,47.476823297519445
72842,1200.0,1206.303359040487,-6.3033590404870665
72919,1370.0,1260.4762574030985,109.52374259690146
72931,1100.0,1240.848540352624,-140.848540352624
72935,728.0,707.8149686691282,20.185031330871766
72947,560.0,720.2984759356718,-160.29847593567183
73050,810.0,914.057220049438,-104.057220049438
73077,1144.0,1211.7703190099228,-67.77031900992279
73124,948.0,956.3015098344606,-8.301509834460603
73140,892.0,790.3933632667848,101.60663673321517
73146,1275.0,1285.2125422933443,-10.212542293344313
73186,981.0,1001.6466621127823,-20.646662112782337
73296,955.0,1177.998595571693,-222.99859557169293
73307,1505.0,1264.944453564015,240.05554643598498
73396,715.0,552.2317207768155,162.76827922318455
73541,995.0,977.6391510925669,17.360848907433137
73629,560.0,723.163011807907,-163.16301180790697
73681,585.0,721.0529808168724,-136.05298081687238
73741,1170.0,1275.7481589691745,-105.74815896917448
73795,725.0,652.9115894719959,72.08841052800415
73804,1160.0,1221.8838682741332,-61.88386827413319
73847,1290.0,1147.4171496179163,142.58285038208373
73891,1345.0,1207.245401694188,137.7545983058119
73966,950.0,847.53948434941,102.46051565058997
74032,620.0,674.6921321270464,-54.69213212704642
74040,1190.0,1034.3068017325522,155.69319826744777
74063,1100.0,1216.138184586069,-116.13818458606897
74127,905.0,704.6214367009627,200.3785632990373
74129,1130.0,1093.7126736752896,36.28732632471042
74192,590.0,639.4550313685068,-49.45503136850675
74193,1080.0,1251.2582173680546,-171.2582173680546
74209,940.0,1114.08179639367,-174.08179639366995
74221,1005.0,1055.5937416657036,-50.59374166570365
74226,540.0,657.9514994847887,-117.95149948478866
74234,645.0,711.4914664854563,-66.49146648545627
74298,1020.0,702.8116988551359,317.1883011448641
74299,1158.0,1082.98380140402,75.01619859598009
74348,1335.0,1350.2534589386644,-15.25345893866438
74377,535.0,618.3730790124738,-83.3730790124738
74391,1190.0,1123.0921507799105,66.90784922008947
74412,1315.0,1183.3592023580786,131.64079764192138
74424,730.0,761.2325602793311,-31.232560279331096
74449,1130.0,1140.2169764906437,-10.216976490643674
74508,915.0,933.8043066398444,-18.804306639844413
74551,1250.0,1232.6371133975674,17.36288660243258
74559,1179.0,1046.2229113482738,132.77708865172622
74617,1245.0,1061.1977189413433,183.80228105865672
74633,580.0,643.7533392243911,-63.753339224391084
74756,1080.0,1069.3614937933573,10.63850620664266
74757,615.0,660.9049521762324,-45.90495217623243
74779,1040.0,1340.7361725431651,-300.73617254316514
74811,1520.0,1203.0162999586946,316.9837000413054
74921,871.0,987.6970793738247,-116.69707937382475
74933,1520.0,1325.747881644671,194.252118355329
74960,875.0,802.7952649051717,72.20473509482827
75055,778.0,932.287013624506,-154.28701362450602
75061,985.0,1003.1640766353499,-18.164076635349943
75071,959.0,947.2107437354255,11.789256264574533
75148,1458.0,1170.714870728232,287.285129271768
75174,920.0,1018.0457110031061,-98.04571100310613
75314,508.0,620.5627570193794,-112.56275701937943
75327,1157.0,1176.4521902371735,-19.452190237173454
75397,442.0,538.8022419031097,-96.80224190310969
75403,926.0,902.1954738091978,23.80452619080222
75484,970.0,1045.9923537368852,-75.9923537368852
75505,910.0,739.8798851026272,170.1201148973728
75529,705.0,719.0323733808192,-14.032373380819195
75540,635.0,759.0396167243276,-124.03961672432763
75600,733.0,723.163011807907,9.836988192093031
75617,675.0,634.9761658959062,40.023834104093794
75663,660.0,738.7320553717781,-78.73205537177807
75687,605.0,677.4307954681376,-72.4307954681376
75695,675.0,710.8397936428794,-35.839793642879386
75727,805.0,730.8995689200816,74.1004310799184
75760,710.0,623.3185396825397,86.68146031746028
75763,1120.0,1233.8897952939913,-113.88979529399126
75828,684.0,624.2954744736038,59.704525526396196
75916,1330.0,1153.3721685765747,176.62783142342528
75958,675.0,619.876650169843,55.12334983015705
75996,1090.0,1017.2030563055964,72.79694369440358
76017,910.0,1074.0036313893802,-164.0036313893802
76179,1091.0,944.6835117245648,146.31648827543518
76234,948.0,889.828176190688,58.171823809311945
76239,1280.0,1135.276190791363,144.72380920863702
76266,915.0,1216.4512583328212,-301.4512583328212
76501,815.0,705.1248242357707,109.87517576422931
76518,1045.0,1255.4139996617694,-210.41399966176937
76564,1030.0,958.0711291381707,71.9288708618293
76588,691.0,639.5029392002347,51.497060799765336
76642,960.0,1203.2972015428682,-243.29720154286815
76651,1323.0,1211.459560741716,111.5404392582841
76677,582.0,637.152632268878,-55.15263226887805
76704,1190.0,1216.8075186320505,-26.80751863205046
76715,1245.0,1178.1114522391244,66.88854776087555
76777,595.0,689.3408862532253,-94.34088625322534
76859,735.0,561.8131443561671,173.18685564383293
76876,1150.0,1095.24944487051,54.75055512949007
77066,890.0,790.5515927583649,99.4484072416351
77106,1190.0,1039.7369510232802,150.2630489767198
77173,665.0,661.761558518451,3.238441481548989
77226,1180.0,1045.5076447952815,134.49235520471848
77390,525.0,554.8065779230897,-29.806577923089662
77408,740.0,820.343014776005,-80.34301477600502
77419,575.0,597.1139852222345,-22.113985222234533
77459,1265.0,1216.6658170921298,48.33418290787017
77520,930.0,1194.7557551730258,-264.7557551730258
77563,570.0,585.0902183998185,-15.090218399818468
77618,1100.0,1140.0638807173777,-40.06388071737774
77628,1160.0,1181.7412476791947,-21.741247679194657
77657,1430.0,1252.7899904479991,177.21000955200088
77684,1190.0,1032.4982852512933,157.50171474870672
77700,1030.0,927.8224888784204,102.17751112157964
77715,1145.0,1316.150993940146,-171.150993940146
77748,985.0,1119.3690359564805,-134.3690359564805
77761,613.0,662.2468509816706,-49.246850981670605
77832,1175.0,957.8535267743111,217.14647322568885
77911,950.0,1021.7768754135047,-71.77687541350474
77923,1205.0,943.9952360802057,261.0047639197943
77956,860.0,880.4802276283181,-20.48022762831806
78048,804.0,1078.8116318860161,-274.81163188601613
78098,642.0,649.470577381471,-7.470577381471003
78101,1100.0,1095.8289299416385,4.171070058361465
78200,1315.0,1173.5406479445346,141.4593520554654
78268,787.0,1079.807498995153,-292.8074989951531
78272,680.0,630.9130625093806,49.08693749061945
78391,926.0,938.4234829055363,-12.423482905536275
78401,1275.0,1321.413404808725,-46.41340480872509
78448,793.0,1009.1256426225983,-216.12564262259832
78523,942.0,1091.1399987339803,-149.1399987339803
78553,1090.0,948.4339674366391,141.56603256336086
78570,867.0,712.0123121866111,154.9876878133889
78579,488.0,657.1893259293888,-169.18932592938881
78629,524.0,609.854213397248,-85.85421339724803
78716,1295.0,1158.7479492386872,136.25205076131283
78772,1310.0,1319.3396085095114,-9.339608509511436
78821,1290.0,1189.4287122850908,100.5712877149092
78838,555.0,603.5203524446327,-48.52035244463275
78855,1090.0,1127.0644228172143,-37.064422817214336
78879,920.0,961.7190717849872,-41.71907178498725
78885,1100.0,1049.479920583885,50.520079416115095
78896,745.0,1052.386864792314,-307.3868647923141
78919,1115.0,1048.7583328244784,66.24166717552157
78923,1250.0,1251.7076091352421,-1.7076091352421372
78981,550.0,642.2154563492062,-92.21545634920619
78985,1265.0,1252.3911846454912,12.608815354508806
78996,1080.0,1083.6709979036268,-3.6709979036268123
79011,980.0,1080.7572316705898,-100.75723167058982
79037,1130.0,1092.381603399343,37.61839660065698
79052,720.0,714.2157542964475,5.7842457035525285
79095,1045.0,1170.4136133274012,-125.41361332740121
79175,1130.0,1029.3369715019805,100.66302849801946
79216,840.0,883.7929570926334,-43.7929570926334
79241,759.0,896.6863678525846,-137.68636785258457
79266,900.0,766.0878888571422,133.91211114285784
79285,565.0,631.7551357791111,-66.75513577911113
79343,770.0,813.8668207550269,-43.86682075502688
79387,720.0,633.567644460501,86.43235553949899
79398,745.0,649.4674719081244,95.53252809187563
79439,1309.0,1225.2026295284847,83.79737047151525
79457,1050.0,1237.5813179044655,-187.58131790446555
79483,1135.0,1210.0886966274682,-75.08869662746815
79707,780.0,893.1730575418014,-113.17305754180143
79726,580.0,625.143479706944,-45.14347970694405
79762,1020.0,871.3905345673987,148.60946543260127
79787,630.0,625.8396311727017,4.160368827298271
79817,465.0,639.3301870808798,-174.3301870808798
79843,1045.0,1099.9477715116186,-54.94777151161861
79917,1113.0,1060.707095671041,52.29290432895891
79919,540.0,616.7259189106513,-76.72591891065133
79941,1170.0,1195.0574397344012,-25.057439734401214
79981,980.0,1128.4076484136344,-148.40764841363443
80026,670.0,735.1634889800858,-65.16348898008584
80061,795.0,997.6858377555797,-202.68583775557966
80066,765.0,860.9274021203025,-95.92740212030253
80097,1130.0,1036.3510190409493,93.64898095905073
80194,1080.0,1211.2361692901566,-131.23616929015657
80234,1390.0,1294.2981862630438,95.70181373695618
80327,1420.0,1265.9826134669142,154.01738653308576
80344,754.0,647.4287955409341,106.57120445906594
80400,555.0,664.1224062463504,-109.12240624635035
80605,1265.0,1153.9095780247208,111.09042197527924
80635,765.0,638.5530467722357,126.44695322776431
80722,1204.0,1195.563049858928,8.436950141071975
80850,954.0,1219.919759323734,-265.91975932373407
80856,630.0,657.771135626076,-27.77113562607599
80934,1115.0,1148.7857308188838,-33.78573081888385
80964,965.0,995.6952958675352,-30.69529586753515
81072,1036.0,1167.3791269082058,-131.37912690820576
81101,1020.0,1088.503972066377,-68.50397206637695
81134,735.0,483.3603213999563,251.63967860004368
81175,655.0,730.6358421103212,-75.63584211032116
81194,1220.0,1151.7022417982714,68.29775820172858
81209,1352.0,1029.039961360467,322.96003863953297
81234,705.0,695.283602738864,9.716397261135967
81361,1030.0,1036.4236071395478,-6.423607139547812
81380,630.0,617.235016897917,12.764983102082965
81416,645.0,631.5059609970996,13.494039002900422
81444,1180.0,1111.1098117101735,68.89018828982648
81445,1445.0,1094.012033849719,350.98796615028095
81616,1515.0,1124.8935427471267,390.10645725287327
81643,1003.0,1225.2352715328163,-222.23527153281634
81711,1420.0,1225.5517292927575,194.4482707072425
81743,1543.0,1148.2767465079423,394.72325349205767
81814,710.0,659.1523283598295,50.84767164017046
81815,1400.0,1265.9969508686934,134.00304913130662
81935,720.0,642.5415722530997,77.45842774690027
81993,1115.0,960.4946228520331,154.5053771479669
82023,1020.0,1235.9427306233424,-215.9427306233424
82086,1015.0,890.9098910303761,124.09010896962388
82119,1275.0,998.3011309072435,276.69886909275647
82196,612.0,537.514367416747,74.48563258325305
82239,1225.0,1153.9700697966205,71.02993020337954
82245,1045.0,1247.3663821856896,-202.36638218568964
82309,1010.0,1219.7457052357258,-209.74570523572584
82317,665.0,608.3604581672055,56.63954183279452
82425,1280.0,1213.1666054932082,66.83339450679182
82432,784.0,649.9179487800251,134.08205121997491
82483,1395.0,1238.314481783217,156.68551821678307
82497,1130.0,872.2710473844619,257.7289526155381
82523,875.0,1200.011571191796,-325.01157119179607
82628,1315.0,1165.0292074591448,149.9707925408552
82638,920.0,759.1734206632678,160.82657933673215
82642,1640.0,1197.402184254243,442.5978157457571
82708,430.0,613.5071461337499,-183.50714613374987
82761,1210.0,1228.9801697162295,-18.98016971622951
82817,1275.0,898.3195659555025,376.6804340444975
82818,1705.0,1240.270231585461,464.72976841453897
82879,985.0,1033.9824736192681,-48.98247361926815
82922,1195.0,1202.8816741410592,-7.881674141059193
82941,1300.0,1113.2712643362368,186.72873566376325
82961,1183.0,1150.1160525224363,32.88394747756365
83020,995.0,1122.2546226654313,-127.25462266543127
83254,1555.0,1342.0153528098476,212.98464719015237
83333,1165.0,1023.9195035200584,141.08049647994164
83439,670.0,623.4105650784013,46.589434921598695
83601,1020.0,1360.3461417485041,-340.3461417485041
83607,1036.0,977.0958938181893,58.904106181810675
83802,1350.0,1133.343345095596,216.65665490440392
83883,779.0,779.4531130767214,-0.45311307672136536
83987,1014.0,914.1495061243991,99.85049387560093
83994,711.0,762.9740400823068,-51.97404008230683
84022,1110.0,1185.4925687657435,-75.4925687657435
84282,1407.0,1255.0123749957552,151.98762500424482
84384,1535.0,1117.7103874140548,417.2896125859452
84554,1245.0,1213.4484788063032,31.55152119369677
84688,1566.0,1244.5503992237311,321.4496007762689
84788,1040.0,1081.5753714689774,-41.57537146897744
84850,1285.0,1059.2653571430471,225.73464285695286
84899,1460.0,1349.4916819675516,110.50831803244841
84908,1080.0,978.1270376088453,101.87296239115472
84914,1056.0,910.356381054131,145.64361894586898
85101,1345.0,1164.9351862680712,180.06481373192878
85175,1250.0,1136.2809233428713,113.71907665712865
85230,1160.0,1175.850321510709,-15.850321510708909
85262,1075.0,994.1246059378099,80.87539406219014
85431,1330.0,1215.6246957056874,114.37530429431263
85507,1548.0,1149.8614462321027,398.1385537678973
85548,1215.0,1237.2019497141935,-22.20194971419346
85778,790.0,742.452981167217,47.54701883278301
85903,1125.0,945.2422144016032,179.75778559839682
85979,741.0,627.5542437382023,113.44575626179767
86049,870.0,855.6895087924058,14.310491207594168
86110,1020.0,945.6192213504655,74.38077864953448
86155,1105.0,1000.7113559052855,104.28864409471453
86225,1290.0,1085.711343540697,204.28865645930296
86255,1150.0,1194.7889290914677,-44.78892909146771
86261,1405.0,1209.535814267046,195.4641857329541
86285,1330.0,1229.5199360306149,100.48006396938513
86297,1260.0,1279.0070999568945,-19.007099956894535
86337,1110.0,1169.3545448710795,-59.3545448710795
86431,985.0,676.6339541221431,308.3660458778569
86435,660.0,736.5877704337431,-76.58777043374312
86443,1440.0,1186.1453651290929,253.85463487090715
86485,945.0,1108.113860097637,-163.11386009763692
86620,1480.0,1310.249524647817,169.750475352183
86638,1025.0,1071.9810607926113,-46.98106079261129
86722,745.0,699.9137149256559,45.08628507434412
86736,1285.0,1196.265854754501,88.7341452454989
86738,1310.0,1086.2723543112043,223.72764568879575
86828,430.0,645.0494155032483,-215.04941550324827
86877,1595.0,1231.5585462909457,363.44145370905426
86895,1120.0,1247.212427112801,-127.21242711280092
86906,645.0,685.9927488180091,-40.99274881800909
86922,665.0,799.7771996622062,-134.77719966220616
86975,1285.0,1245.4348407544005,39.56515924559949
86987,1197.0,1031.7908382992696,165.20916170073042
87000,1385.0,1132.5257476306977,252.47425236930235
87053,720.0,637.0061898600817,82.99381013991831
87073,545.0,565.8312662136876,-20.831266213687627
87102,911.0,761.1727654572189,149.82723454278107
87105,776.0,711.6166096231674,64.38339037683261
87121,1310.0,1154.545002749794,155.4549972502059
87136,921.0,665.9197339638476,255.08026603615235
87138,740.0,630.7762668765847,109.22373312341529
87177,625.0,637.0528050632156,-12.052805063215601
87267,660.0,728.0514946322857,-68.05149463228565
87270,1040.0,1086.6183472028233,-46.618347202823315
87285,650.0,622.3000406799529,27.699959320047128
87386,1030.0,1112.1603456752912,-82.16034567529118
87394,680.0,818.4993889112991,-138.4993889112991
87404,995.0,1018.0454391343203,-23.045439134320304
87424,790.0,1057.2789699482148,-267.2789699482148
87450,1325.0,1225.1633902338276,99.83660976617239
87454,940.0,991.7636644773513,-51.76366447735131
87546,1210.0,1134.1989178908639,75.80108210913613
87558,1100.0,1084.4069654857124,15.593034514287638
87586,1270.0,1007.9236599326596,262.0763400673404
87612,995.0,799.6881649924931,195.31183500750694
87629,1375.0,1289.2207252775854,85.77927472241458
87671,765.0,727.0246976400161,37.97530235998386
87698,900.0,1102.84205081135,-202.84205081134996
87707,1609.0,1226.5250228977684,382.4749771022316
87715,1190.0,1110.604718903907,79.39528109609296
87798,1030.0,1270.9437671298283,-240.9437671298283
87830,1465.0,994.0415168982164,470.9584831017836
87840,1395.0,1145.8623287098217,249.13767129017833
87871,665.0,682.5663548561196,-17.566354856119574
87880,1245.0,1308.7667981908098,-63.76679819080982
87886,790.0,688.1857903512116,101.81420964878839
87913,1130.0,1192.698482736743,-62.69848273674302
87914,1235.0,1207.3219327988686,27.678067201131398
87951,917.0,778.6775373003366,138.32246269966345
87956,1185.0,1054.9282739416788,130.07172605832125
88302,1184.0,1073.994522290831,110.0054777091691
88327,735.0,726.4379190350712,8.562080964928782
88344,680.0,638.398092616336,41.601907383663956
88421,950.0,899.7596145820637,50.240385417936295
88429,930.0,1093.9727053958786,-163.97270539587862
88437,948.0,753.0199469330657,194.98005306693426
88493,840.0,1103.7445133844167,-263.7445133844167
88501,775.0,697.4950746907724,77.50492530922759
88516,1250.0,1266.389313832574,-16.38931383257409
88598,1235.0,1095.549580795095,139.45041920490507
88620,1180.0,1091.7003476216269,88.29965237837314
88622,696.0,581.038793221101,114.96120677889905
88681,985.0,1039.0478295057226,-54.047829505722575
88701,593.0,703.3863305334173,-110.38633053341732
88720,1160.0,1073.2263170411425,86.77368295885753
88765,1456.0,1317.210505835889,138.78949416411092
88776,1355.0,1144.2975772339341,210.70242276606587
88828,1327.0,1303.5682387406869,23.431761259313134
88872,710.0,605.881304945315,104.11869505468496
88886,1255.0,1050.9640225588485,204.03597744115154
88912,470.0,472.34133501683516,-2.34133501683516
88915,890.0,947.7785014079898,-57.77850140798978
88917,1224.0,1097.3947027265203,126.60529727347966
88926,699.0,627.8773727896344,71.12262721036564
88958,711.0,688.524346261348,22.475653738652
89012,1375.0,1180.4989994327905,194.50100056720953
89044,930.0,1079.218517678672,-149.21851767867201
89066,1275.0,1091.1412439600156,183.85875603998443
89086,865.0,674.8860813633204,190.1139186366796
89118,1265.0,1217.5001107548578,47.499889245142185
89125,650.0,689.3645133408925,-39.36451334089247
89141,902.0,1049.0101682856628,-147.01016828566276
89157,755.0,767.2743998619881,-12.274399861988059
89308,720.0,711.4614423973039,8.538557602696073
89323,1140.0,1065.7438460894173,74.25615391058273
89324,1425.0,1209.9515101638385,215.04848983616148
89374,1335.0,1201.5965434281245,133.4034565718755
89390,1195.0,983.7062806335296,211.29371936647044
89402,750.0,926.3161430274639,-176.3161430274639
89434,1100.0,1178.7810780208747,-78.7810780208747
89512,813.0,719.4370034892742,93.56299651072584
89513,1170.0,1051.5262388419935,118.47376115800648
89521,1310.0,1203.375276634633,106.62472336536689
89575,630.0,643.4017578554171,-13.401757855417145
89588,750.0,629.7151751544933,120.2848248455067
89594,1355.0,1226.7512865324138,128.24871346758619
89597,1100.0,1062.4260984941468,37.5739015058532
89604,1140.0,1006.106192605648,133.89380739435205
89653,720.0,708.9265519962538,11.073448003746194
89660,705.0,651.2143518427795,53.78564815722052
89752,1060.0,681.4872608462333,378.5127391537667
89833,995.0,1008.6147018547141,-13.614701854714099
89836,1075.0,1194.7292791693517,-119.72927916935168
89898,1300.0,1149.112220990897,150.88777900910304
89943,870.0,754.5493332433406,115.45066675665942
89965,800.0,718.861749984996,81.13825001500402
90069,910.0,1081.5102124995462,-171.51021249954624
90208,846.0,656.8295971312374,189.1704028687626
90263,735.0,747.2530160704279,-12.253016070427861
90269,1040.0,1264.024660647103,-224.02466064710302
90323,887.0,964.876503309436,-77.87650330943598
90355,1356.0,1113.698676342554,242.3013236574459
90393,1185.0,1075.0277796933522,109.97222030664784
90425,900.0,982.7269414675077,-82.72694146750769
90444,1035.0,777.4885225283293,257.5114774716707
90480,785.0,617.3037211949528,167.6962788050472
90484,950.0,1270.796816731816,-320.7968167318161
90565,840.0,794.3996463074453,45.60035369255468
90569,530.0,724.1783954632275,-194.1783954632275
90580,1100.0,899.8291172844511,200.17088271554894
90740,695.0,587.2687964948122,107.73120350518775
90853,1445.0,1376.5874451391371,68.41255486086288
90916,671.0,709.5096638766942,-38.50966387669416
90925,1240.0,1211.9678993559023,28.03210064409768
90944,1275.0,1216.8891520381433,58.110847961856734
91023,750.0,661.2556676539851,88.74433234601486
91069,1370.0,1146.1558827884523,223.84411721154765
91192,1160.0,1252.0017320268719,-92.00173202687188
91284,790.0,1077.9989521935852,-287.9989521935852
91361,985.0,1021.3184615597418,-36.31846155974176
91387,1114.0,1059.637595164994,54.36240483500592
91395,815.0,928.4706903035549,-113.47069030355487
91541,1150.0,1020.9434391645829,129.05656083541714
91545,1455.0,1215.3011834842348,239.6988165157652
91616,1155.0,1372.7284358217503,-217.72843582175028
91628,1395.0,1257.1590565895492,137.8409434104508
91655,893.0,678.1376829694858,214.8623170305142
91714,1125.0,1048.2621377828057,76.73786221719433
91781,1760.0,1332.965869301033,427.0341306989669
91828,1312.0,1045.0966321811543,266.9033678188457
91856,1090.0,1110.813989387926,-20.813989387926085
91870,1415.0,1201.8831407251039,213.11685927489611
91875,1070.0,1106.3787009603038,-36.37870096030383
91906,1515.0,1143.847693031585,371.1523069684149
91909,827.0,592.5260463538541,234.4739536461459
91980,1115.0,1064.6000336187685,50.39996638123148
91999,1065.0,1351.677791500992,-286.67779150099204
92004,1385.0,1131.425526915369,253.5744730846311
92013,1369.0,1182.072958928239,186.9270410717611
92084,1113.0,832.7740472025946,280.2259527974054
92091,1387.0,1265.2171169579099,121.78288304209013
92152,965.0,975.8653103568752,-10.86531035687517
92193,793.0,1071.5068051934943,-278.5068051934943
92243,1070.0,997.6059722109609,72.39402778903911
92287,825.0,812.2723400071451,12.72765999285491
92294,1411.0,1052.5529126984125,358.44708730158754
92318,1081.0,930.8821399581041,150.11786004189594
92399,1095.0,919.5586334835916,175.44136651640838
92417,1070.0,1211.974435961114,-141.97443596111407
92460,1149.0,970.6836600996905,178.31633990030946
92463,1310.0,1112.3133514246351,197.68664857536487
92488,859.0,922.6143333350486,-63.61433333504863
92517,995.0,998.198894749675,-3.1988947496749915
92549,1180.0,1067.2118208684515,112.78817913154853
92553,1110.0,1246.5428081370403,-136.5428081370403
92614,1345.0,1191.3371339110397,153.6628660889603
92621,745.0,688.428872951236,56.57112704876397
92644,1200.0,1057.386527219669,142.613472780331
92669,840.0,995.3862009634679,-155.3862009634679
92678,776.0,683.0693262645565,92.93067373544352
92770,1180.0,1135.0424891797793,44.957510820220705
92785,650.0,720.9444037150782,-70.94440371507824
92862,1310.0,1068.0891994013962,241.91080059860383
92871,1213.0,1123.3823736526329,89.61762634736715
92900,825.0,645.6569031094509,179.34309689054908
92904,1344.0,1089.675167343226,254.3248326567741
93001,1239.0,1161.2345043951937,77.76549560480635
93071,991.0,803.2220220057717,187.7779779942283
93089,1230.0,1153.8463067939783,76.15369320602167
93099,1210.0,1283.6432293300293,-73.64322933002927
93141,1250.0,1049.8209887654955,200.17901123450451
93188,1420.0,1133.2077261024724,286.7922738975276
93192,1047.0,1121.808528116265,-74.80852811626505
93193,650.0,727.8424730768312,-77.8424730768312
93244,985.0,921.3684857144158,63.63151428558422
93254,965.0,1067.8963051872513,-102.8963051872513
93274,1170.0,1127.6323855771186,42.36761442288139
93358,1460.0,1128.8722689062254,331.1277310937746
93414,1028.0,1034.5004096738537,-6.50040967385371
93432,975.0,1014.04853061006,-39.04853061005997
93438,1149.0,1166.58586131981,-17.585861319809965
93530,1050.0,1142.367306491887,-92.3673064918869
93549,835.0,1203.4774777661003,-368.47747776610026
93550,1070.0,1168.145550727693,-98.14555072769303
93563,1150.0,1064.4666897315988,85.53331026840124
93588,875.0,731.3917102706553,143.60828972934473
93597,1375.0,1268.4971507210034,106.50284927899656
93621,1258.0,1068.161690703682,189.8383092963179
93635,785.0,688.4968573852259,96.5031426147741
93647,874.0,1086.1216556695501,-212.12165566955014
93677,1257.0,1114.5889425350772,142.4110574649228
93717,1080.0,1195.3792641379791,-115.37926413797913
93751,840.0,990.6691277499582,-150.6691277499582
93758,1030.0,993.9745876710781,36.0254123289219
93779,1400.0,1204.591402863868,195.4085971361319
93885,1230.0,1235.9121110545304,-5.912111054530442
93893,1335.0,1184.3050249676792,150.69497503232083
93894,1400.0,1100.1432535279584,299.85674647204155
93931,1080.0,1089.4977699684691,-9.497769968469129
93977,1270.0,1333.4392604219784,-63.43926042197836
93999,1345.0,1142.3626740141058,202.63732598589422
94014,882.0,1073.9669025032313,-191.96690250323127
94025,995.0,912.7830720985114,82.21692790148859
94116,740.0,712.5210602556607,27.4789397443393
94163,1155.0,1081.443061446165,73.55693855383493
94187,1020.0,1209.9497874760953,-189.94978747609525
94251,625.0,729.5015626246163,-104.50156262461633
94257,1385.0,1154.1801976855675,230.81980231443254
94366,1085.0,1173.010147423926,-88.0101474239259
94377,1188.0,1192.9664742462012,-4.966474246201187
94391,1235.0,1061.1445505644394,173.85544943556056
94411,1240.0,1331.396093214168,-91.3960932141681
94431,1468.0,1245.4676647617466,222.53233523825338
94466,1115.0,1107.591071981455,7.408928018545112
94472,955.0,1049.7866839950832,-94.7866839950832
94474,1070.0,986.2264397056633,83.77356029433668
94503,775.0,1043.433440212356,-268.4334402123559
94530,915.0,1091.3621196343245,-176.36211963432447
94560,1335.0,1271.8701085284279,63.12989147157214
94581,1306.0,1088.5529216363566,217.4470783636434
94582,1147.0,1101.7330097040833,45.266990295916685
94626,1130.0,1076.7956952404045,53.204304759595516
94632,1030.0,905.3825947028117,124.61740529718827
94649,1030.0,963.6700688722553,66.32993112774466
94681,1202.0,1165.953236954065,36.046763045934995
94809,1284.0,1148.7714281563458,135.2285718436542
94812,795.0,732.4194065628752,62.580593437124776
94813,905.0,976.4413900215654,-71.44139002156544
94815,1545.0,1321.541034562135,223.4589654378649
94821,875.0,1231.8767349823722,-356.8767349823722
94840,1020.0,999.0487395287582,20.951260471241767
94866,655.0,669.7878041604102,-14.787804160410246
94902,1135.0,956.6302519562522,178.3697480437478
94927,1351.0,1191.4572524370926,159.54274756290738
94960,1263.0,1086.125674069966,176.87432593003405
95034,920.0,1171.9613966537752,-251.96139665377518
95062,1280.0,1097.5939662588703,182.4060337411297
95063,1190.0,1159.3811013705795,30.618898629420528
95072,1400.0,1102.3636943464926,297.6363056535074
95081,1456.0,1279.9914693340893,176.0085306659107
95118,1155.0,1378.4800005800003,-223.48000058000025
95127,1350.0,1168.2783854991162,181.7216145008838
95137,965.0,768.9039318048024,196.09606819519763
95145,1409.0,1325.1844218703475,83.81557812965252
95158,680.0,597.1864282665283,82.81357173347169
95161,700.0,699.884794325173,0.11520567482705246
95172,1014.0,1038.5727252539127,-24.572725253912722
95211,1210.0,1050.6008469572132,159.3991530427868
95226,801.0,651.622796094047,149.37720390595302
95227,1130.0,1118.276102340564,11.723897659436034
95243,1191.0,1034.9268214524873,156.07317854751273
95251,1303.0,1273.5754344464142,29.424565553585808
95259,1405.0,1204.2914459356439,200.70855406435612
95316,1179.0,1209.2673798312176,-30.267379831217568
95327,1080.0,991.4497787175908,88.55022128240921
95350,861.0,722.7493344359169,138.25066556408308
95357,1415.0,1178.5755690445867,236.4244309554133
95385,505.0,592.3633010424587,-87.36330104245872
95448,1140.0,1342.3212952104368,-202.3212952104368
95472,815.0,652.3574966312825,162.64250336871748
95485,970.0,985.0697236213628,-15.069723621362755
95506,1160.0,1158.9677534385905,1.0322465614094654
95542,1155.0,1152.5017413257267,2.498258674273302
95560,675.0,671.2724098163905,3.72759018360955
95572,810.0,731.1303111231204,78.86968887687965
95593,1180.0,978.8997752579464,201.10022474205357
95597,1430.0,1191.6235451437817,238.3764548562183
95611,1095.0,1069.4608042257123,25.53919577428769
95635,780.0,671.6709472002962,108.32905279970385
95665,1185.0,975.5594819615393,209.4405180384607
95686,1290.0,1169.7275472621354,120.27245273786457
95700,1110.0,1170.1709468439512,-60.17094684395124
95715,490.0,864.0280728715727,-374.0280728715727
95727,1020.0,1143.1075614473507,-123.10756144735069
95730,1098.0,908.0957313734598,189.90426862654022
95738,1450.0,1339.0309353298262,110.9690646701738
95750,1170.0,1060.4382449594816,109.56175504051839
95758,1120.0,1090.448891447086,29.551108552914002
95803,850.0,1023.7636899282455,-173.76368992824553
95829,1335.0,1242.2048981663622,92.79510183363777
95856,1240.0,1043.866212931948,196.13378706805202
95866,770.0,704.5191169052061,65.48088309479385
95886,1289.0,1226.3308982112771,62.669101788722855
95892,1763.0,1099.44636084759,663.5536391524099
95903,715.0,643.5427482779584,71.45725172204163
95909,1085.0,975.7414984359406,109.25850156405943
95916,1205.0,1250.6853665202775,-45.68536652027751
95944,725.0,675.6932683875013,49.30673161249865
95946,635.0,792.5229107721802,-157.52291077218024
95947,760.0,648.6247195580218,111.37528044197825
95954,1185.0,1194.0715526475456,-9.071552647545559
95958,789.0,635.3168703022282,153.68312969777185
95959,1275.0,1140.5082069171044,134.49179308289558
95962,1301.0,1256.6083362014037,44.391663798596255
95963,1411.0,1211.2863466481208,199.7136533518792
95964,925.0,1068.549424809614,-143.54942480961404
95976,980.0,785.1567310471751,194.84326895282493
95981,1110.0,1212.5364146820752,-102.53641468207525
95983,678.0,661.5198603728812,16.480139627118774
95997,1102.0,886.5023325196265,215.49766748037348
95999,1110.0,736.587034356712,373.412965643288
96004,1230.0,1120.3123660256106,109.68763397438943
96006,1345.0,1391.8605020599496,-46.86050205994957
96038,600.0,699.2974931049482,-99.29749310494822
96040,850.0,993.0573057564606,-143.05730575646055
96049,1210.0,1222.991194904364,-12.991194904363965
96102,1365.0,1059.7839147659417,305.21608523405826
96114,995.0,704.2349683633798,290.76503163662017
96123,830.0,1360.2537549956055,-530.2537549956055
96131,1195.0,1357.0851673629825,-162.08516736298247
96133,965.0,1022.8206983384874,-57.82069833848743
96158,1213.0,1319.3128715337025,-106.31287153370249
96160,1190.0,1251.222183095394,-61.22218309539403
96161,1334.0,1127.0200041033454,206.9799958966546
96167,1070.0,1153.9062577132804,-83.90625771328041
96205,1262.0,1029.6524809854566,232.34751901454342
96213,573.0,677.4307954681376,-104.4307954681376
96222,1235.0,1306.3994201421262,-71.39942014212625
96232,1334.0,1196.8822125129848,137.11778748701522
96280,1065.0,1201.784653234354,-136.78465323435398
96286,1460.0,957.7583439525432,502.2416560474568
96305,1285.0,1212.7699945726113,72.23000542738873
96310,1750.0,1256.061827811216,493.93817218878394
96379,1390.0,1170.5231926402737,219.4768073597263
96408,971.0,720.2047154515219,250.7952845484781
96447,585.0,661.1698663573293,-76.16986635732928
96457,1127.0,1062.9479051921799,64.05209480782014
96545,1020.0,998.1974482118222,21.802551788177766
96554,1190.0,1164.6275826365647,25.37241736343526
96558,1045.0,1132.1280347863867,-87.1280347863867
96563,1295.0,1257.1092903914632,37.89070960853678
96582,1197.0,1131.7877555061013,65.21224449389865
96612,721.0,599.1227848981353,121.87721510186475
96626,1534.0,1258.6716396311613,275.32836036883873
96643,1265.0,1006.4185093556071,258.58149064439294
96646,1047.0,1067.4516709774941,-20.451670977494132
96674,1452.0,1183.5850781468212,268.41492185317884
96677,1050.0,1137.5932706762642,-87.59327067626418
96690,835.0,582.557351813307,252.44264818669296
96700,1137.0,1237.6563020212059,-100.65630202120587
96737,1315.0,1151.0116052144367,163.9883947855633
96744,760.0,704.6846883638347,55.31531163616535
96783,838.0,575.808297481672,262.19170251832804
96788,1372.0,1155.0170540815666,216.98294591843342
96792,838.0,819.4460611741716,18.553938825828368
96803,560.0,647.7435025520889,-87.7435025520889
96805,790.0,614.0243036683041,175.97569633169587
96816,873.0,711.6166096231674,161.3833903768326
96847,770.0,727.5234741175092,42.47652588249082
96856,1170.0,952.2572241434954,217.74277585650464
96860,793.0,752.4343627171273,40.56563728287267
96867,1010.0,1121.2529389914273,-111.2529389914273
96894,1310.0,1194.7020061813414,115.2979938186586
96899,1298.0,1250.6873834291355,47.31261657086452
96918,1060.0,967.7339150537287,92.26608494627135
96924,1240.0,1256.6571575178812,-16.65715751788116
96982,1150.0,1047.150847135621,102.849152864379
96986,1466.0,1136.0131756883302,329.9868243116698
96993,1090.0,1046.99566021364,43.004339786360106
96999,1240.0,1192.5136217670238,47.48637823297622
97000,1570.0,1239.9883051975173,330.0116948024827
97001,1191.0,1183.6970925826265,7.30290741737349
97007,1208.0,1065.87401134524,142.12598865476002
97027,520.0,732.0545848629143,-212.05458486291434
97034,990.0,1135.2699968999816,-145.2699968999816
97040,1470.0,1227.5745622845316,242.42543771546843
97043,1300.0,1274.4133590940492,25.586640905950844
97074,640.0,665.0058174603176,-25.005817460317644
97082,1150.0,1034.8787841805263,115.12121581947372
97108,1110.0,1359.7795243941712,-249.77952439417118
97119,870.0,822.2632779928493,47.73672200715066
97158,1036.0,1057.7757912882325,-21.77579128823254
97159,970.0,1015.2821601859387,-45.282160185938665
97169,920.0,900.3316943090248,19.668305690975217
97208,1356.0,1179.4812829112032,176.51871708879685
97219,1455.0,1134.8295990266117,320.17040097338827
97251,1478.0,1182.8434406771917,295.15655932280833
97252,621.0,1309.5207802178445,-688.5207802178445
97265,720.0,710.2838880773027,9.716111922697337
97272,1310.0,1127.4040344354341,182.59596556456586
97279,1063.0,1031.937630392898,31.062369607102028
97327,1003.0,1067.2753554658489,-64.27535546584886
97333,885.0,996.0250705431415,-111.02507054314151
97360,865.0,1042.1389823043276,-177.13898230432756
97362,990.0,961.9882092411091,28.011790758890925
97372,1195.0,1039.29945232812,155.70054767188003
97403,1345.0,1242.8894027880594,102.11059721194056
97415,887.0,1045.5359058843146,-158.53590588431462
97469,870.0,965.7088543865588,-95.70885438655876
97489,1530.0,1327.9897047261584,202.01029527384162
97492,1150.0,1143.847693031585,6.152306968414905
97505,687.0,563.9535965608469,123.0464034391531
97543,1290.0,1309.201520736635,-19.201520736635075
97550,1197.0,1079.2805594003005,117.71944059969951
97568,1010.0,1317.4245989079234,-307.4245989079234
97575,1550.0,1229.9205113071914,320.0794886928086
97600,1598.0,824.6002903371121,773.3997096628879
97622,1555.0,1300.0271796386944,254.9728203613056
97628,887.0,912.1495550875132,-25.14955508751325
97634,600.0,682.5686172605887,-82.56861726058867
97635,732.0,976.5454394598727,-244.54543945987268
97644,1102.0,980.2474785244591,121.7525214755409
97669,745.0,764.3989188652306,-19.3989188652306
97686,915.0,700.4028004198672,214.59719958013284
97693,535.0,619.2742990373083,-84.27429903730831
97710,1020.0,979.9544346289712,40.04556537102883
97716,1450.0,1311.6698416459133,138.33015835408673
97724,1045.0,1015.6256946022444,29.37430539775562
97725,1275.0,1148.6661475305966,126.33385246940338
97744,1495.0,1233.7234877247129,261.27651227528713
97769,1191.0,1074.4302337782322,116.56976622176785
97772,1206.0,905.2766696114694,300.7233303885306
97774,730.0,700.5612984189239,29.43870158107609
97779,865.0,637.505020596768,227.49497940323204
97781,1120.0,1022.7217225060773,97.2782774939227
97785,1155.0,1305.4373773143109,-150.43737731431088
97817,775.0,699.4361065844673,75.56389341553268
97830,727.0,816.4284897054332,-89.42848970543321
97835,700.0,671.0889187699752,28.91108123002482
97845,660.0,875.7199915191118,-215.71999151911177
97851,730.0,748.9380599340385,-18.938059934038506
97852,1325.0,1122.6375812491367,202.3624187508633
97861,1438.0,1184.1808865587677,253.81911344123228
97869,1170.0,1337.2550852591796,-167.25508525917962
97907,1080.0,1143.249948649144,-63.24994864914402
97932,1091.0,1120.3893450660062,-29.38934506600617
97969,1118.0,1006.5716190476188,111.42838095238119
98004,1084.0,1064.6540218989464,19.34597810105356
98013,1036.0,1154.0879939794631,-118.08799397946314
98019,1164.0,1131.1545458571725,32.84545414282752
98020,1495.0,1091.7540017728863,403.24599822711366
98023,625.0,735.5682498316793,-110.56824983167928
98024,1350.0,1301.2729313740278,48.72706862597215
98027,610.0,607.5604851783561,2.439514821643911
98034,1460.0,1246.6112909643152,213.38870903568477
98038,1280.0,1164.6839505062417,115.31604949375833
98094,1170.0,1133.0851906631478,36.91480933685216
98097,1019.0,896.5067900041154,122.49320999588463
98103,1168.0,1185.440150198497,-17.440150198496895
98120,840.0,759.5161327620422,80.48386723795784
98145,870.0,984.6313132331451,-114.63131323314508
98155,1400.0,1266.4126491751383,133.5873508248617
98162,1050.0,1177.420228233862,-127.42022823386196
98190,770.0,735.1630427085089,34.8369572914911
98268,992.0,1174.0882775595949,-182.08827755959487
98270,1102.0,1154.5389994915465,-52.53899949154652
98272,1113.0,1020.3112738621929,92.68872613780707
98298,635.0,717.1572690190802,-82.15726901908022
98301,930.0,1048.9980199502884,-118.99801995028838
98304,960.0,1135.1013720045148,-175.10137200451481
98309,670.0,559.0248615417794,110.97513845822061
98319,1100.0,1128.5187437463742,-28.518743746374184
98321,766.0,937.0703151714895,-171.07031517148948
98335,954.0,1070.6327931740227,-116.63279317402271
98350,1405.0,1095.2544513627004,309.74554863729963
98363,975.0,1144.726326598202,-169.72632659820192
98365,826.0,1035.5769809120925,-209.5769809120925
98407,1255.0,1013.5231055148553,241.47689448514473
98440,1341.0,1130.7579876706884,210.2420123293116
98454,1565.0,1283.5622606018314,281.43773939816856
98481,977.0,657.809381141872,319.190618858128
98492,1279.0,1326.9491090967501,-47.949109096750135
98501,850.0,978.2657377129694,-128.26573771296944
98545,1325.0,1193.8432522986068,131.15674770139321
98575,775.0,1086.3000401843892,-311.3000401843892
98577,1070.0,1089.9280316198697,-19.92803161986967
98581,905.0,999.5076244454642,-94.50762444546422
98599,953.0,1038.072554232804,-85.0725542328039
98623,550.0,616.9746610313704,-66.97466103137037
98624,1343.0,1268.3312084003207,74.66879159967925
98630,1282.0,1169.666010177234,112.33398982276594
98636,1370.0,1141.4129905788138,228.58700942118617
98641,1030.0,990.5662480254429,39.43375197455714
98645,800.0,673.450663294589,126.54933670541095
98661,1010.0,949.0377235087876,60.96227649121238
98667,1360.0,1165.3793385858469,194.62066141415312
98676,1165.0,1050.8661708340508,114.13382916594924
98678,1090.0,1217.2359527849706,-127.23595278497055
98686,1435.0,1162.5654435121646,272.4345564878354
98688,1075.0,1038.8900858109296,36.10991418907042
98692,915.0,766.9667070005876,148.03329299941242
98696,917.0,946.7792433862437,-29.779243386243706
98710,1260.0,1211.0692297769153,48.930770223084664
98729,890.0,956.2265184092828,-66.22651840928279
98735,1440.0,1151.6201768453686,288.37982315463137
98737,1231.0,1088.7446870147667,142.25531298523333
98753,1110.0,1264.8086941859278,-154.80869418592783
98766,1315.0,1222.1726740475676,92.82732595243237
98770,620.0,696.4417017111548,-76.44170171115479
98784,525.0,551.7751537189622,-26.7751537189622
98818,1275.0,1214.8425289731983,60.15747102680166
98841,565.0,659.5536581762899,-94.5536581762899
98853,1115.0,1003.0601783289716,111.93982167102843
98864,710.0,761.0166235512756,-51.01662355127564
98879,995.0,757.5903906444149,237.40960935558508
98888,775.0,692.9417870370376,82.05821296296244
98895,1360.0,1120.6382020138542,239.3617979861458
98921,1098.0,1025.3928011835646,72.60719881643536
98946,1220.0,920.6297665651057,299.3702334348943
98947,1395.0,1134.4813252232022,260.51867477679775
98955,1310.0,1051.5714846020558,258.42851539794424
98960,1555.0,1112.664004908878,442.33599509112196
99053,1340.0,1096.1485511648118,243.8514488351882
99069,1021.0,1124.6031443650284,-103.60314436502836
99116,1008.0,1030.5583220323908,-22.558322032390834
99118,1575.0,1379.7545141502692,195.2454858497308
99121,1230.0,952.2737577369666,277.72624226303344
99164,950.0,740.7749646584069,209.22503534159307
99245,1195.0,921.2599594817672,273.74004051823283
99246,1003.0,1097.372159323469,-94.37215932346908
99249,1090.0,1015.6475315938205,74.35246840617947
99325,1010.0,1007.4782416750257,2.5217583249742574
99334,1452.0,1262.6290780806612,189.3709219193388
99385,1300.0,1267.850326829111,32.149673170888946
99401,1225.0,1030.8244170965495,194.1755829034505
99403,1565.0,1257.887964755078,307.112035244922
99484,820.0,801.4964485484436,18.503551451556405
99488,1345.0,1299.5812326275727,45.41876737242728
99490,1065.0,1059.6054923576758,5.394507642324243
99508,1178.0,991.8221360932217,186.17786390677827
99523,1300.0,1246.2376680156874,53.762331984312596
99532,745.0,1076.4050179929106,-331.40501799291064
99565,1090.0,1154.3897171498484,-64.38971714984837
99571,940.0,1111.615091494042,-171.61509149404196
99572,1310.0,1152.640074942167,157.35992505783292
99580,1330.0,1211.4621953748008,118.53780462519921
99597,730.0,840.5387970472055,-110.53879704720555
99611,1090.0,1154.799517599963,-64.79951759996311
99650,1095.0,1046.0957179898942,48.90428201010582
99659,1170.0,1148.1954977929,21.804502207100086
99683,1418.0,1102.8089227734388,315.1910772265612
99694,1289.0,1367.061552887203,-78.0615528872031
99695,1312.0,1258.115941064987,53.884058935012945
99713,1180.0,1137.4426151531898,42.55738484681024
99714,893.0,998.0772680966104,-105.0772680966104
99729,785.0,638.9281242554581,146.0718757445419
99738,942.0,1064.375657104854,-122.3756571048541
99754,1193.0,1206.880569960449,-13.880569960449066
99755,848.0,1002.7509487270372,-154.7509487270372
99762,875.0,891.2335123042898,-16.233512304289775
99808,1550.0,914.8592744166616,635.1407255833384
99825,1195.0,1201.5571733598067,-6.557173359806711
99830,1180.0,1161.538558537469,18.461441462530956
99842,785.0,632.1870448333013,152.81295516669866
99856,755.0,688.7919992191127,66.20800078088735
99943,1240.0,1186.7003734041182,53.29962659588182
99960,790.0,667.2306584357192,122.76934156428081
99964,1115.0,1265.1300188449122,-150.13001884491223
99980,1405.0,1315.9398723018166,89.06012769818335
99997,1180.0,1104.7781402260207,75.2218597739793
100003,1185.0,881.435559889708,303.564440110292
100005,1150.0,1059.938915719231,90.06108428076891
100007,1080.0,1165.8887239687201,-85.88872396872011
100036,600.0,713.3868219303322,-113.38682193033219
100043,680.0,728.0514946322857,-48.05149463228565
100049,1030.0,1000.7631511181376,29.236848881862443
100066,1210.0,1262.3886238418822,-52.388623841882236
100078,1508.0,1159.3811013705795,348.6188986294205
100091,1185.0,1105.6469331004896,79.3530668995104
100097,795.0,707.4436558979089,87.55634410209109
100123,555.0,639.1079620847362,-84.10796208473619
100133,1080.0,1169.9010257196662,-89.90102571966622
100140,1070.0,1022.9067270103543,47.0932729896457
100142,826.0,651.8307683776726,174.1692316223274
100164,660.0,722.6535237733555,-62.65352377335546
100185,945.0,1068.0634860591783,-123.06348605917833
100207,640.0,704.8621042221872,-64.86210422218721
100233,1260.0,1252.2277178856916,7.772282114308382
100243,1390.0,1118.8103553075784,271.18964469242155
100252,1551.0,1283.1850423406374,267.81495765936256
100265,1260.0,1249.6036004604748,10.396399539525191
100269,1210.0,1151.7579441125213,58.24205588747873
100291,990.0,1077.3514979329827,-87.35149793298274
100311,953.0,962.5555561651012,-9.555556165101166
100314,1125.0,990.6612156768995,134.33878432310053
100322,948.0,1023.0693272680713,-75.06932726807133
100353,565.0,696.0102207649286,-131.0102207649286
100402,1140.0,1153.7034982418654,-13.703498241865418
100430,810.0,721.0162903341635,88.9837096658365
100433,970.0,993.315183955273,-23.315183955273028
100479,840.0,1099.903933262261,-259.90393326226103
100496,1080.0,1010.4536845269762,69.54631547302381
100506,845.0,962.4542032679933,-117.45420326799331
100513,935.0,1211.6802934537588,-276.68029345375885
100564,1292.0,1238.201707514345,53.79829248565511
100570,1070.0,1171.6199272706883,-101.61992727068832
100581,1020.0,929.0829651162793,90.9170348837207
100582,1050.0,1237.6563020212059,-187.65630202120587
100610,925.0,1243.6487826662926,-318.6487826662926
100611,926.0,1196.8399333072516,-270.8399333072516
100612,1391.0,1165.9832265801472,225.01677341985283
100633,827.0,926.9280618236519,-99.92806182365189
100638,765.0,722.3055080647506,42.6944919352494
100658,855.0,671.4616479518392,183.53835204816085
100685,945.0,1199.48001610185,-254.48001610184997
100695,970.0,1168.5899899904182,-198.5899899904182
100706,1181.0,947.891892610461,233.108107389539
100733,1220.0,1223.8474819497958,-3.8474819497957924
100753,1255.0,1302.941109621647,-47.941109621647
100755,600.0,658.9857954699536,-58.98579546995359
100760,1335.0,1157.1929391873362,177.80706081266385
100769,930.0,1159.3811013705795,-229.38110137057947
100793,710.0,698.4923819929631,11.507618007036854
100795,1280.0,1348.7209823921382,-68.72098239213824
100802,510.0,643.0705445234242,-133.07054452342425
100813,1010.0,953.746422072548,56.253577927452056
100846,805.0,890.8734387742328,-85.8734387742328
100875,1291.0,1284.4775781697347,6.52242183026533
100876,660.0,706.9073268164523,-46.90732681645227
100886,660.0,733.2238998582989,-73.22389985829886
100889,1058.0,1020.9695717597415,37.030428240258516
100892,1500.0,1253.4788153831873,246.52118461681266
100902,1370.0,1187.8356426490195,182.16435735098048
100914,981.0,1176.3479086330606,-195.34790863306057
100915,1150.0,1065.6854619096093,84.31453809039067
100918,1286.0,1161.9652613663948,124.03473863360523
100935,937.0,1097.5939662588703,-160.5939662588703
100957,1032.0,1042.0792852018833,-10.079285201883295
100997,811.0,525.0030208224908,285.99697917750916
101020,1400.0,1156.4151974603324,243.58480253966763
101032,970.0,1070.1148915386061,-100.11489153860612
101036,1320.0,1126.6308513063136,193.36914869368638
101039,1085.0,997.6749814814816,87.32501851851839
101041,1000.0,971.4258213858811,28.574178614118864
101057,1490.0,1092.5605921540657,397.4394078459343
101069,870.0,671.0402259707222,198.9597740292778
101086,1113.0,1026.8212703864997,86.17872961350031
101090,1345.0,1216.693292328698,128.3067076713021
101110,1130.0,1142.8133030305762,-12.813303030576208
101127,1356.0,1213.3411907659463,142.6588092340537
101132,619.0,716.239208597914,-97.23920859791394
101146,370.0,601.7901691897723,-231.7901691897723
101147,1280.0,1191.1542420377903,88.84575796220975
101149,1275.0,1137.559140194957,137.44085980504292
101151,1055.0,1097.0544174227539,-42.054417422753886
101164,608.0,574.2000858134281,33.79991418657187
101172,1286.0,1278.7869572434804,7.213042756519599
101197,750.0,668.1005832226957,81.89941677730428
101198,1090.0,932.9746290224556,157.0253709775444
101208,981.0,672.7955448150225,308.2044551849775
101216,1105.0,938.8355922063151,166.16440779368486
101220,735.0,791.0003804573859,-56.00038045738586
101229,610.0,713.3464297830586,-103.34642978305862
101250,1380.0,1137.7734972052142,242.2265027947858
101260,545.0,687.5781817043786,-142.5781817043786
101290,1185.0,1225.9864497557708,-40.986449755770764
101294,1422.0,1228.476080756917,193.5239192430829
101299,1150.0,1078.4861100349963,71.51388996500373
101309,1590.0,1297.781484630986,292.2185153690141
101311,1030.0,1302.3329893373943,-272.33298933739434
101338,940.0,697.0951319179387,242.90486808206128
101354,1215.0,1124.560897184752,90.4391028152479
101397,1125.0,623.5266632599187,501.4733367400813
101405,1040.0,1146.821318859435,-106.821318859435
101433,1025.0,1055.6821870001224,-30.68218700012244
101439,710.0,688.9145137879533,21.085486212046703
101446,510.0,684.8154529927721,-174.81545299277207
101470,725.0,600.990565332835,124.00943466716501
101477,1050.0,1175.8723623720387,-125.87236237203865
101482,1169.0,1146.3715944578719,22.62840554212812
101483,1246.0,1258.1047620070183,-12.10476200701828
101496,1175.0,1334.0730282376157,-159.07302823761574
101502,1325.0,1261.4414735901898,63.558526409810156
101529,1415.0,1279.46036307248,135.53963692751995
101544,925.0,1100.296244356207,-175.2962443562069
101586,970.0,1186.0181322232033,-216.01813222320334
101623,1112.0,1253.5600147513503,-141.5600147513503
101640,1180.0,1125.7755568752152,54.224443124784784
101644,948.0,1011.8196172495008,-63.819617249500766
101650,771.0,905.2942695394273,-134.29426953942732
101674,1268.0,1259.7806993573533,8.219300642646658
101688,1420.0,1328.6505667740414,91.34943322595859
101697,1389.0,1171.8995370370374,217.10046296296264
101704,945.0,900.1153895676666,44.884610432333375
101713,623.0,709.3927803204183,-86.3927803204183
101717,1124.0,1246.909419976314,-122.90941997631398
101719,721.0,787.422858551452,-66.42285855145201
101722,1058.0,1243.8564741462246,-185.85647414622463
101724,854.0,738.3185766069039,115.68142339309611
101725,1444.0,1325.8406018481935,118.1593981518065
101744,618.0,726.4075012127124,-108.40750121271242
101748,1202.0,992.2696100513142,209.7303899486858
101767,948.0,734.4949555381148,213.50504446188518
101777,681.0,606.9458427452445,74.05415725475552
101806,942.0,1165.9832265801472,-223.98322658014717
101872,1213.0,1232.5964177664116,-19.596417766411605
101877,776.0,677.8062023385788,98.19379766142117
101888,937.0,1026.0861939634437,-89.08619396344375
101899,815.0,967.4394421525375,-152.43944215253748
101906,860.0,981.2682878677275,-121.26828786772751
101912,1257.0,1147.663918606689,109.3360813933109
101922,1358.0,1258.1992034540156,99.80079654598444
101957,959.0,840.50850864243,118.49149135757
101976,1488.0,1002.6536026287874,485.34639737121256
101979,1224.0,1220.2511210013765,3.748878998623468
102009,1110.0,991.8268015016757,118.17319849832427
102015,865.0,1026.712104101157,-161.7121041011569
102030,1342.0,1183.801148539083,158.198851460917
102062,1250.0,1155.4915368407994,94.50846315920057
102063,1160.0,1168.2320015000487,-8.232001500048682
102064,1120.0,1173.2695914437209,-53.269591443720856
102090,992.0,1021.3246586201553,-29.324658620155333
102119,1000.0,1104.1584893125882,-104.15848931258824
102125,705.0,673.6878577276005,31.312142272399456
102163,1237.0,1138.583977722343,98.41602227765702
102168,1400.0,1184.7978591459132,215.2021408540868
102169,538.0,639.9119882034787,-101.9119882034787
102177,1329.0,1075.21812624242,253.7818737575799
102185,1147.0,1195.6921013392316,-48.69210133923161
102187,948.0,986.0242530734517,-38.024253073451746
102192,1076.0,972.5614649414376,103.43853505856237
102197,1060.0,1115.0675034494575,-55.06750344945749
102255,1095.0,1184.8255517132181,-89.82555171321815
102280,1080.0,975.7414984359406,104.25850156405943
102295,670.0,625.1198183522764,44.88018164772359
102297,894.0,713.3868219303322,180.6131780696678
102320,630.0,688.5827324329631,-58.5827324329631
102331,1380.0,1079.5284965362107,300.4715034637893
102336,1060.0,1010.5260854049656,49.473914595034444
102361,940.0,929.3566694717721,10.64333052822792
102370,875.0,1065.592544643947,-190.5925446439469
102371,1235.0,1289.8623598304953,-54.86235983049528
102377,1315.0,1137.806337332034,177.193662667966
102384,1360.0,1074.5818633649242,285.4181366350758
102409,555.0,663.0177110916062,-108.0177110916062
102415,684.0,726.6740631616229,-42.67406316162294
102416,1230.0,1241.226763462036,-11.226763462035933
102462,1515.0,1273.5051178670146,241.49488213298537
102467,750.0,673.1064297048049,76.8935702951951
102487,1410.0,1239.9430992421183,170.05690075788175
102501,1150.0,1296.377389635066,-146.37738963506604
102525,1155.0,1085.200561808931,69.79943819106893
102559,970.0,1183.3877663206158,-213.3877663206158
102583,1375.0,1304.387254946708,70.61274505329197
102590,1350.0,1174.7894668646907,175.21053313530933
102593,614.0,716.6041558453959,-102.6041558453959
102597,1445.0,1298.025924521573,146.97407547842704
102601,1370.0,1213.074244817966,156.92575518203398
102602,1163.0,1019.992693233952,143.00730676604803
102630,1430.0,1093.241995728714,336.7580042712859
102661,1222.0,1118.0996343883915,103.90036561160855
102663,703.0,642.8151993140116,60.18480068598842
102669,770.0,687.8869340814679,82.11306591853213
102670,654.0,558.1080705201229,95.89192947987715
102672,1225.0,1171.5374788505926,53.462521149407394
102681,1045.0,947.6637636630539,97.33623633694606
102685,935.0,955.043675053647,-20.043675053647007
102707,1464.0,1332.2706274920683,131.72937250793166
102753,610.0,738.4624357740071,-128.46243577400708
102760,1475.0,1172.6307440227426,302.36925597725735
102765,1342.0,1192.7714263928601,149.22857360713988
102772,1145.0,975.3611318740617,169.6388681259383
102788,1365.0,1305.7662405543665,59.233759445633495
102838,1195.0,1242.5897570942195,-47.58975709421952
102839,662.0,560.7848684924277,101.21513150757232
102857,1025.0,990.7441866949647,34.2558133050353
102859,1160.0,1032.1283765203711,127.87162347962885
102868,1175.0,1176.63625249591,-1.6362524959099574
102894,1245.0,1223.0265185299904,21.973481470009574
102906,1375.0,1186.7208670385628,188.2791329614372
102914,1595.0,1333.6922765066174,261.3077234933826
102918,930.0,853.1415991272784,76.85840087272163
102920,850.0,659.2110958900125,190.78890410998747
102962,1160.0,1117.2863798247954,42.713620175204596
102974,1045.0,1228.7675609281212,-183.76756092812116
102979,505.0,770.4755840408475,-265.4755840408475
102983,1000.0,781.1606482178067,218.83935178219326
102984,1000.0,1069.8548531862054,-69.85485318620545
103009,1375.0,1259.2790085291576,115.72099147084236
103011,966.0,965.824518583997,0.17548141600298095
103019,565.0,684.6882678168544,-119.68826781685436
103022,1070.0,1108.4441726084476,-38.444172608447616
103052,1105.0,1196.9174281224562,-91.91742812245616
103088,1469.0,1295.5076135572926,173.49238644270736
103090,1475.0,1119.7799987883177,355.2200012116823
103096,1215.0,1249.3570110792755,-34.35701107927548
103103,1440.0,1364.21538865368,75.78461134631993
103110,1346.0,1260.4237286765215,85.57627132347852
103113,490.0,640.2113896762582,-150.21138967625825
103126,1240.0,1185.8078714732947,54.192128526705346
103143,865.0,750.588882046044,114.41111795395602
103159,760.0,703.6636028761565,56.33639712384354
103171,1380.0,1237.6799217904136,142.32007820958643
103175,1160.0,1039.4126128918165,120.58738710818352
103176,865.0,662.3367511136721,202.6632488863279
103180,770.0,722.5836461991379,47.41635380086211
103207,1060.0,1183.9844044159288,-123.9844044159288
103226,1145.0,1081.3114128693448,63.68858713065515
103249,855.0,887.3947335200204,-32.394733520020395
103256,1305.0,1227.3964607269022,77.6035392730978
103267,715.0,697.9920405427655,17.007959457234506
103311,1060.0,1057.5363155756563,2.4636844243436826
103363,1220.0,1230.890718569205,-10.890718569205092
103366,950.0,1029.665021383539,-79.66502138353894
103367,1060.0,966.0432795590059,93.9567204409941
103373,710.0,731.1292073186025,-21.12920731860254
103389,1030.0,725.436211764412,304.56378823558805
103417,1370.0,1256.5167559424842,113.48324405751578
103420,1105.0,1148.1954977929,-43.195497792899914
103428,500.0,698.2439342400642,-198.24393424006416
103493,1140.0,1094.0333375359855,45.96666246401446
103504,1020.0,1074.8941159294257,-54.89411592942565
103533,755.0,668.7336022071695,86.2663977928305
103539,1325.0,1231.8623729225237,93.13762707747628
103548,850.0,712.1846411412613,137.8153588587387
103565,1350.0,1168.7033412283072,181.29665877169282
103571,871.0,1148.879915331925,-277.8799153319251
103590,610.0,675.0629516463003,-65.06295164630035
103595,1110.0,1102.6141589719068,7.385841028093182
103602,1000.0,1084.5544533112663,-84.55445331126634
103607,999.0,1047.1847027054098,-48.18470270540979
103612,880.0,1095.455694077397,-215.45569407739708
103618,755.0,704.2142794033001,50.78572059669989
103620,1130.0,1041.4224668103009,88.57753318969912
103626,738.0,989.7576037704615,-251.75760377046151
103632,857.0,673.5334265469762,183.46657345302378
103634,1230.0,1196.235768851589,33.764231148411
103650,600.0,780.0402711607269,-180.0402711607269
103665,990.0,1094.285503874262,-104.28550387426208
103672,1050.0,1086.0192722907798,-36.01927229077978
103683,800.0,666.6727673984672,133.32723260153284
103691,1025.0,995.357783381586,29.642216618413954
103718,635.0,715.2163954800512,-80.21639548005123
103720,920.0,718.1088276890313,201.89117231096873
103728,920.0,728.5711057013497,191.42889429865033
103780,950.0,752.6523869240159,197.3476130759841
103797,1037.0,689.5868984819591,347.4131015180409
103803,940.0,1017.1951624705937,-77.19516247059369
103808,580.0,771.2783757238387,-191.27837572383874
103816,620.0,670.8635967045113,-50.86359670451134
103830,1120.0,1193.9191882236669,-73.91918822366688
103835,1165.0,1067.6164008972644,97.38359910273562
103875,890.0,609.7670554422173,280.23294455778273
103918,1410.0,1420.6569252672348,-10.656925267234783
103923,705.0,718.9985093848832,-13.998509384883164
103935,860.0,700.4638866936974,159.53611330630258
103950,1465.0,1273.26462315783,191.7353768421699
103970,1165.0,1167.755782042863,-2.755782042863075
104044,1275.0,1017.3010291502351,257.6989708497649
104045,900.0,941.9074677697853,-41.907467769785285
104075,636.0,684.6880269177971,-48.68802691779706
104087,665.0,712.1086256561683,-47.10862565616833
104097,1125.0,1168.7611000685665,-43.76110006856652
104100,1268.0,903.3324965318876,364.6675034681124
104101,1360.0,1155.1171686122732,204.8828313877268
104110,1045.0,1191.214072326576,-146.2140723265759
104117,1365.0,1303.8565393803942,61.143460619605776
104120,1047.0,956.2737192894235,90.72628071057648
104125,1345.0,1184.1148711762091,160.88512882379086
104136,555.0,584.6842019218474,-29.684201921847375
104145,732.0,613.4689512006223,118.53104879937769
104165,1279.0,998.906343618837,280.093656381163
104172,545.0,652.1658859890414,-107.16588598904139
104181,1017.0,1266.0376824011703,-249.0376824011703
104191,813.0,703.0235578264237,109.97644217357629
104192,820.0,1008.1333376623372,-188.13333766233723
104204,1387.0,1235.479034410484,151.52096558951598
104208,625.0,632.1664611930302,-7.166461193030159
104212,1120.0,1255.3000410351556,-135.30004103515557
104215,720.0,564.461712280881,155.538287719119
104223,1085.0,1213.763137017933,-128.7631370179331
104241,1150.0,1116.9205449558235,33.079455044176484
104256,1165.0,1008.489140896955,156.51085910304505
104265,1070.0,1190.3970643507012,-120.39706435070116
104283,945.0,1038.1102904218544,-93.11029042185442
104287,1300.0,1101.4927709535943,198.50722904640566
104292,1195.0,1329.4633790638745,-134.46337906387453
104293,1165.0,1229.4710116710942,-64.47101167109417
104307,705.0,682.1416618919671,22.858338108032854
104314,1145.0,1062.7878492719867,82.21215072801328
104318,915.0,1301.3089580779072,-386.30895807790716
104321,707.0,688.7462751179028,18.25372488209723
104338,1370.0,1328.9183729477554,41.081627052244585
104345,800.0,687.1979470899471,112.80205291005291
104346,955.0,1087.4302105504096,-132.43021055040958
104347,1190.0,1150.2451127805102,39.754887219489774
104365,1025.0,1095.7274428071312,-70.72744280713118
104375,1125.0,1242.0600154667154,-117.06001546671541
104376,1135.0,994.6608595402494,140.33914045975064
104382,1465.0,1131.4363975565918,333.5636024434082
104391,1415.0,1225.0163828559248,189.9836171440752
104401,515.0,691.2173857482594,-176.2173857482594
104407,1360.0,1133.9570178769516,226.04298212304843
104423,1335.0,1170.0555443676885,164.94445563231147
104426,1030.0,1206.9402221405553,-176.9402221405553
104428,1270.0,1147.9761121344277,122.0238878655723
104447,2367.0,565.1608835978836,1801.8391164021164
104450,730.0,790.5464405237925,-60.54644052379251
104453,1010.0,1245.1886148163937,-235.18861481639374
104467,880.0,747.6816352370784,132.31836476292165
104475,1110.0,924.215908478007,185.784091521993
104505,998.0,733.1051751194195,264.8948248805805
104507,880.0,973.3561440949514,-93.35614409495145
104513,1344.0,1298.8391286470803,45.160871352919685
104519,1340.0,1221.0720071564376,118.92799284356238
104533,1220.0,1180.3688241338627,39.631175866137255
104548,1385.0,1162.1466969331955,222.85330306680453
104552,1390.0,1221.7176880018594,168.28231199814059
104556,1320.0,1152.810242096316,167.18975790368404
104581,1120.0,1331.1436376436498,-211.14363764364975
104584,1045.0,1053.2944586530573,-8.29445865305729
104597,1160.0,978.8902273259923,181.10977267400767
104599,900.0,971.4320878251198,-71.43208782511977
104627,1282.0,1162.5794681149773,119.42053188502268
104642,1375.0,1279.2875422263485,95.71245777365152
104659,835.0,775.4856892806059,59.514310719394075
104680,1256.0,1206.5774701483817,49.422529851618265
104681,802.0,647.8482954090734,154.15170459092656
104689,1525.0,1297.3994511489034,227.60054885109662
104712,940.0,1084.8818461983021,-144.88184619830213
104727,1180.0,1121.3835657365976,58.616434263402425
104741,1130.0,1236.188019806819,-106.18801980681906
104757,1270.0,1120.1411792692531,149.85882073074686
104761,965.0,1280.4887000266328,-315.48870002663284
104762,795.0,736.1268640878301,58.873135912169914
104769,1169.0,1030.240493474754,138.75950652524602
104777,1200.0,1307.8978878124808,-107.8978878124808
104779,701.0,643.7533392243911,57.246660775608916
104790,1235.0,1048.8804568177418,186.1195431822582
104791,1370.0,1262.6534343871735,107.34656561282645
104809,1301.0,1182.3370084586115,118.66299154138846
104816,1225.0,1253.0355227828786,-28.035522782878616
104823,960.0,1083.50956316826,-123.50956316826
104832,1355.0,1287.7476701067176,67.25232989328242
104852,1225.0,1106.8795649639094,118.12043503609061
104856,1205.0,1226.3232024729311,-21.323202472931143
104858,1010.0,1113.7873455312795,-103.78734553127947
104871,1580.0,1370.0611940838921,209.93880591610787
104890,1445.0,1295.3004929668814,149.6995070331186
104898,1035.0,1013.246698822481,21.753301177519006
104915,540.0,1183.1407295965328,-643.1407295965328
104920,590.0,632.6029495482104,-42.602949548210404
104922,857.0,688.5507441754025,168.44925582459746
104936,870.0,1010.0997747969561,-140.09977479695613
105003,670.0,630.9016500480676,39.09834995193239
105004,1269.0,1201.9864218352675,67.01357816473251
105010,1110.0,1061.051149651189,48.94885034881099
105015,825.0,812.7345397848935,12.265460215106486
105038,1250.0,1166.0677944660767,83.93220553392325
105052,932.0,1305.7692879889294,-373.76928798892936
105062,895.0,696.1197556608918,198.88024433910823
105071,1090.0,1166.0058069287766,-76.00580692877656
105072,1155.0,1169.4827739954642,-14.482773995464186
105082,975.0,1170.6920169848377,-195.69201698483766
105087,1015.0,1218.2575172944946,-203.25751729449462
105098,1400.0,1320.7267026507332,79.27329734926684
105101,1435.0,1099.7601729703251,335.23982702967487
105108,849.0,747.1996032332117,101.80039676678825
105113,1047.0,1011.6001553261207,35.39984467387933
105134,1268.0,1192.3397539396947,75.66024606030533
105180,885.0,662.4243933150918,222.57560668490817
105181,1415.0,1322.2939982416906,92.70600175830941
105204,1485.0,1317.201869137851,167.79813086214904
105220,1050.0,1160.8865873796487,-110.88658737964874
105223,1205.0,1291.3166065274522,-86.31660652745222
105288,1315.0,1214.2171308017917,100.78286919820835
105298,1295.0,1193.36731759556,101.63268240443995
105309,1250.0,1215.5566621613245,34.44333783867546
105312,585.0,657.8555959061333,-72.85559590613332
105326,1000.0,767.2866434953255,232.7133565046745
105341,710.0,591.6937621049819,118.30623789501806
105348,480.0,670.3580171745492,-190.35801717454922
105356,1060.0,1039.187048095164,20.812951904835927
105377,875.0,728.2717904201482,146.72820957985175
105378,1187.0,1183.8933054542642,3.1066945457357633
105389,550.0,629.5377363652633,-79.5377363652633
105394,570.0,556.5580525047957,13.441947495204317
105426,715.0,878.5057079088372,-163.50570790883717
105429,1220.0,1049.3291651556958,170.67083484430418
105439,1157.0,1109.35681086463,47.643189135369994
105460,870.0,835.3013066913359,34.69869330866413
105462,1120.0,1079.6728425401823,40.32715745981773
105475,1215.0,1155.0842848125483,59.915715187451724
105495,815.0,1024.9804463851717,-209.98044638517172
105533,710.0,634.5835812044293,75.41641879557073
105534,1475.0,1177.7798409989737,297.22015900102633
105538,1206.0,1224.5138889505959,-18.513888950595856
105555,1270.0,1144.1267281443838,125.87327185561617
105563,970.0,1147.93458249484,-177.93458249484001
105569,1205.0,1209.734027012167,-4.734027012166962
105596,1110.0,1159.2541231700418,-49.254123170041794
105602,1120.0,914.8592744166616,205.1407255833384
105613,895.0,906.3522950699904,-11.352295069990419
105656,950.0,1104.3311209107455,-154.33112091074554
105682,1100.0,973.0167698294856,126.98323017051439
105689,970.0,1141.2149718917044,-171.2149718917044
105709,1464.0,1160.1962983273559,303.80370167264414
105724,741.0,676.5520316447335,64.44796835526654
105740,1445.0,1118.5730193770835,326.4269806229165
105742,695.0,593.6243922128625,101.37560778713748
105776,770.0,616.4970026712398,153.50299732876022
105801,585.0,651.6617870461076,-66.66178704610763
105803,910.0,991.168718630943,-81.16871863094298
105805,897.0,759.31232989418,137.68767010581996
105823,720.0,644.8856478867972,75.11435211320281
105855,1020.0,1332.5802363340797,-312.5802363340797
105883,1330.0,1415.7835167989651,-85.78351679896514
105895,1180.0,1130.6261875434686,49.37381245653137
105898,1065.0,1226.7512865324138,-161.75128653241381
105903,1030.0,915.0738777718759,114.92612222812409
105934,1125.0,1170.4880717531776,-45.488071753177564
105966,981.0,976.8544013917261,4.145598608273872
105978,1219.0,1199.386603231758,19.613396768241955
105986,1075.0,1169.6517915098764,-94.65179150987638
106004,1196.0,1004.420890848355,191.57910915164496
106009,530.0,562.7511182950598,-32.75111829505977
106015,600.0,620.4068343854274,-20.406834385427373
106016,955.0,923.9988761501447,31.001123849855276
106034,1150.0,1097.1884715521192,52.811528447880846
106039,719.0,702.1220605261117,16.87793947388832
106062,590.0,677.5640478962933,-87.56404789629335
106064,809.0,717.86343324053,91.13656675947004
106079,1280.0,990.5715716771475,289.4284283228525
106104,1190.0,1100.7678532563853,89.23214674361475
106121,797.0,677.6528106576538,119.34718934234616
106138,705.0,710.4450098450784,-5.445009845078403
106142,1330.0,1185.5481037406878,144.4518962593122
106154,1015.0,1242.6137560581856,-227.61375605818557
106176,515.0,611.908090582343,-96.908090582343
106186,849.0,914.6098918961278,-65.6098918961278
106194,1272.0,1120.4626800437682,151.53731995623184
106198,1090.0,1031.4836593565606,58.516340643439435
106202,1340.0,1211.180411519148,128.81958848085196
106205,960.0,1127.7404414980529,-167.74044149805286
106233,1146.0,1196.3115941323333,-50.31159413233331
106251,985.0,1052.0114619037167,-67.01146190371674
106254,1361.0,1120.7062075306596,240.29379246934036
106258,1235.0,1146.4975602324014,88.50243976759862
106263,830.0,726.4736040895438,103.52639591045624
106276,1110.0,1193.6542375596423,-83.6542375596423
106297,1485.0,1065.7134335250207,419.2865664749793
106307,710.0,627.3740209961778,82.62597900382218
106329,1075.0,1045.9879446995355,29.012055300464453
106333,750.0,655.8534197025413,94.14658029745874
106338,1410.0,1283.4535029673746,126.54649703262544
106349,1060.0,1019.8102115817615,40.18978841823855
106371,1415.0,1181.5366278475963,233.46337215240374
106381,718.0,671.6709902033351,46.32900979666488
106408,1102.0,1102.1993152217833,-0.19931522178330852
106428,1080.0,1114.618319231047,-34.61831923104705
106476,804.0,717.1913006833172,86.8086993166828
106481,1280.0,1104.9243521921585,175.0756478078415
106491,1307.0,1130.7745758578503,176.22542414214968
106499,743.0,674.789535705408,68.21046429459204
106523,965.0,1064.5271106739108,-99.52711067391078
106540,1181.0,1332.1649066609477,-151.16490666094774
106547,1129.0,943.6765082212155,185.3234917787845
106575,1330.0,1110.7457830570952,219.2542169429048
106576,370.0,551.8538783492547,-181.85387834925473
106592,1130.0,1136.058481443368,-6.058481443368009
106593,1344.0,1230.9202832005208,113.07971679947923
106600,668.0,518.9738942849577,149.02610571504226
106613,1235.0,1114.0486017316016,120.9513982683984
106617,1170.0,1012.7721322206945,157.22786777930548
106641,1425.0,1235.5378904916065,189.4621095083935
106652,1605.0,1253.3010945013923,351.6989054986077
106655,1440.0,1287.113027603193,152.8869723968071
106672,1201.0,1071.8474429283474,129.1525570716526
106740,933.0,1053.3807070418798,-120.38070704187976
106773,1190.0,1194.8985226793568,-4.898522679356802
106775,787.0,915.643752164502,-128.64375216450196
106782,1415.0,1295.7192687541065,119.28073124589355
106793,1036.0,977.7215277073234,58.27847229267661
106820,1340.0,1217.0957188169161,122.90428118308387
106866,925.0,770.0301216796012,154.96987832039883
106878,319.0,572.1766240536904,-253.17662405369038
106882,1103.0,1145.3300299140374,-42.33002991403737
106900,798.0,1241.7172136543631,-443.71721365436315
106903,930.0,1004.5500024630546,-74.55000246305462
106919,915.0,1119.5023399311165,-204.50233993111647
106961,1231.0,1218.2575172944946,12.742482705505381
106981,643.0,545.1124558923839,97.88754410761612
107013,954.0,977.2387671364081,-23.238767136408114
107027,1047.0,1000.7508424977884,46.249157502211574
107051,1080.0,1144.7417562311562,-64.74175623115616
107079,1116.0,1074.6327829634256,41.3672170365744
107107,1146.0,1290.6202530471235,-144.62025304712347
107137,1058.0,1030.6484876145328,27.35151238546723
107146,1098.0,969.7977008893943,128.20229911060574
107147,1367.0,1217.8092487473043,149.1907512526957
107173,1193.0,1256.6083362014037,-63.608336201403745
107185,1146.0,1007.8934619489157,138.10653805108427
107248,1135.0,1098.8493186520875,36.150681347912496
107252,1268.0,977.2172589807852,290.78274101921477
107266,484.0,583.7790069574332,-99.77900695743324
107268,964.0,1112.7212168593878,-148.72121685938782
107286,1079.0,951.9853454900981,127.0146545099019
107307,992.0,1140.3365723946479,-148.33657239464787
107341,1025.0,647.508924451635,377.49107554836496
107345,1185.0,1059.6343634451944,125.36563655480563
107380,1080.0,1097.1251807228161,-17.12518072281614
107392,920.0,1169.6123130978178,-249.61231309781783
107406,895.0,920.3950490306163,-25.395049030616292
107411,639.0,769.7809207752558,-130.78092077525582
107423,831.0,658.910734212991,172.08926578700903
107426,1124.0,1192.2028291007907,-68.20282910079072
107439,1209.0,1198.1774180761636,10.822581923836424
107460,904.0,1217.4897627036448,-313.48976270364483
107466,800.0,646.9990471379817,153.00095286201827
107484,735.0,653.44101656425,81.55898343574995
107491,765.0,829.1000761980755,-64.1000761980755
107512,940.0,972.291592670735,-32.291592670734985
107560,1610.0,1254.143867602546,355.8561323974541
107562,1305.0,1219.484609196417,85.51539080358293
107567,1120.0,1171.2951046762498,-51.29510467624982
107572,1290.0,1211.1241933052513,78.87580669474869
107589,1052.0,1037.9386490504319,14.061350949568123
107633,1352.0,1294.4303402716369,57.56965972836315
107637,760.0,683.8924197369319,76.10758026306814
107640,1071.0,1198.5076675467703,-127.50766754677034
107648,1257.0,1187.0623665733478,69.93763342665216
107674,1305.0,1095.9444229600892,209.05557703991076
107675,665.0,566.1476915655152,98.85230843448483
107697,882.0,965.204618869712,-83.20461886971202
107714,1047.0,997.3073192937264,49.69268070627356
107723,1160.0,1140.5232889946467,19.47671100535331
107729,1158.0,885.2178052337341,272.7821947662659
107740,840.0,736.3313086721835,103.66869132781653
107768,1164.0,1182.6241953416343,-18.624195341634277
107772,815.0,1049.6396112231698,-234.63961122316982
107776,665.0,626.3356287587156,38.66437124128436
107785,955.0,1287.055988869615,-332.055988869615
107791,981.0,920.3950490306163,60.60495096938371
107798,740.0,702.4119392874854,37.58806071251456
107800,655.0,688.2689379071173,-33.26893790711733
107810,426.0,546.7250503069268,-120.72505030692685
107831,804.0,616.9823798760328,187.01762012396716
107846,1145.0,1100.8213229129483,44.17867708705171
107847,1047.0,1086.0651393507444,-39.0651393507444
107850,1225.0,1291.3286681239015,-66.32866812390148
107855,750.0,720.8279623571423,29.17203764285773
107857,506.0,735.7085246429941,-229.70852464299412
107877,670.0,795.2906485201628,-125.29064852016279
107895,734.0,670.7002103174603,63.299789682539654
107918,948.0,1010.5202398704621,-62.52023987046209
107937,1225.0,1196.4802499063067,28.519750093693347
107954,776.0,597.6631626159495,178.33683738405045
107960,1323.0,1190.9295702751015,132.07042972489853
107964,681.0,685.9970233149885,-4.997023314988496
107976,960.0,1074.6323334597978,-114.63233345979779
107997,1015.0,934.5599967970956,80.44000320290445
108000,1124.0,997.4574942749781,126.5425057250219
108003,1170.0,858.6545661375659,311.3454338624341
108016,1110.0,1198.5104259518012,-88.51042595180115
108042,1367.0,1244.3842624672611,122.61573753273888
108043,690.0,595.8912176773397,94.10878232266032
108053,1405.0,1205.0603738296254,199.9396261703746
108054,745.0,732.6502522509463,12.349747749053677
108066,1059.0,989.5635360332984,69.43646396670158
108068,1538.0,1255.3379776706736,282.6620223293264
108093,1257.0,1009.3784237762787,247.62157622372126
108097,730.0,686.7882760526303,43.211723947369705
108109,1248.0,1077.9756987605988,170.0243012394012
108119,1200.0,1143.97385892144,56.02614107855993
108126,1525.0,1204.6400269050625,320.35997309493746
108139,820.0,1025.4026322995333,-205.40263229953325
108158,510.0,702.4949369223372,-192.49493692233716
108161,1209.0,982.4823501089273,226.51764989107267
108175,1142.0,1219.4714166666672,-77.47141666666721
108188,995.0,1054.4247530084374,-59.42475300843739
108212,1325.0,1188.0399607577485,136.96003924225147
108215,1350.0,1230.3973188334455,119.60268116655448
108226,1440.0,1208.1501653137327,231.8498346862673
108233,1035.0,1096.5643657761734,-61.56436577617342
108246,915.0,703.5249556745342,211.47504432546577
108251,655.0,619.2032854937561,35.796714506243916
108258,753.0,714.9107363696841,38.08926363031594
108274,1376.0,1176.82275439068,199.17724560931993
108281,1157.0,1349.9603595981048,-192.9603595981048
108320,788.0,749.4431362001806,38.55686379981944
108329,1020.0,1088.300084637503,-68.300084637503
108357,855.0,823.1935459434295,31.806454056570487
108361,820.0,797.2136649638047,22.786335036195283
108364,617.0,605.881304945315,11.118695054684963
108371,1160.0,994.1381670629041,165.86183293709587
108381,540.0,756.1335083159792,-216.13350831597916
108411,700.0,532.0286765553454,167.97132344465456
108430,655.0,707.5730967340382,-52.573096734038245
108433,1000.0,1012.3565970853713,-12.356597085371277
108441,745.0,676.2502704654831,68.74972953451686
108448,810.0,646.4602211814489,163.5397788185511
108471,1421.0,1241.795984029129,179.20401597087107
108497,861.0,775.6214287678685,85.37857123213155
108499,655.0,700.7262924448967,-45.72629244489667
108508,1050.0,991.7938196854792,58.20618031452079
108510,1245.0,1147.8923277228057,97.1076722771943
108511,590.0,639.3973606020425,-49.397360602042454
108512,1305.0,1204.4071960405265,100.59280395947349
108514,565.0,748.8531272342574,-183.85312723425739
108515,1535.0,985.1735263841186,549.8264736158814
108550,705.0,728.317368115745,-23.317368115745012
108554,1250.0,1196.8189567183395,53.18104328166055
108573,1030.0,808.6192085911975,221.38079140880245
108586,680.0,624.2425139273229,55.757486072677125
108589,1190.0,1106.0064244807982,83.99357551920184
108596,930.0,951.6723235981153,-21.672323598115327
108602,1085.0,975.0074487389121,109.9925512610879
108606,710.0,657.9037501473658,52.09624985263417
108614,960.0,1058.914013223737,-98.9140132237369
108632,1305.0,1094.5960050911435,210.40399490885648
108638,1170.0,1038.9566284507007,131.0433715492993
108652,925.0,678.738723997783,246.26127600221696
108670,1090.0,1325.5059593348574,-235.50595933485738
108681,855.0,713.8206823198514,141.17931768014864
108719,882.0,955.4770245199012,-73.47702451990119
108725,985.0,963.4140646385778,21.58593536142223
108732,1170.0,1090.1707286652313,79.82927133476869
108765,895.0,649.7948342629892,245.20516573701082
108783,849.0,938.2608923124806,-89.26089231248056
108817,1140.0,1174.008263785787,-34.008263785786994
108818,1295.0,1156.5726041368052,138.42739586319476
108826,472.0,609.8969603223276,-137.89696032232757
108843,1055.0,961.4836507936234,93.51634920637662
108844,950.0,1076.5741693358689,-126.57416933586887
108861,540.0,636.0517140910814,-96.05171409108141
108865,1030.0,1009.8038709922713,20.1961290077287
108889,1160.0,1089.780847294512,70.21915270548811
108905,1238.0,1061.732450012819,176.26754998718093
108939,975.0,1060.711762448911,-85.71176244891103
108955,1220.0,1149.248283470601,70.75171652939889
108956,1405.0,1150.5645848196339,254.43541518036614
108975,1321.0,1283.4153214267044,37.584678573295605
108977,1160.0,1112.1566089713674,47.843391028632595
108980,1195.0,1198.3257550441203,-3.325755044120342
109006,579.0,589.4646609597235,-10.46466095972346
109007,818.0,689.1491521685817,128.85084783141826
109021,1190.0,1062.7613101659238,127.23868983407624
109033,900.0,645.1402780162856,254.8597219837144
109052,1045.0,1047.5101518458064,-2.5101518458063765
109061,1205.0,1099.8418153400305,105.15818465996949
109070,665.0,698.0311282987692,-33.031128298769204
109111,1150.0,1317.1916971052385,-167.19169710523852
109121,1140.0,1274.8454363854419,-134.84543638544187
109144,1065.0,954.4830627324346,110.51693726756537
109155,788.0,656.6911263760385,131.30887362396152
109174,1300.0,1220.5222406515963,79.47775934840365
109175,1190.0,1111.5098208690488,78.49017913095122
109196,675.0,693.5598091029836,-18.55980910298365
109208,465.0,644.442334734971,-179.44233473497104
109211,1210.0,1100.1469095690109,109.85309043098914
109221,950.0,1031.223064503006,-81.22306450300607
109227,1355.0,1173.010147423926,181.9898525760741
109252,725.0,773.2341792414014,-48.23417924140142
109286,875.0,1199.0725326391243,-324.07253263912435
109299,1250.0,1194.0621199129473,55.93788008705269
109304,1200.0,1318.4902190129817,-118.4902190129817
109333,1445.0,1164.0610915717398,280.9389084282602
109365,1130.0,1119.7768077646608,10.223192235339184
109384,975.0,1059.1049615909383,-84.10496159093827
109386,724.0,647.587839989875,76.41216001012504
109396,1220.0,1181.6913528260698,38.30864717393024
109403,1230.0,1040.1061855482556,189.89381445174445
109472,950.0,1372.6703012589903,-422.6703012589903
109496,1315.0,1284.57937869067,30.420621309330045
109507,765.0,777.1114553892904,-12.111455389290427
109539,1125.0,1245.64214890852,-120.64214890852008
109540,1220.0,1150.3214887961294,69.67851120387058
109566,1135.0,962.2740175321227,172.72598246787732
109570,1410.0,1204.1008010350827,205.89919896491733
109572,870.0,928.4715357760463,-58.47153577604627
109580,860.0,739.6443950640881,120.35560493591186
109592,760.0,832.2401688092933,-72.24016880929332
109610,1260.0,1294.2903873049195,-34.29038730491948
109620,1400.0,1313.5226440842853,86.47735591571472
109647,570.0,686.7391136672629,-116.73911366726293
109649,1170.0,1162.7882953013234,7.211704698676613
109674,1535.0,1357.74933536826,177.25066463173994
109696,1390.0,1234.57661227161,155.42338772839003
109704,910.0,785.9047485021375,124.09525149786248
109709,970.0,1173.243926858621,-203.24392685862108
109722,1135.0,1018.9874211797797,116.01257882022026
109766,920.0,681.8132392814637,238.18676071853633
109784,805.0,771.217901300724,33.78209869927605
109794,830.0,733.3659215790431,96.63407842095694
109803,1430.0,1366.8070671758194,63.192932824180616
109820,975.0,949.6576163302893,25.34238366971067
109830,1460.0,1342.8457475935572,117.15425240644277
109865,885.0,594.5763024772995,290.42369752270054
109867,1301.0,1002.6536026287874,298.34639737121256
109871,995.0,689.8809766586108,305.11902334138915
109875,1350.0,1199.9790118765065,150.02098812349345
109900,1255.0,1163.9600092527423,91.03999074725766
109904,1125.0,1299.806329136039,-174.80632913603904
109931,726.0,679.7444347866156,46.25556521338444
109967,1340.0,1108.2375798735704,231.76242012642956
109987,1255.0,1235.7033469599571,19.296653040042884
109993,1585.0,1176.1033752416201,408.89662475837986
109994,1160.0,1076.3140869682513,83.68591303174867
110006,835.0,741.2056633991311,93.79433660086886
110009,1065.0,1105.949630688847,-40.94963068884704
110018,1225.0,1224.2861776808038,0.713822319196197
110028,845.0,919.8877571011245,-74.88775710112452
110075,575.0,611.1322851764374,-36.13228517643745
110081,1020.0,1206.7192689585786,-186.7192689585786
110102,686.0,717.9113630078616,-31.91136300786161
110112,1005.0,954.2819474200489,50.71805257995106
110117,686.0,652.2671304022565,33.7328695977435
110147,1580.0,1254.3836045785963,325.6163954214037
110157,1352.0,1245.589365069653,106.41063493034699
110163,1250.0,1271.1295196659012,-21.12951966590117
110171,795.0,721.3374820826017,73.6625179173983
110178,1090.0,1074.7958338253852,15.204166174614784
110184,1680.0,1346.9345575230948,333.0654424769052
110204,795.0,666.3392992551708,128.66070074482923
110205,1350.0,1131.842248236304,218.15775176369607
110208,1030.0,676.7222184115891,353.2777815884109
110221,685.0,738.5802735103913,-53.580273510391294
110222,1260.0,1095.6368039568777,164.36319604312234
110240,1150.0,1148.1551656654674,1.8448343345326066
110245,1420.0,1308.988405937293,111.01159406270699
110252,1230.0,1001.1381091263748,228.86189087362516
110254,1210.0,1213.3844754946417,-3.3844754946417197
110268,815.0,743.7364246095315,71.26357539046853
110272,1055.0,1074.1706164238758,-19.1706164238758
110274,1089.0,1032.0352109408639,56.96478905913614
110283,845.0,737.8733651806781,107.12663481932191
110293,555.0,682.5420100526676,-127.54201005266759
110305,1120.0,1001.3216874059806,118.67831259401942
110326,1100.0,927.0323929319131,172.96760706808686
110349,1280.0,1096.2543060776836,183.74569392231638
110368,1105.0,1203.1317066237837,-98.13170662378366
110392,1607.0,1196.0656737108798,410.93432628912024
110410,1220.0,1228.3003344028205,-8.300334402820454
110429,1080.0,839.8434672909872,240.15653270901282
110430,632.0,687.5270756953175,-55.527075695317535
110442,1080.0,1126.7605210116158,-46.760521011615765
110472,1090.0,1010.9197670120375,79.08023298796252
110503,462.0,608.718777045177,-146.71877704517703
110515,1100.0,1212.2175591576708,-112.21755915767085
110522,1165.0,1125.6684482634223,39.331551736577694
110537,740.0,745.32326040657,-5.323260406569943
110539,770.0,732.699835111939,37.300164888060976
110540,625.0,723.9495893672148,-98.9495893672148
110551,1250.0,986.9157064708435,263.0842935291565
110554,1335.0,1166.5035927455626,168.49640725443737
110562,1335.0,1208.7574610500044,126.2425389499956
110564,590.0,654.100253012416,-64.10025301241603
110567,1095.0,1233.702067279915,-138.7020672799149
110577,855.0,977.1646860735332,-122.16468607353318
110601,895.0,1083.8242722562752,-188.8242722562752
110608,860.0,1102.5114679386008,-242.51146793860084
110619,1230.0,1188.373137831493,41.62686216850693
110637,905.0,1004.707167572391,-99.70716757239097
110643,845.0,709.8722896825394,135.12771031746058
110651,728.0,699.9753066671387,28.02469333286126
110680,1055.0,991.6582589291197,63.34174107088029
110697,1520.0,1219.2536720214102,300.74632797858976
110704,1100.0,1091.6305165495762,8.369483450423786
110730,733.0,629.2894516084816,103.71054839151839
110731,1405.0,1299.88244233831,105.11755766168994
110768,845.0,744.0228356429235,100.9771643570765
110769,1045.0,901.5822837630766,143.4177162369234
110776,1375.0,1293.944440873345,81.055559126655
110782,1180.0,1044.1172238899908,135.88277611000922
110786,1210.0,1213.4595616177075,-3.45956161770755
110791,1165.0,1176.7901180731867,-11.790118073186704
110800,1080.0,1172.4829664849103,-92.48296648491032
110806,520.0,679.6773179666214,-159.67731796662144
110814,810.0,899.9879451129547,-89.98794511295466
110833,770.0,760.4883744519564,9.51162554804364
110836,1008.0,1265.9804280200492,-257.9804280200492
110859,1090.0,1119.814347810555,-29.81434781055509
110886,1040.0,999.2858849152967,40.71411508470328
110934,1005.0,1265.8370386114668,-260.8370386114668
110973,1435.0,1248.414039426005,186.58596057399495
110999,1515.0,1179.548313906175,335.45168609382495
111024,1605.0,1298.7902155591762,306.2097844408238
111037,1245.0,1117.7103874140548,127.28961258594518
111058,790.0,880.4832301476241,-90.48323014762411
111085,598.0,684.8669803983181,-86.8669803983181
111104,1220.0,1172.5842582078892,47.41574179211079
111110,1490.0,1304.8198151074469,185.18018489255314
111112,1095.0,1117.7727669030044,-22.772766903004367
111126,1210.0,1120.4567323224005,89.54326767759949
111142,1375.0,1204.1468303383292,170.8531696616708
111144,740.0,797.1238859924339,-57.123885992433884
111147,1367.0,1081.5037375029983,285.4962624970017
111167,485.0,713.7315280218185,-228.73152802181846
111177,1300.0,1202.020171993667,97.97982800633304
111186,920.0,1082.243276936228,-162.24327693622809
111188,1455.0,1056.9675909566222,398.0324090433778
111191,700.0,638.1755899912,61.82441000879999
111198,1540.0,1280.9859491816746,259.01405081832536
111204,485.0,620.9327995810734,-135.93279958107337
111211,802.0,728.4515051899697,73.54849481003032
111214,1040.0,948.2145957966331,91.78540420336685
111219,1095.0,1042.8700806202498,52.12991937975016
111249,765.0,729.9340362414484,35.06596375855156
111252,830.0,1022.3863891206236,-192.38638912062356
111257,700.0,684.387283058289,15.612716941711028
111270,535.0,545.9957326211843,-10.995732621184288
111275,761.0,625.5299329852513,135.47006701474868
111277,1220.0,1110.3845541351834,109.61544586481659
111278,1345.0,1294.3421434810741,50.65785651892588
111285,835.0,713.9086041260545,121.09139587394554
111292,760.0,658.1314178668711,101.86858213312894
111294,1010.0,978.8899161711221,31.11008382887792
111297,750.0,673.6855651975198,76.31443480248015
111322,594.0,767.0114347633032,-173.0114347633032
111325,955.0,735.2177033046921,219.78229669530788
111353,1470.0,1291.1533059829644,178.8466940170356
111371,1244.0,1276.7486834284566,-32.748683428456616
111372,1250.0,1258.869997832844,-8.869997832844092
111391,1355.0,1257.4750488685881,97.52495113141185
111393,895.0,713.6111235820534,181.38887641794656
111425,610.0,734.4386900459216,-124.43869004592159
111460,562.0,730.0967716688363,-168.09677166883625
111473,770.0,787.3182862574562,-17.31828625745618
111534,1065.0,986.3691061228678,78.63089387713217
111536,800.0,1174.7014444486235,-374.70144444862353
111541,845.0,736.101555801525,108.89844419847498
111552,790.0,926.469699862773,-136.46969986277304
111574,1540.0,1347.0860378992147,192.91396210078528
111587,1250.0,1076.468137224062,173.53186277593795
111596,819.0,669.0863471639024,149.91365283609764
111613,1205.0,1059.7839147659417,145.21608523405826
111645,1310.0,1165.6104042572997,144.3895957427003
111651,721.0,750.8055384221257,-29.805538422125665
111654,605.0,780.6422849328363,-175.64228493283633
111664,974.0,835.3643346560846,138.63566534391543
111680,545.0,576.5552567581129,-31.555256758112932
111690,1110.0,1081.5037375029983,28.49626249700168
111695,1325.0,1294.660364230696,30.339635769304095
111698,1030.0,997.0095789556822,32.99042104431783
111702,1117.0,1225.4584983081998,-108.45849830819975
111710,815.0,725.5096317649312,89.49036823506879
111711,1080.0,1013.4730733734683,66.52692662653169
111715,1310.0,1327.345567024738,-17.345567024738102
111720,900.0,937.6969014237654,-37.69690142376544
111739,1202.0,1194.4128807501443,7.587119249855732
111748,668.0,577.2990663681366,90.70093363186345
111749,999.0,675.1460834187826,323.8539165812174
111762,1150.0,1158.6543886537306,-8.65438865373062
111792,710.0,591.1186469091525,118.88135309084748
111805,1200.0,1274.6096467556258,-74.60964675562582
111811,1135.0,1002.1923938235311,132.80760617646888
111821,950.0,1136.7215952907015,-186.72159529070154
111826,1113.0,997.275076717906,115.72492328209398
111854,1140.0,1280.7877535559182,-140.78775355591824
111870,1409.0,1207.009625194566,201.99037480543393
111880,630.0,744.8626834494364,-114.86268344943642
111885,594.0,691.6678190361808,-97.66781903618084
111888,1290.0,1248.4587473954011,41.54125260459887
111894,876.0,948.2145957966331,-72.21459579663315
111899,860.0,741.3795578131476,118.62044218685242
111922,1210.0,1119.6713340470967,90.3286659529033
111926,712.0,625.6278455727426,86.37215442725744
111945,1235.0,1127.6323855771186,107.36761442288139
111952,1395.0,1252.0697859507168,142.93021404928322
111954,1325.0,1170.5812384514093,154.41876154859074
111974,980.0,1043.3621940997552,-63.36219409975524
111993,1046.0,911.4281109674636,134.57188903253643
112003,605.0,680.9366992412188,-75.93669924121878
112049,760.0,766.9872601442767,-6.987260144276661
112064,585.0,696.0713131646071,-111.07131316460709
112074,555.0,619.4048490156047,-64.40484901560467
112107,890.0,1010.4445080673015,-120.44450806730151
112121,1095.0,1081.4942349589035,13.505765041096538
112143,750.0,756.1766729873948,-6.176672987394795
112162,1340.0,1046.5501193712519,293.44988062874813
112184,1345.0,1140.5232889946467,204.4767110053533
112199,1285.0,1264.102140089182,20.897859910817942
112227,1300.0,1148.445269704363,151.554730295637
112229,1260.0,1065.2205500455482,194.77944995445182
112230,1035.0,1000.5803224724141,34.41967752758592
112238,738.0,895.9925795513003,-157.9925795513003
112240,1110.0,1234.8870523826874,-124.88705238268744
112255,1140.0,1093.5802660329548,46.419733967045204
112257,890.0,1003.5424791176266,-113.54247911762661
112258,1080.0,1074.1058466337315,5.894153366268483
112261,870.0,963.4831793991228,-93.48317939912283
112324,475.0,675.028015521333,-200.02801552133303
112345,1435.0,1351.8474748461006,83.15252515389943
112364,921.0,740.1863883600897,180.81361163991028
112366,717.0,604.9071315728046,112.09286842719541
112373,680.0,634.4016126615596,45.598387338440375
112383,1025.0,1022.9527467614973,2.0472532385026625
112389,1390.0,1222.147563756161,167.85243624383907
112390,895.0,1084.4425345756456,-189.4425345756456
112430,1010.0,1090.863321646153,-80.86332164615305
112431,627.0,743.0844124762492,-116.08441247624921
112476,1190.0,1081.5037375029983,108.49626249700168
112488,760.0,737.4225398954239,22.577460104576062
112493,1070.0,1223.113220271409,-153.1132202714091
112505,1285.0,1193.2550106753122,91.74498932468782
112508,1030.0,1079.952705324865,-49.952705324865065
112534,870.0,1064.3291796519702,-194.3291796519702
112546,840.0,802.39058494261,37.60941505739004
112566,1170.0,1163.927143356143,6.072856643856994
112577,720.0,1009.7953451254239,-289.79534512542386
112590,675.0,661.6350144441614,13.364985555838643
112599,1140.0,1073.1480484537983,66.85195154620169
112615,895.0,1127.3011238325848,-232.30112383258484
112622,710.0,734.931825630213,-24.931825630212984
112637,1140.0,1213.964016754513,-73.96401675451307
112644,615.0,650.1663818935159,-35.166381893515904
112676,1285.0,1198.4771863188537,86.52281368114632
112699,752.0,677.860109195113,74.13989080488705
112702,981.0,595.6809108256111,385.31908917438886
112714,576.0,546.7535858100108,29.246414189989196
112743,1150.0,990.4483699025559,159.5516300974441
112755,1180.0,1123.8019890592109,56.19801094078912
112763,410.0,690.7253691366002,-280.7253691366002
112772,800.0,705.6627196264297,94.33728037357025
112782,1084.0,1182.226300782432,-98.22630078243196
112784,1230.0,1060.84587544838,169.15412455162004
112793,760.0,681.943236142834,78.05676385716595
112814,8.0,1106.3787009603038,-1098.3787009603038
112819,900.0,969.9581990152681,-69.95819901526806
112826,820.0,723.8726218541872,96.12737814581283
112829,890.0,696.8330351911226,193.16696480887742
112831,520.0,663.8746543772432,-143.87465437724325
112841,1050.0,1155.2259894981537,-105.2259894981537
112843,705.0,714.0661427586303,-9.066142758630349
112888,980.0,1038.7422997534868,-58.742299753486805
112912,610.0,673.8505776540472,-63.85057765404724
112929,1310.0,1263.1726360826044,46.82736391739559
112942,1235.0,1058.1984338441548,176.8015661558452
113009,755.0,985.0124564127979,-230.01245641279786
113032,870.0,586.0202621980375,283.97973780196253
113068,890.0,782.8769376507418,107.12306234925825
113078,960.0,1068.0458502499653,-108.04585024996527
113079,695.0,589.7399963156565,105.26000368434347
113080,887.0,704.4376706499065,182.56232935009348
113092,855.0,1051.9691926971943,-196.96919269719433
113105,610.0,632.3104669596112,-22.310466959611176
113122,770.0,734.3855995837303,35.614400416269746
113143,650.0,631.3563008135734,18.643699186426602
113173,826.0,940.3078339995557,-114.30783399955567
113187,1240.0,1257.5431713570208,-17.54317135702081
113195,1280.0,1283.4982900477498,-3.4982900477498333
113200,1102.0,1094.046900067939,7.953099932060923
113204,810.0,641.6527065440589,168.3472934559411
113210,1350.0,1155.9361338956437,194.0638661043563
113231,835.0,751.3325254927139,83.6674745072861
113283,937.0,749.959951475724,187.04004852427602
113290,590.0,630.2152921559483,-40.215292155948305
113293,889.0,711.7281712025879,177.27182879741213
113314,713.0,755.4938326358314,-42.49383263583138
113338,862.0,804.0849101930738,57.915089806926176
113344,1285.0,1191.81198924545,93.18801075455008
113384,1301.0,1116.9342949518193,184.0657050481807
113398,726.0,580.4496511156196,145.55034888438036
113402,1020.0,1263.5579468156716,-243.55794681567158
113430,1105.0,1225.0956288521406,-120.09562885214063
113437,1190.0,1028.700922757202,161.29907724279792
113442,1040.0,1200.6348624651657,-160.63486246516572
113446,580.0,586.737508727699,-6.737508727699037
113453,616.0,688.8185798126084,-72.81857981260839
113471,890.0,1002.8524381610134,-112.85243816101342
113478,1165.0,1199.5531136989482,-34.55311369894821
113484,1000.0,916.4257757893891,83.57422421061085
113498,1655.0,1148.2535805028617,506.7464194971383
113536,1295.0,1186.0996920359169,108.90030796408314
113544,1305.0,1298.063922772022,6.936077227978103
113581,960.0,1038.9265274724055,-78.9265274724055
113589,1315.0,1149.1879916578916,165.81200834210836
113597,993.0,707.12958885902,285.87041114097997
113616,980.0,1124.4123332017002,-144.41233320170022
113617,460.0,686.1057011078668,-226.10570110786682
113625,1080.0,1130.0642416522535,-50.064241652253486
113640,1210.0,1230.8694770985915,-20.86947709859146
113659,1000.0,934.6963047853665,65.30369521463354
113680,940.0,1200.9499437573168,-260.94994375731676
113698,1370.0,1155.2082967265462,214.79170327345378
113702,1000.0,1191.5744879078882,-191.57448790788817
113784,1150.0,1124.7597364042713,25.24026359572872
113786,732.0,712.422659111399,19.577340888601043
113788,1085.0,909.9330096310562,175.06699036894383
113828,1135.0,1017.0008822039886,117.99911779601143
113834,1522.0,1333.454264413191,188.5457355868091
113843,1300.0,1072.2996675352183,227.7003324647817
113857,1020.0,745.2108636324465,274.7891363675535
113879,720.0,714.2427025465679,5.757297453432102
113889,1150.0,1239.544847019523,-89.5448470195231
113896,775.0,1002.6880775440508,-227.68807754405077
113904,1320.0,1201.9970095833726,118.00299041662743
113906,1285.0,1330.973625263844,-45.97362526384404
113909,462.0,615.3795471971717,-153.37954719717175
113910,612.0,787.2966049292507,-175.29660492925075
113932,682.0,569.0685563548716,112.93144364512841
113967,1230.0,1159.2541231700418,70.7458768299582
113987,725.0,665.3979067736152,59.602093226384795
113989,710.0,826.7894021586415,-116.78940215864145
113995,420.0,638.9290144408053,-218.9290144408053
113999,615.0,842.3649682539682,-227.3649682539682
114006,1225.0,1191.0217755071465,33.97822449285354
114023,635.0,842.6869224261911,-207.68692242619113
114030,950.0,1314.9259870126746,-364.92598701267457
114041,782.0,688.0613410008483,93.9386589991517
114049,1183.0,1276.6816121387362,-93.68161213873623
114058,893.0,716.4075591560394,176.59244084396062
114062,690.0,1264.498940473011,-574.4989404730111
114076,1370.0,1222.438988997243,147.5610110027569
114092,790.0,714.7847860521251,75.21521394787487
114095,1305.0,1118.0430953715043,186.95690462849575
114096,735.0,681.5765398192165,53.423460180783536
114106,1045.0,1193.3372833473184,-148.33728334731836
114110,1010.0,1265.8138502060601,-255.81385020606012
114120,1594.0,1176.5536881678497,417.4463118321503
114134,1047.0,1164.3511313144654,-117.35113131446542
114144,810.0,556.5813756259596,253.4186243740404
114145,960.0,995.8818551097474,-35.88185510974745
114154,1000.0,1064.512395581925,-64.51239558192492
114155,620.0,578.3933381141552,41.6066618858448
114183,590.0,667.0943586797529,-77.09435867975287
114219,1295.0,1230.5138449100573,64.48615508994271
114235,1090.0,1175.1477036423005,-85.14770364230048
114243,1535.0,1169.2134204909798,365.78657950902016
114244,1115.0,1116.6646168294267,-1.6646168294266772
114271,1190.0,1078.1132946888129,111.88670531118714
114274,1045.0,1140.6505508398748,-95.65055083987477
114283,1115.0,1130.957070901662,-15.957070901662064
114298,1475.0,1118.6498796070553,356.35012039294475
114301,1091.0,1068.1625849975007,22.837415002499256
114333,1460.0,1306.855812379905,153.14418762009495
114343,1020.0,1082.412273643285,-62.41227364328506
114358,1152.0,969.7678100849178,182.23218991508224
114390,1257.0,1218.3330164935232,38.666983506476754
114391,724.0,680.4141371320784,43.585862867921605
114417,800.0,1046.4821552005803,-246.48215520058034
114423,950.0,901.3847409289402,48.61525907105977
114432,797.0,787.7020594854228,9.297940514577249
114438,1000.0,1064.1992549550398,-64.1992549550398
114451,723.0,707.4599012453502,15.540098754649762
114516,1265.0,1075.689902759378,189.3100972406221
114524,1140.0,931.3996052470413,208.60039475295866
114536,1102.0,1357.3006793059394,-255.3006793059394
114564,1036.0,992.2696100513142,43.7303899486858
114573,1276.0,1261.7078510248884,14.292148975111559
114607,920.0,1022.6328547978065,-102.63285479780654
114625,693.0,604.2086274616383,88.79137253836166
114634,640.0,659.6421220770766,-19.64212207707658
114660,1259.0,1107.2934075280978,151.70659247190224
114661,1157.0,1037.1112211108125,119.8887788891875
114670,1304.0,1089.3552580777366,214.6447419222634
114695,1019.0,1045.9879446995355,-26.987944699535547
114696,820.0,650.2916264440629,169.7083735559371
114700,1125.0,1214.3181148086871,-89.31811480868714
114733,1213.0,1210.9984318563104,2.0015681436896102
114740,690.0,675.9663482519596,14.03365174804037
114752,981.0,1058.82713381723,-77.8271338172301
114770,1040.0,1018.7461650846926,21.25383491530738
114771,1008.0,1063.4984855070397,-55.49848550703973
114794,789.0,678.5942600829333,110.40573991706674
114802,1003.0,751.3091864732589,251.69081352674107
114828,959.0,1138.589110360532,-179.589110360532
114839,985.0,944.1268268908758,40.873173109124195
114846,921.0,1053.8188011452983,-132.81880114529827
114854,1305.0,1162.9188969751567,142.0811030248433
114862,1020.0,1107.5663189221793,-87.56631892217933
114881,680.0,680.281116172812,-0.2811161728119487
114898,1332.0,1201.0831490728265,130.91685092717353
114922,1201.0,1026.9451115411764,174.0548884588236
114925,1124.0,1152.340423566978,-28.34042356697796
114927,1135.0,1327.8910248012912,-192.89102480129122
114949,1150.0,997.4556315530685,152.54436844693146
114961,1127.0,1061.2596770522441,65.74032294775589
114972,1270.0,1051.1481517524828,218.85184824751718
114974,967.0,1009.7607810551415,-42.76078105514148
114989,1216.0,1013.193076658234,202.80692334176604
114991,633.0,736.1515298787426,-103.15152987874262
115011,750.0,670.4844182895259,79.51558171047407
115021,930.0,969.9692881440004,-39.969288144000416
115076,1331.0,1331.6641728136708,-0.6641728136708025
115078,940.0,962.8142548569921,-22.81425485699208
115104,374.0,712.2394898248047,-338.23948982480465
115119,450.0,616.7259189106513,-166.72591891065133
115131,1165.0,1064.0244074708726,100.97559252912743
115134,1360.0,1194.9873755383553,165.0126244616447
115139,910.0,735.0386508950181,174.96134910498188
115161,540.0,607.3471948495575,-67.34719484955747
115188,616.0,722.2210482804229,-106.2210482804229
115193,1255.0,1211.5618386308615,43.43816136913847
115207,515.0,645.3095275827637,-130.30952758276374
115211,585.0,602.1705015795985,-17.170501579598522
115214,1146.0,1147.9643924116199,-1.9643924116198832
115234,935.0,1067.5175522388117,-132.51755223881173
115237,660.0,673.124320214139,-13.124320214138947
115244,1320.0,1111.9546781113438,208.0453218886562
115260,1315.0,1091.919124337907,223.08087566209292
115265,1350.0,1158.9750053952216,191.02499460477839
115271,660.0,921.0808207585799,-261.0808207585799
115296,791.0,673.4736159653493,117.52638403465073
115330,825.0,691.6673109266349,133.33268907336515
115334,970.0,705.5979662435483,264.4020337564517
115347,495.0,553.9738940544606,-58.97389405446063
115348,1295.0,1050.5748158227946,244.42518417720544
115353,1020.0,1233.4281733497178,-213.42817334971778
115362,1422.0,1219.4038641978575,202.5961358021425
115391,766.0,828.7833585230165,-62.783358523016545
115396,910.0,906.6474095552261,3.3525904447739094
115415,1319.0,1152.4903175990653,166.5096824009347
115464,815.0,652.0346276321212,162.96537236787879
115524,1155.0,1114.6639918703563,40.33600812964369
115530,1230.0,1276.040073677877,-46.04007367787699
115606,1395.0,1060.2609286754557,334.7390713245443
115615,1290.0,1237.5813179044655,52.41868209553445
115631,1380.0,1181.6913528260698,198.30864717393024
115636,805.0,711.5459106024114,93.45408939758863
115640,670.0,669.176110211333,0.8238897886669747
115657,1000.0,1199.4554381924818,-199.45543819248178
115660,1047.0,1077.455656962629,-30.455656962629064
115692,1540.0,1299.1595344012387,240.84046559876128
115694,750.0,1000.4100086849146,-250.4100086849146
115697,1300.0,1081.135648972306,218.86435102769406
115716,652.0,701.5732365643208,-49.57323656432084
115734,1430.0,1150.123613578611,279.87638642138904
115746,1202.0,990.242344889689,211.75765511031102
115747,590.0,785.4850481844322,-195.48504818443223
115748,798.0,1063.305912622065,-265.3059126220651
115782,1130.0,1118.4766668031848,11.523333196815202
115805,400.0,688.3694462521191,-288.36944625211913
115825,1319.0,1143.2122501580172,175.78774984198276
115842,1280.0,1162.6644617279046,117.33553827209539
115844,920.0,1127.998375916776,-207.998375916776
115846,1102.0,1155.8136848485635,-53.813684848563526
115847,945.0,1101.615650158929,-156.61565015892893
115858,810.0,1204.9892580100795,-394.98925801007954
115862,1201.0,1296.8227562125294,-95.82275621252938
115888,1170.0,1178.916691249235,-8.9166912492351
115897,1490.0,1183.9191034812377,306.0808965187623
115900,1140.0,1067.8892012549697,72.11079874503025
115914,900.0,1133.1498886446986,-233.14988864469865
115918,1065.0,1032.6806452716412,32.3193547283588
115954,1165.0,1337.7425516731996,-172.7425516731996
115959,1170.0,1155.8733733848078,14.126626615192208
115975,970.0,1127.1356354636855,-157.1356354636855
115988,635.0,623.8006506923227,11.199349307677267
116014,1170.0,1168.2347083442992,1.7652916557008211
116019,1290.0,993.2415612788865,296.7584387211135
116058,925.0,1205.4278093249504,-280.42780932495043
116059,740.0,1019.658244224948,-279.658244224948
116066,1055.0,1178.6880288487578,-123.68802884875777
116073,1065.0,1011.0967408724721,53.90325912752792
116084,1160.0,1153.7323477043644,6.267652295635571
116086,1020.0,1020.2729555976858,-0.27295559768583644
116119,1110.0,1105.450135444494,4.549864555506019
116123,555.0,597.7860130238655,-42.78601302386551
116124,950.0,847.5484463669987,102.45155363300125
116170,1105.0,1252.0291485024716,-147.02914850247157
116194,852.0,684.1322018777612,167.8677981222388
116196,1180.0,1251.4547566517465,-71.4547566517465
116226,761.0,752.1310959968841,8.868904003115858
116263,1070.0,1130.858530739449,-60.85853073944895
116265,1120.0,1134.4892417800563,-14.489241780056318
116272,735.0,829.2965467106015,-94.29654671060155
116278,1070.0,1130.2782212716763,-60.27822127167633
116281,1082.0,1247.804650175047,-165.80465017504707
116283,950.0,856.190084065625,93.809915934375
116284,1505.0,1223.7554109836253,281.2445890163747
116287,1268.0,1128.3647989220885,139.63520107791146
116314,925.0,989.9982771051039,-64.99827710510385
116319,1200.0,1131.42102222479,68.57897777520998
116324,790.0,722.890795721832,67.10920427816802
116429,1135.0,978.6709073743292,156.3290926256708
116453,1198.0,1238.5196303523396,-40.51963035233962
116471,815.0,821.4872408448108,-6.487240844810799
116475,920.0,1086.7223933977477,-166.72239339774774
116497,506.0,553.4023579083043,-47.40235790830434
116510,915.0,1049.5895550225573,-134.5895550225573
116530,1060.0,970.1429295258729,89.85707047412711
116574,575.0,637.2135189942442,-62.21351899424417
116620,981.0,1195.6019472669961,-214.60194726699615
116624,1052.0,999.7463974515663,52.25360254843372
116635,620.0,678.2953537961956,-58.29535379619563
116654,1160.0,1191.8889515469577,-31.888951546957742
116664,1160.0,1060.1107937373026,99.88920626269737
116671,815.0,832.8527106176417,-17.85271061764172
116690,790.0,703.8080312511016,86.19196874889838
116711,590.0,617.0618710894053,-27.06187108940526
116728,1185.0,951.6574238405836,233.34257615941635
116730,1047.0,1268.1983597823496,-221.1983597823496
116741,1036.0,1038.0354944415583,-2.035494441558285
116756,825.0,663.2533378022304,161.74666219776964
116761,1180.0,1064.7151792775348,115.28482072246516
116768,544.0,628.8122917674325,-84.8122917674325
116803,705.0,738.8900685913662,-33.89006859136623
116808,680.0,702.9607824251691,-22.9607824251691
116826,1120.0,1173.3597548217704,-53.359754821770366
116834,1080.0,980.5811122068885,99.41888779311148
116837,1270.0,1161.39193752656,108.60806247343999
116872,690.0,704.4376706499065,-14.437670649906522
116877,585.0,671.6854016816492,-86.68540168164918
116908,1570.0,1277.552438172727,292.4475618272729
116915,1200.0,1278.2232066664194,-78.2232066664194
116927,1300.0,1101.417405276509,198.58259472349096
116929,1175.0,1197.0513219490738,-22.05132194907378
116936,1220.0,1203.0333691579224,16.96663084207762
116941,896.0,1076.4352034209778,-180.4352034209778
116953,1290.0,1221.1943983228782,68.80560167712179
116954,740.0,761.4833669732825,-21.4833669732825
116975,470.0,740.4085996651332,-270.40859966513324
116981,1350.0,1128.8993709446445,221.1006290553555
117017,1365.0,1111.8073862646588,253.19261373534118
117039,1025.0,1163.0021383309588,-138.00213833095881
117041,545.0,721.8590550244095,-176.85905502440949
117047,1080.0,1032.827255104612,47.17274489538795
117054,1240.0,1180.8888035590853,59.11119644091468
117057,920.0,748.0761415401529,171.9238584598471
117063,845.0,716.0408994839519,128.95910051604812
117067,595.0,607.6771118295441,-12.67711182954406
117074,1170.0,1088.535106002637,81.4648939973631
117088,1000.0,1057.863042356471,-57.86304235647094
117106,1058.0,1072.4122949735452,-14.412294973545158
117122,921.0,734.1875783423307,186.81242165766935
117134,1200.0,1158.823921362016,41.17607863798389
117143,430.0,616.1164989415705,-186.1164989415705
117200,1020.0,1046.827600953162,-26.82760095316189
117208,575.0,660.3556921818443,-85.35569218184435
117212,975.0,1106.0031452503206,-131.00314525032059
117219,867.0,711.9164573948773,155.08354260512272
117230,948.0,1217.4545933094732,-269.45459330947324
117244,1015.0,1072.265406506928,-57.265406506928
117258,800.0,673.1889723838146,126.81102761618536
117270,1180.0,1213.046325441605,-33.04632544160495
117273,1335.0,1216.8105350416483,118.18946495835166
117276,1085.0,1087.8228109837692,-2.822810983769159
117280,670.0,679.5932802738738,-9.593280273873802
117299,1115.0,1144.2966189339897,-29.29661893398975
117306,1120.0,1050.0156929910354,69.9843070089646
117327,1030.0,1193.1020043664055,-163.10200436640548
117351,1380.0,1089.2220071470094,290.77799285299056
117383,1297.0,1032.6498174740595,264.35018252594045
117401,775.0,730.5989176564213,44.40108234357865
117411,790.0,1056.8073218156103,-266.8073218156103
117444,1115.0,1206.7636401667717,-91.76364016677167
117454,895.0,895.7809930330393,-0.7809930330392945
117459,860.0,681.3487968074597,178.65120319254027
117496,686.0,603.0318004047987,82.96819959520133
117511,1270.0,1119.2704117263327,150.72958827366733
117528,690.0,664.5153418442807,25.48465815571933
117570,1120.0,1197.9751535836522,-77.97515358365217
117572,1205.0,1057.2500412488778,147.74995875112222
117588,890.0,937.6969014237654,-47.69690142376544
117598,1320.0,1220.8498357242333,99.15016427576666
117601,782.0,651.4891174626986,130.51088253730143
117604,820.0,682.1426470187901,137.85735298120994
117650,1180.0,1047.1183375054245,132.8816624945755
117652,1051.0,1007.5027805020248,43.49721949797515
117679,775.0,605.724987136653,169.275012863347
117684,583.0,579.9990383200171,3.000961679982879
117690,855.0,710.727921129829,144.27207887017096
117695,950.0,1089.6734018447937,-139.67340184479372
117721,535.0,618.1151380856995,-83.11513808569953
117737,1120.0,966.5245352681645,153.47546473183547
117746,865.0,1020.562120155779,-155.56212015577898
117754,945.0,1274.0372759825634,-329.0372759825634
117763,1390.0,1362.628428456579,27.37157154342094
117774,980.0,1006.8191089646343,-26.819108964634324
117803,1000.0,1189.5961479189607,-189.5961479189607
117806,1370.0,1266.8802262271097,103.11977377289031
117844,870.0,1048.9321274238675,-178.93212742386754
117856,1080.0,940.7643561580956,139.23564384190445
117866,1088.0,992.9690410093905,95.03095899060952
117870,1190.0,1136.6701077377356,53.329892262264366
117871,1050.0,1169.08560386706,-119.08560386705994
117897,772.0,694.0968840438942,77.90311595610581
117900,632.0,562.7647671550366,69.23523284496343
117912,1245.0,1228.2968341292851,16.703165870714884
117917,730.0,762.9475690771638,-32.94756907716385
117933,1230.0,1301.8723529730128,-71.87235297301277
117936,1221.0,1241.0771492811143,-20.077149281114316
117949,925.0,1113.6313477850833,-188.63134778508334
117961,710.0,679.6833031394156,30.316696860584443
117963,945.0,1107.2856481431288,-162.2856481431288
117984,1405.0,1172.0572171402525,232.94278285974747
117990,561.0,660.1422951112942,-99.14229511129417
118009,800.0,731.6316553261846,68.36834467381539
118016,1160.0,1151.0564205366513,8.94357946334867
118033,1036.0,1196.5872066260738,-160.5872066260738
118034,1265.0,1159.120692402629,105.87930759737105
118036,1274.0,1196.7324223270182,77.26757767298182
118066,1380.0,1303.8565393803942,76.14346061960578
118072,591.0,667.4654611231576,-76.46546112315764
118074,1086.0,1258.115941064987,-172.11594106498706
118096,495.0,640.7491441078116,-145.74914410781162
118105,530.0,674.4072153587708,-144.40721535877083
118110,780.0,820.2142303845557,-40.21423038455566
118121,515.0,676.1176274311695,-161.11762743116947
118130,1195.0,1231.220838245148,-36.22083824514789
118136,1115.0,1177.4006451887644,-62.40064518876443
118163,1165.0,1197.0504894644362,-32.05048946443617
118181,745.0,535.9791746031744,209.02082539682556
118188,1169.0,1069.0950766300061,99.90492336999387
118197,930.0,730.229533108812,199.770466891188
118200,1220.0,1171.6349822599925,48.36501774000749
118226,1235.0,1277.1651925733374,-42.165192573337436
118237,827.0,948.3066829082323,-121.30668290823235
118241,640.0,606.447361495999,33.55263850400104
118247,1140.0,1078.2327469908062,61.76725300919384
118278,1205.0,1018.175572452751,186.824427547249
118283,1094.0,1109.9733045162695,-15.973304516269536
118304,598.0,634.9761658959062,-36.976165895906206
118324,970.0,1045.729046113235,-75.72904611323497
118349,1157.0,985.6177910052905,171.38220899470946
118408,784.0,734.3512532760001,49.64874672399992
118429,1135.0,1073.0586384880485,61.94136151195153
118450,1160.0,1264.712413358253,-104.71241335825289
118452,970.0,1212.7182874693715,-242.7182874693715
118483,940.0,1123.7377261875035,-183.73772618750354
118489,1420.0,1287.7629002888352,132.23709971116477
118510,1047.0,1151.676683754083,-104.67668375408289
118521,1551.0,1013.3504543275911,537.6495456724089
118524,680.0,671.4077886165796,8.592211383420363
118526,1422.0,1275.1584064520466,146.84159354795338
118560,1095.0,1140.2002804834717,-45.200280483471715
118566,1010.0,1085.5547679794481,-75.55476797944812
118567,1225.0,1318.3006256447952,-93.30062564479522
118577,735.0,669.8878728200966,65.11212717990338
118622,1160.0,980.2239184066358,179.7760815933642
118642,1225.0,1121.5992714431873,103.40072855681274
118645,545.0,653.252733336881,-108.25273333688096
118659,1175.0,1065.5358029169386,109.46419708306144
118661,473.0,762.4413986458649,-289.44139864586487
118662,750.0,757.6364803969007,-7.636480396900652
118672,705.0,770.9451320173181,-65.94513201731809
118710,670.0,667.5127797915679,2.4872202084320634
118718,1135.0,1133.191434788113,1.8085652118870712
118722,1155.0,1170.0386606693085,-15.038660669308456
118752,692.0,794.673774647923,-102.67377464792298
118773,1120.0,1238.2858203269138,-118.28582032691384
118778,526.0,584.0121247891542,-58.0121247891542
118803,870.0,1005.6708926854491,-135.67089268544908
118817,861.0,1028.4120535852458,-167.41205358524576
118821,1040.0,984.1364462378408,55.8635537621592
118837,915.0,880.2409912527731,34.75900874722686
118842,1095.0,986.4269705948267,108.57302940517332
118845,1095.0,994.1381670629041,100.86183293709587
118852,1230.0,1166.3843700870418,63.615629912958184
118861,1390.0,1225.8403859005732,164.1596140994268
118873,1665.0,1298.9822894932809,366.01771050671914
118877,1245.0,1008.5899556705041,236.41004432949592
118909,545.0,561.2698023761229,-16.269802376122925
118915,585.0,593.8020698346904,-8.802069834690428
118926,1240.0,1239.7248150905039,0.27518490949614716
118939,1075.0,1087.3889340749326,-12.38893407493265
118944,683.0,667.959073507214,15.040926492785957
118946,1257.0,1075.9822297957046,181.0177702042954
118994,695.0,880.6391968086381,-185.63919680863808
119025,480.0,673.2511506395236,-193.25115063952364
119056,963.0,752.1944305719358,210.80556942806425
119062,1305.0,1116.2381232249759,188.76187677502412
119066,1280.0,1251.2752178913986,28.724782108601403
119075,1107.0,1221.204657084837,-114.20465708483698
119079,1323.0,985.4017363408877,337.59826365911226
119094,776.0,666.6878429699302,109.31215703006978
119107,900.0,717.9569407390388,182.04305926096117
119114,920.0,1242.1622997046898,-322.16229970468976
119115,1190.0,1327.5884906792037,-137.5884906792037
119123,895.0,1153.8723102102533,-258.8723102102533
119169,570.0,540.5184769841272,29.481523015872767
119187,595.0,728.864878595728,-133.864878595728
119188,1290.0,1244.7897550265316,45.210244973468434
119202,1620.0,1146.4659919676903,473.53400803230966
119271,1515.0,1280.571804535526,234.4281954644739
119293,1460.0,1229.7373250198098,230.26267498019024
119301,1400.0,1241.54567119263,158.45432880737008
119349,879.0,824.094556758057,54.905443241942976
119352,800.0,1011.1000966758991,-211.10009667589907
119406,818.0,766.591220468704,51.40877953129598
119407,840.0,1018.8098056198255,-178.8098056198255
119451,635.0,696.0455839139619,-61.04558391396188
119462,1235.0,1154.8637748289811,80.13622517101885
119471,970.0,1157.3389432288443,-187.3389432288443
119538,700.0,690.1045691454175,9.895430854582514
119568,819.0,922.974683200656,-103.97468320065605
119573,1255.0,1208.2855930543715,46.714406945628525
119576,575.0,645.5523231744986,-70.55232317449861
119578,1225.0,1281.3770507737177,-56.377050773717656
119603,1125.0,1171.2276955212146,-46.22769552121463
119618,1135.0,1092.9194605632715,42.080539436728486
119633,1205.0,1120.1686478300999,84.83135216990013
119666,577.0,562.2536244636547,14.74637553634534
119702,630.0,650.8942174173185,-20.894217417318487
119704,580.0,592.1949995659905,-12.194999565990543
119717,735.0,678.7616759491036,56.23832405089638
119718,950.0,1080.4160313692826,-130.41603136928256
119725,525.0,661.2556676539851,-136.25566765398514
119750,1525.0,1166.9455300197599,358.0544699802401
119755,1175.0,1205.5395048071607,-30.53950480716071
119762,1266.0,945.0483732653034,320.95162673469656
119768,575.0,750.8743776656348,-175.87437766563482
119861,1295.0,1245.872697548728,49.127302451272044
119869,1170.0,1217.6946551822325,-47.69465518223251
119871,675.0,694.7564439460789,-19.75644394607889
119872,830.0,830.5080792238759,-0.5080792238759386
119888,755.0,1097.43411773538,-342.4341177353799
119893,1145.0,1246.3481066958316,-101.34810669583158
119898,750.0,1011.4019777536093,-261.40197775360934
119901,1215.0,1230.5480395237762,-15.548039523776197
119911,630.0,679.7461545217315,-49.746154521731455
119915,875.0,766.8935174109491,108.10648258905087
119937,1180.0,1127.2669544074254,52.733045592574626
119963,1125.0,1125.2191369028678,-0.21913690286783094
119970,870.0,586.9844565141617,283.0155434858383
119983,1521.0,1358.6590120338376,162.3409879661624
120031,605.0,667.8613410330138,-62.86134103301379
120069,1025.0,745.2297334926103,279.7702665073897
120075,725.0,616.7259189106513,108.27408108934867
120126,926.0,1104.8872563895943,-178.8872563895943
120158,643.0,596.7148815034169,46.285118496583095
120167,1422.0,1288.2255968202153,133.7744031797847
120177,925.0,728.6873757074878,196.31262429251217
120183,1385.0,1110.0857494053867,274.91425059461335
120187,953.0,641.1126257443192,311.8873742556808
120189,1240.0,1305.7013555315416,-65.7013555315416
120217,1367.0,1160.8865873796487,206.11341262035126
120229,432.0,655.6665704891328,-223.66657048913282
120243,661.0,730.7530611799112,-69.75306117991124
120248,1085.0,1242.4037828303888,-157.40378283038876
120267,1047.0,1050.7119130711487,-3.7119130711487287
120269,981.0,1186.140735905732,-205.14073590573207
120273,941.0,1031.0709633855379,-90.07096338553788
120306,1279.0,1190.7248814148309,88.27511858516914
120313,1100.0,1164.1844096984528,-64.18440969845278
120329,903.0,693.0241947169276,209.97580528307242
120331,1240.0,1151.5716284764862,88.42837152351376
120337,918.0,975.7414984359406,-57.74149843594057
120348,575.0,726.1277645461689,-151.12776454616892
120359,1010.0,689.5435864202624,320.4564135797376
120361,1345.0,1061.7190388856025,283.28096111439754
120364,466.0,710.7040462851899,-244.70404628518986
120372,1180.0,1037.8898481735002,142.11015182649976
120419,480.0,653.5942123583759,-173.5942123583759
120438,826.0,1062.7288981208833,-236.7288981208833
120439,1272.0,1050.9640225588485,221.03597744115154
120442,725.0,727.155705824816,-2.155705824815982
120450,1565.0,1093.7820117642832,471.2179882357168
120542,1060.0,959.5674190198004,100.43258098019965
120582,1124.0,976.9744116060594,147.02558839394055
120584,1075.0,1050.5924670127977,24.40753298720233
120607,615.0,588.9817879711101,26.018212028889934
120613,965.0,1100.904290679447,-135.90429067944706
120618,930.0,1183.7756436350523,-253.77564363505235
120622,1135.0,1176.1693682949929,-41.169368294992864
120625,950.0,934.4546156000862,15.545384399913814
120631,450.0,514.5925995873636,-64.59259958736357
120635,1000.0,972.8159193169531,27.184080683046886
120646,1069.0,1055.8518766271945,13.148123372805458
120652,1040.0,1215.975913560506,-175.9759135605059
120662,970.0,1005.4815759916833,-35.48157599168326
120701,1172.0,1180.6723270698026,-8.672327069802577
120725,650.0,715.5889815237942,-65.58898152379425
120753,662.0,841.7546089065255,-179.7546089065255
120780,1124.0,1020.6872834937059,103.31271650629412
120792,700.0,687.9234912934686,12.0765087065314
120795,1040.0,935.1592206569237,104.84077934307629
120826,1180.0,1130.0642416522535,49.935758347746514
120871,1150.0,922.3858281765197,227.61417182348032
120883,785.0,800.5368910105738,-15.536891010573754
120917,965.0,949.8157523172242,15.184247682775776
120949,475.0,682.8394206928367,-207.8394206928367
120964,1344.0,1321.6632081342689,22.33679186573113
120980,1175.0,1037.4480955282986,137.5519044717014
120986,1250.0,1209.5985101285182,40.40148987148177
121005,1412.0,1340.0553549518406,71.94464504815937
121006,1200.0,1054.6533721621117,145.34662783788826
121009,1210.0,1198.627165767443,11.372834232556897
121032,571.0,579.504037967956,-8.504037967956037
121067,1480.0,1298.7423157573517,181.25768424264834
121071,1180.0,1063.4228419512583,116.5771580487417
121088,1680.0,1214.6063075782497,465.3936924217503
121098,955.0,981.5392474308862,-26.539247430886235
121099,606.0,603.6139328220056,2.3860671779943914
121101,885.0,712.0160936449124,172.98390635508758
121105,980.0,881.8632750577079,98.13672494229206
121107,1231.0,1145.2007772230174,85.79922277698256
121119,1175.0,1137.7734972052142,37.2265027947858
121124,1014.0,1073.4264572187585,-59.426457218758515
121147,1270.0,1271.1489424689755,-1.1489424689755197
121170,860.0,1076.4698923161766,-216.46989231617658
121171,727.0,547.734169052445,179.26583094755495
121212,910.0,1117.7103874140548,-207.71038741405482
121279,760.0,944.1887470955622,-184.18874709556223
121290,990.0,1049.569575699719,-59.56957569971905
121336,833.0,693.9363294357751,139.06367056422494
121337,775.0,637.2810419252634,137.71895807473663
121352,849.0,1061.0855411544112,-212.0855411544112
121356,1010.0,1236.1344589725188,-226.13445897251881
121370,849.0,1170.008903163715,-321.0089031637151
121381,790.0,686.6196190724357,103.38038092756426
121391,1069.0,1203.841521658614,-134.84152165861406
121409,840.0,1082.2775789510258,-242.27757895102582
121410,1310.0,1050.2742346184816,259.7257653815184
121411,1415.0,1129.735953001547,285.26404699845307
121417,1220.0,1230.7724715934276,-10.772471593427554
121491,1100.0,1079.3822336245926,20.617766375407427
121500,677.0,557.3492231241715,119.65077687582846
121518,1039.0,1334.051492800736,-295.051492800736
121551,697.0,635.3201237570074,61.67987624299258
121625,716.0,594.557064750747,121.44293524925297
121630,1120.0,1126.4644308300744,-6.464430830074434
121654,825.0,717.0060054123813,107.99399458761866
121656,960.0,1037.5842110826013,-77.58421108260131
121659,570.0,712.6822504052932,-142.6822504052932
121669,960.0,1094.0171312363086,-134.01713123630861
121676,595.0,803.8231697470511,-208.8231697470511
121680,1020.0,750.801793225685,269.19820677431505
121692,550.0,666.6727673984672,-116.67276739846716
121718,632.0,574.9070802609132,57.092919739086824
121720,755.0,719.117099532116,35.88290046788404
121742,960.0,985.1786876420728,-25.17868764207276
121792,782.0,741.2771459416376,40.72285405836237
121828,1218.0,1080.2626025843817,137.73739741561826
121833,550.0,678.898664754946,-128.89866475494603
121834,1265.0,1061.985316961821,203.0146830381791
121848,1505.0,1181.4748896740307,323.5251103259693
121883,503.0,679.3409115052368,-176.34091150523682
121885,1522.0,1309.3140121397073,212.6859878602927
121918,990.0,856.912252358808,133.08774764119198
121978,739.0,702.4949369223372,36.50506307766284
121986,1157.0,1032.4242816214344,124.57571837856563
122019,612.0,694.9726639874765,-82.9726639874765
122061,893.0,917.715308946526,-24.715308946525965
122066,1168.0,1388.3169180367047,-220.3169180367047
122071,449.0,554.9199425034955,-105.91994250349546
122108,1156.0,1214.1589187432533,-58.15891874325325
122117,610.0,707.2210219413374,-97.22102194133743
122136,1091.0,996.9687855398975,94.03121446010255
122168,1010.0,1038.8032397251607,-28.803239725160665
122194,435.0,692.9514060532554,-257.95140605325537
122223,800.0,1016.6908935416001,-216.69089354160008
122262,1003.0,1051.233746056269,-48.233746056268956
122311,725.0,694.7221413445702,30.27785865542978
122326,1370.0,1178.8402478645937,191.15975213540628
122331,850.0,895.2176654571692,-45.21766545716923
122342,1104.0,1074.964154718973,29.035845281026923
122404,1440.0,1234.2063110325391,205.79368896746087
122418,760.0,708.8560997839686,51.1439002160314
122433,1030.0,1138.798147019564,-108.79814701956411
122436,910.0,1092.1019400404978,-182.10194004049777
122438,1105.0,1068.7985617190807,36.20143828091932
122448,1440.0,1150.24159296992,289.75840703008
122456,1389.0,1353.5443671257626,35.45563287423738
122478,1075.0,970.5917764322675,104.40822356773253
122489,940.0,981.2272921010809,-41.227292101080934
122498,1045.0,1085.1696481622776,-40.169648162277554
122536,860.0,632.1870448333013,227.81295516669866
122537,1306.0,1002.5290387381629,303.47096126183715
122546,1040.0,1186.1664382804402,-146.16643828044016
122599,1107.0,1118.5140379309776,-11.514037930977565
122602,1005.0,762.3763061979034,242.62369380209657
122611,730.0,679.8157129809423,50.184287019057706
122625,575.0,526.806191484237,48.19380851576295
122642,1230.0,1258.8123709584727,-28.812370958472684
122643,1250.0,1077.3156776778646,172.68432232213536
122652,1295.0,1314.352970390052,-19.35297039005195
122657,590.0,668.9901338225869,-78.99013382258693
122686,1065.0,1009.8175466535473,55.18245334645269
122695,1171.0,986.4097371889961,184.59026281100387
122702,1205.0,1298.412414837227,-93.41241483722706
122703,1286.0,1037.6164470140861,248.38355298591387
122739,660.0,660.6079054580749,-0.6079054580749244
122751,690.0,657.0206818191023,32.979318180897735
122766,815.0,948.7911603486043,-133.7911603486043
122782,1140.0,1117.797561029248,22.202438970751928
122790,1222.0,1334.677683572062,-112.67768357206205
122812,745.0,752.3091537861781,-7.309153786178058
122816,965.0,702.1672246502504,262.83277534974957
122850,1035.0,1003.438782008332,31.561217991667945
122854,850.0,1041.2173167701865,-191.21731677018647
122868,530.0,508.3514930254933,21.648506974506688
122881,1230.0,1180.5104344540864,49.48956554591359
122921,1280.0,1108.7145101701876,171.28548982981238
122938,585.0,601.9078095427961,-16.907809542796144
122964,1482.0,1253.7177455093606,228.2822544906394
122969,1050.0,935.3797330111444,114.62026698885563
122982,985.0,857.5733073369502,127.42669266304983
122997,749.0,1115.55371792713,-366.55371792713004
123000,1340.0,1042.747868842823,297.252131157177
123011,1455.0,1299.3434290189296,155.65657098107044
123012,861.0,745.2842677229821,115.71573227701788
123028,665.0,577.109928194984,87.89007180501596
123060,920.0,1072.7690628174691,-152.76906281746915
123063,670.0,679.4213854098033,-9.421385409803293
123077,1680.0,1243.953231850294,436.04676814970594
123089,725.0,651.0421894680351,73.95781053196492
123091,1130.0,1220.8912280491636,-90.8912280491636
123106,694.0,653.4022140059511,40.59778599404888
123133,804.0,884.8955407956134,-80.89554079561344
123150,1155.0,1148.2715742278672,6.728425772132823
123172,703.0,728.9020468263725,-25.902046826372498
123173,730.0,1193.7959846402323,-463.7959846402323
123185,1220.0,1047.0346511446323,172.96534885536767
123193,685.0,658.910734212991,26.089265787009026
123205,590.0,596.7862813254163,-6.786281325416326
123217,815.0,724.4400367963951,90.55996320360487
123219,901.0,1015.6421814742987,-114.6421814742987
123222,590.0,627.4102246692217,-37.41022466922175
123261,1020.0,1060.7912514071688,-40.79125140716883
123262,1210.0,1171.6000096292819,38.399990370718115
123276,1290.0,1093.9635393046183,196.03646069538172
123297,1200.0,1245.41633386433,-45.41633386433
123345,785.0,713.9462326940003,71.05376730599971
123365,1212.0,1102.6873462517299,109.31265374827012
123385,1279.0,1078.8116318860161,200.18836811398387
123419,875.0,858.7053438780657,16.29465612193428
123427,1155.0,1108.9498744148304,46.05012558516955
123455,782.0,1240.7593994708989,-458.75939947089887
123477,1230.0,1414.4924020309804,-184.49240203098043
123486,746.0,686.1017092787553,59.898290721244734
123490,781.0,1086.6183472028233,-305.6183472028233
123501,720.0,678.0871371225215,41.91286287747846
123505,645.0,695.6833364759435,-50.68333647594352
123512,825.0,907.5216138880529,-82.52161388805291
123513,1300.0,1280.4485535963368,19.55144640366325
123524,1375.0,1231.1657695224567,143.83423047754331
123532,535.0,678.2953537961956,-143.29535379619563
123541,657.0,632.2032135819029,24.7967864180971
123551,1340.0,1243.933299989526,96.06670001047405
123630,1168.0,970.73849739994,197.26150260006
123706,866.0,1086.7223933977477,-220.72239339774774
123751,1265.0,1169.6620828491864,95.33791715081361
123753,760.0,997.5604541528012,-237.56045415280119
123773,575.0,512.4248830776884,62.57511692231162
123780,1036.0,971.937408992628,64.06259100737202
123805,530.0,741.286048584204,-211.28604858420397
123838,1065.0,1250.9603954392314,-185.96039543923143
123839,615.0,520.7866954978084,94.21330450219159
123861,928.0,585.8220485014306,342.1779514985694
123889,1370.0,1127.5697921135097,242.43020788649028
123891,1110.0,1250.997011363372,-140.99701136337194
123900,1201.0,1061.6121728836738,139.3878271163262
123939,810.0,798.53579339143,11.464206608569953
123968,1160.0,771.7752336013131,388.22476639868694
123979,1390.0,1189.4927522301232,200.5072477698768
124014,1000.0,801.3547692012792,198.64523079872083
124077,1285.0,1270.9224224941538,14.077577505846193
124105,725.0,699.0078852532996,25.992114746700395
124111,755.0,702.2964202543366,52.70357974566343
124137,1205.0,1110.9383830104196,94.06161698958044
124139,775.0,714.8084836481836,60.191516351816404
124168,1200.0,1173.972506562944,26.02749343705591
124187,570.0,782.3296706349203,-212.32967063492026
124203,820.0,735.2679849948483,84.73201500515165
124225,757.0,648.0690707015016,108.93092929849843
124232,1010.0,1037.5200096873814,-27.52000968738139
124262,1440.0,1206.2988781141646,233.7011218858354
124272,1255.0,1217.4218286978735,37.57817130212652
124348,1200.0,1289.280195330489,-89.28019533048905
124352,530.0,737.815142195196,-207.81514219519602
124353,996.0,967.8914847698599,28.108515230140142
124360,1136.0,896.7476387914335,239.25236120856653
124369,705.0,675.3758456139436,29.624154386056375
124374,489.0,582.2532586981948,-93.25325869819483
124392,1220.0,1280.614544724979,-60.61454472497894
124395,808.0,705.2533938568338,102.74660614316622
124401,1105.0,971.1286483124762,133.87135168752377
124406,1260.0,1177.7811388434004,82.21886115659959
124413,860.0,673.6314294139944,186.3685705860056
124445,1310.0,1367.3201132563981,-57.320113256398145
124478,785.0,609.444408693328,175.555591306672
124550,1091.0,1077.5437726847072,13.456227315292836
124578,1190.0,1252.6861186852652,-62.68611868526523
124579,550.0,709.2772191642839,-159.2772191642839
124622,1250.0,1146.0834686099597,103.91653139004029
124651,1080.0,1226.950776953293,-146.95077695329292
124671,756.0,741.8674309465459,14.132569053454063
124678,1010.0,1169.6616282511247,-159.66162825112474
124692,1410.0,1235.4495282462244,174.55047175377558
124711,1355.0,1078.709922792855,276.29007720714503
124734,1252.0,1094.3970660815694,157.6029339184306
124756,1187.0,1070.7635213531184,116.23647864688155
124776,975.0,867.956021346547,107.043978653453
124784,1522.0,1172.8726422541654,349.1273577458346
124841,634.0,665.6049687051112,-31.60496870511122
124874,926.0,742.3825915933767,183.61740840662333
124887,1246.0,1123.3823736526329,122.61762634736715
124892,1284.0,1154.732187883965,129.26781211603497
124931,616.0,931.8034595294627,-315.80345952946266
124932,1170.0,1150.9057833392576,19.094216660742404
124936,680.0,709.5660281148039,-29.566028114803885
125002,970.0,1019.5905109761592,-49.59051097615918
125019,1230.0,1124.4446563326983,105.55534366730171
125041,1390.0,1237.6538627276623,152.34613727233773
125056,760.0,705.361180916692,54.63881908330802
125066,655.0,746.0889262216267,-91.0889262216267
125069,1220.0,1031.4836593565606,188.51634064343943
125085,1155.0,1226.9144833027287,-71.91448330272874
125102,1330.0,1186.3236018730768,143.67639812692323
125138,1289.0,1237.9849583939529,51.015041606047134
125164,510.0,666.4134703775234,-156.41347037752337
125181,1000.0,1271.0299261407042,-271.0299261407042
125191,1260.0,1204.3707903753445,55.62920962465546
125192,1150.0,716.7730004748956,433.22699952510436
125201,1105.0,1207.2901173743087,-102.29011737430869
125216,1260.0,1082.4515012271388,177.5484987728612
125232,1470.0,1353.7095714659563,116.29042853404371
125234,1205.0,1225.3488759678949,-20.348875967894855
125261,970.0,720.8497548691106,249.1502451308894
125263,965.0,1072.9150758223393,-107.9150758223393
125268,720.0,718.6690012305992,1.3309987694008214
125272,1230.0,1115.12488299409,114.87511700590994
125278,835.0,805.8806499280489,29.11935007195109
125283,1080.0,1290.1788437652742,-210.17884376527422
125293,992.0,1167.9608418015614,-175.9608418015614
125324,705.0,699.549376022126,5.450623977873988
125365,964.0,1134.148691045909,-170.1486910459089
125370,1185.0,1189.7129020916686,-4.712902091668639
125374,721.0,662.3158591168052,58.6841408831948
125380,1415.0,1283.6106752226353,131.38932477736466
125384,1194.0,1222.5475331916712,-28.547533191671164
125393,635.0,646.8775522970377,-11.87755229703771
125394,1140.0,1106.28749677175,33.71250322824994
125423,940.0,1085.9793252941547,-145.9793252941547
125447,1530.0,1150.6419557507595,379.3580442492405
125458,860.0,1018.210485140483,-158.210485140483
125461,760.0,602.1315325409764,157.86846745902358
125527,1055.0,1153.3594845062942,-98.35948450629417
125528,1310.0,1190.1044259272749,119.89557407272514
125543,970.0,1142.8209990379992,-172.82099903799917
125554,1150.0,1192.9664742462012,-42.96647424620119
125561,1380.0,1341.2925827311908,38.707417268809195
125595,425.0,588.1410122740972,-163.1410122740972
125602,580.0,662.421980217989,-82.42198021798902
125626,1630.0,1196.5381435580275,433.4618564419725
125638,860.0,738.6151129249071,121.38488707509293
125645,840.0,678.5510165353345,161.4489834646655
125651,738.0,1063.9034491662017,-325.90344916620165
125668,1285.0,1114.0210776533554,170.9789223466446
125676,1169.0,926.8132380952378,242.1867619047622
125724,1120.0,978.186377136997,141.81362286300305
125741,1230.0,1292.5802922548073,-62.58029225480732
125749,595.0,614.6033947018071,-19.603394701807133
125772,1015.0,1053.4465032106243,-38.446503210624314
125778,560.0,677.5209273756609,-117.5209273756609
125779,566.0,794.5855400895402,-228.58554008954025
125804,1260.0,1131.4192724605819,128.58072753941815
125869,1167.0,1133.8755192027259,33.124480797274146
125873,940.0,878.8248382751873,61.17516172481271
125904,1080.0,1225.2166831663499,-145.21668316634987
125936,1350.0,1066.5206437490608,283.4793562509392
125943,846.0,672.551256941835,173.44874305816495
125966,940.0,1086.8053958195421,-146.80539581954213
125981,595.0,684.280182795005,-89.28018279500498
125988,549.0,627.9725922249055,-78.9725922249055
126020,685.0,605.3300427970923,79.66995720290765
126065,554.0,717.1937515634737,-163.1937515634737
126074,1085.0,956.6302519562522,128.3697480437478
126081,1312.0,1148.7857308188838,163.21426918111615
126097,994.0,996.6824534649838,-2.682453464983837
126142,500.0,713.8362939470694,-213.8362939470694
126153,1540.0,1211.3447034372662,328.65529656273384
126175,1232.0,1078.911511519664,153.08848848033608
126179,950.0,1196.4843494310473,-246.48434943104735
126183,1090.0,1060.337923708129,29.662076291871017
126194,1075.0,1128.5875305141597,-53.58753051415965
126205,899.0,1121.8029569215928,-222.8029569215928
126244,1031.0,1075.0031187052516,-44.00311870525161
126245,1135.0,1156.4130993349654,-21.41309933496541
126270,1102.0,1303.3036158661682,-201.30361586616823
126272,664.0,686.4054731207616,-22.4054731207616
126291,870.0,741.3671944444446,128.63280555555536
126312,1075.0,1137.7891772106382,-62.78917721063817
126321,1115.0,1000.2959939737984,114.70400602620157
126326,1060.0,1043.9593873626375,16.04061263736253
126334,1170.0,1322.6753894256035,-152.6753894256035
126339,825.0,749.9297993651508,75.07020063484924
126393,920.0,1125.9998767192164,-205.99987671921645
126407,810.0,515.9867652480981,294.0132347519019
126411,1165.0,1033.3305636501607,131.66943634983932
126419,1325.0,1102.4165216227689,222.58347837723113
126468,630.0,656.1565976479721,-26.15659764797215
126495,785.0,731.9690923788368,53.03090762116324
126497,680.0,1212.5786934312841,-532.5786934312841
126524,1260.0,1169.1071299958285,90.89287000417153
126530,1300.0,1120.4551313502604,179.54486864973956
126561,964.0,697.0380015379093,266.9619984620907
126575,492.0,713.1183033364547,-221.1183033364547
126585,380.0,637.7101880467991,-257.7101880467991
126605,690.0,996.2433095707139,-306.2433095707139
126620,785.0,721.7486738917102,63.251326108289845
126621,970.0,1042.177018083803,-72.17701808380298
126637,490.0,561.8620175206833,-71.86201752068325
126666,1085.0,1179.8218475848555,-94.8218475848555
126689,675.0,729.3628338200947,-54.36283382009469
126714,1022.0,1093.224669053194,-71.22466905319402
126722,1169.0,1078.3446438272608,90.65535617273918
126771,670.0,675.749531275674,-5.74953127567403
126809,1545.0,972.801747197618,572.198252802382
126831,1170.0,1280.7877535559182,-110.78775355591824
126841,1105.0,1092.0148417703667,12.98515822963327
126887,1065.0,1231.8252431719843,-166.8252431719843
126892,1100.0,1168.5959204205064,-68.59592042050645
126914,790.0,625.1122068507543,164.88779314924568
126915,730.0,668.639418141759,61.36058185824095
126925,865.0,758.4407369843885,106.55926301561146
126931,855.0,1153.3045004539024,-298.3045004539024
126996,665.0,680.5159484763989,-15.515948476398876
127009,1265.0,1120.9966398939687,144.00336010603132
127028,1055.0,1090.1251366792364,-35.12513667923645
127042,1143.0,1234.31315114755,-91.31315114754989
127052,1240.0,1146.8384000812569,93.16159991874315
127053,904.0,1132.3380667947367,-228.33806679473673
127070,1005.0,1090.7869969625576,-85.78699696255762
127087,1115.0,1073.8082992602742,41.191700739725775
127111,1280.0,1166.5116633251184,113.48833667488157
127157,668.0,698.825165776569,-30.82516577656895
127192,1150.0,986.4161626218183,163.58383737818167
127219,672.0,748.7783029788957,-76.77830297889568
127318,1225.0,1264.9182567006135,-39.91825670061348
127360,780.0,717.4691256862541,62.530874313745926
127371,665.0,680.8866859326564,-15.886685932656405
127373,893.0,994.6608595402494,-101.66085954024936
127393,1110.0,1298.7991730939518,-188.79917309395182
127402,1047.0,1078.3446438272608,-31.344643827260825
127421,1169.0,949.3025186050836,219.6974813949164
127434,675.0,726.5100914304501,-51.510091430450075
127479,984.0,1089.1100836316305,-105.11008363163046
127522,985.0,1221.5147313667921,-236.51473136679215
127529,985.0,994.6608595402494,-9.660859540249362
127557,1205.0,1085.300036835793,119.69996316420702
127565,1025.0,1042.5123337965954,-17.512333796595385
127570,1055.0,962.8687897673232,92.13121023267684
127576,1410.0,1208.4114631609389,201.58853683906113
127578,1400.0,1358.738596259763,41.26140374023703
127598,1610.0,1372.2131483654216,237.7868516345784
127601,645.0,561.9046980893688,83.09530191063118
127627,1395.0,1374.9115785375031,20.088421462496854
127628,1535.0,1317.5592227398772,217.4407772601228
127632,1135.0,1150.3686061745711,-15.368606174571141
127668,837.0,749.5014600615267,87.4985399384733
127680,1317.0,1123.7396850241246,193.26031497587542
127701,1235.0,1141.7193494232954,93.2806505767046
127751,560.0,772.3196907151982,-212.31969071519825
127752,565.0,577.0680457635644,-12.068045763564442
127768,1385.0,1189.2940622756942,195.70593772430584
127769,1105.0,1066.6081370888141,38.391862911185854
127825,805.0,661.3288108863294,143.6711891136706
127832,875.0,1100.296244356207,-225.2962443562069
127838,1000.0,959.6407992839404,40.359200716059604
127850,905.0,1149.279587099725,-244.27958709972495
127855,1205.0,890.4172998885892,314.58270011141076
127875,640.0,705.0706454641771,-65.07064546417712
127880,602.0,696.0144722222219,-94.01447222222191
127882,1105.0,1202.6197179812168,-97.61971798121681
127910,1060.0,1116.1425232393708,-56.1425232393708
127922,1465.0,1349.0793193702448,115.92068062975522
127945,675.0,669.1825975925478,5.817402407452164
127963,1050.0,1150.6349284987486,-100.63492849874865
127984,1135.0,1177.9157190938895,-42.91571909388949
127996,1045.0,1185.7881154356523,-140.78811543565234
128000,455.0,571.7426998283416,-116.74269982834164
128006,830.0,719.6795494020164,110.32045059798361
128023,1035.0,1141.608051920419,-106.60805192041903
128024,1070.0,1112.4338973052058,-42.433897305205846
128051,1510.0,1188.7786334048558,321.2213665951442
128066,700.0,705.355960026516,-5.355960026515959
128097,950.0,1073.269816027517,-123.26981602751698
128135,925.0,637.7673039169872,287.2326960830128
128157,1030.0,1250.2923221265105,-220.2923221265105
128178,1180.0,1275.869233190042,-95.869233190042
128208,885.0,716.6113162194379,168.38868378056213
128222,1213.0,1095.6894430763584,117.31055692364157
128234,765.0,659.1109388626035,105.88906113739654
128235,630.0,668.9964565064494,-38.99645650644936
128270,1000.0,1137.8388580415474,-137.83885804154738
128282,1330.0,1223.1595690817996,106.84043091820035
128284,555.0,694.8098668454251,-139.80986684542506
128288,826.0,1131.157300429082,-305.15730042908194
128302,755.0,888.7544539129622,-133.75445391296216
128303,1485.0,1217.1302915907584,267.86970840924164
128317,606.0,710.3249322227642,-104.32493222276423
128319,1020.0,1064.1357031814623,-44.135703181462304
128339,1040.0,1000.5127721012793,39.487227898720676
128379,800.0,1149.5061597834829,-349.5061597834829
128381,770.0,657.809381141872,112.190618858128
128386,955.0,1106.4094490973096,-151.40944909730956
128392,802.0,686.4046211643225,115.59537883567748
128398,630.0,524.5827025112168,105.41729748878322
128434,782.0,1160.782378910077,-378.7823789100769
128482,1320.0,1215.5649830205914,104.4350169794086
128484,630.0,613.6678790601611,16.332120939838887
128491,574.0,640.39149023622,-66.39149023621997
128498,1105.0,1144.5126746151886,-39.512674615188644
128526,713.0,617.5971353908598,95.40286460914024
128555,790.0,780.8035263735587,9.196473626441275
128588,560.0,586.4559359058495,-26.455935905849515
128627,1375.0,1197.9622168368346,177.0377831631654
128634,1755.0,1263.5932559006283,491.40674409937174
128641,1380.0,1270.8867257233703,109.11327427662968
128660,835.0,708.2001577028306,126.79984229716945
128668,442.0,657.112375121781,-215.11237512178104
128677,1270.0,1195.8149467750627,74.18505322493729
128698,665.0,842.1981049808606,-177.19810498086065
128708,930.0,1107.8225981471014,-177.82259814710142
128711,1255.0,1081.5425610674724,173.45743893252757
128723,1209.0,962.3409271820431,246.65907281795694
128728,1135.0,1217.4218286978735,-82.42182869787348
128733,1128.0,1137.3227738593234,-9.322773859323433
128764,870.0,1029.6085763000674,-159.6085763000674
128774,705.0,668.2754820693158,36.724517930684215
128779,920.0,750.697960386554,169.30203961344603
128781,815.0,938.872733673862,-123.87273367386194
128782,1137.0,1210.5424343993832,-73.54243439938318
128856,1205.0,1183.3834892510897,21.616510748910287
128867,1510.0,1317.210505835889,192.78949416411092
128899,1085.0,1048.9321274238675,36.06787257613246
128906,1010.0,1382.3737724683606,-372.3737724683606
128916,670.0,716.5911785488815,-46.591178548881544
128917,771.0,668.9193833456692,102.08061665433081
128924,699.0,1112.5067018633763,-413.5067018633763
128937,1211.0,881.8307145291877,329.16928547081227
128938,960.0,1129.459831647147,-169.45983164714698
128970,890.0,1007.7629953527229,-117.7629953527229
129008,1030.0,1019.3463707582661,10.653629241733938
129022,1020.0,1292.5996334965937,-272.5996334965937
129029,735.0,684.7173494183467,50.28265058165334
129068,1010.0,1059.5367322701243,-49.536732270124276
129072,705.0,720.5635726226845,-15.563572622684546
129111,1341.0,1183.4670505785398,157.53294942146022
129116,1120.0,1051.9691926971943,68.03080730280567
129139,825.0,665.5911326028073,159.4088673971927
129140,490.0,573.39803654609,-83.39803654609
129143,1382.0,1176.9579808321305,205.0420191678695
129173,1120.0,1239.6413068318288,-119.64130683182884
129181,590.0,640.5002583023769,-50.50025830237689
129187,1080.0,1080.5843355378267,-0.5843355378267461
129247,1332.0,1178.2805432143866,153.71945678561337
129251,1073.0,1063.8196455026462,9.180354497353846
129267,660.0,606.6873711941554,53.31262880584461
129320,897.0,924.2101337703401,-27.21013377034012
129375,628.0,673.9345473927668,-45.93454739276683
129382,775.0,1043.7580718079353,-268.75807180793527
129386,1275.0,1229.769117641663,45.23088235833711
129388,831.0,953.2514118312986,-122.25141183129858
129434,893.0,1105.1089605889072,-212.10896058890717
129453,689.0,759.0202080817891,-70.02020808178906
129487,1005.0,1142.3480650433412,-137.3480650433412
129512,690.0,649.5927380653,40.407261934700045
129522,715.0,680.3847459855249,34.61525401447511
129543,1440.0,1223.6494673015345,216.35053269846549
129547,748.0,805.7631140349015,-57.76311403490149
129555,490.0,602.3418421313096,-112.34184213130959
129559,1169.0,1061.2596770522441,107.74032294775589
129590,459.0,1091.1859301271784,-632.1859301271784
129604,650.0,670.9634548022117,-20.963454802211686
129636,1405.0,1215.4720121417724,189.52798785822756
129645,780.0,620.9603705960883,159.0396294039117
129660,704.0,697.5569692389489,6.443030761051091
129679,910.0,1033.0007267603883,-123.00072676038826
129733,900.0,1137.445670690062,-237.4456706900619
129735,755.0,674.0175498045394,80.98245019546061
129749,1257.0,1166.596739782658,90.403260217342
129766,663.0,595.0744420192416,67.92555798075841
129778,1345.0,1309.057115801514,35.9428841984859
129813,1113.0,995.6952958675352,117.30470413246485
129854,1060.0,768.0157595305067,291.98424046949333
129871,1070.0,910.9920866123889,159.0079133876111
129877,680.0,722.4363288838938,-42.43632888389379
129884,1100.0,1143.3017673411155,-43.301767341115465
129895,980.0,1001.1138369195272,-21.113836919527216
129905,492.0,566.2820471708583,-74.28204717085828
129916,727.0,695.6181103065567,31.381889693443327
129922,655.0,572.9197975040004,82.08020249599963
129932,950.0,1225.0057135836032,-275.0057135836032
129958,640.0,693.6482627048399,-53.64826270483991
129967,833.0,789.5797821407504,43.42021785924965
129994,995.0,975.4083362015717,19.59166379842827
130001,1010.0,1102.5880892820933,-92.58808928209328
130002,721.0,706.3050474984725,14.694952501527496
130015,750.0,795.5133872639178,-45.51338726391782
130064,1070.0,1065.80862783842,4.19137216157992
130080,1125.0,1000.0634908440794,124.93650915592059
130089,1390.0,1278.8273833654678,111.17261663453223
130104,1220.0,1192.1274988063108,27.87250119368923
130138,1170.0,1229.005100378021,-59.0051003780211
130147,675.0,674.2427947132448,0.757205286755152
130148,1495.0,1070.042699542849,424.95730045715095
130151,816.0,746.3773003076753,69.62269969232466
130169,641.0,525.0030208224908,115.99697917750916
130172,957.0,1045.3031667296816,-88.3031667296816
130187,420.0,518.9239312169315,-98.92393121693146
130226,855.0,982.0817753602229,-127.08177536022288
130277,837.0,926.8132380952378,-89.8132380952378
130298,1269.0,1109.9065612704007,159.09343872959926
130333,1150.0,926.5435163327403,223.4564836672597
130341,880.0,647.9092375898066,232.0907624101934
130347,1433.0,1089.675167343226,343.3248326567741
130367,1030.0,1105.1310168520274,-75.13101685202741
130385,930.0,1110.7457830570952,-180.7457830570952
130386,925.0,962.2966466007739,-37.2966466007739
130398,550.0,530.837755291005,19.16224470899499
130403,719.0,649.2409309917931,69.7590690082069
130456,895.0,1205.4665536341558,-310.46655363415584
130457,772.0,729.356692334221,42.64330766577905
130482,725.0,708.1232653614867,16.876734638513312
130517,950.0,964.9293786014704,-14.929378601470376
130520,885.0,746.864870208865,138.135129791135
130580,760.0,573.7987339353632,186.2012660646368
130640,1040.0,1249.3570110792755,-209.35701107927548
130646,1130.0,1158.9677534385905,-28.967753438590535
130648,1079.0,1098.5913382978595,-19.591338297859465
130674,900.0,1004.969517125831,-104.96951712583098
130682,1040.0,907.01077047791,132.98922952209
130736,995.0,921.1954499574498,73.8045500425502
130740,550.0,547.2687320617176,2.7312679382823717
130744,1210.0,1216.8062795149317,-6.806279514931703
130749,440.0,644.323688754193,-204.32368875419297
130763,659.0,611.9027923523937,47.0972076476063
130777,980.0,1011.9156251293876,-31.91562512938765
130801,720.0,625.612461468596,94.38753853140395
130803,1310.0,1275.2718361070306,34.728163892969405
130841,1165.0,1046.063215717571,118.93678428242902
130876,830.0,723.046245159067,106.95375484093302
130911,1035.0,1210.4227719270452,-175.42277192704523
130932,1150.0,1179.2673992109333,-29.267399210933263
130935,1210.0,1167.524926400788,42.47507359921201
130947,1065.0,1327.5942116096028,-262.5942116096028
130957,1320.0,1251.4598452132843,68.54015478671568
130984,1525.0,1393.3941044754615,131.60589552453848
131045,460.0,594.6151829607317,-134.61518296073166
131057,1112.0,1127.7623010911175,-15.762301091117479
131063,1155.0,1142.2767088744592,12.723291125540754
131068,1320.0,1277.1843567665987,42.81564323340126
131110,1060.0,1067.9608610796568,-7.960861079656752
131130,670.0,630.5932503251446,39.406749674855405
131156,1130.0,1095.7962788279335,34.20372117206648
131164,885.0,790.6053741286114,94.3946258713886
131169,1499.0,1103.7058648216507,395.2941351783493
131197,815.0,976.1879009566377,-161.1879009566377
131214,620.0,606.889577775555,13.11042222444496
131222,1020.0,1055.4663109515643,-35.46631095156431
131237,1070.0,1224.6814192400211,-154.6814192400211
131266,661.0,686.6812403400543,-25.681240340054273
131396,1290.0,1194.6554912401716,95.34450875982839
131419,728.0,674.2997656556247,53.7002343443753
131423,1058.0,977.9446541773049,80.05534582269513
131433,1415.0,1257.937684261923,157.0623157380769
131438,1530.0,1318.3482613087608,211.6517386912392
131491,1255.0,1396.4494382358025,-141.44943823580252
131530,1003.0,955.6527971536138,47.34720284638615
131535,1080.0,1115.8753472896701,-35.87534728967012
131538,1000.0,1091.8861047184223,-91.8861047184223
131547,930.0,1332.1649066609477,-402.16490666094774
131557,440.0,432.7140903129576,7.28590968704242
131583,1120.0,1079.8561494460955,40.143850553904485
131585,1136.0,1276.0233947429542,-140.02339474295422
131629,1040.0,1173.9701861851988,-133.97018618519883
131645,740.0,578.6387679894178,161.36123201058217
131647,909.0,1161.0241234635787,-252.0241234635787
131657,605.0,729.1216156007533,-124.12161560075333
131658,815.0,1062.2613586521036,-247.26135865210358
131713,471.0,516.0012009920877,-45.00120099208766
131741,1010.0,1091.9996369554076,-81.9996369554076
131776,780.0,767.9108919422947,12.089108057705289
131786,1090.0,1138.3630851552791,-48.36308515527912
131791,550.0,710.9221846416299,-160.92218464162988
131806,595.0,586.4504163490737,8.549583650926252
131810,565.0,724.5227311036422,-159.52273110364217
131811,730.0,737.2698518784273,-7.269851878427289
131844,1260.0,1118.232595981917,141.76740401808297
131845,1560.0,1335.3039288378143,224.69607116218572
131856,1110.0,1195.6019472669961,-85.60194726699615
131877,905.0,1016.2696223465448,-111.26962234654479
131881,1450.0,1085.7532717763388,364.2467282236612
131884,560.0,712.2394898248047,-152.23948982480465
131905,700.0,722.3734410574552,-22.37344105745524
131915,640.0,615.1760083343255,24.823991665674498
131928,1226.0,1293.084075731647,-67.08407573164709
131942,845.0,686.0338614921675,158.9661385078325
131947,725.0,719.1789928188767,5.821007181123264
131958,1065.0,1167.9608418015614,-102.9608418015614
131995,1147.0,1150.0631891058185,-3.0631891058185374
132026,624.0,792.6427314872788,-168.64273148727875
132049,720.0,657.3416428331997,62.65835716680033
132051,810.0,969.8953119358855,-159.8953119358855
132069,850.0,985.4463292300816,-135.44632923008157
132072,575.0,564.4837182539682,10.516281746031837
132084,700.0,626.6626875973825,73.3373124026175
132087,1295.0,1179.4496490223237,115.55035097767632
132092,565.0,990.9449904223155,-425.9449904223155
132097,990.0,808.8066263129363,181.19337368706374
132101,1275.0,1297.9222055222667,-22.922205522266722
132102,1163.0,1224.6993275132336,-61.699327513233584
132144,960.0,1079.8889454400394,-119.88894544003938
132155,712.0,1163.948265054711,-451.9482650547111
132170,962.0,1036.0721903103265,-74.0721903103265
132172,788.0,685.5557681508874,102.44423184911261
132184,1425.0,1230.2988430565606,194.7011569434394
132197,1385.0,1170.2296980079127,214.7703019920873
132207,1345.0,1253.6773040391593,91.32269596084075
132211,1130.0,1140.820963260576,-10.820963260576036
132212,1050.0,1005.2499593842128,44.75004061578716
132213,933.0,1104.1220869913254,-171.12208699132543
132240,1315.0,1213.1684393868813,101.83156061311865
132288,1215.0,1081.1411997505988,133.85880024940116
132382,1055.0,1086.141062883904,-31.141062883903942
132398,945.0,980.674580374974,-35.67458037497397
132408,550.0,644.159484360886,-94.15948436088604
132532,895.0,741.1371096695534,153.8628903304466
132560,1295.0,1187.5459315346484,107.45406846535161
132592,790.0,969.1580532022506,-179.15805320225058
132612,1445.0,1166.9472667083044,278.05273329169563
132615,1510.0,1141.8792537607671,368.12074623923286
132623,775.0,754.3361310295488,20.663868970451176
132639,665.0,889.3872084656081,-224.38720846560807
132676,745.0,714.7186084379869,30.28139156201314
132683,1205.0,1277.8095339948225,-72.80953399482246
132728,1050.0,1146.4105165611536,-96.4105165611536
132729,865.0,754.9205241666498,110.07947583335022
132767,1039.0,937.6981775922445,101.30182240775548
132782,1281.0,1303.633826473368,-22.63382647336789
132830,1620.0,1111.6547778972235,508.34522210277646
132922,1015.0,1104.2741630517603,-89.2741630517603
132924,990.0,1304.2607680638741,-314.26076806387414
132970,816.0,1088.5352842952739,-272.53528429527387
132987,1475.0,1217.6447624631594,257.3552375368406
133007,800.0,674.7782612943757,125.22173870562426
133017,605.0,576.7030252796663,28.29697472033365
133021,1000.0,1202.631962095695,-202.63196209569492
133028,1140.0,1118.8176604669734,21.182339533026607
133035,1100.0,1173.2976132639253,-73.29761326392531
133046,655.0,659.993261351142,-4.993261351141996
133047,580.0,615.6543470781006,-35.65434707810061
133066,1080.0,1119.6591483529437,-39.6591483529437
133070,1175.0,1032.5635939484887,142.4364060515113
133094,1095.0,1170.2296980079127,-75.2296980079127
133107,1145.0,1061.732450012819,83.26754998718093
133115,640.0,736.5068657753691,-96.50686577536908
133146,660.0,646.7358558756931,13.264144124306881
133151,1300.0,1207.966545025899,92.033454974101
133164,1345.0,1043.1515793929277,301.8484206070723
133181,875.0,1193.0736811278853,-318.07368112788527
133182,465.0,667.4654611231576,-202.46546112315764
133211,990.0,1031.972896346729,-41.97289634672893
133224,930.0,932.6019015552449,-2.601901555244922
133238,750.0,779.5781153104225,-29.578115310422504
133259,755.0,691.4383028054613,63.56169719453874
133269,895.0,808.6192085911975,86.38079140880245
133274,1280.0,1049.7866839950832,230.2133160049168
133313,740.0,713.7613032990977,26.238696700902324
133332,1010.0,938.3222539749646,71.67774602503539
133397,1095.0,963.2421430190581,131.75785698094194
133411,635.0,686.1985879317924,-51.19858793179242
133416,778.0,756.5240500503972,21.47594994960275
133422,754.0,703.1126515678452,50.887348432154795
133426,945.0,1001.1138369195272,-56.113836919527216
133434,990.0,1281.4447154226357,-291.4447154226357
133436,1025.0,1089.1703907069668,-64.17039070696683
133448,890.0,779.8853239909708,110.11467600902915
133463,1345.0,1242.8711493163091,102.12885068369087
133465,1049.0,1105.7655393203572,-56.76553932035722
133466,1130.0,1195.1974178912437,-65.19741789124373
133496,990.0,745.1453494182423,244.8546505817577
133513,1155.0,1243.428288774265,-88.42828877426496
133547,995.0,1114.7246734053158,-119.7246734053158
133560,529.0,661.09731593756,-132.09731593755998
133569,440.0,687.0805301953337,-247.08053019533372
133576,1055.0,1274.6190010685473,-219.61900106854728
133599,595.0,631.415187577385,-36.41518757738504
133604,982.0,1267.8953335365686,-285.8953335365686
133611,1540.0,1200.3238215230158,339.6761784769842
133622,670.0,667.7141132767274,2.285886723272597
133639,1275.0,989.552645031399,285.44735496860096
133642,1045.0,1071.5210353825328,-26.521035382532773
133643,1180.0,1124.2690914527282,55.73090854727184
133671,895.0,617.2718453901864,277.7281546098136
133686,798.0,1046.696998318571,-248.6969983185711
133709,1010.0,1035.452377254159,-25.452377254159046
133714,705.0,719.7281333787604,-14.72813337876039
133719,1260.0,1093.9635393046183,166.03646069538172
133735,1390.0,1287.4912239123373,102.50877608766268
133765,1192.0,1238.1110385637855,-46.11103856378554
133769,513.0,693.6740872062502,-180.6740872062502
133842,1373.0,1131.725667983493,241.27433201650706
133875,760.0,649.7529367313238,110.24706326867624
133906,1140.0,1083.8916516655327,56.10834833446734
133941,1135.0,1192.3397539396947,-57.339753939694674
133953,1025.0,1327.9525028059006,-302.9525028059006
133961,1445.0,980.1976678519637,464.80233214803627
134053,1058.0,1068.0458502499653,-10.04585024996527
134067,1295.0,1238.8762349929152,56.123765007084785
134076,1050.0,756.5657812899968,293.43421871000317
134082,740.0,1010.5158321005528,-270.51583210055276
134118,1059.0,1116.3188883264163,-57.3188883264163
134124,1103.0,1165.6265607424277,-62.62656074242773
134143,520.0,618.8269122100313,-98.82691221003131
134148,1245.0,1238.3481828699842,6.651817130015843
134188,875.0,1019.71903089146,-144.71903089145997
134197,840.0,718.0967029935356,121.90329700646441
134203,1030.0,1103.4188794980632,-73.41887949806323
134221,950.0,929.6347425518758,20.365257448124225
134227,1090.0,1144.7423914767937,-54.74239147679373
134231,760.0,713.4080632221987,46.591936777801266
134258,1355.0,1315.5537093498453,39.44629065015465
134275,1080.0,1192.4715024414124,-112.47150244141244
134297,515.0,617.4211604370662,-102.42116043706619
134304,910.0,758.545433896925,151.45456610307497
134308,1040.0,1235.2629409217438,-195.26294092174385
134312,660.0,609.3618883889727,50.638111611027284
134316,1253.0,1182.969732397292,70.03026760270791
134318,615.0,724.7777520481319,-109.7777520481319
134363,1325.0,1151.3798683641135,173.62013163588654
134410,980.0,1168.8082245770956,-188.80822457709564
134444,1014.0,1103.0578570930631,-89.05785709306315
134462,1157.0,918.8796543720308,238.1203456279692
134473,1405.0,644.9162239216487,760.0837760783513
134477,745.0,792.1612679259875,-47.161267925987545
134478,1065.0,1202.8486094037194,-137.84860940371937
134496,560.0,667.959073507214,-107.95907350721404
134512,1296.0,1216.284529999488,79.71547000051191
134547,690.0,601.2657294318054,88.73427056819457
134557,827.0,975.2480926572632,-148.24809265726321
134605,830.0,955.6580706305583,-125.65807063055831
134606,1235.0,1233.783711572967,1.2162884270330778
134622,1065.0,1062.7871574141884,2.212842585811586
134656,613.0,657.3769966476,-44.37699664759998
134676,805.0,796.1342435956378,8.865756404362173
134685,1160.0,1140.9955888807845,19.004411119215547
134703,692.0,658.6982407038087,33.301759296191335
134713,795.0,718.0483366714806,76.95166332851943
134721,975.0,1008.5655116713422,-33.565511671342165
134723,1175.0,1056.835218511188,118.16478148881197
134746,990.0,1091.4602179650394,-101.46021796503942
134750,767.0,665.6524816450689,101.34751835493114
134766,1275.0,1213.736894801898,61.26310519810204
134799,1190.0,1230.9910971282359,-40.99109712823588
134806,870.0,899.6188434566918,-29.61884345669182
134813,674.0,623.9364249604502,50.063575039549846
134817,796.0,679.2405387386136,116.75946126138638
134823,1125.0,1305.19092300263,-180.19092300262992
134829,449.0,592.8938114472969,-143.8938114472969
134839,940.0,755.1456340020396,184.85436599796037
134863,1035.0,898.6317149405529,136.3682850594471
134871,1215.0,1157.2663196417143,57.73368035828571
134891,1200.0,980.2694877285411,219.7305122714589
134911,1423.0,1239.5047049915136,183.49529500848644
134933,445.0,601.2684153227935,-156.26841532279354
134963,843.0,701.9245288123941,141.0754711876059
134987,1100.0,1078.1600947611228,21.839905238877236
135007,860.0,931.9887292100117,-71.98872921001168
135011,873.0,749.0725726120188,123.9274273879812
135033,1000.0,1073.9492961184935,-73.94929611849352
135068,480.0,705.6455901667435,-225.64559016674355
135102,1335.0,1247.768844915917,87.23115508408296
135103,1014.0,970.5082647592221,43.49173524077787
135120,748.0,667.7274108805578,80.27258911944216
135130,785.0,702.4949369223372,82.50506307766284
135135,1080.0,953.2795908497226,126.72040915027742
135145,606.0,701.5246253454962,-95.52462534549625
135162,1425.0,1323.3262915274938,101.67370847250618
135220,532.0,679.9638095983038,-147.96380959830378
135230,1320.0,1383.7105086010033,-63.71050860100331
135292,605.0,497.4511507936507,107.5488492063493
135321,775.0,1194.818149845012,-419.81814984501193
135325,1120.0,1145.5798805493534,-25.579880549353447
135327,1440.0,1303.4565866017203,136.54341339827965
135361,958.0,1033.3535102102112,-75.3535102102112
135388,860.0,1015.7382352130659,-155.73823521306588
135399,1014.0,1094.1334269129563,-80.13342691295634
135427,963.0,1141.285096558665,-178.28509655866492
135496,970.0,1127.5091983685907,-157.50919836859066
135516,723.0,656.6425192419853,66.35748075801473
135538,980.0,1114.6993647917832,-134.69936479178318
135539,992.0,1093.3474148986816,-101.34741489868156
135544,1162.0,1236.911691014206,-74.9116910142061
135552,920.0,1051.338827844711,-131.33882784471098
135556,915.0,914.1430187157262,0.8569812842738429
135562,1036.0,923.5531126000953,112.44688739990465
135585,870.0,724.6610936547033,145.33890634529666
135590,1325.0,1209.3316699521095,115.66833004789055
135610,800.0,673.3210901033589,126.67890989664113
135646,1270.0,1228.8888483543526,41.111151645647396
135663,710.0,806.7690238450185,-96.76902384501852
135677,785.0,745.7330615892059,39.26693841079407
135692,870.0,1127.998375916776,-257.998375916776
135696,1340.0,1207.9571274537034,132.04287254629662
135703,1185.0,999.9658670495685,185.0341329504315
135720,1168.0,1217.9299352667822,-49.929935266782195
135728,185.0,1191.2274167977453,-1006.2274167977453
135750,1215.0,1059.3631397934578,155.63686020654222
135758,1280.0,1062.2559105919954,217.74408940800458
135780,1140.0,1143.3172970585872,-3.317297058587201
135814,1224.0,1081.634391873493,142.3656081265069
135838,1005.0,1067.8542212002603,-62.854221200260326
135843,838.0,772.5899379025494,65.41006209745058
135844,830.0,744.855218376827,85.144781623173
135928,1000.0,1047.1923387285551,-47.192338728555114
135941,1010.0,1064.2676955072548,-54.26769550725476
135970,730.0,767.1305458536865,-37.1305458536865
135971,1072.0,1013.1882619047617,58.8117380952383
136014,600.0,570.8055504218303,29.194449578169724
136017,910.0,881.8864588209901,28.11354117900987
136048,765.0,667.0360709115216,97.96392908847838
136089,1415.0,1349.0793193702448,65.92068062975522
136108,643.0,639.6276070773831,3.372392922616882
136110,992.0,983.9265141108444,8.073485889155563
136114,1390.0,1291.3166065274522,98.68339347254778
136124,1120.0,1020.6075798543908,99.39242014560921
136128,1150.0,1247.2307853698728,-97.23078536987282
136154,865.0,1138.840408345851,-273.8404083458511
136188,1375.0,1298.1728387757587,76.82716122424131
136266,1210.0,1098.4173768764178,111.58262312358215
136267,1120.0,1034.104889122987,85.89511087701294
136288,965.0,1065.3718009125116,-100.37180091251162
136306,565.0,569.1246863547989,-4.124686354798882
136344,860.0,1050.5748158227946,-190.57481582279456
136368,885.0,779.6478866927116,105.35211330728839
136376,1460.0,1151.4437822897905,308.55621771020947
136378,1130.0,1003.4275363269747,126.57246367302525
136437,1065.0,1151.2440902425765,-86.24409024257648
136500,750.0,1139.7747465364553,-389.77474653645527
136537,1250.0,1172.5039128026967,77.49608719730327
136610,571.0,954.9817380952377,-383.9817380952377
136613,980.0,982.1651960059658,-2.165196005965754
136627,1410.0,1217.5223440398634,192.47765596013664
136634,430.0,1189.2330931695474,-759.2330931695474
136640,1170.0,1024.3672625581269,145.63273744187313
136667,1235.0,1279.3758497035874,-44.37584970358739
136688,731.0,763.0115527431926,-32.011552743192624
136700,1020.0,1021.3174328086193,-1.3174328086192872
136710,1060.0,1011.2161465657646,48.783853434235425
136732,965.0,1185.8523982743009,-220.85239827430087
136734,1020.0,1190.1735548177858,-170.17355481778577
136741,1227.0,945.7005559405471,281.29944405945287
136742,475.0,564.1004105283766,-89.10041052837664
136750,661.0,761.154009989507,-100.15400998950702
136753,1120.0,910.9588692710275,209.04113072897246
136809,1035.0,942.6361910714248,92.36380892857517
136818,1165.0,976.0799467028446,188.9200532971554
136845,1230.0,1227.2648700846653,2.73512991533471
136855,1360.0,1299.9201403117495,60.07985968825051
136857,1510.0,1344.606966725752,165.39303327424795
136860,895.0,1158.3727784331356,-263.37277843313564
136883,765.0,784.4527248459492,-19.452724845949206
136933,1415.0,1208.5359989305718,206.46400106942815
136941,1030.0,1095.627948817824,-65.62794881782406
136984,1470.0,1079.2111589117396,390.78884108826037
136987,990.0,1189.059207837695,-199.0592078376951
137036,570.0,702.4949369223372,-132.49493692233716
137074,853.0,1270.5708673403417,-417.5708673403417
137100,1113.0,1237.1479284339869,-124.14792843398686
137108,864.0,1060.711762448911,-196.71176244891103
137115,640.0,754.4778240869796,-114.47782408697958
137128,1157.0,1031.92302803899,125.07697196101003
137158,940.0,1205.84516410026,-265.84516410026004
137191,1420.0,1229.8704664578895,190.1295335421105
137280,910.0,1301.996514401477,-391.99651440147704
137373,450.0,659.6528037501756,-209.65280375017562
137383,1335.0,973.4647565975081,361.5352434024919
137384,840.0,733.4071955543956,106.59280444560443
137389,876.0,622.9940062343253,253.0059937656747
137439,1290.0,1066.69446064718,223.30553935282
137488,1070.0,1104.4302987144065,-34.43029871440649
137495,715.0,791.3400204369298,-76.34002043692976
137577,950.0,1285.0777169556225,-335.07771695562246
137584,950.0,1080.9123024269786,-130.9123024269786
137589,1080.0,956.6023465822449,123.39765341775512
137666,1115.0,998.5517518049656,116.44824819503435
137669,978.0,911.7308267195765,66.2691732804235
137675,1260.0,1287.474047886045,-27.4740478860449
137686,587.0,703.9417898850882,-116.94178988508816
137697,1545.0,1263.1869291677501,281.8130708322499
137699,1390.0,1181.8033196069284,208.19668039307157
137713,1260.0,1199.0579095334767,60.94209046652327
137737,785.0,1149.750806540599,-364.7508065405989
137791,1070.0,1018.7113244252758,51.28867557472415
137799,1140.0,1113.4922566375064,26.507743362493557
137802,1110.0,1090.0412499162767,19.958750083723316
137860,1325.0,1138.5718201613602,186.42817983863983
137874,685.0,596.9801359125421,88.0198640874579
137886,1010.0,1198.9834298266833,-188.98342982668328
137908,617.0,668.1737896913615,-51.17378969136155
137915,820.0,694.4877334992268,125.5122665007732
137956,1350.0,1107.8300720284271,242.16992797157286
137984,755.0,741.4486629252216,13.551337074778417
138054,950.0,1025.6313245157776,-75.63132451577758
138055,1280.0,1189.8783488998354,90.12165110016463
138080,1480.0,1197.569847932401,282.430152067599
138142,1095.0,1135.781146104089,-40.781146104088975
138181,1340.0,1171.929022461385,168.0709775386149
138205,715.0,687.9077949007785,27.092205099221474
138218,610.0,777.6461327868019,-167.6461327868019
138252,1475.0,1140.6681413043714,334.3318586956286
138270,598.0,651.0421894680351,-53.042189468035076
138274,1290.0,1214.3181148086871,75.68188519131286
138281,732.0,619.5149220547996,112.48507794520037
138308,770.0,616.6620055417545,153.33799445824548
138326,1003.0,983.4157711352926,19.58422886470737
138361,1050.0,1143.333719593681,-93.33371959368105
138362,870.0,1214.5545157614868,-344.55451576148675
138363,1090.0,1250.6853665202775,-160.6853665202775
138419,730.0,635.4340815667553,94.56591843324475
138467,1135.0,1314.0529555454486,-179.05295554544864
138474,1260.0,1092.5762747104925,167.4237252895075
138475,1138.0,800.1098072520384,337.8901927479616
138503,1487.0,1202.72111670519,284.27888329480993
138534,1170.0,1282.0901712010377,-112.09017120103772
138572,335.0,689.1156576949702,-354.1156576949702
138600,980.0,1014.0182608214725,-34.018260821472495
138625,485.0,637.0061898600817,-152.0061898600817
138626,560.0,544.1780026455025,15.821997354497512
138632,1115.0,1008.7185131694862,106.28148683051381
138635,1120.0,1080.5843355378267,39.415664462173254
138665,1430.0,1327.4552062491432,102.5447937508568
138674,1615.0,1231.8836644567486,383.11633554325135
138684,655.0,654.8833074128833,0.11669258711674502
138685,1470.0,1261.4903650253275,208.5096349746725
138688,1110.0,1113.9421839505687,-3.942183950568733
138791,650.0,830.9579543187543,-180.95795431875433
138860,550.0,735.2740143235599,-185.27401432355987
138876,1014.0,1027.2595385751442,-13.259538575144234
138892,1308.0,914.8592744166616,393.1407255833384
138923,877.0,1068.7540136805073,-191.75401368050734
138936,920.0,1029.039961360467,-109.03996136046703
138963,1036.0,1226.3625052787147,-190.3625052787147
138971,990.0,1147.3837450937367,-157.3837450937367
138977,484.0,700.1255215765515,-216.12552157655148
138998,1123.0,1209.103758639309,-86.10375863930904
139001,826.0,895.986136275379,-69.98613627537895
139036,1000.0,1051.7358650191247,-51.73586501912473
139037,1151.0,957.8592712931783,193.14072870682173
139043,665.0,648.0513378768329,16.948662123167082
139071,1128.0,869.0098758434501,258.9901241565499
139079,960.0,689.13426540475,270.86573459525005
139119,950.0,895.4698558446977,54.53014415530231
139130,794.0,781.979457457312,12.020542542687963
139149,1230.0,1196.3582029733939,33.64179702660613
139206,1100.0,1053.74931603535,46.25068396465008
139243,1147.0,950.4713280423289,196.52867195767112
139246,1385.0,1294.0679027739131,90.93209722608685
139259,725.0,677.0912724600935,47.90872753990652
139294,615.0,643.5592833812597,-28.55928338125966
139308,1179.0,1112.4583831045525,66.54161689544753
139330,910.0,1056.7163648526619,-146.71636485266185
139348,1400.0,1157.5548100876374,242.4451899123626
139359,1015.0,1064.2174318813848,-49.217431881384755
139374,990.0,1108.1584168730706,-118.15841687307056
139382,530.0,550.1143084782858,-20.114308478285807
139408,970.0,1324.7819688772056,-354.7819688772056
139476,920.0,1106.3901495587397,-186.39014955873972
139487,1300.0,1093.1509704936389,206.84902950636115
139508,1191.0,1108.6294274661032,82.37057253389685
139524,895.0,708.3762337333712,186.62376626662876
139554,650.0,933.7173992913616,-283.71739929136163
139573,1240.0,1310.6406803741315,-70.64068037413153
139576,900.0,1132.4273554022623,-232.42735540226226
139602,1235.0,1334.9911435033262,-99.99114350332616
139661,1300.0,1236.5732128948416,63.42678710515838
139671,1095.0,963.1353753184823,131.86462468151774
139682,850.0,718.9081630038088,131.0918369961912
139746,1180.0,1205.2720955101786,-25.272095510178588
139768,1160.0,1090.344068299207,69.65593170079296
139820,600.0,631.9282930879162,-31.928293087916245
139822,626.0,702.1106394310261,-76.11063943102613
139834,1180.0,1106.7987209727662,73.2012790272338
139839,945.0,732.0029588405184,212.99704115948157
139878,1135.0,1171.794157176837,-36.79415717683696
139881,800.0,722.3759043390862,77.62409566091378
139885,1030.0,1097.0693415238247,-67.06934152382473
139918,1160.0,1266.6636851079718,-106.66368510797179
139920,950.0,1277.1273346681755,-327.12733466817554
139965,1195.0,1358.0919417514058,-163.09194175140578
139999,566.0,707.021288900395,-141.021288900395
140026,1133.0,1244.721323026453,-111.72132302645309
140030,510.0,704.7610369185975,-194.76103691859748
140035,645.0,768.6144889398794,-123.61448893987938
140044,580.0,696.7179459096753,-116.71794590967534
140088,1240.0,1123.8857086353248,116.11429136467518
140129,830.0,740.7402940860422,89.25970591395776
140139,1510.0,1162.0697972634946,347.9302027365054
140214,735.0,709.8225216515592,25.177478348440786
140231,1190.0,1329.9612085949782,-139.9612085949782
140238,512.0,788.2715893959969,-276.2715893959969
140239,1495.0,1310.1376042383542,184.86239576164576
140259,620.0,692.9325749008535,-72.93257490085352
140299,886.0,998.8910850953554,-112.89108509535538
140315,340.0,667.4654611231576,-327.46546112315764
140317,1045.0,1166.0227539222894,-121.02275392228944
140321,861.0,1136.1706234712144,-275.1706234712144
140322,865.0,1009.0910775837785,-144.09107758377854
140323,1200.0,1151.2816050605345,48.7183949394655
140326,840.0,666.3392992551708,173.66070074482923
140364,1190.0,1025.6697878827974,164.33021211720256
140389,915.0,863.5481053894123,51.451894610587715
140402,1360.0,1015.6737187208216,344.3262812791784
140417,1248.0,1187.7952981440214,60.204701855978556
140428,752.0,601.1029485284033,150.89705147159668
140431,1201.0,1258.4905095056208,-57.49050950562082
140455,1224.0,1157.5548100876374,66.4451899123626
140458,582.0,572.3907915700365,9.609208429963473
140462,1058.0,1028.9228927341949,29.077107265805125
140474,1003.0,1170.008903163715,-167.0089031637151
140507,1047.0,1156.4130993349654,-109.41309933496541
140533,840.0,949.9200241038003,-109.9200241038003
140544,1169.0,1094.046900067939,74.95309993206092
140570,1043.0,1150.7844664945758,-107.78446649457578
140577,1870.0,1083.322746031746,786.677253968254
140584,878.0,759.7381617914455,118.26183820855454
140617,895.0,760.1855547415544,134.81444525844563
140626,1160.0,1094.6245013581197,65.37549864188031
140633,1043.0,1104.784910929126,-61.784910929126
140646,650.0,848.0753807906344,-198.07538079063443
140658,625.0,678.2953537961956,-53.29535379619563
140680,825.0,983.314241209243,-158.31424120924305
140715,1065.0,1206.8350164667393,-141.83501646673926
140751,1014.0,910.5055452164823,103.49445478351765
140760,1320.0,1373.5105210441418,-53.5105210441418
140781,698.0,668.4552565280273,29.54474347197265
140796,695.0,673.6855651975198,21.31443480248015
140806,1195.0,1204.7981204764694,-9.798120476469421
140865,785.0,699.6317632394117,85.36823676058827
140871,840.0,984.7625210071244,-144.7625210071244
140872,1480.0,1165.2775638708106,314.7224361291894
140907,285.0,588.4016912303408,-303.4016912303408
140915,1218.0,961.4377988371331,256.5622011628669
140917,741.0,752.9973639516608,-11.997363951660759
140943,755.0,581.1005892250151,173.89941077498486
140980,1315.0,1243.0564306971523,71.94356930284766
141002,1030.0,1068.7985617190807,-38.79856171908068
141020,710.0,636.3663127479624,73.63368725203759
141026,805.0,954.836968405474,-149.83696840547395
141067,605.0,501.18644141648923,103.81355858351077
141113,786.0,709.7082355083895,76.29176449161048
141126,591.0,738.4029908506117,-147.40299085061167
141169,1320.0,1180.737477117417,139.26252288258297
141175,1007.0,1235.5749169144376,-228.5749169144376
141189,735.0,690.2231905502217,44.776809449778284
141191,620.0,920.8472236637668,-300.84722366376684
141265,1165.0,1172.9949897428528,-7.994989742852795
141269,1115.0,1174.5255378090312,-59.52553780903122
141290,645.0,692.9613724843472,-47.96137248434718
141291,1040.0,996.062196585531,43.937803414469045
141304,1191.0,1129.9984464886968,61.0015535113032
141372,1160.0,1077.577526276127,82.42247372387305
141378,1340.0,1212.7154242834563,127.28457571654371
141398,965.0,1137.474431732083,-172.47443173208308
141433,800.0,1041.6444690359936,-241.64446903599355
141498,1200.0,1082.1004799734349,117.89952002656514
141499,850.0,999.3148906610629,-149.31489066106292
141501,1315.0,1447.4388612462456,-132.43886124624555
141502,1030.0,1114.9411699427537,-84.94116994275373
141518,1195.0,1275.313976073918,-80.31397607391796
141551,810.0,736.8151138619263,73.1848861380737
141635,515.0,656.9615577750352,-141.9615577750352
141654,1735.0,1089.9661268564473,645.0338731435527
141657,975.0,906.2827163549581,68.7172836450419
141680,775.0,1087.1601907217646,-312.1601907217646
141714,1195.0,1199.2832994670648,-4.283299467064808
141760,1140.0,1232.4412378259185,-92.4412378259185
141782,1256.0,1304.959537198654,-48.95953719865406
141787,566.0,653.2834568378653,-87.28345683786529
141790,920.0,914.057220049438,5.942779950561999
141793,793.0,1036.9371403000027,-243.93714030000274
141803,940.0,1008.7631848724614,-68.76318487246135
141824,1180.0,1234.309259672302,-54.309259672302005
141838,580.0,711.9742314569074,-131.97423145690743
141841,710.0,711.516148996786,-1.5161489967860007
141854,1280.0,1266.0616081108633,13.93839188913671
141865,963.0,1068.0849027235995,-105.0849027235995
141892,575.0,693.6440660472226,-118.64406604722262
141903,697.0,576.4535236347298,120.54647636527022
141912,958.0,912.6856973404387,45.31430265956135
141913,1250.0,1282.5915579413752,-32.591557941375186
141919,730.0,732.6347282593496,-2.634728259349572
141920,1215.0,1127.4984485874177,87.50155141258233
141932,875.0,714.0566488914885,160.94335110851148
141951,645.0,705.3940060041165,-60.39400600411648
141966,1010.0,1103.8358304466992,-93.83583044669922
142001,1170.0,1183.2907398008783,-13.290739800878328
142013,1075.0,1289.2319962385218,-214.2319962385218
142021,1485.0,1274.9804633605763,210.01953663942368
142051,835.0,1117.5438993793177,-282.54389937931774
142059,1410.0,1351.9157735935594,58.08422640644062
142122,830.0,688.5051713475415,141.49482865245852
142129,825.0,631.6186249625637,193.38137503743633
142136,480.0,729.4470067389907,-249.4470067389907
142141,1455.0,1321.8623791632938,133.13762083670622
142149,1135.0,1238.8657364266603,-103.8657364266603
142161,1190.0,1080.4160313692826,109.58396863071744
142185,1055.0,1083.7975668279198,-28.79756682791981
142218,1285.0,1345.967397476267,-60.967397476267024
142259,541.0,580.6939804467848,-39.69398044678485
142266,1135.0,1122.2897748632643,12.710225136735744
142310,1240.0,1155.2733063927933,84.7266936072067
142313,1020.0,1176.4961523875966,-156.49615238759657
142318,965.0,1011.5602394157737,-46.56023941577371
142319,1295.0,1181.4954368332885,113.50456316671148
142419,1170.0,1060.048994085981,109.9510059140191
142440,1320.0,1203.4325383822027,116.56746161779733
142446,1085.0,961.4685931349284,123.53140686507163
142493,1080.0,1187.2526862675209,-107.25268626752086
142560,1000.0,1044.0546468253965,-44.0546468253965
142561,1192.0,959.9731401880462,232.02685981195384
142563,960.0,645.0778184962329,314.9221815037671
142600,998.0,948.5843396510867,49.41566034891332
142605,735.0,642.3935618446402,92.6064381553598
142606,838.0,789.8249902080794,48.175009791920615
142607,1280.0,1245.4059893723606,34.59401062763936
142610,909.0,944.7012305457558,-35.701230545755834
142678,1105.0,1159.3811013705795,-54.38110137057947
142741,830.0,1127.8982842467815,-297.8982842467815
142752,1160.0,1056.5607567778784,103.4392432221216
142770,935.0,1048.9980199502884,-113.99801995028838
142808,865.0,633.6474311110842,231.3525688889158
142816,1515.0,1287.9894345625332,227.01056543746677
142865,1400.0,1083.530728219531,316.46927178046894
142901,1335.0,1279.882165193322,55.11783480667805
142906,8.0,604.5965599714335,-596.5965599714335
142921,1180.0,1177.545726312682,2.4542736873179365
142955,1265.0,1239.2833472053162,25.716652794683796
142986,910.0,942.5501636604137,-32.55016366041366
142990,630.0,698.0758563295243,-68.0758563295243
142997,1122.0,1073.2616436900446,48.73835630995541
143045,1125.0,1003.1384013690777,121.86159863092234
143129,1001.0,1215.5749532362736,-214.5749532362736
143130,1275.0,1153.170183210879,121.82981678912097
143137,895.0,999.9589425223146,-104.9589425223146
143166,1135.0,962.7414242417592,172.2585757582408
143196,770.0,707.0444505663978,62.95554943360219
143223,937.0,1082.719263896192,-145.71926389619193
143233,550.0,603.8015390177318,-53.801539017731784
143244,1065.0,1102.4800118797118,-37.48001187971181
143246,1040.0,908.7317147877258,131.26828521227424
143249,1632.0,1097.43411773538,534.5658822646201
143257,955.0,954.2649551436576,0.7350448563423697
143262,1080.0,845.4803695519819,234.51963044801812
143269,1367.0,1087.2768617691438,279.7231382308562
143273,1065.0,1237.7086825905415,-172.70868259054146
143276,1550.0,1324.498838021716,225.50116197828402
143297,859.0,1073.6282498675725,-214.62824986757255
143323,965.0,1157.3666097912962,-192.36660979129624
143338,565.0,592.3238475886915,-27.32384758869148
143340,1170.0,1108.938256430639,61.06174356936094
143341,1140.0,1074.3911902583727,65.60880974162728
143354,640.0,591.2587716077416,48.74122839225845
143374,1175.0,1213.9049959783633,-38.90499597836333
143396,850.0,1011.6001553261207,-161.60015532612067
143407,1035.0,1090.5219826985494,-55.52198269854944
143433,570.0,659.7982806007417,-89.79828060074169
143443,950.0,1063.3773333964598,-113.37733339645979
143473,740.0,644.6949817857383,95.30501821426174
143476,1340.0,1106.428823906492,233.57117609350803
143519,1110.0,1097.43411773538,12.565882264620086
143522,780.0,657.7616414863501,122.23835851364993
143531,1470.0,1072.7633588566196,397.23664114338044
143541,790.0,766.6089880079073,23.391011992092672
143569,1210.0,1365.0246288227563,-155.0246288227563
143593,1047.0,1057.8810803524743,-10.881080352474328
143608,750.0,1162.608668195684,-412.608668195684
143625,1420.0,1260.2750230547267,159.72497694527328
143662,1390.0,1237.176817011285,152.82318298871496
143668,506.0,572.1435708769893,-66.14357087698932
143675,860.0,691.9301921413863,168.06980785861367
143693,1105.0,1155.2615251164557,-50.26152511645569
143715,1120.0,1089.1703907069668,30.829609293033172
143723,1163.0,1029.4908871427035,133.5091128572965
143814,1125.0,893.7074889455334,231.29251105446656
143836,675.0,737.9213088688955,-62.921308868895494
143838,1375.0,1362.5395994295068,12.46040057049322
143901,1160.0,1222.39027222119,-62.39027222118989
143934,1265.0,1096.9515516409597,168.04844835904032
143964,1012.0,1012.7274908087379,-0.7274908087379117
143968,1280.0,1073.5522799861972,206.44772001380284
143995,860.0,902.7728730158731,-42.772873015873074
144005,935.0,1074.0733479571652,-139.0733479571652
144067,1154.0,666.6698230182287,487.3301769817713
144070,990.0,1231.4587718265025,-241.45877182650247
144077,1335.0,1218.2885501083915,116.71144989160848
144083,974.0,623.0231434875419,350.9768565124581
144118,1011.0,1191.147074296636,-180.147074296636
144154,603.0,611.1860422301867,-8.186042230186672
144167,910.0,1136.910592045227,-226.91059204522708
144183,425.0,648.8281371772435,-223.82813717724355
144187,638.0,1097.0889408283092,-459.0889408283092
144231,790.0,681.914253848467,108.08574615153304
144253,707.0,745.0238858485272,-38.02388584852724
144286,1485.0,1203.878257255524,281.121742744476
144319,1025.0,999.5804124522067,25.4195875477933
144365,725.0,659.5718959136011,65.42810408639889
144366,1100.0,988.2511623106842,111.74883768931579
144374,1005.0,1018.8703569061222,-13.870356906122197
144384,605.0,699.6614170736461,-94.66141707364613
144409,765.0,518.4484065818937,246.55159341810634
144433,1030.0,1320.3842224127554,-290.38422241275543
144461,1147.0,1096.094477934633,50.905522065366995
144469,1282.0,1184.2001675743395,97.7998324256605
144470,1570.0,1291.0254164875955,278.9745835124045
144486,665.0,746.243111998187,-81.24311199818703
144491,992.0,1225.2026295284847,-233.20262952848475
144497,1360.0,1203.2754050651174,156.7245949348826
144520,756.0,764.6040832795617,-8.604083279561678
144548,1240.0,1129.3167103407516,110.68328965924843
144562,1335.0,1151.7754144960682,183.22458550393185
144563,1435.0,1229.8151072221174,205.18489277788262
144572,980.0,1297.873685058934,-317.8736850589339
144582,790.0,787.4591999056296,2.540800094370411
144636,1125.0,1116.7148080650572,8.285191934942759
144639,1356.0,1226.7894619281208,129.21053807187923
144642,1045.0,1199.3060776964026,-154.30607769640255
144649,400.0,536.0611805465203,-136.0611805465203
144650,535.0,654.6363993314092,-119.63639933140917
144659,1010.0,1201.4408664656016,-191.44086646560163
144660,990.0,941.8575955250485,48.14240447495149
144703,492.0,743.8745194407459,-251.87451944074587
144709,1350.0,1173.472462858974,176.52753714102596
144719,1315.0,1136.7436300870386,178.25636991296142
144751,840.0,1056.246064164066,-216.24606416406596
144752,640.0,790.9812765495766,-150.9812765495766
144772,850.0,1086.2819518446677,-236.28195184466767
144774,675.0,695.6979492765458,-20.69794927654584
144776,1226.0,1193.7188542086565,32.28114579134353
144777,865.0,770.1339148252342,94.86608517476577
144789,1270.0,1129.3532465161632,140.64675348383685
144798,1070.0,1108.895713032922,-38.895713032922
144809,1220.0,1231.1700731877334,-11.170073187733351
144814,1480.0,1218.904016705015,261.095983294985
144820,1235.0,1128.2517232903203,106.74827670967966
144835,1169.0,1253.4788153831873,-84.47881538318734
144842,1090.0,1080.1745791977198,9.825420802280178
144847,1030.0,1097.566933909973,-67.56693390997293
144868,1195.0,1269.0624300312038,-74.0624300312038
144882,1235.0,1290.9504790311964,-55.95047903119644
145040,584.0,612.6774278791818,-28.677427879181778
145057,505.0,629.4739247990602,-124.47392479906023
145067,866.0,943.8892979973942,-77.88929799739424
145073,865.0,742.1678136384604,122.83218636153958
145105,1400.0,1285.394535238432,114.6054647615681
145113,564.0,659.1523283598295,-95.15232835982954
145150,1355.0,1119.5568325809218,235.44316741907824
145154,695.0,650.7818691928582,44.21813080714185
145174,1290.0,1223.4735549473821,66.52644505261787
145187,600.0,702.8049896806333,-102.8049896806333
145215,699.0,539.0194767054613,159.98052329453867
145230,1080.0,1201.6550900691016,-121.65509006910156
145262,510.0,768.0850729419567,-258.0850729419567
145268,568.0,611.8756637008532,-43.87566370085324
145321,1075.0,1167.1054104949196,-92.10541049491962
145343,1345.0,1145.9245778359348,199.07542216406523
145360,495.0,485.744402486538,9.255597513462021
145396,1250.0,1128.3451906874586,121.65480931254137
145410,737.0,1286.5127766135636,-549.5127766135636
145430,1054.0,1168.9849665987806,-114.9849665987806
145435,1042.0,1069.3751588204912,-27.37515882049115
145467,1410.0,1272.0294109815468,137.9705890184532
145498,1070.0,964.8345051679353,105.16549483206472
145518,525.0,510.8028490479404,14.197150952059587
145521,985.0,1160.3573721297912,-175.3573721297912
145541,1025.0,1145.9245778359348,-120.92457783593477
145553,1140.0,1116.9192770437173,23.08072295628267
145554,999.0,917.133692195139,81.86630780486098
145582,740.0,689.4182181059442,50.58178189405578
145621,1150.0,1153.2137383695479,-3.2137383695478547
145695,1195.0,1162.6122575036368,32.38774249636322
145746,1055.0,967.9146399500949,87.08536004990515
145760,1315.0,1151.4776341839122,163.5223658160878
145766,760.0,955.1880342141725,-195.1880342141725
145772,480.0,790.3805166647004,-310.3805166647004
145774,620.0,698.4366949810003,-78.4366949810003
145779,1030.0,1035.0783660535667,-5.078366053566697
145786,445.0,666.6727673984672,-221.67276739846716
145807,1415.0,1177.9865865318297,237.01341346817026
145824,795.0,735.8398132359042,59.16018676409578
145844,875.0,1248.334338775664,-373.33433877566404
145851,1220.0,1340.7584570903819,-120.75845709038185
145863,1160.0,1203.2410982939286,-43.241098293928644
145885,1025.0,1053.9505730028452,-28.950573002845204
145886,910.0,992.5134492641694,-82.51344926416937
145911,657.0,676.0464233500439,-19.046423350043938
145924,1307.0,1384.22137092873,-77.22137092873004
145944,700.0,757.6043500294495,-57.604350029449506
145973,1230.0,1264.769729153048,-34.76972915304805
146003,1220.0,1126.4644308300744,93.53556916992557
146007,1280.0,1123.4061032354095,156.59389676459045
146011,810.0,765.2929771857818,44.70702281421825
146031,755.0,780.2262937106589,-25.226293710658865
146035,565.0,586.1695674073026,-21.169567407302566
146052,870.0,1036.6581987258812,-166.65819872588122
146117,765.0,636.4981330874483,128.5018669125517
146138,507.0,601.8263544809256,-94.8263544809256
146152,1580.0,1353.1766824815654,226.82331751843458
146166,1015.0,890.8472266714764,124.15277332852361
146191,920.0,1070.0728664606088,-150.0728664606088
146200,750.0,699.364178769295,50.635821230705005
146211,950.0,1031.9079062288745,-81.90790622887448
146214,990.0,895.8843688515884,94.11563114841158
146220,630.0,700.2273327696921,-70.22733276969211
146221,675.0,693.8248471308427,-18.824847130842727
146244,1358.0,1108.7814854497353,249.21851455026467
146265,1170.0,1089.8220953936498,80.17790460635024
146295,1145.0,1183.6412229686073,-38.64122296860728
146321,1455.0,1194.7652603798667,260.23473962013327
146338,735.0,691.8807254307139,43.11927456928606
146348,781.0,722.490200953818,58.509799046182025
146350,1015.0,1222.1982936142438,-207.19829361424377
146354,1365.0,1297.0056593061965,67.99434069380345
146374,360.0,719.6795494020164,-359.6795494020164
146378,1540.0,1328.507909933633,211.49209006636693
146385,930.0,955.1831411736417,-25.18314117364173
146397,550.0,618.4814927471456,-68.48149274714558
146429,1160.0,1156.4869493410952,3.513050658904831
146434,1397.0,1382.4386056080004,14.561394391999556
146448,1470.0,1336.3705185464166,133.62948145358337
146480,848.0,751.2178890851802,96.78211091481978
146489,775.0,682.6288846943448,92.37111530565517
146495,460.0,593.5719105621721,-133.5719105621721
146571,1020.0,1101.5642120342015,-81.56421203420155
146572,610.0,609.5516363326552,0.44836366734477906
146583,1050.0,940.0184314787324,109.9815685212676
146593,885.0,751.8118260553354,133.18817394466464
146594,790.0,702.812420657829,87.18757934217103
146597,1405.0,1339.4581949690648,65.54180503093517
146663,740.0,730.4240144249121,9.575985575087884
146672,1260.0,1095.2141924251807,164.78580757481927
146694,695.0,691.0810463622583,3.9189536377416516
146705,1065.0,1016.8136529831792,48.18634701682083
146710,331.0,600.0647366565427,-269.06473665654266
146712,368.0,601.3965934087689,-233.39659340876892
146719,1322.0,1153.065767373548,168.93423262645206
146724,1119.0,1245.4375766219518,-126.43757662195185
146744,880.0,768.6292425064358,111.37075749356416
146762,810.0,751.3437282978532,58.656271702146796
146802,1255.0,1264.9621308265375,-9.962130826537532
146864,1060.0,1144.1018011995975,-84.1018011995975
146893,600.0,605.2460671971749,-5.2460671971748525
146895,750.0,858.1699126984125,-108.16991269841253
146921,1366.0,1276.4615737961121,89.53842620388787
146932,1411.0,1232.755154086324,178.24484591367604
147020,1462.0,1170.9679695938573,291.03203040614267
147028,1320.0,1244.9817811597222,75.01821884027777
147029,1043.0,1115.3632206588318,-72.36322065883178
147069,933.0,1045.873230831858,-112.87323083185811
147100,1320.0,1192.6066074331022,127.39339256689777
147106,465.0,556.8147835427994,-91.81478354279943
147148,1170.0,1179.6466327426979,-9.646632742697875
147152,1110.0,1163.9363814530286,-53.936381453028616
147158,1223.0,1142.3044331532997,80.69556684670033
147177,585.0,607.8022464845806,-22.802246484580564
147224,1085.0,1221.4053776302296,-136.40537763022962
147283,280.0,523.616911100349,-243.61691110034894
147286,780.0,716.8060541292999,63.19394587070008
147295,1365.0,1251.0157082294998,113.98429177050025
147347,1235.0,1199.7304017366691,35.26959826333086
147356,615.0,641.0507926415894,-26.050792641589396
147363,616.0,737.8498624766067,-121.84986247660675
147370,1110.0,1246.8932068960578,-136.8932068960578
147412,795.0,720.7223799442453,74.27762005575471
147433,1075.0,911.1932833111877,163.80671668881234
147454,981.0,927.7335624298853,53.266437570114704
147458,960.0,632.5564105949547,327.44358940504526
147462,1095.0,1262.1189074687695,-167.11890746876952
147464,1238.0,855.7161171522215,382.2838828477785
147469,895.0,1208.96992202855,-313.96992202854995
147478,755.0,750.0788167737439,4.921183226256062
147492,620.0,737.3357598533895,-117.3357598533895
147505,905.0,1286.988681216242,-381.98868121624196
147513,510.0,590.1092254308095,-80.10922543080949
147526,1395.0,1340.5113472604678,54.4886527395322
147529,1150.0,1181.959543946644,-31.95954394664409
147544,1300.0,1027.2152207838205,272.78477921617946
147547,988.0,1034.3982665419708,-46.39826654197077
147562,860.0,728.1835681073198,131.81643189268016
147584,590.0,707.021288900395,-117.021288900395
147587,540.0,651.1981281194359,-111.19812811943586
147600,1130.0,1329.2596535738858,-199.25965357388577
147609,700.0,712.2394898248047,-12.23948982480465
147620,1420.0,1248.2546278032771,171.74537219672288
147652,910.0,1217.4618011395055,-307.4618011395055
147654,555.0,652.1658859890414,-97.16588598904139
147655,750.0,862.6459305908126,-112.64593059081255
147657,940.0,925.5907288819518,14.409271118048196
147663,685.0,660.0074896478351,24.992510352164913
147671,1120.0,1068.126296484201,51.87370351579898
147689,695.0,740.6315083492244,-45.63150834922442
147692,760.0,760.5880042058142,-0.5880042058141726
147701,1215.0,1115.053103736571,99.94689626342893
147742,875.0,640.0423112556684,234.95768874433156
147767,1285.0,1200.9533060492486,84.04669395075143
147770,1445.0,1199.1403692395918,245.8596307604082
147787,500.0,659.993261351142,-159.993261351142
147791,550.0,703.2059982857933,-153.20599828579327
147836,1210.0,955.7168310918855,254.28316890811448
147838,1240.0,1153.9254689886604,86.07453101133956
147877,1230.0,1061.0855411544112,168.9144588455888
147878,616.0,625.0014088465571,-9.00140884655707
147889,1235.0,1287.4448203877641,-52.44482038776414
147948,1325.0,1218.8437677081258,106.15623229187418
147963,1030.0,1219.709287742011,-189.70928774201093
147973,887.0,1034.1691024706238,-147.16910247062378
147995,1340.0,1331.7758077885949,8.224192211405125
148002,925.0,786.316854497354,138.68314550264597
148011,1200.0,1293.395408369613,-93.39540836961305
148037,1287.0,1198.5156300529013,88.48436994709868
148044,1405.0,1289.7740408268187,115.22595917318131
148050,1000.0,1290.6413376372684,-290.6413376372684
148062,880.0,770.1361444031609,109.86385559683913
148064,1440.0,1175.6865247394203,264.3134752605797
148077,965.0,1028.8562916428089,-63.856291642808856
148096,1102.0,994.2404230588013,107.7595769411987
148106,1245.0,1002.4005496910492,242.59945030895085
148138,1173.0,998.0696303357594,174.93036966424063
148184,1331.0,802.8194514217571,528.1805485782429
148190,704.0,750.8249415471851,-46.82494154718506
148198,923.0,918.9361310972047,4.0638689027953205
148250,1385.0,1234.8218733058834,150.1781266941166
148258,1069.0,1170.008903163715,-101.0089031637151
148316,955.0,1121.469824055389,-166.46982405538893
148317,1260.0,1270.1630754720745,-10.163075472074524
148332,635.0,848.2329850047405,-213.2329850047405
148403,365.0,598.4635065839443,-233.4635065839443
148408,564.0,574.8424916325264,-10.84249163252639
148440,1065.0,1096.9416137207154,-31.941613720715395
148451,1130.0,1232.7581901163771,-102.75819011637714
148491,1095.0,1351.5956693164533,-256.59566931645327
148511,930.0,977.1700360009016,-47.17003600090163
148525,1115.0,1131.4490972611932,-16.449097261193174
148532,1095.0,1068.9207663483182,26.07923365168176
148537,775.0,729.358375324102,45.641624675898015
148538,1070.0,1157.607327289191,-87.60732728919106
148556,1220.0,1186.9070178299733,33.092982170026744
148623,981.0,1153.4024149061754,-172.4024149061754
148627,1265.0,1190.3567166431822,74.64328335681785
148631,1109.0,1176.7901180731867,-67.7901180731867
148641,770.0,617.9931713260514,152.00682867394858
148680,1110.0,1055.8317938127911,54.16820618720885
148682,632.0,765.9018727346709,-133.90187273467086
148698,1040.0,929.256950895989,110.74304910401099
148725,1240.0,1184.7001050138124,55.29989498618761
148744,660.0,652.8256430703248,7.174356929675241
148763,1040.0,1090.4462027789764,-50.446202778976385
148785,1160.0,1153.7251968068883,6.274803193111666
148803,985.0,1264.769729153048,-279.76972915304805
148804,1308.0,1177.7934629616598,130.20653703834023
148810,853.0,686.6217686635468,166.37823133645315
148818,1050.0,990.6007163266405,59.39928367335949
148826,1375.0,1152.0391149746722,222.9608850253278
148833,865.0,775.2321952002834,89.7678047997166
148840,800.0,981.7980414638158,-181.79804146381582
148871,1180.0,1172.0384695794928,7.961530420507188
148909,1235.0,1155.2615251164557,79.73847488354431
148937,560.0,712.9857687296028,-152.9857687296028
148939,585.0,652.6299639877,-67.62996398769997
148941,1110.0,1079.308540995887,30.691459004113085
148956,700.0,625.0266523722657,74.97334762773426
148960,942.0,1240.7692897895517,-298.76928978955175
148969,910.0,1002.0391951913748,-92.0391951913748
149025,1060.0,1278.4225977553517,-218.42259775535172
149054,1165.0,1032.2271536342448,132.77284636575519
149060,1394.0,1175.5680787395893,218.43192126041072
149065,985.0,1134.2248304998561,-149.22483049985613
149078,730.0,616.494734939645,113.50526506035499
149081,1160.0,1138.361792081035,21.63820791896501
149139,490.0,662.3075004944035,-172.30750049440348
149154,1047.0,1204.918517632081,-157.91851763208092
149227,1228.0,1070.8996318151442,157.10036818485582
149252,621.0,1143.249948649144,-522.249948649144
149269,1014.0,1108.2375798735704,-94.23757987357044
149274,1095.0,1023.2709203298625,71.72907967013748
149285,1069.0,915.643752164502,153.35624783549804
149289,1040.0,1075.1032308866486,-35.10323088664859
149315,1130.0,1103.376621380495,26.623378619505047
149351,530.0,704.4376706499065,-174.43767064990652
149359,726.0,625.9010487232044,100.09895127679556
149420,1090.0,1109.2702535890198,-19.27025358901983
149434,1091.0,965.7088543865588,125.29114561344124
149465,1099.0,1053.6318129044093,45.368187095590656
149474,865.0,743.5020134443167,121.49798655568327
149499,500.0,477.2388040683358,22.76119593166419
149504,861.0,938.1732728972631,-77.17327289726313
149506,1532.0,1120.6382020138542,411.3617979861458
149575,520.0,642.5415722530997,-122.54157225309973
149581,1435.0,1307.8432074048615,127.15679259513854
149619,1110.0,1161.5575376192662,-51.55753761926621
149639,1040.0,1349.2773316251687,-309.2773316251687
149694,1079.0,1132.1688559908725,-53.168855990872544
149721,795.0,702.6911971168153,92.30880288318474
149737,835.0,1120.058934451324,-285.0589344513239
149760,1030.0,929.6098108370542,100.39018916294583
149764,1140.0,1045.6351716117022,94.36482838829784
149767,745.0,798.7761407711928,-53.776140771192786
149772,1345.0,1161.8992454570002,183.10075454299977
149779,710.0,647.7941513170156,62.205848682984424
149790,1058.0,1057.3945518767273,0.6054481232727085
149820,512.0,576.1042645577562,-64.10426455775621
149861,1150.0,1085.9092579942785,64.0907420057215
149884,937.0,747.1282753451447,189.87172465485526
149898,1140.0,1090.3527969632128,49.64720303678723
149911,1010.0,1103.426594118027,-93.42659411802697
149919,435.0,689.9291792208561,-254.9291792208561
149960,765.0,819.2175354476439,-54.217535447643854
149980,1090.0,1241.8959740509777,-151.89597405097766
149984,717.0,627.3022473307799,89.69775266922011
149986,948.0,1016.4246058386083,-68.42460583860827
150009,1210.0,1183.2305882847963,26.76941171520366
150080,952.0,1303.8565393803942,-351.8565393803942
150106,1120.0,1079.3689287519826,40.631071248017406
150110,1060.0,1223.0478739577727,-163.0478739577727
150114,1165.0,1233.1856332727305,-68.18563327273046
150124,1165.0,1067.5364757590348,97.46352424096517
150137,1210.0,969.960499340592,240.03950065940796
150141,525.0,587.7360690615519,-62.736069061551916
150158,1253.0,1094.4550846895245,158.54491531047552
150223,1224.0,1084.7764474701191,139.22355252988086
150234,1047.0,1029.461417676878,17.538582323122
150243,1145.0,984.6873672226017,160.31263277739833
150252,615.0,613.8904102178766,1.1095897821234075
150288,570.0,696.3069077622346,-126.30690776223457
150299,1050.0,1323.7669899624052,-273.7669899624052
150311,650.0,632.2482615451479,17.751738454852102
150321,1050.0,955.6950410674037,94.30495893259626
150336,925.0,1152.1748117443467,-227.1748117443467
150371,1285.0,1233.8927049590993,51.10729504090068
150403,823.0,904.2833106166094,-81.28331061660936
150404,773.0,591.0570957758824,181.94290422411757
150465,1245.0,1178.3102672283146,66.68973277168539
150540,1190.0,1018.1051662849503,171.89483371504969
150575,1270.0,1182.7173445159747,87.28265548402533
150587,1235.0,1290.4188105374897,-55.41881053748966
150593,810.0,664.5636148845199,145.4363851154801
150599,946.0,1008.9393033823237,-62.939303382323715
150623,665.0,661.0520143376134,3.9479856623866
150708,1042.0,1105.852830904973,-63.85283090497296
150715,400.0,1250.429019756621,-850.4290197566211
150745,595.0,682.2732389618575,-87.27323896185749
150750,975.0,1065.8371354329383,-90.83713543293834
150786,1069.0,1036.2077052667112,32.79229473328883
150809,696.0,643.20469823389,52.795301766110015
150817,805.0,678.3651097167453,126.63489028325466
150843,575.0,785.0917144960422,-210.0917144960422
150900,1370.0,1155.3826369723572,214.6173630276428
150901,1330.0,1286.8908975861618,43.10910241383817
150940,960.0,1038.736490531632,-78.73649053163194
150959,1221.0,1187.5436976705248,33.45630232947519
150977,775.0,713.1464098627597,61.8535901372403
150983,1175.0,1147.5670882929269,27.432911707073117
151004,1080.0,1369.1315187815455,-289.13151878154554
151028,420.0,644.159484360886,-224.15948436088604
151041,840.0,961.2400401635404,-121.24004016354036
151042,880.0,992.9101871310754,-112.91018713107542
151085,1505.0,1311.0941747718628,193.90582522813725
151116,810.0,1009.9222059411127,-199.92220594111268
151120,630.0,758.3500320680546,-128.3500320680546
151130,930.0,1054.077553123843,-124.07755312384302
151145,1045.0,1213.9049959783633,-168.90499597836333
151148,685.0,726.2825471677255,-41.28254716772551
151178,955.0,760.9288072854671,194.0711927145329
151182,1135.0,1030.0318314326394,104.96816856736064
151195,1060.0,1155.8470019232664,-95.84700192326636
151236,1305.0,1265.4861028136463,39.51389718635369
151252,1225.0,1166.9299883704084,58.07001162959159
151381,1245.0,927.1643493947779,317.8356506052221
151398,1133.0,1029.039961360467,103.96003863953297
151410,926.0,1012.3376709192448,-86.33767091924483
151420,1318.0,1209.1291882659727,108.87081173402726
151424,1270.0,1208.1466510284463,61.853348971553714
151477,878.0,965.9774707792214,-87.97747077922145
151479,915.0,1101.882592707409,-186.882592707409
151480,795.0,664.3032215326805,130.69677846731952
151486,915.0,1021.5536428218222,-106.55364282182222
151506,720.0,889.4256621554314,-169.42566215543138
151527,1075.0,921.9997576688213,153.0002423311787
151539,785.0,723.7281630132774,61.27183698672263
151585,1035.0,995.5321966792874,39.46780332071262
151602,450.0,575.2989905279907,-125.29899052799067
151639,835.0,844.2467447274068,-9.246744727406849
151656,1065.0,1233.869390089307,-168.869390089307
151658,810.0,672.0648742864893,137.93512571351073
151660,1175.0,1021.3159459493288,153.6840540506712
151666,620.0,712.2394898248047,-92.23948982480465
151668,1135.0,677.3901179773956,457.60988202260444
151670,1470.0,1175.041024408518,294.95897559148193
151706,1355.0,1219.7049680333596,135.2950319666404
151715,725.0,724.8299568100044,0.17004318999556745
151725,810.0,649.0172458233933,160.9827541766067
151785,599.0,611.4882251426451,-12.488225142645092
151798,708.0,724.9784276687885,-16.978427668788527
151825,950.0,1193.8961373888574,-243.89613738885737
151837,770.0,667.6606689195677,102.33933108043232
151853,955.0,687.6190403532498,267.38095964675017
151870,1116.0,1236.375156751445,-120.37515675144505
151889,600.0,721.590332764525,-121.59033276452499
151924,590.0,633.104709556895,-43.104709556895045
151969,940.0,1262.3886238418822,-322.38862384188224
151990,990.0,706.1619873478738,283.83801265212617
151997,632.0,699.901681840249,-67.90168184024901
152036,520.0,875.6561468658161,-355.65614686581614
152054,1205.0,1135.2699968999816,69.7300031000184
152100,1045.0,1100.6913510222591,-55.69135102225914
152132,620.0,694.5082049191285,-74.5082049191285
152147,565.0,746.243111998187,-181.24311199818703
152185,1340.0,1308.8554150294367,31.1445849705633
152191,440.0,651.2719155058991,-211.27191550589907
152211,1255.0,1108.938256430639,146.06174356936094
152218,930.0,944.166689623383,-14.166689623383036
152253,375.0,751.8967547201552,-376.8967547201552
152285,1350.0,1041.6444690359936,308.35553096400645
152293,1025.0,1108.7257270767416,-83.72572707674158
152311,1513.0,1337.2550852591796,175.74491474082038
152329,520.0,727.5213144629772,-207.52131446297722
152334,1060.0,1049.7866839950832,10.213316004916805
152347,1225.0,1046.6205917675557,178.37940823244435
152379,950.0,1131.0196091268815,-181.0196091268815
152384,1135.0,1272.2053902403063,-137.20539024030631
152389,1011.0,1045.6311882810521,-34.63118828105212
152470,1355.0,1366.975297283949,-11.975297283948976
152482,850.0,744.8915315781767,105.10846842182332
152530,1334.0,1136.497672069545,197.50232793045507
152536,703.0,724.7075292288897,-21.70752922888971
152537,1087.0,1086.6728628661795,0.32713713382054266
152589,937.0,1073.5479949574901,-136.54799495749012
152592,725.0,757.6468776595577,-32.64687765955773
152610,1496.0,1182.1821714468808,313.81782855311917
152623,580.0,678.6985306034933,-98.69853060349328
152650,1100.0,1068.3384273580984,31.661572641901557
152665,1350.0,1188.432474272452,161.56752572754795
152677,485.0,685.0646104874343,-200.06461048743427
152717,580.0,762.0113855828732,-182.01138558287323
152772,804.0,755.7839892630507,48.21601073694933
152798,804.0,699.6582834781286,104.34171652187138
152805,1050.0,1085.5717671065677,-35.57176710656768
152893,1000.0,963.98462017657,36.01537982342995
152964,635.0,742.6577022217067,-107.6577022217067
152971,950.0,1051.017934526998,-101.01793452699803
152999,725.0,698.0311282987692,26.968871701230796
153008,970.0,1174.2204941244602,-204.22049412446017
153033,965.0,1142.183702330185,-177.18370233018504
153035,1155.0,1169.1071299958285,-14.107129995828473
153066,1179.0,1278.7333166827773,-99.73331668277729
153069,1338.0,1185.5031402426466,152.49685975735338
153154,1125.0,1099.297755473511,25.70224452648904
153218,820.0,750.4013832409087,69.59861675909133
153248,785.0,1065.0023062741743,-280.0023062741743
153314,760.0,867.5686582309619,-107.56865823096189
153359,1049.0,878.9768715485568,170.0231284514432
153374,1005.0,1061.4831650419433,-56.483165041943266
153407,920.0,856.452414099789,63.54758590021095
153447,772.0,718.0638911756816,53.93610882431835
153521,1130.0,1091.2442890866084,38.75571091339157
153565,1110.0,1056.983801995684,53.01619800431604
153583,1179.0,1101.5394368429795,77.46056315702049
153585,1070.0,1257.969641474661,-187.9696414746611
153611,772.0,732.236660072676,39.763339927323955
153651,625.0,632.2032135819029,-7.203213581902901
153686,600.0,685.0328661499775,-85.03286614997751
153688,1202.0,1150.8711755359132,51.12882446408685
153705,495.0,563.5284481915271,-68.5284481915271
153719,1190.0,1181.796301820203,8.203698179796902
153742,1230.0,1066.9750178404129,163.02498215958713
153774,860.0,752.7456504781047,107.25434952189528
153777,1110.0,1129.7670758703875,-19.767075870387544
153793,505.0,698.8540460385902,-193.85404603859024
153796,1355.0,1289.9031921496965,65.09680785030355
153826,800.0,699.429613123288,100.57038687671195
153857,1090.0,1230.0351409439086,-140.03514094390857
153863,880.0,850.4415083983984,29.558491601601645
153972,660.0,732.106952261921,-72.10695226192104
154008,1040.0,1137.4426151531898,-97.44261515318976
154037,1048.0,676.7367762652407,371.2632237347593
154038,1270.0,1276.4465414229117,-6.44654142291165
154050,855.0,672.9403761142805,182.05962388571947
154055,770.0,729.1163729752901,40.88362702470988
154080,1235.0,1105.2645460602903,129.7354539397097
154095,1025.0,981.6352988735972,43.36470112640279
154116,890.0,1046.6437410686285,-156.64374106862851
154123,570.0,641.9276935689159,-71.92769356891586
154151,1003.0,1137.2791075627467,-134.27910756274673
154166,900.0,1050.7539863666257,-150.75398636662567
154189,450.0,616.1164989415705,-166.1164989415705
154195,825.0,715.4408354018698,109.55916459813022
154206,1060.0,985.3388994220018,74.66110057799824
154236,729.0,908.9029656084656,-179.9029656084656
154268,725.0,626.0664544571539,98.9335455428461
154291,730.0,876.0030423280424,-146.0030423280424
154317,1170.0,1178.088080475584,-8.088080475584093
154324,460.0,664.0571541688217,-204.05715416882174
154368,1340.0,1148.2809925212644,191.71900747873565
154376,915.0,1232.4460764843818,-317.4460764843818
154380,1120.0,1204.1008010350827,-84.10080103508267
154472,895.0,696.3069077622346,198.69309223776543
154481,960.0,1061.9558743901562,-101.95587439015617
154490,750.0,724.2508745335433,25.74912546645669
154510,1025.0,1065.0601555848764,-40.060155584876384
154516,990.0,1199.7576264410382,-209.75762644103816
154527,775.0,1048.3901587301589,-273.3901587301589
154529,756.0,696.4424809024601,59.55751909753985
154559,725.0,708.9523254642377,16.047674535762326
154593,1120.0,1035.2474700892774,84.75252991072261
154617,1241.0,1155.3678858991934,85.63211410080658
154620,1090.0,1242.3371344713655,-152.33713447136552
154639,960.0,857.8926343555578,102.10736564444221
154646,980.0,1239.161691345277,-259.16169134527695
154731,900.0,1006.3045082217263,-106.30450822172634
154743,1570.0,1268.206852553238,301.7931474467621
154768,510.0,656.9615577750352,-146.9615577750352
154778,675.0,665.1668831369068,9.83311686309321
154846,1055.0,1086.1930270705905,-31.19302707059046
154872,1000.0,796.2624749455234,203.73752505447658
154874,675.0,665.1622958534178,9.837704146582155
154898,805.0,877.613119847471,-72.61311984747101
154900,1215.0,777.9060562450854,437.09394375491456
154921,955.0,1185.8958012375265,-230.89580123752648
154964,1035.0,938.3396945670382,96.66030543296176
154975,1255.0,1239.381419177972,15.61858082202798
154982,1195.0,1347.8834086139161,-152.88340861391612
155029,675.0,699.3008595848022,-24.300859584802197
155079,995.0,853.8277233107984,141.17227668920157
155094,1036.0,1009.8519850903484,26.14801490965158
155099,1135.0,1219.445719037477,-84.44571903747692
155151,1191.0,1231.8673675166092,-40.86736751660919
155167,1466.0,1075.2833044149465,390.71669558505346
155172,1295.0,1120.1555449606894,174.84445503931056
155190,628.0,672.4559171906084,-44.455917190608375
155198,1160.0,1093.8488610048735,66.15113899512653
155200,1130.0,1086.3641870073527,43.63581299264729
155236,539.0,540.2735657768159,-1.2735657768158717
155240,1140.0,1089.7332477528837,50.2667522471163
155250,855.0,1018.8098056198255,-163.8098056198255
155262,1550.0,1312.9190310063948,237.0809689936052
155271,1315.0,1163.4534836805933,151.5465163194067
155284,711.0,724.7572090979356,-13.757209097935629
155291,611.0,558.6953020239621,52.304697976037914
155336,1150.0,1235.6276589143988,-85.62765891439881
155362,1012.0,1097.43411773538,-85.43411773537991
155409,620.0,625.7980669428861,-5.7980669428860665
155455,1050.0,1102.0755346883539,-52.075534688353855
155469,1260.0,1173.972506562944,86.02749343705591
155563,790.0,747.5841093827837,42.41589061721629
155650,745.0,714.6747277493303,30.32527225066974
155673,1475.0,1309.8561754523187,165.14382454768133
155721,715.0,782.8271185801452,-67.82711858014522
155738,1130.0,1238.7116348388997,-108.71163483889973
155762,1180.0,1180.9146913262198,-0.9146913262197813
155789,931.0,836.7908816646315,94.20911833536854
155806,1065.0,1074.4971511183687,-9.49715111836872
155813,1395.0,1197.8113204378064,197.18867956219356
155841,1490.0,1251.073267970509,238.92673202949095
155842,1230.0,1124.7500133359165,105.24998666408351
155843,715.0,764.2390277794134,-49.23902777941339
155884,765.0,676.0878450894191,88.91215491058085
155901,545.0,649.2459209995973,-104.24592099959727
155905,716.0,669.9211229160227,46.07887708397732
155914,1130.0,989.167667045985,140.832332954015
155922,1025.0,999.9111396945068,25.0888603054932
155970,670.0,618.1667363286862,51.83326367131383
155975,725.0,707.0983279247425,17.901672075257466
155988,1220.0,1150.0519938358088,69.94800616419116
156072,615.0,650.4906684546812,-35.49066845468121
156093,1020.0,947.7812972746772,72.21870272532283
156136,586.0,673.3872713570265,-87.38727135702652
156223,1320.0,1254.9383525562512,65.06164744374883
156235,1021.0,1236.6136366012524,-215.61363660125244
156239,1230.0,1033.9770084810987,196.02299151890134
156287,761.0,686.2173008000514,74.78269919994864
156301,1411.0,1176.3479086330606,234.65209136693943
156352,1091.0,925.5349539836357,165.46504601636434
156353,1000.0,1076.021477990211,-76.021477990211
156355,1191.0,1167.4929251113986,23.507074888601437
156358,1369.0,1127.2669544074254,241.73304559257463
156370,605.0,594.794489633734,10.205510366266026
156391,533.0,668.4022878655732,-135.40228786557316
156396,470.0,697.2206091833658,-227.2206091833658
156453,883.0,808.590784475154,74.40921552484599
156488,682.0,655.577747649463,26.42225235053695
156491,1092.0,909.882948225172,182.11705177482804
156494,715.0,602.5868878752038,112.41311212479616
156507,885.0,610.7511313980448,274.2488686019552
156509,965.0,1332.8361001207822,-367.83610012078225
156510,615.0,691.4383028054613,-76.43830280546126
156514,795.0,705.1607041188456,89.83929588115438
156521,1004.0,1051.8704087301587,-47.870408730158715
156546,1230.0,1086.1769905557403,143.8230094442597
156562,621.0,801.1913828494897,-180.19138284948974
156576,1282.0,1187.154858115856,94.84514188414391
156581,1170.0,1058.0619332588567,111.9380667411433
156597,605.0,698.0311282987692,-93.0311282987692
156637,670.0,694.4877334992268,-24.487733499226806
156653,550.0,765.2922210579123,-215.29222105791234
156684,1213.0,1093.7436945850395,119.25630541496048
156715,704.0,695.3162461504427,8.68375384955732
156728,1175.0,1199.0659221846138,-24.065922184613783
156746,1480.0,1310.3839929207807,169.61600707921934
156787,1157.0,1200.6775790014415,-43.67757900144147
156845,1140.0,1290.3678705482098,-150.3678705482098
156890,725.0,700.4495632758858,24.550436724114206
156925,1168.0,1214.102624478006,-46.102624478005964
156973,735.0,653.7458536223622,81.25414637763777
156984,780.0,671.7255165510101,108.27448344898994
157002,1090.0,1118.8103553075784,-28.810355307578448
157024,700.0,752.1404020843621,-52.14040208436211
157034,580.0,958.3791827820238,-378.3791827820238
157077,1100.0,1150.1913928853603,-50.1913928853603
157085,1315.0,1090.3901483331058,224.6098516668942
157088,1130.0,1041.5416996835488,88.45830031645119
157092,850.0,933.9759320380443,-83.97593203804433
157104,350.0,668.6726649675021,-318.6726649675021
157171,1055.0,938.6977038196292,116.30229618037083
157179,1250.0,1119.8021493131787,130.1978506868213
157211,825.0,637.6710257253642,187.3289742746358
157253,1720.0,1193.8616502066404,526.1383497933596
157292,920.0,927.1567787444579,-7.156778744457938
157357,1065.0,1063.921064333815,1.0789356661850888
157402,1060.0,1303.8565393803942,-243.85653938039422
157403,570.0,728.2895303740413,-158.2895303740413
157414,1310.0,1155.4372369398425,154.56276306015752
157430,491.0,466.969202982203,24.030797017797
157444,1515.0,1216.3265910252153,298.6734089747847
157459,785.0,665.7323314722112,119.26766852778883
157478,638.0,711.819196801038,-73.81919680103795
157521,740.0,700.1255215765515,39.87447842344852
157600,679.0,520.5316067484107,158.4683932515893
157626,1495.0,1309.7359334587097,185.26406654129028
157630,670.0,742.5721282514364,-72.57212825143642
157646,1150.0,1039.9469350563259,110.05306494367414
157662,1180.0,1286.960010895278,-106.96001089527795
157670,1290.0,1377.6415125089409,-87.64151250894088
157702,1135.0,1199.8280260720567,-64.82802607205667
157744,1490.0,1253.704263041875,236.29573695812496
157759,1380.0,1309.1945077108849,70.80549228911514
157809,930.0,1219.7683677457312,-289.7683677457312
157850,1390.0,1082.065479006237,307.93452099376304
157890,1025.0,1131.545518110714,-106.54551811071406
157947,1502.0,1176.6046773882808,325.39532261171917
157968,793.0,958.7775278466614,-165.77752784666143
158052,1440.0,1126.4066353450164,313.5933646549836
158053,897.0,899.3399044495646,-2.339904449564642
158141,1165.0,1305.6662528160914,-140.6662528160914
158155,1068.0,1132.1723586596322,-64.17235865963221
158159,1015.0,1195.724239461215,-180.7242394612149
158260,795.0,709.3870567129107,85.61294328708925
158264,1445.0,1245.0697191123093,199.93028088769074
158282,1168.0,1125.3835547956492,42.61644520435084
158313,870.0,677.2519750960643,192.74802490393574
158330,820.0,865.6226364519229,-45.62263645192286
158366,625.0,729.9614054507788,-104.96140545077878
158409,1180.0,1089.4360023294757,90.56399767052426
158466,1325.0,1231.2905909734918,93.70940902650818
158489,505.0,784.0127747158109,-279.0127747158109
158493,475.0,560.7313515470482,-85.73135154704823
158533,570.0,740.0230775114878,-170.02307751148783
158583,665.0,644.8769878529926,20.123012147007444
158589,960.0,749.619553763952,210.380446236048
158592,1107.0,1259.7806993573533,-152.78069935735334
158598,1320.0,1270.8059393469332,49.1940606530668
158601,1334.0,1168.8238277163496,165.17617228365043
158619,1120.0,1335.0880536768782,-215.0880536768782
158625,1130.0,1029.039961360467,100.96003863953297
158656,1120.0,909.9351712924706,210.0648287075294
158665,965.0,1145.6365927848567,-180.6365927848567
158714,780.0,689.0072800457453,90.99271995425465
158720,600.0,722.6535237733555,-122.65352377335546
158823,1270.0,1225.6935924560657,44.306407543934256
158835,1425.0,1139.5212776995197,285.4787223004803
158858,460.0,562.5143909640127,-102.5143909640127
158880,1110.0,1244.5818131353387,-134.58181313533873
158902,1170.0,1099.7753932422818,70.22460675771822
158918,1005.0,1031.0291099600001,-26.02910996000014
158919,1010.0,1136.1314765466016,-126.13147654660156
158930,660.0,778.0366315318417,-118.03663153184175
158935,1040.0,1034.1372819996798,5.862718000320228
158977,860.0,950.4829407973015,-90.48294079730147
158996,1135.0,947.8976024842611,187.10239751573886
159018,1105.0,1025.7834743055585,79.21652569444154
159089,826.0,1188.3293410718402,-362.3293410718402
159094,1200.0,935.3441960531962,264.65580394680376
159096,830.0,989.4600110686558,-159.46001106865583
159157,495.0,609.9501959341177,-114.95019593411769
159166,850.0,616.7259189106513,233.27408108934867
159196,1052.0,1050.6510628360752,1.348937163924802
159225,1375.0,1148.3059635143288,226.69403648567118
159256,830.0,843.5806897357438,-13.580689735743817
159270,1213.0,1075.4825657664644,137.5174342335356
159280,661.0,687.9014392675396,-26.90143926753956
159321,1197.0,1237.2192611748167,-40.219261174816666
159330,820.0,1125.0584643709676,-305.0584643709676
159343,805.0,714.8383494342223,90.16165056577768
159354,1225.0,1271.2861559715875,-46.286155971587505
159387,1350.0,1212.3503010705156,137.64969892948443
159395,1020.0,1083.2955119446453,-63.29551194464534
159405,1180.0,1252.8703979186162,-72.87039791861616
159462,810.0,1130.4297683232824,-320.42976832328236
159521,578.0,624.2901359989347,-46.290135998934716
159567,1100.0,1058.122030538426,41.87796946157391
159645,1225.0,1144.241914157883,80.758085842117
159658,950.0,1024.4987638413807,-74.49876384138065
159667,675.0,669.6322572751324,5.3677427248676395
159678,1025.0,1314.223294483765,-289.2232944837649
159698,1289.0,1277.400039446789,11.599960553211076
159707,940.0,1003.198829619919,-63.198829619919024
159718,1091.0,1160.7315786655438,-69.7315786655438
159727,1060.0,1029.6238551827053,30.376144817294744
159744,870.0,981.490510563922,-111.49051056392204
159769,1515.0,1357.3006793059394,157.6993206940606
159779,970.0,1027.968544988745,-57.96854498874495
159801,1060.0,1071.2877193289355,-11.287719328935509
159840,1080.0,1132.6625309966223,-52.66253099662231
159859,475.0,693.4383870096117,-218.4383870096117
159862,890.0,789.9568121735149,100.04318782648511
159878,750.0,722.6535237733555,27.34647622664454
159895,920.0,1139.4676565284171,-219.46765652841714
159903,1130.0,1073.7985675044781,56.201432495521885
159927,1328.0,1294.3938457006398,33.60615429936024
159956,1010.0,1205.318981271106,-195.31898127110594
159962,1135.0,1021.019478254636,113.98052174536394
159989,715.0,739.6944680654415,-24.69446806544147
159992,645.0,698.0311282987692,-53.031128298769204
160001,889.0,886.7911608029464,2.208839197053635
160068,940.0,1070.3219931449687,-130.3219931449687
160070,1435.0,1211.2863466481208,223.7136533518792
160082,618.0,711.7692831995009,-93.76928319950093
160115,1190.0,1199.7038158965422,-9.70381589654221
160121,660.0,570.3922450028416,89.6077549971584
160146,950.0,1055.9305300481326,-105.9305300481326
160180,1110.0,1024.4849738793152,85.51502612068475
160190,1030.0,1063.6276505481092,-33.62765054810916
160204,1070.0,1126.921232114979,-56.92123211497892
160209,597.0,678.5535000462887,-81.55350004628872
160224,670.0,584.3012821546631,85.69871784533689
160272,930.0,1213.2255157957306,-283.22551579573064
160310,1323.0,1039.1473058378886,283.85269416211145
160332,1480.0,1348.7479051365112,131.25209486348876
160342,695.0,766.1524952791361,-71.15249527913613
160359,1140.0,1237.6799217904136,-97.67992179041357
160369,758.0,847.3596193377878,-89.35961933778776
160384,500.0,641.9546594140047,-141.9546594140047
160398,1113.0,1284.693854096878,-171.6938540968781
160415,763.0,1187.1561647536084,-424.15616475360844
160427,1010.0,864.5490031423917,145.4509968576083
160431,539.0,615.0746086308874,-76.07460863088738
160490,926.0,936.6217544998857,-10.621754499885697
160498,857.0,1017.5234180027359,-160.52341800273587
160524,775.0,845.4705493553837,-70.4705493553837
160581,680.0,697.0676792056693,-17.067679205669265
160591,1155.0,1305.290364494959,-150.29036449495902
160640,1130.0,1191.8889515469577,-61.88895154695774
160655,620.0,725.2548156360584,-105.25481563605842
160658,990.0,1083.0686702274425,-93.06867022744245
160662,1310.0,1209.5795452119157,100.42045478808427
160684,1230.0,1219.781434795023,10.21856520497704
160710,720.0,670.5555007352307,49.44449926476932
160783,1280.0,1185.720849403311,94.27915059668908
160794,1100.0,1125.7083456307892,-25.708345630789154
160804,1300.0,1034.4290729016184,265.5709270983816
160915,1400.0,1221.9183618657532,178.08163813424676
160951,955.0,951.0166761174074,3.983323882592572
160989,1050.0,980.8562708682264,69.14372913177363
161047,1150.0,1133.2167051167328,16.783294883267217
161094,1325.0,1064.6925148527419,260.30748514725815
161103,1145.0,1049.7866839950832,95.2133160049168
161119,1030.0,1105.0916528139007,-75.09165281390074
161222,1100.0,1332.5688883838984,-232.5688883838984
161254,1080.0,1128.6542572514556,-48.65425725145565
161256,880.0,1114.0659303740504,-234.06593037405037
161257,1165.0,1009.2056241583253,155.79437584167465
161263,1315.0,1029.5257400183625,285.4742599816375
161361,1200.0,1047.1847027054098,152.8152972945902
161372,975.0,1208.0124781665318,-233.01247816653176
161443,1185.0,1177.4064989880076,7.59350101199243
161457,1245.0,1349.2773316251687,-104.2773316251687
161462,710.0,759.4797675760225,-49.47976757602248
161480,1180.0,1154.5507309234972,25.449269076502787
161482,1435.0,1135.2699968999816,299.7300031000184
161501,610.0,642.1593454060534,-32.159345406053376
161502,607.0,536.1597562840234,70.84024371597661
161504,690.0,883.2748121693119,-193.27481216931187
161531,1234.0,1157.2936806986634,76.70631930133663
161550,1195.0,1174.1141244038702,20.885875596129836
161608,1000.0,958.5082029286862,41.49179707131384
161610,1255.0,1187.518475579105,67.48152442089508
161616,1155.0,1080.1662341559875,74.83376584401253
161671,1130.0,1177.7811388434004,-47.78113884340041
161731,1185.0,1393.09235421275,-208.09235421275002
161742,790.0,1085.3097221068183,-295.3097221068183
161774,1080.0,1053.8684363695381,26.13156363046187
161777,900.0,975.6781952861954,-75.67819528619543
161810,705.0,704.0496374229416,0.9503625770583994
161819,1168.0,1123.0921507799105,44.907849220089474
161854,1320.0,1074.256794577601,245.7432054223989
161862,960.0,1157.4151778232792,-197.41517782327924
161877,850.0,1017.4902983469699,-167.4902983469699
161882,815.0,729.8402437347272,85.15975626527279
161890,1115.0,1127.8687452892086,-12.868745289208618
161891,1230.0,1097.8794766689373,132.1205233310627
161933,653.0,879.8138514430019,-226.8138514430019
161985,675.0,889.1217200795459,-214.12172007954587
161994,885.0,1081.7072283552322,-196.70722835523225
162011,880.0,1003.2827375815948,-123.2827375815948
162021,651.0,695.134789939224,-44.13478993922399
162049,653.0,678.727771777111,-25.727771777111002
162066,1325.0,1283.2672751282364,41.732724871763594
162112,610.0,665.2419361370502,-55.241936137050175
162156,940.0,981.4254268429547,-41.42542684295472
162164,1380.0,1360.0221353560355,19.977864643964494
162209,950.0,1310.6406803741315,-360.64068037413153
162211,1150.0,1106.5649294046748,43.435070595325215
162243,645.0,610.9474975447586,34.05250245524144
162257,1245.0,1266.0498718646031,-21.04987186460312
162287,1394.0,1135.643637651362,258.35636234863796
162306,675.0,791.9396423806868,-116.93964238068679
162445,550.0,607.3553776590633,-57.355377659063265
162477,1320.0,1273.620885124102,46.37911487589804
162491,1210.0,855.9710401635402,354.02895983645976
162552,880.0,1005.4344441068405,-125.43444410684049
162575,1010.0,1067.8391348767775,-57.83913487677751
162587,970.0,966.6219754102302,3.3780245897697796
162608,680.0,596.0610441939627,83.93895580603726
162668,1250.0,1092.2517159370286,157.74828406297138
162703,765.0,719.652073651403,45.34792634859696
162731,820.0,599.5887111447734,220.41128885522664
162764,610.0,510.7567212409576,99.24327875904243
162769,850.0,718.6887527815021,131.3112472184979
162783,915.0,965.1405242897283,-50.14052428972832
162807,790.0,980.8775087508199,-190.87750875081986
162834,875.0,748.3497348747649,126.65026512523514
162905,680.0,704.6739408749437,-24.673940874943696
162929,775.0,763.0643370421772,11.935662957822842
162958,1122.0,1156.0972975529512,-34.097297552951204
162963,1180.0,1352.7437126424954,-172.74371264249544
163001,720.0,1026.7431734380707,-306.7431734380707
163057,1040.0,966.0432795590059,73.9567204409941
163080,8.0,1244.7897550265316,-1236.7897550265316
163157,490.0,1117.5380173563208,-627.5380173563208
163188,1141.0,1039.6355498288856,101.36445017111441
163307,1201.0,1077.888942408994,123.1110575910061
163312,1135.0,1129.2241644834196,5.7758355165804005
163319,867.0,1094.2153531594743,-227.21535315947426
163332,1182.0,1131.0196091268815,50.980390873118495
163364,931.0,959.1230806965391,-28.12308069653909
163379,1117.0,1161.581716293354,-44.58171629335402
163392,1425.0,1160.782378910077,264.2176210899231
163396,716.0,729.4900599946807,-13.490059994680678
163494,970.0,978.0052237952667,-8.005223795266716
163510,1125.0,1052.304456735117,72.6955432648831
163538,1130.0,1170.4849695850828,-40.48496958508281
163561,1085.0,1183.7326857466403,-98.7326857466403
163566,1100.0,1203.4325383822027,-103.43253838220267
163594,719.0,713.3994507891316,5.600549210868394
163674,1205.0,990.3815430918127,214.61845690818734
163682,815.0,1212.0962858843102,-397.0962858843102
163683,1010.0,1105.80794597493,-95.80794597492991
163709,560.0,757.9808261715489,-197.98082617154887
163739,670.0,634.9648022584558,35.03519774154415
163763,595.0,635.2859897478063,-40.2859897478063
163768,1145.0,1183.2884849573757,-38.28848495737566
163771,665.0,550.217846936321,114.78215306367895
163831,1245.0,1264.2515720691954,-19.25157206919539
163873,600.0,652.6527768414204,-52.652776841420405
163876,1190.0,1208.5230215736126,-18.523021573612596
163882,730.0,634.999299687035,95.00070031296502
163898,750.0,748.0113284241613,1.98867157583868
163904,965.0,858.0866426086573,106.91335739134274
163913,772.0,634.1646205990834,137.83537940091662
163933,1125.0,1250.6440751476673,-125.64407514766731
163968,900.0,1030.1599557931743,-130.15995579317428
164000,1223.0,1060.0892874342426,162.91071256575742
164019,1050.0,1091.6000350392264,-41.60003503922644
164126,690.0,753.1227447181667,-63.1227447181667
164133,1280.0,1217.5223440398634,62.477655960136644
164158,1475.0,1265.6350564053314,209.3649435946686
164171,881.0,914.057220049438,-33.057220049438
164236,965.0,1030.0052918721478,-65.00529187214784
164253,1370.0,1211.974435961114,158.02556403888593
164270,800.0,687.6711846531908,112.32881534680917
164383,1225.0,1072.423291415588,152.57670858441202
164413,1090.0,1110.7812991398164,-20.781299139816383
164416,1270.0,1222.4320911852335,47.5679088147665
164420,1043.0,1060.711762448911,-17.71176244891103
164435,775.0,717.4740362599889,57.52596374001109
164445,590.0,640.9923483949622,-50.992348394962164
164451,1380.0,1003.5409993986763,376.45900060132374
164477,800.0,1209.760364947143,-409.760364947143
164516,1265.0,1212.228791770443,52.77120822955703
164521,900.0,1056.482059862509,-156.482059862509
164533,1175.0,967.416891036522,207.58310896347803
164539,839.0,878.2615122240468,-39.26151222404678
164611,965.0,1153.3594845062942,-188.35948450629417
164629,1375.0,1106.038735615218,268.961264384782
164643,510.0,1271.9817308129254,-761.9817308129254
164684,1010.0,1253.4908147291358,-243.49081472913576
164688,770.0,685.6005455543891,84.3994544456109
164689,800.0,760.7882705558535,39.2117294441465
164696,970.0,1020.2811310976635,-50.28113109766355
164712,1055.0,1071.5210353825328,-16.521035382532773
164731,890.0,1071.0842335884397,-181.0842335884397
164747,1158.0,1079.0891343105588,78.91086568944115
164757,885.0,1178.980082116756,-293.98008211675597
164778,1015.0,737.3704982636101,277.6295017363899
164854,935.0,1194.1491558839123,-259.1491558839123
164930,1510.0,1275.5556308730372,234.44436912696278
164951,1260.0,1258.299209777327,1.7007902226730494
164965,1130.0,1128.169927629582,1.8300723704180655
165077,1187.0,1069.7426226967682,117.2573773032318
165107,962.0,959.6073518881037,2.3926481118962784
165115,745.0,699.2498911649699,45.75010883503012
165117,1035.0,1070.042952207684,-35.04295220768404
165166,1155.0,1021.4523161076312,133.5476838923688
165234,990.0,1228.9554686635042,-238.95546866350423
165338,1241.0,1091.6176584987838,149.38234150121616
165378,487.0,670.3541642217622,-183.35416422176218
165424,975.0,1101.016477100351,-126.01647710035104
165495,860.0,862.2184325396823,-2.2184325396823397
165549,580.0,667.4654611231576,-87.46546112315764
165592,860.0,900.5569363720863,-40.556936372086284
165597,1070.0,1175.9231151050417,-105.92311510504169
165613,660.0,625.7974274709466,34.20257252905344
165630,1110.0,1200.9720442347366,-90.97204423473659
165631,550.0,656.4155787275563,-106.4155787275563
165649,1090.0,1205.4978881753902,-115.49788817539024
165668,910.0,1410.0460690063794,-500.0460690063794
165694,780.0,689.5591561500481,90.44084384995188
165711,1310.0,1252.0645083378497,57.9354916621503
165725,1270.0,1191.9686801663456,78.03131983365438
165726,950.0,750.8492278142525,199.15077218574754
165764,741.0,741.0534651489922,-0.053465148992245304
165769,1070.0,1249.8786796062607,-179.87867960626068
165775,677.0,734.1330442795066,-57.133044279506635
165785,920.0,955.9925410561038,-35.992541056103846
165843,1195.0,1053.749586256458,141.2504137435419
165855,905.0,1025.241316576469,-120.24131657646899
165894,345.0,639.1351433042854,-294.1351433042854
165986,505.0,640.1557100093322,-135.1557100093322
165993,890.0,823.117163117746,66.88283688225397
166015,1190.0,1182.6426586299322,7.357341370067843
166027,1120.0,1141.8492649604539,-21.849264960453866
166067,812.0,911.7716592631483,-99.77165926314831
166079,1056.0,1268.208429208562,-212.20842920856194
166089,1310.0,1277.3310148635667,32.66898513643332
166140,871.0,933.5003794674587,-62.50037946745874
166143,705.0,965.1677948009964,-260.1677948009964
166151,1060.0,1038.015383057012,21.98461694298794
166227,1069.0,913.5560959262991,155.44390407370088
166269,511.0,739.583124817484,-228.58312481748396
166297,969.0,1074.5747134899343,-105.57471348993431
166299,1410.0,1357.662860899053,52.33713910094707
166399,1091.0,1174.7371382909369,-83.73713829093685
166400,970.0,889.4256621554314,80.57433784456862
166406,771.0,981.5328125139577,-210.53281251395765
166429,1145.0,971.9353767328507,173.06462326714927
166434,1078.0,1094.046900067939,-16.046900067939077
166437,1345.0,1233.4453790372258,111.55462096277415
166441,810.0,732.6697620480415,77.33023795195845
166568,900.0,1029.039961360467,-129.03996136046703
166577,705.0,809.2302174094133,-104.23021740941329
166585,1185.0,1134.039292126712,50.9607078732879
166612,820.0,971.8140232069487,-151.81402320694872
166625,785.0,929.038904605396,-144.03890460539606
166667,569.0,582.2268046049725,-13.226804604972472
166747,710.0,714.4312183217824,-4.431218321782353
166761,740.0,650.050054755689,89.94994524431104
166781,815.0,734.1357237834477,80.8642762165523
166818,1160.0,1171.6199272706883,-11.619927270688322
166820,485.0,545.3245106623413,-60.324510662341254
166859,365.0,661.0366749253192,-296.0366749253192
166868,1030.0,1126.6550550535503,-96.65505505355031
166876,1225.0,1248.6543245275184,-23.654324527518384
166888,615.0,604.2485745233973,10.751425476602662
166895,685.0,583.1636523146957,101.8363476853043
166907,726.0,568.66719687869,157.33280312131
166919,830.0,904.4365194356845,-74.43651943568454
166926,680.0,735.5682498316793,-55.56824983167928
166932,970.0,1231.5948781322566,-261.59487813225655
166964,1120.0,1285.767518873443,-165.7675188734429
166967,1190.0,1041.6375341109338,148.36246588906624
166974,860.0,1053.2967027831944,-193.2967027831944
166994,1000.0,1175.970949798124,-175.9709497981239
167006,964.0,1065.9162952818383,-101.9162952818383
167011,1036.0,1154.0527567140143,-118.05275671401432
167076,1020.0,1227.1593615406575,-207.15936154065753
167081,1000.0,1189.1731620946023,-189.17316209460228
167091,1310.0,1249.7014431440766,60.29855685592338
167108,952.0,1153.9588000998067,-201.9588000998067
167124,710.0,677.2428147409131,32.757185259086896
167128,720.0,681.5434266082041,38.45657339179593
167141,610.0,640.9287658826722,-30.928765882672224
167224,1250.0,1166.358038231016,83.64196176898395
167247,727.0,1185.1192665148674,-458.1192665148674
167272,1060.0,1104.4828755123604,-44.48287551236035
167293,749.0,923.606957603671,-174.60695760367105
167312,667.0,595.5349292616922,71.46507073830776
167370,755.0,739.9573967741729,15.042603225827065
167435,1276.0,1182.072958928239,93.9270410717611
167476,810.0,1075.2595650340975,-265.2595650340975
167501,860.0,845.8279759259259,14.172024074074102
167506,980.0,1087.8431031527018,-107.84310315270181
167519,715.0,701.7280170807828,13.27198291921718
167555,554.0,643.4542936945184,-89.45429369451836
167576,1175.0,1094.6657227049834,80.33427729501659
167605,1060.0,1283.5558090880543,-223.55580908805427
167631,950.0,963.0788113488849,-13.07881134888487
167660,447.0,470.5664761002223,-23.566476100222303
167728,945.0,1140.5232889946467,-195.5232889946467
167754,1405.0,1360.2537549956055,44.746245004394495
167763,990.0,1190.688065493078,-200.68806549307806
167766,1323.0,1211.8000283976949,111.19997160230514
167796,1041.0,1082.2723298460803,-41.27232984608031
167799,641.0,643.2159049597547,-2.2159049597546527
167862,975.0,919.2405376798483,55.75946232015167
167879,1160.0,1054.2334751765313,105.76652482346867
167887,1590.0,1229.2982236746748,360.7017763253252
167922,725.0,1180.022329080673,-455.022329080673
167930,1245.0,1151.679129029271,93.32087097072895
167940,604.0,650.7124039080287,-46.712403908028705
168011,543.0,725.5177645018505,-182.51776450185048
168026,655.0,659.993261351142,-4.993261351141996
168031,1050.0,993.2295069208985,56.77049307910147
168046,635.0,721.831185085292,-86.83118508529196
168054,1220.0,1229.6213691943935,-9.621369194393537
168098,1110.0,908.6214808302183,201.37851916978173
168148,1020.0,1129.007798508866,-109.00779850886602
168151,830.0,953.6260410365379,-123.62604103653791
168195,1047.0,1010.1802969126842,36.819703087315816
168241,645.0,639.8235238833346,5.1764761166654125
168262,785.0,724.6136048953749,60.38639510462508
168265,475.0,661.5556933081899,-186.55569330818992
168308,1110.0,1118.4084937839618,-8.40849378396183
168324,740.0,789.5507256596343,-49.55072565963428
168349,1190.0,1177.7945349444992,12.205465055500781
168403,1100.0,1193.7576673672493,-93.75766736724927
168428,1300.0,1202.5204578304272,97.47954216957282
168434,1325.0,1005.8722707890669,319.1277292109331
168455,1050.0,1260.0982884210653,-210.09828842106526
168492,1275.0,1168.7734392267405,106.22656077325951
168524,540.0,740.3404263643779,-200.3404263643779
168621,1140.0,1205.15329557491,-65.15329557491009
168636,667.0,688.3326771483918,-21.33267714839178
168641,677.0,645.0221400511574,31.977859948842593
168665,715.0,660.0969053811287,54.90309461887125
168682,930.0,1031.2776506885195,-101.27765068851954
168754,675.0,754.1458532069445,-79.14585320694448
168762,595.0,712.6822504052932,-117.68225040529319
168768,583.0,621.4516913660736,-38.451691366073646
168783,705.0,658.8611524824457,46.13884751755427
168813,1163.0,1221.6136568351033,-58.61365683510326
168815,1395.0,1220.5412525509314,174.4587474490686
168879,1185.0,1126.8170114722295,58.182988527770476
168887,1325.0,1303.2790597138983,21.720940286101722
168959,1000.0,1180.3448146587864,-180.3448146587864
168963,595.0,697.6553937874119,-102.65539378741187
169012,707.0,610.9993875722218,96.00061242777815
169085,778.0,876.7059315102346,-98.70593151023456
169110,776.0,1076.9277759874162,-300.9277759874162
169115,1390.0,1359.7795243941712,30.220475605828824
169208,1095.0,1255.2637207711,-160.2637207711
169241,1544.0,1196.3380747873666,347.6619252126334
169268,920.0,1033.1637903050596,-113.16379030505959
169353,658.0,736.530585987876,-78.53058598787595
169378,655.0,606.6873711941554,48.31262880584461
169474,1155.0,1160.095633636618,-5.095633636618004
169582,1210.0,930.2339176870885,279.7660823129115
169668,609.0,721.1646003684549,-112.1646003684549
169682,820.0,744.8930272359162,75.10697276408382
169691,700.0,708.3065819472947,-8.306581947294717
169710,1150.0,1157.9765191323986,-7.976519132398607
169778,584.0,645.5852088127533,-61.58520881275331
169782,1285.0,1169.08560386706,115.91439613294006
169802,1395.0,1290.805146297682,104.19485370231791
169811,730.0,787.1859461759614,-57.18594617596136
169822,1125.0,1008.4629709324093,116.53702906759065
169876,533.0,620.2296380371187,-87.22963803711866
169878,1310.0,1209.534844237603,100.46515576239699
169912,940.0,1029.039961360467,-89.03996136046703
169913,1290.0,1195.9488324629199,94.05116753708012
169940,870.0,1105.3802171685077,-235.38021716850767
169990,1050.0,1135.5682497779846,-85.56824977798465
170004,1125.0,1225.415870196904,-100.41587019690405
170017,730.0,997.4371972424665,-267.4371972424665
170038,584.0,683.5234258414818,-99.52342584148175
170056,730.0,676.121335345692,53.878664654307954
170102,695.0,689.6230269237799,5.376973076220111
170104,835.0,913.7432944826683,-78.74329448266826
170150,770.0,998.6296927236409,-228.62969272364091
170164,1145.0,1086.2075211735946,58.792478826405386
170169,1200.0,1252.1675949520834,-52.16759495208339
170220,1323.0,1077.888942408994,245.1110575910061
170222,570.0,674.0533386271507,-104.05333862715065
170224,925.0,969.7854319287501,-44.785431928750086
170244,1540.0,1285.11204135833,254.8879586416699
170245,930.0,1061.4696888774895,-131.4696888774895
170247,465.0,734.6002562876909,-269.60025628769085
170260,990.0,878.9768715485568,111.0231284514432
170263,1380.0,1221.3350253582328,158.66497464176723
170313,970.0,1052.9190565021484,-82.91905650214835
170315,1207.0,1267.0153855919953,-60.015385591995255
170321,935.0,1097.9140340882184,-162.9140340882184
170330,370.0,550.1752252308344,-180.17522523083437
170335,1000.0,726.1295090334605,273.8704909665395
170340,560.0,577.3993143620584,-17.399314362058362
170409,1090.0,1180.3245982511266,-90.32459825112664
170437,1335.0,1276.28418789927,58.71581210073009
170460,1120.0,979.0073606800754,140.9926393199246
170472,567.0,704.0555853188526,-137.05558531885265
170531,1301.0,1093.8218626577943,207.17813734220567
170595,885.0,965.4738473537208,-80.47384735372077
170604,1036.0,1148.1954977929,-112.19549779289991
170730,725.0,633.3519827877635,91.64801721223648
170751,1030.0,1192.2028291007907,-162.20282910079072
170783,720.0,648.1250894057722,71.8749105942278
170789,565.0,656.240773778383,-91.24077377838296
170833,992.0,949.3919181016528,42.60808189834722
170852,1340.0,1059.4711610585343,280.52883894146566
170854,1050.0,913.5910874457791,136.40891255422093
170891,920.0,1047.0878141300893,-127.08781413008933
170903,1060.0,1015.2821601859387,44.717839814061335
170911,955.0,1033.0741186073299,-78.07411860732986
170918,1280.0,1105.7824547415148,174.2175452584852
170920,1180.0,1167.6739556761595,12.326044323840506
170928,1115.0,927.9394874605614,187.0605125394386
170936,1035.0,1195.0654227985249,-160.06542279852488
171012,900.0,1125.1087538184772,-225.10875381847723
171014,805.0,751.7329919286814,53.26700807131863
171036,1040.0,1120.0470698034499,-80.04706980344986
171049,600.0,646.4422601853475,-46.44226018534755
171068,1540.0,1231.4431443616813,308.55685563831867
171074,1000.0,928.0667490190607,71.9332509809393
171075,1090.0,1006.8031668624103,83.19683313758969
171093,665.0,698.350674702925,-33.35067470292495
171122,1015.0,965.4738473537208,49.52615264627923
171244,1215.0,1260.4066895057383,-45.40668950573831
171283,1036.0,1295.6116818764642,-259.6116818764642
171345,795.0,591.5506049146904,203.44939508530956
171360,575.0,613.0147415239269,-38.01474152392689
171409,620.0,653.972829622774,-33.97282962277404
171410,673.0,667.959073507214,5.040926492785957
171416,1080.0,1183.4146610243051,-103.41466102430513
171467,710.0,978.4263962583822,-268.42639625838217
171501,895.0,865.9359477928266,29.064052207173404
171504,840.0,762.1254925331402,77.87450746685977
171514,1117.0,1145.6531508627374,-28.653150862737448
171525,645.0,685.4363800582917,-40.43638005829166
171594,889.0,984.8015287065464,-95.80152870654638
171622,1071.0,1117.2430637337625,-46.24306373376248
171634,780.0,822.1162148454305,-42.11621484543048
171639,860.0,660.7074533941276,199.29254660587242
171645,1320.0,1287.6155428427667,32.38445715723333
171694,500.0,700.1449622128579,-200.14496221285788
171765,1208.0,1124.3510507527674,83.64894924723262
171806,1270.0,1112.7001783377577,157.29982166224227
171817,1190.0,1246.049645790516,-56.049645790516024
171818,1120.0,1272.9085692594626,-152.90856925946264
171857,1070.0,1165.2775638708106,-95.27756387081058
171895,785.0,826.7894021586415,-41.78940215864145
171907,735.0,694.996721771896,40.00327822810402
171947,1485.0,1331.396093214168,153.6039067858319
171953,1430.0,1236.188019806819,193.81198019318094
171976,1100.0,902.3147673938885,197.68523260611153
172012,804.0,1183.2527889571136,-379.2527889571136
172026,606.0,709.7596511965677,-103.75965119656769
172107,1035.0,1054.1924612054759,-19.192461205475865
172118,1130.0,1143.4874645031211,-13.487464503121146
172228,845.0,962.7414242417592,-117.7414242417592
172240,955.0,1199.2832994670648,-244.2832994670648
172271,1060.0,823.117163117746,236.88283688225397
172299,990.0,1144.7442475791904,-154.74424757919041
172311,310.0,546.8059539497207,-236.80595394972067
172315,1135.0,1128.50047230807,6.499527691930098
172323,910.0,1087.3743378389115,-177.37433783891152
172342,1170.0,1237.1067311860843,-67.10673118608429
172360,1130.0,1164.3511313144654,-34.35113131446542
172368,1395.0,1197.6778946132802,197.32210538671984
172380,1125.0,1255.4608974347257,-130.46089743472567
172386,1205.0,1285.8871929227323,-80.88719292273231
172405,1000.0,1182.2262187123779,-182.2262187123779
172411,585.0,553.7386229251284,31.261377074871575
172412,455.0,655.8931209825118,-200.89312098251185
172417,816.0,800.5810239991291,15.418976000870884
172437,960.0,1207.6990488458111,-247.69904884581115
172539,1086.0,1177.373374647951,-91.3733746479511
172568,640.0,565.844776709909,74.15522329009104
172650,835.0,700.0625350488982,134.9374649511018
172663,1115.0,998.5089406024076,116.49105939759238
172702,620.0,539.5361767703706,80.46382322962938
172718,975.0,932.3704241019367,42.62957589806331
172839,1165.0,1073.5522799861972,91.44772001380284
172885,732.0,740.792839916328,-8.792839916328035
172932,860.0,1175.0547370905451,-315.05473709054513
172949,675.0,659.6403283223996,15.359671677600431
172971,1375.0,1127.4776864170553,247.52231358294466
172985,940.0,1190.0892329248015,-250.08923292480154
173018,1145.0,1106.1666828525035,38.83331714749647
173026,570.0,705.5664430744317,-135.56644307443173
173032,950.0,788.6065586352253,161.39344136477473
173097,630.0,712.6324373836604,-82.63243738366043
173133,965.0,1017.4297553752966,-52.42975537529662
173142,1015.0,761.9827464592398,253.01725354076018
173151,1230.0,1006.1006170086978,223.89938299130222
173215,1170.0,1009.0735499382017,160.92645006179828
173221,992.0,861.1101453634411,130.88985463655888
173237,985.0,1163.927143356143,-178.927143356143
173247,1210.0,1226.5651875235221,-16.565187523522127
173311,1290.0,1249.799127360657,40.20087263934306
173314,1020.0,1135.2514269172882,-115.2514269172882
173373,615.0,696.7679580419924,-81.76795804199242
173390,630.0,639.3799085061263,-9.379908506126299
173410,1205.0,1227.7254882607383,-22.725488260738302
173422,1410.0,1239.371270424233,170.628729575767
173463,585.0,665.342910750527,-80.34291075052704
173483,790.0,706.6344562797041,83.36554372029593
173487,550.0,662.028643384763,-112.02864338476297
173540,990.0,1060.4973034025652,-70.4973034025652
173557,970.0,939.5771296022217,30.422870397778297
173559,450.0,691.1640718510337,-241.16407185103367
173609,1055.0,1046.0564177349409,8.943582265059149
173613,678.0,587.8515206313297,90.14847936867034
173615,1095.0,1033.040842689318,61.95915731068203
173660,1121.0,1318.8771997289275,-197.8771997289275
173674,904.0,977.6595600865337,-73.6595600865337
173802,1003.0,1094.1334269129563,-91.13342691295634
173849,1151.0,1023.7162776575278,127.28372234247217
173853,850.0,991.9723716931215,-141.97237169312154
173871,1100.0,1240.0188182326854,-140.01881823268536
173872,650.0,648.2204340536704,1.779565946329626
173891,1301.0,1279.0202760950815,21.9797239049185
173977,730.0,788.6712387566138,-58.671238756613775
173994,975.0,1026.8795009529927,-51.87950095299266
174069,1175.0,1015.078767291537,159.92123270846298
174101,742.0,616.7035972807776,125.29640271922244
174146,1145.0,1223.446365148854,-78.44636514885406
174162,1031.0,1117.956110731417,-86.95611073141708
174182,1105.0,1109.826544167199,-4.8265441671990175
174183,1080.0,1129.5197337812722,-49.51973378127218
174206,590.0,595.8912176773397,-5.891217677339682
174239,1487.0,1295.252690477505,191.74730952249502
174360,950.0,987.3173422085457,-37.31734220854571
174384,1290.0,1191.9235012504093,98.07649874959066
174415,1212.0,970.6836600996905,241.31633990030946
174430,1080.0,1216.8360207452251,-136.83602074522514
174439,950.0,911.464470238095,38.53552976190497
174452,1210.0,910.7330074225509,299.26699257744906
174460,1091.0,1017.688637325637,73.31136267436295
174474,815.0,682.514699041209,132.48530095879096
174521,733.0,654.1085806878303,78.89141931216966
174527,1372.0,1052.3930674468866,319.60693255311344
174546,980.0,873.793879017984,106.20612098201605
174575,980.0,950.4286461852716,29.571353814728354
174586,1136.0,816.6151686215762,319.38483137842377
174629,1085.0,1201.1121641408627,-116.11216414086266
174630,636.0,726.3084904237172,-90.30849042371722
174643,1252.0,1099.0938152865933,152.90618471340667
174670,1257.0,1107.13833994709,149.8616600529101
174699,900.0,1096.5712252224766,-196.57122522247664
174707,1021.0,1198.8590463913717,-177.85904639137175
174816,1036.0,1135.2699968999816,-99.2699968999816
174890,716.0,965.204618869712,-249.20461886971202
174925,1140.0,991.5640919457644,148.4359080542356
174984,980.0,965.7345297007593,14.265470299240746
175010,885.0,1039.5000806919052,-154.50008069190517
175037,1070.0,1180.2480366789089,-110.24803667890887
175038,886.0,713.9462326940003,172.0537673059997
175062,1250.0,1120.2211456294463,129.77885437055374
175093,1240.0,993.1553855944557,246.84461440554435
175099,870.0,920.044607003693,-50.044607003693045
175100,1480.0,1252.0476748426515,227.95232515734847
175186,630.0,681.1578897014358,-51.157889701435806
175217,680.0,640.2113896762582,39.78861032374175
175323,1310.0,1206.0817559261527,103.91824407384729
175417,1070.0,1044.81401079542,25.185989204579982
175439,930.0,711.2733305929197,218.7266694070803
175533,1405.0,1297.7398922572015,107.26010774279848
175541,1310.0,1167.1054104949196,142.89458950508038
175750,1171.0,1178.3448200863068,-7.344820086306754
175779,1625.0,1222.7527059700642,402.2472940299358
175785,1095.0,1001.0624458669344,93.93755413306565
175877,490.0,612.4352188205452,-122.43521882054517
175892,935.0,1096.5712252224766,-161.57122522247664
175902,800.0,666.1751394010466,133.82486059895336
175920,710.0,732.1221329225191,-22.122132922519086
175930,965.0,708.5077008484674,256.4922991515326
175975,952.0,1094.9784606819985,-142.9784606819985
175976,655.0,710.0434545059162,-55.0434545059162
176037,776.0,709.700944753752,66.29905524624803
176123,1255.0,1282.3647623286622,-27.36476232866221
176130,920.0,1001.1891645596852,-81.1891645596852
176169,507.0,561.643013687601,-54.643013687600956
176210,1010.0,1237.730084041453,-227.73008404145298
176211,546.0,803.400365858195,-257.40036585819496
176223,1070.0,1234.5247551915759,-164.52475519157588
176272,1160.0,836.6632057732558,323.33679422674425
176288,970.0,1021.3816458443591,-51.38164584435913
176358,950.0,1031.6564173702116,-81.65641737021156
176361,935.0,725.693760404281,209.30623959571903
176373,1198.0,1155.6022593387281,42.39774066127188
176417,1090.0,1235.0268539323552,-145.02685393235515
176437,1210.0,1321.3081149257907,-111.30811492579073
176475,996.0,1244.9738430645223,-248.97384306452227
176477,1005.0,1005.7602356635917,-0.7602356635917431
176489,800.0,952.8524659692157,-152.8524659692157
176556,940.0,1095.9084369843695,-155.90843698436947
176648,981.0,1040.0835430492994,-59.08354304929935
176707,745.0,690.8191591324282,54.18084086757176
176742,1255.0,1027.065383515734,227.93461648426592
176851,583.0,616.3879602982624,-33.38796029826244
176870,1378.0,1132.3943334843673,245.60566651563272
176880,661.0,680.5637948697391,-19.563794869739127
176892,1080.0,1207.8065654044185,-127.8065654044185
176930,999.0,1105.7611434523205,-106.76114345232054
176960,926.0,878.4836080271407,47.51639197285931
177085,954.0,1302.5892036960454,-348.5892036960454
177118,795.0,1006.2666211732823,-211.26662117328226
177123,1220.0,1190.0439999346308,29.956000065369153
177200,1024.0,1143.5641079439065,-119.56410794390649
177201,825.0,748.9216954154227,76.07830458457727
177204,407.0,641.355375881131,-234.35537588113095
177257,975.0,1132.0145174891954,-157.01451748919544
177302,1000.0,1051.9691926971943,-51.96919269719433
177322,950.0,1002.429107306194,-52.429107306194055
177325,1060.0,1223.583655377143,-163.58365537714303
177378,1090.0,1234.4028911049636,-144.4028911049636
177413,705.0,641.6137379346642,63.38626206533581
177441,1290.0,1015.5916743183196,274.40832568168037
177478,770.0,989.7941128545801,-219.79411285458013
177521,1135.0,1120.7390982181005,14.26090178189952
177604,895.0,927.7263952641592,-32.72639526415924
177630,935.0,781.95230990674,153.04769009326003
177635,1091.0,1020.322020750814,70.67797924918602
177762,1150.0,1283.0202790236847,-133.02027902368468
177786,1160.0,1086.4837972263163,73.51620277368374
177821,1040.0,1185.4727953646486,-145.47279536464862
177828,908.0,707.5782474772725,200.4217525227275
177839,1205.0,1068.5595078842596,136.44049211574043
177858,420.0,670.0393660515389,-250.03936605153888
177872,645.0,696.4424809024601,-51.44248090246015
177915,1505.0,1326.3536697179989,178.64633028200114
177942,1320.0,1115.3632206588318,204.63677934116822
177944,1255.0,1210.6197065824242,44.380293417575785
177960,612.0,653.66833417239,-41.66833417239002
178078,935.0,714.1887007070948,220.81129929290523
178113,930.0,814.4017306574325,115.5982693425675
178114,555.0,654.3497427245318,-99.34974272453178
178135,760.0,642.4374472901123,117.56255270988765
178153,770.0,775.3370864238144,-5.337086423814412
178175,871.0,1174.5930855224237,-303.59308552242373
178198,1325.0,1277.9716337153347,47.02836628466525
178295,845.0,1161.542895091693,-316.542895091693
178314,936.0,1213.4293184106957,-277.4293184106957
178321,760.0,724.2749787338051,35.72502126619486
178337,965.0,940.1057811698334,24.89421883016655
178344,955.0,885.5393578879058,69.4606421120942
178357,642.0,587.2687964948122,54.73120350518775
178422,576.0,916.3403473465329,-340.3403473465329
178497,641.0,647.8684135855283,-6.8684135855282875
178502,1150.0,1195.556595524042,-45.556595524041995
178511,1065.0,1123.0921507799105,-58.092150779910526
178515,1105.0,1033.750313145413,71.24968685458703
178521,1425.0,1201.5052361282508,223.49476387174923
178529,930.0,955.93596176473,-25.935961764729996
178571,825.0,643.072091825013,181.927908174987
178583,1305.0,1041.2962054875798,263.70379451242025
178589,655.0,669.2342992268852,-14.234299226885241
178648,830.0,1107.637539574518,-277.6375395745181
178660,1105.0,1057.3041395598243,47.69586044017569
178694,860.0,1061.5174717754921,-201.51747177549214
178749,1050.0,1181.529726955204,-131.52972695520407
178787,1150.0,888.4827983760616,261.5172016239384
178824,830.0,678.2953537961956,151.70464620380437
178825,1330.0,1335.6454854708809,-5.645485470880885
178874,849.0,694.6107279332547,154.38927206674532
178933,1058.0,1041.6444690359936,16.355530964006448
178971,1305.0,1237.6799217904136,67.32007820958643
178979,1539.0,1307.4374075103035,231.5625924896965
179019,1450.0,1203.3780826657305,246.62191733426948
179043,1230.0,1231.212753279265,-1.2127532792649163
179097,605.0,611.864691559917,-6.8646915599169915
179107,635.0,678.2953537961956,-43.29535379619563
179160,770.0,1113.7155729016893,-343.71557290168926
179192,775.0,763.1421503996431,11.857849600356872
179216,1125.0,1194.9759175648703,-69.97591756487031
179258,1565.0,1220.3195413044284,344.6804586955716
179270,1035.0,1186.7837731177424,-151.78377311774238
179275,870.0,963.3252651839883,-93.32526518398834
179276,1020.0,920.4470430230804,99.55295697691963
179304,1175.0,1204.343416329192,-29.343416329191996
179311,680.0,941.723518892344,-261.72351889234403
179376,955.0,1235.1385689271794,-280.13856892717945
179435,1125.0,1289.2401858235303,-164.24018582353028
179467,510.0,659.029351088695,-149.02935108869497
179493,680.0,784.5363874160022,-104.53638741600219
179560,749.0,965.9832767609807,-216.98327676098074
179607,555.0,715.6850787934866,-160.68507879348658
179621,667.0,673.6618513251567,-6.661851325156704
179633,690.0,761.5996216623598,-71.59962166235982
179656,1170.0,1254.9526545999458,-84.95265459994584
179675,535.0,610.7339417221265,-75.73394172212647
179701,1155.0,1209.1670891954857,-54.16708919548569
179714,1075.0,979.4362660114443,95.56373398855567
179753,1085.0,1202.5540112309745,-117.55401123097454
179778,1020.0,1094.937312755483,-74.93731275548294
179812,450.0,672.9659757367895,-222.96597573678946
179819,760.0,1140.820963260576,-380.82096326057604
179824,992.0,1064.6361670187391,-72.63616701873912
179888,670.0,1143.795220008729,-473.7952200087291
179921,743.0,591.2985621593441,151.7014378406559
179939,835.0,706.4683900354943,128.53160996450572
179945,1360.0,1086.2485725867523,273.7514274132477
179963,905.0,824.5931586761699,80.40684132383012
179973,355.0,586.146135890246,-231.146135890246
179994,815.0,621.8610741401158,193.13892585988424
180040,675.0,731.9862448960635,-56.986244896063454
180071,880.0,787.7218666384484,92.27813336155157
180121,860.0,1191.7370200126948,-331.73702001269476
180137,785.0,871.5621623379222,-86.56216233792225
180180,1055.0,1157.1208256647064,-102.12082566470644
180202,1260.0,1058.1895329840493,201.81046701595074
180218,480.0,598.462011623682,-118.46201162368197
180233,620.0,607.9364753691179,12.063524630882057
180270,1385.0,1283.230431954315,101.76956804568499
180303,750.0,662.7263298893448,87.27367011065519
180340,1058.0,1170.008903163715,-112.0089031637151
180360,1045.0,1206.8738851166793,-161.87388511667928
180418,695.0,642.1790350875086,52.82096491249138
180429,980.0,713.9633297084938,266.0366702915062
180467,1060.0,1189.767361701069,-129.76736170106892
180470,1102.0,1133.2953296914873,-31.295329691487268
180516,1265.0,1147.7612378755398,117.23876212446021
180594,1190.0,1046.65682171363,143.34317828636995
180597,1135.0,979.940198967432,155.05980103256798
180614,755.0,857.8619990178908,-102.86199901789075
180617,1185.0,1421.0654223102836,-236.06542231028357
180626,600.0,674.2775763871883,-74.27757638718833
180627,1215.0,1130.970367638505,84.02963236149503
180635,758.0,783.0029774069584,-25.002977406958394
180637,1045.0,999.6538244851158,45.34617551488418
180672,1385.0,1132.4090283988985,252.5909716011015
180686,970.0,1168.6154273204554,-198.6154273204554
180711,770.0,757.4790699298751,12.520930070124905
180720,700.0,688.2689379071173,11.731062092882667
180757,877.0,666.5987994258171,210.4012005741829
180851,935.0,1071.802819478209,-136.8028194782089
180860,1135.0,1262.0754909171642,-127.07549091716419
180916,800.0,1006.3090223652791,-206.30902236527913
180923,760.0,609.951846027916,150.04815397208404
180980,1170.0,1006.601555894122,163.39844410587796
180990,1220.0,1263.3577280529669,-43.35772805296688
181010,1255.0,1234.7148830393126,20.285116960687446
181016,850.0,935.1290914398606,-85.12909143986064
181022,1305.0,1123.9352883580514,181.06471164194863
181076,1095.0,1223.113220271409,-128.1132202714091
181078,600.0,712.2394898248047,-112.23948982480465
181097,730.0,657.8844170869185,72.11558291308154
181130,735.0,911.9520911606479,-176.9520911606479
181146,1095.0,1116.603198970154,-21.603198970153926
181179,1035.0,1008.5899556705041,26.410044329495918
181212,1365.0,1232.786858059522,132.21314194047795
181221,990.0,1032.4982852512933,-42.49828525129328
181249,1030.0,1079.8836539643344,-49.88365396433437
181282,1170.0,1311.313114056922,-141.3131140569219
181299,430.0,626.677701837368,-196.67770183736798
181319,1055.0,1194.5565221607417,-139.55652216074168
181324,700.0,726.3488720810343,-26.3488720810343
181327,790.0,900.7506258424461,-110.75062584244608
181339,665.0,590.7834744733248,74.21652552667524
181402,860.0,963.6965998697524,-103.69659986975239
181403,693.0,608.5141536049763,84.48584639502371
181419,1180.0,1146.5297477278802,33.47025227211975
181450,517.0,691.0910001952956,-174.09100019529558
181474,1055.0,1026.5566886324007,28.443311367599335
181557,1090.0,967.3108730352039,122.68912696479606
181579,985.0,1007.6920029434383,-22.692002943438297
181621,745.0,741.7828601542747,3.2171398457253417
181652,1400.0,1272.8826727514338,127.1173272485662
181667,970.0,1191.1762277129094,-221.1762277129094
181675,1250.0,1176.86945815467,73.13054184533007
181677,420.0,672.5914402845693,-252.59144028456933
181705,615.0,843.1442665011119,-228.14426650111193
181718,780.0,710.078239192158,69.92176080784202
181750,615.0,726.4132149736832,-111.41321497368324
181767,560.0,988.8107959193192,-428.81079591931916
181785,990.0,1102.104947846018,-112.10494784601792
181791,1350.0,1361.8368512099728,-11.836851209972792
181838,1220.0,1175.501487499766,44.49851250023403
181910,711.0,765.094189751387,-54.094189751387034
181942,1050.0,984.0045198534142,65.9954801465858
181948,805.0,889.6829385355555,-84.68293853555554
181969,677.0,697.9194361529131,-20.919436152913136
181974,551.0,672.5748481666288,-121.57484816662884
181986,1130.0,1156.2653733024008,-26.265373302400803
182073,860.0,929.3743474249995,-69.37434742499954
182167,624.0,646.589134186183,-22.589134186182946
182232,1205.0,1214.2348002737706,-9.234800273770588
182239,1350.0,1237.4366866648247,112.56331333517528
182264,1172.0,942.7349230732947,229.26507692670532
182336,1014.0,1082.4878695340358,-68.48786953403578
182360,1113.0,1113.5545239939743,-0.5545239939742714
182407,1212.0,900.8168843553555,311.18311564464454
182420,762.0,605.3300427970923,156.66995720290765
182432,1240.0,1159.3955662106935,80.60443378930654
182435,1120.0,1248.3645425117506,-128.36454251175064
182439,915.0,1103.1983316830363,-188.19833168303626
182457,585.0,619.5574208052458,-34.55742080524578
182485,860.0,880.3959957617346,-20.39599576173464
182538,990.0,1043.0968185537258,-53.096818553725825
182540,1025.0,895.0286172069586,129.97138279304136
182557,1003.0,1130.1851148708713,-127.1851148708713
182603,1120.0,1147.9270086076547,-27.92700860765467
182609,1265.0,1269.789154790032,-4.789154790031944
182622,465.0,635.1746050161396,-170.1746050161396
182631,1200.0,962.0182758674997,237.9817241325003
182676,790.0,729.101049145088,60.89895085491196
182678,715.0,693.6756800569332,21.324319943066826
182706,1005.0,1278.2184477945646,-273.21844779456455
182714,1255.0,1032.6806452716412,222.3193547283588
182721,1091.0,1094.3970660815694,-3.397066081569392
182746,675.0,690.7452343807596,-15.745234380759598
182771,845.0,682.2582324878032,162.74176751219682
182782,1145.0,1212.6613888938896,-67.66138889388958
182816,1270.0,1267.1674815234496,2.8325184765503764
182849,1125.0,1057.9729776999056,67.02702230009436
182877,920.0,868.8626825396824,51.137317460317604
182884,1025.0,981.3883814942794,43.61161850572057
182909,530.0,622.9411214290988,-92.94112142909876
182958,1320.0,1159.4692508973412,160.53074910265877
183000,487.0,580.7992198978898,-93.79921989788977
183017,730.0,658.1141504634801,71.88584953651991
183049,1015.0,1092.9356742318434,-77.93567423184345
183117,580.0,601.6219864688467,-21.62198646884667
183168,935.0,1175.1815273619593,-240.1815273619593
183302,20.0,1054.7339761577805,-1034.7339761577805
183331,1260.0,1219.0077260697944,40.992273930205556
183358,1010.0,1023.0068259738774,-13.006825973877426
183362,715.0,665.9192011818609,49.0807988181391
183408,1130.0,878.9768715485568,251.0231284514432
183420,760.0,693.9910420342242,66.00895796577583
183424,1100.0,1228.414832907539,-128.414832907539
183505,735.0,621.5866481081486,113.41335189185145
183565,1405.0,1367.3052642500002,37.694735749999836
183635,840.0,1063.1362894806432,-223.1362894806432
183638,705.0,666.1507974134163,38.849202586583715
183651,1280.0,1201.6471653912718,78.35283460872824
183657,1120.0,1107.8189518099837,12.181048190016327
183660,420.0,656.1051736174259,-236.10517361742586
183675,932.0,758.1916168935851,173.8083831064149
183677,800.0,1075.4454337412058,-275.44543374120576
183686,635.0,685.8893412082251,-50.88934120822512
183687,770.0,644.0467661189728,125.95323388102724
183712,640.0,672.1912160842016,-32.19121608420164
183715,1195.0,1269.3880293564805,-74.3880293564805
183717,1310.0,1424.8212309047185,-114.8212309047185
183729,455.0,707.2210219413374,-252.22102194133743
183741,962.0,965.3986107389962,-3.39861073899624
183809,770.0,784.4527248459492,-14.452724845949206
183817,1275.0,1401.8109428561518,-126.81094285615177
183847,1070.0,1236.6371801166997,-166.6371801166997
183863,626.0,595.5210244217635,30.478975578236486
183886,620.0,719.4846938819568,-99.48469388195679
183888,735.0,705.5979662435483,29.402033756451715
183890,1070.0,1164.6310225879047,-94.63102258790468
183916,1140.0,1053.415632373427,86.58436762657311
183930,1350.0,1113.5390082982071,236.46099170179286
183931,996.0,848.1684953871621,147.83150461283788
183961,730.0,727.2597781776475,2.7402218223525097
184011,590.0,595.9349129646516,-5.93491296465163
184023,1070.0,1237.6563020212059,-167.65630202120587
184052,600.0,588.5839091915356,11.416090808464446
184062,790.0,1118.6498796070553,-328.64987960705525
184080,855.0,743.4865030686681,111.51349693133193
184087,782.0,674.3725780668892,107.62742193311078
184115,545.0,645.3639680572907,-100.36396805729066
184142,700.0,728.4281777985209,-28.428177798520892
184218,1320.0,1254.4298925850455,65.57010741495446
184241,855.0,652.2745177513414,202.72548224865864
184284,1058.0,1004.420890848355,53.57910915164496
184288,1540.0,1200.6516739717338,339.34832602826623
184333,925.0,1233.6363322384118,-308.6363322384118
184506,1375.0,1123.2017108693703,251.79828913062966
184523,1120.0,1066.4802088932738,53.51979110672619
184538,660.0,585.7195897885852,74.28041021141485
184639,613.0,646.3666471203675,-33.366647120367475
184694,1150.0,1115.452294210971,34.547705789028896
184716,1365.0,1064.3291796519702,300.6708203480298
184719,990.0,1118.8103553075784,-128.81035530757845
184784,1115.0,1325.6461736610902,-210.6461736610902
184820,1120.0,1192.2244907813463,-72.22449078134628
184849,1435.0,1227.5745622845316,207.42543771546843
184867,1285.0,1180.6211193380657,104.37888066193432
184888,1410.0,1249.6150803111389,160.38491968886115
184908,974.0,1053.2537539019513,-79.25375390195131
184931,975.0,949.9290144345006,25.070985565499427
184948,725.0,696.3069077622346,28.693092237765427
185019,880.0,917.9576288231074,-37.95762882310737
185071,1220.0,1194.4361876791663,25.563812320833676
185092,1400.0,1213.1713954087734,186.82860459122662
185172,1320.0,1292.6193000102899,27.380699989710138
185216,1115.0,1256.171951553615,-141.17195155361492
185240,1182.0,1165.0629785289766,16.9370214710234
185300,1035.0,1261.5167113731422,-226.51671137314224
185314,750.0,667.7137205584611,82.28627944153891
185391,635.0,688.3694462521191,-53.36944625211913
185452,538.0,666.7443065376879,-128.74430653768786
185472,980.0,1100.6748090502567,-120.67480905025673
185563,1285.0,1230.509621167039,54.490378832960914
185576,1180.0,1115.1671138329402,64.83288616705977
185582,1600.0,1247.883730966052,352.1162690339479
185585,1020.0,906.3085916173709,113.6914083826291
185588,1141.0,946.2571759620006,194.7428240379994
185591,910.0,987.0467183390735,-77.04671833907355
185643,1355.0,1144.7442475791904,210.25575242080959
185701,905.0,891.1044348918977,13.895565108102346
185736,935.0,1011.6086658675939,-76.60866586759391
185794,1240.0,1123.3298636406707,116.67013635932926
185831,1010.0,1094.8192148273156,-84.81921482731559
185845,1265.0,1176.5913320423685,88.40866795763145
185850,840.0,1277.445170469326,-437.44517046932606
185862,1405.0,1291.4694565878444,113.53054341215557
185959,990.0,979.977506670603,10.02249332939698
185979,596.0,687.5752313319158,-91.5752313319158
186007,850.0,1023.8021268785249,-173.80212687852486
186034,753.0,1165.6265607424277,-412.6265607424277
186063,455.0,720.8909045722655,-265.8909045722655
186089,675.0,798.3857684219279,-123.38576842192788
186098,930.0,1270.5322465589845,-340.5322465589845
186172,560.0,670.2280093975764,-110.22800939757644
186247,1185.0,1149.9691948346926,35.030805165307356
186340,715.0,680.1161153990996,34.88388460090039
186392,900.0,909.0616243900555,-9.0616243900555
186412,970.0,1045.3617539516126,-75.36175395161263
186417,1181.0,1044.3068169982046,136.69318300179543
186449,1005.0,1271.8790983290503,-266.8790983290503
186487,810.0,679.7173047758147,130.28269522418532
186537,740.0,632.6649412904401,107.33505870955992
186545,680.0,783.1619811971556,-103.16198119715557
186557,1230.0,1254.4145850654502,-24.414585065450183
186562,1410.0,1189.7108048596929,220.28919514030713
186572,735.0,774.428265089066,-39.42826508906603
186589,980.0,969.7854319287501,10.214568071249914
186591,740.0,647.7941513170156,92.20584868298442
186642,404.0,651.021700657706,-247.021700657706
186682,1200.0,1108.222271578378,91.77772842162199
186705,1065.0,1060.0742510855575,4.925748914442465
186724,1350.0,1192.2244907813463,157.77550921865372
186730,1415.0,1173.6169509596277,241.38304904037227
186737,1195.0,1245.5092642207187,-50.509264220718705
186743,1250.0,1254.077254160624,-4.077254160624079
186784,1580.0,1166.4337182919533,413.56628170804674
186803,1000.0,1170.7269914774624,-170.72699147746243
186809,1425.0,1156.8385939449329,268.1614060550671
186880,985.0,796.7132701556277,188.2867298443723
186907,1240.0,1050.5748158227946,189.42518417720544
186936,580.0,710.8746468033823,-130.87464680338235
187019,1245.0,1297.9542297811054,-52.95422978110537
187039,1145.0,1370.6331918368958,-225.63319183689578
187044,1295.0,1232.8576941278664,62.14230587213365
187050,808.0,624.0291041930535,183.9708958069465
187075,1280.0,1175.2152398290393,104.78476017096068
187139,1205.0,1119.0231064961256,85.97689350387441
187144,1070.0,1106.7883620098992,-36.788362009899174
187166,595.0,771.9204485962987,-176.92044859629868
187168,1220.0,1198.883183276506,21.116816723493912
187268,563.0,642.5957557072217,-79.59575570722166
187362,699.0,700.8208893706245,-1.8208893706245135
187372,1025.0,876.7561911375664,148.24380886243364
187381,1380.0,1251.7944797793064,128.20552022069364
187385,695.0,754.7707109837806,-59.770710983780646
187391,1055.0,1044.5814727153786,10.418527284621405
187466,1400.0,1340.577815097188,59.42218490281198
187519,1000.0,1075.8572988959902,-75.8572988959902
187568,440.0,1205.6765133417068,-765.6765133417068
187584,1260.0,1216.3626547279475,43.63734527205247
187585,720.0,707.0950560894056,12.904943910594397
187589,700.0,631.7631276358373,68.23687236416265
187670,669.0,546.7122941387082,122.28770586129178
187685,670.0,845.8668552210261,-175.86685522102607
187733,580.0,643.9947214185131,-63.99472141851311
187754,1455.0,1333.0845583905393,121.91544160946069
187841,712.0,664.6356746072182,47.36432539278178
187852,550.0,637.3118477432225,-87.31184774322253
187874,1380.0,1247.9961304781498,132.00386952185022
187884,1280.0,1217.3449297262102,62.65507027378976
187886,690.0,1226.4008406478345,-536.4008406478345
187889,520.0,613.3955634690634,-93.3955634690634
187909,1335.0,1225.9400587049424,109.05994129505757
187925,835.0,964.0624686990093,-129.0624686990093
187958,1070.0,1077.6068387181112,-7.6068387181112485
187985,355.0,677.3022400937584,-322.3022400937584
187998,817.0,656.9164889603867,160.0835110396133
188020,1040.0,1134.034601355476,-94.03460135547607
188036,1035.0,981.0923492727906,53.90765072720944
188092,1180.0,1127.5091983685907,52.49080163140934
188171,1325.0,1157.273952322703,167.72604767729695
188176,573.0,528.5557451213724,44.44425487862759
188195,1365.0,1275.8275580032541,89.17244199674587
188207,510.0,547.8936628228616,-37.89366282286164
188227,983.0,933.0795268533728,49.92047314662716
188253,570.0,750.8499393603468,-180.84993936034675
188316,955.0,1145.6864726218862,-190.6864726218862
188329,1246.0,1070.0081685503303,175.9918314496697
188331,794.0,756.4837706477144,37.51622935228556
188367,585.0,676.3760336660545,-91.37603366605447
188387,570.0,694.9645678341408,-124.96456783414078
188419,1180.0,1103.0973508493662,76.9026491506338
188420,675.0,971.4732130861257,-296.4732130861257
188483,1050.0,1319.5718661014432,-269.5718661014432
188494,695.0,567.937858613299,127.062141386701
188697,880.0,1147.5647597616241,-267.56475976162415
188726,655.0,683.1518955771418,-28.151895577141772
188752,1320.0,1251.464269730376,68.53573026962408
188757,970.0,1072.7194968162669,-102.71949681626688
188759,1380.0,1254.8950260584393,125.10497394156073
188781,1467.0,1150.77011813816,316.2298818618401
188782,1300.0,1035.470511811738,264.5294881882619
188825,1100.0,1142.3971343417386,-42.39713434173859
188839,640.0,657.4119925349778,-17.4119925349778
188859,680.0,638.5615259653107,41.43847403468931
188862,635.0,737.1885063391472,-102.18850633914724
188888,1010.0,1090.4200050871434,-80.42000508714341
188903,1070.0,1271.5105503609634,-201.5105503609634
188915,450.0,707.021288900395,-257.021288900395
188941,1186.0,1018.5316212991844,167.4683787008156
188952,1170.0,1073.2855191298236,96.71448087017643
188961,655.0,695.8389477282742,-40.838947728274206
189024,1115.0,1073.630302693695,41.36969730630494
189060,500.0,614.4649164040396,-114.46491640403963
189073,613.0,696.5772302984974,-83.5772302984974
189089,1030.0,1052.9579788544174,-22.957978854417433
189153,1005.0,1013.1716898665903,-8.171689866590327
189191,605.0,647.9070145731669,-42.90701457316686
189347,900.0,920.0329976933207,-20.03299769332068
189447,505.0,578.552456757669,-73.552456757669
189458,1140.0,1222.7954488566443,-82.79544885664427
189511,1065.0,1153.3045004539024,-88.30450045390239
189525,950.0,1195.0445116281207,-245.04451162812074
189545,925.0,1156.8385939449329,-231.83859394493288
189559,960.0,1050.6091125090143,-90.60911250901427
189583,1045.0,1162.463402028884,-117.46340202888405
189595,765.0,939.4054971468088,-174.40549714680878
189609,900.0,1006.3969030836515,-106.39690308365152
189643,1125.0,1029.5257400183625,95.47425998163749
189676,1280.0,1301.5450933988607,-21.545093398860672
189690,1279.0,1098.5406903826167,180.45930961738327
189747,1025.0,1401.9868622407298,-376.9868622407298
189772,1160.0,1134.0856008605836,25.914399139416446
189777,1025.0,1108.7069301772776,-83.70693017727763
189832,915.0,937.1051701100555,-22.105170110055496
189895,900.0,1075.2035434158997,-175.20354341589973
189901,1169.0,1073.0586384880485,95.94136151195153
189913,1338.0,1334.5345693663833,3.4654306336167338
189931,804.0,1206.6744498526325,-402.6744498526325
189977,981.0,1176.7901180731867,-195.7901180731867
189985,1058.0,1090.013788921805,-32.01378892180492
190049,1069.0,1037.6439289095824,31.356071090417572
190098,1277.0,1071.3015095007079,205.69849049929212
190157,1078.0,1102.3717070879786,-24.37170708797862
190173,970.0,834.8939595579608,135.10604044203922
190190,533.0,672.4729993449844,-139.47299934498437
190198,1345.0,1050.953065891959,294.0469341080409
190311,860.0,1058.8980913037228,-198.89809130372282
190320,840.0,640.8475964670871,199.1524035329129
190352,615.0,682.5764135323114,-67.57641353231145
190357,925.0,998.498972340638,-73.49897234063803
190385,730.0,628.3300507678592,101.66994923214077
190404,1191.0,1220.8190706248458,-29.819070624845835
190448,575.0,744.8260048385176,-169.82600483851763
190460,1113.0,1074.6323334597978,38.36766654020221
190466,1477.0,1122.8643835157027,354.1356164842973
190492,955.0,1355.711305253669,-400.711305253669
190499,593.0,609.3708183705418,-16.37081837054177
190532,1345.0,1234.1726121600375,110.82738783996251
190546,1170.0,949.9736121309392,220.02638786906084
190553,868.0,1035.8116722123111,-167.81167221231112
190556,1220.0,1055.651353405406,164.3486465945939
190561,1334.0,1089.1703907069668,244.82960929303317
190653,1295.0,1105.1638786010442,189.8361213989558
190686,1060.0,921.6170587758297,138.38294122417028
190852,1058.0,1134.4813252232022,-76.48132522320225
190915,1055.0,1060.0603919660412,-5.060391966041152
190924,646.0,1071.7783463241228,-425.7783463241228
190954,1473.0,1258.837575279295,214.16242472070508
190967,1085.0,711.5833014000389,373.41669859996114
190998,1185.0,914.3106111111109,270.6893888888891
191052,980.0,919.6098694858687,60.39013051413133
191055,702.0,955.1967582864813,-253.19675828648133
191091,1630.0,1365.784697210399,264.2153027896011
191095,810.0,742.3636743821935,67.6363256178065
191107,855.0,641.2258159936838,213.7741840063162
191168,970.0,1236.5368085112707,-266.5368085112707
191218,720.0,974.0267008172075,-254.02670081720748
191230,1170.0,1061.8561314586357,108.14386854136433
191243,1130.0,1095.7150714469892,34.284928553010786
191344,875.0,1051.017934526998,-176.01793452699803
191388,1180.0,1026.6970637153938,153.30293628460618
191423,750.0,712.7211706768096,37.27882932319039
191440,1231.0,1157.607327289191,73.39267271080894
191465,885.0,1091.8026294276071,-206.80262942760714
191484,500.0,720.4923670831619,-220.49236708316187
191527,975.0,1088.5071186473326,-113.50711864733262
191558,540.0,572.2655310901588,-32.26553109015879
191603,1120.0,1183.0806046242012,-63.080604624201214
191622,961.0,952.3662233944425,8.6337766055575
191654,690.0,624.1267546959938,65.87324530400622
191658,1050.0,1196.6883697772769,-146.68836977727688
191663,1205.0,944.9889769307363,260.01102306926373
191695,1535.0,1303.4905894120727,231.50941058792728
191736,940.0,988.3522322480861,-48.352232248086125
191851,767.0,595.7521003674046,171.24789963259536
191890,1380.0,1233.8897952939913,146.11020470600874
192001,1335.0,1142.4666027586347,192.53339724136526
192168,1142.0,1057.8810803524743,84.11891964752567
192215,845.0,988.6924098238128,-143.6924098238128
192220,1420.0,1029.5257400183625,390.4742599816375
192312,1510.0,1230.2820597822288,279.71794021777123
192343,1200.0,1144.241914157883,55.758085842117
192347,820.0,911.061024351834,-91.06102435183402
192370,1080.0,1042.4695217046492,37.530478295350804
192397,810.0,1096.9588620422562,-286.9588620422562
192459,525.0,565.6216991208651,-40.62169912086506
192462,975.0,998.7196012765439,-23.719601276543926
192469,860.0,1190.2971241140099,-330.2971241140099
192491,1210.0,1172.1437360257132,37.856263974286776
192611,517.0,643.0705445234242,-126.07054452342425
192689,1120.0,1148.7181749704314,-28.71817497043139
192757,725.0,722.0577409962402,2.942259003759773
192772,1015.0,1337.2550852591796,-322.2550852591796
192784,1425.0,1352.7718809966111,72.22811900338888
192831,790.0,828.932548062089,-38.93254806208904
192848,1430.0,1042.4782130615943,387.52178693840574
192879,615.0,716.9909841023969,-101.99098410239685
192951,1035.0,1122.139893592566,-87.13989359256607
192954,550.0,718.1559363557875,-168.1559363557875
192959,1050.0,1213.9778564189328,-163.9778564189328
192974,560.0,674.1463931184265,-114.14639311842654
192978,775.0,705.5833193984664,69.41668060153359
193023,860.0,834.1782803996638,25.821719600336223
193126,740.0,673.869162428541,66.13083757145898
193178,510.0,660.9049521762324,-150.90495217623243
193180,728.0,1049.0805079560853,-321.0805079560853
193185,1005.0,973.59574507698,31.40425492301995
193187,610.0,700.3463234035726,-90.34632340357257
193215,1140.0,1180.9146913262198,-40.91469132621978
193220,985.0,726.8151379715058,258.1848620284942
193228,1020.0,1071.7303561609667,-51.73035616096672
193242,1240.0,1303.0649986985054,-63.064998698505406
193245,1050.0,1194.6595848486165,-144.65958484861653
193261,959.0,931.921765760986,27.078234239014023
193307,981.0,948.4899550315225,32.51004496847747
193362,1430.0,1161.0926542863472,268.90734571365283
193376,959.0,1084.9490040657913,-125.94900406579131
193417,885.0,997.1894353423984,-112.18943534239838
193423,491.0,682.6949539493773,-191.69495394937735
193512,595.0,603.0463552497984,-8.046355249798353
193513,1130.0,1162.5347884803532,-32.5347884803532
193524,1050.0,1216.9132207764126,-166.91322077641257
193536,990.0,1027.3911619336018,-37.39116193360178
193727,1005.0,989.2846587706305,15.715341229369528
193778,435.0,618.3306730611181,-183.3306730611181
193819,1228.0,1058.3178833820944,169.68211661790565
193869,1255.0,1086.0909326111307,168.9090673888693
193874,745.0,634.7772853054789,110.22271469452107
193958,635.0,581.5448869589238,53.455113041076174
193973,650.0,1351.2545149129676,-701.2545149129676
194033,570.0,550.6254570295682,19.374542970431776
194035,1160.0,1245.2460519773415,-85.2460519773415
194099,1325.0,1290.5837428219477,34.41625717805232
194118,960.0,942.67905533188,17.320944668119978
194157,730.0,735.8398132359042,-5.8398132359042165
194184,680.0,726.5537645524582,-46.55376455245823
194223,864.0,1118.2975811882911,-254.29758118829113
194276,510.0,635.310492015754,-125.310492015754
194345,1047.0,1170.008903163715,-123.0089031637151
194355,648.0,706.3306184320046,-58.3306184320046
194356,520.0,818.8914670248585,-298.89146702485846
194433,1140.0,1148.078893548488,-8.07889354848794
194480,525.0,762.8594944011195,-237.8594944011195
194536,1367.0,1120.870491789861,246.12950821013897
194567,815.0,1016.433904189085,-201.43390418908496
194613,1330.0,1225.2121040364143,104.7878959635857
194700,1240.0,1195.147299863712,44.85270013628792
194748,617.0,725.2503012113685,-108.25030121136854
194763,1003.0,1002.6467873134565,0.353212686543543
194801,541.0,613.0703077569441,-72.07030775694409
194813,1120.0,1256.8214055047304,-136.82140550473036
194858,915.0,1022.4626167887412,-107.46261678874123
194896,1010.0,1185.067446389112,-175.0674463891121
194960,1220.0,1197.0703060177404,22.92969398225955
194998,1265.0,1118.8996635968908,146.10033640310917
195003,1365.0,1088.4143578769954,276.5856421230046
195046,715.0,755.2436050410688,-40.243605041068804
195086,1183.0,972.9498309500141,210.05016904998593
195106,585.0,604.1731210118012,-19.173121011801186
195108,1079.0,1030.2470726877996,48.75292731220043
195132,1050.0,1248.46672035433,-198.46672035432994
195134,1030.0,896.0386806407516,133.96131935924836
195141,651.0,732.0406892100373,-81.04068921003727
195165,740.0,1337.0122452186592,-597.0122452186592
195202,1150.0,1106.28749677175,43.71250322824994
195235,1183.0,1193.6533948907415,-10.653394890741538
195239,1025.0,1064.9885734864927,-39.98857348649267
195251,1185.0,1207.9316336151255,-22.93163361512552
195273,1435.0,1230.692883553471,204.3071164465291
195368,1580.0,1221.4617183501919,358.53828164980814
195452,1145.0,1126.4644308300744,18.535569169925566
195600,559.0,807.2614388422033,-248.26143884220335
195694,870.0,1191.0217755071465,-321.02177550714646
195756,1325.0,1367.8892575175964,-42.889257517596434
195776,610.0,877.451526227727,-267.45152622772696
195781,1195.0,1050.1848188936067,144.8151811063933
195819,991.0,966.2815010221261,24.718498977873878
195862,1091.0,1074.8427024126618,16.157297587338235
195871,650.0,757.5007804758558,-107.50078047585578
195873,1390.0,1352.2017294613224,37.79827053867757
195915,1242.0,1187.576545050765,54.423454949235065
195984,1037.0,1029.3416953583283,7.658304641671748
195999,620.0,716.3915859205288,-96.39158592052877
196010,740.0,658.2274505852146,81.77254941478543
196044,725.0,1074.3911902583727,-349.3911902583727
196067,1020.0,1221.793585516056,-201.79358551605605
196069,1030.0,1214.6777038802095,-184.6777038802095
196128,505.0,685.5595171826448,-180.55951718264475
196159,1215.0,1076.8787300902766,138.12126990972342
196167,1030.0,1179.4795893583482,-149.47958935834822
196198,1365.0,1193.6814435208562,171.3185564791438
196218,375.0,610.4143004969073,-235.41430049690734
196401,716.0,970.431214657856,-254.431214657856
196442,1113.0,1043.1601809742324,69.83981902576761
196528,990.0,1061.732450012819,-71.73245001281907
196559,253.0,599.584383439486,-346.58438343948603
196584,1095.0,1099.549388416335,-4.549388416334978
196603,670.0,619.1063320650089,50.89366793499107
196690,1234.0,1195.0332800791605,38.96671992083952
196729,500.0,588.0868587875298,-88.08685878752976
196785,985.0,1066.0895045819477,-81.08950458194772
196808,795.0,709.1733820081573,85.82661799184268
196844,1352.0,1243.5923168644185,108.40768313558146
196859,830.0,771.7931437742523,58.20685622574774
196975,1235.0,1161.8119600501166,73.18803994988343
196982,1360.0,1310.6406803741315,49.359319625868466
197042,930.0,1045.6051279424366,-115.60512794243664
197073,1035.0,970.5082647592221,64.49173524077787
197139,1170.0,1140.7512220096164,29.248777990383587
197166,562.0,759.4601433859353,-197.46014338593534
197179,805.0,1008.7999933746261,-203.79999337462607
197216,1455.0,1126.057307874176,328.9426921258239
197257,1180.0,1088.3088387547725,91.69116124522748
197287,1310.0,1225.143660435109,84.85633956489096
197331,1505.0,1217.4086060847783,287.5913939152217
197335,890.0,1034.075154274267,-144.0751542742671
197339,665.0,643.0705445234242,21.929455476575754
197408,640.0,781.344056795251,-141.34405679525105
197448,1357.0,1083.9262450130695,273.07375498693045
197496,1010.0,1024.2261518148514,-14.226151814851391
197516,1120.0,1011.8280779632299,108.17192203677007
197520,755.0,570.353228713749,184.646771286251
197531,870.0,933.2330989118971,-63.23309891189706
197532,1110.0,1256.1359685896716,-146.13596858967162
197537,1120.0,1106.428823906492,13.57117609350803
197549,865.0,1022.4733415984322,-157.47334159843217
197574,777.0,764.7999738908084,12.20002610919164
197578,835.0,607.3938834857097,227.6061165142903
197594,1220.0,1184.9272470456335,35.07275295436648
197635,865.0,739.9501822971245,125.04981770287554
197641,1110.0,1068.713437088253,41.28656291174707
197740,1240.0,1213.0532910424781,26.946708957521878
197852,460.0,634.9648022584558,-174.96480225845585
197858,940.0,1034.1576247842725,-94.15762478427246
197906,670.0,728.3002722518845,-58.30027225188451
197933,1230.0,1069.9203962907807,160.07960370921933
197951,1275.0,1063.834471902473,211.16552809752693
197960,1040.0,1152.622289868034,-112.62228986803393
197979,1110.0,1201.9546798192057,-91.9546798192057
198012,495.0,642.5415722530997,-147.54157225309973
198033,900.0,742.6506125667014,157.3493874332986
198230,1025.0,994.1674470235308,30.832552976469174
198292,795.0,993.4520976166949,-198.4520976166949
198297,1222.0,995.2785193196733,226.72148068032675
198342,975.0,1050.5748158227946,-75.57481582279456
198356,970.0,1051.963555279312,-81.963555279312
198357,980.0,1174.996564652357,-194.99656465235694
198360,590.0,689.8379729194556,-99.83797291945564
198415,1130.0,1240.5033331964949,-110.50333319649485
198489,1280.0,1340.882616450111,-60.88261645011107
198491,980.0,845.1385456321458,134.8614543678542
198587,1280.0,1219.1053668907182,60.89463310928181
198612,1200.0,1326.1712111388906,-126.17121113889061
198621,770.0,734.0280675970117,35.97193240298827
198630,750.0,684.0230663666373,65.9769336333627
198646,750.0,700.2325459878028,49.76745401219716
198691,540.0,622.5582355255779,-82.55823552557786
198693,750.0,710.0919039034037,39.908096096596296
198788,1050.0,1069.7692383987735,-19.769238398773496
198848,1195.0,1216.8584295473051,-21.85842954730515
198913,860.0,1320.2652136773966,-460.26521367739656
198975,1415.0,1279.020859683164,135.97914031683604
198994,634.0,763.1243795673838,-129.1243795673838
198995,605.0,723.163011807907,-118.16301180790697
199031,1045.0,1080.5843355378267,-35.584335537826746
199050,1310.0,1201.2178352559235,108.78216474407645
199081,710.0,628.8705562185032,81.12944378149678
199087,690.0,1025.8334270868609,-335.83342708686087
199096,1102.0,1073.0586384880485,28.941361511951527
199112,955.0,1062.536285646039,-107.536285646039
199135,1200.0,1264.6825159137675,-64.68251591376747
199297,387.0,677.2306854413401,-290.23068544134014
199345,1010.0,870.7058229514755,139.2941770485245
199375,1010.0,1113.1446945454127,-103.14469454541268
199383,979.0,1195.374663195644,-216.37466319564396
199443,981.0,1180.022329080673,-199.022329080673
199489,1260.0,1246.132423730381,13.867576269618894
199516,893.0,1215.9297916065414,-322.92979160654136
199633,600.0,698.9710166708227,-98.97101667082268
199668,900.0,1044.984671526276,-144.9846715262761
199716,745.0,684.7099710527797,60.29002894722032
199736,900.0,1198.0020129357044,-298.00201293570444
199755,625.0,695.0927935176683,-70.09279351766827
199826,815.0,1058.784031550402,-243.784031550402
199852,480.0,726.7508469479206,-246.75084694792065
199871,970.0,1146.1490901941534,-176.14909019415336
199899,720.0,728.9045626825074,-8.90456268250739
199901,600.0,688.0405506414385,-88.04055064143847
199907,1345.0,1141.9418951149162,203.05810488508382
199919,1046.0,1186.3598737295101,-140.35987372951013
200006,590.0,667.4392847868788,-77.43928478687883
200029,980.0,991.8024102653573,-11.802410265357253
200047,849.0,1045.3734847040766,-196.37348470407665
200169,1065.0,1050.6735629674722,14.326437032527792
200191,1080.0,1216.3209476828156,-136.32094768281559
200192,689.0,796.8547267233773,-107.85472672337733
200247,465.0,528.2006509139011,-63.200650913901086
200314,825.0,1057.0685521058988,-232.0685521058988
200318,990.0,1044.5147266623846,-54.514726662384646
200332,1115.0,1034.7859405131962,80.21405948680376
200366,1250.0,1304.2254503583345,-54.225450358334456
200369,595.0,721.3840771947313,-126.38407719473128
200373,1201.0,1153.7015811686892,47.298418831310755
200468,735.0,809.1234325396829,-74.12343253968288
200480,1105.0,975.5594819615393,129.4405180384607
200555,1480.0,1207.1247937093772,272.8752062906228
200559,1345.0,1259.7662631712096,85.23373682879037
200569,952.0,1284.5959336358676,-332.5959336358676
200579,955.0,1080.5843355378267,-125.58433553782675
200656,1145.0,1060.048994085981,84.9510059140191
200671,1170.0,1138.4343171371586,31.565682862841413
200679,690.0,694.7553984764643,-4.755398476464279
200728,910.0,966.9327492647255,-56.932749264725544
200736,1000.0,1101.392680276801,-101.392680276801
200776,1125.0,1098.0857126037397,26.914287396260306
200840,695.0,659.7427150677753,35.25728493222471
200895,1570.0,1403.7686181754193,166.2313818245807
200971,1060.0,1038.9662113915927,21.03378860840735
201000,1130.0,1059.8409252005986,70.15907479940142
201040,1305.0,1038.8666824935772,266.1333175064228
201117,1075.0,878.9768715485568,196.0231284514432
201150,1295.0,1261.6200947929267,33.37990520707331
201185,625.0,770.7646879898319,-145.76468798983194
201284,635.0,972.5326351499493,-337.53263514994933
201307,1430.0,1353.5773030231787,76.42269697682127
201317,944.0,1062.089890867687,-118.08989086768702
201391,720.0,766.1734355819082,-46.173435581908166
201455,1113.0,1067.2753554658489,45.72464453415114
201460,1440.0,1289.1348817946318,150.86511820536816
201466,964.0,1100.6362762622855,-136.6362762622855
201482,545.0,687.9254515181849,-142.9254515181849
201487,850.0,912.8566375716294,-62.85663757162945
201530,580.0,682.5155508786979,-102.51555087869792
201590,1330.0,1177.9009365033457,152.09906349665425
201686,1110.0,1360.6395121129558,-250.6395121129558
201743,675.0,688.9210123237881,-13.92101232378809
201772,430.0,550.9226256196199,-120.92262561961991
201774,715.0,656.0727189543089,58.927281045691075
201826,1201.0,1079.926494891558,121.07350510844208
201832,1200.0,1022.9207109114844,177.07928908851557
201874,910.0,1016.1475210958718,-106.14752109587175
201911,705.0,766.9537644405013,-61.953764440501345
202070,1440.0,1166.447324245639,273.55267575436096
202076,740.0,762.4464802527232,-22.446480252723177
202117,910.0,795.7434660894661,114.2565339105339
202122,810.0,756.9926141777762,53.007385822223796
202130,795.0,871.3805800417515,-76.3805800417515
202259,1150.0,1224.5074510053878,-74.5074510053878
202318,520.0,596.0426678987208,-76.04266789872077
202334,475.0,715.5621298025779,-240.56212980257794
202376,1400.0,1180.8491735529788,219.15082644702125
202405,1085.0,1142.154372461972,-57.15437246197189
202502,595.0,733.2431044297354,-138.24310442973535
202615,1245.0,1239.787369367521,5.212630632478977
202645,905.0,905.2298390753919,-0.2298390753918511
202722,770.0,723.2692706478233,46.730729352176695
202820,1240.0,1255.1164642279255,-15.116464227925462
202830,1300.0,1442.1095160580824,-142.10951605808236
202839,1345.0,1319.6092769642892,25.390723035710835
202840,830.0,1029.2997176250765,-199.29971762507648
202934,1160.0,1154.87321618559,5.126783814409919
202958,1600.0,1168.5957727637397,431.40422723626034
202974,630.0,599.6130877251173,30.38691227488266
203045,770.0,1018.046685989325,-248.04668598932506
203056,1230.0,1365.535955395375,-135.5359553953749
203063,920.0,888.3182268009767,31.68177319902327
203141,1201.0,1207.4873864106473,-6.487386410647332
203289,565.0,550.1752252308344,14.824774769165629
203324,1210.0,1446.1785843029586,-236.1785843029586
203361,1025.0,982.5891772486763,42.410822751323735
203408,785.0,685.9119845257254,99.08801547427458
203478,1202.0,964.2675154508321,237.7324845491679
203565,910.0,1064.9003594964165,-154.9003594964165
203606,595.0,827.2504874847372,-232.25048748473716
203619,1220.0,1070.8137759308315,149.18622406916847
203665,505.0,650.2949340416279,-145.29493404162793
203793,1047.0,954.7366575023204,92.26334249767956
203814,847.0,1187.4942045771757,-340.49420457717565
203824,780.0,655.3210087967694,124.67899120323057
203855,839.0,701.3373266406799,137.66267335932014
203877,771.0,842.569852117334,-71.569852117334
203931,961.0,1056.5717905718848,-95.57179057188478
203959,1165.0,1152.003872576498,12.996127423502003
203970,577.0,820.2142303845557,-243.21423038455566
204013,1285.0,1316.2440158866489,-31.244015886648867
204075,860.0,1102.4404511354892,-242.44045113548918
204098,705.0,646.2768489153318,58.72315108466819
204102,1055.0,1074.6412584524703,-19.64125845247031
204108,1320.0,1231.0101714108434,88.98982858915656
204138,1020.0,808.9559046750027,211.04409532499733
204180,855.0,696.3069077622346,158.69309223776543
204247,710.0,733.6883868303671,-23.688386830367108
204275,1145.0,1143.834807283623,1.1651927163770779
204296,970.0,977.9693140156149,-7.969314015614941
204314,935.0,1015.0066405672144,-80.00664056721439
204402,1216.0,1237.3604942549064,-21.36049425490637
204406,730.0,670.0986694949582,59.901330505041756
204460,1300.0,1271.1489424689755,28.85105753102448
204483,1045.0,1128.5875305141597,-83.58753051415965
204507,1005.0,1123.6244427841111,-118.62444278411112
204515,570.0,590.7177270205046,-20.71772702050464
204533,985.0,1140.572786401286,-155.57278640128607
204541,613.0,588.4224511744319,24.5775488255681
204580,1030.0,1051.7120516939458,-21.712051693945796
204615,960.0,1033.4797446504836,-73.47974465048355
204620,1020.0,1013.246698822481,6.753301177519006
204623,840.0,1406.4068423221752,-566.4068423221752
204642,785.0,670.5555007352307,114.44449926476932
204694,1218.0,1203.5026775911263,14.497322408873742
204724,1370.0,1434.7874527583938,-64.78745275839378
204737,1370.0,1093.9785009743607,276.0214990256393
204778,430.0,625.1740028470266,-195.1740028470266
204810,1907.0,1311.906617110228,595.0933828897721
204871,1290.0,1176.8813470810737,113.11865291892627
204889,1065.0,1069.9203962907807,-4.920396290780673
204945,1257.0,945.9475389820797,311.05246101792034
205014,1300.0,1236.427110139425,63.57288986057506
205021,760.0,636.4357390172879,123.56426098271209
205033,1090.0,1119.6591483529437,-29.659148352943703
205122,480.0,629.691489702016,-149.69148970201604
205128,975.0,1137.3410844543741,-162.34108445437414
205144,1305.0,1379.350461198506,-74.35046119850608
205182,1520.0,1306.2256804694703,213.77431953052974
205277,1245.0,1028.4700709233273,216.52992907667272
205304,1370.0,1254.5950401860996,115.4049598139004
205314,970.0,1022.7955495796887,-52.79554957968867
205327,905.0,922.3858281765197,-17.38582817651968
205357,1425.0,1083.0589993671304,341.94100063286965
205390,480.0,1178.980082116756,-698.980082116756
205422,1180.0,1214.0689871831291,-34.06898718312914
205424,891.0,922.3858281765197,-31.38582817651968
205425,930.0,1088.8699017100437,-158.86990171004368
205448,1370.0,1206.009387669095,163.99061233090492
205456,1055.0,1110.1205388552971,-55.12053885529713
205488,610.0,632.087524541479,-22.087524541478956
205586,1257.0,1251.3741879721902,5.625812027809843
205624,668.0,637.2093242384988,30.790675761501234
205708,1390.0,1151.5026307497126,238.49736925028742
205715,760.0,691.6219751185854,68.3780248814146
205727,1075.0,1242.1118111922958,-167.11181119229582
205745,1415.0,1360.027249722135,54.97275027786509
205782,915.0,873.5445164177366,41.455483582263355
205795,995.0,978.059735664723,16.940264335276993
205801,950.0,1221.7758664049884,-271.7758664049884
205839,1100.0,1347.3368306009356,-247.33683060093563
205862,1130.0,1206.1538150341546,-76.1538150341546
205914,1205.0,1083.8242722562752,121.17572774372479
205938,650.0,653.4326395491302,-3.4326395491301582
205999,1410.0,1308.9591423125312,101.04085768746882
206032,740.0,725.1294610397961,14.87053896020393
206085,1124.0,1229.0779035749622,-105.07790357496219
206174,660.0,669.8886023844769,-9.88860238447694
206206,850.0,707.9450733198227,142.05492668017735
206256,650.0,682.0564828096071,-32.05648280960713
206345,990.0,956.9920410688284,33.00795893117163
206347,1450.0,1203.6388253376085,246.36117466239148
206354,1155.0,1117.1339560054207,37.866043994579286
206390,935.0,1094.5832737350552,-159.58327373505517
206400,1405.0,1247.3663821856896,157.63361781431036
206410,1180.0,1247.605306042851,-67.605306042851
206428,1095.0,998.0806194653121,96.91938053468789
206430,755.0,801.1190486247018,-46.119048624701804
206482,935.0,726.3988578683535,208.6011421316465
206521,771.0,686.0804863112951,84.91951368870491
206540,890.0,1068.713437088253,-178.71343708825293
206545,1014.0,989.7738538027068,24.226146197293247
206548,743.0,667.6085661468852,75.39143385311479
206551,1140.0,1296.614058074384,-156.61405807438405
206637,755.0,734.1664059006164,20.833594099383618
206667,1100.0,1234.9975655717192,-134.99756557171918
206676,855.0,853.9622760385733,1.03772396142665
206681,830.0,751.8196804954307,78.1803195045693
206712,615.0,739.2581492732772,-124.25814927327724
206725,1075.0,1219.700034687453,-144.7000346874529
206731,1345.0,1096.67767989418,248.32232010581993
206744,1060.0,1125.8824592276046,-65.88245922760461
206820,534.0,761.2174438818902,-227.21744388189018
206833,496.0,523.072792985307,-27.072792985307046
206922,1055.0,1034.3078176790025,20.692182320997517
206960,482.0,705.3276247801634,-223.32762478016343
206996,434.0,542.8586377404552,-108.85863774045515
207181,1199.0,955.6580706305583,243.3419293694417
207193,1200.0,1191.720498695834,8.279501304165933
207210,1003.0,691.2173857482594,311.7826142517406
207218,1135.0,1181.8171139563476,-46.81711395634761
207224,900.0,627.3237499975826,272.6762500024174
207233,440.0,703.2593178018158,-263.25931780181577
207375,1090.0,1137.8388580415474,-47.83885804154738
207395,1341.0,1083.77687411405,257.2231258859499
207410,1145.0,1066.2950915113283,78.70490848867166
207428,1230.0,1302.941109621647,-72.941109621647
207480,1060.0,973.1126136240412,86.88738637595884
207497,1220.0,1419.5426701228434,-199.54267012284345
207596,1050.0,1143.7494428740315,-93.7494428740315
207599,1100.0,1195.886262254065,-95.88626225406506
207600,1073.0,1079.218517678672,-6.218517678672015
207694,520.0,496.5181570294255,23.48184297057452
207712,1380.0,1318.3810754922263,61.61892450777373
207800,930.0,1033.1854747702118,-103.18547477021184
207825,994.0,1145.7698540323445,-151.76985403234448
207843,600.0,706.3278783958082,-106.32787839580817
207850,1379.0,1189.7944151024558,189.2055848975442
207853,945.0,1133.9414165128394,-188.9414165128394
207898,1000.0,1036.2077052667112,-36.20770526671117
207927,1140.0,823.117163117746,316.88283688225397
207930,605.0,691.6794470969071,-86.6794470969071
207989,680.0,631.3825946907201,48.61740530927989
208004,820.0,1122.8828040335761,-302.8828040335761
208021,518.0,607.3875564928703,-89.38755649287032
208032,1245.0,1019.663172588626,225.33682741137397
208082,1010.0,1074.7559850283096,-64.75598502830962
208164,1335.0,1011.0967408724721,323.9032591275279
208176,1280.0,1118.9062898116847,161.0937101883153
208203,923.0,711.9011895609899,211.0988104390101
208213,390.0,924.7803267596329,-534.7803267596329
208249,1335.0,1268.4813933964815,66.51860660351849
208253,665.0,629.4012632554299,35.59873674457015
208306,1455.0,1357.757559393845,97.24244060615501
208314,460.0,633.157515380064,-173.15751538006396
208331,855.0,1073.1966716228706,-218.19667162287055
208353,684.0,792.5030767195769,-108.50307671957694
208389,1005.0,1073.5522799861972,-68.55227998619716
208396,580.0,653.1576750934481,-73.15767509344812
208400,1115.0,931.443066052408,183.55693394759203
208411,1160.0,1096.0706733901372,63.929326609862756
208422,815.0,1113.742525746539,-298.74252574653906
208477,900.0,795.9775172774325,104.02248272256747
208501,505.0,646.376864427839,-141.376864427839
208522,1020.0,1124.6540025236102,-104.65400252361019
208638,849.0,945.807646340805,-96.80764634080504
208690,1270.0,1146.2897093366366,123.71029066336337
208702,1230.0,1042.1389823043276,187.86101769567244
208721,1185.0,1305.19092300263,-120.19092300262992
208739,585.0,726.1941937916366,-141.19419379163662
208821,1065.0,808.6192085911975,256.38079140880245
208833,910.0,983.8562725079421,-73.8562725079421
208895,1020.0,952.3318281595305,67.66817184046954
208917,1045.0,976.6131582898647,68.38684171013529
208956,1465.0,1336.3705185464166,128.62948145358337
208964,910.0,823.3645894383399,86.63541056166014
209010,1390.0,1197.1454674191962,192.85453258080383
209056,1100.0,1050.1314999829067,49.86850001709331
209074,1185.0,1077.3314359724286,107.66856402757139
209139,723.0,665.4637983185166,57.53620168148336
209152,1210.0,1234.2406644174657,-24.240664417465723
209217,660.0,671.8968658837027,-11.89686588370273
209270,950.0,1074.2200929676878,-124.22009296768783
209296,1540.0,1189.7237240376028,350.2762759623972
209311,622.0,716.4455083756932,-94.44550837569318
209446,681.0,542.5661002280806,138.4338997719194
209452,1105.0,1315.822299601069,-210.82229960106906
209459,1410.0,1182.1682941930328,227.8317058069672
209552,925.0,997.7650824358751,-72.76508243587512
209566,585.0,559.0432341794948,25.95676582050521
209573,900.0,1058.9578075762997,-158.95780757629973
209591,1008.0,1229.8912827647596,-221.89128276475958
209627,666.0,544.1499234289224,121.85007657107758
209688,935.0,1215.4844805262783,-280.4844805262783
209698,1120.0,1092.3415551574228,27.658444842577182
209779,1400.0,1343.9849839092549,56.01501609074512
209781,715.0,639.8849618343158,75.11503816568415
209840,1150.0,1342.9422968893332,-192.9422968893332
209899,765.0,752.4083192774667,12.591680722533283
209986,830.0,908.981903318903,-78.98190331890305
210005,1195.0,1268.0240537569744,-73.02405375697435
210036,1060.0,1067.0960041154367,-7.096004115436699
210247,1080.0,1290.7153653108828,-210.71536531088282
210263,566.0,559.0800146763147,6.919985323685296
210274,1145.0,1032.0659377856507,112.9340622143493
210310,1210.0,1204.6469136293183,5.3530863706816945
210375,595.0,743.036165521915,-148.036165521915
210377,1565.0,1267.3045470533298,297.69545294667023
210425,625.0,604.536139504717,20.46386049528303
210452,1180.0,795.8553135670371,384.1446864329629
210470,1320.0,1165.655228208694,154.3447717913059
210519,1127.0,1023.2483961308614,103.75160386913865
210525,1005.0,1102.6106449341753,-97.6106449341753
210530,860.0,992.0058574910182,-132.00585749101822
210562,720.0,756.6331691746684,-36.63316917466841
210641,1020.0,948.7554754115243,71.24452458847566
210652,1250.0,1219.3273044442055,30.672695555794462
210656,560.0,721.831185085292,-161.83118508529196
210751,1445.0,1147.8781817323804,297.1218182676196
210761,530.0,657.7307037066606,-127.73070370666062
210846,1150.0,1132.5365670929555,17.463432907044535
211011,600.0,729.6396819986094,-129.63968199860938
211078,1045.0,943.9161405033748,101.08385949662522
211176,1130.0,1088.4987939381992,41.50120606180076
211219,875.0,1011.8280779632299,-136.82807796322993
211346,490.0,673.8463922931224,-183.84639229312245
211588,1210.0,1198.8814636763393,11.118536323660692
211615,80.0,1070.6188998527746,-990.6188998527746
211918,765.0,677.2664209570568,87.73357904294323
211977,924.0,1204.9156081973993,-280.91560819739925
211987,932.0,942.630871550205,-10.630871550205029
212001,1175.0,1161.126867882619,13.87313211738092
212055,981.0,975.7414984359406,5.258501564059429
212066,840.0,708.1314525133191,131.86854748668088
212094,1350.0,1196.1315407742957,153.86845922570433
212167,716.0,971.7392492379926,-255.73924923799257
212231,1280.0,1069.414772405876,210.58522759412404
212244,1070.0,1059.3480253476525,10.651974652347462
212262,1076.0,1078.0134024050192,-2.0134024050191783
212476,882.0,1030.6841948296637,-148.68419482966374
212496,1003.0,1096.0706733901372,-93.07067339013724
212566,950.0,1070.0616042877957,-120.06160428779572
212667,1040.0,1091.1205474690787,-51.1205474690787
212702,1070.0,937.976780065558,132.02321993444195
212750,680.0,825.1196732804234,-145.1196732804234
212772,680.0,676.5134248437047,3.4865751562953164
212911,1112.0,1186.4787483852012,-74.47874838520124
212917,1175.0,1227.2220606857502,-52.22206068575019
212918,1182.0,1136.9594369781478,45.04056302185222
212921,760.0,705.6013439300705,54.39865606992953
213021,1265.0,1071.808543136377,193.191456863623
213233,320.0,631.0004767734046,-311.00047677340456
213316,915.0,1047.4615924490693,-132.46159244906926
213490,750.0,674.9296891548559,75.07031084514415
213550,1245.0,1290.6873279010354,-45.68732790103536
213582,1127.0,1178.0593432763314,-51.05934327633145
213743,1130.0,995.0159562013902,134.98404379860983
213982,760.0,1129.9290155108129,-369.92901551081286
214006,1120.0,1195.2685563749747,-75.26855637497465
214016,1078.0,978.7588311323382,99.24116886766183
214024,838.0,1212.9229973544977,-374.92299735449774
214030,1170.0,1086.5458777470665,83.45412225293353
214125,1435.0,1197.0546841942803,237.9453158057197
214181,1180.0,1098.493464631123,81.50653536887694
214246,1145.0,1075.0037290063317,69.9962709936683
214295,1232.0,1121.67525732257,110.3247426774301
214316,695.0,668.5603731322749,26.43962686772511
214326,926.0,1013.695470487152,-87.69547048715197
214395,1290.0,1281.7444640442627,8.255535955737287
214397,1316.0,1093.2238031073764,222.7761968926236
214411,1190.0,1166.2513022993417,23.74869770065834
214514,1120.0,1126.921232114979,-6.92123211497892
214565,1245.0,1128.0436543567853,116.95634564321472
214590,995.0,1146.2672270738735,-151.26722707387353
214598,948.0,684.1731772296728,263.8268227703272
214778,820.0,1001.1891645596852,-181.1891645596852
214829,1105.0,1322.3677524237155,-217.3677524237155
214988,1080.0,1236.8529724094524,-156.85297240945238
215084,1081.0,1221.055400122876,-140.0554001228761
215234,790.0,772.9928181479399,17.007181852060057
215251,1210.0,1240.496308691062,-30.49630869106204
215339,1090.0,1029.2848958887228,60.71510411127724
215393,1370.0,1234.83448673836,135.16551326163994
215396,1025.0,1109.2103589572296,-84.21035895722957
215402,1090.0,1300.5224050839242,-210.52240508392424
215416,955.0,968.1920015947513,-13.192001594751332
215417,1010.0,1041.0819656638084,-31.081965663808433
215548,1740.0,1308.612372898525,431.3876271014749
215562,620.0,764.192940172018,-144.19294017201798
215566,813.0,971.6658076254175,-158.66580762541753
215811,1240.0,1179.7129294819756,60.28707051802439
215888,948.0,878.7395231317133,69.26047686828667
215902,900.0,1058.6095317776164,-158.60953177761644
215943,1301.0,1007.7629953527229,293.2370046472771
215975,1100.0,1140.4333006752345,-40.43330067523448
216074,1150.0,1257.00812484365,-107.00812484364997
216101,855.0,1036.2377126665604,-181.23771266656036
216339,970.0,1119.7313519549,-149.7313519549
216383,1090.0,1108.2662260412803,-18.266226041280333
216428,1155.0,1145.4887710639814,9.511228936018597
216446,1129.0,1308.7360781737414,-179.73607817374136
216586,1150.0,1165.380035116539,-15.38003511653892
216660,1390.0,1278.5905997259704,111.40940027402962
216744,970.0,881.059611355907,88.94038864409299
216778,1365.0,1178.4543251928278,186.5456748071722
216841,1091.0,890.3617341930312,200.63826580696877
216881,1210.0,1250.4041582901712,-40.404158290171154
216935,1444.0,979.940198967432,464.059801032568
216959,1370.0,1152.463966369499,217.53603363050092
217163,1895.0,1236.1208978395891,658.8791021604109
217300,1145.0,1194.305974038451,-49.30597403845104
217385,977.0,1287.3770735246349,-310.37707352463485
217404,1166.0,1127.7844772557494,38.21552274425062
217486,1476.0,1254.1873312442922,221.81266875570782
217563,1190.0,1180.9187954501992,9.08120454980076
217634,850.0,1148.8215891817915,-298.8215891817915
217658,1422.0,1031.152830814751,390.84716918524896
217680,1740.0,1302.818124494736,437.1818755052641
217711,1133.0,949.7012896213886,183.29871037861142
217744,550.0,693.6473244196715,-143.64732441967146
217795,1220.0,1264.240674447574,-44.240674447574065
217980,1086.0,1193.5819378370434,-107.58193783704337
218111,1499.0,1174.6059384127968,324.39406158720317
218426,1105.0,1241.657429445169,-136.6574294451691
218465,750.0,779.1052428542882,-29.105242854288235
218657,1100.0,1144.3503756963382,-44.35037569633823
218676,1460.0,1281.9121165553775,178.08788344462255
218815,1130.0,1154.302985587961,-24.302985587961075
218868,1315.0,1120.5441864968168,194.4558135031832
218946,1270.0,1198.3797283599004,71.62027164009965
218951,1240.0,1186.2707410169637,53.72925898303629
219046,1015.0,1028.6491968743453,-13.649196874345307
219066,510.0,686.4364851157143,-176.43648511571428
219110,1252.0,1094.5706697836174,157.4293302163826
219193,1215.0,1170.0555443676885,44.944455632311474
219210,1260.0,1314.3959317000572,-54.39593170005719
219501,898.0,704.1449228007789,193.8550771992211
219506,1280.0,1327.345567024738,-47.3455670247381
219731,755.0,715.1007728008336,39.899227199166376
219858,840.0,708.6369010907756,131.3630989092244
220040,1260.0,1304.2567473375425,-44.25674733754249
220105,1200.0,1177.370869442677,22.629130557322924
220122,797.0,650.7907907811789,146.20920921882112
220145,620.0,661.2083577186681,-41.20835771866814
220151,1090.0,1251.2582173680546,-161.2582173680546
220329,1335.0,1139.2531381427127,195.74686185728729
220333,1250.0,1092.1873240381292,157.8126759618708
220336,866.0,895.4359561907011,-29.435956190701063
220391,700.0,686.2813886800137,13.71861131998628
220473,1000.0,1089.244959438982,-89.24495943898205
220541,900.0,1003.0448366563244,-103.04483665632438
220551,1135.0,1228.0119151991087,-93.01191519910867
220565,1090.0,1061.4301104166564,28.569889583343638
220825,1245.0,1045.5230186993372,199.47698130066283
220891,1040.0,1179.9381587301584,-139.93815873015842
220903,1200.0,1239.1830696324039,-39.183069632403885
220988,1470.0,1334.2835192889056,135.7164807110944
221002,900.0,1064.1179663940977,-164.11796639409772
221084,1246.0,1154.3873640663594,91.6126359336406
221115,505.0,740.615070374056,-235.61507037405602
221132,1040.0,1167.0525064801022,-127.05250648010224
221224,1110.0,1100.4382093864594,9.561790613540552
221303,1140.0,1337.096602244803,-197.09660224480308
221381,988.0,1021.8975614112268,-33.897561411226775
221514,1160.0,1141.4745490126274,18.52545098737255
221549,1790.0,1108.1584168730706,681.8415831269294
221697,1179.0,930.3512244334058,248.64877556659417
222054,1120.0,1204.6345135622685,-84.63451356226847
222099,900.0,965.3262087789478,-65.32620877894783
222240,1180.0,1075.9469484150343,104.05305158496571
222251,1240.0,1094.8919883871747,145.1080116128253
222279,856.0,1059.6841363660656,-203.68413636606556
222346,1375.0,1266.0412536513143,108.95874634868574
222485,1165.0,1202.8319450223075,-37.831945022307536
222710,1220.0,1213.5895561341874,6.410443865812567
222829,1165.0,1098.5890055853065,66.4109944146935
222867,970.0,1036.1886914827758,-66.18869148277577
222951,1030.0,1121.4042229734355,-91.40422297343548
223034,556.0,613.4736463226316,-57.473646322631566
223223,890.0,893.3516245495035,-3.3516245495035264
223231,1057.0,1202.9897122310006,-145.98971223100057
223232,1385.0,1343.4396906937743,41.56030930622569
223352,1378.0,1213.2544365079368,164.74556349206318
223413,646.0,714.5738282079358,-68.57382820793578
223472,1275.0,1044.0509216167682,230.94907838323184
223483,1091.0,1038.8562467901536,52.14375320984641
223567,640.0,604.0117734285632,35.988226571436826
223774,895.0,719.5251190652679,175.47488093473214
223787,1226.0,1163.133995595316,62.86600440468396
223887,1041.0,913.3635364515036,127.63646354849641
223916,1020.0,1143.179059188772,-123.17905918877204
223997,1080.0,1274.2603355042436,-194.26033550424359
224063,1085.0,1195.8906438159652,-110.89064381596518
224127,1095.0,1164.2180133921165,-69.21801339211652
224337,1065.0,995.2481761201851,69.75182387981488
224359,950.0,953.5560275394586,-3.5560275394585688
224408,1080.0,1170.4468803139735,-90.44688031397345
224574,580.0,576.0305755042008,3.969424495799217
224582,700.0,705.5781405669271,-5.578140566927118
224704,1200.0,1148.5040702774959,51.495929722504115
224720,1043.0,1009.2311012132293,33.768898786770706
224857,1125.0,1104.3110026156025,20.688997384397453
224877,1323.0,1279.4394964501585,43.56050354984154
224878,1020.0,1176.1520208070397,-156.15202080703966
224899,1102.0,1102.4404511354892,-0.4404511354891838
225011,645.0,727.9312361595848,-82.93123615958484
225118,1170.0,1210.4271106751273,-40.427110675127324
225189,1230.0,1234.2063110325391,-4.2063110325391335
225216,889.0,1165.2775638708106,-276.2775638708106
225286,987.0,538.3384235839897,448.66157641601035
225335,1080.0,1201.9864218352675,-121.98642183526749
225411,1105.0,1221.7052219274628,-116.70522192746284
225509,1400.0,1084.7660931317828,315.2339068682172
225588,1510.0,1173.415801831959,336.584198168041
225658,1460.0,1293.1662814875592,166.83371851244078
225673,1420.0,1288.502859649922,131.4971403500781
225717,1100.0,1197.2031456523193,-97.20314565231934
225761,1307.0,1107.3181317897593,199.68186821024074
225789,1096.0,1018.8909973174974,77.10900268250259
225816,1091.0,1126.3711820944625,-35.37118209446248
225896,1145.0,1331.1571461630308,-186.1571461630308
225937,577.0,736.1064976150215,-159.10649761502145
225960,1545.0,1255.1407365549244,289.8592634450756
226089,1105.0,1070.3751967616183,34.62480323838167
226122,1180.0,1227.3310141377617,-47.33101413776171
226143,1125.0,1285.685860808192,-160.68586080819205
226152,730.0,755.295404364895,-25.295404364895035
226164,470.0,809.665670664519,-339.665670664519
226177,1256.0,1120.3172806490259,135.68271935097414
226213,1250.0,1184.6481991926762,65.3518008073238
226223,1375.0,1203.3039266118867,171.6960733881133
226225,1325.0,1191.8356197680243,133.16438023197566
226229,1112.0,1136.4682027908964,-24.468202790896385
226259,1050.0,1113.3783592637199,-63.37835926371986
226271,727.0,667.8752038662992,59.124796133700784
226286,455.0,666.1053010490148,-211.10530104901477
226298,661.0,1000.7508424977884,-339.7508424977884
226482,880.0,634.1861312992821,245.81386870071788
226528,672.0,622.8052244201066,49.19477557989342
226647,755.0,622.8376421853242,132.16235781467583
226657,1587.0,1082.9143822751325,504.08561772486746
226674,950.0,870.8793624338622,79.12063756613782
226681,1340.0,1239.1132401449652,100.88675985503482
226690,1335.0,1201.5235490947384,133.47645090526157
226754,1250.0,1042.0918705221527,207.9081294778473
226809,670.0,651.3006311841683,18.69936881583169
226873,1470.0,1311.8913820956432,158.10861790435683
226999,1190.0,1237.0829828855005,-47.08298288550054
227024,1245.0,1231.68785126179,13.312148738209999
227065,1105.0,1030.7954662078785,74.20453379212154
227079,1190.0,1219.112947521597,-29.112947521597107
227086,738.0,890.1088286191645,-152.10882861916446
227207,1580.0,1208.4901911002164,371.5098088997836
227220,1210.0,1192.6125451175512,17.387454882448765
227266,1135.0,971.6774905930997,163.32250940690028
227290,1014.0,1185.313610283435,-171.31361028343508
227466,1060.0,1069.7116923969718,-9.711692396971785
227468,1014.0,971.9968280082995,42.00317199170047
227491,1290.0,1229.038945933897,60.96105406610309
227498,638.0,650.1663818935159,-12.166381893515904
227617,1168.0,1174.9084198788044,-6.908419878804352
227671,1330.0,1150.4064898424303,179.59351015756965
227680,1168.0,1101.7162099117486,66.28379008825141
227706,1220.0,1321.4853905414082,-101.48539054140815
227743,870.0,765.7807162155532,104.21928378444682
227772,804.0,1073.8689448726236,-269.8689448726236
227826,1100.0,1161.7739946194063,-61.77399461940627
227846,720.0,620.1929168608574,99.8070831391426
227902,904.0,874.1873557415081,29.8126442584919
228018,816.0,897.7806198875717,-81.78061988757167
228077,885.0,890.1297926399703,-5.129792639970333
228092,1217.0,1159.5002104099783,57.49978959002169
228158,1317.0,1193.1512891181303,123.84871088186969
228163,672.0,632.9451195745014,39.054880425498595
228165,1000.0,1022.0598353749149,-22.059835374914883
228169,1060.0,1369.5776059214493,-309.5776059214493
228250,696.0,614.2540237143558,81.74597628564425
228296,535.0,673.6270398826881,-138.6270398826881
228322,950.0,992.9651809932128,-42.96518099321281
228339,1130.0,1174.6009964053437,-44.60099640534372
228526,1180.0,1189.7075777530831,-9.707577753083115
228601,1069.0,1017.6216048531774,51.37839514682264
228609,1280.0,1213.6530365021945,66.34696349780552
228617,1268.0,1073.6072780467082,194.3927219532918
228633,1087.0,1166.5962178118675,-79.59621781186752
228768,580.0,774.8703478697635,-194.87034786976346
228918,1680.0,1238.8657364266603,441.1342635733397
228944,1135.0,1283.8061670814595,-148.80616708145953
228947,650.0,702.2540932746423,-52.25409327464229
229092,1085.0,916.6336172839507,168.36638271604932
229103,710.0,566.6932951372006,143.3067048627994
229186,1245.0,1055.0694643988768,189.9305356011232
229262,1032.0,1042.2305346148357,-10.230534614835733
229288,779.0,701.4763986628415,77.52360133715854
229392,1155.0,1132.873877328021,22.12612267197892
229398,860.0,886.6846692922063,-26.68466929220631
229482,830.0,1182.899009764469,-352.89900976446893
229496,1075.0,1010.1675312351057,64.83246876489432
229701,680.0,633.4182022584474,46.58179774155258
229796,660.0,658.8223869615646,1.1776130384354246
229833,1179.0,1064.745466734594,114.25453326540605
229841,820.0,1068.3420988389291,-248.34209883892913
229844,746.0,750.877823992798,-4.877823992797971
230036,1230.0,1161.4334232017927,68.56657679820728
230043,611.0,1277.6474867485183,-666.6474867485183
230044,957.0,901.5223740158418,55.47762598415818
230045,1036.0,1202.9631390130842,-166.96313901308417
230189,793.0,1088.8890629733842,-295.88906297338417
230217,995.0,910.931819499822,84.06818050017796
230235,725.0,575.8513845866551,149.14861541334494
230266,950.0,1182.0347897393685,-232.03478973936853
230307,890.0,980.5811122068885,-90.58111220688852
230408,1200.0,1192.9288107520608,7.071189247939174
230424,1015.0,1176.326446288616,-161.3264462886159
230450,629.0,699.6662023709993,-70.66620237099926
230540,1070.0,1218.1879396128993,-148.1879396128993
230573,838.0,865.026015863168,-27.026015863168027
230596,1430.0,1292.2838061857599,137.7161938142401
230697,1155.0,1250.6759948134481,-95.67599481344814
230739,1202.0,1086.2418385901447,115.75816140985535
230774,1190.0,1217.3412967020445,-27.341296702044474
230791,630.0,627.2690583139212,2.730941686078836
230803,1060.0,1197.9320345789436,-137.93203457894356
230833,605.0,694.936014520643,-89.93601452064297
230903,1265.0,1184.0569853073828,80.94301469261723
230925,1285.0,1198.029688182036,86.9703118179641
230950,1345.0,1251.3028977852834,93.69710221471655
230991,1400.0,1223.9192046789246,176.08079532107536
231036,1080.0,1322.079045015548,-242.079045015548
231037,750.0,743.5759492845673,6.424050715432713
231056,1230.0,1097.0942322564194,132.90576774358055
231158,1155.0,975.8193893250565,179.18061067494352
231339,1250.0,1013.9571767514985,236.04282324850146
231358,1030.0,1210.9722702590502,-180.97227025905022
231409,1290.0,1297.3431180943812,-7.343118094381225
231459,1300.0,1207.7688975040376,92.23110249596243
231515,765.0,750.6063489231022,14.393651076897754
231526,513.0,622.5772379129064,-109.57723791290641
231572,1225.0,1180.8975417055315,44.10245829446853
231581,767.0,706.4167771570017,60.58322284299834
231618,1155.0,1280.40757087244,-125.40757087243992
231691,1205.0,1053.973205081943,151.02679491805702
231828,1135.0,1088.2794914861572,46.72050851384279
231835,1210.0,1222.6670822943174,-12.667082294317424
231858,1025.0,1085.067185920079,-60.067185920079055
231978,1420.0,1353.0622849471804,66.93771505281961
232120,1105.0,1157.4287213574582,-52.428721357458244
232145,1050.0,930.996846935636,119.00315306436403
232182,981.0,1022.5419467854492,-41.54194678544923
232193,1351.0,1299.7715764406464,51.22842355935359
232199,1045.0,998.3432529225264,46.6567470774736
232210,926.0,1008.6113139879593,-82.6113139879593
232226,956.0,582.2179819878937,373.7820180121063
232349,691.0,737.1075732298162,-46.10757322981624
232404,1165.0,1088.519813394757,76.48018660524303
232455,1285.0,1312.293054023641,-27.293054023640934
232475,1260.0,1264.0425189674968,-4.04251896749679
232497,959.0,1016.7337249530104,-57.73372495301044
232570,1117.0,1204.1410495241544,-87.14104952415437
232603,1285.0,1257.1290635310015,27.87093646899848
232658,1185.0,1203.3736189284812,-18.373618928481164
232690,1250.0,1310.9399110310264,-60.93991103102644
232712,1270.0,1210.9989017926173,59.00109820738271
232730,878.0,960.159876925117,-82.15987692511703
232763,930.0,1216.7476873849923,-286.74768738499233
232789,1026.0,986.9157064708435,39.084293529156525
232790,1084.0,1157.1501487092623,-73.15014870926234
232805,740.0,734.0675064154792,5.932493584520785
232826,1515.0,1194.8557011102932,320.14429888970676
232830,1255.0,1320.0992332213073,-65.09923322130726
232867,705.0,660.4447460218954,44.55525397810459
232870,1330.0,1172.47498476548,157.52501523451997
232946,1130.0,1230.7497908598386,-100.74979085983864
232968,1310.0,1263.5995996288789,46.40040037112112
232986,1080.0,1092.5683123582617,-12.568312358261664
233026,788.0,784.7798330957642,3.220166904235839
233098,830.0,624.8235548177897,205.17644518221027
233119,1136.0,1161.6696111780668,-25.669611178066816
233212,1415.0,1283.9180557800023,131.0819442199977
233218,1035.0,1001.6175149398282,33.3824850601718
233268,1120.0,908.1432769393649,211.8567230606351
233285,1045.0,980.9178209430568,64.08217905694323
233399,965.0,957.7764229053998,7.223577094600159
233445,1130.0,1230.200098361184,-100.20009836118402
233497,1215.0,1264.2947970076223,-49.294797007622265
233505,1058.0,1255.5980628599932,-197.5980628599932
233508,1040.0,1001.1988721857232,38.80112781427681
233536,1590.0,1373.4707156186123,216.5292843813877
233542,1125.0,1051.208080240857,73.79191975914296
233574,1090.0,1201.469752645503,-111.46975264550292
233585,912.0,934.2237367724872,-22.2237367724872
233619,1070.0,946.7893598447364,123.2106401552636
233631,1370.0,1270.1985822474908,99.80141775250922
233661,820.0,1148.7714281563458,-328.7714281563458
233674,1180.0,1287.6730679401603,-107.67306794016031
233758,900.0,1105.1426360383825,-205.14263603838253
233769,1865.0,1201.3598275081913,663.6401724918087
233780,1335.0,1117.273519726872,217.7264802731279
233816,771.0,1068.0458502499653,-297.04585024996527
233828,1224.0,1194.0269198930903,29.97308010690972
233831,1340.0,1252.2273047264487,87.77269527355134
233849,1170.0,1239.544847019523,-69.5448470195231
233855,1312.0,1265.4686457606724,46.531354239327584
233901,1495.0,1262.9783504130785,232.0216495869215
233911,1310.0,1175.2061857763424,134.7938142236576
233926,849.0,747.538439985982,101.461560014018
233959,935.0,756.3941216090432,178.60587839095683
233972,1115.0,1070.1383875661375,44.86161243386255
233996,755.0,690.212125019926,64.78787498007398
234004,1170.0,1214.2000435044692,-44.20004350446925
234057,793.0,788.3884711212769,4.611528878723107
234089,700.0,719.4208290258116,-19.4208290258116
234111,1195.0,1256.539065045857,-61.53906504585689
234137,1170.0,1127.2426378125479,42.757362187452145
234147,882.0,649.609979010327,232.39002098967296
234155,780.0,773.7541660927311,6.245833907268889
234162,1105.0,1058.2685602070485,46.731439792951505
234179,1144.0,1201.750069650202,-57.75006965020202
234206,755.0,677.3728069026213,77.62719309737872
234266,1228.0,1137.6400137661653,90.35998623383466
234291,610.0,698.0609807708647,-88.06098077086472
234292,1290.0,1209.80928921802,80.19071078197999
234296,905.0,1003.8049784273459,-98.80497842734587
234303,1430.0,1165.3183233551788,264.6816766448212
234312,765.0,754.6368583850713,10.363141614928736
234319,1245.0,1179.2760045239336,65.72399547606642
234341,1295.0,1032.6498174740595,262.35018252594045
234350,930.0,1054.1565264154283,-124.15652641542829
234386,1250.0,1129.261428591476,120.73857140852397
234422,1312.0,1310.1698263233015,1.8301736766984504
234432,1290.0,980.8978603027159,309.1021396972841
234449,1455.0,1220.3296928535435,234.67030714645648
234452,1201.0,1230.8238460249204,-29.823846024920385
234490,1255.0,1260.358103539425,-5.358103539424974
234514,1087.0,1186.5642083892483,-99.56420838924828
234548,1135.0,1211.8352627081417,-76.83526270814173
234564,999.0,937.4240569139268,61.57594308607315
234613,1075.0,1281.353201643912,-206.35320164391192
234622,1130.0,1225.468180714681,-95.46818071468101
234632,1745.0,1279.9125341871181,465.0874658128819
234660,884.0,825.9540198412694,58.04598015873057
234771,750.0,975.3702931771292,-225.37029317712916
234782,585.0,585.6777111268134,-0.6777111268133922
234796,695.0,756.2414005841597,-61.24140058415969
234805,1295.0,1294.0085501934134,0.9914498065866155
234819,1182.0,1203.8527001751781,-21.852700175178143
234840,1155.0,934.3762798005492,220.62372019945076
234898,1411.0,1233.610404671346,177.38959532865397
234931,1036.0,1132.0727827505789,-96.07278275057888
234949,585.0,575.1339860348476,9.866013965152433
234960,754.0,658.910734212991,95.08926578700903
234992,585.0,655.7204941586516,-70.7204941586516
235003,725.0,680.530078816151,44.46992118384901
235004,715.0,753.352185495749,-38.35218549574904
235018,910.0,972.785561986152,-62.78556198615195
235026,1135.0,1307.9643111026423,-172.96431110264234
235032,1170.0,1148.775738870891,21.22426112910898
235054,825.0,779.2486757842285,45.75132421577155
235056,810.0,848.0241322751323,-38.024132275132274
235075,690.0,724.9060293072831,-34.90602930728312
235091,1250.0,1246.1534139378537,3.8465860621463435
235105,670.0,631.8840764790898,38.1159235209102
235136,785.0,781.349886314358,3.6501136856420544
235145,1183.0,1195.7527516679386,-12.752751667938583
235200,1225.0,1163.0633755830897,61.93662441691026
235207,1150.0,1281.2290713554573,-131.22907135545734
235215,1543.0,1322.4422140697325,220.55778593026753
235225,1600.0,1085.2052312819128,514.7947687180872
235255,573.0,617.6284684596093,-44.62846845960928
235331,1030.0,882.3232642281844,147.67673577181563
235377,900.0,1153.4812116064202,-253.48121160642017
235438,1047.0,1187.1807529482796,-140.18075294827963
235539,850.0,640.4590173354453,209.5409826645547
235550,1100.0,1073.7249970404318,26.275002959568155
235580,970.0,1081.058872011422,-111.05887201142195
235599,915.0,1234.3720599522662,-319.3720599522662
235606,1080.0,1070.9700803572628,9.02991964273724
235618,910.0,1212.3561663913456,-302.3561663913456
235626,1307.0,1164.3492720027884,142.65072799721156
235652,1465.0,1264.2229709186136,200.77702908138644
235712,1222.0,1088.9995626277769,133.00043737222313
235717,780.0,872.1057030511712,-92.10570305117119
235718,1185.0,1145.5546308313028,39.4453691686972
235786,745.0,640.1993062464729,104.80069375352707
235837,1052.0,1064.388354623915,-12.388354623914893
235889,1090.0,1181.893888748061,-91.89388874806104
235890,1165.0,1138.071784563824,26.92821543617606
235892,750.0,1036.1612741964177,-286.1612741964177
235931,522.0,680.2599081042541,-158.25990810425412
235953,1124.0,964.8521620625467,159.14783793745335
236013,1136.0,1187.9018816257812,-51.90188162578124
236016,880.0,725.1708668444355,154.82913315556448
236053,1000.0,1116.838814573282,-116.83881457328198
236085,1284.0,1278.3133308143376,5.6866691856623675
236097,455.0,627.5879078370544,-172.58790783705444
236115,793.0,725.2861548915535,67.71384510844655
236138,890.0,1060.0358421334902,-170.03584213349018
236148,1050.0,1097.9212066747305,-47.921206674730456
236149,710.0,698.1273771325466,11.872622867453401
236161,1155.0,1098.6042770685403,56.39572293145966
236170,860.0,1206.880569960449,-346.88056996044907
236185,1223.0,1195.8449490021665,27.15505099783354
236191,1009.0,1053.067049598549,-44.06704959854892
236218,1125.0,1148.9201212665985,-23.92012126659847
236233,875.0,1067.2466247798936,-192.24662477989364
236265,760.0,651.960076456365,108.03992354363504
236323,830.0,1023.8063494787715,-193.8063494787715
236351,980.0,1286.9877565104703,-306.98775651047026
236361,1160.0,1145.6505477155345,14.349452284465542
236370,1210.0,1225.2629410376549,-15.262941037654855
236386,1160.0,1164.9267947961443,-4.92679479614435
236402,725.0,673.0423783076645,51.957621692335465
236413,734.0,583.8719488576925,150.12805114230753
236421,1037.0,1045.731650768572,-8.73165076857208
236423,687.0,735.8586510604393,-48.85865106043934
236430,959.0,1077.129883564107,-118.1298835641071
236432,1019.0,1005.2585504823859,13.741449517614114
236461,1005.0,898.0161631926285,106.98383680737152
236483,1047.0,1192.0484714655684,-145.04847146556835
236495,935.0,945.2469615065289,-10.246961506528919
236507,1169.0,1237.5722878485626,-68.57228784856261
236572,761.0,679.8798431694893,81.12015683051072
236601,985.0,1047.3777561866375,-62.3777561866375
236694,1240.0,1240.5548421978274,-0.5548421978273836
236729,1300.0,1153.1142342229473,146.8857657770527
236817,882.0,953.3195789556605,-71.31957895566052
236850,1045.0,1167.1633063901002,-122.16330639010016
236856,1320.0,1188.9500030024226,131.0499969975774
236871,815.0,774.8504107659325,40.14958923406755
236909,1030.0,1094.3369583120682,-64.33695831206819
236915,650.0,1106.0310382019788,-456.03103820197884
236948,960.0,907.72540180598,52.27459819401997
236970,964.0,1032.6498174740595,-68.64981747405955
237033,716.0,749.2467224823885,-33.24672248238846
237051,820.0,643.5645544326893,176.4354455673107
237075,624.0,658.7207006860867,-34.72070068608673
237106,1130.0,1334.0238296581308,-204.0238296581308
237133,820.0,698.1127468073925,121.88725319260755
237136,1400.0,1130.7893848356437,269.21061516435634
237157,820.0,749.1392364887284,70.86076351127156
237173,795.0,694.3971958898055,100.60280411019448
237174,705.0,729.8091372492927,-24.80913724929269
237199,1107.0,1129.7670758703875,-22.767075870387544
237263,1050.0,1142.1691745231192,-92.16917452311918
237266,850.0,1155.6757862692175,-305.6757862692175
237285,1195.0,1137.559140194957,57.44085980504292
237293,1285.0,1190.0575226957535,94.9424773042465
237313,980.0,1149.655060378893,-169.65506037889304
237322,1234.0,1091.0592487346191,142.94075126538087
237391,760.0,740.5179428718603,19.482057128139672
237428,865.0,890.3112605067721,-25.3112605067721
237434,605.0,648.5440632058412,-43.54406320584121
237441,950.0,1080.1281510794154,-130.12815107941537
237442,957.0,1139.5149052072718,-182.5149052072718
237526,775.0,1113.1446945454127,-338.1446945454127
237543,1165.0,1242.8576407047524,-77.85764070475238
237545,1045.0,1138.4485179716253,-93.44851797162528
237547,1030.0,1066.8931681494819,-36.89316814948188
237550,944.0,949.1707534095762,-5.17075340957615
237551,803.0,612.1876275370518,190.81237246294825
237555,1035.0,1078.5026562880803,-43.50265628808029
237559,1025.0,1087.569585398527,-62.5695853985269
237580,1265.0,1218.4749293088516,46.52507069114836
237584,1375.0,1280.6874743641165,94.3125256358835
237625,800.0,800.5220985028946,-0.5220985028945506
237653,1055.0,1217.4074963071537,-162.40749630715368
237661,1090.0,972.2394720391691,117.76052796083093
237669,1340.0,1223.4275173001392,116.57248269986076
237735,1380.0,1184.833254924558,195.1667450754419
237775,605.0,655.0989783777536,-50.09897837775361
237778,555.0,740.935212591621,-185.93521259162105
237814,510.0,639.4868535596679,-129.4868535596679
237846,1150.0,1063.415521283126,86.58447871687395
237856,1330.0,1269.3972774834933,60.602722516506674
237879,685.0,667.8697923119355,17.130207688064502
237886,1090.0,1152.1748117443467,-62.1748117443467
237896,805.0,683.6552625740935,121.34473742590649
237897,990.0,1285.2370759573087,-295.23707595730866
237903,645.0,591.4608205628269,53.53917943717306
237916,1061.0,1121.021816662093,-60.02181666209299
237925,1050.0,1160.9780882978405,-110.97808829784049
237934,980.0,1131.6155072390695,-151.61550723906953
237946,1295.0,1068.8148155755248,226.1851844244752
237956,1380.0,1305.857620636136,74.14237936386394
237958,1015.0,1114.0075268801454,-99.0075268801454
238009,1091.0,940.0491382305033,150.95086176949667
238059,555.0,600.9965928106263,-45.99659281062634
238105,845.0,880.5459479601786,-35.54594796017864
238144,1356.0,1309.4699032721649,46.530096727835144
238157,745.0,648.2112456173592,96.78875438264083
238171,1274.0,1160.8905106412356,113.10948935876445
238195,1260.0,1239.9334168468502,20.06658315314985
238208,1090.0,775.0741924344106,314.92580756558937
238215,1395.0,1173.0654134806143,221.93458651938568
238220,980.0,1008.037094363259,-28.03709436325903
238234,1300.0,1201.2173362226565,98.78266377734349
238262,995.0,1141.387193925575,-146.38719392557505
238279,970.0,1149.3929219268045,-179.39292192680455
238295,1490.0,1306.23468405167,183.76531594833
238324,1290.0,1131.6895578500573,158.31044214994267
238332,605.0,721.9989339589163,-116.99893395891627
238352,585.0,704.084437716006,-119.08443771600605
238360,645.0,736.3278865681538,-91.32788656815376
238371,900.0,716.1826958483522,183.81730415164782
238372,985.0,735.0197638843995,249.98023611560052
238412,885.0,756.1732425842672,128.8267574157328
238442,650.0,672.5064160002732,-22.506416000273248
238453,845.0,771.2587120960369,73.7412879039631
238476,770.0,809.6414239283613,-39.64142392836129
238489,1260.0,1267.5675084447237,-7.567508444723671
238495,1091.0,1171.302414470501,-80.30241447050093
238501,680.0,649.7365036065468,30.263496393453238
238514,1102.0,1233.9013449052666,-131.90134490526657
238515,985.0,1083.3117733043348,-98.31177330433479
238541,793.0,738.7320553717781,54.267944628221926
238637,1310.0,1362.2788510297323,-52.27885102973232
238671,930.0,768.8172591629591,161.1827408370409
238692,1126.0,1224.9847385196315,-98.98473851963149
238706,440.0,587.934706841212,-147.934706841212
238773,805.0,772.9509046508939,32.049095349106096
238799,795.0,721.7400738591191,73.2599261408809
238805,1200.0,1155.6876487887778,44.31235121122222
238835,940.0,1197.92156709015,-257.9215670901499
238842,1130.0,1222.2451730928315,-92.24517309283146
238846,1485.0,1287.6710582010587,197.3289417989413
238854,1295.0,1214.406655754941,80.59334424505892
238860,212.0,691.0637414021162,-479.0637414021162
238871,601.0,605.5188531934241,-4.518853193424093
238899,758.0,764.9213222364626,-6.921322236462629
238902,1530.0,1220.118522141207,309.881477858793
238914,945.0,646.3666471203675,298.6333528796325
238917,914.0,839.4561154111682,74.54388458883182
238948,745.0,682.2862385752022,62.71376142479778
238964,1345.0,976.5003770183956,368.4996229816044
238966,1184.0,1116.410951701602,67.58904829839798
238993,1124.0,1088.2794914861572,35.72050851384279
239006,1346.0,1211.8803278697153,134.1196721302847
239023,1495.0,1042.3157062117855,452.6842937882145
239059,945.0,1073.6020439417023,-128.60204394170228
239086,1130.0,1105.2566056903102,24.743394309689847
239100,570.0,768.6403075864163,-198.64030758641627
239129,1180.0,1033.5127634920534,146.4872365079466
239139,780.0,673.742897429071,106.25710257092896
239142,760.0,639.1617747496404,120.83822525035964
239146,1210.0,1138.1396854929496,71.86031450705036
239157,605.0,674.0435650414179,-69.04356504141788
239174,1305.0,1177.4485375666848,127.55146243331524
239242,1335.0,1197.498050064172,137.50194993582795
239257,1050.0,942.1654204138306,107.83457958616941
239302,820.0,1151.7022417982714,-331.7022417982714
239316,875.0,686.1110975759364,188.88890242406364
239353,1179.0,1132.5907411827643,46.409258817235695
239454,915.0,1122.4881725812113,-207.4881725812113
239473,1020.0,1111.5524633827627,-91.55246338276265
239475,1010.0,1132.7963711542193,-122.79637115421929
239476,810.0,561.0710784179381,248.9289215820619
239479,720.0,676.1667370623713,43.83326293762866
239506,845.0,682.3891783872169,162.61082161278307
239512,1080.0,1062.3791675873238,17.620832412676236
239536,440.0,636.2695496641501,-196.26954966415008
239538,1245.0,1141.100164697907,103.89983530209292
239542,705.0,627.8594211139471,77.14057888605294
239551,740.0,681.7874182006833,58.212581799316695
239556,1175.0,1244.9804567460558,-69.98045674605578
239570,725.0,713.9466104535932,11.053389546406834
239580,1165.0,1170.3979526339012,-5.397952633901241
239583,660.0,909.3244656090169,-249.3244656090169
239596,1069.0,1105.5938683012128,-36.59386830121275
239606,1260.0,1277.113750274557,-17.113750274557106
239611,675.0,682.7077019379742,-7.707701937974207
239624,775.0,1256.9602489736972,-481.96024897369716
239642,1135.0,1054.3032877331511,80.69671226684886
239645,510.0,621.7039830923552,-111.7039830923552
239672,720.0,613.7643271372879,106.23567286271214
239715,1320.0,1365.8642930651372,-45.86429306513719
239717,1240.0,1191.7550419903976,48.24495800960244
239755,1420.0,1206.246977286377,213.75302271362307
239758,1055.0,1067.4648955350417,-12.464895535041705
239817,988.0,1185.2620933769842,-197.26209337698424
239819,975.0,1261.9873020975053,-286.98730209750534
239848,945.0,1043.1988296486102,-98.19882964861017
239853,1455.0,1216.5667048211883,238.4332951788117
239902,605.0,618.3496231421389,-13.349623142138853
239932,1665.0,1323.5553807221872,341.44461927781276
239951,931.0,853.1562049213331,77.84379507866686
239978,1082.0,1212.8906715000055,-130.8906715000055
240012,685.0,754.8987057410462,-69.89870574104623
240015,1095.0,1109.7330687324309,-14.733068732430866
240027,1150.0,1315.2777975456988,-165.27779754569883
240047,675.0,754.4832944520905,-79.48329445209049
240142,790.0,673.3213962270081,116.67860377299189
240182,730.0,662.2292375990374,67.77076240096255
240202,1050.0,1172.8488091889799,-122.84880918897989
240206,1450.0,1116.357225809968,333.642774190032
240223,1360.0,1181.0109782147174,178.9890217852826
240234,1160.0,1068.6858814859752,91.31411851402481
240245,715.0,723.8111038725937,-8.811103872593662
240247,1100.0,1259.0314439038086,-159.03144390380862
240256,805.0,725.4368226201805,79.56317737981954
240299,959.0,1220.4181591219447,-261.41815912194465
240305,1100.0,1255.4682104386925,-155.4682104386925
240319,1430.0,1325.9664582733271,104.03354172667287
240322,695.0,687.3530148037293,7.646985196270748
240332,905.0,1148.580639843802,-243.58063984380192
240348,692.0,631.3563008135734,60.6436991864266
240363,862.0,1237.1254562019662,-375.12545620196624
240389,825.0,630.8809182925228,194.11908170747722
240426,1040.0,1150.2550579373456,-110.25505793734555
240435,524.0,653.3089935221286,-129.30899352212862
240457,1355.0,1304.6762473040574,50.32375269594263
240459,635.0,561.626639717122,73.37336028287802
240497,639.0,713.4451272919799,-74.44512729197993
240521,525.0,716.8718823660139,-191.8718823660139
240528,585.0,722.757481855503,-137.757481855503
240568,992.0,995.1528438751023,-3.1528438751023486
240588,981.0,904.0020633046666,76.99793669533335
240656,1040.0,1212.1164619565811,-172.11646195658113
240661,1080.0,1083.4150272590866,-3.415027259086628
240685,760.0,728.3160374968405,31.683962503159478
240706,1140.0,1217.4193258133457,-77.41932581334572
240717,683.0,673.8960718880654,9.103928111934579
240725,1150.0,1176.9211748206058,-26.921174820605756
240783,1150.0,1261.026733431632,-111.02673343163201
240821,786.0,649.4006591946816,136.59934080531843
240893,659.0,534.4941713813656,124.50582861863438
240919,577.0,701.286343456316,-124.28634345631599
240948,1670.0,1259.7959859498872,410.20401405011285
241003,1385.0,1176.5056525135783,208.4943474864217
241070,645.0,682.4827544580196,-37.4827544580196
241112,550.0,678.5535000462887,-128.55350004628872
241124,1363.0,1077.5437726847072,285.45622731529284
241193,1125.0,1178.1863791473404,-53.1863791473404
241204,1130.0,1284.566531462237,-154.56653146223698
241228,1014.0,1074.38200872869,-60.382008728689925
241230,855.0,697.4113604738435,157.5886395261565
241273,1246.0,1231.4892642954887,14.510735704511262
241283,1057.0,977.1700360009016,79.82996399909837
241304,1055.0,1181.5317620725514,-126.53176207255137
241315,912.0,1237.3809818250177,-325.38098182501767
241322,1000.0,1325.8545163325052,-325.8545163325052
241369,1320.0,1358.3606336312869,-38.36063363128687
241383,670.0,900.5434800016577,-230.5434800016577
241391,1045.0,1005.4344441068405,39.56555589315951
241412,767.0,607.1223504974162,159.87764950258384
241417,1165.0,1315.2554395385778,-150.25543953857778
241428,1036.0,914.8592744166616,121.1407255833384
241436,1520.0,1294.9814258288864,225.01857417111364
241459,645.0,665.562880470749,-20.56288047074895
241473,920.0,684.5292562169557,235.47074378304433
241506,915.0,968.528473287826,-53.528473287826046
241603,1290.0,1225.5450230119577,64.45497698804229
241626,750.0,700.182999210623,49.81700078937695
241635,1049.0,1278.0941479390822,-229.09414793908218
241642,1241.0,1128.2559452396558,112.74405476034417
241654,1260.0,1219.3943950097303,40.60560499026974
241661,605.0,647.7329435776984,-42.73294357769839
241669,1190.0,1101.1306839344218,88.86931606557823
241692,851.0,617.0618710894053,233.93812891059474
241716,1185.0,1147.5501864548166,37.44981354518336
241724,1300.0,1162.4226636273818,137.57733637261822
241763,1213.0,1120.2490808456098,92.7509191543902
241787,1365.0,1309.7023103477504,55.297689652249574
241802,560.0,694.4406267756935,-134.44062677569354
241865,1280.0,1147.4425469717698,132.55745302823016
241872,955.0,1066.5638251727655,-111.56382517276552
241880,1420.0,1283.1704499896155,136.82955001038454
241882,592.0,646.9321104910114,-54.93211049101137
241908,1135.0,1124.1608649627176,10.839135037282404
241924,745.0,615.9538330290153,129.0461669709847
241957,1060.0,1100.0073856649808,-40.0073856649808
241963,1170.0,1271.3436617266452,-101.34366172664522
241972,1305.0,1334.1268771781383,-29.12687717813833
242002,694.0,674.019418761061,19.980581238938953
242019,1301.0,1038.3116907377214,262.6883092622786
242029,1160.0,1352.6982121338192,-192.6982121338192
242080,1488.0,1125.0070793650789,362.9929206349211
242124,1055.0,1013.8452034084074,41.15479659159257
242128,1245.0,1049.9152739487956,195.08472605120437
242136,805.0,746.0429222348653,58.95707776513473
242144,755.0,805.926476935024,-50.92647693502397
242179,1035.0,1076.2386283228695,-41.238628322869545
242184,830.0,940.7701670856043,-110.77016708560427
242211,882.0,623.7999492841473,258.20005071585274
242255,1300.0,1155.8328083445363,144.16719165546374
242298,1140.0,1114.4721850359101,25.527814964089885
242323,786.0,644.4633654747099,141.53663452529008
242334,1120.0,1268.678428545583,-148.67842854558307
242365,981.0,1146.460279098599,-165.4602790985989
242400,1001.0,1170.008903163715,-169.0089031637151
242419,1115.0,1055.255126876735,59.74487312326505
242422,1135.0,1132.2437654465552,2.756234553444756
242478,1136.0,1166.3843700870418,-30.384370087041816
242493,1150.0,1026.4448883105752,123.55511168942485
242541,1225.0,1122.2542617487404,102.74573825125958
242590,950.0,1071.686543365536,-121.68654336553595
242597,882.0,1039.0303158707995,-157.03031587079954
242652,1260.0,1138.6705085027995,121.32949149720048
242666,728.0,1026.747856305394,-298.74785630539395
242686,1370.0,1256.9583706055996,113.04162939440039
242699,1071.0,1335.0937122074938,-264.0937122074938
242703,1045.0,1143.5064585802668,-98.50645858026678
242716,1165.0,1025.5275784532882,139.47242154671176
242733,745.0,701.6285853349549,43.37141466504511
242747,715.0,692.6764577700183,22.32354222998174
242781,695.0,816.6229862558768,-121.62298625587675
242799,1290.0,1190.0304176766106,99.96958232338943
242812,543.0,773.5256677847004,-230.52566778470043
242871,1240.0,1038.2843463997315,201.71565360026852
242885,825.0,606.8580168789019,218.14198312109806
242983,710.0,687.3946072904738,22.6053927095262
243003,1030.0,1055.1778122889993,-25.17781228899935
243016,756.0,693.435696027246,62.56430397275403
243024,821.0,648.186556790272,172.813443209728
243041,700.0,644.124446537943,55.87555346205704
243054,1355.0,1237.9849583939529,117.01504160604713
243058,830.0,766.2489716482269,63.75102835177313
243068,929.0,1011.453138644709,-82.45313864470904
243073,1405.0,1325.8496313645164,79.15036863548357
243166,1092.0,1023.983158186681,68.01684181331905
243193,1535.0,1234.8361382752119,300.16386172478815
243204,694.0,733.7213326992179,-39.721332699217896
243209,1047.0,996.5243242024729,50.47567579752706
243235,535.0,638.1692954971505,-103.16929549715053
243236,925.0,1152.1216477452035,-227.12164774520352
243240,1300.0,1095.1494956901358,204.85050430986416
243247,750.0,686.9069971815821,63.09300281841786
243268,805.0,1067.357806590054,-262.357806590054
243295,1320.0,1101.5709669865137,218.42903301348633
243312,1410.0,1287.5923215599107,122.40767844008928
243319,1270.0,1229.729304213074,40.2706957869259
243334,808.0,882.0665035686471,-74.06650356864714
243406,1423.0,1103.5322936825341,319.46770631746585
243437,1200.0,1095.566240755911,104.43375924408906
243456,720.0,690.9071591604096,29.092840839590394
243485,738.0,721.2158164883688,16.784183511631227
243487,695.0,662.0030257303558,32.99697426964417
243519,980.0,1057.2985949197575,-77.29859491975753
243558,546.0,752.9447093853385,-206.94470938533846
243615,750.0,620.8128401365002,129.1871598634998
243617,992.0,1067.679463416697,-75.67946341669699
243659,535.0,661.2967299161886,-126.29672991618861
243663,1360.0,1127.6905881655002,232.30941183449977
243670,1200.0,1089.2757258401236,110.72427415987636
243708,1223.0,1194.4805192755657,28.51948072443429
243763,769.0,994.0010436697733,-225.00104366977325
243799,1070.0,1100.936812689649,-30.93681268964906
243855,1300.0,1204.2427419150856,95.75725808491438
243857,530.0,716.7661550728366,-186.76615507283657
243883,940.0,1310.4652686852396,-370.4652686852396
243943,1140.0,1197.1534797132867,-57.15347971328674
243946,575.0,585.2105984218274,-10.210598421827399
243966,970.0,965.9159239646432,4.084076035356816
243974,890.0,967.5625512110363,-77.5625512110363
244008,1190.0,1067.3273600371056,122.67263996289444
244019,800.0,631.0213449887488,168.97865501125125
244022,555.0,675.3074681321953,-120.30746813219525
244030,710.0,720.3676900177649,-10.367690017764858
244057,1140.0,1331.8125691558478,-191.81256915584777
244070,500.0,645.4741081152447,-145.4741081152447
244072,1250.0,1303.9915307613692,-53.99153076136918
244134,627.0,637.2644204201838,-10.264420420183797
244151,1169.0,1156.8001832524494,12.199816747550585
244204,513.0,678.4999766797773,-165.49997667977732
244212,1460.0,1246.6590959070452,213.34090409295482
244269,1047.0,1094.7926757435603,-47.79267574356027
244277,900.0,1156.4556501312538,-256.45565013125383
244306,1085.0,1066.5284266611084,18.47157333889163
244389,715.0,730.4563402382471,-15.456340238247094
244402,1245.0,1272.9181634456122,-27.91816344561221
244450,1085.0,1164.0646435451854,-79.06464354518539
244485,1470.0,1296.6664103302778,173.3335896697222
244504,1418.0,999.3765291968149,418.6234708031851
244520,805.0,1178.6274544519235,-373.62745445192354
244523,1365.0,1216.7522674860845,148.24773251391548
244531,1455.0,1178.792018246741,276.207981753259
244568,1126.0,1116.765402936408,9.234597063591991
244597,955.0,1281.204577792779,-326.204577792779
244626,1042.0,1212.0304505533759,-170.03045055337589
244698,1115.0,872.6281422409323,242.37185775906767
244713,706.0,679.2808949818984,26.719105018101573
244762,1145.0,1316.2430005603978,-171.24300056039783
244768,1125.0,1135.1383561436473,-10.138356143647343
244781,980.0,1079.3381779170934,-99.33817791709339
244785,1315.0,1031.5151245985728,283.4848754014272
244789,755.0,718.9409404523461,36.059059547653874
244842,1105.0,922.3754772832369,182.62452271676307
244855,585.0,563.6029471195694,21.39705288043058
244862,485.0,634.7534395210256,-149.7534395210256
244880,1605.0,1311.0712449655066,293.9287550344934
244917,1370.0,1249.0961955960051,120.90380440399485
244946,1570.0,1158.7086527720994,411.2913472279006
244989,733.0,701.6817334615118,31.31826653848816
245004,1310.0,1245.1079443897622,64.89205561023778
245008,870.0,845.4754079531582,24.524592046841803
245078,1475.0,1197.1476330530083,277.85236694699165
245083,551.0,720.7996554283033,-169.79965542830325
245113,935.0,1052.6064442199358,-117.60644421993584
245130,570.0,677.9178189346756,-107.91781893467555
245131,620.0,664.2140358802209,-44.21403588022088
245144,1130.0,1171.1802804567278,-41.180280456727814
245171,1005.0,1090.1156190121696,-85.11561901216965
245189,855.0,693.5517573474268,161.44824265257319
245193,530.0,648.0192481388962,-118.01924813889616
245205,948.0,1236.153407641531,-288.153407641531
245209,660.0,665.9539288231095,-5.95392882310955
245260,1460.0,1251.366722575146,208.633277424854
245271,1480.0,1256.987653057224,223.01234694277605
245281,1090.0,938.5285299024077,151.47147009759226
245332,950.0,1085.153924755587,-135.153924755587
245336,1230.0,1115.5391897453655,114.46081025463445
245354,1150.0,1230.8954394148086,-80.8954394148086
245390,830.0,662.4344511505332,167.56554884946684
245392,1091.0,1159.4705009475301,-68.47050094753013
245432,1286.0,1031.3915647481876,254.60843525181235
245467,663.0,665.3587755224935,-2.358775522493488
245485,1105.0,996.9282006553217,108.07179934467831
245501,1380.0,1315.2342002025935,64.76579979740654
245517,546.0,590.607487809634,-44.607487809633994
245522,930.0,1024.1211902612833,-94.12119026128335
245553,1334.0,1086.4685091750055,247.53149082499453
245608,750.0,796.0289343817662,-46.02893438176625
245625,1610.0,1255.2064589634745,354.79354103652554
245628,800.0,754.023942411547,45.976057588453045
245634,800.0,859.6154999354228,-59.615499935422804
245655,1270.0,1117.6305861363626,152.36941386363742
245672,1270.0,1289.858576260946,-19.858576260945938
245694,501.0,536.124179747922,-35.12417974792197
245704,740.0,596.524766676487,143.47523332351295
245705,925.0,1059.361869852063,-134.3618698520629
245767,835.0,752.0343535020845,82.96564649791549
245783,785.0,681.8481185885881,103.15188141141186
245824,580.0,787.4997948010548,-207.4997948010548
245851,1145.0,1178.3689890483738,-33.368989048373805
245869,870.0,898.4420637850368,-28.442063785036794
245892,1050.0,1091.9961287467802,-41.99612874678019
245911,1160.0,968.6374618185029,191.36253818149714
245934,1315.0,1061.4325706319385,253.56742936806154
245967,585.0,683.6552625740935,-98.65526257409351
245981,920.0,692.8710272349817,227.12897276501826
246059,1240.0,1284.322129521522,-44.3221295215219
246065,1350.0,1307.991426791882,42.00857320811792
246075,1290.0,1383.991042326531,-93.99104232653099
246099,1115.0,1246.180784980922,-131.180784980922
246142,766.0,1032.7279156875993,-266.7279156875993
246155,905.0,1052.9579788544174,-147.95797885441743
246183,980.0,1151.7754144960682,-171.77541449606815
246197,1480.0,1304.7609603097599,175.23903969024013
246199,1155.0,1263.9594113939513,-108.95941139395131
246224,561.0,702.393634721097,-141.393634721097
246272,1155.0,1140.3412579639369,14.658742036063131
246289,545.0,757.9619546587609,-212.96195465876087
246334,1240.0,1114.4750604616513,125.52493953834869
246335,715.0,640.4908002073895,74.5091997926105
246374,1290.0,1281.301428540927,8.698571459073037
246431,990.0,1059.8148161505876,-69.8148161505876
246437,950.0,733.3522188356939,216.64778116430614
246439,845.0,792.5940648234862,52.40593517651382
246460,832.0,668.7992990693731,163.2007009306269
246525,1495.0,1307.1550911236586,187.84490887634138
246547,880.0,723.3901980097004,156.60980199029962
246552,1370.0,1282.7780693860116,87.22193061398843
246560,686.0,657.7834997041788,28.21650029582122
246605,485.0,652.118845948108,-167.11884594810795
246619,940.0,1035.465797081251,-95.46579708125091
246674,1350.0,1133.7518203515042,216.2481796484958
246680,890.0,1255.5489083837344,-365.54890838373444
246727,1124.0,1034.1325555555547,89.86744444444525
246760,970.0,1029.5279373857545,-59.52793738575451
246766,1210.0,1053.7355690527706,156.26443094722936
246772,893.0,1183.8641324157566,-290.86413241575656
246843,1173.0,1126.6308513063136,46.369148693686384
246875,535.0,671.110388889726,-136.11038888972598
246907,685.0,542.2008897721514,142.7991102278486
246916,615.0,746.3968985729806,-131.3968985729806
246918,720.0,763.5118528236774,-43.51185282367737
246934,695.0,573.7547550266368,121.24524497336324
246971,660.0,626.2836626380521,33.71633736194792
246985,1274.0,1272.6312544245818,1.3687455754181883
247046,1091.0,1055.4203463915633,35.57965360843673
247047,1425.0,1336.0466418837386,88.95335811626137
247055,948.0,983.154968253968,-35.154968253968036
247060,845.0,716.9013965726771,128.09860342732293
247074,1090.0,981.9045012314979,108.09549876850213
247081,760.0,935.3454661152168,-175.34546611521682
247085,992.0,940.7124299923261,51.287570007673935
247101,1047.0,888.9419718884863,158.05802811151375
247131,950.0,1079.8967009444314,-129.89670094443136
247145,1170.0,1316.332685988767,-146.33268598876703
247151,685.0,756.6864834913496,-71.68648349134958
247155,665.0,885.5670936490128,-220.5670936490128
247201,1142.0,1123.3823736526329,18.61762634736715
247205,834.0,729.4485034347044,104.55149656529557
247226,1147.0,1088.0717869354014,58.928213064598594
247273,711.0,683.0252529441153,27.974747055884677
247282,1091.0,1103.5322936825341,-12.532293682534146
247361,979.0,901.5907764019619,77.40922359803812
247494,1045.0,964.2675154508321,80.7324845491679
247514,948.0,946.8195089937452,1.1804910062547833
247517,882.0,972.2089995105121,-90.20899951051206
247538,1400.0,1091.920835810749,308.07916418925106
247551,1070.0,1061.6034890706055,8.39651092939448
247557,1257.0,1060.7808057980224,196.21919420197764
247574,1270.0,1099.2272498599864,170.7727501400136
247601,660.0,698.8703567348911,-38.87035673489106
247624,1080.0,1148.4847071624938,-68.4847071624938
247639,1081.0,1031.1515104525374,49.84848954746258
247645,745.0,793.1501827774598,-48.150182777459804
247712,1301.0,1228.3119781204855,72.68802187951451
247715,634.0,591.1035147748593,42.89648522514074
247718,1080.0,1073.1688904547727,6.831109545227264
247745,1108.0,1108.7069301772776,-0.7069301772776271
247785,1091.0,1104.2539914389731,-13.253991438973117
247793,1389.0,1121.5222855131988,267.47771448680123
247830,1230.0,1009.0848387955265,220.91516120447352
247840,1047.0,1094.2369213734655,-47.23692137346552
247849,846.0,1241.0766774069098,-395.07667740690977
247914,1120.0,1190.328947877729,-70.32894787772898
247951,1221.0,1317.483186623654,-96.48318662365409
248015,1289.0,1104.1305617959254,184.86943820407464
248017,1010.0,1191.189488750264,-181.189488750264
248039,815.0,715.7179163327842,99.28208366721583
248047,670.0,700.7431193822604,-30.743119382260375
248055,975.0,1172.5254407405498,-197.5254407405498
248056,1131.0,1293.804139760723,-162.80413976072305
248110,1328.0,1045.9879446995355,282.01205530046445
248158,992.0,1034.154051924117,-42.154051924117084
248173,701.0,644.7588383873049,56.24116161269512
248257,1147.0,920.1674851671643,226.83251483283573
248265,1014.0,1073.0586384880485,-59.05863848804847
248318,515.0,734.1281422054899,-219.1281422054899
248321,1470.0,1165.4530624530973,304.54693754690265
248343,970.0,889.076289151419,80.92371084858098
248377,848.0,1092.7540026455026,-244.75400264550262
248382,880.0,722.7718979460418,157.2281020539582
248392,1025.0,1106.8385551652914,-81.83855516529138
248419,1003.0,1092.2652507548378,-89.26525075483778
248451,1070.0,927.9184987503123,142.08150124968768
248503,1330.0,1106.3824669672374,223.6175330327626
248531,1169.0,1042.8896800713944,126.11031992860558
248535,1005.0,712.512379620737,292.48762037926303
248540,639.0,641.8025833638013,-2.8025833638013182
248563,679.0,737.2236899536325,-58.223689953632515
248564,1097.0,1210.4440620237272,-113.44406202372716
248580,695.0,713.0484176944345,-18.048417694434534
248692,1573.0,1251.0251746618446,321.97482533815537
248745,893.0,971.6807434617546,-78.68074346175456
248810,1287.0,1048.3535455052065,238.6464544947935
248817,553.0,657.5838281557619,-104.58382815576192
248835,952.0,1118.2975811882911,-166.29758118829113
248857,1265.0,1002.2909864477672,262.7090135522328
248892,765.0,682.3031668547897,82.69683314521035
248982,729.0,888.2418600646436,-159.24186006464356
248983,930.0,989.6256967350156,-59.625696735015595
248999,620.0,721.9745526235246,-101.97455262352457
249021,1176.0,1171.5213398201993,4.478660179800727
249030,1164.0,1122.3177288425063,41.68227115749369
249066,1179.0,1214.356059525383,-35.35605952538299
249112,1152.0,1036.7518534028363,115.24814659716367
249120,610.0,710.6071977363472,-100.60719773634719
249140,865.0,1096.2156553484615,-231.2156553484615
249218,970.0,1157.1382253743916,-187.1382253743916
249232,1125.0,1164.4121737538223,-39.412173753822344
249254,1158.0,1113.229054882537,44.77094511746304
249288,957.0,989.7579958282457,-32.757995828245726
249304,865.0,616.0136428602196,248.98635713978035
249342,580.0,545.254956092322,34.745043907677996
249344,1445.0,1363.7206575473103,81.27934245268966
249469,510.0,660.722379604351,-150.72237960435098
249529,1095.0,989.0517276100143,105.94827238998573
249533,1000.0,1074.6513370894463,-74.65133708944632
249553,790.0,708.4955465881969,81.50445341180307
249557,740.0,839.7254701595543,-99.72547015955433
249606,1030.0,1235.6918658890454,-205.6918658890454
249610,665.0,546.875736262535,118.12426373746496
249625,1495.0,1407.1462751257122,87.85372487428776
249631,930.0,738.6785421484182,191.32145785158184
249660,1069.0,1044.110166242811,24.88983375718908
249665,1385.0,1176.7203090608948,208.2796909391052
249677,640.0,663.9515713888492,-23.951571388849175
249689,890.0,736.0465225577385,153.9534774422615
249771,1015.0,1229.7469908719195,-214.74699087191948
249774,1065.0,1314.5605352805956,-249.56053528059556
249825,1200.0,1060.293523485773,139.706476514227
249866,850.0,1020.4405808068798,-170.44058080687978
249895,740.0,724.2788050614954,15.721194938504595
250015,785.0,759.0595987378833,25.940401262116666
250084,1200.0,912.9841309396478,287.0158690603522
250127,1290.0,1283.6432293300293,6.356770669970729
250136,815.0,609.083833272794,205.91616672720602
250151,755.0,728.952893897874,26.04710610212601
250167,887.0,902.762759083615,-15.762759083615038
250174,1280.0,1360.326112779763,-80.32611277976298
250193,1165.0,1216.1432072338628,-51.14320723386277
250207,870.0,1099.6889509482078,-229.68895094820778
250216,1230.0,1159.7458838545551,70.25411614544487
250283,791.0,645.1391504589202,145.8608495410798
250301,1620.0,1391.1727278975047,228.82727210249527
250310,548.0,670.5555007352307,-122.55550073523068
250390,915.0,1191.9235012504093,-276.92350125040934
250425,500.0,708.8130726533342,-208.8130726533342
250439,1230.0,1243.3966984048268,-13.396698404826793
250457,830.0,858.0793816745285,-28.079381674528463
250486,1168.0,1173.243926858621,-5.24392685862108
250511,915.0,1114.294591020872,-199.29459102087208
250515,1125.0,1329.459811652515,-204.4598116525151
250520,1133.0,1120.3168360464574,12.68316395354259
250526,815.0,1160.3633679447948,-345.36336794479485
250537,1009.0,1104.4838191896713,-95.4838191896713
250538,805.0,730.8294020410326,74.17059795896739
250541,881.0,1108.961665665409,-227.9616656654091
250580,770.0,756.500301343842,13.499698656157989
250619,1180.0,1085.0558992129234,94.94410078707665
250628,450.0,697.5052611943353,-247.50526119433528
250670,1345.0,1154.7503531762081,190.24964682379186
250717,1265.0,1112.6933270110467,152.30667298895332
250728,1000.0,1049.3837369856385,-49.38373698563851
250755,781.0,763.055499507782,17.944500492218026
250757,1620.0,1381.104667010243,238.89533298975698
250761,1325.0,723.7888376709021,601.2111623290979
250794,1220.0,1155.021061242445,64.97893875755494
250866,1525.0,1283.8306418417833,241.1693581582167
250925,1095.0,981.8296233707446,113.17037662925543
250951,1285.0,1212.8521917887072,72.14780821129284
251005,960.0,940.2956720837316,19.704327916268426
251017,1200.0,1072.4736824798565,127.5263175201435
251055,1050.0,1187.5977508880044,-137.59775088800438
251064,650.0,583.8350515025743,66.16494849742571
251118,625.0,664.2773080444647,-39.27730804446469
251127,562.0,728.224781671334,-166.22478167133397
251162,1219.0,1136.736554029131,82.26344597086904
251240,560.0,715.9848029881708,-155.98480298817083
251268,1127.0,1003.2046403132608,123.79535968673918
251283,1055.0,1227.1100086340077,-172.11000863400773
251289,1310.0,1338.3540140931016,-28.35401409310157
251309,642.0,755.7675350830738,-113.76753508307377
251313,555.0,601.0327177333736,-46.0327177333736
251366,965.0,991.2695394420394,-26.269539442039445
251387,560.0,682.376799190656,-122.37679919065602
251419,758.0,739.847433506209,18.152566493791028
251479,1180.0,1199.3678201147447,-19.367820114744745
251489,778.0,740.3205496470805,37.6794503529195
251497,1495.0,1263.4839617749378,231.51603822506218
251546,1425.0,1165.8081312215734,259.1918687784266
251558,785.0,736.9903627495157,48.009637250484275
251590,890.0,746.382319647388,143.61768035261196
251612,553.0,675.3502943666309,-122.35029436663092
251662,1155.0,1292.0993832521667,-137.09938325216672
251671,785.0,634.5808166736457,150.4191833263543
251689,1280.0,1040.3757156597483,239.62428434025173
251781,1030.0,1153.2359394151586,-123.23593941515855
251800,1246.0,1108.074153584512,137.92584641548797
251840,524.0,744.8564255269042,-220.85642552690422
251865,685.0,721.3374820826017,-36.337482082601696
251885,815.0,711.4914664854563,103.50853351454373
251905,1010.0,1109.6483969631477,-99.64839696314766
251985,755.0,733.203441187065,21.796558812935018
251999,914.0,984.8924763773972,-70.8924763773972
252042,1058.0,1237.7440785468175,-179.7440785468175
252128,955.0,1295.5990315620113,-340.5990315620113
252187,992.0,978.4263962583822,13.57360374161783
252198,1315.0,1288.6985476220534,26.30145237794659
252204,1110.0,1261.500077451034,-151.50007745103403
252207,1205.0,1067.9000411969516,137.09995880304837
252248,1040.0,1369.7653069845428,-329.7653069845428
252266,855.0,766.4617459101279,88.53825408987211
252267,1190.0,1122.5555835802668,67.44441641973322
252273,1470.0,1188.986474826518,281.0135251734821
252282,1030.0,972.4811364251175,57.518863574882516
252299,662.0,686.7004432335848,-24.700443233584792
252300,765.0,601.1029485284033,163.89705147159668
252317,1303.0,1246.057504553742,56.94249544625791
252329,1010.0,1078.6721261784446,-68.67212617844461
252355,1520.0,1304.455677331002,215.5443226689979
252376,690.0,748.5387409526202,-58.538740952620174
252417,1210.0,1052.9475384289076,157.0524615710924
252441,667.0,597.0530937112488,69.94690628875117
252447,880.0,711.2666331838849,168.7333668161151
252463,1267.0,1170.714573528654,96.285426471346
252472,1120.0,1170.09918750621,-50.09918750621
252484,1160.0,1055.1568275662032,104.84317243379678
252490,965.0,1148.9410215182136,-183.94102151821357
252523,810.0,881.2519374589465,-71.25193745894649
252530,1396.0,1080.739254059911,315.260745940089
252536,990.0,1177.9092199227848,-187.9092199227848
252541,820.0,770.1784331839764,49.82156681602362
252551,1000.0,996.7922530224533,3.2077469775466625
252579,550.0,642.6048900798847,-92.60489007988474
252583,475.0,673.450663294589,-198.45066329458905
252618,1390.0,1208.1271165208607,181.87288347913932
252626,1085.0,1186.2992940817094,-101.29929408170938
252628,765.0,680.6616985598303,84.33830144016974
252640,1260.0,1318.1598206999838,-58.15982069998381
252663,565.0,689.685876084068,-124.68587608406801
252743,1420.0,1195.0351273225372,224.96487267746284
252806,842.0,749.2921760727066,92.70782392729336
252820,830.0,736.4492532198799,93.55074678012011
252872,765.0,797.7921837686905,-32.792183768690506
252876,990.0,1010.6906764064402,-20.69067640644016
252912,1020.0,1142.3626740141058,-122.36267401410578
252924,845.0,1183.2677929861945,-338.26779298619454
252927,630.0,688.6296316218474,-58.62963162184735
252991,1090.0,1194.6401980254316,-104.64019802543157
253013,1110.0,1121.538871796051,-11.538871796050898
253022,555.0,750.7402191310496,-195.74021913104957
253056,1380.0,1313.3750551977646,66.6249448022354
253071,890.0,674.942450118496,215.05754988150397
253183,1210.0,1161.7974475596081,48.202552440391855
253207,1230.0,1154.003763717324,75.99623628267591
253212,975.0,1046.2670275403905,-71.26702754039047
253214,1165.0,1141.769918128645,23.23008187135497
253227,1540.0,1026.7940969589094,513.2059030410906
253251,820.0,721.1646003684549,98.8353996315451
253336,880.0,915.354375157281,-35.35437515728097
253337,1145.0,997.9501203302874,147.0498796697126
253361,1285.0,1165.189859714018,119.81014028598202
253367,1175.0,1119.3014562851158,55.69854371488418
253418,845.0,709.5442001454504,135.45579985454958
253453,495.0,685.1840222678577,-190.1840222678577
253459,987.0,1016.219395523837,-29.219395523836965
253503,965.0,1012.7024333457584,-47.702433345758436
253553,545.0,698.483933363057,-153.48393336305696
253572,1205.0,1199.871267361182,5.1287326388180645
253573,645.0,710.7148547392542,-65.71485473925418
253580,1500.0,1325.5554400778813,174.44455992211874
253621,720.0,721.7824316758577,-1.7824316758576515
253623,75.0,1194.8954448167347,-1119.8954448167347
253632,984.0,1104.1632356544965,-120.16323565449648
253642,1355.0,1316.178710057549,38.8212899424509
253655,715.0,675.1489553567412,39.851044643258774
253689,1385.0,1342.6000462646243,42.399953735375675
253731,1260.0,1267.1269644917834,-7.126964491783383
253811,955.0,861.3358402681919,93.66415973180813
253862,755.0,720.5796854614756,34.420314538524394
253863,710.0,713.0146056249838,-3.014605624983801
253864,1200.0,1340.0581563629125,-140.05815636291254
253877,1115.0,1326.3069730491345,-211.3069730491345
253937,1170.0,1018.0323543087906,151.96764569120944
253949,955.0,1111.3736029525944,-156.3736029525944
253959,1000.0,634.6315914442795,365.3684085557205
253988,975.0,1053.7427546563392,-78.74275465633923
253993,1495.0,1286.819782663697,208.18021733630303
254033,1240.0,1040.3026174780614,199.6973825219386
254061,1020.0,1252.1813117553836,-232.1813117553836
254063,1340.0,1321.0250333464319,18.974966653568117
254134,593.0,663.6213897742821,-70.62138977428208
254151,675.0,634.628231477926,40.371768522074035
254197,789.0,1190.093846528194,-401.09384652819404
254214,628.0,711.3544837185549,-83.35448371855489
254219,1330.0,1142.6541653238164,187.34583467618359
254233,765.0,681.3491177692337,83.65088223076634
254239,750.0,761.6899963577106,-11.689996357710584
254313,880.0,761.6019043991126,118.39809560088736
254316,838.0,1027.297052355457,-189.29705235545703
254331,992.0,1140.6354200446356,-148.63542004463557
254347,700.0,650.9169734675934,49.08302653240662
254367,1215.0,1334.4629955272617,-119.46299552726168
254412,950.0,1082.9883836592471,-132.98838365924712
254413,1394.0,1072.4112267391993,321.58877326080074
254492,1240.0,1236.8176319686522,3.182368031347778
254511,668.0,550.1752252308344,117.82477476916563
254609,461.0,659.0350677107946,-198.03506771079458
254703,1110.0,1195.9765593013237,-85.97655930132373
254738,880.0,718.511341179329,161.48865882067105
254743,550.0,770.4005438511896,-220.40054385118958
254772,760.0,726.8657769927995,33.13422300720049
254779,678.0,686.8706089958754,-8.870608995875386
254957,1157.0,1202.2906745402013,-45.29067454020128
254967,1168.0,1136.057366084017,31.942633915982924
254983,758.0,648.0381945703956,109.9618054296044
255011,490.0,616.1956355426516,-126.19563554265164
255025,932.0,954.2424382367273,-22.242438236727253
255137,1355.0,1302.754570584865,52.24542941513505
255163,1585.0,1139.6924494628806,445.30755053711937
255197,1372.0,1280.9767838144069,91.02321618559313
255243,1110.0,1168.6876991566894,-58.687699156689405
255274,985.0,942.152576849298,42.84742315070196
255312,1215.0,1264.2251229438425,-49.22512294384251
255340,1020.0,917.3239790163542,102.6760209836458
255386,834.0,675.9233394822352,158.07666051776482
255479,595.0,628.7698037952744,-33.769803795274356
255509,951.0,1042.1034901575467,-91.10349015754673
255547,750.0,666.6799958499524,83.32000415004757
255600,620.0,644.89989691507,-24.89989691507003
255624,1047.0,1083.1637502661602,-36.16375026616015
255641,1425.0,1265.6441189653412,159.35588103465875
255713,742.0,752.8464084103135,-10.84640841031353
255726,1035.0,950.8670900636677,84.13290993633234
255762,560.0,760.9031931041957,-200.90319310419568
255767,838.0,741.5925315001936,96.40746849980644
255772,560.0,599.993213913526,-39.993213913526006
255798,1685.0,1263.8908840895015,421.10911591049853
255806,720.0,622.591138902747,97.40886109725295
255886,615.0,677.1600088921804,-62.16000889218037
255940,795.0,1016.1939227312181,-221.1939227312181
255964,770.0,744.2951141694194,25.704885830580565
255985,1380.0,1291.548034561728,88.45196543827205
255989,1220.0,1249.698102170634,-29.698102170634
256055,910.0,932.3956546151359,-22.395654615135868
256076,845.0,705.0215316717158,139.97846832828418
256122,895.0,1025.297531543127,-130.29753154312698
256135,998.0,610.682910120611,387.31708987938896
256230,585.0,722.7630382938828,-137.7630382938828
256274,970.0,975.6056858853913,-5.605685885391267
256342,660.0,686.0948066109833,-26.094806610983255
256370,915.0,1072.5590972736852,-157.5590972736852
256497,1270.0,1332.6883642246278,-62.688364224627776
256511,840.0,637.556019940058,202.44398005994196
256531,1190.0,970.032234345048,219.96776565495202
256566,708.0,768.2896910041505,-60.28969100415054
256610,1150.0,1011.6886516852131,138.31134831478687
256720,665.0,698.8081840993029,-33.808184099302935
256735,1430.0,1258.9017085294252,171.09829147057485
256760,790.0,745.5821979163851,44.4178020836149
256773,906.0,966.9551862294225,-60.95518622942245
256784,740.0,736.3996620440493,3.6003379559507493
256785,1160.0,1195.0883302191298,-35.08833021912983
256796,801.0,661.3229845656172,139.67701543438284
256814,1255.0,1304.6451736143679,-49.64517361436788
256830,1590.0,1214.3784991542027,375.6215008457973
256883,905.0,1160.2057928775816,-255.20579287758164
256936,1215.0,1076.9111819506886,138.08881804931139
256948,1205.0,1250.4041582901712,-45.404158290171154
256950,860.0,957.5347334588445,-97.53473345884447
256955,1155.0,992.9598634140215,162.04013658597853
256978,1115.0,1006.7063630938206,108.29363690617936
256996,981.0,1212.4468014896481,-231.44680148964812
257013,945.0,1079.2822577810787,-134.28225778107867
257099,1060.0,1193.7721998081229,-133.77219980812288
257125,720.0,644.4467100441652,75.55328995583477
257142,805.0,688.3761644676954,116.62383553230461
257144,905.0,750.0286616354592,154.97133836454077
257146,1136.0,1114.2819602735997,21.71803972640032
257203,1055.0,1013.3140346391021,41.68596536089785
257211,1387.0,1230.9662762363,156.03372376369998
257243,820.0,1025.8621782576133,-205.86217825761332
257256,1115.0,1216.1325840655666,-101.13258406556656
257281,685.0,783.1609142770754,-98.16091427707545
257285,1030.0,1158.6514610328836,-128.65146103288362
257352,838.0,707.3953334789696,130.60466652103037
257361,1020.0,1208.947406608312,-188.9474066083119
257368,765.0,1098.5548231546018,-333.55482315460176
257439,555.0,614.7579463679056,-59.75794636790556
257503,1240.0,1002.1387795413126,237.8612204586874
257517,1105.0,1017.3448719652042,87.65512803479578
257528,555.0,694.170488754003,-139.17048875400303
257536,1020.0,1006.5978730584834,13.402126941516599
257567,383.0,591.1315333698732,-208.13153336987318
257605,600.0,742.2821998304045,-142.28219983040447
257679,1080.0,1025.9676724154094,54.032327584590575
257690,1370.0,1089.157107933324,280.8428920666761
257701,1070.0,1239.0147225680225,-169.01472256802253
257721,765.0,622.8505395793843,142.1494604206157
257730,1050.0,1139.3623508968533,-89.36235089685329
257732,1121.0,1196.3002816301998,-75.30028163019983
257748,1380.0,1182.3757954470395,197.62420455296046
257766,1240.0,1216.2452571975682,23.754742802431792
257814,1080.0,1056.653773893313,23.346226106687027
257891,1110.0,1173.4627273133485,-63.46272731334852
257893,1120.0,1049.356080978598,70.6439190214021
257896,1406.0,1313.4357580870076,92.56424191299243
257903,905.0,1089.6687403965725,-184.6687403965725
257934,1015.0,1260.4061979102873,-245.40619791028735
257953,1435.0,1346.840466769624,88.15953323037593
257971,617.0,756.507573724896,-139.50757372489602
258111,1070.0,1116.9342949518193,-46.93429495181931
258113,1136.0,1195.0654227985249,-59.06542279852488
258148,1186.0,1229.838098837221,-43.83809883722097
258176,542.0,494.2682133314552,47.73178666854483
258236,856.0,929.0179507608201,-73.0179507608201
258251,1145.0,1266.3504125620727,-121.35041256207273
258270,970.0,1172.6307440227426,-202.63074402274265
258336,895.0,1020.9292496536519,-125.92924965365194
258355,1365.0,1210.862067088586,154.13793291141405
258427,1175.0,1308.803730317992,-133.80373031799195
258447,1229.0,1103.1624246785043,125.8375753214957
258488,900.0,1161.40893948441,-261.40893948441
258624,1204.0,1112.1812950370863,91.81870496291367
258652,1530.0,1243.8996166046368,286.1003833953632
258706,790.0,756.7304042654488,33.26959573455122
258717,540.0,709.8098692256526,-169.80986922565262
258727,1025.0,1279.0146371730443,-254.01463717304432
258731,710.0,690.6938316522017,19.306168347798348
258764,1245.0,1188.7800511891073,56.219948810892674
258801,1490.0,1311.0941747718628,178.90582522813725
258824,1100.0,1326.8127820985906,-226.81278209859056
258848,860.0,698.2454363645068,161.75456363549324
258955,1290.0,1153.3411973192274,136.65880268077262
258959,727.0,680.7032713770406,46.29672862295945
258989,578.0,1100.9851403559408,-522.9851403559408
259018,815.0,793.4364826727833,21.563517327216687
259035,590.0,641.5151253620286,-51.515125362028584
259059,1120.0,1145.5296719043429,-25.529671904342877
259074,1070.0,1080.8272643898551,-10.827264389855145
259087,950.0,1039.9367001564433,-89.9367001564433
259151,1115.0,1017.656529841989,97.34347015801097
259178,1060.0,1008.7464438357417,51.25355616425827
259208,960.0,697.734099730449,262.265900269551
259246,1155.0,1085.2825044644221,69.71749553557788
259268,1260.0,1095.7274428071312,164.27255719286882
259346,810.0,655.1443641361298,154.85563586387025
259360,770.0,946.5535734641791,-176.55357346417907
259391,616.0,579.1239299507678,36.876070049232226
259427,603.0,836.8290322239532,-233.82903222395316
259434,1055.0,1081.7333505513807,-26.73335055138068
259435,1160.0,1061.63745211793,98.36254788206998
259457,1205.0,1097.236788303447,107.76321169655307
259464,1335.0,1009.6715006917971,325.32849930820294
259494,542.0,632.7981447626443,-90.79814476264426
259501,670.0,639.4552988762115,30.544701123788514
259572,690.0,721.2012560548861,-31.20125605488613
259649,959.0,927.3439788359785,31.656021164021467
259722,610.0,654.0438263118008,-44.043826311800785
259729,615.0,667.0382006775334,-52.03820067753338
259730,675.0,697.578104924433,-22.578104924432978
259752,1330.0,1261.7752201063365,68.22477989366348
259771,1030.0,1158.3762498872138,-128.37624988721382
259776,1219.0,1237.2629962442488,-18.262996244248825
259840,620.0,776.3771643978596,-156.3771643978596
259878,1157.0,1193.6814435208562,-36.68144352085619
259949,1115.0,1147.396609748566,-32.39660974856611
259959,607.0,636.4135877734645,-29.413587773464542
259992,1076.0,1097.1613131511072,-21.16131315110715
259996,926.0,966.3504264166171,-40.3504264166171
260002,1069.0,987.1714243701246,81.82857562987544
260103,1250.0,1216.6440367896462,33.35596321035382
260328,1075.0,1009.2235684365426,65.77643156345744
260361,926.0,1019.0826353599278,-93.08263535992785
260422,1220.0,1183.9559543211517,36.044045678848306
260462,1165.0,1111.851048292835,53.148951707165
260470,1106.0,1367.3601681037296,-261.3601681037296
260508,970.0,975.0133881374221,-5.013388137422112
260532,1160.0,1239.0029152784018,-79.00291527840182
260573,545.0,523.8346855689501,21.165314431049865
260606,1480.0,1175.7984664462638,304.2015335537362
260663,995.0,1068.6022355712537,-73.60223557125369
260695,940.0,1113.5908644939482,-173.59086449394817
260717,685.0,775.7030454172254,-90.70304541722544
260722,725.0,808.8107510522742,-83.81075105227421
260929,905.0,761.3316628908548,143.66833710914523
261095,535.0,745.0029307053245,-210.0029307053245
261135,795.0,706.9963260022749,88.00367399772506
261149,665.0,794.1475602818533,-129.14756028185332
261192,715.0,787.7106505910543,-72.71065059105433
261240,600.0,707.2097707768753,-107.2097707768753
261271,665.0,597.7860130238655,67.21398697613449
261290,670.0,767.7944603877643,-97.79446038776427
261371,1310.0,1220.628298817079,89.37170118292102
261409,1445.0,1260.960777606279,184.03922239372105
261443,1120.0,1039.221383453035,80.77861654696494
261552,970.0,983.3034885543435,-13.303488554343517
261571,950.0,1076.8437674981692,-126.8437674981692
261581,915.0,937.4205418098029,-22.4205418098029
261635,1040.0,1032.8338196029413,7.166180397058724
261714,1074.0,1226.6858143834513,-152.68581438345132
261730,672.0,850.0782586067212,-178.0782586067212
261802,904.0,1132.9683127889343,-228.96831278893433
261808,1105.0,1144.7423964652753,-39.742396465275306
261883,624.0,587.6307732335391,36.36922676646088
261973,650.0,715.4282689809369,-65.42826898093688
262020,1250.0,1109.5001586542576,140.49984134574242
262222,680.0,674.538774749718,5.461225250282041
262229,955.0,1068.7550898290847,-113.75508982908468
262272,955.0,980.1577262930563,-25.15772629305627
262301,1275.0,1196.7916425060114,78.20835749398861
262322,1135.0,1030.1622107972055,104.83778920279451
262585,1103.0,1159.0987638589622,-56.09876385896223
262588,1050.0,1201.5235490947384,-151.52354909473843
262589,835.0,678.8107534331173,156.18924656688273
262618,1226.0,1213.4971302046483,12.502869795351671
262648,1450.0,1284.7801282447278,165.21987175527215
262649,485.0,619.5941706908236,-134.5941706908236
262683,1095.0,1185.904681938502,-90.90468193850211
262727,1135.0,1297.0056593061965,-162.00565930619655
262741,1290.0,1226.4190516180938,63.58094838190618
262746,835.0,740.5221506144479,94.47784938555208
262807,1005.0,1334.685945527683,-329.6859455276831
262816,1060.0,932.2162109719595,127.78378902804047
262837,990.0,1106.1335805005347,-116.13358050053466
262877,725.0,759.3704384774342,-34.37043847743416
262879,1257.0,560.5203276478176,696.4796723521824
262936,838.0,1092.5387515684133,-254.53875156841332
262945,1575.0,1165.1293133043393,409.87068669566065
262956,895.0,1061.6830168331594,-166.6830168331594
263001,1240.0,1156.5724546522126,83.42754534778737
263031,1310.0,1187.0103287201491,122.98967127985088
263033,1287.0,1018.4554948407851,268.54450515921485
263061,1295.0,1123.9658878849757,171.0341121150243
263088,1126.0,1052.4407258821211,73.55927411787889
263234,490.0,1121.25831747837,-631.2583174783699
263268,1335.0,1160.7515818829443,174.24841811705573
263323,1180.0,1213.3844754946417,-33.38447549464172
263329,1085.0,1067.1335742669755,17.86642573302447
263349,1335.0,1139.9059313513658,195.09406864863422
263360,1060.0,1077.6887771423974,-17.688777142397385
263398,990.0,1068.6612893470044,-78.66128934700441
263418,620.0,609.4714383691992,10.528561630800823
263432,1352.0,1204.7323461374826,147.26765386251736
263461,904.0,1242.7259864546975,-338.7259864546975
263486,1140.0,1073.598084430495,66.40191556950504
263567,975.0,1169.0885731195197,-194.08857311951965
263664,770.0,641.8292441808564,128.17075581914355
263680,549.0,575.7912582664538,-26.791258266453838
263747,760.0,641.0498136686037,118.95018633139625
263789,1005.0,1073.9925974687796,-68.99259746877965
263807,1058.0,1135.0329360393098,-77.03293603930979
263822,1224.0,1287.2901935463196,-63.29019354631964
263836,820.0,759.2453215799202,60.75467842007981
263875,860.0,759.181536964121,100.81846303587895
263880,1120.0,1214.0063241357493,-94.00632413574931
263916,745.0,731.2813898320637,13.718610167936276
263932,1215.0,1190.6092951498633,24.39070485013667
264020,1078.0,1098.083679179655,-20.083679179655064
264050,495.0,555.566133873154,-60.566133873153944
264055,760.0,979.8322508673649,-219.8322508673649
264078,1380.0,1258.7477312573164,121.25226874268355
264123,595.0,717.0658538661132,-122.06585386611323
264126,1080.0,1261.1879746295067,-181.1879746295067
264187,1300.0,1276.647714157011,23.352285842988977
264199,1249.0,1275.6975089987477,-26.697508998747708
264262,1105.0,1060.7750951731425,44.22490482685748
264324,690.0,633.4844488628383,56.51555113716165
264451,1010.0,1184.4484971795544,-174.44849717955435
264474,1228.0,1285.7638892030245,-57.76388920302452
264475,654.0,637.4104888484371,16.589511151562874
264586,1464.0,954.4288787859315,509.5711212140685
264605,1014.0,1053.091205835079,-39.09120583507911
264677,981.0,1133.7704147996628,-152.77041479966283
264711,1282.0,1185.7491875531082,96.25081244689181
264747,663.0,771.3036166632157,-108.30361666321573
264785,1090.0,961.7525077335257,128.2474922664743
264786,1500.0,1171.5728405907957,328.42715940920425
264796,804.0,674.1285698611373,129.8714301388627
264807,970.0,1067.7516801314125,-97.75168013141251
264809,1190.0,1044.2063077134587,145.79369228654127
264840,1075.0,1175.3411128415921,-100.34111284159212
264856,1345.0,1112.3798829091916,232.62011709080844
264873,910.0,827.163414704677,82.83658529532295
264892,1095.0,1122.2681546560516,-27.268154656051593
264965,1035.0,1026.4894140746508,8.510585925349233
264967,1480.0,1230.4664060392627,249.53359396073733
265014,1166.0,1119.6728949906453,46.32710500935468
265023,740.0,1090.389987936715,-350.389987936715
265036,1050.0,945.9475389820797,104.05246101792034
265049,628.0,718.3534287164383,-90.35342871643832
265177,622.0,637.4139628645772,-15.413962864577229
265195,937.0,1047.4927722976354,-110.49277229763538
265228,1115.0,1016.8336013594883,98.16639864051172
265293,475.0,1076.3153032783014,-601.3153032783014
265324,905.0,745.3774407844259,159.62255921557414
265403,1060.0,1001.0654506448068,58.93454935519321
265429,1035.0,1172.5673115002685,-137.5673115002685
265472,1263.0,1252.0238097225226,10.976190277477372
265545,1235.0,1237.9921308855849,-2.9921308855848565
265559,1215.0,1372.7284358217503,-157.72843582175028
265617,1060.0,1285.3911671479116,-225.39116714791157
265649,820.0,688.7009624458057,131.29903755419434
265678,752.0,678.0466110221589,73.95338897784109
265716,1224.0,992.036881428411,231.963118571589
265720,597.0,744.1709360862386,-147.1709360862386
265742,1210.0,1109.2277726003233,100.7722273996767
265786,825.0,894.2964937404412,-69.29649374044118
265793,1246.0,1112.4553002083974,133.54469979160262
265797,1190.0,1215.3551554698352,-25.355155469835154
265798,700.0,626.9125447590114,73.08745524098856
265800,1325.0,1085.1944612699997,239.8055387300003
265805,555.0,540.8524563492065,14.147543650793523
265831,1375.0,1214.6843974299286,160.3156025700714
265878,1395.0,1229.2601592399667,165.7398407600333
265947,510.0,590.7553717988047,-80.75537179880473
265984,1240.0,1163.989250203262,76.01074979673808
265991,1102.0,1221.0203555734577,-119.02035557345766
266042,665.0,603.0298226664655,61.97017733353448
266087,1070.0,1159.2126223451255,-89.21262234512551
266106,621.0,743.2945517066672,-122.29455170666722
266120,1142.0,1284.072081136644,-142.0720811366441
266148,700.0,966.1765436902613,-266.17654369026127
266156,1260.0,1169.0577043439891,90.94229565601086
266162,1260.0,1099.2292480959459,160.77075190405412
266176,690.0,971.1335767856914,-281.1335767856914
266260,800.0,591.006093597783,208.99390640221702
266283,635.0,664.1610134955815,-29.16101349558153
266318,995.0,1264.0156889753662,-269.0156889753662
266334,1310.0,1182.5339354542577,127.46606454574226
266343,595.0,693.6656575645362,-98.66565756453622
266371,1037.0,1136.7594266918488,-99.75942669184883
266380,855.0,737.6751265919197,117.3248734080803
266384,1040.0,1024.9680438692849,15.031956130715116
266406,800.0,956.7398362621494,-156.73983626214942
266488,855.0,721.0552910773654,133.94470892263462
266505,875.0,742.1584316704703,132.84156832952965
266525,750.0,652.1029300218867,97.89706997811334
266645,890.0,1096.7422464163974,-206.7422464163974
266662,935.0,820.4666858686919,114.53331413130809
266688,670.0,740.029544097255,-70.02954409725498
266705,1210.0,968.1067043438986,241.89329565610137
266731,1515.0,1302.852537594014,212.14746240598606
266794,1020.0,1125.5392265983346,-105.53922659833461
266798,1025.0,824.1351882026601,200.86481179733994
266809,1105.0,1089.3123092225208,15.687690777479247
266811,922.0,1146.7978506527136,-224.79785065271358
266829,885.0,1029.6753597203228,-144.67535972032283
266977,911.0,916.4998958564892,-5.499895856489161
266995,1200.0,1182.4780667146572,17.52193328534281
267024,1275.0,1237.8392554485258,37.16074455147418
267025,1020.0,1041.205563125425,-21.205563125424987
267067,1665.0,1249.3358056705167,415.6641943294833
267074,1170.0,1110.5984996060824,59.40150039391756
267107,710.0,712.2673114859624,-2.2673114859624093
267114,1330.0,1312.4500456773883,17.54995432261171
267172,650.0,687.7455452519715,-37.74554525197152
267231,657.0,768.3846896188652,-111.3846896188652
267246,820.0,785.5148298466928,34.485170153307195
267248,881.0,975.1922698939219,-94.19226989392189
267283,680.0,963.3507487896727,-283.3507487896727
267318,1409.0,1033.4322498096537,375.56775019034626
267329,682.0,626.4898525342286,55.51014746577141
267406,1322.0,1151.964625013707,170.03537498629294
267433,1370.0,1252.5343466384443,117.46565336155572
267496,759.0,593.9811622404801,165.0188377595199
267604,959.0,1123.3489736467006,-164.34897364670064
267643,782.0,1113.6377161729622,-331.6377161729622
267685,1335.0,1204.3343791489872,130.66562085101282
267709,1220.0,1232.748554355972,-12.748554355971919
267710,620.0,710.213081003885,-90.21308100388501
267720,1201.0,1035.5769809120925,165.4230190879075
267791,980.0,996.5694564603302,-16.56945646033023
267833,1271.0,1207.360609415637,63.6393905843629
267835,1334.0,1177.4622943975826,156.53770560241742
267933,1315.0,1229.4048462515314,85.59515374846865
267949,923.0,1089.7399504702205,-166.7399504702205
268027,1060.0,1296.130561989126,-236.1305619891259
268032,590.0,755.7124910429143,-165.71249104291428
268059,535.0,705.3708011251126,-170.37080112511262
268060,935.0,987.6419447005063,-52.641944700506315
268082,1005.0,1132.7279099896602,-127.72790998966025
268123,995.0,1039.1927722729126,-44.192772272912634
268189,1020.0,1107.0735495823542,-87.07354958235419
268199,1105.0,1147.9604006791435,-42.960400679143504
268313,1430.0,1275.8160837712799,154.18391622872014
268329,840.0,963.5626293706295,-123.56262937062945
268348,1000.0,943.8559106293366,56.14408937066344
268375,1600.0,1245.2460519773415,354.7539480226585
268464,745.0,1073.9978776428106,-328.99787764281064
268590,815.0,701.8093676552826,113.19063234471741
268602,719.0,660.1422951112942,58.857704888705825
268624,620.0,720.3332304986212,-100.33323049862122
268675,1070.0,1074.688418788257,-4.688418788256968
268677,1215.0,1131.0167843360634,83.98321566393656
268740,1060.0,1097.5443730409374,-37.544373040937444
268757,1370.0,1145.3903791660816,224.60962083391837
268777,1225.0,1292.8492893523949,-67.84928935239486
268791,1260.0,1090.8308966354823,169.1691033645177
268830,1190.0,1261.9793126518985,-71.97931265189845
268863,1110.0,1145.3743024511903,-35.37430245119026
268877,980.0,1161.9281983723342,-181.92819837233424
268882,1160.0,1078.5691949953543,81.43080500464566
268898,595.0,719.4972105670319,-124.49721056703186
268927,812.0,1131.4667260669692,-319.46672606696916
268966,587.0,653.2622037516973,-66.26220375169726
269023,1097.0,992.4726039807723,104.5273960192277
269040,594.0,688.7037841555347,-94.70378415553466
269074,1050.0,1274.3692226979983,-224.36922269799834
269123,1175.0,1222.4178121099094,-47.41781210990939
269132,1135.0,1258.2129408219273,-123.2129408219273
269163,1195.0,1184.9590738489458,10.040926151054236
269194,1245.0,1171.830962207269,73.16903779273093
269204,735.0,705.0698680426533,29.930131957346703
269210,1345.0,959.6286977651812,385.3713022348188
269222,885.0,1313.818220477857,-428.81822047785704
269229,1425.0,1253.0213417580096,171.9786582419904
269237,783.0,964.7141403388281,-181.7141403388281
269296,1160.0,1176.982280272732,-16.98228027273194
269318,745.0,742.1162249757755,2.8837750242245193
269359,835.0,745.2071100502542,89.79288994974581
269411,1027.0,1015.8675960876863,11.132403912313748
269462,700.0,769.2574385416223,-69.25743854162226
269463,1110.0,1090.0759552131683,19.9240447868317
269487,1040.0,1118.8106972082855,-78.81069720828555
269506,1365.0,1207.4008816733005,157.59911832669945
269512,610.0,1035.7035707245432,-425.70357072454317
269523,960.0,997.7373927631173,-37.73739276311733
269549,705.0,735.9357418994936,-30.935741899493564
269566,1352.0,1267.2639873008507,84.73601269914934
269595,890.0,762.8250089953514,127.17499100464863
269597,900.0,1030.6800906032756,-130.68009060327563
269662,550.0,582.2411383698054,-32.24113836980541
269671,1050.0,1231.8148833967052,-181.81488339670523
269702,670.0,723.1443272129826,-53.1443272129826
269742,695.0,729.254976865421,-34.254976865420986
269815,1522.0,1284.6186214588552,237.38137854114484
269831,905.0,916.2648648800437,-11.26486488004366
269870,966.0,1259.095450094268,-293.095450094268
269873,1290.0,1131.4723171315077,158.52768286849232
269947,870.0,1203.604361427875,-333.6043614278749
269999,1136.0,990.4612283005878,145.53877169941222
270043,963.0,908.9686649906785,54.03133500932154
270109,616.0,786.3019360957202,-170.30193609572018
270119,1345.0,1142.3503723517822,202.6496276482178
270197,1010.0,1079.7674910171065,-69.76749101710652
270210,1100.0,966.2048488323767,133.79515116762332
270291,1225.0,1099.1361236277924,125.86387637220764
270293,620.0,696.9402466533254,-76.9402466533254
270302,1370.0,1184.6814312597874,185.31856874021264
270350,1045.0,1072.0496202949414,-27.049620294941406
270454,1315.0,1215.2792269147928,99.72077308520716
270496,1090.0,1132.3879539209909,-42.38795392099087
270518,1270.0,1296.9361730771668,-26.936173077166814
270531,560.0,741.5306250293103,-181.53062502931027
270538,638.0,1140.825062615255,-502.8250626152551
270586,1050.0,1126.6697146151753,-76.66971461517528
270602,550.0,642.3556709533275,-92.35567095332749
270691,720.0,601.4172449591672,118.58275504083281
270722,1145.0,1155.7303099545668,-10.730309954566792
270771,1060.0,994.0619806162107,65.93801938378931
270803,665.0,648.8067164611052,16.193283538894775
270820,1310.0,1284.675930447039,25.324069552960964
270860,1225.0,1286.9877565104703,-61.98775651047026
270915,1120.0,1204.4607422980039,-84.46074229800388
270972,860.0,1071.67211162233,-211.67211162233002
270982,1102.0,1253.9434408595293,-151.94344085952935
271004,975.0,904.3193791595393,70.68062084046073
271030,950.0,759.8440697972702,190.1559302027298
271056,1215.0,1162.9447182295885,52.05528177041151
271111,610.0,642.1792095648203,-32.179209564820326
271189,890.0,768.8937808552668,121.10621914473325
271206,1080.0,1097.0942322564194,-17.094232256419446
271511,1154.0,1123.1315855889457,30.868414411054346
271584,1100.0,1163.9451760525349,-63.94517605253486
271732,687.0,687.3530148037293,-0.353014803729252
271832,1371.0,1222.864100094846,148.13589990515402
271842,880.0,697.7613321208715,182.23866787912846
271876,1118.0,1159.4679020570672,-41.46790205706725
271878,1135.0,1219.743424948497,-84.74342494849702
271938,1220.0,1121.538871796051,98.4611282039491
272022,475.0,596.3299438718,-121.32994387179997
272036,700.0,643.3509740434047,56.649025956595324
272048,948.0,907.226245821651,40.77375417834901
272056,1355.0,1263.459836801478,91.5401631985219
272066,930.0,1248.9573102379231,-318.95731023792314
272087,915.0,1068.1911839693253,-153.19118396932527
272319,690.0,683.3692062462363,6.630793753763669
272342,1145.0,1162.6403937931077,-17.640393793107705
272422,995.0,995.5967095657434,-0.5967095657433674
272435,730.0,750.1375143822833,-20.137514382283257
272515,695.0,717.0284427220842,-22.02844272208415
272531,1120.0,1161.8433103678085,-41.8433103678085
272570,910.0,910.4388857022607,-0.43888570226067714
272575,555.0,711.498745794737,-156.49874579473703
272587,740.0,664.854619031511,75.14538096848901
272632,705.0,690.1045691454175,14.895430854582514
272635,1450.0,1243.633459893697,206.3665401063031
272645,1228.0,1257.9398713874543,-29.939871387454332
272663,920.0,1276.0998912013497,-356.0998912013497
272686,643.0,528.0406024279523,114.95939757204769
272690,665.0,603.2180607954331,61.781939204566925
272712,680.0,759.909890081967,-79.90989008196698
272727,1065.0,1070.7254951310754,-5.725495131075377
272729,1155.0,1263.227609272329,-108.22760927232889
272756,970.0,905.3730942672557,64.62690573274426
272761,829.0,624.5514438889875,204.44855611101252
272815,840.0,1058.5080813687548,-218.5080813687548
272869,1032.0,978.0454244670334,53.9545755329666
272880,765.0,844.1418339306966,-79.14183393069663
272895,903.0,1163.5306825023408,-260.5306825023408
272934,558.0,599.5658124903499,-41.56581249034991
272970,930.0,1373.4784798037124,-443.4784798037124
272974,1300.0,1293.552267513518,6.447732486481982
273140,1155.0,1206.095134121672,-51.09513412167189
273163,1130.0,1157.8883496638043,-27.88834966380432
273209,930.0,914.1978319763019,15.802168023698073
273252,540.0,575.4649268513067,-35.4649268513067
273254,905.0,1050.281448122891,-145.2814481228911
273289,550.0,618.5421040544858,-68.54210405448578
273290,977.0,1263.4451488058673,-286.44514880586735
273340,580.0,661.8663867524492,-81.86638675244922
273358,1360.0,1402.312689600016,-42.31268960001603
273363,765.0,701.2967513758696,63.703248624130424
273427,795.0,688.5590086955424,106.44099130445761
273463,1330.0,1363.8622329716832,-33.86223297168317
273468,835.0,836.6836967630989,-1.683696763098851
273497,910.0,1081.0095752107702,-171.0095752107702
273537,910.0,1088.5787288869901,-178.57872888699012
273548,526.0,673.450663294589,-147.45066329458905
273573,981.0,1100.2926300170138,-119.29263001701383
273594,835.0,983.8237790130438,-148.8237790130438
273614,705.0,715.7316844030559,-10.731684403055851
273620,1301.0,967.9244613015933,333.0755386984067
273649,795.0,1098.0536849544083,-303.05368495440825
273678,585.0,630.7215751267635,-45.72157512676347
273702,762.0,707.01756321205,54.98243678794995
273705,1005.0,1045.0670385623976,-40.067038562397556
273723,770.0,598.4016643855178,171.59833561448215
273757,758.0,788.3569198007622,-30.35691980076217
273988,930.0,691.5558242293538,238.4441757706462
274017,1105.0,1010.5928982040317,94.40710179596829
274046,675.0,660.799117227308,14.200882772692012
274072,1086.0,1045.9879446995355,40.01205530046445
274154,1010.0,1115.2943712010613,-105.29437120106127
274238,1054.0,1121.0668311804654,-67.06683118046544
274268,1280.0,1286.9322306199902,-6.9322306199901504
274278,705.0,705.7257422707165,-0.7257422707165233
274368,750.0,862.71517989418,-112.71517989417998
274374,475.0,661.5103234600084,-186.5103234600084
274423,1060.0,987.4048080544779,72.59519194552206
274444,1238.0,1145.3280720421942,92.67192795780579
274454,885.0,665.1377733939077,219.86222660609235
274474,560.0,724.0085932979366,-164.0085932979366
274478,645.0,701.1104980270833,-56.11049802708328
274538,1265.0,1165.189859714018,99.81014028598202
274546,850.0,729.4532407407407,120.54675925925926
274555,733.0,670.7221471479475,62.27785285205255
274574,735.0,798.6629411976916,-63.662941197691566
274591,1150.0,1027.7081340187572,122.29186598124284
274610,940.0,1005.5138380779334,-65.51383807793343
274622,1300.0,1148.4383164427416,151.56168355725845
274630,740.0,585.3764552907473,154.62354470925266
274649,1040.0,1162.1099983267459,-122.10999832674588
274685,1124.0,853.5150234906597,270.4849765093403
274694,800.0,620.894455331832,179.10554466816802
274715,780.0,1015.0108194398191,-235.0108194398191
274746,845.0,1179.4550925247695,-334.4550925247695
274761,760.0,637.8054022408181,122.19459775918187
274793,600.0,601.292944910021,-1.2929449100209922
274800,765.0,647.062385245234,117.93761475476595
274830,1140.0,1291.6489391175107,-151.64893911751074
274858,590.0,737.507809955878,-147.50780995587797
274894,1091.0,1021.8008899727679,69.19911002723211
274926,770.0,725.204544161753,44.795455838246994
274934,1080.0,1270.3960145926872,-190.39601459268715
274951,1200.0,1136.160114888548,63.83988511145208
275045,569.0,630.9060485139938,-61.906048513993824
275095,1200.0,1206.7914443408436,-6.7914443408435545
275108,990.0,1192.499117920269,-202.4991179202691
275109,585.0,656.4007810519605,-71.40078105196051
275126,1257.0,906.4246306681214,350.5753693318786
275260,855.0,928.8702613893012,-73.87026138930116
275328,1400.0,1153.1272102849373,246.8727897150627
275357,937.0,1037.8679239278779,-100.86792392787788
275389,1120.0,1175.7742754054773,-55.77427540547728
275422,682.0,714.0807673862329,-32.08076738623288
275470,1275.0,1287.2489786586584,-12.248978658658416
275541,959.0,1066.0560917401554,-107.05609174015535
275583,950.0,1303.1852496051265,-353.1852496051265
275643,625.0,816.6699728795472,-191.66997287954723
275653,1199.0,1013.1859906274888,185.81400937251124
275669,910.0,1035.1381872471159,-125.13818724711587
275680,790.0,691.8422734604867,98.1577265395133
275682,1040.0,1234.8978069050202,-194.89780690502016
275692,1045.0,1102.2747941551004,-57.27479415510038
275728,1495.0,1251.4575036401902,243.54249635980977
275732,1080.0,1244.9738430645223,-164.97384306452227
275743,1115.0,969.0350105916932,145.9649894083068
275773,895.0,911.8557182971499,-16.855718297149906
275853,690.0,663.6318287173618,26.368171282638173
275884,1030.0,1141.3357391495263,-111.33573914952626
275919,1415.0,1218.5343449118036,196.4656550881964
275968,1105.0,1280.0839150824113,-175.0839150824113
275997,926.0,818.3725724406892,107.62742755931083
276055,790.0,755.9438414210674,34.05615857893258
276261,1010.0,1201.720641810466,-191.72064181046608
276267,930.0,1025.8047487371607,-95.80474873716071
276297,910.0,1109.2457522021782,-199.2457522021782
276298,920.0,1259.3356928281603,-339.3356928281603
276306,1015.0,1075.1230317156762,-60.123031715676234
276310,990.0,1268.4058966699747,-278.4058966699747
276351,950.0,1041.6388368665173,-91.6388368665173
276379,1065.0,1142.441107317198,-77.44110731719798
276407,980.0,1092.3891899941418,-112.38918999414182
276415,795.0,1135.128235303958,-340.12823530395804
276462,975.0,1065.7552616972819,-90.75526169728187
276470,1145.0,1093.2485377695953,51.75146223040474
276475,775.0,752.7923847577275,22.20761524227248
276527,1300.0,1352.4336932817496,-52.43369328174958
276544,1140.0,1373.0700446566248,-233.07004465662476
276571,791.0,732.366985698682,58.633014301317985
276597,1425.0,1160.7041772295308,264.29582277046916
276619,937.0,1113.1446945454127,-176.14469454541268
276676,1115.0,1115.7140015988025,-0.714001598802497
276699,1152.0,1301.126574221588,-149.12657422158804
276703,1060.0,1052.5058322113903,7.4941677886097295
276726,961.0,1119.7718384153661,-158.77183841536612
276735,905.0,947.891892610461,-42.891892610461014
276760,970.0,949.704333724111,20.295666275888948
276827,840.0,814.2236472812394,25.776352718760563
276833,1055.0,1229.4237731413218,-174.42377314132182
276954,1370.0,1002.4567679259408,367.54323207405923
277005,1335.0,1271.9223731582035,63.07762684179647
277012,610.0,797.8119302218417,-187.81193022184175
277080,660.0,608.6606374075386,51.339362592461384
277089,975.0,971.8916567699731,3.1083432300268896
277172,860.0,1031.5818481595638,-171.58184815956383
277220,1350.0,1164.6112828740181,185.38871712598188
277308,1275.0,1286.0394383493133,-11.039438349313286
277314,910.0,714.1341775443582,195.86582245564182
277341,1285.0,1192.985806931222,92.01419306877801
277359,1370.0,1058.7143782534313,311.2856217465687
277380,1177.0,1065.4295922403528,111.5704077596472
277436,1015.0,1139.804801123991,-124.80480112399096
277471,790.0,696.0713262674982,93.9286737325018
277555,1285.0,1180.1292878373988,104.8707121626012
277596,980.0,1202.39876507942,-222.39876507941995
277689,1285.0,1104.4223584565698,180.57764154343022
277695,445.0,608.618801669921,-163.61880166992103
277812,1336.0,1256.4586321501788,79.5413678498212
277817,550.0,610.7491938197547,-60.74919381975474
277822,1100.0,1204.1310703684164,-104.13107036841643
277841,1124.0,1011.3673132488069,112.63268675119309
277926,874.0,623.5317174985769,250.46828250142312
277963,1060.0,948.3972952743528,111.60270472564719
278002,971.0,1029.6971473040458,-58.69714730404576
278025,1025.0,1092.883360825184,-67.8833608251839
278043,800.0,1195.491872875999,-395.491872875999
278107,1235.0,1233.8265993943041,1.1734006056958606
278137,565.0,583.3757747050989,-18.375774705098934
278144,710.0,679.3629298608523,30.63707013914768
278145,840.0,1010.7390598268449,-170.73905982684494
278160,700.0,719.2631045631464,-19.263104563146385
278161,930.0,1113.490304910347,-183.49030491034705
278192,1260.0,1164.5704815624406,95.42951843755941
278205,1240.0,1115.6748265617925,124.32517343820746
278222,1380.0,1389.0071564729362,-9.00715647293623
278230,675.0,763.1405485317672,-88.1405485317672
278269,782.0,1230.11609696607,-448.11609696607
278284,1405.0,1306.3942662313893,98.60573376861066
278315,780.0,746.1665957881078,33.83340421189223
278326,1389.0,1104.9954251105057,284.0045748894943
278355,720.0,650.1590982219224,69.84090177807764
278401,659.0,743.1546585167658,-84.15465851676583
278412,1280.0,1136.8031539327937,143.19684606720625
278434,1102.0,1149.842353396558,-47.84235339655811
278436,877.0,1151.1208387201523,-274.1208387201523
278505,870.0,707.6070610796012,162.39293892039882
278528,469.0,626.478935185185,-157.47893518518504
278531,695.0,649.5579079253619,45.44209207463814
278556,974.0,1164.1670255396525,-190.1670255396525
278569,1157.0,1088.352287328598,68.6477126714019
278650,1185.0,1213.4753900257044,-28.475390025704428
278652,579.0,716.4023700866823,-137.40237008668225
278685,1305.0,1103.5362911232364,201.46370887676358
278716,1105.0,1212.6432717778416,-107.64327177784162
278755,1032.0,1031.7908382992696,0.2091617007304194
278758,1320.0,1166.5062613885668,153.49373861143317
278788,1185.0,1089.0481490221557,95.95185097784429
278826,1070.0,1024.7468930925036,45.25310690749643
278874,1215.0,1153.7071145035493,61.29288549645071
278896,660.0,646.9770110707032,13.022988929296844
278897,910.0,1056.983801995684,-146.98380199568396
278939,805.0,772.6698179029573,32.330182097042666
278958,680.0,739.4642344271552,-59.46423442715525
278965,990.0,1161.8184751567721,-171.81847515677214
278977,583.0,682.4483820340403,-99.44838203404026
278980,1270.0,1290.4845579546097,-20.484557954609727
279028,1230.0,1267.0770016329514,-37.07700163295135
279077,1330.0,1144.351819455745,185.64818054425496
279089,524.0,711.565469322732,-187.56546932273204
279100,704.0,680.7592426772891,23.24075732271092
279103,1230.0,1088.7141663872274,141.28583361277265
279123,935.0,1024.5617101826676,-89.56171018266764
279392,539.0,568.6174894474551,-29.617489447455114
279428,770.0,695.7071070540554,74.29289294594457
279437,970.0,876.7059315102346,93.29406848976544
279442,1400.0,1288.7320914016038,111.26790859839616
279448,1260.0,1188.1551989505037,71.84480104949625
279451,725.0,620.8646883722919,104.13531162770812
279489,775.0,674.7854116058803,100.21458839411969
279500,385.0,530.5263580307007,-145.52635803070075
279525,1190.0,1371.3441321544606,-181.34413215446057
279529,1060.0,1197.2458812083742,-137.24588120837416
279564,960.0,1215.1112635639734,-255.11126356397335
279583,500.0,659.5637741587126,-159.5637741587126
279607,1120.0,1072.5947328585958,47.40526714140424
279661,808.0,1270.3668333333328,-462.3668333333328
279666,799.0,1023.5306252344448,-224.53062523444476
279741,810.0,740.3601201049048,69.63987989509519
279779,865.0,963.4520331153392,-98.45203311533919
279840,899.0,840.9568849825351,58.04311501746486
279849,615.0,751.1272685216969,-136.12726852169692
279880,1020.0,1100.0430332088981,-80.04303320889812
279905,715.0,626.6264383936698,88.37356160633021
279929,1035.0,686.7624510563564,348.23754894364356
279952,885.0,748.7057042190132,136.29429578098677
279978,505.0,729.983569441084,-224.983569441084
279979,1245.0,1137.3386866741146,107.66131332588543
279987,1125.0,1168.1133176407216,-43.11331764072156
280094,615.0,625.6421334231683,-10.642133423168275
280161,1100.0,1171.5339959493135,-71.53399594931352
280176,733.0,728.6455824279515,4.354417572048533
280189,1160.0,1168.3740350335593,-8.374035033559267
280205,920.0,674.1285698611373,245.8714301388627
280409,750.0,710.5775337244226,39.42246627557745
280425,870.0,1104.117305126469,-234.1173051264691
280437,1055.0,1102.2250430841123,-47.22504308411226
280483,1021.0,1179.796440898892,-158.7964408988919
280501,1040.0,1213.3844754946417,-173.38447549464172
280515,780.0,790.2524844851266,-10.252484485126615
280582,656.0,635.4020168511242,20.597983148875755
280715,1142.0,964.0553527683836,177.9446472316164
280740,945.0,1167.5728138464876,-222.57281384648763
280742,960.0,1096.0017484297548,-136.0017484297548
280800,445.0,568.2237421924344,-123.22374219243443
280824,960.0,1183.8597276598257,-223.8597276598257
280835,915.0,1067.6155481429864,-152.61554814298643
280840,1570.0,1381.7981832003495,188.2018167996505
280884,664.0,783.6346812680337,-119.63468126803366
280913,900.0,697.5282066822931,202.4717933177069
280933,1102.0,1060.3920399162002,41.60796008379975
280947,1030.0,1075.9303561311865,-45.9303561311865
280968,940.0,672.9218464760055,267.0781535239945
280987,690.0,710.0056693607822,-20.005669360782235
281024,790.0,729.9341586596736,60.065841340326415
281069,1190.0,1168.6666267303676,21.333373269632375
281111,1475.0,1200.9235370246781,274.0764629753219
281112,791.0,878.4792426395055,-87.47924263950551
281135,725.0,693.8977314038315,31.10226859616853
281149,628.0,708.5756962627482,-80.57569626274824
281213,855.0,899.1958818524816,-44.19588185248165
281289,1090.0,1214.045308029973,-124.04530802997306
281292,1375.0,1306.4521478353809,68.54785216461914
281337,1015.0,742.6070194618034,272.39298053819664
281346,741.0,703.2392973089214,37.76070269107856
281349,1225.0,1307.2768689699851,-82.27686896998512
281430,620.0,764.4737972143508,-144.47379721435084
281439,420.0,596.6427058746383,-176.6427058746383
281449,720.0,743.2764669245884,-23.276466924588362
281465,610.0,659.7149100639056,-49.71491006390556
281622,1015.0,1099.5318084299197,-84.53180842991969
281653,1130.0,1390.1307497870869,-260.13074978708687
281806,725.0,763.8452774315322,-38.84527743153217
281820,1045.0,1161.9647929975806,-116.96479299758062
281828,1275.0,1227.3310141377617,47.66898586223829
281859,1071.0,982.8918585934713,88.10814140652872
281877,565.0,757.2921100038005,-192.29211000380053
281915,950.0,997.6369252604471,-47.63692526044713
281922,1387.0,1131.4024718393273,255.5975281606727
281928,1305.0,1402.5794318638468,-97.57943186384682
281940,440.0,539.1128358172547,-99.11283581725468
281957,870.0,1101.152439954937,-231.1524399549371
282014,876.0,1003.8394744457586,-127.83947444575858
282029,1185.0,1120.4061896055002,64.59381039449977
282038,1213.0,1264.131528336883,-51.13152833688309
282043,1041.0,1131.6879822803735,-90.68798228037349
282053,677.0,673.3825575205254,3.617442479474562
282083,528.0,687.4773678975223,-159.4773678975223
282095,996.0,764.2874854632291,231.71251453677087
282114,830.0,639.7390384589459,190.26096154105414
282220,1141.0,1337.1740116209203,-196.17401162092028
282271,850.0,874.2827106317478,-24.28271063174782
282353,637.0,514.8572211105665,122.14277888943354
282395,960.0,1144.7423914767937,-184.74239147679373
282422,1003.0,1112.2721342670216,-109.27213426702156
282427,1210.0,1211.47606088051,-1.4760608805099764
282469,1160.0,1291.5885104164047,-131.5885104164047
282539,745.0,712.6849514349605,32.31504856503955
282578,1490.0,1206.9402221405553,283.0597778594447
282583,757.0,733.0674166767502,23.932583323249787
282590,1520.0,1155.6612597238466,364.33874027615343
282598,900.0,974.6359841859878,-74.63598418598781
282599,1205.0,1097.4927979126694,107.5072020873306
282676,815.0,803.6915711581273,11.308428841872683
282725,440.0,622.1898599504103,-182.18985995041032
282753,1155.0,1364.0793456842002,-209.07934568420023
282772,1040.0,1067.0960041154367,-27.0960041154367
282776,727.0,650.9810347783246,76.01896522167544
282782,1210.0,1248.757090280569,-38.757090280568946
282814,610.0,703.8080312511016,-93.80803125110162
282821,1060.0,1030.6036047068874,29.39639529311262
282858,606.0,667.0408687574362,-61.040868757436215
282867,665.0,768.2652289789909,-103.26522897899088
282868,838.0,960.4946228520331,-122.4946228520331
282882,590.0,688.3897675356689,-98.38976753566885
282899,1220.0,1188.5316514024116,31.468348597588374
282928,780.0,814.0162198249889,-34.016219824988866
282962,663.0,760.4211321133841,-97.42113211338415
282966,880.0,1099.5107953886832,-219.51079538868316
282976,1435.0,1266.9087600642042,168.09123993579578
283023,623.0,558.0958686868684,64.90413131313164
283059,1485.0,1284.6747013487945,200.32529865120546
283081,910.0,900.8285778376926,9.171422162307408
283208,680.0,701.1760518664762,-21.1760518664762
283215,653.0,724.8287532910316,-71.8287532910316
283220,1065.0,1061.4615806073853,3.538419392614742
283232,1093.0,1155.7679926218918,-62.767992621891835
283273,1190.0,1172.1743626386203,17.825637361379677
283306,730.0,649.5646645978121,80.43533540218789
283330,1010.0,1029.2259756697104,-19.22597566971035
283331,1100.0,1117.8454774676723,-17.845477467672254
283332,590.0,715.0005853542692,-125.00058535426922
283346,700.0,794.6124133292456,-94.61241332924556
283358,1175.0,1117.570290161645,57.42970983835494
283362,1170.0,1173.79923656615,-3.799236566150057
283378,720.0,723.8804521484785,-3.8804521484785255
283449,735.0,698.4858366132414,36.51416338675858
283484,1075.0,1040.0871307110706,34.912869288929414
283501,970.0,851.1753462933852,118.82465370661475
283537,1120.0,1174.9065153786014,-54.9065153786014
283541,1120.0,1106.529893968794,13.470106031205887
283627,690.0,650.5506492264726,39.449350773527385
283715,1150.0,1194.1704782279423,-44.17047822794234
283737,926.0,864.5767853335125,61.423214666487524
283767,750.0,737.2559915845305,12.744008415469466
283788,915.0,796.9010529997861,118.09894700021391
283894,1245.0,1350.3409068076928,-105.34090680769282
283936,1190.0,1174.793247057699,15.20675294230091
283995,655.0,695.4030294951401,-40.40302949514012
284061,871.0,1081.179785794586,-210.179785794586
284127,944.0,961.1996226210945,-17.199622621094477
284167,765.0,1052.4072448634531,-287.4072448634531
284225,1175.0,1159.2448752658327,15.755124734167339
284260,560.0,720.6911048594185,-160.6911048594185
284282,1210.0,1259.530324712242,-49.53032471224196
284297,770.0,658.4146756598084,111.58532434019162
284304,1010.0,1228.9304512930537,-218.9304512930537
284319,1076.0,1008.7028849432374,67.29711505676255
284358,975.0,1106.2140731731288,-131.21407317312878
284360,705.0,688.352135549018,16.647864450981956
284370,1270.0,1183.4229591430865,86.57704085691353
284394,1490.0,1088.2743480373008,401.7256519626992
284395,780.0,650.0734561046665,129.92654389533345
284410,790.0,732.4120427369089,57.587957263091084
284429,1155.0,1154.6454923436893,0.3545076563107159
284450,560.0,628.3766799763664,-68.3766799763664
284452,1285.0,1288.1909433895853,-3.1909433895853
284470,765.0,757.1096343980611,7.8903656019389246
284494,1246.0,1088.7218948320824,157.2781051679176
284568,1335.0,1356.6929057689958,-21.692905768995843
284582,655.0,605.3068290361911,49.69317096380894
284625,1480.0,1358.5982209303554,121.40177906964459
284689,1060.0,1016.870424167782,43.12957583221805
284728,1285.0,1195.2810019757803,89.71899802421967
284822,1325.0,1299.5869350723274,25.41306492767262
284834,1010.0,1227.6148694505985,-217.61486945059846
284843,825.0,1103.125240387481,-278.12524038748097
284876,1660.0,1357.5681385230514,302.4318614769486
284879,1380.0,1317.0653189723434,62.93468102765655
284902,1208.0,1108.5362412602378,99.46375873976217
284904,1160.0,1162.7590883435487,-2.759088343548683
284916,940.0,1217.5785994334965,-277.5785994334965
285015,906.0,976.337863809821,-70.33786380982099
285016,1235.0,1244.416396723701,-9.416396723700927
285017,849.0,772.249026923777,76.75097307622298
285038,1202.0,1241.5766669964748,-39.57666699647484
285076,705.0,772.2449310611664,-67.24493106116643
285103,963.0,1098.2526585473356,-135.2526585473356
285134,1050.0,1258.3305725919352,-208.33057259193515
285161,981.0,1042.6630128007703,-61.663012800770275
285165,1021.0,1028.0230393522174,-7.023039352217438
285209,1113.0,1051.017934526998,61.98206547300197
285247,1160.0,1198.0899823357793,-38.08998233577927
285289,746.0,701.6379539277553,44.36204607224465
285339,925.0,759.4906429611932,165.5093570388068
285367,710.0,671.4398918765492,38.560108123450846
285394,1070.0,1228.807577695966,-158.80757769596607
285440,1325.0,982.3042718250064,342.69572817499363
285480,735.0,840.9706464076858,-105.97064640768576
285505,1035.0,1219.6764397264697,-184.67643972646965
285533,1554.0,1154.0431122641357,399.95688773586426
285562,1113.0,1159.3013843938063,-46.3013843938063
285563,1170.0,1055.7312280967824,114.26877190321761
285570,1430.0,1350.9424415653418,79.05755843465818
285571,1280.0,1163.6429004376912,116.3570995623088
285612,665.0,715.2606768410852,-50.26067684108523
285618,1125.0,998.2380853328925,126.76191466710748
285620,737.0,591.3893541937919,145.61064580620814
285711,800.0,759.198126034226,40.80187396577401
285726,631.0,787.7564205285079,-156.75642052850787
285730,660.0,684.2978724289654,-24.297872428965434
285749,1015.0,1143.8470807878773,-128.8470807878773
285766,1390.0,1285.1931242895066,104.80687571049339
285771,558.0,771.5268437899789,-213.5268437899789
285798,1160.0,1033.9619791805403,126.03802081945969
285839,687.0,726.1295233145628,-39.12952331456279
285876,930.0,897.5601518000276,32.4398481999724
286002,595.0,596.1208578882877,-1.1208578882876736
286030,670.0,705.0585194499372,-35.058519449937194
286035,870.0,1064.2906320681034,-194.29063206810338
286062,1041.0,1104.9606962312873,-63.96069623128733
286176,495.0,687.6949273348627,-192.69492733486265
286219,1082.0,1194.4670595422765,-112.4670595422765
286237,440.0,1040.7033824799153,-600.7033824799153
286448,1300.0,1228.0010918283112,71.99890817168875
286451,1290.0,1360.462630233722,-70.46263023372194
286552,1415.0,1142.671810540343,272.3281894596571
286563,849.0,599.5227459251503,249.47725407484972
286675,645.0,674.4383908237876,-29.438390823787586
286763,1246.0,1247.7309874096727,-1.7309874096727071
286839,1013.0,1218.0454158420441,-205.04541584204412
286921,1085.0,965.3147359199519,119.68526408004811
286951,880.0,1273.5730734228598,-393.5730734228598
286973,615.0,591.5927217693172,23.407278230682778
286982,1140.0,1024.017451578896,115.98254842110396
286988,990.0,1164.5487696853372,-174.54876968533722
287008,720.0,771.5643217737962,-51.56432177379622
287100,1545.0,1201.9252323990008,343.07476760099917
287232,1130.0,1158.6441470395512,-28.64414703955117
287253,575.0,636.9577313222712,-61.95773132227123
287263,965.0,1128.0357166510735,-163.03571665107347
287379,1355.0,1190.5032720690806,164.4967279309194
287414,1097.0,1089.4984727487006,7.5015272512994216
287447,1120.0,1048.2128170236795,71.78718297632054
287458,905.0,925.9678928068299,-20.967892806829923
287688,1095.0,980.7271104105699,114.27288958943006
287722,975.0,1000.4354222918578,-25.435422291857776
287734,981.0,1085.1605398198244,-104.16053981982441
287786,570.0,686.794640384226,-116.794640384226
287788,755.0,662.8069052391722,92.19309476082776
287815,840.0,718.7432403607819,121.2567596392181
287823,1135.0,1103.0199325573033,31.980067442696736
287892,1200.0,1315.8536066980937,-115.8536066980937
287926,1025.0,1145.9245778359348,-120.92457783593477
287969,845.0,985.476254636706,-140.47625463670602
287984,945.0,1170.8572292076167,-225.85722920761668
288003,1060.0,1114.7481148652398,-54.74811486523981
288012,995.0,1232.8779489500348,-237.8779489500348
288042,1047.0,1276.3113815178756,-229.3113815178756
288056,760.0,701.3528268008312,58.64717319916883
288071,840.0,550.8184242716743,289.1815757283257
288083,1115.0,721.6874504288082,393.31254957119177
288104,925.0,1121.3033624389113,-196.30336243891134
288177,1150.0,1063.5322096739696,86.46779032603035
288185,882.0,1020.4683960298554,-138.4683960298554
288197,1305.0,1339.5398534353342,-34.53985343533418
288220,1422.0,1157.6370410529887,264.3629589470113
288225,970.0,1225.6301232261258,-255.63012322612576
288250,970.0,974.0963269333055,-4.096326933305477
288259,1336.0,1282.652277254533,53.34772274546708
288356,1305.0,1352.420318877235,-47.420318877235104
288372,1365.0,1356.0458608374495,8.954139162550518
288410,1140.0,1078.7741051052938,61.225894894706244
288445,905.0,1219.2979497147762,-314.2979497147762
288482,1155.0,1062.8035382531082,92.19646174689183
288521,710.0,687.9280995477043,22.071900452295722
288556,620.0,656.7419905195899,-36.741990519589876
288579,1080.0,1052.3930674468866,27.606932553113438
288639,1058.0,1088.669677063422,-30.669677063421886
288641,439.0,625.6289603174605,-186.6289603174605
288645,860.0,759.5710521724671,100.42894782753285
288676,1058.0,1127.6323855771186,-69.63238557711861
288779,1195.0,1255.0733471250726,-60.07334712507259
288838,1268.0,941.2685653143631,326.73143468563694
288839,850.0,638.5811998323812,211.41880016761877
288905,1620.0,1241.56749353771,378.4325064622899
288940,1215.0,1238.09636082939,-23.09636082939005
288958,608.0,597.6301771441817,10.369822855818256
289010,788.0,694.0716405371758,93.92835946282423
289055,710.0,774.711513318646,-64.71151331864598
289060,855.0,1117.8662408968078,-262.86624089680777
289103,745.0,606.9829880074805,138.01701199251954
289106,1054.0,1182.3370084586115,-128.33700845861154
289125,1010.0,946.3628237201892,63.637176279810774
289210,1120.0,941.2685653143631,178.73143468563694
289215,1100.0,1251.6813389856854,-151.68133898568544
289328,955.0,1223.0083461233187,-268.0083461233187
289369,895.0,724.4120101313081,170.58798986869192
289413,790.0,685.8128819397815,104.1871180602185
289463,1224.0,1097.1070406843223,126.89295931567767
289496,1146.0,1141.2708014668813,4.729198533118733
289593,1230.0,1279.5069101696836,-49.50691016968358
289703,615.0,632.7536891541088,-17.75368915410877
289710,1560.0,1240.2910207439102,319.70897925608983
289745,1185.0,1327.33206604916,-142.33206604915995
289785,1255.0,1142.699332997307,112.30066700269299
289814,760.0,1030.8989297563678,-270.8989297563678
289827,1009.0,773.5512503343055,235.44874966569455
289839,784.0,944.3018139703963,-160.30181397039632
289973,1315.0,1121.1293442703525,193.87065572964752
289996,1130.0,1160.36972249927,-30.369722499269983
289998,1125.0,1158.2411513990169,-33.24115139901687
290037,1200.0,1031.7908382992696,168.20916170073042
290087,941.0,1150.1637902688406,-209.16379026884056
290101,1430.0,1215.550998309348,214.44900169065204
290139,905.0,1196.8466667644493,-291.8466667644493
290143,1010.0,1173.2105599143738,-163.2105599143738
290201,1110.0,1219.1714706440266,-109.17147064402661
290236,1058.0,798.0500674536166,259.94993254638337
290282,618.0,769.4206527072188,-151.42065270721878
290325,670.0,1100.2716717000583,-430.2716717000583
290384,680.0,737.507809955878,-57.507809955877974
290393,1138.0,1228.9801697162295,-90.98016971622951
290517,1100.0,1143.216258620613,-43.21625862061296
290523,1433.0,1282.232857070066,150.76714292993393
290536,585.0,600.4581842524103,-15.45818425241032
290587,890.0,656.9697627159161,233.0302372840839
290626,750.0,664.4928068481574,85.50719315184256
290653,905.0,1095.1890013975253,-190.18900139752532
290679,1470.0,1345.348048775068,124.65195122493196
290741,545.0,721.9125611965662,-176.91256119656623
290755,755.0,709.9175316219121,45.082468378087924
290820,1220.0,1176.8766080781174,43.12339192188256
290840,970.0,1050.4874307398907,-80.48743073989067
290842,1250.0,1100.0180415247337,149.9819584752663
290846,725.0,719.0770367390386,5.92296326096141
290854,725.0,773.9331701129032,-48.93317011290321
290870,535.0,708.905927377235,-173.905927377235
290887,760.0,703.7215861932392,56.278413806760796
290891,1140.0,1195.99109344209,-55.991093442090005
291041,1115.0,1142.3390223280717,-27.339022328071678
291131,1160.0,1291.4357485236148,-131.43574852361485
291148,995.0,943.5576386557888,51.442361344211236
291183,668.0,593.676011599027,74.32398840097301
291211,600.0,630.5705969519903,-30.570596951990296
291221,545.0,578.9458810665592,-33.945881066559195
291377,904.0,965.6934669419013,-61.693466941901306
291460,813.0,756.2234863369869,56.776513663013134
291478,625.0,703.5172652051218,-78.51726520512182
291488,650.0,1034.1501317210948,-384.1501317210948
291516,1095.0,1118.9029489490324,-23.902948949032407
291555,1288.0,1152.4383599895916,135.56164001040838
291572,816.0,987.5756036199949,-171.57560361999492
291738,520.0,1255.6982524248303,-735.6982524248303
291809,851.0,701.041486579652,149.95851342034803
291885,1120.0,1245.2026633115988,-125.20266331159883
291944,1086.0,1239.8378140259244,-153.83781402592444
291955,1175.0,1301.103347354052,-126.10334735405195
292029,985.0,1112.1103681779882,-127.11036817798822
292085,745.0,925.209759445788,-180.209759445788
292216,785.0,697.2198514140299,87.7801485859701
292238,650.0,647.3858376591411,2.614162340858911
292239,1370.0,1132.0945163560525,237.9054836439475
292284,1000.0,1104.2939481440524,-104.29394814405237
292324,992.0,1187.851143878435,-195.8511438784351
292394,720.0,593.2906149468175,126.70938505318247
292584,434.0,646.4189042291839,-212.4189042291839
292658,1219.0,1202.5090356758765,16.490964324123524
292711,700.0,956.2409860512156,-256.2409860512156
292808,1245.0,1026.2368527486735,218.76314725132647
292816,890.0,1097.1394759761151,-207.13947597611514
292869,930.0,1077.203454866121,-147.2034548661211
292870,1120.0,1230.0426419151388,-110.0426419151388
292888,1205.0,1295.7913818853103,-90.79138188531033
292895,1170.0,1250.2427838480335,-80.24278384803347
293008,592.0,808.9240429043973,-216.9240429043973
293067,620.0,833.1020559027884,-213.10205590278838
293096,937.0,1078.1766244622693,-141.17662446226927
293187,1306.0,998.498972340638,307.50102765936197
293231,870.0,942.2428752406498,-72.24287524064982
293293,685.0,1012.14181790723,-327.14181790723
293422,1460.0,983.4161791815093,476.5838208184907
293423,849.0,922.3858281765197,-73.38582817651968
293428,765.0,666.0138380576943,98.98616194230567
293473,570.0,641.7723548573472,-71.77235485734718
293548,755.0,715.7755298557062,39.22447014429383
293575,925.0,1067.951124575242,-142.95112457524192
293580,750.0,1140.916650102305,-390.9166501023051
293589,410.0,746.6963384291178,-336.69633842911776
293691,970.0,1268.021651764049,-298.021651764049
293695,1080.0,1340.7837106074905,-260.78371060749055
293740,1130.0,1224.7948524085327,-94.79485240853273
293799,910.0,1086.3022646119862,-176.30226461198617
293931,1250.0,1195.9361225220186,54.06387747798135
293938,716.0,668.9229292792786,47.077070720721395
293984,1180.0,1270.9128693813927,-90.91286938139274
294147,615.0,710.7800978467542,-95.78009784675419
294157,1525.0,1247.5473088545036,277.4526911454964
294159,1186.0,958.7640546837729,227.23594531622712
294178,1290.0,1175.6406265825428,114.35937341745716
294322,1010.0,1243.2640485825116,-233.26404858251158
294371,980.0,1202.4652529609732,-222.4652529609732
294401,1135.0,1092.0090147267422,42.99098527325782
294404,495.0,563.7558013375518,-68.75580133755182
294406,1123.0,1301.4380072875745,-178.43800728757446
294413,1155.0,1225.0285780028498,-70.02857800284983
294459,1294.0,1108.7383707797105,185.26162922028948
294551,1060.0,1038.6778903782383,21.322109621761683
294619,1114.0,1023.9733238153087,90.02667618469127
294628,640.0,620.3178569862775,19.682143013722452
294643,865.0,1171.6604092431683,-306.66040924316826
294679,915.0,956.2165255983781,-41.2165255983781
294695,895.0,1206.798009352073,-311.798009352073
294797,1053.0,995.2590232698021,57.74097673019787
294830,1045.0,1115.3451312709267,-70.34513127092669
294843,1045.0,1049.6026853007231,-4.602685300723124
294933,1020.0,1278.0743737490081,-258.07437374900815
294949,930.0,944.0323623254654,-14.032362325465442
295013,1435.0,1335.1637642850567,99.83623571494331
295042,970.0,900.9027214468523,69.0972785531477
295148,805.0,737.3718547962168,67.62814520378322
295166,1230.0,1336.91428462657,-106.91428462656995
295211,760.0,764.6269244021628,-4.6269244021627856
295226,1335.0,1343.245034891109,-8.245034891109071
295233,660.0,713.1464098627597,-53.1464098627597
295279,1060.0,1055.0274494948926,4.972550505107392
295318,849.0,1067.4774325396825,-218.47743253968247
295326,1267.0,1100.0219420488445,166.9780579511555
295408,758.0,759.527855475709,-1.527855475708975
295464,1370.0,1272.5664945318551,97.43350546814486
295532,770.0,999.7223383126637,-229.72233831266374
295610,805.0,993.2378094290871,-188.23780942908706
295645,1520.0,1336.33572157427,183.6642784257299
295664,1265.0,1163.953122089267,101.04687791073297
295700,720.0,609.2160104620053,110.78398953799467
295747,900.0,1106.4622295370887,-206.46222953708866
295825,540.0,743.7183454214892,-203.71834542148918
295859,550.0,648.384361584562,-98.38436158456204
295860,1255.0,1164.932236245086,90.06776375491404
295863,1280.0,1189.0543541296408,90.94564587035916
295934,1315.0,1279.4039048495529,35.59609515044713
295936,1050.0,1129.007798508866,-79.00779850886602
295988,1145.0,1201.9864218352675,-56.98642183526749
296019,1213.0,1107.2504480617165,105.7495519382835
296155,1090.0,1134.8661284360799,-44.86612843607986
296254,1072.0,911.1999852940224,160.80001470597756
296418,1110.0,1309.2869862097964,-199.2869862097964
296477,1095.0,1293.607428297015,-198.60742829701508
296497,1138.0,1125.1769843874192,12.823015612580775
296575,1325.0,1309.4208067173695,15.579193282630513
296591,865.0,1074.187717448145,-209.1877174481449
296606,900.0,1018.1113946074125,-118.11139460741254
296726,820.0,1064.9255468423632,-244.92554684236325
296727,1275.0,1092.5308681948932,182.46913180510683
296878,860.0,1119.439127808116,-259.4391278081159
296895,705.0,1013.2384193121694,-308.2384193121694
296908,545.0,579.3685780895748,-34.36857808957484
296919,710.0,805.9028488116122,-95.90284881161222
297062,580.0,1085.748506561874,-505.7485065618739
297141,1020.0,1072.6629908764849,-52.662990876484855
297206,1250.0,951.523305507759,298.476694492241
297247,1160.0,1250.5797410023936,-90.57974100239358
297252,560.0,727.6873588984398,-167.6873588984398
297260,1035.0,907.3321452241488,127.6678547758512
297351,1115.0,1108.7801962923436,6.2198037076564106
297382,1295.0,1286.2527116669066,8.747288333093366
297418,615.0,618.5498356193075,-3.549835619307487
297437,1127.0,1086.2228201058203,40.77717989417965
297501,527.0,610.0047434839777,-83.00474348397768
297570,705.0,860.0643756480716,-155.06437564807163
297621,715.0,738.7939942758719,-23.79399427587191
297655,1035.0,1038.0974001985287,-3.097400198528703
297710,1185.0,955.9340763926498,229.06592360735021
297842,870.0,1215.8399125979963,-345.8399125979963
297860,1512.0,1324.342451128984,187.65754887101593
297974,960.0,1090.2898121635656,-130.28981216356556
298107,1275.0,1229.4670780469612,45.532921953038795
298141,845.0,783.7251145677008,61.27488543229924
298166,935.0,764.9396315137357,170.06036848626434
298193,1185.0,1228.2979237791092,-43.29792377910917
298204,1425.0,1264.9872848948812,160.0127151051188
298263,605.0,750.0274185250871,-145.0274185250871
298275,1210.0,1202.0965159858135,7.903484014186461
298350,560.0,602.1548344281774,-42.15483442817742
298439,1100.0,1064.2158851224576,35.78411487754238
298443,1415.0,1193.2125607873102,221.78743921268983
298446,1460.0,1325.0910478468875,134.90895215311252
298497,645.0,600.1282316311548,44.87176836884521
298534,730.0,702.3325092325778,27.667490767422237
298535,1330.0,1170.1154130791592,159.88458692084077
298551,1175.0,1088.7268942461633,86.27310575383672
298578,657.0,740.3780881691259,-83.37808816912593
298583,1100.0,1164.6973136525087,-64.69731365250868
298591,1150.0,1082.0577396672911,67.94226033270888
298598,785.0,712.9408767459284,72.05912325407155
298679,1130.0,1082.5070113736533,47.49298862634669
298734,870.0,665.3914367098798,204.60856329012017
298841,1290.0,1255.000951705028,34.999048294972
298872,827.0,923.2089874984522,-96.20898749845219
298910,893.0,1020.4940530909976,-127.49405309099757
298945,746.0,691.9600113299441,54.03998867005589
299030,1135.0,1134.2808088045015,0.7191911954985244
299035,595.0,758.5278718188608,-163.52787181886083
299175,796.0,1237.7440785468175,-441.7440785468175
299176,1014.0,1148.1068318492728,-134.1068318492728
299195,1070.0,1006.4330413383308,63.56695866166922
299206,705.0,651.8418646392793,53.158135360720735
299239,680.0,760.369491266842,-80.36949126684203
299257,1125.0,1078.9074202192405,46.09257978075948
299291,1040.0,1057.8205027657527,-17.820502765752735
299306,900.0,1112.7289463688119,-212.72894636881188
299423,1140.0,1040.8117426663825,99.18825733361746
299526,848.0,638.6025357829783,209.3974642170217
299527,1620.0,1278.3927256216023,341.60727437839773
299611,1072.0,1011.0802652678186,60.91973473218138
299621,1270.0,1028.7726822183356,241.2273177816644
299647,1047.0,1076.7103459457003,-29.710345945700283
299654,1140.0,1140.6801465783008,-0.6801465783007643
299705,1217.0,1142.885287225194,74.1147127748061
299726,502.0,571.807119626215,-69.80711962621501
299730,1010.0,1246.7361159007355,-236.7361159007355
299836,1028.0,879.4186345979977,148.58136540200235
299869,665.0,710.0057437509244,-45.00574375092435
299891,1250.0,1238.9888174401706,11.011182559829422
299915,970.0,957.0545130567493,12.945486943250671
299942,930.0,694.648037756607,235.35196224339302
299987,930.0,1186.4411620763449,-256.4411620763449
300018,624.0,700.4563023400676,-76.45630234006762
300019,485.0,756.4055711510215,-271.4055711510215
300153,773.0,682.3664004269874,90.63359957301259
300155,1025.0,1251.5054683972949,-226.50546839729486
300212,945.0,1074.1835962921143,-129.18359629211432
300215,670.0,562.9836463289477,107.01635367105234
300231,1175.0,1145.9094151351696,29.09058486483036
300239,720.0,686.0210989668133,33.97890103318673
300245,827.0,1094.7926757435603,-267.79267574356027
300252,620.0,648.5218066626677,-28.5218066626677
300264,710.0,676.2617417864899,33.73825821351011
300294,1330.0,1241.6222385739622,88.37776142603775
300312,695.0,754.5383669266953,-59.53836692669529
300318,740.0,679.4352532391313,60.56474676086873
300337,700.0,632.8616535069857,67.1383464930143
300420,790.0,744.6570669598996,45.342933040100434
300474,920.0,1249.0835310658524,-329.0835310658524
300475,770.0,695.5984157625994,74.40158423740058
300542,795.0,731.9400704563716,63.059929543628414
300550,1030.0,1152.7253103223452,-122.7253103223452
300641,640.0,743.8691046245505,-103.86910462455046
300661,1285.0,1375.802764896306,-90.80276489630592
300712,1025.0,948.8438178035219,76.15618219647808
300721,1040.0,1265.4841806151874,-225.48418061518737
300749,655.0,749.0603971768012,-94.06039717680119
300833,1165.0,1173.8605834228554,-8.86058342285537
300841,975.0,1158.732132586924,-183.73213258692408
300874,955.0,1043.9326962809293,-88.93269628092935
300906,1375.0,1095.7951979831234,279.20480201687656
300953,1122.0,1034.6734483259086,87.32655167409143
301092,902.0,1231.5948781322566,-329.59487813225655
301194,937.0,1292.9741009255747,-355.9741009255747
301253,1345.0,1226.0779312116522,118.92206878834781
301259,675.0,700.22379143857,-25.223791438569947
301286,668.0,708.0281571345785,-40.028157134578464
301288,700.0,699.9565183998808,0.04348160011920754
301330,470.0,721.8596288506361,-251.8596288506361
301341,1425.0,1071.478510845602,353.52148915439807
301363,560.0,678.462124848359,-118.46212484835905
301397,1710.0,1295.5238942379544,414.47610576204556
301512,1005.0,1169.860383638556,-164.86038363855596
301565,860.0,970.2152518792245,-110.21525187922452
301668,1201.0,1182.0814677359685,18.918532264031455
301749,1235.0,1176.453259582291,58.54674041770909
301810,920.0,1055.4367585779275,-135.43675857792755
301864,840.0,895.742985449735,-55.74298544973499
301869,1285.0,1069.162067271215,215.83793272878506
301879,725.0,724.3266731851293,0.6733268148707339
301948,760.0,702.6643147753674,57.335685224632584
301976,1347.0,1137.5448431478342,209.45515685216583
301995,1213.0,1267.0395815711588,-54.039581571158806
302064,590.0,658.0160829002197,-68.01608290021966
302077,1330.0,1282.186514261477,47.81348573852301
302130,1191.0,1083.3904983961652,107.60950160383481
302238,1047.0,1153.8658556555124,-106.8658556555124
302259,1025.0,990.3815430918127,34.61845690818734
302277,817.0,1123.9330660275916,-306.9330660275916
302307,465.0,673.6152708462815,-208.61527084628153
302451,740.0,654.1734494829346,85.82655051706536
302479,662.0,669.1494094430336,-7.149409443033619
302533,838.0,1154.4286077669376,-316.4286077669376
302596,425.0,706.9270826908642,-281.92708269086415
302610,870.0,1216.7432586867376,-346.7432586867376
302723,710.0,1076.8865882990087,-366.88658829900874
302759,1040.0,1015.2011787098814,24.798821290118553
302795,1195.0,1111.2413338169129,83.75866618308714
302799,630.0,776.6820666065353,-146.68206660653527
302897,855.0,1164.004006481074,-309.00400648107393
303010,930.0,1101.7195898656466,-171.71958986564664
303062,677.0,944.6610115169109,-267.6610115169109
303113,986.0,1034.985367431644,-48.98536743164391
303125,959.0,1065.9710436859446,-106.97104368594455
303212,1058.0,943.6024986232885,114.39750137671149
303232,1041.0,1058.2252009379506,-17.225200937950603
303323,805.0,1043.8465343915345,-238.84653439153453
303328,970.0,1121.7152352497856,-151.71523524978556
303339,1125.0,1251.344382746028,-126.34438274602803
303402,1110.0,1156.764388037665,-46.76438803766496
303416,1170.0,1214.700960377129,-44.70096037712892
303536,580.0,748.9268853941827,-168.9268853941827
303585,1040.0,1272.0490049521597,-232.04900495215975
303716,1375.0,1365.5236893475255,9.476310652474467
303730,1137.0,1280.114186457765,-143.11418645776507
303846,1045.0,1104.7880794619298,-59.78807946192978
303873,655.0,715.5575263025461,-60.55752630254608
303973,676.0,717.1863000644528,-41.18630006445278
303977,800.0,1137.1433702978165,-337.14337029781655
304062,580.0,871.7919259259255,-291.7919259259255
304088,810.0,1072.8724845776076,-262.87248457760757
304096,1125.0,1001.0863277065764,123.91367229342359
304100,1025.0,1061.1030633710088,-36.10306337100883
304278,813.0,572.5065102677945,240.4934897322055
304304,729.0,1243.1631840761065,-514.1631840761065
304347,675.0,770.4939223808635,-95.49392238086352
304368,1030.0,1162.4226636273818,-132.42266362738178
304436,965.0,1093.5640326821406,-128.56403268214058
304548,895.0,1185.6262382071554,-290.62623820715544
304555,1010.0,1056.673243264207,-46.67324326420703
304560,950.0,1055.9282409553668,-105.92824095536685
304587,755.0,755.2627756466582,-0.2627756466581559
304601,766.0,744.721279036234,21.278720963765977
304656,633.0,609.9994170311403,23.000582968859703
304717,727.0,785.3466559099628,-58.346655909962806
304753,1525.0,1303.8575224342078,221.1424775657922
304755,847.0,748.398001648432,98.601998351568
304782,985.0,1257.6653996871098,-272.6653996871098
304804,880.0,1152.3230343827909,-272.32303438279087
304815,1118.0,1079.6715827910778,38.32841720892225
304816,730.0,735.5241267503294,-5.524126750329401
304907,760.0,770.1341706764415,-10.1341706764415
304966,1010.0,1209.7136862707232,-199.7136862707232
305217,1278.0,1259.7806993573533,18.219300642646658
305337,1230.0,1271.3416373263424,-41.34163732634238
305365,1005.0,1023.3304476092595,-18.330447609259522
305378,1066.0,1120.5458712656964,-54.545871265696405
305410,580.0,770.0740218889646,-190.07402188896458
305414,700.0,739.7540699787685,-39.754069978768484
305538,695.0,696.6376811905521,-1.6376811905521436
305585,1375.0,1274.5020072121654,100.49799278783462
305614,1320.0,1344.175474092441,-24.175474092440936
305617,765.0,1128.643457314613,-363.643457314613
305670,1175.0,1334.0730282376157,-159.07302823761574
305792,1146.0,1027.728681466479,118.27131853352103
305819,1191.0,1350.0555899532324,-159.05558995323236
306005,1080.0,1369.2671289705593,-289.26712897055927
306033,940.0,1053.830168389407,-113.83016838940694
306074,1145.0,999.4125233819447,145.58747661805535
306102,1195.0,942.6969572369283,252.30304276307174
306123,700.0,865.1796666029699,-165.17966660296986
306136,1000.0,1058.6077958246767,-58.607795824676714
306142,1502.0,1265.3088578716183,236.69114212838167
306199,800.0,616.5666436089377,183.43335639106226
306412,1290.0,1204.2291618308468,85.7708381691532
306425,1060.0,1069.1365188903999,-9.136518890399884
306447,745.0,996.5060862875159,-251.50608628751593
306453,1360.0,1209.3461234960826,150.65387650391745
306478,1146.0,1086.6728628661795,59.32713713382054
306554,1115.0,1301.4175301055247,-186.41753010552475
306566,727.0,1141.163609560112,-414.16360956011204
306580,550.0,727.3874611444243,-177.38746114442426
306632,527.0,682.2217422273042,-155.22174222730416
306651,1136.0,1368.5130769612244,-232.51307696122444
306686,705.0,584.0069775817968,120.99302241820317
306825,1320.0,1068.4147501405876,251.58524985941244
306836,810.0,938.8802265012966,-128.88022650129665
306894,695.0,710.1855923530321,-15.18559235303212
306898,1060.0,1252.1616191940643,-192.16161919406431
307010,1040.0,1055.0795586820798,-15.079558682079778
307017,970.0,1092.950433496386,-122.95043349638604
307120,1100.0,1248.3251361822686,-148.32513618226858
307135,1175.0,1263.5169164742065,-88.51691647420648
307246,540.0,695.985719367241,-155.98571936724102
307328,475.0,573.0456918459763,-98.04569184597631
307555,1180.0,1079.1776389566362,100.8223610433638
307598,979.0,955.5240005282062,23.475999471793784
307665,880.0,1160.092829418143,-280.0928294181431
307818,725.0,790.566558775629,-65.566558775629
307829,1003.0,1136.8089330549744,-133.80893305497443
307835,715.0,716.991403836601,-1.9914038366009663
307856,710.0,646.9326440673196,63.06735593268036
307888,680.0,658.4590787903705,21.54092120962946
307934,520.0,696.1441404773091,-176.14414047730907
307940,1180.0,1303.4958683054522,-123.49586830545218
307941,1180.0,1052.6921028588558,127.30789714114417
307942,1036.0,1003.92977516345,32.07022483654998
307977,1193.0,1203.2837107142489,-10.283710714248855
308066,905.0,1146.5766767220375,-241.57667672203752
308085,1260.0,1308.3348431236366,-48.334843123636574
308098,1170.0,1332.1258489689171,-162.12584896891713
308185,1040.0,1173.5894167157599,-133.58941671575985
308230,520.0,730.0282598990802,-210.02825989908024
308248,560.0,768.8436896523592,-208.84368965235922
308287,1325.0,1322.6849786234186,2.3150213765813987
308357,665.0,650.7921463400237,14.207853659976308
308406,1030.0,626.7685724807488,403.23142751925116
308438,1455.0,1235.1300262338266,219.86997376617342
308505,645.0,613.1269920177654,31.87300798223464
308521,1120.0,1148.4392117389204,-28.43921173892045
308533,1082.0,1141.4401482373828,-59.4401482373828
308572,490.0,767.8302101608904,-277.8302101608904
308583,1380.0,1267.1269644917834,112.87303550821662
308612,1240.0,1183.1232128961071,56.876787103892866
308624,925.0,1076.6812432082347,-151.68124320823472
308654,1205.0,1143.184244741607,61.81575525839298
308704,955.0,1035.866268492953,-80.86626849295294
308732,1130.0,1165.7822052298811,-35.78220522988113
308767,1030.0,765.1721989337826,264.8278010662174
308789,775.0,717.1733968732658,57.8266031267342
308814,1367.0,1333.2558560539157,33.74414394608425
308829,850.0,1091.9937162755577,-241.99371627555774
308844,1210.0,1253.1836647794985,-43.183664779498486
308879,910.0,977.9009118008299,-67.90091180082993
308951,1020.0,1099.1860212715587,-79.18602127155873
308985,782.0,967.7492940545552,-185.7492940545552
308992,1179.0,1095.6501726613433,83.34982733865672
309013,1047.0,1037.4480955282986,9.551904471701391
309042,767.0,723.4413040123218,43.55869598767822
309064,1395.0,1252.2265536386058,142.77344636139424
309100,594.0,669.3389230273842,-75.33892302738423
309128,1367.0,1168.1462216930804,198.8537783069196
309131,805.0,674.3236823021557,130.6763176978443
309135,420.0,533.8364807467447,-113.83648074674466
309278,635.0,626.0778685199042,8.9221314800958
309289,960.0,987.6484994605752,-27.64849946057518
309426,920.0,1145.4404470744457,-225.44044707444573
309489,1050.0,1193.7806903087192,-143.78069030871916
309522,690.0,751.620868148088,-61.62086814808799
309628,1105.0,1198.1220300022542,-93.12203000225418
309691,1335.0,1192.6343307170127,142.36566928298726
309780,1240.0,1313.5606951744526,-73.56069517445258
309814,854.0,1117.8530730417267,-263.8530730417267
309831,640.0,668.0617888900821,-28.061788890082084
309954,835.0,741.598070265419,93.40192973458102
309962,955.0,1034.3330604248565,-79.33306042485651
310029,1033.0,1054.6335487123824,-21.633548712382435
310181,686.0,685.61548013251,0.3845198674899848
310208,1115.0,1237.5515683201684,-122.55156832016837
310526,937.0,919.8790440232291,17.120955976770915
310531,1220.0,1159.4479107399827,60.55208926001728
310532,455.0,646.9790007215013,-191.97900072150128
310584,1530.0,1178.5300964630148,351.46990353698516
310624,1158.0,1202.5500089075629,-44.55000890756287
310627,1191.0,1207.245401694188,-16.245401694188104
310687,925.0,714.459803386403,210.540196613597
310711,1044.0,1084.104388862527,-40.104388862527
310732,1365.0,1311.522690226455,53.4773097735449
310743,1008.0,959.6119555034378,48.3880444965622
310744,1405.0,1304.6762473040574,100.32375269594263
310780,980.0,857.710291208791,122.28970879120902
310790,1270.0,1163.7750829580764,106.22491704192362
310798,1050.0,1165.0629785289766,-115.0629785289766
310838,680.0,687.510248175598,-7.510248175598008
310853,725.0,730.6977441663829,-5.697744166382904
310860,700.0,1001.3755387953705,-301.3755387953705
310870,1030.0,1129.4990334491563,-99.49903344915629
310905,581.0,704.4376706499065,-123.43767064990652
310931,900.0,1115.5802293401905,-215.5802293401905
311041,650.0,613.959564823177,36.04043517682305
311071,915.0,717.5426379149939,197.45736208500614
311103,775.0,747.6684278174788,27.3315721825212
311218,600.0,654.0290106802929,-54.02901068029291
311324,790.0,648.8067164611052,141.19328353889478
311358,1395.0,1191.0239874187155,203.97601258128452
311405,1140.0,1131.0848685767035,8.915131423296543
311456,890.0,1021.0801313619143,-131.08013136191425
311473,655.0,728.8203828112161,-73.82038281121606
311588,923.0,1059.809347784405,-136.80934778440496
311657,960.0,1190.6700082788202,-230.6700082788202
311827,1290.0,1276.4951252204412,13.504874779558804
311841,740.0,668.5196646402983,71.48033535970171
311874,720.0,709.2032603589314,10.796739641068598
311886,800.0,661.1605936410486,138.83940635895135
311998,680.0,597.7860130238655,82.21398697613449
312103,710.0,716.257938913808,-6.257938913807948
312134,1380.0,1181.2464715873632,198.7535284126368
312135,639.0,666.3725140058776,-27.372514005877633
312164,715.0,598.4504740345352,116.5495259654648
312166,796.0,670.938973256859,125.06102674314104
312182,595.0,734.0125607274249,-139.0125607274249
312196,780.0,634.9441578871222,145.05584211287783
312210,1355.0,1191.922286618569,163.07771338143107
312253,680.0,583.2452669512278,96.75473304877221
312345,1165.0,938.7637453428396,226.23625465716043
312432,1085.0,1110.3000730617218,-25.300073061721832
312465,1340.0,1309.6350562207308,30.364943779269197
312512,504.0,661.3138872718627,-157.31388727186265
312524,960.0,1106.7000010069746,-146.70000100697462
312541,505.0,597.4724953534668,-92.4724953534668
312556,1150.0,1373.9686324440086,-223.96863244400856
312623,550.0,715.8947195853975,-165.89471958539752
312660,827.0,705.7253029100528,121.27469708994715
312851,760.0,1124.178220327138,-364.178220327138
312894,585.0,1105.80794597493,-520.8079459749299
312905,1160.0,1157.2540258673516,2.745974132648371
312907,715.0,1074.0773302625187,-359.0773302625187
312950,760.0,1042.999475163971,-282.99947516397106
312994,738.0,1124.5831383027985,-386.5831383027985
313029,945.0,1022.6149942523348,-77.61499425233478
313055,890.0,966.6259974916545,-76.62599749165452
313071,1175.0,1017.0373093346118,157.9626906653882
313101,795.0,1325.0852471985804,-530.0852471985804
313114,1220.0,1248.5311029649663,-28.531102964966294
313158,1110.0,1062.9428382362053,47.05716176379474
313212,1170.0,1171.621649704894,-1.6216497048940255
313222,1405.0,1209.6324578735757,195.36754212642427
313233,610.0,694.2112388785731,-84.21123887857311
313272,1345.0,1067.3177714332503,277.6822285667497
313352,1090.0,971.2809625823724,118.71903741762765
313524,1020.0,1176.395842973663,-156.3958429736631
313638,890.0,1056.1286630137008,-166.12866301370082
313744,1422.0,1251.9690026875794,170.0309973124206
313758,749.0,904.0202442310054,-155.02024423100545
313805,715.0,681.3609832366561,33.639016763343875
313844,517.0,530.2834074949895,-13.283407494989547
313892,490.0,604.0626107662126,-114.06261076621263
313919,1025.0,1145.0517171091706,-120.05171710917057
313979,1030.0,1197.0703060177404,-167.07030601774045
313988,535.0,719.4457145411999,-184.4457145411999
314017,565.0,561.0710784179381,3.9289215820618892
314055,645.0,694.841006008839,-49.84100600883903
314063,825.0,891.6150259808319,-66.61502598083189
314184,896.0,919.4176935113212,-23.417693511321204
314199,1030.0,1176.448968088849,-146.44896808884891
314229,1270.0,1180.1347452729879,89.86525472701214
314257,1305.0,1224.3946978611466,80.6053021388534
314383,840.0,1093.3176632706359,-253.31766327063588
314400,1125.0,1294.629575943903,-169.6295759439031
314461,940.0,1187.9189660418547,-247.91896604185467
314472,602.0,671.7371358428212,-69.7371358428212
314508,620.0,761.5018983524824,-141.50189835248239
314567,990.0,1155.8972796852502,-165.89727968525017
314599,900.0,904.2059035594032,-4.205903559403168
314634,805.0,918.8129265693542,-113.8129265693542
314635,1260.0,1108.508285261119,151.491714738881
314751,375.0,609.3464673525419,-234.34646735254194
314819,520.0,540.4530770020347,-20.45307700203466
314875,970.0,1111.7003028137578,-141.70030281375784
314898,820.0,1239.2717377820268,-419.2717377820268
314918,920.0,1241.06452618975,-321.06452618975004
314996,1410.0,1406.4005229590368,3.5994770409631656
315029,925.0,1197.5216390512248,-272.52163905122484
315048,1170.0,1223.7087196358377,-53.708719635837724
315050,430.0,643.954720434048,-213.954720434048
315070,1115.0,1216.743863444897,-101.74386344489699
315159,538.0,736.8897770389657,-198.8897770389657
315325,1095.0,1179.9287175231723,-84.92871752317228
315399,1016.0,1065.2953228258204,-49.29532282582045
315568,880.0,690.8490551858861,189.15094481411393
315592,1433.0,1314.2728799916429,118.72712000835713
315644,736.0,630.180566482487,105.81943351751295
315656,840.0,1277.3442385007218,-437.34423850072176
315719,1240.0,958.6156087623449,281.3843912376551
315769,429.0,696.5068546562756,-267.50685465627555
315875,925.0,1074.6763374076115,-149.67633740761153
315922,875.0,1164.4356870660558,-289.43568706605583
316025,670.0,747.6306193591122,-77.63061935911219
316026,1020.0,1008.4683737787267,11.531626221273314
316176,555.0,708.7388916430768,-153.73889164307684
316210,1295.0,1345.6305128472243,-50.63051284722428
316258,980.0,1079.527389402368,-99.52738940236804
316305,1190.0,1219.8804956169088,-29.880495616908775
316322,1473.0,1013.1991920879433,459.8008079120567
316423,1370.0,1061.002620333705,308.99737966629505
316483,959.0,1084.3521817757774,-125.35218177577735
316490,780.0,723.9279073340404,56.072092665959644
316528,1190.0,1201.282766513082,-11.282766513081924
316552,1255.0,1262.8019348038504,-7.801934803850372
316640,1310.0,1359.6107028560173,-49.61070285601727
316673,1220.0,1074.1305100846648,145.86948991533518
316681,675.0,612.3855803820367,62.614419617963335
316683,1036.0,1112.257085380136,-76.257085380136
316739,1090.0,1195.9143369689034,-105.9143369689034
316778,1070.0,1248.457203065818,-178.45720306581802
316790,1610.0,1303.2730697369934,306.7269302630066
316915,995.0,1175.212490835947,-180.21249083594694
317041,1510.0,1273.3539459947135,236.6460540052865
317074,1190.0,1392.167797737266,-202.16779773726603
317106,975.0,1208.1902902588317,-233.19029025883174
317109,1090.0,1279.5069101696836,-189.50691016968358
317121,1180.0,1213.660782516438,-33.660782516438076
317206,1210.0,1118.1312830565298,91.86871694347019
317254,840.0,935.5206942862416,-95.52069428624156
317294,559.0,692.3451651247738,-133.34516512477376
317302,725.0,728.1924009853952,-3.1924009853952384
317310,1125.0,1149.2992360626854,-24.299236062685395
317312,1172.0,1149.3496937408922,22.650306259107765
317331,1025.0,1278.7309061279568,-253.7309061279568
317448,1275.0,1355.9730792724854,-80.97307927248539
317484,980.0,1171.5488414539707,-191.54884145397068
317547,850.0,808.9559046750027,41.04409532499733
317548,770.0,1228.412415192107,-458.4124151921069
317573,635.0,679.0042968734444,-44.004296873444446
317619,1130.0,1118.6802254056026,11.319774594397359
317630,1105.0,1063.060834964365,41.939165035634915
317649,1100.0,1270.0969030228594,-170.09690302285935
317725,1085.0,1168.6697725329109,-83.66977253291088
317790,1090.0,1098.7704346846824,-8.770434684682414
317832,700.0,651.643294885236,48.356705114764054
317967,740.0,1160.821573040205,-420.82157304020507
317986,1566.0,1102.7421639994764,463.25783600052364
318256,914.0,1074.0023928620444,-160.00239286204442
318286,996.0,1268.7036367578457,-272.70363675784574
318312,1000.0,1003.2788995745741,-3.2788995745740976
318325,707.0,596.7326073212633,110.26739267873666
318377,390.0,1124.1911130515846,-734.1911130515846
318389,1279.0,1123.980011054183,155.01998894581698
318406,835.0,971.5829829001195,-136.58298290011953
318416,690.0,714.1341775443582,-24.13417754435818
318458,882.0,1143.6623715826142,-261.66237158261424
318556,633.0,562.0210317960012,70.97896820399876
318610,821.0,743.8685334292045,77.13146657079551
318636,1115.0,1316.7176139594242,-201.71761395942417
318646,885.0,1120.8142251499648,-235.81422514996484
318654,1085.0,1373.5368972420927,-288.53689724209266
318701,635.0,738.0028915633756,-103.00289156337556
318768,1055.0,1089.8325394443596,-34.832539444359554
318851,1018.0,1089.5651809891272,-71.56518098912716
318876,840.0,1120.9385802539798,-280.9385802539798
318885,1180.0,975.7414984359406,204.25850156405943
318954,1170.0,1003.8188803438978,166.18111965610217
318968,950.0,1180.394564630754,-230.39456463075408
319044,771.0,665.5632251775987,105.43677482240128
319054,725.0,737.9490092162376,-12.949009216237641
319090,1195.0,1224.305414339312,-29.305414339311938
319092,985.0,1243.1462373534557,-258.1462373534557
319107,1620.0,1301.4832544574308,318.5167455425692
319117,946.0,1151.3569239199783,-205.35692391997827
319122,1030.0,1203.2750885515802,-173.2750885515802
319184,1224.0,1191.4775456145062,32.5224543854938
319213,1425.0,1289.2814228576394,135.71857714236057
319358,1160.0,1165.5602130206128,-5.560213020612764
319418,930.0,901.7527418004355,28.2472581995645
319468,890.0,1017.8109418655757,-127.81094186557573
319472,1010.0,1031.152830814751,-21.15283081475104
319476,1040.0,1053.964021883121,-13.96402188312095
319484,1083.0,1098.907521887839,-15.907521887839039
319521,500.0,542.2160432593029,-42.216043259302864
319523,815.0,710.7185671169105,104.28143288308945
319570,1390.0,1091.722047055175,298.2779529448251
319616,1345.0,1234.020235773771,110.97976422622901
319627,1200.0,1131.6969363559465,68.30306364405351
319706,1350.0,1152.416065480121,197.583934519879
319762,1158.0,1077.5514409191283,80.44855908087175
319890,890.0,719.4002739391068,170.5997260608932
319916,1350.0,1319.543681089394,30.456318910605887
319936,895.0,1120.4123358028341,-225.41233580283415
319978,635.0,667.487562199285,-32.48756219928498
320072,1680.0,1399.039752423786,280.960247576214
320098,440.0,595.4090070687602,-155.40900706876016
320105,820.0,675.2511370062992,144.74886299370075
320141,1405.0,1090.286726367708,314.71327363229193
320148,1190.0,1324.9691699122775,-134.9691699122775
320152,1384.0,1171.6577666773446,212.34223332265537
320226,1170.0,1222.677651580898,-52.6776515808981
320293,640.0,1072.4473030793172,-432.4473030793172
320366,1060.0,1339.5688772690328,-279.5688772690328
320418,1175.0,1168.0711160689712,6.9288839310288495
320484,640.0,752.5932166393172,-112.59321663931723
320498,1220.0,1329.4397651755492,-109.43976517554916
320502,780.0,739.5923147618546,40.407685238145405
320531,1130.0,1098.4729220898435,31.52707791015655
320600,515.0,701.8503763455083,-186.85037634550827
320605,755.0,753.1823941528522,1.8176058471477745
320610,1225.0,1098.6965426878137,126.30345731218631
320676,882.0,713.1140252721256,168.88597472787444
320689,640.0,742.3222558133103,-102.32225581331033
320698,1430.0,1156.598312272104,273.40168772789593
320724,1085.0,1246.3104021667953,-161.31040216679526
320743,1170.0,1190.2501194006718,-20.250119400671792
320755,690.0,711.4137730157584,-21.413773015758352
320848,512.0,667.822190567585,-155.82219056758504
320897,610.0,655.9130590147747,-45.91305901477472
320910,1185.0,1052.671816187561,132.32818381243897
320913,605.0,639.0890416785878,-34.08904167858782
320915,1160.0,1056.0173201650364,103.98267983496362
320924,605.0,706.4474684193125,-101.44746841931249
320991,1230.0,1370.238661269766,-140.238661269766
321025,700.0,826.1279376037958,-126.12793760379577
321187,705.0,794.2385942034888,-89.23859420348879
321216,180.0,905.3958875661373,-725.3958875661373
321272,424.0,703.048275440993,-279.04827544099305
321410,1078.0,995.3620048684419,82.63799513155811
321431,848.0,1266.5589657205985,-418.5589657205985
321490,860.0,714.5573108285374,145.44268917146258
321503,1135.0,1320.7903786708002,-185.79037867080024
321591,674.0,833.3139961755855,-159.31399617558554
321601,709.0,683.8874437641939,25.112556235806096
321747,1170.0,1220.713776401277,-50.71377640127707
321778,755.0,1316.9133389184597,-561.9133389184597
321847,605.0,702.139708318561,-97.13970831856102
321852,1375.0,1228.7758938635918,146.22410613640818
321896,990.0,1057.5099220976892,-67.50992209768924
321914,1469.0,1260.5989549331264,208.40104506687362
321920,1180.0,1110.5103203294734,69.48967967052658
322033,1030.0,836.4265674603172,193.5734325396828
322151,903.0,928.8702295796882,-25.870229579688157
322160,835.0,746.5120399217162,88.48796007828378
322194,390.0,632.8881745233256,-242.88817452332557
322198,1610.0,1302.9154166079277,307.0845833920723
322265,965.0,966.8208002871856,-1.820800287185648
322272,1130.0,1134.8875115806957,-4.887511580695673
322290,845.0,1000.8940148274637,-155.8940148274637
322324,1160.0,1211.148675614903,-51.14867561490291
322352,595.0,662.7179822286512,-67.71798222865118
322361,805.0,818.8811818010785,-13.881181801078469
322407,560.0,702.0012367575297,-142.00123675752968
322491,585.0,717.1572690190802,-132.15726901908022
322558,1190.0,1189.627533240979,0.3724667590211084
322568,820.0,683.0360807694692,136.9639192305308
322618,1345.0,1272.5096612241334,72.49033877586658
322658,830.0,914.4576412262993,-84.4576412262993
322752,705.0,720.8483961731906,-15.848396173190622
322836,800.0,694.048205548362,105.95179445163797
322868,1400.0,1164.628619664546,235.37138033545398
322890,509.0,671.8027009604101,-162.8027009604101
322965,925.0,1124.8986706773837,-199.89867067738373
322981,870.0,1118.1168180239415,-248.1168180239415
323106,1063.0,971.059810174265,91.94018982573505
323238,1185.0,1161.2820836413068,23.717916358693174
323296,1130.0,1248.8135109840077,-118.81351098400773
323319,955.0,1364.6165198522208,-409.6165198522208
323357,1490.0,1156.2652349438592,333.73476505614076
323363,1030.0,988.9807681162761,41.01923188372393
323494,620.0,720.807528234123,-100.80752823412297
323551,986.0,1052.3466649459467,-66.34666494594671
323589,1060.0,1310.6006228946228,-250.6006228946228
323599,605.0,666.3392992551708,-61.33929925517077
323608,510.0,639.4894816934027,-129.4894816934027
323612,608.0,731.5797763274145,-123.57977632741449
323641,545.0,763.2194235667654,-218.21942356676539
323664,1180.0,1107.8415580356648,72.15844196433522
323754,1268.0,999.1472146465218,268.8527853534782
323765,675.0,766.2004957112496,-91.20049571124957
323773,895.0,1215.8399125979963,-320.8399125979963
323908,920.0,1033.8414290132946,-113.8414290132946
323962,509.0,645.3034345288022,-136.3034345288022
323970,1130.0,1192.231995567798,-62.231995567798094
323985,530.0,657.4701434789654,-127.47014347896538
323989,860.0,751.1899244983662,108.81007550163383
324177,1065.0,1061.774363605278,3.2256363947219597
324405,1445.0,1210.737590060111,234.26240993988904
324453,1268.0,966.3504264166171,301.6495735833829
324521,525.0,541.7688144540643,-16.76881445406434
324562,845.0,845.4954497424341,-0.4954497424340616
324631,1480.0,1346.3472879234018,133.65271207659816
324740,1040.0,1078.215838499493,-38.215838499492975
324836,635.0,689.0175986774954,-54.01759867749536
324990,1205.0,1130.0184800254879,74.98151997451214
325054,740.0,631.4304747142467,108.56952528575334
325068,1045.0,1263.4532997217123,-218.45329972171226
325085,1140.0,1200.2668586672735,-60.26685866727348
325173,1111.0,1047.592087487552,63.40791251244809
325177,515.0,709.3056574313904,-194.3056574313904
325244,970.0,950.7611015685095,19.238898431490497
325277,1045.0,1163.7455222094723,-118.74552220947226
325302,470.0,665.8636100859668,-195.8636100859668
325314,880.0,1146.4886032548532,-266.48860325485316
325324,565.0,609.3896573225114,-44.389657322511425
325367,955.0,664.9628384368971,290.0371615631029
325444,900.0,1239.6307850369935,-339.63078503699353
325447,410.0,575.7897768425648,-165.78977684256483
325614,545.0,658.5578339697147,-113.5578339697147
325681,620.0,717.674384517288,-97.67438451728799
325733,1220.0,1173.7581274907704,46.24187250922955
325777,675.0,767.2607859399159,-92.26078593991588
325789,1295.0,1274.4079154433286,20.592084556671352
325813,755.0,1091.2099013647114,-336.2099013647114
325845,611.0,683.3270729005031,-72.32707290050314
325849,655.0,742.0134007976727,-87.01340079767272
325876,1090.0,1106.4563397447062,-16.456339744706156
325942,1320.0,1094.7927923676702,225.20720763232976
325947,825.0,710.4421677120474,114.55783228795258
325964,525.0,711.1598113537146,-186.15981135371464
325985,1365.0,1210.5939863303386,154.40601366966143
326133,1030.0,1109.652579433089,-79.65257943308893
326171,730.0,888.0657776070784,-158.06577760707842
326188,830.0,1109.4910995138382,-279.4910995138382
326293,945.0,885.2988983233018,59.70110167669816
326330,1014.0,1081.0286564652647,-67.0286564652647
326387,1375.0,1268.0193844583987,106.98061554160131
326497,927.0,569.9887672196976,357.0112327803024
326649,745.0,788.783488148232,-43.78348814823198
326704,1150.0,1177.695227958276,-27.695227958276064
326754,915.0,1146.6852897260144,-231.6852897260144
326755,900.0,747.8679743129911,152.13202568700888
326757,950.0,1039.723942304673,-89.72394230467307
326769,1160.0,1290.2519291705173,-130.25192917051731
326845,1400.0,1210.6160762454103,189.38392375458966
326892,695.0,596.4299416764608,98.57005832353923
326938,840.0,694.1631576672216,145.83684233277836
327064,680.0,694.5661212869426,-14.566121286942575
327074,953.0,783.5879111889401,169.4120888110599
327084,775.0,1078.8605193615467,-303.8605193615467
327090,1050.0,1114.537351836657,-64.53735183665708
327105,575.0,512.2685309950314,62.73146900496863
327127,610.0,621.5404211084615,-11.540421108461487
327235,890.0,708.8975816104434,181.10241838955665
327260,830.0,798.2166297303054,31.783370269694615
327307,590.0,687.5872982342436,-97.58729823424358
327319,1210.0,1303.9593435972718,-93.95934359727175
327374,1065.0,1140.6592708892376,-75.65927088923763
327390,1310.0,1166.611174436702,143.38882556329804
327399,760.0,1055.4053957092408,-295.4053957092408
327460,744.0,836.530851320587,-92.53085132058698
327468,460.0,702.7906308535923,-242.79063085359235
327593,640.0,687.9142388965672,-47.91423889656721
327613,546.0,690.2061697446297,-144.20616974462973
327737,1070.0,1026.1583798463269,43.84162015367315
327848,838.0,963.996975528528,-125.99697552852797
327900,840.0,734.3236349133828,105.67636508661724
327912,749.0,1022.3080282509119,-273.3080282509119
327920,825.0,1000.7638850781445,-175.76388507814454
327938,915.0,1175.6838562472224,-260.68385624722237
328034,1545.0,1173.0874730881262,371.9125269118738
328057,1147.0,1332.4871650059486,-185.48716500594855
328072,1194.0,1088.469197539141,105.53080246085892
328169,685.0,789.8993062349172,-104.89930623491716
328228,695.0,797.8806855912568,-102.88068559125679
328334,540.0,635.9337125016409,-95.93371250164091
328342,820.0,1102.3443398663856,-282.34433986638555
328346,575.0,678.5535000462887,-103.55350004628872
328434,889.0,1218.6720698092163,-329.6720698092163
328435,1020.0,1103.7891262935993,-83.78912629359934
328540,777.0,719.8598758969332,57.140124103066796
328560,1355.0,1095.549580795095,259.4504192049051
328652,1420.0,1205.9125535621754,214.0874464378246
328665,950.0,1136.3717485454408,-186.37174854544082
328864,1210.0,1235.940651886961,-25.94065188696095
328919,965.0,1002.1780105381418,-37.17801053814185
329101,1120.0,1312.5897572985687,-192.58975729856866
329227,1015.0,1286.9290675718546,-271.9290675718546
329264,575.0,594.9715713328557,-19.97157133285566
329266,1331.0,1287.9066806412225,43.093319358777535
329299,720.0,588.9011708564844,131.09882914351556
329323,1150.0,1194.179006131057,-44.179006131056894
329372,1175.0,1352.8962894317447,-177.89628943174466
329439,710.0,759.8749075250989,-49.87490752509893
329481,530.0,691.9290600299166,-161.92906002991663
329603,1130.0,1245.1266260531472,-115.12662605314722
329685,915.0,908.3891046017453,6.610895398254684
329693,950.0,1256.5549655260215,-306.55496552602153
329715,1603.0,1170.9021254676368,432.0978745323632
329782,970.0,1029.5640534568884,-59.56405345688836
329825,937.0,1161.383858459386,-224.38385845938592
329892,904.0,1046.690952273275,-142.6909522732749
330189,1312.0,1094.9737511013986,217.02624889860135
330267,1130.0,1239.5939722620512,-109.59397226205124
330366,650.0,978.3870886059932,-328.3870886059932
330407,1205.0,1145.3050088453558,59.694991154644185
330450,755.0,672.87931549883,82.12068450116999
330537,920.0,926.66495155974,-6.664951559739961
330902,903.0,902.962917998367,0.03708200163305264
330968,755.0,733.8027124636144,21.197287536385602
330994,650.0,954.5314771612648,-304.5314771612648
331026,685.0,727.4149513887248,-42.41495138872483
331030,1050.0,1177.9009365033457,-127.90093650334575
331037,885.0,1105.795686004409,-220.79568600440894
331051,885.0,1076.3068539664287,-191.30685396642866
331067,825.0,923.0629858214006,-98.06298582140062
331218,625.0,679.5122592462666,-54.51225924626658
331295,755.0,796.6510048935137,-41.65100489351369
331352,1225.0,1244.06990734962,-19.069907349620053
331763,1005.0,800.74326871688,204.25673128311996
331803,572.0,685.1813037460628,-113.18130374606278
331861,655.0,756.7137944804074,-101.71379448040739
331978,650.0,735.4593497146637,-85.45934971466374
331986,1070.0,1112.0769862589832,-42.0769862589832
332071,1210.0,1232.8972621616917,-22.897262161691742
332078,1220.0,1184.968290349233,35.03170965076697
332110,1220.0,1028.7557937417325,191.24420625826747
332141,1215.0,1246.1654152162364,-31.165415216236397
332205,1270.0,1261.3170634055368,8.682936594463172
332222,820.0,1139.7444685274947,-319.74446852749475
332240,1355.0,1258.6465502645501,96.35344973544989
332253,1105.0,1002.7039180999975,102.29608190000249
332258,1144.0,1033.4322498096537,110.56775019034626
332323,1110.0,1205.1435052412785,-95.14350524127849
332369,595.0,639.7220105235223,-44.72201052352227
332476,1074.0,1035.2855483514095,38.71445164859051
332554,813.0,1127.9993188685892,-314.99931886858917
332582,1040.0,1085.1060176677192,-45.10601766771924
332623,1170.0,1250.3595606014164,-80.35956060141643
332629,1185.0,1323.8698693254682,-138.86986932546824
332631,720.0,676.8869231409709,43.11307685902909
332648,1312.0,1130.0863109169593,181.9136890830407
332669,667.0,767.4254209185139,-100.42542091851385
332689,518.0,621.1650011943217,-103.16500119432169
332767,1055.0,1079.3448281701767,-24.344828170176697
332778,881.0,1013.9812958659965,-132.98129586599646
332848,970.0,1093.1633833094827,-123.1633833094827
332898,1130.0,997.5077030039387,132.49229699606133
332919,575.0,602.0396756614304,-27.03967566143035
332989,1150.0,1203.288685257824,-53.288685257824
333054,575.0,668.5557958331243,-93.55579583312431
333184,557.0,674.9814483967433,-117.9814483967433
333258,1090.0,997.4907039547257,92.50929604527425
333294,890.0,939.9468264695729,-49.9468264695729
333330,643.0,698.0208389083165,-55.02083890831648
333391,685.0,724.341690548539,-39.34169054853896
333482,1480.0,1247.6880167066438,232.3119832933562
333662,937.0,939.2953462918846,-2.2953462918845844
333746,975.0,1012.7018917598197,-37.70189175981966
333839,630.0,700.1344962247388,-70.13449622473877
334000,805.0,547.8745440023326,257.12545599766736
334042,1114.0,1236.2875777530749,-122.28757775307486
334068,1070.0,1210.838609651699,-140.83860965169902
334132,1175.0,999.0688907245665,175.93110927543353
334171,906.0,955.2574405566141,-49.25744055661414
334184,550.0,611.2670748397089,-61.267074839708926
334198,1140.0,1077.6506327295958,62.34936727040417
334271,1065.0,1147.5316399110802,-82.53163991108022
334301,970.0,1024.3144509144572,-54.31445091445721
334339,1070.0,1096.7137865577354,-26.713786557735375
334396,665.0,756.4222245425244,-91.42222454252442
334553,575.0,771.7425133883748,-196.74251338837485
334563,930.0,1209.6853870468237,-279.68538704682373
334567,1385.0,1211.508363829298,173.4916361707019
334605,1010.0,1127.969364823586,-117.96936482358592
334694,340.0,756.6778891871578,-416.6778891871578
334702,1060.0,1072.423291415588,-12.423291415587983
334717,585.0,958.4286936626677,-373.4286936626677
334878,937.0,1220.8932091208505,-283.89320912085054
334893,1345.0,1329.379813606065,15.620186393935
334933,760.0,773.1475763841303,-13.147576384130275
335040,906.0,707.4091530272991,198.5908469727009
335186,668.0,665.239170944037,2.7608290559629722
335230,1430.0,1219.6695955600578,210.33040443994219
335241,1125.0,1320.937371085022,-195.93737108502205
335338,890.0,1183.492711203087,-293.4927112030871
335412,1065.0,1218.9046908885164,-153.90469088851637
335420,1025.0,1061.4901659869865,-36.49016598698654
335587,383.0,717.273780117499,-334.273780117499
335711,885.0,1103.7124303351825,-218.7124303351825
335715,1200.0,1296.2653405515882,-96.26534055158822
335718,910.0,1248.1008349274598,-338.1008349274598
335735,910.0,1106.4563397447062,-196.45633974470616
335775,1050.0,1176.7348739622848,-126.73487396228484
336037,1110.0,1100.654023602514,9.345976397486083
336123,945.0,1217.1627820048095,-272.1627820048095
336163,1240.0,1213.8709847437406,26.129015256259436
336245,810.0,755.0449516562092,54.95504834379085
336313,1260.0,1305.2576585120062,-45.257658512006174
336356,1160.0,1027.7414114868714,132.25858851312864
336451,630.0,637.3778453519436,-7.37784535194362
336488,1120.0,1275.8671214273156,-155.86712142731562
336511,630.0,570.3693760476,59.630623952400015
336547,1070.0,1082.1175127400822,-12.117512740082248
336580,1035.0,1063.0590303124752,-28.059030312475215
336613,540.0,1165.3793385858469,-625.3793385858469
336659,1270.0,1056.9697160262026,213.0302839737974
336667,1065.0,1107.9362702920594,-42.93627029205936
336706,665.0,706.8775496621464,-41.87754966214641
336733,705.0,679.5399533968323,25.46004660316771
336782,774.0,624.3278962913381,149.6721037086619
336828,1090.0,1164.8584820921421,-74.85848209214214
336879,1170.0,1281.7718850944163,-111.77188509441635
336919,1025.0,980.5811122068885,44.41888779311148
336934,506.0,714.6956302210042,-208.6956302210042
336960,1080.0,1016.0151023413011,63.984897658698856
337001,1325.0,1197.0359402254471,127.96405977455288
337013,1290.0,1031.7908382992696,258.2091617007304
337025,1223.0,1157.798205119062,65.201794880938
337106,823.0,1031.415216883788,-208.41521688378793
337137,1411.0,1129.9335873963312,281.0664126036688
337422,820.0,1015.2574772349125,-195.25747723491247
337471,490.0,639.6218471828943,-149.62184718289427
337523,1246.0,1139.1219285547327,106.87807144526732
337600,910.0,1154.2496560675957,-244.24965606759565
337613,727.0,709.6331284471073,17.36687155289269
337617,813.0,747.0380970983796,65.96190290162042
337635,740.0,576.6302511934423,163.3697488065577
337693,560.0,758.1868361470989,-198.18683614709892
337789,930.0,865.8633884778102,64.13661152218981
337813,1390.0,1057.2509056433896,332.7490943566104
337843,1213.0,1084.2796848331761,128.72031516682387
338014,990.0,1125.6194435053228,-135.6194435053228
338023,992.0,1087.272143920672,-95.27214392067208
338029,730.0,868.2259155533212,-138.22591555332122
338195,790.0,737.4262233013843,52.57377669861569
338277,735.0,781.1975597709943,-46.1975597709943
338283,810.0,1013.1859906274888,-203.18599062748876
338300,1085.0,1380.0070918118045,-295.00709181180446
338373,920.0,1111.562024627541,-191.56202462754095
338384,1305.0,1247.266281029648,57.7337189703519
338485,1000.0,1043.581601095851,-43.581601095851056
338603,1235.0,1028.6765138730686,206.32348612693136
338633,1003.0,1038.9202272969183,-35.920227296918256
338656,1060.0,1319.6677152694908,-259.6677152694908
338685,1128.0,1135.7910127112825,-7.791012711282519
338804,850.0,1133.4675657299435,-283.46756572994354
338807,593.0,617.7275319315806,-24.727531931580643
339048,545.0,666.3315055812498,-121.33150558124976
339116,757.0,867.4419386619489,-110.44193866194894
339231,1000.0,1222.7296739732842,-222.7296739732842
339409,1026.0,1220.5256105591043,-194.52561055910428
339436,965.0,1269.8247468959498,-304.82474689594983
339457,1035.0,1045.4289635977045,-10.428963597704524
339529,921.0,770.9054131163523,150.0945868836477
339564,1395.0,1381.2205686690756,13.779431330924353
339640,1015.0,1026.0129525616753,-11.01295256167532
339660,920.0,1152.6941643464795,-232.6941643464795
339744,710.0,729.0153219214278,-19.015321921427812
339873,1342.0,1065.6637880726653,276.3362119273347
339913,485.0,589.972732830689,-104.97273283068898
339952,1235.0,1267.7055957634698,-32.70559576346977
339997,1169.0,948.8838199459346,220.11618005406535
340228,1147.0,1060.4952395870955,86.50476041290449
340273,1257.0,1144.756188974867,112.24381102513303
340300,1165.0,1163.479273088805,1.52072691119497
340444,920.0,963.3892285324548,-43.38922853245481
340534,735.0,649.480310887809,85.51968911219103
340546,960.0,1013.1967871006821,-53.19678710068206
340563,630.0,741.0668125935005,-111.06681259350046
340571,820.0,715.6539067765164,104.34609322348365
340648,990.0,1094.5192195464995,-104.51921954649947
340766,872.0,979.0291734213372,-107.02917342133719
340811,915.0,1186.8604408170254,-271.8604408170254
340878,830.0,1021.8606807791402,-191.86068077914024
341078,959.0,961.3545173728736,-2.3545173728736017
341384,1015.0,1138.3540157232742,-123.35401572327419
341404,658.0,674.0515912236713,-16.051591223671267
341490,968.0,1124.6031443650284,-156.60314436502836
341492,1460.0,1217.6885297906244,242.31147020937556
341509,880.0,1218.6720698092163,-338.6720698092163
341585,877.0,1075.737451690602,-198.73745169060203
341637,505.0,610.5244637601467,-105.52446376014666
341640,1145.0,1290.863250334862,-145.86325033486196
341641,1005.0,1166.8876906192363,-161.8876906192363
341695,615.0,697.7499522915869,-82.74995229158685
341859,1065.0,1276.9953767863065,-211.99537678630645
341934,980.0,1232.9431495093659,-252.94314950936587
342261,680.0,703.1001366317885,-23.100136631788473
342266,851.0,1156.556302320034,-305.5563023200341
342710,1080.0,1175.6664484582523,-95.66644845825226
342941,810.0,660.0371908767751,149.96280912322493
343061,935.0,1080.4308792517415,-145.43087925174154
343202,625.0,656.2464926193235,-31.246492619323476
343210,970.0,992.2053990920172,-22.20539909201716
343268,981.0,1101.7330097040833,-120.73300970408332
343311,1014.0,973.2507814828102,40.749218517189775
343432,755.0,733.2867620692548,21.71323793074521
343442,355.0,685.797428381939,-330.79742838193897
343500,1140.0,1284.9143893693724,-144.91438936937243
343501,565.0,669.3522974066412,-104.35229740664124
343558,609.0,1045.361552643973,-436.361552643973
343588,530.0,894.3351139060386,-364.3351139060386
343601,1190.0,1201.917008536961,-11.91700853696102
343618,1310.0,1238.5782391080984,71.42176089190161
343722,1150.0,1043.2443733502644,106.75562664973563
343779,650.0,630.0176549202703,19.982345079729726
343817,924.0,1231.011486788993,-307.0114867889929
343872,632.0,590.4639881036326,41.53601189636743
343977,795.0,702.2014602345727,92.79853976542734
344123,825.0,1182.1869669756527,-357.1869669756527
344287,1195.0,1056.5377789395027,138.4622210604973
344344,1030.0,916.0759309665872,113.92406903341282
344369,915.0,1086.7716826500603,-171.77168265006026
344444,1120.0,1260.9001427798105,-140.9001427798105
344826,842.0,1064.8291455200308,-222.8291455200308
344958,760.0,673.6366934332916,86.36330656670839
345000,675.0,725.5979243661183,-50.597924366118264
345145,630.0,683.1279135760011,-53.127913576001106
345165,585.0,741.0762456878696,-156.07624568786957
345172,865.0,961.8866570062421,-96.8866570062421
345179,1175.0,1175.4940432551937,-0.49404325519367376
345254,635.0,717.5502550390596,-82.5502550390596
345562,850.0,1009.9801650919745,-159.98016509197453
345752,922.0,1023.3283738836881,-101.32837388368807
345884,625.0,651.5578988913566,-26.557898891356558
345962,1190.0,1364.0519610364697,-174.05196103646972
345989,1040.0,1132.4063265787142,-92.40632657871424
346065,692.0,569.4559644745045,122.54403552549547
346081,600.0,742.7266608560667,-142.7266608560667
346122,650.0,767.5286537774555,-117.52865377745547
346143,1160.0,1163.969055737879,-3.969055737878989
346162,1140.0,1153.5027253749806,-13.502725374980628
346249,1140.0,1064.330474530194,75.6695254698061
346308,1190.0,1171.8437253302893,18.156274669710683
346343,955.0,1119.5090411259998,-164.50904112599983
346687,765.0,1054.879260679982,-289.87926067998205
346754,1175.0,1194.6013624864397,-19.60136248643971
346766,575.0,557.2664539751438,17.733546024856196
346944,920.0,1151.0215897500511,-231.02158975005113
347063,1110.0,1055.651353405406,54.3486465945939
347068,1115.0,1058.0346889745158,56.9653110254842
347164,1274.0,1162.5068520952427,111.49314790475728
347197,530.0,748.5235993900403,-218.52359939004032
347230,1065.0,923.2258844540299,141.77411554597006
347307,1360.0,1308.095455370248,51.90454462975208
347367,565.0,662.9763339160912,-97.97633391609122
347398,1080.0,827.1779610869334,252.82203891306665
347484,910.0,1187.535539757031,-277.5355397570311
347573,570.0,651.6617870461076,-81.66178704610763
347588,1055.0,1025.8347252284752,29.165274771524764
347704,625.0,646.1949257528679,-21.194925752867903
347722,1090.0,1223.9088778983855,-133.90887789838553
347822,688.0,659.578517091019,28.421482908981034
347883,800.0,750.1464617378249,49.85353826217511
347924,1075.0,1145.876577094455,-70.87657709445489
348103,590.0,677.9254393682055,-87.9254393682055
348183,1066.0,941.1850581491382,124.81494185086183
348318,560.0,704.2961166625369,-144.29611666253686
348516,1310.0,1287.719325987724,22.280674012275995
348605,700.0,727.5752728111373,-27.575272811137324
348606,1210.0,1153.1297097521597,56.87029024784033
348680,960.0,1097.988595249988,-137.98859524998807
348764,1450.0,1222.8975568911183,227.10244310888174
348988,760.0,714.0656377052541,45.93436229474594
349076,1070.0,1125.301659219117,-55.30165921911703
349339,545.0,708.8122499589869,-163.81224995898685
349401,1250.0,1309.5819109319277,-59.58191093192772
349403,1075.0,1195.755263814376,-120.7552638143759
349449,500.0,728.593560966811,-228.59356096681097
349515,580.0,674.8860813633204,-94.88608136332039
349518,780.0,783.2488740191827,-3.248874019182722
349580,740.0,757.6816229470845,-17.68162294708452
349676,1070.0,1070.7490214005038,-0.7490214005038069
349875,1020.0,1003.5380582042287,16.46194179577128
349968,565.0,579.7511716874204,-14.751171687420424
350060,1345.0,1160.8856647949704,184.11433520502965
350096,1301.0,1322.4076648939035,-21.40766489390353
350210,686.0,1021.3789121989125,-335.37891219891253
350261,771.0,1050.4816240805299,-279.48162408052985
350274,822.0,1074.5747134899343,-252.5747134899343
350344,855.0,999.6401345971694,-144.64013459716944
350365,1405.0,1379.3847002901211,25.615299709878855
350410,1113.0,1204.7439812011216,-91.74398120112164
350503,840.0,828.2763983615039,11.72360163849612
350706,942.0,1111.468070213547,-169.46807021354698
350984,1246.0,1179.0704282408667,66.9295717591333
351115,826.0,742.6860922445039,83.31390775549607
351206,906.0,982.1612331584148,-76.1612331584148
351238,1124.0,1328.8801106851752,-204.88011068517517
351268,1047.0,1195.6019472669961,-148.60194726699615
351291,850.0,935.4304412033218,-85.43044120332183
351319,1205.0,1278.1235798167127,-73.12357981671266
351459,685.0,779.8590941188439,-94.85909411884393
351600,893.0,1002.1762453956188,-109.17624539561882
351611,1170.0,1157.4242243496835,12.575775650316473
351630,1195.0,1174.6406665006207,20.359333499379318
351664,605.0,727.2652864137718,-122.26528641377183
351790,975.0,1013.0863576093653,-38.086357609365336
352012,1210.0,946.342238201675,263.65776179832505
352072,904.0,984.4645245450652,-80.46452454506516
352101,1265.0,1157.481191245602,107.51880875439792
352359,1365.0,1217.5495704171285,147.4504295828715
352383,690.0,655.4737947555953,34.52620524440465
352396,1362.0,1339.4990032362014,22.50099676379864
352447,600.0,741.1001051732271,-141.10010517322712
352605,1315.0,1351.6700836206312,-36.6700836206312
352628,700.0,791.3147508914799,-91.31475089147989
352652,840.0,1315.9227596634569,-475.9227596634569
352661,790.0,772.5463434285354,17.45365657146465
352710,610.0,664.5475990983302,-54.54759909833024
352786,820.0,731.5143464757576,88.48565352424237
353062,1240.0,1074.1504255031862,165.84957449681383
353198,1124.0,1093.7436945850395,30.25630541496048
353305,1030.0,1062.0088614385718,-32.008861438571785
353312,730.0,737.104852854905,-7.104852854904948
353321,1000.0,1308.819123275662,-308.8191232756619
353324,1240.0,1249.5443971866534,-9.544397186653441
353383,1215.0,1269.8173866034183,-54.8173866034183
353478,1125.0,1335.3509719434442,-210.35097194344416
353480,1120.0,1018.872729662794,101.12727033720603
353510,1340.0,1200.2891611654343,139.71083883456572
353536,1100.0,985.0294694394803,114.9705305605197
353538,535.0,536.7792410115898,-1.779241011589761
353562,1035.0,1006.1261960863347,28.873803913665256
353650,1045.0,1293.492580685853,-248.492580685853
353786,858.0,681.3216257774686,176.67837422253137
353791,1120.0,1073.9156643999777,46.084335600022314
353887,500.0,666.5695642871289,-166.56956428712886
353919,1110.0,1180.3096730389834,-70.30967303898342
353936,685.0,787.7470509775022,-102.74705097750223
353952,1195.0,1085.8890179814675,109.11098201853247
353965,810.0,973.2532403260398,-163.25324032603976
353978,1100.0,1247.923741795148,-147.9237417951481
353991,590.0,678.8873143101416,-88.88731431014162
354047,665.0,552.5823502107913,112.41764978920867
354152,1365.0,1363.9591417202328,1.0408582797672352
354257,553.0,557.143595959637,-4.1435959596369685
354326,570.0,596.0446015881839,-26.044601588183923
354366,590.0,586.0620081203838,3.93799187961622
354472,948.0,741.2393068612947,206.76069313870528
354634,1018.0,1325.28610527661,-307.28610527661
354750,435.0,600.1669945054947,-165.1669945054947
354786,1090.0,1055.1775022639385,34.82249773606145
354808,915.0,1222.8662658224425,-307.86626582244253
354819,640.0,679.1220613928914,-39.122061392891396
354840,930.0,1207.1736508272365,-277.17365082723654
355012,920.0,1027.7955593903077,-107.79555939030774
355055,674.0,896.2100539410188,-222.21005394101883
355137,561.0,662.8269355765744,-101.82693557657444
355153,1590.0,1280.101730058436,309.89826994156397
355206,699.0,924.6042018594538,-225.60420185945384
355275,1490.0,1119.0735440637322,370.92645593626776
355415,765.0,733.365776371554,31.634223628445966
355760,1350.0,1165.5811929954814,184.4188070045186
355865,1265.0,1171.94770294851,93.05229705149009
355956,1206.0,1179.3987577749656,26.60124222503441
355962,1245.0,1296.8345430185193,-51.8345430185193
355994,940.0,1141.8607129788932,-201.86071297889316
356009,881.0,955.1831411736417,-74.18314117364173
356065,610.0,691.7384618138062,-81.73846181380623
356078,1055.0,911.4790329269291,143.5209670730709
356082,1058.0,1050.5748158227946,7.425184177205438
356194,1058.0,1021.3246586201553,36.67534137984467
356207,530.0,783.0558566648845,-253.05585666488446
356322,991.0,1108.5971994650147,-117.59719946501468
356342,539.0,690.311131101121,-151.31113110112096
356372,730.0,618.3773323990572,111.6226676009428
356590,1020.0,1157.9055887807165,-137.90558878071647
356616,1070.0,1209.3840055608096,-139.38400556080956
356665,1250.0,1209.310221025276,40.68977897472405
356751,885.0,1275.8160837712799,-390.81608377127986
356881,448.0,652.9270249704252,-204.92702497042524
356884,620.0,739.9124902655439,-119.91249026554385
356933,640.0,668.6338734158912,-28.63387341589123
357102,528.0,653.2495277430775,-125.24952774307746
357105,320.0,592.4872099824196,-272.4872099824196
357183,970.0,1218.0162525855271,-248.01625258552713
357263,1110.0,996.5612199927044,113.43878000729558
357336,426.0,626.2763632151043,-200.2763632151043
357428,835.0,745.8174904608544,89.1825095391456
357528,1112.0,1269.198349226044,-157.198349226044
357755,650.0,658.3115808947805,-8.31158089478049
357871,740.0,811.6773712058445,-71.67737120584445
358048,580.0,749.1570017032478,-169.15700170324783
358073,1078.0,998.498972340638,79.50102765936197
358210,1079.0,1291.658033229544,-212.6580332295439
358280,555.0,657.1352864358882,-102.13528643588825
358512,1395.0,1321.9304839142228,73.0695160857772
358518,520.0,611.7145637545387,-91.71456375453874
358595,585.0,572.5980225667691,12.401977433230854
358600,1430.0,1306.7502653826127,123.24973461738728
358622,555.0,576.2363910481221,-21.236391048122073
358643,515.0,623.0135195383343,-108.01351953833432
358727,620.0,601.8280293933195,18.171970606680475
358738,1025.0,1178.797364940773,-153.79736494077292
358810,940.0,1160.6023540714011,-220.60235407140112
358885,660.0,700.9483926306212,-40.94839263062124
358907,880.0,945.3898768055819,-65.38987680558193
358954,1073.0,1180.9146913262198,-107.91469132621978
359165,945.0,819.4812642714776,125.51873572852242
359197,585.0,690.2104929612341,-105.21049296123408
359284,555.0,591.2674145167948,-36.267414516794815
359393,1065.0,1101.9195193660496,-36.9195193660496
359404,980.0,1154.4984765833092,-174.49847658330918
359456,790.0,767.4792786848651,22.520721315134892
359500,1315.0,1234.4932109777917,80.5067890222083
359597,1250.0,1095.7991432027418,154.2008567972582
359602,1307.0,1088.4652952924953,218.53470470750472
359626,815.0,1159.3906645973916,-344.3906645973916
359775,510.0,563.279807616064,-53.27980761606398
359807,1030.0,1118.5157636780152,-88.51576367801522
359853,665.0,646.9268304094171,18.073169590582893
359859,485.0,621.1038460130891,-136.10384601308908
359941,1470.0,1180.7221701209564,289.27782987904357
359978,855.0,713.409021029601,141.59097897039896
359983,1365.0,1334.755265679874,30.2447343201261
360095,872.0,1158.3336602450004,-286.3336602450004
360167,566.0,670.7221471479475,-104.72214714794745
360186,1430.0,1369.560167175704,60.43983282429599
360528,1010.0,1306.4401091483976,-296.4401091483976
360598,610.0,720.9111914017512,-110.91119140175124
360649,690.0,819.7288427091095,-129.72884270910947
360726,1080.0,1013.1859906274888,66.81400937251124
360801,620.0,604.062818334741,15.937181665259004
360931,940.0,1217.5007342181525,-277.5007342181525
360999,1080.0,1066.0496232831279,13.950376716872142
361091,510.0,729.7022171079993,-219.70221710799933
361114,785.0,693.8724795616305,91.12752043836952
361131,1435.0,1289.1738307272756,145.82616927272443
361150,1090.0,1051.4095614216096,38.590438578390376
361156,670.0,745.2536371590045,-75.25363715900448
361186,780.0,855.9640547114863,-75.96405471148626
361283,710.0,785.3681772541703,-75.36817725417029
361345,1080.0,1166.8091619843376,-86.8091619843376
361602,940.0,980.1248666018971,-40.12486660189711
361733,760.0,558.5070743798668,201.49292562013318
361827,1015.0,1128.2622047216707,-113.26220472167074
361894,1151.0,1181.2635632346307,-30.263563234630737
361914,1155.0,1122.6924312459298,32.30756875407019
361934,1082.0,1145.5313404487983,-63.531340448798346
362006,1170.0,1306.3438338937065,-136.34383389370646
362193,1260.0,1157.9715657142206,102.02843428577944
362369,1030.0,965.3176516880345,64.68234831196548
362432,930.0,969.9383732130156,-39.93837321301555
362549,1140.0,1153.0272316500138,-13.027231650013846
362588,585.0,603.1166934923633,-18.11669349236331
362606,975.0,1165.7377439280658,-190.7377439280658
362708,1070.0,1227.123287525273,-157.1232875252731
362891,465.0,646.0484177955542,-181.0484177955542
362950,1175.0,1228.412415192107,-53.41241519210689
363120,1025.0,1215.5448405113004,-190.54484051130044
363156,1010.0,934.3950287579075,75.60497124209246
363234,1411.0,1165.4891353355429,245.51086466445713
363367,1323.0,1202.0632551168558,120.93674488314423
363487,681.0,640.5008084025782,40.49919159742183
363506,1110.0,1223.7084890913297,-113.70848909132974
363594,1055.0,998.2565015167298,56.74349848327017
364039,1040.0,977.1829120786622,62.817087921337816
364165,915.0,1143.7129878146338,-228.71298781463383
364219,1334.0,1181.4621744527835,152.53782554721647
364339,1390.0,1263.286897127336,126.71310287266397
364428,815.0,872.7215519406205,-57.72155194062054
364576,926.0,1230.6419719817218,-304.6419719817218
364582,1433.0,824.6002903371121,608.3997096628879
364596,1220.0,1250.5502675219502,-30.550267521950218
364597,910.0,742.2046878489924,167.79531215100758
364682,844.0,724.1810221229679,119.81897787703213
364815,771.0,1020.2811310976635,-249.28113109766355
364938,1250.0,1138.2649173912628,111.73508260873723
365081,1140.0,1173.415801831959,-33.415801831959016
365161,1055.0,1065.6867838953626,-10.686783895362623
365185,1225.0,1133.468775288682,91.53122471131792
365193,670.0,719.0494570707071,-49.04945707070715
365234,640.0,686.5534271335576,-46.55342713355765
365317,1058.0,946.0901463923335,111.90985360766649
365555,785.0,1123.0263020296018,-338.02630202960177
365594,828.0,753.0682156305103,74.93178436948972
365649,1140.0,1132.1888495724384,7.811150427561643
365741,813.0,716.4021125125497,96.5978874874503
365815,1080.0,1269.967056534994,-189.96705653499407
365877,1190.0,1176.195722553359,13.804277446640981
365905,1270.0,1188.596342122127,81.403657877873
365908,1055.0,1185.7437330010016,-130.7437330010016
366012,1010.0,1001.4207431228592,8.579256877140779
366021,465.0,627.6395012147024,-162.63950121470236
366115,1310.0,1238.8969698209062,71.10303017909382
366140,1275.0,1326.9491090967501,-51.949109096750135
366213,880.0,749.897144697288,130.102855302712
366250,425.0,720.5687169456813,-295.56871694568133
366320,1285.0,1198.4401349091877,86.55986509081231
366763,1110.0,931.3204067685825,178.67959323141747
366782,605.0,731.2638604658255,-126.26386046582547
366823,910.0,1158.2490119945717,-248.24901199457167
366882,1560.0,1281.3684344377943,278.63156556220565
366915,948.0,1010.6675254030764,-62.66752540307641
366986,1170.0,1119.244838423819,50.75516157618108
367045,570.0,672.8704045750873,-102.87040457508726
367068,600.0,599.268913558172,0.7310864418279834
367108,945.0,954.7044681337179,-9.70446813371791
367268,690.0,691.371772973799,-1.3717729737990112
367271,1305.0,1207.1835779014941,97.81642209850588
367287,805.0,1226.1399985088683,-421.1399985088683
367327,1285.0,1284.6801768753605,0.3198231246394698
367561,749.0,1102.3465260453825,-353.34652604538246
367594,1000.0,1163.8892410919884,-163.88924109198842
367656,995.0,1104.7579000790881,-109.75790007908813
367668,840.0,1000.6914078807429,-160.69140788074287
367704,550.0,726.5395780551437,-176.5395780551437
367948,1065.0,961.7525077335257,103.2474922664743
368070,1265.0,1364.5639507004253,-99.56395070042527
368182,582.0,693.2857611139955,-111.28576111399548
368473,745.0,721.4396912549714,23.56030874502858
368560,973.0,1132.30535639096,-159.30535639096001
368573,1050.0,1141.340836284711,-91.34083628471103
368680,700.0,820.8028221554662,-120.80282215546617
368728,1190.0,1049.5400859467002,140.45991405329983
368824,1230.0,1188.6433014363276,41.35669856367235
368915,935.0,920.0495754129089,14.950424587091106
368923,1006.0,863.8145592205756,142.18544077942443
368939,1070.0,1053.1115430314824,16.88845696851763
368943,1175.0,920.8404147873782,254.15958521262178
369304,1110.0,1109.9035754403342,0.0964245596658202
369375,1000.0,956.1903444023434,43.809655597656615
369419,820.0,761.4922904385342,58.507709561465845
369459,1120.0,1276.2131133488433,-156.2131133488433
369531,655.0,684.5505962362963,-29.550596236296315
369564,820.0,696.8709745508302,123.12902544916983
369634,675.0,689.714118810412,-14.714118810411946
369979,1058.0,1251.7102979788133,-193.7102979788133
370102,1140.0,1223.3479677499993,-83.34796774999927
370113,1000.0,1246.3772944907594,-246.37729449075937
370351,610.0,790.3438086541282,-180.34380865412822
370420,512.0,682.9191952578345,-170.91919525783453
370512,1105.0,1191.084563148365,-86.08456314836508
370849,985.0,1103.5429221938314,-118.54292219383137
370973,730.0,724.2676964479916,5.732303552008375
370982,920.0,1192.2542621157932,-272.25426211579315
371024,1465.0,1329.877044745887,135.1229552541131
371053,1312.0,1296.9555382519852,15.044461748014783
371082,1210.0,1108.3101271681246,101.68987283187539
371142,910.0,1066.5907681992771,-156.59076819927714
371145,1082.0,1128.4451587090052,-46.44515870900523
371259,1175.0,1171.495217956494,3.5047820435061112
371386,582.0,654.5342850372461,-72.53428503724615
371439,843.0,1097.43411773538,-254.4341177353799
371837,910.0,1050.6334038035588,-140.63340380355885
371879,1025.0,1257.468835584851,-232.46883558485092
371905,682.0,644.1998563952478,37.80014360475218
371921,626.0,640.5798029121205,-14.579802912120499
371993,1031.0,1116.9205449558235,-85.92054495582352
372148,1180.0,1288.7948064184502,-108.79480641845021
372164,1050.0,881.6366289826599,168.3633710173401
372178,738.0,818.55728622834,-80.55728622833999
372357,1085.0,941.4286032789096,143.57139672109042
372411,1179.0,1251.6996953988478,-72.69969539884778
372523,885.0,1131.1308585096451,-246.13085850964512
372624,1230.0,1237.3407161826894,-7.340716182689448
372842,830.0,1002.8833377120263,-172.88333771202633
372868,1130.0,1124.8415147979458,5.15848520205418
373041,1050.0,1085.1282017699311,-35.12820176993114
373118,1210.0,1110.705860557211,99.29413944278895
373268,1268.0,1040.3191178588402,227.68088214115983
373306,1284.0,1209.4758870597718,74.52411294022818
373442,755.0,749.0707561281018,5.929243871898166
373762,1058.0,1253.724335160161,-195.724335160161
373774,650.0,734.0746830528107,-84.07468305281066
374115,1120.0,1094.825613239655,25.174386760344987
374187,1010.0,1277.3348454589575,-267.3348454589575
374399,1124.0,1055.649258920229,68.35074107977107
374506,1280.0,1182.4289550913124,97.57104490868755
374953,801.0,735.8398132359042,65.16018676409578
375033,620.0,635.6845219486615,-15.68452194866154
375097,1470.0,1156.205969657085,313.794030342915
375122,1120.0,1078.6547625012627,41.34523749873733
375214,740.0,782.3063104552564,-42.30631045525638
375378,1312.0,1186.5961922479491,125.40380775205085
375469,850.0,705.3269013638195,144.6730986361805
375491,660.0,640.5028709304144,19.49712906958564
375529,1290.0,1227.320814356485,62.679185643514984
375583,900.0,1217.6503610596235,-317.6503610596235
375637,925.0,1043.129446642986,-118.12944664298607
375735,1025.0,1081.5681258982893,-56.56812589828928
375742,1080.0,1227.3068630399507,-147.3068630399507
375753,965.0,1159.5632573989515,-194.56325739895146
375902,670.0,670.5555007352307,-0.5555007352306802
375928,1210.0,1128.9849137895565,81.01508621044354
375936,630.0,625.9603622488011,4.0396377511989385
375942,985.0,1228.9737369469585,-243.97373694695852
376234,485.0,682.992086315784,-197.99208631578404
376354,667.0,653.73490741879,13.265092581209956
376408,1105.0,1093.1894548354928,11.810545164507175
376517,881.0,1031.6008451685948,-150.6008451685948
376647,690.0,647.8684135855283,42.13158641447171
376706,1075.0,1269.6089064361277,-194.60890643612765
377099,685.0,658.5713282254602,26.428671774539794
377201,475.0,700.2145719709715,-225.21457197097152
377215,1230.0,1277.336440667085,-47.33644066708507
377227,975.0,1165.8428799045337,-190.84287990453367
377387,620.0,593.3128222690993,26.687177730900657
377581,1100.0,1051.0764938197885,48.92350618021146
377663,985.0,987.5124865874872,-2.5124865874871603
377689,675.0,644.0276504092628,30.972349590737167
377693,1215.0,1210.61903091041,4.380969089590053
377829,1146.0,1066.922249626642,79.07775037335796
378000,970.0,1099.7694072350519,-129.76940723505186
378139,593.0,705.8463787510809,-112.84637875108092
378165,725.0,727.2615254961755,-2.2615254961755227
378210,1005.0,1114.976986173496,-109.97698617349602
378265,660.0,691.6933791078052,-31.693379107805185
378354,920.0,1245.4926045749714,-325.49260457497144
378479,1190.0,1163.3678532701263,26.63214672987374
378594,1295.0,1334.8024442530193,-39.8024442530193
378649,850.0,1227.6927230122137,-377.6927230122137
378690,605.0,715.9042494646972,-110.90424946469716
378875,690.0,727.4147386398723,-37.414738639872326
379280,1370.0,1237.9921308855849,132.00786911441514
379746,1200.0,1089.4635292446726,110.5364707553274
379823,667.0,650.9737599531111,16.026240046888915
379874,1150.0,1132.7653953803404,17.23460461965965
379918,475.0,475.9271709263291,-0.9271709263290973
380038,609.0,663.5999608762256,-54.59996087622562
380062,600.0,524.8620806663948,75.13791933360517
380077,845.0,694.9299041954514,150.0700958045486
380109,820.0,990.0655949920691,-170.06559499206912
380181,962.0,1059.1983138547757,-97.19831385477573
380226,1590.0,1337.4956911520771,252.50430884792286
380443,905.0,910.4855943596502,-5.485594359650236
380533,900.0,1039.9452733679043,-139.9452733679043
380631,690.0,1125.8240198355281,-435.82401983552813
380756,948.0,1253.5098132927565,-305.50981329275646
380832,970.0,1213.9214689728415,-243.92146897284147
380882,470.0,607.306823468448,-137.306823468448
380903,759.0,901.2020970379652,-142.20209703796525
380927,1075.0,1181.437082289524,-106.43708228952391
381195,1210.0,1203.5486478227022,6.451352177297849
381445,1069.0,867.7000650833123,201.29993491668768
381534,926.0,1028.2206196576383,-102.22061965763828
381567,1125.0,1153.2854650764154,-28.28546507641545
381588,1036.0,1004.9344029741399,31.065597025860143
381989,604.0,580.9489949690096,23.051005030990382
382006,683.0,680.1512590836822,2.8487409163177517
382363,710.0,762.4345586560908,-52.43455865609076
382502,1058.0,970.7378464377675,87.26215356223247
382610,1140.0,1046.0355642054176,93.96443579458241
382683,462.0,602.8037857907849,-140.8037857907849
382714,1130.0,1088.3649436047888,41.63505639521122
382747,585.0,721.960109059254,-136.96010905925402
382789,1020.0,1383.0474286327187,-363.0474286327187
382824,995.0,921.1016754184675,73.8983245815325
382827,690.0,688.318719745159,1.681280254840999
382839,1165.0,1163.927143356143,1.0728566438569942
382863,1280.0,1144.5786369679065,135.4213630320935
382911,1155.0,1176.2312158596012,-21.231215859601207
382959,545.0,833.4917241652894,-288.4917241652894
383044,985.0,1082.1642174842266,-97.16421748422658
383056,890.0,1184.0273564948322,-294.02735649483225
383091,1079.0,1181.4551994910519,-102.45519949105187
383331,1180.0,1023.5497438969403,156.4502561030597
383453,1180.0,1314.5449874821072,-134.54498748210722
383751,870.0,1068.445894687244,-198.44589468724394
383811,1374.0,1287.225140531726,86.77485946827392
383819,1080.0,1066.434962961852,13.56503703814792
384009,1200.0,1177.02811684734,22.971883152659984
384077,1100.0,1110.245068858234,-10.245068858233935
384138,1115.0,1190.7659964787404,-75.76599647874036
384297,1040.0,1173.606864188636,-133.6068641886361
384475,1216.0,978.6023204754346,237.39767952456543
384602,715.0,695.3162461504427,19.68375384955732
384666,1089.0,1104.4131503902809,-15.413150390280862
384723,1180.0,1180.0870932999132,-0.08709329991324921
384727,825.0,671.0889187699752,153.91108123002482
384992,1216.0,1176.4057537755248,39.59424622447523
385083,462.0,485.744402486538,-23.74440248653798
385153,1054.0,1098.4967313385794,-44.496731338579366
385178,870.0,1201.173975481111,-331.17397548111103
385229,1220.0,1272.1744255406325,-52.174425540632456
385358,890.0,978.5821530398905,-88.5821530398905
385400,1180.0,1172.813960946468,7.186039053532113
385440,480.0,672.1664741942576,-192.1664741942576
385573,845.0,924.3336242727152,-79.33362427271516
385576,1090.0,1184.737356390304,-94.73735639030406
385577,1330.0,1217.069958846142,112.93004115385793
385585,790.0,856.8840545218337,-66.88405452183372
385588,1140.0,1273.5711525620102,-133.57115256201018
385843,827.0,1020.7608914854245,-193.7608914854245
385874,1010.0,1023.0301742737719,-13.030174273771877
386119,855.0,974.3512189905275,-119.35121899052751
386188,1045.0,993.4505513878776,51.54944861212243
386310,715.0,853.7682945608676,-138.76829456086762
386322,1100.0,1105.2390395479829,-5.239039547982884
386782,1135.0,984.2470478580651,150.75295214193488
386796,932.0,1092.634924016601,-160.63492401660096
386797,495.0,646.4056909252544,-151.40569092525436
386801,825.0,901.2502887317484,-76.25028873174836
386807,1150.0,1354.3214931717498,-204.3214931717498
386827,670.0,676.8539071293796,-6.85390712937965
386912,870.0,668.1737896913615,201.82621030863845
387058,1020.0,897.8329677684554,122.16703223154457
387131,900.0,1263.7981557791572,-363.79815577915724
387206,1254.0,1234.983540535368,19.016459464631907
387267,1140.0,1352.411151984762,-212.411151984762
387341,945.0,1135.1470813513292,-190.14708135132923
387352,805.0,681.7116029935253,123.28839700647472
387357,565.0,706.2198476604808,-141.2198476604808
387672,1000.0,978.503287984564,21.496712015435946
387732,1100.0,1206.3082837033323,-106.30828370333234
387786,1070.0,1163.9240869513883,-93.92408695138829
387795,1080.0,1220.435018639623,-140.43501863962297
387857,1130.0,1291.9148519934963,-161.9148519934963
388138,1040.0,925.2676630489035,114.7323369510965
388195,890.0,1175.1794596200953,-285.17945962009526
388210,730.0,547.6733892756387,182.32661072436133
388313,1090.0,1373.782962872989,-283.78296287298895
388330,900.0,1122.8304062038574,-222.83040620385736
388353,1827.0,1332.9332799757844,494.06672002421556
388391,920.0,1154.1072521950389,-234.10725219503888
388524,594.0,590.7336385860029,3.2663614139970605
388605,800.0,702.8842443906829,97.11575560931715
388648,595.0,752.843425737532,-157.84342573753202
388738,783.0,1022.1366685462817,-239.13666854628173
388740,1580.0,1267.4482989197927,312.5517010802073
388857,1120.0,1262.4141415426848,-142.41414154268477
389544,1348.0,1084.7764474701191,263.22355252988086
389711,940.0,1085.780373247132,-145.78037324713205
389971,820.0,1190.074310573287,-370.074310573287
389990,505.0,626.7113840201182,-121.7113840201182
390051,539.0,638.7769749313868,-99.7769749313868
390082,1380.0,1151.6784624936283,228.32153750637167
390108,545.0,630.6058862490105,-85.6058862490105
390135,1300.0,1277.3711147074205,22.628885292579525
390214,1030.0,1088.7260847217112,-58.72608472171123
390411,965.0,1180.9464860061555,-215.9464860061555
390481,960.0,970.4354887891045,-10.435488789104511
390505,590.0,698.4469425935074,-108.4469425935074
390578,1150.0,1294.5513228891934,-144.55132288919344
390632,1120.0,1213.718968901902,-93.71896890190192
390663,1160.0,1281.5091304970722,-121.50913049707219
390688,1110.0,1170.0032255665976,-60.00322556659762
390745,972.0,1239.065953776592,-267.0659537765921
390877,1210.0,1348.4805802975911,-138.48058029759113
391178,1235.0,1078.1773347899502,156.82266521004976
391379,840.0,1110.5186243896835,-270.5186243896835
391855,595.0,724.7572090979356,-129.75720909793563
391868,657.0,637.6201297244468,19.37987027555323
391893,835.0,971.8493378475068,-136.84933784750683
391922,1310.0,1225.520585891651,84.47941410834892
391980,1021.0,1262.1828285244148,-241.18282852441484
392102,530.0,732.6856725514696,-202.68567255146957
392306,745.0,658.7664117246177,86.23358827538232
392568,635.0,595.9778437118435,39.02215628815645
392827,770.0,642.1792095648203,127.82079043517967
392834,985.0,900.3249230195423,84.67507698045767
392842,555.0,708.2572426272073,-153.25724262720735
393043,1135.0,1195.1967309993404,-60.19673099934039
393140,621.0,615.5278204827598,5.472179517240193
393419,1091.0,1008.7028849432374,82.29711505676255
393544,975.0,1050.8834575949807,-75.88345759498065
393577,506.0,833.5435737277976,-327.5435737277976
393660,597.0,685.4363800582917,-88.43638005829166
393894,570.0,693.0312861880276,-123.0312861880276
393945,1080.0,1064.6730373950868,15.326962604913206
394146,1350.0,1135.8529099963398,214.1470900036602
394419,645.0,673.5642560145525,-28.564256014552484
394439,1105.0,1046.5197512976752,58.48024870232484
394449,1350.0,1146.349029490644,203.65097050935606
394496,1090.0,1155.4688662331037,-65.46886623310365
394643,640.0,739.2141535562979,-99.2141535562979
394750,1460.0,1296.0953051492686,163.9046948507314
394856,865.0,1231.700551884063,-366.7005518840631
395008,730.0,1088.773506770431,-358.7735067704309
395332,945.0,882.3653124732173,62.63468752678273
395410,891.0,1237.7411962225171,-346.74119622251715
395546,945.0,1062.7928052850043,-117.7928052850043
395551,1160.0,1004.3873863666392,155.61261363336075
395601,1010.0,1002.0362864887671,7.963713511232868
395861,1125.0,1305.9115358721056,-180.91153587210556
395955,1486.0,1105.4693348768546,380.53066512314535
396015,985.0,1103.0003158323161,-118.00031583231612
396131,465.0,683.802566251049,-218.80256625104903
396354,1110.0,1256.5866225667596,-146.58662256675962
396379,1210.0,1265.9904826889226,-55.99048268892261
396425,1065.0,1081.7684394434962,-16.768439443496163
396460,1170.0,976.1277817537051,193.8722182462949
396482,530.0,768.0938632630853,-238.09386326308527
396662,610.0,669.0011369636244,-59.00113696362439
397197,1146.0,1208.7466980663005,-62.746698066300496
397248,892.0,947.5807348463862,-55.580734846386235
397663,1020.0,1200.2594922136466,-180.25949221364658
398042,435.0,620.6285283135119,-185.62852831351188
398276,1330.0,1302.0977777707408,27.902222229259223
398314,695.0,885.1453649563792,-190.14536495637924
398702,1080.0,1178.644311429544,-98.6443114295439
398747,1485.0,1292.2330473665268,192.76695263347324
398907,1375.0,1285.8296086585622,89.17039134143783
398995,1360.0,1283.3239990082943,76.67600099170568
398996,860.0,1103.6743867507423,-243.67438675074231
399023,990.0,1086.3668386416625,-96.36683864166253
399073,990.0,1287.0759657485144,-297.07596574851436
399240,800.0,942.3104497314512,-142.31044973145117
399309,1135.0,1254.3958149522548,-119.3958149522548
399581,1505.0,1319.415609860683,185.58439013931707
399629,750.0,744.6772730988818,5.322726901118244
399900,1135.0,1097.2882285203405,37.71177147965955
400068,730.0,706.0387762383948,23.961223761605197
400681,645.0,571.6270553930812,73.37294460691885
400910,1490.0,1325.6466701125428,164.35332988745722
400947,515.0,655.5228202572954,-140.5228202572954
401044,1124.0,1206.515843180198,-82.51584318019809
401180,738.0,1030.4838263859374,-292.4838263859374
401197,1169.0,1067.5287508594233,101.47124914057667
401318,950.0,956.7898668648081,-6.789866864808118
401329,724.0,945.8167329265633,-221.8167329265633
401333,1040.0,1064.5427935969383,-24.54279359693828
401522,1205.0,1196.9342691811244,8.065730818875636
401659,890.0,1119.872054957437,-229.87205495743706
401797,1155.0,1156.8229778148927,-1.822977814892738
401863,1125.0,1258.9057415115872,-133.90574151158717
401951,1198.0,1359.7795243941712,-161.77952439417118
401976,555.0,725.1887150828258,-170.18871508282575
402035,1490.0,1222.6335616525075,267.3664383474925
402093,635.0,680.9170532694202,-45.917053269420194
402356,922.0,1157.4726677488661,-235.47266774886612
402780,1195.0,1115.1234041836547,79.87659581634534
402861,825.0,812.5654222134356,12.434577786564432
403136,895.0,1198.8864476166898,-303.8864476166898
403218,720.0,1164.2274046552375,-444.2274046552375
403443,1047.0,962.7625502544315,84.23744974556848
403809,981.0,1169.9088908971244,-188.90889089712437
404112,995.0,1281.8972976005932,-286.8972976005932
404161,840.0,1242.388450243228,-402.3884502432279
404208,630.0,711.4788305858337,-81.47883058583375
404239,870.0,728.038865863157,141.96113413684304
404411,1080.0,1186.4995341911279,-106.49953419112785
404425,1020.0,1234.9595222889611,-214.95952228896113
404733,881.0,1060.711762448911,-179.71176244891103
404927,768.0,862.1139766778516,-94.11397667785161
404935,1110.0,1037.0359490653127,72.9640509346873
405025,1465.0,1233.1337191684108,231.86628083158917
405541,1130.0,1277.731028270299,-147.73102827029902
405920,645.0,686.5523450414247,-41.5523450414247
406043,630.0,692.7812627974156,-62.78126279741559
406205,875.0,1052.3114171555765,-177.31141715557646
406415,1095.0,1266.1323279221278,-171.13232792212784
406628,910.0,1072.395834927199,-162.39583492719908
406833,545.0,505.9062925128274,39.093707487172594
406918,670.0,603.4624370159432,66.53756298405676
406980,1025.0,1205.4469341687507,-180.44693416875066
407008,967.0,1105.24071736381,-138.24071736381006
407113,1060.0,1057.3345083378526,2.6654916621473603
407146,828.0,685.61548013251,142.38451986748998
407306,1220.0,1133.6856521937104,86.31434780628956
407333,670.0,705.6521478526006,-35.65214785260059
407427,1400.0,1069.5960000000005,330.40399999999954
407611,1268.0,1120.6847558696884,147.3152441303116
407623,1036.0,949.210469018325,86.78953098167494
407794,1235.0,1253.5098132927565,-18.509813292756462
407876,1045.0,1058.914013223737,-13.914013223736902
407975,1055.0,1131.8426017206582,-76.8426017206582
408256,930.0,1079.666213679169,-149.666213679169
408265,1160.0,1062.058071734461,97.94192826553899
408301,1106.0,1140.825062615255,-34.82506261525509
408323,1197.0,1202.0718787834103,-5.071878783410284
408377,1125.0,1021.3719216909703,103.62807830902966
408383,1240.0,1188.4676786484324,51.53232135156759
408501,992.0,1085.129603754169,-93.12960375416901
409038,1170.0,946.0306386435789,223.96936135642113
409140,890.0,1187.17106768618,-297.1710676861801
409418,1080.0,1085.7418455286574,-5.74184552865745
409652,1010.0,1046.0355642054176,-36.035564205417586
410151,1270.0,1244.5503992237311,25.44960077626888
410176,1091.0,1215.7088066355916,-124.7088066355916
410456,1450.0,1077.8193011119133,372.1806988880867
410459,1455.0,1237.4718255765333,217.52817442346668
410600,740.0,691.0111246803966,48.98887531960338
410790,933.0,1190.7248814148309,-257.72488141483086
410913,1224.0,1168.8744951997273,55.125504800272665
411065,660.0,588.2213682018505,71.77863179814949
411158,1334.0,1087.603656009772,246.39634399022793
411167,1380.0,1327.3860506511908,52.61394934880923
411473,1221.0,1025.7349565459292,195.2650434540708
411671,997.0,1287.9630186892616,-290.9630186892616
411944,525.0,568.1350622815705,-43.13506228157053
412204,875.0,909.0724748392956,-34.07247483929564
412351,937.0,970.2031536549725,-33.20315365497254
412453,1050.0,1159.7360456520285,-109.73604565202845
412635,914.0,1107.3653983343809,-193.36539833438087
412653,850.0,816.1344678533156,33.86553214668436
412726,1318.0,1215.1283584851258,102.87164151487423
412782,544.0,549.8652513753597,-5.865251375359662
412911,612.0,618.8004672588693,-6.800467258869276
413099,1011.0,1114.1287031191612,-103.12870311916117
413115,1020.0,1120.1839438432173,-100.18394384321732
413141,495.0,729.3472684544328,-234.34726845443276
413190,480.0,707.1329704311366,-227.13297043113664
413238,849.0,987.7728439561629,-138.7728439561629
413284,770.0,755.626964820518,14.37303517948203
413319,793.0,1028.2439692015448,-235.24396920154481
413509,672.0,773.2986698505649,-101.29866985056492
413545,485.0,671.9403562057827,-186.94035620578268
413773,893.0,930.9204359933449,-37.92043599334488
413802,843.0,956.845554368097,-113.84555436809705
413913,959.0,1039.29945232812,-80.29945232811997
413917,1213.0,1322.6753894256035,-109.6753894256035
413941,1090.0,1058.358176657981,31.641823342019052
414080,680.0,730.150921782235,-50.150921782234946
414605,535.0,625.4481305068722,-90.44813050687219
414622,705.0,755.7933014122027,-50.79330141220271
414827,1069.0,914.0027566230891,154.9972433769109
414868,950.0,918.1902564364144,31.809743563585585
415267,1045.0,1257.7655066916864,-212.76550669168637
415782,1245.0,1226.8153797943578,18.184620205642204
416637,726.0,651.0701710751383,74.92982892486168
416642,700.0,669.1233982046075,30.876601795392503
417345,1290.0,1115.365988525302,174.6340114746979
417352,749.0,534.7185716192363,214.2814283807637
417362,1190.0,1201.9709376609785,-11.970937660978507
417372,1355.0,1247.0327448459818,107.96725515401818
417406,1180.0,1061.5174717754921,118.48252822450786
417566,429.0,550.4824549147788,-121.48245491477883
417572,1200.0,1375.775488936615,-175.77548893661492
417738,1430.0,1182.689492082447,247.31050791755297
418184,955.0,997.281060098585,-42.281060098585044
418261,981.0,1086.2485725867523,-105.24857258675229
418439,509.0,690.0625585313693,-181.0625585313693
418545,775.0,992.2618767312914,-217.2618767312914
418682,1020.0,1093.8027459568204,-73.80274595682044
418739,750.0,611.9748699563582,138.02513004364175
418787,1010.0,1076.0054326179868,-66.0054326179868
418850,1340.0,1130.2566187939885,209.74338120601146
418929,829.0,942.9371873555131,-113.93718735551306
418932,1545.0,938.8802265012966,606.1197734987034
419100,790.0,1079.5617772296437,-289.56177722964367
419570,1135.0,1185.8523982743009,-50.85239827430087
420135,755.0,728.0698312803228,26.930168719677226
420255,1170.0,986.3440330759663,183.6559669240337
420515,1200.0,1194.1226870831752,5.877312916824849
420607,1080.0,1032.0115115616513,47.98848843834867
420660,1133.0,976.5003770183956,156.49962298160438
420662,1020.0,815.682757524759,204.31724247524096
420869,1030.0,1125.63419902947,-95.63419902946998
420972,946.0,1009.7680062451674,-63.768006245167385
421116,715.0,1052.52884164777,-337.5288416477699
421309,948.0,1053.2266287222142,-105.22662872221417
421316,1043.0,1106.3467869142748,-63.346786914274844
421661,807.0,832.0147703873675,-25.014770387367548
421669,1370.0,1356.126448071277,13.873551928722918
421825,723.0,751.4796098797307,-28.479609879730674
421864,1047.0,1118.5461317777192,-71.54613177771921
421897,1085.0,1006.4173010532892,78.58269894671082
422268,1160.0,1154.169294496093,5.830705503906984
422419,1150.0,1259.5547305425928,-109.55473054259278
422428,1300.0,1224.956413772179,75.04358622782092
422496,1000.0,610.4088469386456,389.59115306135436
422541,1102.0,1166.974307851086,-64.974307851086
422598,600.0,776.47717330025,-176.47717330025
422868,690.0,678.9451769701961,11.054823029803856
422998,1235.0,1195.725669468604,39.27433053139589
423238,665.0,749.2571517392735,-84.25715173927347
423253,970.0,1253.044144104265,-283.0441441042649
423349,715.0,730.0983599796643,-15.098359979664338
423355,566.0,747.8590367074462,-181.8590367074462
423484,616.0,672.6692916439956,-56.66929164399562
423552,827.0,1028.6190785941726,-201.6190785941726
423750,418.0,782.6091750616348,-364.6091750616348
423830,1055.0,1181.595959778542,-126.59595977854201
423885,1103.0,1228.0052563711565,-125.00525637115652
424065,1032.0,1132.0950659409186,-100.09506594091863
424248,1005.0,940.526366139538,64.47363386046197
424275,650.0,726.7281209705109,-76.72812097051087
424456,1150.0,1294.1301530824871,-144.13015308248714
424465,590.0,722.184619014941,-132.18461901494095
424642,1040.0,1119.914173274941,-79.91417327494105
424720,719.0,632.1870448333013,86.81295516669866
424885,1110.0,1139.2276419677648,-29.22764196776484
425038,542.0,744.7035914401775,-202.70359144017755
425292,720.0,906.2393341646606,-186.2393341646606
425437,992.0,1129.9274150677106,-137.92741506771063
425896,1323.0,1029.9669141524373,293.0330858475627
426100,1201.0,1096.481436380412,104.5185636195879
426101,988.0,1041.6444690359936,-53.64446903599355
426219,1100.0,1053.246621994039,46.75337800596094
426255,600.0,653.9835588480356,-53.983558848035614
426503,684.0,895.8004908656198,-211.80049086561985
426617,1085.0,1205.4469675603425,-120.4469675603425
426736,1200.0,1236.3448766754657,-36.344876675465684
426831,861.0,935.3598353541706,-74.35983535417063
427099,1190.0,1147.9706696456685,42.02933035433148
427131,1075.0,1193.8350620444317,-118.83506204443165
427185,948.0,995.8850159673179,-47.88501596731794
427244,1080.0,992.1149293758774,87.88507062412259
427297,1105.0,1198.8447960144078,-93.84479601440785
427333,990.0,1333.7023238528336,-343.7023238528336
427531,585.0,676.2350787729109,-91.23507877291092
427813,930.0,1080.0200542328046,-150.02005423280457
428223,935.0,936.8813947138084,-1.8813947138083904
428924,710.0,957.2411712494466,-247.24117124944655
429137,885.0,1204.2158439638026,-319.2158439638026
429181,330.0,624.6662507714003,-294.6662507714003
429245,1180.0,961.6467463555222,218.35325364447783
429305,1014.0,1014.3426897356564,-0.34268973565644956
429459,950.0,998.6451098609188,-48.64510986091875
429682,820.0,1109.5643455375896,-289.5643455375896
429762,548.0,758.352504382433,-210.35250438243304
430146,650.0,1313.2818761684396,-663.2818761684396
430266,515.0,647.3530453631868,-132.35304536318677
430502,920.0,707.1018060183155,212.89819398168447
430822,1060.0,1190.044538500075,-130.04453850007508
430939,960.0,1186.6958878517407,-226.69588785174074
430958,1010.0,1036.9885992063485,-26.988599206348454
430968,904.0,957.9805296047542,-53.980529604754224
431088,720.0,643.6559390150875,76.34406098491252
431125,1265.0,1197.0641172048206,67.9358827951794
431382,904.0,1006.4398433451089,-102.4398433451089
431510,577.0,650.8172566627708,-73.81725666277077
431586,1030.0,1158.8917576366312,-128.89175763663116
431620,1003.0,1021.0705538015376,-18.070553801537585
431846,1235.0,1264.4703037587435,-29.470303758743512
431912,738.0,987.8702955044129,-249.87029550441287
431985,926.0,1092.0000066485882,-166.00000664858817
432049,594.0,711.4572700131697,-117.4572700131697
432143,1105.0,1188.7896197767204,-83.78961977672043
432226,1060.0,1060.1566582348903,-0.15665823489030117
432398,626.0,591.7113184774198,34.28868152258019
432463,1205.0,1237.9688568442627,-32.968856844262746
432615,710.0,989.4824717333961,-279.4824717333961
432899,1440.0,1300.1431793852555,139.8568206147445
433043,1270.0,1175.5423951256098,94.4576048743902
433152,690.0,706.695544879425,-16.69554487942503
433160,1235.0,1390.1891741590232,-155.1891741590232
433177,690.0,917.1094132934371,-227.10941329343711
433348,807.0,707.8149686691282,99.18503133087177
433349,1147.0,1020.8190943967589,126.18090560324106
433405,1301.0,1221.644215973591,79.35578402640908
433567,1135.0,1189.134752778699,-54.13475277869907
433623,845.0,867.8466557644606,-22.846655764460593
433900,1275.0,1370.1144470714623,-95.11444707146234
433940,1120.0,1134.1520933081617,-14.152093308161739
434035,1275.0,1266.499902680624,8.500097319375982
434100,1360.0,1226.6447031630348,133.35529683696518
434322,1257.0,1195.178213089878,61.821786910122
434374,1160.0,1282.0289433824764,-122.02894338247643
434430,1070.0,1031.1799286454127,38.8200713545873
434501,1440.0,1208.587449746603,231.41255025339706
434522,1000.0,981.5549244452251,18.445075554774917
434552,992.0,959.4147954837572,32.58520451624281
434773,1020.0,1266.325683216459,-246.32568321645908
435006,1080.0,1083.9324411848622,-3.9324411848622276
435037,900.0,778.3444816830828,121.65551831691721
435066,992.0,1192.2028291007907,-200.20282910079072
435300,1115.0,1139.044414652081,-24.04441465208106
435376,1240.0,1165.0545762478862,74.94542375211381
435539,1380.0,1291.4434939286825,88.55650607131747
435544,1191.0,1238.3135119047618,-47.313511904761754
435664,1060.0,1055.1604979528254,4.839502047174619
435667,682.0,692.9995825686822,-10.999582568682172
435705,874.0,932.7392090595581,-58.73920905955811
435973,728.0,647.7670475018617,80.23295249813827
436028,780.0,1047.5115817063543,-267.51158170635426
436129,910.0,914.088640453674,-4.088640453673975
436333,1058.0,1097.43411773538,-39.434117735379914
436539,730.0,1130.4695753968256,-400.4695753968256
436605,990.0,1080.030918609168,-90.03091860916811
436814,425.0,698.1256266935345,-273.1256266935345
436841,800.0,1092.1044899740054,-292.10448997400545
437033,835.0,685.1751243672218,149.82487563277823
437148,585.0,693.9489391218113,-108.94893912181135
437383,1205.0,1021.9376634400813,183.06233655991866
437539,815.0,1197.2142379679174,-382.21423796791737
437587,680.0,545.962857142857,134.03714285714295
437651,827.0,926.1615769645118,-99.16157696451182
437777,1260.0,1246.4925482762694,13.507451723730583
437920,498.0,684.3411991275611,-186.34119912756114
437943,990.0,1208.9478923433392,-218.94789234333916
437971,1000.0,1160.152688824407,-160.15268882440705
438214,1150.0,1243.3486595588108,-93.34865955881082
438549,1237.0,1159.695681459814,77.30431854018593
438577,1030.0,1171.3011018014652,-141.30110180146517
438713,939.0,1168.4782146270898,-229.47821462708976
439072,690.0,1143.6623715826142,-453.66237158261424
439333,1005.0,1064.3732968789516,-59.37329687895158
439405,1147.0,1210.820490163716,-63.82049016371593
439415,1020.0,1173.9794031449048,-153.97940314490484
439500,1180.0,1206.293041229239,-26.293041229238952
439569,1095.0,1224.1816882576322,-129.18168825763223
439573,1070.0,1185.2530978710365,-115.25309787103652
439590,1003.0,1094.6428269175713,-91.64282691757126
439806,871.0,992.2532458766608,-121.2532458766608
440097,620.0,926.2878680821626,-306.2878680821626
440157,910.0,892.6082546450162,17.391745354983755
440321,1170.0,1214.864358911617,-44.864358911617046
440365,600.0,1007.8866418514382,-407.8866418514382
440409,840.0,987.6354859307362,-147.6354859307362
440452,1021.0,1033.7917705704358,-12.791770570435801
440563,1124.0,1196.9810213459461,-72.98102134594615
440829,900.0,1128.5068095846552,-228.50680958465523
440842,1720.0,1268.4877756623464,451.5122243376536
441216,723.0,1045.0758897979154,-322.07588979791535
441234,1201.0,1155.6022593387281,45.39774066127188
441313,745.0,667.4654611231576,77.53453887684236
441480,665.0,616.03383994709,48.96616005291003
441715,1180.0,1187.3782448521426,-7.378244852142643
441813,1190.0,1237.3839892091103,-47.38398920911027
441917,750.0,710.2763622561654,39.723637743834615
442299,1100.0,1169.6218024221607,-69.62180242216073
442304,920.0,1060.2281923268636,-140.22819232686356
442389,630.0,717.620922053589,-87.62092205358897
442457,1237.0,1081.4862070222405,155.51379297775952
442459,765.0,734.1541239225595,30.845876077440494
442462,1220.0,1060.681385592787,159.3186144072131
442491,915.0,1113.1446945454127,-198.14469454541268
442778,1300.0,1195.9874366864851,104.01256331351487
442912,1245.0,1188.8089307291873,56.191069270812704
442956,1047.0,1299.1558456993027,-252.15584569930274
443189,800.0,1153.7251968068883,-353.72519680688833
443393,1690.0,1294.2723729423597,395.72762705764035
443427,695.0,779.6567433149502,-84.65674331495018
443519,970.0,956.2727887775251,13.72721122247492
443592,621.0,675.5680647883382,-54.56806478833823
443633,1190.0,1287.5154328731703,-97.51543287317031
444089,1040.0,1157.1208256647064,-117.12082566470644
444235,804.0,887.5397158139449,-83.5397158139449
444247,1010.0,1041.9927394395775,-31.992739439577463
444324,970.0,1099.4394814814818,-129.43948148148183
444410,860.0,1008.8216338825965,-148.82163388259653
444453,858.0,990.2546463107835,-132.25464631078353
444644,955.0,1064.898823316798,-109.89882331679792
444768,1170.0,1092.1224249415557,77.87757505844434
444913,1085.0,1198.1366285569873,-113.13662855698726
445001,675.0,838.8306951772323,-163.83069517723231
445013,850.0,727.0024589376648,122.99754106233524
445414,804.0,1140.7833904729166,-336.7833904729166
445590,560.0,569.2321233322235,-9.232123332223523
445636,1186.0,1227.0388993349382,-41.03889933493815
445733,978.0,1153.7322070509783,-175.73220705097833
446078,540.0,684.3634362253681,-144.3634362253681
446172,590.0,701.0644056159712,-111.06440561597117
446343,750.0,725.3188701500956,24.681129849904437
446590,575.0,721.9469140313955,-146.94691403139552
446633,688.0,955.93596176473,-267.93596176473
446796,545.0,790.5497140549521,-245.54971405495212
446899,740.0,581.4517152582938,158.5482847417062
446903,870.0,1200.8274523237083,-330.82745232370826
446943,810.0,893.140391366941,-83.140391366941
446944,795.0,725.4765148892131,69.52348511078685
446978,870.0,866.7595268714316,3.2404731285683965
446984,635.0,767.9435758376253,-132.9435758376253
447122,690.0,734.3260854719092,-44.32608547190921
447253,1179.0,1218.5243930877734,-39.52439308777343
447289,1191.0,1147.6633952545792,43.3366047454208
447349,1195.0,1264.295406055945,-69.29540605594502
447365,638.0,729.3504563189816,-91.35045631898163
447493,572.0,699.1654034322402,-127.16540343224017
447507,1405.0,1234.2386390445406,170.7613609554594
447530,770.0,710.2113896606922,59.78861033930775
447643,860.0,750.2391254874248,109.76087451257524
447665,1115.0,1129.0211616000868,-14.02116160008677
447795,845.0,712.4215232569729,132.57847674302707
447809,945.0,1116.5778312830907,-171.57783128309075
447819,685.0,724.1779877157013,-39.177987715701306
447878,1285.0,1059.128718696849,225.8712813031509
447986,780.0,698.8417776794657,81.15822232053426
448052,900.0,1217.4032640873588,-317.4032640873588
448113,1178.0,1142.1482177220983,35.85178227790175
448176,780.0,677.690202221035,102.30979777896505
448395,1044.0,984.4478922153377,59.552107784662326
448526,595.0,676.7467238439635,-81.74672384396354
448592,1081.0,1152.2810258390823,-71.2810258390823
448725,1060.0,1096.203017082995,-36.203017082995075
448773,1180.0,1248.5199707861118,-68.5199707861118
448988,960.0,922.4522645382405,37.547735461759544
449115,639.0,944.0323623254654,-305.03236232546544
449124,1005.0,1134.435814741987,-129.4358147419871
449447,905.0,971.9374641587045,-66.93746415870453
449451,1360.0,1206.7155240894863,153.28447591051372
449532,871.0,830.7535633331929,40.246436666807085
449555,760.0,659.0531069474496,100.94689305255042
449667,1058.0,1176.5371612826173,-118.53716128261726
449768,1100.0,1238.6624519590894,-138.66245195908937
449769,1025.0,1078.6847268603453,-53.684726860345336
449799,575.0,534.7185716192363,40.281428380763714
450007,1100.0,1030.1807388174896,69.81926118251044
450096,1180.0,1212.7706312144244,-32.770631214424384
450106,766.0,758.1481672691087,7.85183273089126
450168,1113.0,1192.4643722908256,-79.46437229082562
450302,840.0,1307.7853238477267,-467.78532384772666
450328,922.0,1040.6621004978092,-118.6621004978092
450376,1113.0,1248.2982548607479,-135.29825486074787
450515,905.0,840.0764258056756,64.92357419432437
450568,1170.0,1223.2983962309333,-53.29839623093335
450666,695.0,707.5609371958003,-12.560937195800307
450709,1055.0,1267.3463308877979,-212.34633088779788
450713,1150.0,1088.849339893136,61.15066010686405
450776,930.0,1090.0144703526278,-160.01447035262777
450950,1230.0,1181.092054933336,48.90794506666407
450972,1035.0,1202.347143720794,-167.34714372079407
451086,1030.0,1169.699744996888,-139.69974499688806
451147,1434.0,1214.397824519628,219.6021754803719
451345,730.0,577.008530379681,152.99146962031898
451388,771.0,928.519270218154,-157.51927021815402
451588,900.0,1310.7042216051789,-410.7042216051789
451608,981.0,1199.8613231126528,-218.86132311265283
451627,725.0,704.8879257329471,20.11207426705289
451731,1070.0,1216.5642136900653,-146.56421369006534
451795,695.0,1081.184703647319,-386.1847036473191
451982,1200.0,1131.1050879819243,68.89491201807573
452053,1310.0,1261.7469089808778,48.25309101912217
452101,940.0,1103.332333358467,-163.33233335846694
452277,1240.0,1176.9650629162386,63.034937083761406
452353,1505.0,1248.2017740807394,256.79822591926063
452492,1014.0,1137.6114377163867,-123.61143771638672
452571,1250.0,1127.0102965731726,122.98970342682742
452890,870.0,937.6562915173362,-67.65629151733617
453028,1005.0,1049.4011913480883,-44.40119134808833
453165,1085.0,1198.6390250608295,-113.63902506082945
453252,510.0,671.9403562057827,-161.94035620578268
453466,1390.0,1260.6111613184305,129.3888386815695
453478,1205.0,1151.126525860103,53.8734741398971
453549,1220.0,1028.6674889336946,191.33251106630541
453556,890.0,1077.897887458424,-187.89788745842407
453660,700.0,697.9585763576661,2.041423642333939
453732,837.0,1071.0727738152377,-234.07277381523772
453771,850.0,562.8915883501397,287.1084116498603
453872,1235.0,1135.7898406713016,99.21015932869841
454081,1045.0,1111.2809424349348,-66.28094243493479
454296,920.0,728.1892172290316,191.81078277096844
454302,985.0,1020.8009634194977,-35.80096341949775
454326,1157.0,1041.6444690359936,115.35553096400645
454392,580.0,911.6228674072916,-331.62286740729155
454395,1700.0,1351.8246991934077,348.1753008065923
454457,884.0,1266.4359582314255,-382.4359582314255
454489,1195.0,1047.3429201367364,147.65707986326356
454592,623.0,798.5561758713507,-175.55617587135066
454735,953.0,969.9830893805297,-16.98308938052969
455320,949.0,985.2239858528405,-36.22398585284054
455403,1380.0,1324.7187613385008,55.281238661499174
455469,1091.0,1134.440000252648,-43.440000252647906
455516,505.0,538.4853059625558,-33.4853059625558
455548,990.0,1161.8735152596983,-171.87351525969825
455569,917.0,800.9534488448788,116.04655115512116
455622,645.0,736.9573919992446,-91.95739199924458
455709,986.0,1170.008903163715,-184.0089031637151
455825,1150.0,1383.0474286327187,-233.04742863271872
455854,945.0,1027.3911619336018,-82.39116193360178
456013,1395.0,1353.3785207789167,41.62147922108329
456084,1013.0,1211.65208624073,-198.6520862407299
456105,1025.0,979.9283697094932,45.071630290506846
456163,1265.0,1269.789154790032,-4.789154790031944
456267,1130.0,1156.7055634484007,-26.705563448400653
456301,1010.0,1160.068499203169,-150.06849920316904
456326,585.0,820.9676423533151,-235.9676423533151
456445,1325.0,1104.99495538209,220.00504461791002
456689,636.0,748.1337364110143,-112.1337364110143
456774,970.0,1073.6420796260554,-103.64207962605542
457294,1069.0,1047.341891795181,21.658108204818973
457530,837.0,993.3101851396866,-156.3101851396866
457540,835.0,758.0610904864863,76.93890951351375
457628,486.0,689.9750733182047,-203.97507331820475
457644,600.0,691.0835317367544,-91.08353173675437
457720,620.0,1184.886418022719,-564.886418022719
457738,1105.0,1048.1457680464696,56.854231953530416
457785,965.0,1116.0186300948967,-151.0186300948967
458012,937.0,1086.9369524690032,-149.93695246900324
458109,920.0,906.1660510205468,13.833948979453226
458134,1020.0,1133.1725872161946,-113.17258721619464
458430,625.0,752.3008033065059,-127.30080330650594
458476,1000.0,967.2791863329539,32.72081366704606
458482,1085.0,1243.9157768977334,-158.9157768977334
458580,747.0,755.2780387644437,-8.27803876444375
458742,941.0,910.0081094843624,30.99189051563758
458800,505.0,698.6671555703665,-193.6671555703665
459049,1085.0,1095.698209887648,-10.69820988764809
459152,1310.0,1299.3986387425832,10.601361257416784
459165,833.0,802.7952649051717,30.204735094828266
459261,893.0,971.7533730105703,-78.75337301057027
459263,1355.0,1166.1922998245145,188.80770017548548
459366,980.0,1127.665726841188,-147.66572684118796
459427,1130.0,1178.9247275510356,-48.92472755103563
459610,595.0,687.0176894569545,-92.01768945695449
459665,595.0,600.5424721566342,-5.542472156634176
459667,981.0,809.1986710040068,171.80132899599323
459689,639.0,1116.9342949518193,-477.9342949518193
459778,1260.0,1267.5093566093053,-7.509356609305314
459791,870.0,1123.3823736526329,-253.38237365263285
459798,655.0,662.8351928158392,-7.83519281583915
459811,860.0,764.4754483493816,95.52455165061838
459880,710.0,597.876807724219,112.12319227578098
459977,1232.0,955.7503437257783,276.2496562742217
460063,1260.0,1377.7928374012952,-117.79283740129517
460199,860.0,1001.8638245148451,-141.86382451484508
460222,940.0,1078.7077104762452,-138.7077104762452
460547,583.0,1022.9163421143194,-439.9163421143194
460603,1120.0,1084.6097498762788,35.390250123721216
460692,910.0,1297.7896606269637,-387.7896606269637
460722,1240.0,1041.7894668373328,198.21053316266716
460764,1036.0,1056.34587572027,-20.345875720269987
460767,1292.0,1053.2967027831944,238.7032972168056
460804,850.0,996.9619481243635,-146.96194812436352
460855,686.0,693.4769493268079,-7.476949326807926
460890,765.0,766.8082983406532,-1.8082983406532094
460901,1320.0,1090.4309444883881,229.56905551161185
461020,1465.0,1316.270226191521,148.72977380847897
461091,1165.0,1223.490200090631,-58.490200090631106
461109,470.0,716.6201327156903,-246.62013271569026
461303,1125.0,1337.9091588639812,-212.90915886398125
461334,1055.0,1068.6332415569493,-13.633241556949315
461561,720.0,734.5331212556896,-14.533121255689593
461664,816.0,981.7417817495249,-165.74178174952488
461667,579.0,746.064120143243,-167.06412014324303
461729,1015.0,1268.529711739476,-253.52971173947594
461734,1240.0,1132.5962991559923,107.40370084400774
461749,1110.0,1205.5687088607249,-95.56870886072488
461750,1001.0,1135.1744373293636,-134.17443732936363
461862,1630.0,1291.4490037128926,338.5509962871074
461924,1533.0,1239.267385278037,293.73261472196305
461932,550.0,661.3881827154707,-111.38818271547075
462053,1146.0,1019.2190293738435,126.78097062615655
462136,1058.0,869.2340669117297,188.76593308827034
462156,525.0,712.9926400473345,-187.99264004733448
462266,1290.0,1334.677683572062,-44.67768357206205
462315,1080.0,1225.8050163339128,-145.80501633391282
462385,760.0,737.6558425910092,22.34415740899078
462389,1036.0,945.460486593814,90.53951340618596
462540,613.0,773.3001039007684,-160.30010390076836
462605,910.0,1078.9684273732867,-168.96842737328666
462871,1135.0,1175.2962490793454,-40.29624907934544
462908,1200.0,1117.6044045514882,82.39559544851181
462951,1220.0,1296.9477168397398,-76.94771683973977
462992,1065.0,1001.0220973501995,63.97790264980051
463020,1625.0,1337.869403238394,287.13059676160606
463067,845.0,1172.9485496591574,-327.9485496591574
463186,1078.0,1141.0527498160116,-63.052749816011556
463243,555.0,782.7192302814898,-227.71923028148979
463321,584.0,1060.6716837098681,-476.67168370986815
463349,965.0,1058.6165124003871,-93.61651240038714
463374,945.0,1197.1242066707066,-252.1242066707066
463475,845.0,1215.6511368697863,-370.65113686978634
463547,738.0,1071.8105084352792,-333.8105084352792
463552,992.0,1030.8036382928142,-38.803638292814185
463611,1420.0,1265.0483827091796,154.95161729082042
463623,1225.0,1311.9620281737173,-86.96202817371727
463697,565.0,705.3334856145557,-140.33348561455568
463729,1090.0,1206.8252457047556,-116.82524570475562
463739,625.0,685.6864177509505,-60.686417750950454
463750,890.0,916.5920768398272,-26.5920768398272
463866,1125.0,1185.2936315712025,-60.29363157120247
463883,1085.0,1078.2970015920007,6.702998407999303
464012,555.0,652.0736779087346,-97.07367790873457
464072,585.0,759.0177143028549,-174.01771430285487
464115,1010.0,642.3413771340581,367.6586228659419
464184,810.0,919.2249360224282,-109.22493602242821
464235,454.0,590.9569635328243,-136.95696353282426
464240,804.0,946.1979439425489,-142.19794394254893
464272,900.0,1070.0916961002188,-170.09169610021877
464332,550.0,660.0801986050448,-110.08019860504476
464367,634.0,605.0566466135772,28.943353386422814
464487,944.0,1003.6119013843771,-59.61190138437712
464519,810.0,677.5429851893323,132.45701481066772
464532,740.0,764.6269244021628,-24.626924402162786
464551,1350.0,1279.687521928983,70.31247807101704
464601,660.0,792.3602467532463,-132.36024675324632
464687,771.0,792.5138450338947,-21.513845033894654
464754,1065.0,1350.0445719256961,-285.0445719256961
464784,870.0,991.7880633782688,-121.78806337826882
464869,925.0,1081.443061446165,-156.44306144616507
464884,1034.0,1006.7557378762054,27.244262123794556
464913,976.0,1032.7279156875993,-56.72791568759931
464963,1213.0,1247.7340100856893,-34.734010085689306
464986,760.0,724.4553935231179,35.54460647688211
465068,1020.0,1215.3551554698352,-195.35515546983515
465120,876.0,1143.0585388364914,-267.0585388364914
465151,660.0,1128.796745626725,-468.79674562672494
465157,848.0,1025.1020632975315,-177.10206329753146
465183,940.0,1137.070084238825,-197.07008423882507
465285,709.0,708.2825153431128,0.7174846568872226
465355,1150.0,1070.9207781620023,79.0792218379977
465374,615.0,668.1647624630947,-53.16476246309469
465398,1030.0,1042.2655625612836,-12.26556256128356
465510,1080.0,1138.2965736565332,-58.296573656533155
465516,1168.0,1204.3140649370114,-36.31406493701138
465603,792.0,712.6411241579182,79.35887584208183
465694,820.0,1197.1132384278,-377.11323842780007
465741,1080.0,1152.054815902215,-72.05481590221507
465784,738.0,721.5791908220975,16.42080917790247
465897,635.0,639.6997264291339,-4.699726429133875
465959,1210.0,1079.6848982029433,130.31510179705674
465976,365.0,673.4308004512789,-308.43080045127886
465981,1135.0,1187.2416339291012,-52.241633929101226
466026,1389.0,1191.084768280631,197.9152317193691
466028,903.0,1209.9797358985866,-306.97973589858657
466054,1528.0,1205.8767239654449,322.12327603455515
466064,975.0,1190.4180995477316,-215.41809954773157
466110,937.0,1269.4316032975714,-332.4316032975714
466140,1127.0,1060.293523485773,66.706476514227
466180,1027.0,1242.7000681939173,-215.70006819391733
466187,749.0,948.9386337866471,-199.93863378664707
466276,752.0,679.2405387386136,72.75946126138638
466291,970.0,998.6478356910864,-28.647835691086357
466359,1058.0,1225.7849602288998,-167.78496022889976
466434,708.0,732.9751787218423,-24.975178721842326
466470,1200.0,1244.0814209936075,-44.08142099360748
466491,1069.0,1012.402875712745,56.59712428725504
466503,505.0,534.7185716192363,-29.718571619236286
466518,761.0,1094.7926757435603,-333.79267574356027
466551,1470.0,1367.0192044233472,102.98079557665278
466555,665.0,763.0098294832586,-98.00982948325861
466610,655.0,660.3316574487942,-5.3316574487942034
466635,1223.0,1000.7508424977884,222.24915750221157
466663,1310.0,1186.564046435035,123.43595356496508
466680,1275.0,1249.4800353159576,25.519964684042407
466691,1065.0,1017.1963862246686,47.80361377533143
466746,710.0,780.9963879923267,-70.99638799232673
466872,705.0,738.9148051389847,-33.91480513898466
466906,640.0,718.9784141259904,-78.97841412599041
467010,762.0,627.1378649879617,134.86213501203827
467025,1430.0,1157.580314501453,272.4196854985471
467035,890.0,1410.60912766334,-520.6091276633399
467046,840.0,1050.9828474773356,-210.98284747733555
467058,1030.0,956.1922275982688,73.8077724017312
467078,555.0,694.2409944155694,-139.2409944155694
467151,1340.0,1276.8496298131047,63.150370186895316
467169,580.0,723.9279073340404,-143.92790733404036
467203,920.0,1380.691686862388,-460.691686862388
467242,480.0,724.9486920854948,-244.94869208549483
467269,690.0,1042.5817382781527,-352.58173827815267
467275,650.0,740.8956590954311,-90.89565909543114
467297,683.0,1065.3997515540013,-382.39975155400134
467337,1179.0,1112.0389081310304,66.96109186896956
467342,860.0,1069.0093855500593,-209.00938555005928
467382,1110.0,1131.5253584505397,-21.52535845053967
467517,840.0,759.0560013594819,80.94399864051809
467529,959.0,974.9123274815178,-15.912327481517764
467553,940.0,1228.3286413773187,-288.3286413773187
467590,960.0,1000.9662393425818,-40.966239342581844
467609,880.0,1155.2082967265462,-275.2082967265462
467660,1051.0,1180.0795033051113,-129.0795033051113
467735,1410.0,1254.2005650728759,155.79943492712414
467737,1135.0,1207.336129233058,-72.33612923305805
467738,1047.0,1265.676163431902,-218.67616343190207
467834,970.0,1003.7834955815432,-33.78349558154321
467846,572.0,696.0764005315667,-124.07640053156672
467855,920.0,1118.8382383364838,-198.83823833648376
467863,1100.0,1221.793585516056,-121.79358551605605
467865,570.0,742.287279865427,-172.28727986542697
467914,1200.0,1225.327019197599,-25.32701919759893
467947,1512.0,1353.8657377152288,158.13426228477124
468017,1115.0,1157.0723731674527,-42.072373167452724
468057,476.0,796.6035937868502,-320.6035937868502
468086,985.0,948.4899550315225,36.51004496847747
468139,940.0,1095.064651611055,-155.06465161105507
468147,1255.0,1377.4863734665441,-122.48637346654414
468200,831.0,1261.322227892524,-430.3222278925241
468202,914.0,1182.3271906484804,-268.3271906484804
468209,1146.0,1305.6662528160914,-159.6662528160914
468220,890.0,970.4579762411653,-80.45797624116528
468234,970.0,1125.613361727658,-155.613361727658
468252,1069.0,1127.5091983685907,-58.50919836859066
468299,824.0,1097.6267887735905,-273.62678877359053
468343,1280.0,1251.241787680027,28.758212319972927
468351,630.0,665.9910523874174,-35.991052387417426
468371,773.0,1064.3561310865816,-291.3561310865816
468390,870.0,978.0833355711108,-108.08333557111075
468391,1190.0,1208.637715290038,-18.63771529003793
468395,849.0,1157.1407901040823,-308.14079010408227
468397,1252.0,1262.3826328148905,-10.382632814890485
468422,1300.0,1332.8768551815128,-32.87685518151284
468431,1380.0,1214.1305246539596,165.86947534604042
468499,515.0,603.8998647991668,-88.89986479916683
468516,1325.0,1134.0442434417484,190.95575655825155
468525,1058.0,1022.8446569459765,35.15534305402355
468562,890.0,1174.996564652357,-284.99656465235694
468578,675.0,721.741887272851,-46.741887272851045
468594,1525.0,1239.8835551210327,285.1164448789673
468599,645.0,544.8892521164021,100.11074788359792
468634,710.0,607.7060652235799,102.29393477642009
468659,807.0,871.275516099073,-64.275516099073
468701,875.0,1141.769918128645,-266.76991812864503
468702,926.0,1085.9593402478004,-159.95934024780036
468744,1060.0,1107.766166055392,-47.76616605539198
468754,1125.0,907.1266538754601,217.87334612453992
468764,1365.0,1265.4807062402137,99.51929375978625
468834,610.0,793.9363664541931,-183.93636645419315
468849,600.0,749.258429776194,-149.25842977619402
468889,724.0,722.3173644722871,1.6826355277129323
468916,1055.0,1217.8778720258042,-162.8778720258042
468992,1160.0,1060.293523485773,99.706476514227
468994,580.0,696.1623852445925,-116.16238524459254
469007,439.0,702.4949369223372,-263.49493692233716
469021,544.0,670.4491495639678,-126.44914956396781
469056,535.0,799.6231618449849,-264.6231618449849
469074,1190.0,1169.1523583279272,20.84764167207277
469093,1179.0,1086.991476998902,92.00852300109796
469117,735.0,718.9653149350486,16.034685064951418
469120,944.0,1187.5778015133628,-243.57780151336283
469153,656.0,691.6321891628518,-35.63218916285177
469164,528.0,624.183678997803,-96.18367899780299
469165,1155.0,1157.6704755553112,-2.6704755553112136
469175,570.0,696.9136748690114,-126.9136748690114
469185,1180.0,1234.312033555055,-54.312033555054995
469189,1205.0,1155.1326018260602,49.86739817393982
469221,1003.0,1195.306929832568,-192.3069298325679
469228,655.0,723.2866736463013,-68.28667364630132
469234,782.0,1112.4553002083974,-330.4553002083974
469267,780.0,1146.3335281527272,-366.33352815272724
469285,481.0,631.7906591790561,-150.7906591790561
469377,617.0,973.0473571428571,-356.0473571428571
469421,1175.0,1129.6507907525015,45.34920924749849
469445,895.0,915.5275924486377,-20.527592448637733
469452,1110.0,1134.5087742289031,-24.50877422890312
469456,1295.0,1326.7797474927443,-31.779747492744264
469483,740.0,665.0979289508796,74.90207104912042
469487,805.0,1192.9621461789284,-387.9621461789284
469617,1080.0,1250.3653917014774,-170.3653917014774
469626,1480.0,1286.9645983915882,193.0354016084118
469633,670.0,742.2952625653827,-72.2952625653827
469694,1352.0,1171.8595374717434,180.14046252825665
469729,680.0,933.9236280772814,-253.92362807728136
469743,755.0,1023.3417148418408,-268.3417148418408
469753,545.0,563.1933367730536,-18.193336773053602
469803,1490.0,1402.0577745853832,87.94222541461681
469840,860.0,687.2615500745873,172.73844992541274
469861,1170.0,1122.7408939937031,47.25910600629686
469877,1305.0,1162.694113833637,142.30588616636305
469914,650.0,697.8276319019466,-47.827631901946575
469919,868.0,1123.3128359267268,-255.31283592672685
469935,480.0,584.829928541393,-104.82992854139297
469945,1155.0,1241.7544205037298,-86.75442050372976
470003,715.0,848.7284229079454,-133.7284229079454
470060,612.0,686.8843569355018,-74.88435693550184
470112,1000.0,1242.5634538833162,-242.56345388331624
470141,770.0,743.6563830453979,26.343616954602112
470153,1175.0,1055.1917741280774,119.80822587192256
470224,860.0,1139.786815597614,-279.7868155976139
470247,1265.0,1163.5069201851738,101.49307981482616
470404,615.0,692.3508568586878,-77.35085685868785
470410,1020.0,1258.919335906184,-238.91933590618396
470428,937.0,1004.420890848355,-67.42089084835504
470441,297.0,686.0339759181439,-389.03397591814394
470447,661.0,705.7897146169933,-44.78971461699325
470563,1003.0,1198.0020129357044,-195.00201293570444
470635,937.0,1017.7218783224574,-80.72187832245743
470718,588.0,765.5719864730028,-177.57198647300277
470799,965.0,1151.960210705961,-186.9602107059609
470826,942.0,1293.3755375628393,-351.3755375628393
470829,986.0,1061.5805545753649,-75.58055457536489
470847,914.0,930.5119147172481,-16.511914717248146
470875,959.0,1107.0873279404937,-148.08732794049365
470900,440.0,539.4848716015271,-99.48487160152706
470941,985.0,1116.9342949518193,-131.9342949518193
470968,845.0,1271.1320449586833,-426.1320449586833
470977,1058.0,1284.693854096878,-226.6938540968781
471057,870.0,1235.7344052603405,-365.7344052603405
471080,1125.0,1014.0408371981079,110.95916280189215
471092,476.0,621.5871008304914,-145.5871008304914
471119,815.0,657.6922228909988,157.30777710900122
471124,530.0,747.7260288176296,-217.72602881762964
471128,530.0,753.5619812239129,-223.56198122391288
471133,780.0,1157.3129365844025,-377.31293658440245
471134,1213.0,1252.5703326560651,-39.57033265606515
471193,705.0,1072.0323391947206,-367.03233919472063
471285,1015.0,1294.8008504137906,-279.8008504137906
471302,527.0,963.5698109209454,-436.56981092094543
471321,966.0,1161.062777818434,-195.06277781843391
471422,1035.0,1313.8385029773474,-278.8385029773474
471426,937.0,978.0454244670334,-41.0454244670334
471432,462.0,917.7978580474512,-455.7978580474512
471466,882.0,1211.0462052504581,-329.0462052504581
471550,650.0,646.8405895090431,3.1594104909569296
471552,882.0,949.7235931069195,-67.72359310691945
471568,495.0,733.2044814074525,-238.20448140745248
471581,615.0,746.7851170101084,-131.78511701010837
471621,1190.0,1182.5772492081032,7.42275079189676
471624,935.0,1189.3142232830544,-254.3142232830544
471636,725.0,975.9980738634844,-250.99807386348436
471681,870.0,953.615583695915,-83.615583695915
471684,685.0,854.0753129794185,-169.07531297941853
471733,825.0,733.9544194046404,91.04558059535964
471760,1150.0,1307.7592049679574,-157.75920496795743
471797,1010.0,1109.1640048924894,-99.1640048924894
471811,639.0,1043.0888316766927,-404.08883167669273
471995,425.0,585.8926166032255,-160.89261660322552
472021,1047.0,1007.4778413817855,39.52215861821446
472053,520.0,590.5299380947158,-70.52993809471582
472091,1065.0,1095.0205888087928,-30.02058880879281
472097,1044.0,946.1284190640691,97.87158093593087
472121,1000.0,1010.5528453678554,-10.552845367855411
472128,708.0,753.8485028606577,-45.84850286065773
472190,1065.0,1056.1056192924927,8.894380707507253
472313,1160.0,1237.398831423998,-77.39883142399799
472399,740.0,1127.1979269771628,-387.19792697716275
472431,630.0,617.36149080798,12.638509192020024
472456,1241.0,1128.0375846584125,112.96241534158753
472483,1170.0,1240.8755348390853,-70.87553483908528
472501,915.0,944.0093862688021,-29.009386268802132
472527,1155.0,1036.7727753581103,118.22722464188973
472531,1202.0,1140.9825434262182,61.01745657378183
472551,1180.0,1095.759024705076,84.24097529492406
472572,590.0,658.2186137515808,-68.21861375158085
472676,539.0,557.6244899815337,-18.624489981533657
472726,1210.0,1303.1668426839333,-93.16684268393328
472765,680.0,713.8382252928645,-33.838225292864536
472826,1072.0,1091.879806782107,-19.879806782106925
472906,1023.0,1057.3945518767273,-34.39455187672729
472938,585.0,776.4302425341576,-191.43024253415763
472966,1425.0,1231.245271092189,193.7547289078111
472969,500.0,716.043355804907,-216.04335580490704
472983,871.0,943.3941566657556,-72.39415666575565
473026,520.0,677.2589415476223,-157.25894154762227
473040,535.0,737.5980527049671,-202.59805270496713
473084,738.0,976.5003770183956,-238.50037701839562
473124,970.0,1024.2609014475356,-54.260901447535616
473145,901.0,1066.3301626532004,-165.33016265320043
473163,948.0,1005.9020104155467,-57.90201041554667
473193,1315.0,1259.1803027145993,55.81969728540071
473275,985.0,916.3011900582493,68.69880994175071
473316,835.0,973.8892146378829,-138.8892146378829
473318,1000.0,820.1415182953077,179.85848170469228
473361,705.0,933.8843797547927,-228.8843797547927
473404,1375.0,1186.8604408170254,188.1395591829746
473469,650.0,643.2082243404743,6.791775659525683
473494,590.0,567.1750795631383,22.824920436861703
473540,682.0,1090.6462222222224,-408.6462222222224
473542,855.0,1125.0146144089833,-270.01461440898333
473568,715.0,731.2430044235603,-16.24300442356025
473613,1179.0,1208.3707515449019,-29.37075154490185
473623,1280.0,1252.0740488863908,27.925951113609244
473633,735.0,640.1993062464729,94.80069375352707
473698,800.0,1085.1726394016507,-285.1726394016507
473736,660.0,768.8322412615777,-108.83224126157768
473784,760.0,1021.0052609476455,-261.0052609476455
473814,1365.0,1371.5173620358776,-6.517362035877568
473818,1295.0,907.5220694990235,387.4779305009765
473821,1140.0,1209.7630534183495,-69.7630534183495
473844,608.0,819.6719299537839,-211.6719299537839
473863,575.0,640.2477044104926,-65.24770441049259
473896,770.0,873.337709143901,-103.33770914390095
473902,1070.0,1214.7125901224533,-144.71259012245332
473925,1420.0,1263.332033350466,156.66796664953404
473930,1061.0,1167.3181978615578,-106.31819786155779
473953,865.0,1219.954220938317,-354.9542209383169
473963,780.0,743.3945332416966,36.60546675830335
473985,1435.0,1057.7300197379982,377.2699802620018
473992,895.0,917.3897681349207,-22.3897681349207
474068,760.0,1107.6463786772274,-347.6463786772274
474069,1010.0,1017.631610581513,-7.631610581512973
474110,672.0,834.0202321690548,-162.0202321690548
474147,600.0,617.4377116940781,-17.437711694078075
474159,990.0,1021.0788859979858,-31.07888599798582
474166,1465.0,1213.8433048915272,251.15669510847283
474176,525.0,697.2935464620739,-172.2935464620739
474198,770.0,726.9584546534285,43.041545346571525
474330,1075.0,1052.6819961938807,22.31800380611935
474439,1312.0,1142.1906453978734,169.80935460212663
474487,1301.0,1050.953065891959,250.0469341080409
474493,531.0,668.7880925742489,-137.78809257424894
474601,531.0,775.0361942761632,-244.0361942761632
474647,930.0,1019.0756692467884,-89.07566924678838
474705,820.0,970.849097588903,-150.84909758890296
474711,1100.0,1244.647515506852,-144.64751550685196
474719,730.0,1203.8275421081946,-473.8275421081946
474723,794.0,998.0306053008551,-204.0306053008551
474833,870.0,1254.7278714003412,-384.7278714003412
474929,520.0,639.6771103903546,-119.67711039035464
474991,457.0,693.0038611979242,-236.00386119792415
474994,834.0,1003.8897932062488,-169.88979320624878
475008,1485.0,1211.1121738474646,273.88782615253535
475015,425.0,1167.6579969110694,-742.6579969110694
475023,1205.0,1221.3822469953918,-16.382246995391824
475028,605.0,561.9046980893688,43.09530191063118
475063,715.0,728.686659685718,-13.686659685718041
475070,672.0,597.7860130238655,74.21398697613449
475100,510.0,702.5905365976799,-192.59053659767994
475108,860.0,1250.1634322131765,-390.1634322131765
475140,960.0,983.1081509931079,-23.10815099310787
475177,765.0,725.204544161753,39.795455838246994
475181,1120.0,1015.2417879556647,104.75821204433532
475198,660.0,947.1238850060922,-287.1238850060922
475278,1085.0,1107.2652120082003,-22.26521200820025
475289,1047.0,1182.9954843055384,-135.9954843055384
475342,1060.0,1119.06102552113,-59.06102552112998
475431,440.0,644.9614453610455,-204.96144536104555
475442,520.0,652.8952751801273,-132.89527518012733
475443,1122.0,1084.2176529684136,37.78234703158637
475499,727.0,1035.933727798549,-308.93372779854894
475740,763.0,721.2685712277101,41.73142877228986
475766,540.0,641.6302662046487,-101.6302662046487
475808,705.0,1046.1493694662975,-341.14936946629746
475833,945.0,915.0948351238353,29.90516487616469
475847,1160.0,1159.7795447737092,0.2204552262908237
475850,570.0,794.1264042376758,-224.12640423767584
475914,950.0,1158.7410871793268,-208.74108717932677
475957,940.0,1233.6680226088586,-293.66802260885856
475966,1015.0,1169.1086791686166,-154.10867916861662
475971,600.0,664.5199025799036,-64.5199025799036
475973,683.0,1075.994976611124,-392.994976611124
475985,1014.0,1110.359962148962,-96.35996214896204
476001,770.0,989.116221294723,-219.116221294723
476033,885.0,1069.2922185967336,-184.29221859673362
476035,1023.0,1124.7164140962698,-101.71641409626977
476050,965.0,844.4090365625576,120.59096343744238
476065,738.0,1007.1652862867107,-269.16528628671074
476105,1355.0,1272.6751852523976,82.32481474760243
476150,1080.0,1091.933593730951,-11.933593730951088
476161,760.0,758.1693809523804,1.8306190476196207
476178,516.0,1060.806299036061,-544.8062990360611
476187,1069.0,1366.8149090657316,-297.8149090657316
476229,1003.0,1147.9489871613964,-144.94898716139642
476233,1133.0,1078.0865311899834,54.91346881001664
476245,1157.0,1194.2269483939554,-37.226948393955354
476372,790.0,1061.7580241570392,-271.75802415703924
476429,1505.0,1267.8465430493895,237.15345695061046
476454,1180.0,1309.7928673870326,-129.79286738703263
476554,1006.0,967.2067181213818,38.793281878618245
476555,895.0,1005.5267891881234,-110.52678918812342
476625,562.0,660.9061052139259,-98.90610521392591
476655,791.0,971.746131790494,-180.74613179049402
476694,913.0,1071.0171260341629,-158.01712603416286
476772,600.0,1115.161561781851,-515.1615617818511
476940,925.0,1060.1394870697159,-135.13948706971587
476958,1065.0,1061.1324165870615,3.8675834129385294
477006,647.0,783.6856787308743,-136.68567873087432
477024,1445.0,1313.557424625413,131.44257537458702
477035,1135.0,1061.2743357516017,73.72566424839829
477073,518.0,703.4462594834883,-185.44625948348835
477084,1090.0,1006.1164247759486,83.88357522405136
477174,1157.0,976.3207796418395,180.67922035816048
477236,565.0,734.4708742063009,-169.4708742063009
477263,1030.0,1066.5363286649072,-36.53632866490716
477278,950.0,1096.658409928483,-146.65840992848302
477292,944.0,990.7148837380253,-46.714883738025264
477323,810.0,1154.726747718308,-344.72674771830793
477370,595.0,722.9484170651106,-127.94841706511056
477384,850.0,838.702182945254,11.29781705474602
477436,1585.0,1181.893888748061,403.10611125193896
477455,565.0,754.2192150364959,-189.21921503649594
477489,965.0,1222.1436922578478,-257.14369225784776
477526,540.0,643.8958324366018,-103.89583243660184
477608,704.0,899.9000263031811,-195.9000263031811
477617,1130.0,1193.0281715567314,-63.02817155673142
477736,670.0,677.5637980621167,-7.563798062116689
477758,519.0,619.5905169651833,-100.59051696518327
477818,893.0,1081.6285160057384,-188.62851600573845
477823,733.0,537.607027328762,195.392972671238
477906,506.0,696.7541276101488,-190.75412761014877
477908,775.0,1033.7717621581114,-258.7717621581114
477917,760.0,731.0084217507219,28.991578249278064
477938,842.0,915.5969317004445,-73.59693170044454
477949,1210.0,1239.2517366749614,-29.25173667496142
477982,769.0,690.0021471759575,78.99785282404252
477999,1422.0,1063.8697069145637,358.1302930854363
478044,785.0,635.0148570398004,149.9851429601996
478077,915.0,1149.2273485372768,-234.22734853727684
478125,1120.0,1187.3782448521426,-67.37824485214264
478131,915.0,989.9840935337375,-74.98409353373745
478160,610.0,758.8938151850833,-148.89381518508333
478166,1175.0,1245.129621876068,-70.12962187606809
478187,890.0,1133.7557910856324,-243.75579108563238
478234,1030.0,1304.271752504923,-274.2717525049229
478304,870.0,988.1593099277451,-118.15930992774508
478312,683.0,959.2908859429006,-276.29088594290056
478342,1130.0,1203.377324024641,-73.37732402464098
478355,620.0,736.499742854139,-116.49974285413896
478398,1150.0,1291.6148116544673,-141.6148116544673
478424,1385.0,1292.1966496683644,92.80335033163556
478443,900.0,1025.8652581189558,-125.86525811895581
478462,1000.0,1128.004076618469,-128.00407661846907
478474,1458.0,1312.7435086796029,145.25649132039712
478486,940.0,1127.8590608023887,-187.85906080238874
478490,536.0,706.1112328024352,-170.1112328024352
478498,345.0,657.1938809757214,-312.1938809757214
478513,770.0,685.376324559386,84.62367544061397
478540,1037.0,1224.806139687161,-187.80613968716102
478542,965.0,780.3931701946515,184.60682980534853
478684,890.0,1021.4089179802074,-131.40891798020743
478722,1135.0,824.6002903371121,310.39970966288786
478734,1475.0,1231.6399155162399,243.36008448376015
478783,908.0,1153.665556175326,-245.66555617532595
478800,620.0,691.2336646903204,-71.23366469032044
478824,970.0,1198.6301179853776,-228.63011798537764
478904,606.0,730.183320989511,-124.183320989511
478949,973.0,980.0202073697092,-7.020207369709169
479023,564.0,719.2473043742149,-155.24730437421488
479088,1110.0,1216.3954750729883,-106.39547507298835
479176,1280.0,1166.4385319876128,113.5614680123872
479206,1090.0,1326.2286826063382,-236.22868260633823
479212,600.0,901.0266660380178,-301.02666603801777
479240,837.0,1021.3159459493288,-184.3159459493288
479256,926.0,1069.4033186643853,-143.40331866438532
479275,1160.0,1032.0081636010768,127.99183639892317
479406,1310.0,1020.9637649911815,289.0362350088185
479426,1010.0,1162.710896027415,-152.71089602741495
479491,960.0,1241.7726795464835,-281.77267954648346
479495,1320.0,1174.4017139179969,145.59828608200314
479508,390.0,602.9132985645741,-212.91329856457412
479533,1205.0,1247.238231371703,-42.23823137170302
479539,945.0,1135.8735856410176,-190.8735856410176
479600,1090.0,1189.1710138291207,-99.17101382912074
479605,550.0,650.4009106288731,-100.40091062887313
479613,1380.0,1341.7993555168935,38.200644483106544
479614,1130.0,1115.4167408306748,14.583259169325174
479621,665.0,918.2573035430377,-253.25730354303766
479654,1030.0,1104.9433236943382,-74.94332369433823
479709,1025.0,1037.7847522818313,-12.784752281831288
479739,840.0,1008.9832926070519,-168.9832926070519
479748,850.0,1152.117336300353,-302.1173363003529
479806,1010.0,1444.8262588080174,-434.8262588080174
479861,1530.0,1294.6633499727093,235.33665002729072
479881,970.0,898.6420755494506,71.35792445054938
479903,645.0,702.8182236428601,-57.81822364286006
479935,850.0,1064.0698875936355,-214.06988759363549
479942,640.0,632.5564105949547,7.443589405045259
480053,450.0,623.8952868629808,-173.8952868629808
480064,1020.0,1251.787642276918,-231.78764227691795
480070,470.0,546.3458364352783,-76.34583643527833
480102,820.0,1227.4160104358461,-407.41601043584615
480175,790.0,801.5189786076651,-11.518978607665076
480179,890.0,869.1996899803213,20.800310019678705
480182,1325.0,1198.6937984661747,126.30620153382529
480192,695.0,1071.7622406716507,-376.7622406716507
480239,689.0,730.5181483307662,-41.51814833076617
480311,1029.0,1261.1037935140407,-232.10379351404072
480318,650.0,733.4775562668527,-83.47755626685273
480345,705.0,801.2011521164021,-96.20115211640211
480365,811.0,1003.5424791176266,-192.5424791176266
480429,955.0,1025.9984114900478,-70.99841149004783
480479,1235.0,1094.3302504227433,140.66974957725665
480561,1280.0,1280.5632117539014,-0.5632117539014416
480577,948.0,1084.3521817757774,-136.35218177577735
480582,860.0,1070.9862235066978,-210.9862235066978
480606,620.0,752.1497559920141,-132.1497559920141
480683,610.0,698.5985421639631,-88.59854216396309
480725,352.0,629.1307706544264,-277.13077065442644
480729,1660.0,1321.9192217805396,338.0807782194604
480930,1000.0,1259.5283388072162,-259.5283388072162
480944,950.0,1268.7445057301002,-318.7445057301002
480996,1005.0,1138.1798549492187,-133.17985494921868
481077,1585.0,1350.349679341538,234.65032065846208
481115,545.0,631.3563008135734,-86.3563008135734
481172,555.0,694.7505895002328,-139.75058950023276
481176,420.0,651.9280359157491,-231.9280359157491
481194,1140.0,1216.4451813967719,-76.44518139677189
481371,1305.0,1187.017284602995,117.982715397005
481387,940.0,1087.1050746911017,-147.10507469110166
481431,997.0,952.2754118591726,44.72458814082745
481447,910.0,1147.15491049917,-237.15491049917
481711,491.0,493.7953274271172,-2.795327427117172
481725,685.0,738.5549646679988,-53.554964667998775
481737,868.0,1118.5461317777192,-250.5461317777192
481757,1102.0,1205.7837163417653,-103.78371634176528
481764,1210.0,1124.5972364070053,85.40276359299469
481805,555.0,710.0434545059162,-155.0434545059162
481839,473.0,697.140413267914,-224.14041326791403
481882,701.0,637.358285528694,63.641714471306045
481883,1110.0,1228.2479383284192,-118.2479383284192
481917,815.0,603.1166934923633,211.8833065076367
481959,1470.0,1275.3361250545036,194.66387494549645
482010,522.0,733.6023225642984,-211.60232256429845
482048,1070.0,1161.678226561682,-91.6782265616821
482188,929.0,1119.284563350758,-190.28456335075794
482190,975.0,1199.4701252412394,-224.47012524123943
482324,1160.0,1230.7267375035444,-70.72673750354443
482338,1062.0,1098.9187219979285,-36.918721997928515
482343,665.0,581.4016202871825,83.59837971281752
482371,470.0,690.0887598911315,-220.08875989113153
482397,925.0,1274.9657020997288,-349.9657020997288
482404,1160.0,1250.4008031377955,-90.40080313779549
482450,1040.0,974.5568527559086,65.44314724409139
482513,1150.0,1288.4670594604083,-138.46705946040834
482517,645.0,1120.4734893161904,-475.47348931619035
482593,540.0,737.6558425910092,-197.65584259100922
482632,440.0,674.020739347412,-234.02073934741202
482666,985.0,1212.119103415112,-227.11910341511202
482711,625.0,669.6912264979165,-44.691226497916546
482741,1048.0,1121.3954184503407,-73.39541845034069
482744,945.0,1024.2201084509484,-79.22010845094837
482866,940.0,1274.4687406094386,-334.46874060943856
482945,1224.0,1182.380955183878,41.619044816121914
482958,893.0,921.265672272172,-28.26567227217197
483075,844.0,1111.6684249639245,-267.6684249639245
483106,1120.0,1300.9545943206515,-180.9545943206515
483150,970.0,1154.2850419663532,-184.28504196635322
483204,1160.0,1081.9952620168008,78.00473798319922
483228,480.0,633.8794473896982,-153.87944738969816
483254,985.0,997.6771519775991,-12.677151977599124
483266,1102.0,965.7363868336948,136.26361316630516
483288,980.0,1275.5071020461157,-295.50710204611573
483338,848.0,715.8345903540904,132.16540964590956
483339,600.0,683.9048932728394,-83.90489327283944
483449,825.0,1017.2721501962375,-192.27215019623748
483456,865.0,728.8418917528368,136.15810824716323
483493,1290.0,1303.590255923791,-13.590255923790892
483500,535.0,637.2135189942442,-102.21351899424417
483515,550.0,689.046278356469,-139.04627835646897
483557,575.0,738.0741314374411,-163.0741314374411
483576,980.0,1288.5877468761928,-308.5877468761928
483593,608.0,739.0788735045332,-131.07887350453325
483595,650.0,671.8865591235377,-21.886559123537722
483626,960.0,1135.2240422195318,-175.22404221953184
483651,675.0,722.95007413248,-47.95007413248004
483689,635.0,734.0200563545135,-99.02005635451349
483751,1010.0,905.7098318553875,104.2901681446125
483804,948.0,1026.7657715890377,-78.76577158903774
483848,570.0,651.0651713288554,-81.0651713288554
483893,1060.0,1043.213612932865,16.78638706713491
484019,1430.0,1298.6005471168837,131.39945288311628
484074,385.0,569.1210341409006,-184.12103414090063
484075,470.0,683.417805170984,-213.41780517098402
484120,680.0,1110.3536756314857,-430.35367563148566
484138,1275.0,1260.5969815285994,14.403018471400628
484166,1370.0,1324.9505080502524,45.04949194974756
484217,1140.0,1317.635248543039,-177.6352485430391
484287,464.0,671.3133757953339,-207.31337579533385
484339,1330.0,1216.2954369119057,113.70456308809435
484372,1060.0,1101.3695118657072,-41.36951186570718
484424,595.0,635.5199256638731,-40.519925663873096
484464,615.0,670.6202292591585,-55.620229259158464
484528,885.0,1079.3014847159805,-194.30148471598045
484596,830.0,876.4204468545149,-46.42044685451492
484646,750.0,762.1458002226757,-12.145800222675689
484673,1180.0,1241.6745012122353,-61.67450121223533
484709,907.0,1229.056164641529,-322.056164641529
484773,760.0,906.8679030929944,-146.86790309299442
484818,1470.0,1371.9764286013508,98.02357139864921
484849,1220.0,1178.6843558477544,41.31564415224557
484856,696.0,750.697960386554,-54.69796038655397
484881,950.0,1060.0833273884325,-110.08332738843251
484987,649.0,657.95260123391,-8.952601233909945
485035,933.0,1173.243926858621,-240.24392685862108
485081,1042.0,1135.3478407625134,-93.34784076251344
485114,685.0,788.565214875097,-103.56521487509701
485117,824.0,1105.2465300249792,-281.24653002497917
485219,700.0,706.591808347064,-6.5918083470639885
485340,1010.0,1258.01250230348,-248.01250230348
485349,530.0,605.4056476704682,-75.40564767046817
485385,1091.0,1117.7068880149645,-26.706888014964534
485450,915.0,1210.1429947311935,-295.14299473119354
485460,1020.0,1214.7453504200867,-194.74535042008665
485500,950.0,1242.045742547087,-292.045742547087
485502,715.0,688.6038181314802,26.39618186851976
485553,655.0,603.1156373228382,51.88436267716179
485576,850.0,1199.9844194125692,-349.9844194125692
485582,535.0,748.0166521685543,-213.0166521685543
485814,860.0,712.8082863844587,147.1917136155413
485839,715.0,790.1027472980805,-75.10274729808054
485845,1220.0,1264.2577147538802,-44.25771475388024
485951,515.0,595.6607659317884,-80.66076593178843
486011,605.0,708.7624287709792,-103.76242877097923
486047,610.0,674.413314512053,-64.41331451205303
486183,1130.0,1182.838836302785,-52.83883630278501
486194,510.0,628.6345753458471,-118.63457534584711
486415,1154.0,1340.3669751771965,-186.36697517719654
486448,835.0,1119.7623362070333,-284.7623362070333
486454,1160.0,1024.1788289843478,135.82117101565223
486506,1365.0,1251.7755363824842,113.22446361751577
486565,615.0,695.2878767043328,-80.2878767043328
486664,480.0,947.6377650471804,-467.63776504718044
486699,575.0,598.970896079425,-23.97089607942496
486762,551.0,625.1131018781557,-74.1131018781557
486777,495.0,608.975118511043,-113.97511851104298
486791,594.0,664.8505270731877,-70.85052707318766
486885,810.0,1261.3898913472308,-451.3898913472308
486901,540.0,665.9482126303162,-125.94821263031622
486906,550.0,879.0023012350474,-329.0023012350474
487101,1115.0,1035.0770487625623,79.9229512374377
487125,711.0,688.5954515395897,22.404548460410297
487134,610.0,826.8972219961455,-216.8972219961455
487151,1330.0,1190.5879316178655,139.41206838213452
487199,1036.0,1147.663918606689,-111.6639186066891
487205,915.0,1051.075609517586,-136.07560951758592
487215,640.0,755.415756506088,-115.41575650608797
487225,951.0,1248.5125997738205,-297.5125997738205
487272,1070.0,1228.3543875552434,-158.35438755524342
487310,917.0,1109.5848175659405,-192.5848175659405
487313,825.0,901.5467782200287,-76.54677822002873
487386,1090.0,1134.2163457120282,-44.216345712028215
487495,1310.0,1366.7007928734652,-56.70079287346516
487519,778.0,931.2361978676932,-153.23619786769325
487526,643.0,751.4710546820558,-108.47105468205575
487574,545.0,664.3824366023462,-119.38243660234616
487581,885.0,927.8901366623584,-42.89013666235837
487600,545.0,639.5223200334949,-94.5223200334949
487649,640.0,629.2978289486479,10.702171051352138
487708,880.0,951.0482989889904,-71.04829898899038
487802,506.0,662.9385862170908,-156.9385862170908
487870,766.0,1153.103810736953,-387.10381073695294
487885,690.0,986.0242530734517,-296.02425307345175
487932,870.0,984.4431838912709,-114.4431838912709
487962,885.0,1097.9722464499573,-212.9722464499573
487987,560.0,592.8450794435033,-32.84507944350332
488007,950.0,1121.586330444299,-171.58633044429894
488094,772.0,705.3940060041165,66.60599399588352
488107,920.0,964.7744348880963,-44.774434888096266
488190,990.0,1224.490224104593,-234.49022410459293
488195,1003.0,1209.9439741875026,-206.9439741875026
488201,860.0,1058.616482284651,-198.61648228465106
488211,571.0,728.7146822284697,-157.71468222846966
488229,1315.0,1101.8495042127513,213.1504957872487
488253,560.0,718.2564829711234,-158.25648297112343
488280,940.0,1163.37000033213,-223.37000033213008
488293,1330.0,1165.355991618026,164.6440083819739
488306,585.0,600.5504682539682,-15.550468253968234
488432,1047.0,1226.6324835858586,-179.6324835858586
488480,490.0,633.6165176130846,-143.61651761308462
488490,937.0,998.0026999362882,-61.002699936288195
488570,600.0,755.3865352184389,-155.3865352184389
488593,715.0,717.9999463806397,-2.999946380639699
488628,845.0,1200.610998749901,-355.610998749901
488643,738.0,790.0161228335859,-52.01612283358588
488667,1290.0,1204.3728549814196,85.62714501858045
488722,1115.0,1175.6266984916697,-60.626698491669686
488749,570.0,713.9464677130692,-143.94646771306918
488760,915.0,900.2759431497514,14.724056850248644
488801,640.0,722.5572211794399,-82.55722117943992
488835,1120.0,1245.8634391920375,-125.8634391920375
488857,370.0,695.4284915015147,-325.4284915015147
488914,736.0,935.1130114454174,-199.11301144541744
488962,660.0,697.3854781964513,-37.385478196451345
489033,1065.0,1230.9740159164255,-165.97401591642551
489083,345.0,653.2388905741121,-308.23889057411213
489087,870.0,1223.6959284723016,-353.6959284723016
489144,1355.0,1259.277119464412,95.72288053558805
489183,1180.0,1185.880157591348,-5.880157591348052
489249,1010.0,877.3856798137988,132.6143201862012
489329,968.0,1017.0318335196838,-49.0318335196838
489408,378.0,748.3720129855411,-370.3720129855411
489452,900.0,1010.2287636831411,-110.2287636831411
489491,830.0,741.3791641831183,88.62083581688171
489572,533.0,714.95860998412,-181.95860998412002
489581,981.0,1040.3191178588402,-59.31911785884017
489607,734.0,775.4785679689974,-41.47856796899737
489659,735.0,750.8968248672361,-15.896824867236091
489674,820.0,966.0103703527653,-146.01037035276534
489763,1334.0,1093.7898971768968,240.21010282310317
489833,637.0,537.5727789671449,99.42722103285507
489905,690.0,601.7413365138187,88.25866348618126
489931,625.0,681.2676242092291,-56.2676242092291
489932,920.0,1159.2624302871156,-239.26243028711565
489966,1340.0,1231.6176252136793,108.38237478632072
490025,935.0,997.7051692758862,-62.70516927588619
490117,820.0,1147.5025048205407,-327.5025048205407
490130,845.0,1421.5617911826362,-576.5617911826362
490222,680.0,700.2273327696921,-20.22733276969211
490310,960.0,1262.585384048389,-302.58538404838896
490469,845.0,1015.7169932770029,-170.71699327700287
490501,645.0,795.4307797550788,-150.4307797550788
490540,550.0,772.094757620483,-222.09475762048305
490580,789.0,964.1366735529657,-175.1366735529657
490614,955.0,987.7728439561629,-32.77284395616289
490637,782.0,1022.9163421143194,-240.91634211431938
490702,580.0,666.2796304735872,-86.27963047358719
490738,660.0,647.5032601735516,12.496739826448447
490766,837.0,1100.7245866026421,-263.72458660264215
490937,1558.0,1290.6821349792042,267.3178650207958
491040,904.0,973.59574507698,-69.59574507698005
491059,1155.0,1173.6701017480627,-18.670101748062734
491069,1180.0,1354.477268293649,-174.4772682936491
491075,585.0,779.8861922626257,-194.88619226262574
491093,616.0,726.3241775621791,-110.3241775621791
491105,745.0,1013.2442520895137,-268.2442520895137
491112,790.0,1020.9785295421465,-230.97852954214648
491129,910.0,1146.3588334023498,-236.35883340234977
491151,793.0,1216.4558938008659,-423.45589380086585
491237,686.0,714.0673794291283,-28.067379429128323
491444,546.0,710.8180347187028,-164.81803471870285
491453,730.0,753.5006421184163,-23.500642118416295
491466,1062.0,1065.1859163183515,-3.185916318351474
491501,650.0,632.2139475819015,17.786052418098507
491759,1405.0,1130.1621728947755,274.8378271052245
491771,900.0,1158.7696558980572,-258.7696558980572
491885,1003.0,1056.6600896418533,-53.66008964185335
491886,610.0,600.288097273097,9.711902726902963
491938,585.0,838.999010021319,-253.999010021319
491996,890.0,1008.4916583703247,-118.49165837032467
492010,685.0,626.1631019736096,58.83689802639037
492014,870.0,1259.6215631655616,-389.6215631655616
492152,546.0,764.5791937762004,-218.57919377620044
492378,780.0,731.6309991568992,48.36900084310082
492422,1345.0,1281.6303151819336,63.36968481806639
492443,480.0,950.189266966449,-470.18926696644905
492535,1180.0,1106.9099265430214,73.09007345697864
492537,465.0,775.1845026838811,-310.1845026838811
492552,690.0,689.0959683725813,0.9040316274187035
492629,1065.0,1168.5347442720401,-103.53474427204014
492669,705.0,974.154265176182,-269.154265176182
492683,900.0,1002.5308296923369,-102.53082969233685
492721,600.0,664.441482533373,-64.441482533373
492806,545.0,535.6226753920787,9.37732460792131
492810,535.0,681.612638571862,-146.61263857186202
492845,1315.0,1266.605389668275,48.39461033172506
492922,870.0,789.7105909039161,80.28940909608389
492996,970.0,1014.1548707067452,-44.154870706745214
493039,685.0,750.6063489231022,-65.60634892310225
493082,620.0,672.503262594648,-52.50326259464805
493098,975.0,1152.7500507511816,-177.75005075118156
493110,710.0,1115.2820812950556,-405.2820812950556
493111,570.0,685.0960336737353,-115.09603367373529
493123,1475.0,1265.9550628723202,209.04493712767976
493179,1130.0,1225.9080124243771,-95.90801242437715
493209,473.0,655.4710628190143,-182.47106281901426
493214,610.0,652.2959728231511,-42.295972823151146
493284,495.0,652.398898239863,-157.398898239863
493404,660.0,689.3863493561512,-29.386349356151186
493430,870.0,962.9450360544453,-92.94503605444527
493543,515.0,669.0456856443865,-154.04568564438648
493660,1490.0,1275.9433173255295,214.0566826744705
493676,1113.0,1237.2178855556429,-124.21788555564285
493716,1240.0,1192.3197188566867,47.68028114331332
493728,1028.0,972.2089995105121,55.79100048948794
493785,1360.0,1086.8105964877918,273.1894035122082
493795,1151.0,1298.073118113746,-147.07311811374598
493832,934.0,677.2111352892324,256.7888647107676
493862,907.0,778.4592869008858,128.5407130991142
493868,1020.0,1228.2696231602927,-208.26962316029267
493873,1105.0,916.2838411059574,188.71615889404256
493876,1093.0,1023.4074736219844,69.59252637801558
493909,782.0,791.8856612997117,-9.885661299711728
493926,615.0,723.4255889313691,-108.42558893136913
493938,700.0,649.415692885864,50.58430711413598
493953,506.0,704.409555024211,-198.40955502421104
494011,630.0,839.6437169312171,-209.6437169312171
494012,1210.0,1195.078558763393,14.921441236607052
494019,1115.0,1142.1440624211752,-27.14406242117525
494033,595.0,703.1001366317885,-108.10013663178847
494070,890.0,1126.9003129789946,-236.90031297899463
494144,560.0,691.6895506384523,-131.68955063845226
494233,553.0,606.7204150031889,-53.72041500318892
494267,1087.0,1050.6620932875899,36.33790671241013
494305,1105.0,1259.9462833688813,-154.94628336888127
494310,585.0,819.2931094522274,-234.29310945222744
494462,1098.0,1205.2505107757947,-107.25051077579474
494500,937.0,936.0298817045335,0.9701182954664773
494680,870.0,1032.7257956575534,-162.72579565755336
494688,1433.0,1237.4869985078337,195.51300149216627
494723,680.0,796.9694803605026,-116.96948036050264
494731,692.0,883.1261194501664,-191.12611945016636
494757,855.0,928.4715734471439,-73.4715734471439
494775,410.0,698.1140422801136,-288.1140422801136
494807,1050.0,1037.8732849076096,12.126715092390441
494834,1025.0,887.6597898296212,137.34021017037878
494930,740.0,893.6606534470116,-153.66065344701155
494966,694.0,720.4679318478868,-26.467931847886803
494977,960.0,1047.9540615044602,-87.95406150446024
494985,1036.0,1057.3669127364801,-21.366912736480117
494990,1130.0,1054.035683543335,75.96431645666507
495048,1200.0,1271.8347235172503,-71.83472351725027
495091,1010.0,1299.7529957333977,-289.7529957333977
495274,1235.0,1242.8610475978014,-7.8610475978014165
495288,418.0,630.2398383552112,-212.2398383552112
495294,885.0,1096.8989533120364,-211.89895331203638
495377,725.0,1263.056202094504,-538.056202094504
495681,948.0,1132.9438455527077,-184.94384555270767
495751,870.0,1164.8308078850828,-294.8308078850828
495866,521.0,672.1664741942576,-151.1664741942576
495940,525.0,671.5610051282972,-146.5610051282972
495982,800.0,989.7140340854156,-189.71403408541562
496035,795.0,1091.8163805160368,-296.8163805160368
496096,1225.0,1189.2715506117706,35.728449388229365
496132,1260.0,1341.6522059280212,-81.6522059280212
496140,630.0,709.9255898292641,-79.92558982926414
496144,695.0,960.368014566779,-265.36801456677904
496223,630.0,1160.0579064794176,-530.0579064794176
496315,860.0,987.5009214766714,-127.50092147667135
496377,1595.0,1262.6036431014363,332.3963568985637
496411,430.0,663.3743939849371,-233.37439398493711
496429,750.0,668.4410877121386,81.5589122878614
496440,920.0,1223.5027464032796,-303.5027464032796
496474,1060.0,1210.7765753193119,-150.77657531931186
496584,760.0,982.8345948708219,-222.8345948708219
496599,872.0,914.1495061243991,-42.14950612439907
496626,537.0,630.799201527835,-93.79920152783495
496906,553.0,675.6641783933321,-122.66417839333212
497147,475.0,544.0454303266058,-69.04543032660581
497226,1275.0,1246.2722536962217,28.727746303778304
497242,395.0,615.9095757080146,-220.9095757080146
497281,1250.0,1311.5191319724017,-61.51913197240174
497299,450.0,642.3367422387325,-192.33674223873254
497338,1455.0,1264.8507714387958,190.14922856120415
497411,754.0,1113.106117978314,-359.10611797831393
497553,705.0,1023.6062005281419,-318.6062005281419
497573,705.0,626.7613440432501,78.23865595674988
497589,935.0,1256.7309576760013,-321.73095767600125
497609,1228.0,1236.1303527806701,-8.130352780670137
497615,985.0,1150.1934421744963,-165.19344217449634
497616,1140.0,1139.4826167533859,0.5173832466141448
497625,992.0,1034.2125750522448,-42.2125750522448
497658,660.0,568.21538576134,91.78461423865997
497760,1110.0,1213.169765572623,-103.16976557262296
497826,560.0,758.7819417862958,-198.78194178629576
497902,1094.0,1136.7563757894657,-42.756375789465665
497930,965.0,1163.4294432746187,-198.42944327461873
497966,691.0,774.7584457710153,-83.75844577101532
498066,754.0,982.5500860564003,-228.55008605640035
498141,425.0,734.0929209901868,-309.0929209901868
498227,705.0,643.6653478634111,61.33465213658894
498254,1191.0,1230.273034964272,-39.27303496427203
498353,725.0,742.9323822333931,-17.932382233393128
498366,639.0,881.5841936294269,-242.58419362942686
498393,640.0,758.2549522806006,-118.2549522806006
498442,816.0,808.4260405005159,7.57395949948409
498458,605.0,780.0808285541043,-175.0808285541043
498472,965.0,1290.6701053914123,-325.67010539141233
498479,750.0,934.1825985293376,-184.1825985293376
498541,655.0,605.4777087624994,49.52229123750055
498566,840.0,978.4235211821945,-138.42352118219446
498617,1157.0,1068.1091544219166,88.89084557808337
498667,1295.0,1119.3689841237072,175.63101587629285
498841,1014.0,1092.634924016601,-78.63492401660096
499050,600.0,720.807528234123,-120.80752823412297
499077,1260.0,1136.7728410174138,123.22715898258616
499134,1083.0,1231.1220066769483,-148.12200667694833
499294,594.0,1057.609300948826,-463.6093009488261
499328,926.0,1062.069932358487,-136.069932358487
499380,970.0,1005.4632238577244,-35.463223857724415
499474,410.0,714.4654579109152,-304.46545791091523
499590,970.0,1225.9265589849938,-255.9265589849938
499636,869.0,1055.283507880551,-186.28350788055104
499641,1133.0,1231.9462861586765,-98.94628615867646
499659,990.0,1239.5534986698879,-249.55349866988786
499666,809.0,1076.6767545598605,-267.67675455986046
499778,700.0,743.8396191233006,-43.83961912330062
499797,635.0,655.9267818865845,-20.926781886584536
499807,810.0,1121.2057458311194,-311.20574583111943
499897,490.0,651.256110408675,-161.256110408675
500084,1040.0,1099.2584525465113,-59.25845254651131
500173,852.0,1112.2430556599463,-260.2430556599463
500266,625.0,627.0394893421546,-2.0394893421546385
500286,1375.0,1297.8449784797522,77.15502152024783
500402,988.0,1199.1027099289258,-211.10270992892583
500561,1235.0,1199.8715022855004,35.128497714499645
500583,708.0,1048.09061482925,-340.09061482924994
500669,632.0,643.4559425152067,-11.455942515206743
500671,1065.0,963.7640016203349,101.23599837966515
500782,490.0,761.7436073796069,-271.74360737960694
500795,590.0,702.5628542014204,-112.56285420142035
500857,985.0,1061.5174717754921,-76.51747177549214
500880,738.0,984.3137112974152,-246.31371129741524
500882,765.0,1224.6993275132336,-459.6993275132336
500885,735.0,763.306139245078,-28.306139245078043
501191,1250.0,1162.487873490317,87.51212650968296
501195,980.0,965.0431190545494,14.95688094545062
501394,870.0,892.63660757827,-22.636607578269945
501425,1310.0,1233.9281993600591,76.07180063994088
501791,797.0,858.8588351293125,-61.858835129312524
501908,426.0,715.9218831552915,-289.92188315529154
501967,584.0,612.6252424859821,-28.625242485982085
501993,720.0,1112.266026581293,-392.2660265812931
502036,1045.0,1206.7155240894863,-161.71552408948628
502073,1214.0,963.9990757309625,250.00092426903745
502148,1184.0,1067.2554992102716,116.74450078972836
502191,490.0,567.0047864601403,-77.00478646014028
502224,560.0,690.4675070364708,-130.4675070364708
502266,545.0,626.542603737785,-81.54260373778504
502343,1250.0,1241.75375082859,8.24624917141
502434,955.0,1276.6579111993258,-321.6579111993258
502470,781.0,978.9018944071237,-197.90189440712368
502484,455.0,611.3350963825594,-156.3350963825594
502557,755.0,751.6396581045079,3.36034189549207
502579,730.0,750.5353958551618,-20.535395855161823
502655,400.0,722.8586868210646,-322.85868682106457
502665,1175.0,1099.9188816239648,75.08111837603519
502672,1130.0,1170.0124907854604,-40.012490785460386
502726,965.0,780.2237817737813,184.7762182262187
502753,1168.0,1199.2990423958795,-31.299042395879496
502760,473.0,672.0177130171566,-199.01771301715655
502785,749.0,1056.8181190633502,-307.8181190633502
502907,330.0,604.035285207937,-274.035285207937
502925,1565.0,1246.7129265589374,318.2870734410626
502968,1005.0,1158.0936838229818,-153.0936838229818
502970,1055.0,1089.5309506920964,-34.53095069209644
503010,1093.0,1070.2185642927573,22.781435707242736
503118,429.0,643.7952368780496,-214.79523687804965
503135,500.0,504.81046344222074,-4.810463442220737
503194,922.0,1153.3746300542534,-231.37463005425343
503338,612.0,624.8434592592707,-12.84345925927073
503369,385.0,534.2749791262258,-149.27497912622584
503414,1050.0,1021.9534890049276,28.046510995072367
503495,502.0,662.3457279792344,-160.34572797923443
503623,904.0,1074.0023928620444,-170.00239286204442
503696,694.0,705.0329459682288,-11.032945968228773
503751,740.0,913.2538647871049,-173.25386478710493
503762,995.0,1075.1517141213653,-80.15171412136533
503790,1044.0,920.3950490306163,123.60495096938371
503812,675.0,1150.294139486947,-475.29413948694696
503846,1090.0,1071.108414986409,18.89158501359111
504020,535.0,616.2060904837693,-81.20609048376934
504092,1080.0,1227.3310141377617,-147.3310141377617
504145,616.0,621.3860780423278,-5.386078042327767
504154,650.0,693.8356012808257,-43.8356012808257
504184,948.0,1249.714069956715,-301.7140699567151
504217,505.0,590.8355068759021,-85.83550687590207
504251,800.0,1203.7232289560206,-403.72322895602065
504287,653.0,714.6225793341221,-61.622579334122065
504334,510.0,610.6744748785418,-100.67447487854179
504338,953.0,1208.1717067722104,-255.17170677221043
504497,910.0,1081.3691811405372,-171.3691811405372
504638,945.0,1102.4041022281183,-157.4041022281183
504657,760.0,1008.2483585608024,-248.24835856080244
504674,611.0,685.4363800582917,-74.43638005829166
504780,792.0,990.0126711431111,-198.0126711431111
504862,610.0,644.0669540999761,-34.0669540999761
504947,926.0,911.7991485088986,14.200851491101389
504958,981.0,1157.1454838228362,-176.14548382283624
504981,455.0,734.8950422623375,-279.8950422623375
504988,800.0,960.7183081217073,-160.7183081217073
505001,665.0,642.5060816889206,22.49391831107937
505035,1070.0,1049.5076835645755,20.492316435424527
505055,665.0,856.9134815010633,-191.9134815010633
505063,892.0,619.4372125990307,272.56278740096934
505094,590.0,686.5450000000001,-96.54500000000007
505111,1150.0,1313.9696653553547,-163.96966535535466
505275,465.0,664.5587964680963,-199.55879646809626
505346,895.0,1060.1788624667538,-165.1788624667538
505423,610.0,793.3308767169547,-183.33087671695466
505469,610.0,708.1882635850841,-98.18826358508409
505535,675.0,619.4749887426872,55.525011257312826
505597,495.0,953.181854276907,-458.18185427690696
505654,911.0,1232.613385604566,-321.613385604566
505679,1340.0,1118.1486658122728,221.85133418772716
505700,655.0,725.2350626818597,-70.23506268185974
505750,865.0,1071.0784045378953,-206.07840453789527
505777,1014.0,1087.5200356840364,-73.52003568403643
505788,460.0,735.5961177849927,-275.59611778499266
505824,650.0,700.5016088307452,-50.501608830745226
506023,560.0,525.3609948020099,34.63900519799006
506039,945.0,1121.5064531979237,-176.50645319792375
506078,992.0,980.5811122068885,11.41888779311148
506102,556.0,550.2292857142857,5.770714285714348
506205,1155.0,1219.5404425340434,-64.54044253404345
506243,1240.0,1216.311890894869,23.688109105130934
506387,672.0,1017.1132121634942,-345.11321216349415
506397,594.0,633.0180188365684,-39.018018836568444
506502,1230.0,1116.492103237375,113.50789676262502
506583,1135.0,1102.7497948144826,32.250205185517416
506683,904.0,1033.3535102102112,-129.3535102102112
506694,690.0,718.8073306578293,-28.80733065782931
506723,1155.0,1190.8625664303133,-35.862566430313336
506772,830.0,1003.3897574719296,-173.38975747192956
506784,715.0,640.1993062464729,74.80069375352707
507055,650.0,964.3034123931624,-314.3034123931624
507214,925.0,1062.3691888326796,-137.36918883267958
507296,698.0,698.0311282987692,-0.031128298769203866
507320,1300.0,1385.2485672502407,-85.24856725024074
507358,870.0,1172.1743626386203,-302.1743626386203
507419,1338.0,1295.3004929668814,42.69950703311861
507450,1320.0,1230.7708648977425,89.22913510225749
507495,816.0,1011.0171973151921,-195.0171973151921
507511,576.0,710.4380408171288,-134.4380408171288
507522,1220.0,1186.6645183571206,33.33548164287936
507524,605.0,731.732522077824,-126.732522077824
507553,650.0,821.1786074085582,-171.17860740855815
507638,1020.0,1129.8299514328637,-109.82995143286371
507740,595.0,557.5881778587332,37.41182214126684
507745,561.0,616.0386999378675,-55.03869993786748
507746,1040.0,1171.3169599435125,-131.31695994351253
507784,1320.0,1207.8871658742335,112.11283412576654
507856,900.0,991.3402066316196,-91.3402066316196
507884,560.0,522.2169087301587,37.78309126984129
507908,663.0,657.3404292136679,5.659570786332097
507940,985.0,1192.2102599705256,-207.2102599705256
507966,1250.0,1151.5124921154104,98.4875078845896
508023,1290.0,1227.7169797150423,62.28302028495773
508101,937.0,851.0347597793902,85.96524022060976
508105,740.0,747.0101354614164,-7.010135461416439
508145,635.0,707.2172523338353,-72.21725233383529
508220,667.0,644.4660351863137,22.53396481368634
508348,970.0,1061.3124140404327,-91.31241404043271
508473,745.0,859.8969703532744,-114.89697035327436
508549,863.0,1062.254877480597,-199.2548774805971
508571,1021.0,1120.5441864968168,-99.54418649681679
508574,865.0,687.6014457330768,177.39855426692316
508604,620.0,587.3026469177001,32.697353082299855
508614,1345.0,1150.9741641988235,194.02583580117653
508617,997.0,1171.8112193784725,-174.81121937847252
508669,980.0,1118.1115139176252,-138.1115139176252
508746,1010.0,1044.5595116943168,-34.559511694316825
508814,583.0,630.050324367436,-47.05032436743602
508820,955.0,1058.4565736484199,-103.45657364841986
508929,1260.0,1190.4943694214094,69.50563057859063
509013,1005.0,1321.2649919476205,-316.2649919476205
509063,950.0,1146.8524018536912,-196.85240185369116
509065,870.0,1045.9155893960103,-175.91558939601032
509127,640.0,711.9070609573797,-71.90706095737971
509281,690.0,669.7102216642367,20.289778335763344
509283,1120.0,1286.2105719524013,-166.21057195240132
509397,1025.0,1258.654254458937,-233.65425445893698
509404,265.0,639.4098161034392,-374.4098161034392
509416,1030.0,1146.7860823529625,-116.78608235296247
509533,1330.0,1204.1998864854138,125.8001135145862
509691,1058.0,1129.4278881377265,-71.42788813772654
509735,1130.0,1130.1257084785439,-0.12570847854385647
509765,553.0,574.0778247704642,-21.07782477046419
509821,462.0,728.8064333327085,-266.8064333327085
509837,1180.0,1107.7171349206349,72.28286507936514
509992,595.0,629.1311329695768,-34.13113296957681
509996,845.0,1147.0439136482987,-302.0439136482987
510052,670.0,747.8825814473404,-77.88258144734039
510080,910.0,857.5888792160582,52.41112078394178
510119,890.0,1214.2457248538237,-324.24572485382373
510132,1075.0,1391.7339685498255,-316.7339685498255
510299,1080.0,1095.8757003469095,-15.875700346909525
510397,1323.0,1424.0400365738838,-101.04003657388375
510405,396.0,738.5210060935909,-342.5210060935909
510433,634.0,767.8470452569135,-133.84704525691347
510463,882.0,1030.3381118973628,-148.33811189736275
510529,1080.0,1080.4259679116153,-0.42596791161531655
510557,1175.0,1218.0974236088846,-43.09742360888458
510577,991.0,1173.6420898293886,-182.64208982938862
510624,835.0,938.8115130292279,-103.81151302922785
510631,1045.0,1241.1945766680599,-196.19457666805988
510632,1224.0,1289.766877071234,-65.76687707123392
510673,825.0,1083.3725297620128,-258.37252976201285
510696,454.0,641.7207720981722,-187.72077209817223
510790,955.0,1129.6199779030076,-174.61997790300757
510824,410.0,746.4295069368874,-336.4295069368874
510851,1025.0,1088.7475306029598,-63.74753060295984
510899,1081.0,1252.5131893403588,-171.51318934035885
510905,1270.0,1083.4339586945202,186.56604130547976
510906,1105.0,1185.0988248616347,-80.09882486163474
510909,1425.0,1297.5493005743606,127.45069942563941
510956,735.0,697.1529550993025,37.84704490069748
511072,560.0,605.157916611489,-45.157916611488986
511083,805.0,733.211012482064,71.788987517936
511147,350.0,660.5244481563915,-310.5244481563915
511215,550.0,590.2310292783632,-40.23102927836317
511372,1085.0,1180.588940771336,-95.58894077133596
511412,610.0,1131.6692950616948,-521.6692950616948
511479,440.0,558.0878059694095,-118.08780596940949
511526,930.0,650.9737599531111,279.0262400468889
511577,610.0,686.9091536688316,-76.90915366883155
511592,840.0,1126.8830268839458,-286.88302688394583
511724,890.0,1083.9592703207702,-193.9592703207702
511805,525.0,763.5206457713278,-238.52064577132785
511853,290.0,652.1022073245156,-362.1022073245156
511891,1280.0,926.2762516253676,353.72374837463235
511966,980.0,1166.2363730477898,-186.2363730477898
511972,635.0,771.1982413315685,-136.1982413315685
511991,930.0,1389.350768678854,-459.3507686788539
512018,1174.0,1215.1403984628923,-41.140398462892335
512034,1007.0,977.0989940997107,29.901005900289306
512048,1470.0,1202.266559154574,267.733440845426
512069,1200.0,1198.444488116479,1.5555118835209214
512178,862.0,896.0086245496938,-34.008624549693764
512198,1405.0,1292.3880029436662,112.61199705633385
512236,910.0,1031.152830814751,-121.15283081475104
512400,615.0,540.8525342231072,74.14746577689277
512422,1470.0,1244.140668775737,225.8593312242631
512466,675.0,689.6567175889882,-14.656717588988158
512532,750.0,1093.0877495618465,-343.0877495618465
512559,855.0,1117.3707961026266,-262.3707961026266
512629,820.0,693.848918331044,126.15108166895595
512678,1145.0,937.0672962962966,207.9327037037034
512716,830.0,978.4412812427807,-148.44128124278075
512735,1153.0,1179.2760045239336,-26.27600452393358
512774,840.0,1219.0214565737153,-379.02145657371534
512782,1050.0,1223.4322883986074,-173.4322883986074
512821,780.0,1062.7320674487617,-282.73206744876165
512879,895.0,1316.039254731089,-421.03925473108893
513074,1155.0,1206.1396095960492,-51.13960959604924
513216,970.0,1081.0513525345002,-111.05135253450021
513439,920.0,1272.400651842677,-352.400651842677
513441,765.0,974.891451739627,-209.89145173962697
513453,810.0,989.2235841598205,-179.22358415982046
513461,904.0,961.7456068236264,-57.74560682362642
513501,885.0,1166.3809630520882,-281.3809630520882
513580,840.0,1351.5059602450215,-511.50596024502147
513600,765.0,1040.5125867779605,-275.51258677796045
513634,730.0,683.0363078173758,46.963692182624186
513712,970.0,989.6499206875723,-19.649920687572262
513738,1030.0,1059.531189440076,-29.531189440076105
513860,425.0,721.7865574825739,-296.7865574825739
514243,465.0,550.9826373626374,-85.98263736263743
514260,1090.0,1097.014588332687,-7.014588332687026
514286,928.0,1097.43411773538,-169.4341177353799
514303,1100.0,982.0325966406523,117.96740335934771
514347,1175.0,1180.8056747261815,-5.805674726181451
514387,1070.0,993.5214183598201,76.47858164017987
514461,545.0,570.780286884151,-25.780286884150996
514491,1208.0,1177.859423063888,30.140576936111984
514599,725.0,690.1175355752642,34.88246442473576
514663,900.0,926.7581551206193,-26.758155120619335
514695,1050.0,1105.4869876452728,-55.48698764527285
514706,1140.0,1349.3726297088904,-209.37262970889037
514732,1105.0,1131.4942068382331,-26.49420683823314
514753,710.0,604.1310666713613,105.86893332863872
514815,735.0,1104.0336814273435,-369.0336814273435
514851,960.0,1051.6109941520467,-91.61099415204671
514930,995.0,1186.4142199086498,-191.41421990864978
514941,1087.0,1209.334839841568,-122.33483984156805
514955,1365.0,1169.5899505546217,195.41004944537826
514991,754.0,862.0801005895619,-108.08010058956188
515047,925.0,1267.6062074504582,-342.6062074504582
515118,605.0,740.1815948605445,-135.18159486054446
515159,783.0,1040.2960428750641,-257.29604287506413
515194,1080.0,1173.243926858621,-93.24392685862108
515197,876.0,976.9250821248249,-100.92508212482494
515241,804.0,910.9588692710275,-106.95886927102754
515297,741.0,756.4222245425244,-15.422224542524418
515379,1005.0,1138.7900738990745,-133.7900738990745
515384,1080.0,1246.5170130461645,-166.5170130461645
515439,553.0,701.2832976102477,-148.2832976102477
515559,520.0,691.2877062257179,-171.2877062257179
515639,1230.0,1160.7041772295308,69.29582277046916
515740,1270.0,979.940198967432,290.059801032568
515822,1010.0,1177.0784833659268,-167.0784833659268
515850,365.0,641.5995251360683,-276.59952513606834
515875,770.0,669.4002528804155,100.59974711958455
515907,1099.0,1256.12966117385,-157.12966117385008
515941,700.0,684.4771969835191,15.522803016480907
515947,380.0,1078.7086569921678,-698.7086569921678
516059,1145.0,1244.952393428719,-99.952393428719
516071,870.0,1035.8019146509093,-165.80191465090934
516114,928.0,707.4959683190385,220.50403168096148
516118,1010.0,1131.8947566340323,-121.89475663403232
516150,790.0,1180.5594192812027,-390.55941928120274
516155,915.0,1094.105869325492,-179.105869325492
516272,765.0,788.7166155977181,-23.716615597718146
516315,1015.0,1287.736749383847,-272.7367493838469
516423,685.0,612.6064306022813,72.3935693977187
516446,975.0,1185.4567579187228,-210.45675791872281
516488,760.0,704.2975625149645,55.70243748503549
516547,466.0,1003.5780106571746,-537.5780106571746
516632,435.0,570.3651923539421,-135.36519235394212
516670,478.0,842.4935308937252,-364.49353089372516
516710,1449.0,1284.7852667204018,164.21473327959825
516759,893.0,978.6023204754346,-85.60232047543457
516763,926.0,1018.368626971504,-92.368626971504
516915,670.0,1192.348017340203,-522.3480173402029
516967,1270.0,1267.6983809375351,2.3016190624648516
516972,1090.0,1133.7221324888678,-43.72213248886783
516981,1014.0,1046.5689656959328,-32.568965695932775
517040,790.0,1059.3878049431057,-269.3878049431057
517112,845.0,1024.9804463851717,-179.98044638517172
517146,590.0,712.5097552819495,-122.50975528194954
517237,680.0,653.3804737164969,26.61952628350309
517277,995.0,989.3341731739383,5.665826826061675
517305,885.0,1333.0327040566108,-448.0327040566108
517394,1235.0,1287.829409912192,-52.82940991219198
517589,535.0,689.0103192453798,-154.01031924537983
517751,1120.0,1170.762925651908,-50.76292565190806
517802,1268.0,1117.7068880149645,150.29311198503547
517804,690.0,639.4974654787394,50.5025345212606
517835,1555.0,1158.2490119945717,396.7509880054283
517903,510.0,752.7532295626851,-242.75322956268508
517942,533.0,613.8970507966982,-80.89705079669818
518063,560.0,627.672104445591,-67.672104445591
518107,980.0,1166.9879232917665,-186.9879232917665
518193,630.0,816.6936104439162,-186.6936104439162
518265,572.0,942.6531478458973,-370.65314784589725
518309,855.0,1113.4550153099058,-258.4550153099058
518337,495.0,685.1258385437048,-190.12583854370484
518437,485.0,730.01868249974,-245.01868249973995
518446,1270.0,1260.5828943587228,9.417105641277203
518493,810.0,682.6995434799302,127.30045652006982
518554,1070.0,1227.6689588799018,-157.66895887990177
518559,1585.0,1305.3240937600356,279.67590623996443
518786,557.0,628.3707276678784,-71.37072766787844
518839,1091.0,842.034674467809,248.96532553219095
518853,605.0,673.8673697154863,-68.86736971548635
518917,805.0,993.1911518475679,-188.19115184756788
519275,1325.0,1178.6530426057425,146.34695739425752
519410,570.0,627.1496689986385,-57.149668998638504
519430,1155.0,1131.433281051715,23.566718948284915
519485,835.0,1060.0248784932894,-225.0248784932894
519530,930.0,1130.3465341401275,-200.34653414012746
519587,655.0,727.9605175300491,-72.96051753004906
519614,590.0,688.7525226774125,-98.75252267741246
519626,1380.0,1353.699452132444,26.300547867555906
519640,1105.0,1050.833679138431,54.16632086156892
519673,1245.0,1293.0998935767445,-48.099893576744535
519682,904.0,953.984487020156,-49.98448702015605
519714,870.0,1096.9900214987658,-226.99002149876583
519715,710.0,648.1337612362823,61.86623876371766
519791,1130.0,1275.0953154277981,-145.09531542779814
519804,710.0,974.3335454562725,-264.33354545627253
519830,410.0,732.5873857054647,-322.5873857054647
519908,965.0,1066.281919294529,-101.28191929452896
519980,680.0,702.6395452044708,-22.639545204470778
520000,970.0,1071.334068047786,-101.3340680477861
520119,820.0,963.2537466931211,-143.25374669312112
520205,584.0,1050.5748158227946,-466.57481582279456
520286,685.0,577.6612652033812,107.33873479661884
520343,705.0,1072.184784853722,-367.184784853722
520361,520.0,763.0140915928242,-243.01409159282423
520380,1845.0,1327.4688623512225,517.5311376487775
520397,641.0,623.8006506923227,17.199349307677267
520476,670.0,710.5525757378307,-40.55257573783069
520703,1205.0,1128.3727269232215,76.62727307677847
520730,395.0,670.2797572930747,-275.2797572930747
521051,718.0,653.3014463892806,64.69855361071939
521081,1490.0,1174.3936419154995,315.60635808450047
521136,800.0,1004.601663077774,-204.601663077774
521228,1420.0,1259.258201564193,160.7417984358069
521261,1135.0,1166.5521633349424,-31.552163334942406
521302,959.0,1000.4541867521859,-41.45418675218593
521351,750.0,924.2558820744584,-174.25588207445844
521555,895.0,1080.3548089031156,-185.35480890311555
521715,1290.0,1296.192591564669,-6.192591564669101
521746,915.0,1046.5490356306652,-131.54903563066523
521975,930.0,943.6271584193637,-13.627158419363695
522003,468.0,1067.8782649935738,-599.8782649935738
522098,440.0,558.8673074178779,-118.8673074178779
522144,1227.0,1050.5748158227946,176.42518417720544
522253,695.0,572.1788475688124,122.82115243118756
522275,661.0,643.1608844783532,17.839115521646818
522307,730.0,862.7504280204417,-132.75042802044175
522407,795.0,1079.5138491836829,-284.51384918368285
522464,833.0,924.2584430132767,-91.25844301327675
522474,490.0,1049.564546808713,-559.564546808713
522514,600.0,563.7059942036516,36.294005796348415
522535,590.0,723.1289648296948,-133.12896482969484
522549,1050.0,1152.8764094450664,-102.87640944506643
522622,475.0,773.6939868443621,-298.69398684436214
522868,495.0,708.3205716474487,-213.32057164744867
522897,510.0,688.2204213456191,-178.22042134561912
522952,1330.0,1361.8569315957448,-31.856931595744754
523090,715.0,1097.2673091140273,-382.2673091140273
523212,1190.0,1249.870172314758,-59.870172314758065
523245,1680.0,1363.8553442330578,316.14465576694215
523377,628.0,616.5658217104502,11.434178289549777
523450,1020.0,677.0819998492652,342.91800015073477
523495,800.0,1123.9382427565974,-323.93824275659745
523532,964.0,993.0320952484054,-29.032095248405426
523680,506.0,719.5238124224859,-213.5238124224859
523909,930.0,1175.3343448924588,-245.33434489245883
523932,448.0,587.9541842948037,-139.95418429480367
523948,455.0,688.1888053713438,-233.18880537134385
524100,722.0,796.0083373015874,-74.0083373015874
524174,1005.0,906.7565325540473,98.24346744595266
524282,1000.0,1246.3901925319492,-246.3901925319492
524381,475.0,755.4630318186528,-280.4630318186528
524405,430.0,745.6971423151216,-315.6971423151216
524431,579.0,818.8879199074876,-239.88791990748757
524520,795.0,1077.6976301055913,-282.6976301055913
524611,1072.0,1273.9491996117813,-201.9491996117813
524772,1320.0,1039.6460267684809,280.35397323151915
524797,1145.0,1261.0913201391763,-116.09132013917633
524880,1140.0,1297.5694820488766,-157.56948204887658
524996,661.0,695.6672289124665,-34.6672289124665
525022,860.0,1093.8858350729217,-233.88583507292174
525024,1115.0,1237.911123079177,-122.91112307917706
525117,1120.0,1162.5448825773092,-42.54488257730918
525187,1110.0,1154.6050288612403,-44.60502886124027
525237,1040.0,1205.185146432366,-165.18514643236608
525244,1060.0,1023.3370305108874,36.662969489112584
525259,1080.0,1224.8281326800868,-144.8281326800868
525540,865.0,1016.4672389934693,-151.46723899346932
525544,635.0,704.5137038800397,-69.51370388003966
525622,1030.0,1099.3244273671742,-69.32442736717417
525637,664.0,776.8914233739814,-112.89142337398141
525698,510.0,740.611138886062,-230.611138886062
525719,600.0,719.4170830959807,-119.41708309598073
525799,511.0,753.8361894280807,-242.83618942808073
525873,816.0,1077.888942408994,-261.8889424089939
526002,948.0,1185.9230214419756,-237.9230214419756
526048,616.0,1032.3747755285935,-416.37477552859355
526058,683.0,1085.1351181443824,-402.13511814438243
526112,820.0,1070.2981219029216,-250.2981219029216
526297,790.0,816.031797196289,-26.03179719628895
526314,930.0,1154.2418239549138,-224.2418239549138
526526,1365.0,1230.351740897887,134.6482591021129
526645,762.0,741.8089980153596,20.191001984640366
526736,1085.0,1211.180411519148,-126.18041151914804
526737,320.0,669.812791765424,-349.812791765424
526754,1735.0,1418.804062576186,316.19593742381403
526940,1230.0,1279.395260541603,-49.395260541602966
526981,515.0,618.3682614618187,-103.36826146181875
526988,855.0,695.2610002703476,159.7389997296524
527100,600.0,977.2738848280608,-377.2738848280608
527146,1131.0,922.9123020448753,208.08769795512467
527223,1200.0,1132.014965466726,67.98503453327407
527330,1290.0,1186.2992940817094,103.70070591829062
527377,1146.0,900.5756928551713,245.42430714482873
527565,535.0,633.0357910287313,-98.0357910287313
527568,580.0,798.3118622960391,-218.31186229603907
527746,910.0,1134.2854808364727,-224.28548083647274
527826,870.0,1185.3637613588514,-315.36376135885143
527836,1020.0,1272.6429262408883,-252.6429262408883
527880,950.0,1189.2069311414373,-239.20693114143728
527883,973.0,1019.7066909902263,-46.70669099022632
527912,940.0,1224.3450128772315,-284.3450128772315
527993,450.0,697.9819170966699,-247.98191709666992
528010,685.0,712.2787922303633,-27.27879223036325
528162,837.0,1017.1659214472758,-180.16592144727576
528185,850.0,1025.9903852580676,-175.9903852580676
528316,816.0,957.9778226614154,-141.97782266141542
528321,530.0,762.7419137314562,-232.74191373145618
528347,550.0,669.7019418297667,-119.70194182976672
528454,1047.0,1089.7960365467834,-42.7960365467834
528552,344.0,486.0742471413927,-142.07424714139268
528585,690.0,747.2123245413396,-57.212324541339626
528619,870.0,773.2979819646648,96.70201803533519
528644,715.0,809.2222402182075,-94.2222402182075
528679,665.0,737.6558425910092,-72.65584259100922
528725,460.0,724.4324160575177,-264.4324160575177
528774,565.0,551.8628713517663,13.13712864823367
528851,1030.0,1001.1102711706477,28.889728829352293
528884,1390.0,1404.1207433862119,-14.12074338621187
528934,855.0,1089.5798509786132,-234.5798509786132
529002,594.0,796.0083373015874,-202.0083373015874
529102,530.0,736.0465225577385,-206.0465225577385
529121,1025.0,1090.4756341985783,-65.47563419857829
529233,1520.0,1225.2468099674804,294.75319003251957
529281,650.0,727.5513424501248,-77.55134245012482
529329,445.0,1059.2737842712836,-614.2737842712836
529338,860.0,950.9023418158173,-90.9023418158173
529448,583.0,602.1754080924361,-19.1754080924361
529752,680.0,639.997291923005,40.00270807699496
529780,1230.0,1240.9736863426922,-10.97368634269219
529944,435.0,700.577668216227,-265.57766821622704
529964,1268.0,1180.9275885496636,87.0724114503364
530072,490.0,689.9946210781374,-199.99462107813736
530243,1180.0,1175.9730961526145,4.0269038473854835
530348,893.0,949.9290144345006,-56.92901443450057
530474,860.0,1059.6951336546754,-199.69513365467537
530529,684.0,639.4224729092973,44.57752709070269
530606,1255.0,1300.2209826068747,-45.22098260687471
530649,575.0,749.6185738285259,-174.61857382852588
530712,870.0,867.5121375661372,2.4878624338628015
530759,700.0,795.9878073573607,-95.98780735736068
530913,1360.0,1378.5298305236563,-18.5298305236563
530924,863.0,1053.0041180675757,-190.00411806757575
531219,771.0,720.792578569318,50.20742143068196
531395,850.0,745.6220533270828,104.37794667291723
531419,640.0,889.2760636218533,-249.27606362185327
531450,1060.0,1171.4223529111614,-111.4223529111614
531522,690.0,666.6878429699302,23.312157030069784
531549,904.0,1068.161690703682,-164.1616907036821
531586,885.0,741.1001051732271,143.89989482677288
531617,690.0,679.2405387386136,10.759461261386377
531700,900.0,1076.8150896142886,-176.81508961428858
531715,990.0,1205.505683252615,-215.50568325261497
531718,590.0,646.9143748518727,-56.91437485187271
531724,545.0,689.8788326706671,-144.87883267066707
532091,545.0,685.247828770278,-140.24782877027803
532095,1160.0,1111.3454418990143,48.654558100985696
532135,1055.0,1287.909980522897,-232.90998052289706
532173,470.0,851.1480856496574,-381.14808564965745
532178,730.0,584.9033351767443,145.09666482325565
532209,1025.0,1160.9406278815302,-135.9406278815302
532269,649.0,771.8153903326972,-122.81539033269723
532310,570.0,730.2241984729379,-160.22419847293793
532321,795.0,734.3574369535298,60.64256304647017
532626,545.0,614.3816674218859,-69.38166742188594
532729,680.0,703.4436481100392,-23.44364811003925
532752,800.0,714.8383010701812,85.16169892981884
532893,610.0,1180.5912991867303,-570.5912991867303
532910,555.0,648.1783690194186,-93.1783690194186
532955,1425.0,1238.012103574647,186.98789642535303
532996,1150.0,921.2603986649,228.73960133510002
533034,1075.0,1070.2089671896354,4.791032810364641
533081,385.0,540.6482108909903,-155.6482108909903
533084,1230.0,1133.7518203515042,96.2481796484958
533137,575.0,702.4130120479655,-127.41301204796548
533212,1175.0,1264.9235358744356,-89.92353587443563
533262,1123.0,862.3765840098976,260.62341599010244
533341,1070.0,1343.9110881550278,-273.91108815502776
533437,890.0,1090.894321642276,-200.89432164227605
533446,1144.0,1443.2024053773632,-299.2024053773632
533513,560.0,700.5558683233738,-140.55586832337383
533698,1030.0,1243.9601319152896,-213.9601319152896
533786,363.0,1083.5870522913997,-720.5870522913997
533971,474.0,633.0357910287313,-159.0357910287313
533980,740.0,739.4375910110026,0.5624089889973902
533981,407.0,556.7366491347608,-149.7366491347608
534215,595.0,1101.9885272795555,-506.98852727955546
534251,1130.0,1207.244431172735,-77.24443117273495
534304,795.0,689.5227234124719,105.47727658752808
534389,860.0,1022.019590067483,-162.01959006748302
534468,1330.0,1147.8116315758123,182.18836842418773
534504,920.0,1207.3436535050714,-287.3436535050714
534518,633.0,667.5632123401649,-34.56321234016491
534525,530.0,646.1766136509802,-116.17661365098024
534535,800.0,1116.8813294686408,-316.88132946864084
534602,450.0,661.8616698531181,-211.8616698531181
534618,1385.0,1350.9960957208905,34.00390427910952
534739,1050.0,1200.889679588625,-150.88967958862509
534773,1170.0,1154.1217510537165,15.87824894628352
534800,727.0,1070.1497040221411,-343.1497040221411
534877,1216.0,1112.4556715985393,103.54432840146069
534924,558.0,742.0542281907146,-184.05422819071464
534965,571.0,712.0997529216047,-141.0997529216047
534978,235.0,724.499601608049,-489.49960160804903
535047,611.0,747.3808697416941,-136.38086974169414
535130,675.0,645.7589533329873,29.24104666701271
535176,540.0,531.3262330447327,8.673766955267297
535335,635.0,758.266108442078,-123.266108442078
535479,625.0,772.8060460973945,-147.80604609739453
535480,436.0,636.3663127479624,-200.3663127479624
535498,754.0,875.2797954076037,-121.27979540760373
535515,805.0,926.2818088134258,-121.28180881342576
535535,594.0,982.8846262628989,-388.8846262628989
535576,860.0,1020.3597518159703,-160.3597518159703
535586,705.0,1159.3811013705795,-454.3811013705795
535709,750.0,835.2358359211137,-85.23583592111368
535729,509.0,548.1947746928963,-39.19477469289632
535759,830.0,1161.988172962651,-331.9881729626511
535778,430.0,893.7167789652146,-463.71677896521464
535852,895.0,1090.269188870064,-195.269188870064
535861,435.0,518.3379910495297,-83.3379910495297
535892,660.0,719.5595624963273,-59.55956249632732
535898,515.0,503.8246070312602,11.1753929687398
535920,1140.0,1049.1737780421413,90.8262219578587
535949,1215.0,1299.656749315713,-84.65674931571289
536003,1100.0,1086.8105964877918,13.189403512208173
536214,1040.0,1313.32410010238,-273.32410010238004
536224,525.0,666.2371659304537,-141.23716593045367
536348,1320.0,1076.0673977072306,243.9326022927694
536469,540.0,585.5768053174434,-45.57680531744336
536478,1055.0,1100.3968680536711,-45.39686805367114
536531,1290.0,1273.9837876357815,16.016212364218518
536674,1125.0,1191.9706424862081,-66.97064248620813
536743,904.0,924.8847167554244,-20.884716755424392
536756,256.0,679.9254477220572,-423.92544772205724
536821,1055.0,1204.4033409512824,-149.40334095128242
537026,780.0,922.1819295729692,-142.18192957296924
537289,1440.0,1197.1138099577627,242.88619004223733
537330,1266.0,1152.4383599895916,113.56164001040838
537336,682.0,966.3848806437464,-284.38488064374644
537418,500.0,757.1278958854915,-257.1278958854915
537456,1110.0,1183.6633693648573,-73.66336936485732
537478,580.0,752.4746895397561,-172.47468953975613
537503,440.0,675.3413520423015,-235.34135204230154
537562,1213.0,1305.3707779709555,-92.37077797095549
537733,1140.0,1243.3622924723688,-103.36229247236884
537849,550.0,756.7137312080314,-206.7137312080314
537867,710.0,851.3327685576169,-141.33276855761687
537921,417.0,620.2754664438953,-203.2754664438953
538121,1055.0,1161.3058355397975,-106.3058355397975
538196,915.0,1069.3685956354807,-154.3685956354807
538259,545.0,695.4468146014191,-150.44681460141908
538316,1605.0,985.8606887125442,619.1393112874558
538355,1340.0,1325.0485677054564,14.951432294543565
538375,925.0,1072.9286890652434,-147.92868906524336
538407,1170.0,1065.3270588411249,104.67294115887512
538413,735.0,785.7444058171826,-50.74440581718261
538416,625.0,715.0650990268846,-90.06509902688458
538580,1130.0,1234.5247551915759,-104.52475519157588
538639,630.0,675.4745345980401,-45.47453459804012
538716,1240.0,1255.5005506260482,-15.500550626048152
538760,1000.0,1260.960777606279,-260.96077760627895
538784,995.0,984.3890137378953,10.610986262104689
538832,423.0,630.9681186132663,-207.96811861326626
538865,545.0,679.6313660353826,-134.6313660353826
539058,1005.0,1092.5883512233129,-87.58835122331288
539075,1266.0,1070.8996318151442,195.10036818485582
539091,987.0,872.059383238772,114.94061676122794
539114,1125.0,1082.354078795283,42.64592120471707
539117,680.0,687.2132959884636,-7.213295988463642
539168,749.0,1075.2595650340975,-326.2595650340975
539285,1070.0,1266.008423120484,-196.00842312048394
539364,1058.0,1327.7533722124815,-269.7533722124815
539379,340.0,673.6652127182344,-333.66521271823444
539419,1080.0,1304.4749105136984,-224.47491051369843
539487,735.0,650.9032665206487,84.09673347935131
539517,1040.0,1086.202063913691,-46.20206391369106
539539,545.0,660.0361277974223,-115.0361277974223
539552,1195.0,1122.307062885161,72.69293711483897
539577,880.0,1045.3005981042093,-165.30059810420926
539666,1050.0,1202.2499622144408,-152.24996221444076
539714,552.0,637.5362107489689,-85.53621074896887
539852,970.0,1176.8752265768737,-206.87522657687373
539870,1097.0,1157.1208256647064,-60.120825664706445
539880,1125.0,1117.5822782346188,7.417721765381202
540068,1120.0,1225.429907553543,-105.42990755354299
540250,1052.0,1221.7510927128421,-169.75109271284214
540285,780.0,950.723006948806,-170.72300694880596
540298,635.0,692.0230552127706,-57.0230552127706
540326,577.0,728.0302402610848,-151.03024026108483
540490,1054.0,1160.4341681531116,-106.43416815311161
540519,485.0,674.9296891548559,-189.92968915485585
540544,1000.0,1296.2968523139018,-296.2968523139018
540569,605.0,817.8168187677231,-212.81681876772313
540578,840.0,1157.6982811833052,-317.6982811833052
540586,1485.0,1251.517234038856,233.48276596114397
540822,1280.0,1110.6965846446828,169.30341535531716
540850,965.0,1101.9487062558853,-136.94870625588533
540976,783.0,1143.6623715826142,-360.66237158261424
540998,425.0,645.5852088127533,-220.5852088127533
541013,1370.0,1188.4053596863025,181.59464031369748
541110,715.0,1063.6678414755347,-348.6678414755347
541173,530.0,678.5535000462887,-148.55350004628872
541267,604.0,614.0561692722952,-10.056169272295165
541296,600.0,671.6779463656623,-71.67794636566225
541308,545.0,608.7282058695554,-63.72820586955538
541570,880.0,1163.992931905063,-283.99293190506296
541666,505.0,688.0306584284549,-183.0306584284549
541711,605.0,995.7749626774279,-390.7749626774279
541857,1180.0,1210.815088837335,-30.815088837334997
541858,815.0,820.8946374765627,-5.894637476562707
541889,720.0,1160.0501194489432,-440.0501194489432
542016,1080.0,1219.151506837331,-139.151506837331
542148,765.0,856.8906791887134,-91.89067918871342
542155,516.0,702.6621155754888,-186.66211557548877
542166,751.0,994.6608595402494,-243.66085954024936
542368,830.0,768.2855598282655,61.71444017173451
542375,435.0,692.9756399053547,-257.9756399053547
542529,455.0,791.0014306748615,-336.00143067486147
542664,980.0,1308.8183991254682,-328.8183991254682
542709,588.0,588.8860103956096,-0.88601039560956
542834,1090.0,991.3313434120553,98.66865658794472
542838,1240.0,1165.7041130012271,74.29588699877286
542863,1000.0,1308.1074262001157,-308.1074262001157
542871,1200.0,1041.8361716673535,158.16382833264652
542889,601.0,659.1035505432258,-58.103550543225765
542893,550.0,1066.2854923626671,-516.2854923626671
542939,755.0,721.3946108302008,33.605389169799196
542999,535.0,694.0376382111983,-159.03763821119833
543126,700.0,1030.6800906032756,-330.68009060327563
543159,530.0,624.4236561412122,-94.42365614121218
543294,1570.0,1327.2966265872585,242.70337341274148
543298,940.0,864.037957794074,75.96204220592597
543409,1220.0,1247.0549859559815,-27.054985955981465
543647,740.0,731.507410952961,8.492589047039019
543655,540.0,725.2662460546999,-185.26624605469988
543801,636.0,621.0887551060007,14.91124489399931
543802,1330.0,1197.3222546096558,132.67774539034417
543861,655.0,626.0247743411405,28.975225658859472
543904,585.0,593.1504132664301,-8.150413266430064
543969,452.0,593.6388242406468,-141.63882424064684
543974,535.0,735.2983316880411,-200.29833168804112
544234,470.0,785.1414038026585,-315.1414038026585
544317,950.0,1181.3938492718914,-231.39384927189144
544422,835.0,1168.463830341591,-333.4638303415909
544548,1325.0,1231.0062111564366,93.99378884356338
544637,738.0,1038.8577714762073,-300.8577714762073
544649,981.0,1032.393228495429,-51.39322849542896
544660,870.0,1088.1044722153158,-218.1044722153158
544686,840.0,596.020204344692,243.97979565530795
544690,560.0,701.1909953955985,-141.19099539559852
544734,959.0,988.2511623106842,-29.251162310684208
544812,1255.0,1290.7185425161367,-35.71854251613672
544889,838.0,1279.9502625939015,-441.95026259390147
544890,845.0,991.1496773935687,-146.1496773935687
544931,1036.0,1107.5423646499385,-71.54236464993846
545299,806.0,995.0397512509835,-189.0397512509835
545388,374.0,916.7701742622374,-542.7701742622374
545411,830.0,801.5235240086203,28.476475991379743
545592,620.0,728.1180217799532,-108.11802177995321
545632,485.0,618.3190028496374,-133.3190028496374
545641,1350.0,1315.8504662222133,34.1495337777867
545701,925.0,950.0671401479485,-25.06714014794852
545719,845.0,780.76180782657,64.23819217342998
545753,1150.0,1110.2913876531086,39.708612346891414
545769,715.0,733.927828241363,-18.927828241363045
545793,600.0,885.591875706739,-285.59187570673896
546098,835.0,702.6274707730895,132.3725292269105
546116,1015.0,1229.8050785543255,-214.80507855432552
546161,440.0,535.5996843587394,-95.59968435873941
546279,605.0,725.8722467239498,-120.87224672394984
546301,1325.0,1283.997269875901,41.00273012409889
546327,1050.0,1131.611859896273,-81.61185989627302
546328,1160.0,1003.0759922744418,156.92400772555823
546358,614.0,700.745347639167,-86.745347639167
546386,675.0,688.7805638588159,-13.780563858815867
546475,893.0,1106.9688117764044,-213.96881177640444
546498,722.0,1022.7273323210832,-300.72733232108317
546500,560.0,717.5896898903841,-157.58968989038408
546709,553.0,729.689647218617,-176.68964721861698
546747,640.0,690.8252502058004,-50.825250205800444
546818,1279.0,1002.8831008796216,276.11689912037843
546833,1270.0,1225.1030320053856,44.89696799461444
546846,375.0,667.9518341426397,-292.95183414263965
547176,765.0,905.6114610773872,-140.61146107738716
547184,555.0,980.5205191271456,-425.5205191271456
547219,1020.0,1283.4153214267044,-263.4153214267044
547259,752.0,610.7781523198635,141.22184768013653
547346,1356.0,1192.2386422795146,163.76135772048542
547365,875.0,1010.9525630599342,-135.95256305993416
547504,605.0,921.2145664505247,-316.21456645052467
547563,840.0,915.7801350984678,-75.78013509846778
547796,870.0,1077.3625585023522,-207.36255850235216
547829,1252.0,1030.2067564071308,221.7932435928692
547855,415.0,688.0562742783317,-273.05627427833167
547870,975.0,1193.2549108709502,-218.2549108709502
547882,830.0,1075.09896804886,-245.0989680488599
547962,1000.0,956.9955451213305,43.00445487866955
547975,550.0,552.2213039312868,-2.2213039312867977
548103,1018.0,1055.8517567982008,-37.85175679820077
548110,1205.0,1157.4517290991232,47.54827090087679
548311,450.0,571.2249558444583,-121.22495584445835
548313,695.0,734.8213838664798,-39.82138386647978
548326,1035.0,1081.0513525345002,-46.05135253450021
548379,1285.0,1175.7473437466654,109.25265625333464
548391,530.0,695.8070653169033,-165.80706531690328
548445,1455.0,1245.1167867574238,209.88321324257618
548463,830.0,1171.9437578756804,-341.9437578756804
548607,540.0,660.7074533941276,-120.70745339412758
548653,445.0,674.3895184062293,-229.38951840622929
548677,540.0,677.980554108927,-137.98055410892698
548723,380.0,631.5492889867065,-251.54928898670653
548737,860.0,1282.7662213586575,-422.7662213586575
548912,965.0,1050.9625780423276,-85.96257804232755
549051,925.0,1088.7747056574378,-163.77470565743783
549613,675.0,584.8144835714852,90.1855164285148
549647,725.0,699.2399004088958,25.760099591104222
549684,1190.0,1289.8316462767798,-99.8316462767798
549748,630.0,685.3319273527983,-55.33192735279829
549991,531.0,714.5962536921448,-183.59625369214484
550055,745.0,1200.8850488825105,-455.88504888251055
550190,1113.0,1036.8007380962697,76.1992619037303
550394,937.0,1146.8384000812569,-209.83840008125685
550435,1090.0,1089.5757644228158,0.42423557718416305
550449,1080.0,1183.4848709080964,-103.48487090809635
550476,1065.0,1264.116388943468,-199.1163889434681
550491,815.0,945.3377733131701,-130.33777331317015
550562,430.0,586.2627208832382,-156.26272088323822
550681,1180.0,1269.0260731945439,-89.02607319454387
550689,1135.0,1106.1698850495766,28.83011495042342
550900,710.0,1245.7404660899801,-535.7404660899801
550956,495.0,535.0165832217364,-40.01658322173637
551139,816.0,1139.4618508560243,-323.4618508560243
551176,950.0,1146.0926841535797,-196.09268415357974
551249,575.0,699.4894163745402,-124.48941637454016
551318,1075.0,1253.3457857758917,-178.34578577589173
551378,675.0,673.0655471475518,1.934452852448203
551402,910.0,1206.0382942368458,-296.0382942368458
551484,990.0,1191.4101545236751,-201.41015452367515
551491,615.0,588.68428968254,26.315710317460002
551506,1085.0,1080.003194577738,4.996805422262014
551936,776.0,971.4472162968066,-195.44721629680657
551964,465.0,601.0049955835713,-136.00499558357126
552001,808.0,791.1701821468057,16.8298178531943
552119,510.0,869.358123452571,-359.358123452571
552341,705.0,1182.804527500486,-477.8045275004861
552390,595.0,729.9340362414484,-134.93403624144844
552413,683.0,656.8359905410051,26.164009458994883
552442,1140.0,1255.7243966968663,-115.72439669686628
552478,1360.0,1367.8759056918598,-7.875905691859771
552610,766.0,1102.5114679386008,-336.51146793860084
552652,1240.0,1160.8291038786033,79.17089612139671
552689,595.0,601.8825211539755,-6.882521153975517
552724,1180.0,1241.0657437218833,-61.06574372188334
552784,1434.0,1096.045854791143,337.95414520885697
552859,1195.0,1305.3367758292557,-110.33677582925566
552965,560.0,668.2221111268747,-108.22211112687467
553148,470.0,646.4996400185219,-176.49964001852186
553150,1170.0,1084.4515728082288,85.54842719177122
553178,565.0,647.4710606796332,-82.47106067963318
553182,859.0,929.038904605396,-70.03890460539606
553193,500.0,634.4227390523324,-134.42273905233242
553212,1025.0,1111.541572652212,-86.54157265221193
553513,930.0,1100.904290679447,-170.90429067944706
553540,967.0,1171.9919144579019,-204.99191445790188
553567,425.0,466.37335978835983,-41.373359788359835
553656,1060.0,1147.392492195278,-87.39249219527801
553682,1020.0,1003.4179156555235,16.58208434447647
553700,900.0,927.1873724155992,-27.187372415599157
553729,1215.0,1069.6220175674107,145.3779824325893
553817,1080.0,1095.0020931185215,-15.002093118521543
553984,530.0,566.5793008968853,-36.57930089688534
554027,590.0,666.3392992551708,-76.33929925517077
554038,495.0,815.6204584326429,-320.62045843264286
554116,805.0,744.585565741012,60.41443425898797
554201,580.0,709.2709473467592,-129.27094734675916
554393,1205.0,1088.6367719908865,116.36322800911353
554411,545.0,657.547354927687,-112.54735492768702
554641,563.0,683.1185066690282,-120.11850666902819
554697,1360.0,1181.2116861410568,178.78831385894318
554757,625.0,703.9706704582622,-78.97067045826225
554857,555.0,702.5857005331817,-147.5857005331817
555182,965.0,1089.0100609566923,-124.01006095669231
555239,890.0,1169.0786877314076,-279.0786877314076
555253,576.0,614.4930688355214,-38.4930688355214
555294,1225.0,1102.4678714524316,122.53212854756839
555364,600.0,516.6162638879202,83.38373611207976
555365,1020.0,1113.658109125378,-93.6581091253779
555431,412.0,590.5216545946804,-178.5216545946804
555728,946.0,1179.0998476932155,-233.09984769321545
555839,1146.0,1071.0792504019628,74.92074959803722
556103,937.0,1308.7460157410994,-371.7460157410994
556409,432.0,536.0611805465203,-104.06118054652029
556661,841.0,1030.0225688353246,-189.0225688353246
556929,940.0,1261.7739262486325,-321.7739262486325
556973,1410.0,1346.735742817615,63.26425718238511
556986,285.0,738.4154169757327,-453.4154169757327
557123,1500.0,1365.9469987281714,134.05300127182863
557187,1155.0,1191.5055723671726,-36.50557236717259
557189,1310.0,1257.641582009224,52.35841799077593
557298,625.0,720.2661831842096,-95.26618318420958
557532,1020.0,1198.1952098675247,-178.19520986752468
557636,625.0,727.1296608769019,-102.12966087690188
557651,915.0,1067.7417967775382,-152.74179677753818
557671,1020.0,1193.7372116737279,-173.73721167372787
557819,970.0,1166.6815852841435,-196.68158528414347
557823,680.0,752.4849313319489,-72.48493133194893
557896,490.0,611.0400247193736,-121.0400247193736
558108,1130.0,1043.4245218007873,86.57547819921274
558151,1200.0,1186.7941407980509,13.205859201949124
558193,640.0,641.5612848469327,-1.5612848469327218
558276,1135.0,1126.3645433943332,8.635456605666832
558304,1000.0,1061.744813744293,-61.74481374429297
558337,940.0,1172.879446918297,-232.87944691829694
558466,440.0,715.2127303821956,-275.21273038219556
558482,1140.0,1225.4924041378365,-85.4924041378365
558596,617.0,672.9603642765177,-55.96036427651768
558678,853.0,1152.0301692391436,-299.03016923914356
558708,335.0,582.8811776884917,-247.88117768849168
558856,1160.0,1066.591632820375,93.40836717962497
559070,565.0,729.7420024836914,-164.7420024836914
559097,845.0,839.2982895109545,5.7017104890454675
559155,840.0,1347.1863384075107,-507.1863384075107
559226,865.0,995.9339508897236,-130.93395088972363
559453,870.0,1065.6340966877192,-195.6340966877192
559494,543.0,610.9814383571851,-67.98143835718508
559743,1150.0,1225.1633902338276,-75.16339023382761
559760,750.0,989.0964298825304,-239.0964298825304
559828,1020.0,988.2959494337844,31.704050566215642
559837,495.0,568.3854819624817,-73.38548196248166
559851,474.0,739.8284520370315,-265.8284520370315
559885,880.0,1227.3636233538205,-347.36362335382046
560013,755.0,1201.3636361559502,-446.3636361559502
560115,493.0,631.775995394108,-138.775995394108
560143,680.0,654.5745280745,25.425471925500005
560182,970.0,1144.3309296677921,-174.33092966779213
560221,1257.0,1090.344068299207,166.65593170079296
560247,985.0,1092.232119268858,-107.23211926885801
560269,1455.0,1412.6660218307293,42.33397816927072
560410,400.0,765.5455144354264,-365.5455144354264
560440,1005.0,1196.6883697772769,-191.68836977727688
560473,412.0,660.7538272823136,-248.75382728231364
560478,1355.0,1091.1689027376533,263.8310972623467
560548,785.0,956.948612871756,-171.94861287175604
560674,860.0,1207.9254999509005,-347.92549995090053
560722,1385.0,1285.739696085147,99.26030391485301
560830,465.0,794.3288596692714,-329.3288596692714
561111,530.0,793.6209530988623,-263.6209530988623
561138,640.0,678.5535000462887,-38.55350004628872
561153,672.0,596.952550262686,75.04744973731397
561490,940.0,794.9686986161826,145.03130138381744
561670,319.0,654.3996282978181,-335.39962829781814
561672,725.0,689.9553918985283,35.04460810147168
561698,500.0,734.3574369535298,-234.35743695352983
561717,605.0,800.7147856382916,-195.71478563829157
561730,1075.0,1288.9993177204458,-213.9993177204458
561823,460.0,939.5615405428175,-479.5615405428175
561831,820.0,910.7797250158367,-90.77972501583668
561858,630.0,588.4686413133426,41.53135868665743
561884,700.0,697.4546941713439,2.545305828656069
562004,1030.0,1087.622675653819,-57.62267565381899
562160,1000.0,1119.4501054946945,-119.45010549469453
562272,360.0,656.8277913459942,-296.8277913459942
562283,582.0,813.8164030001286,-231.81640300012862
562457,620.0,654.3243272129029,-34.32432721290286
562504,1265.0,1207.404977769225,57.59502223077493
562687,1050.0,1201.0833281648622,-151.08332816486222
562772,705.0,761.4280787373336,-56.428078737333635
562849,640.0,723.163011807907,-83.16301180790697
563064,1210.0,1087.3252319128053,122.6747680871947
563404,660.0,1268.7015240829546,-608.7015240829546
563437,1101.0,1261.6732531105924,-160.67325311059244
563458,780.0,783.7201941219046,-3.7201941219045693
563472,970.0,1196.9319849353997,-226.93198493539967
563501,821.0,986.7553894454223,-165.75538944542234
563632,531.0,692.1323019424151,-161.1323019424151
563769,645.0,1289.7035277224954,-644.7035277224954
563793,1091.0,1170.961766149903,-79.96176614990304
563863,981.0,995.4975004696042,-14.497500469604233
563882,1170.0,1187.9707607604564,-17.970760760456415
563911,960.0,975.0371468171728,-15.037146817172811
564173,860.0,994.9506779872966,-134.95067798729656
564246,930.0,1171.0340149256826,-241.03401492568264
564283,555.0,639.9119882034787,-84.9119882034787
564645,1135.0,1063.8297037240732,71.17029627592683
564726,500.0,712.051766005531,-212.05176600553102
564840,705.0,598.1023859635133,106.89761403648674
564850,855.0,1106.1935218061321,-251.19352180613214
564854,890.0,753.9269329741327,136.07306702586732
564866,790.0,1108.5286927785255,-318.5286927785255
564944,590.0,581.4519651801654,8.548034819834584
564982,615.0,693.7824248417478,-78.7824248417478
565108,500.0,823.3879257567604,-323.3879257567604
565138,861.0,988.6433817354149,-127.64338173541489
565185,590.0,656.1343461501012,-66.13434615010124
565282,1070.0,1176.2878444555963,-106.28784445559631
565461,520.0,742.9171675643094,-222.91716756430935
565485,545.0,564.0219048566283,-19.02190485662834
565492,760.0,774.8760338208112,-14.876033820811244
565550,510.0,661.9882873362532,-151.98828733625317
565651,1160.0,1253.7177455093606,-93.71774550936061
565731,660.0,759.962377017808,-99.96237701780797
565802,1024.0,1092.823301333149,-68.82330133314895
565894,760.0,713.5667655589046,46.43323444109535
565939,1155.0,1237.780550417362,-82.78055041736206
565942,252.0,499.0705453912558,-247.0705453912558
565982,1055.0,1171.9613966537752,-116.96139665377518
566131,1240.0,1059.2284178852128,180.77158211478718
566220,970.0,1155.0342960924436,-185.03429609244358
566233,870.0,1098.713979465925,-228.71397946592492
566300,1010.0,1317.688746939,-307.6887469390001
566342,780.0,1076.8359105012687,-296.8359105012687
566394,790.0,1081.594547682406,-291.5945476824061
566664,871.0,1181.5006338886399,-310.50063388863987
566674,840.0,989.1026578105317,-149.1026578105317
566723,890.0,921.4141542373654,-31.414154237365437
567024,730.0,602.4050522043549,127.59494779564511
567119,540.0,626.977657955186,-86.97765795518603
567148,685.0,880.6577281643041,-195.6577281643041
567193,960.0,1281.6447575219095,-321.64475752190947
567256,771.0,956.676482735946,-185.67648273594602
567305,410.0,649.6925909693332,-239.6925909693332
567511,720.0,692.9318261540964,27.06817384590363
567583,960.0,1184.7931406160917,-224.7931406160917
567624,716.0,900.79664479468,-184.79664479468
567652,799.0,708.6593989382174,90.34060106178265
567992,911.0,1097.43411773538,-186.4341177353799
568255,655.0,665.4939314942051,-10.493931494205071
568262,515.0,693.881203062168,-178.88120306216797
568320,585.0,694.1246207382845,-109.12462073828453
568399,1405.0,1110.2367147691314,294.76328523086863
568515,920.0,1084.9776972329014,-164.9776972329014
568576,561.0,729.6320832733727,-168.6320832733727
568621,1110.0,1137.0387062773573,-27.038706277357278
568843,495.0,522.6098924731181,-27.609892473118066
568961,1075.0,1171.5108064038955,-96.51080640389546
569010,1400.0,1196.353972974542,203.6460270254579
569098,885.0,1087.3332789066817,-202.3332789066817
569134,485.0,742.1584316704703,-257.15843167047035
569378,842.0,1189.3255111439303,-347.32551114393027
569422,920.0,988.8399627805144,-68.83996278051438
569454,1171.0,1076.0403309587111,94.95966904128886
569488,1280.0,1286.6702111171662,-6.670211117166218
569601,1145.0,1282.2941169179041,-137.29411691790415
569707,775.0,1089.9222323357785,-314.9222323357785
569767,716.0,971.6572991861557,-255.65729918615568
569808,617.0,753.3422979071398,-136.34229790713982
569861,740.0,978.8503566711014,-238.8503566711014
569947,490.0,1109.2519580604935,-619.2519580604935
570014,495.0,626.5094535834536,-131.5094535834536
570086,515.0,681.7128912333269,-166.7128912333269
570238,1010.0,1094.7953607865647,-84.79536078656474
570267,950.0,1091.5849138238011,-141.58491382380112
570381,590.0,575.3744412140113,14.625558785988687
570465,820.0,872.4912779517358,-52.49127795173581
570575,810.0,1093.8858350729217,-283.88583507292174
570660,590.0,674.8814745736258,-84.88147457362584
570699,425.0,494.10575278079915,-69.10575278079915
570768,565.0,607.2697423498449,-42.26974234984493
570786,1065.0,1231.4219952279548,-166.42199522795477
570813,1465.0,1189.0748007499612,275.92519925003876
571132,920.0,1103.7567031491126,-183.75670314911258
571184,1300.0,1241.639324029874,58.36067597012607
571258,735.0,970.669313651705,-235.669313651705
571302,1195.0,1316.2696092131448,-121.2696092131448
571346,538.0,639.5480554090725,-101.5480554090725
571536,1225.0,1212.0238132860707,12.976186713929337
571544,595.0,669.2576508504793,-74.25765085047931
571600,505.0,740.5876308969129,-235.58763089691286
571606,820.0,768.0997335608688,51.9002664391312
571608,790.0,1157.1127378838946,-367.1127378838946
571738,1070.0,1251.0452106905036,-181.0452106905036
571909,530.0,688.9135322729496,-158.91353227294962
571917,1125.0,1255.8777102450247,-130.87771024502467
571999,1400.0,1199.17388789735,200.8261121026501
572014,405.0,650.0827873504626,-245.08278735046258
572122,362.0,593.4486703143572,-231.44867031435717
572131,1058.0,1142.1662600457394,-84.16626004573936
572157,579.0,662.3158591168052,-83.3158591168052
572220,1140.0,1219.7999554394653,-79.7999554394653
572244,771.0,982.7078276760234,-211.70782767602338
572391,815.0,825.4637328042326,-10.463732804232563
572415,1040.0,917.9836134540061,122.0163865459939
572505,683.0,661.9090325582094,21.090967441790553
572674,1036.0,983.2044435842344,52.795556415765645
572718,867.0,1042.140738068513,-175.14073806851297
572854,1158.0,1322.9559685195825,-164.95596851958248
572919,889.0,847.8183542626971,41.181645737302915
573008,926.0,930.7018971623867,-4.701897162386672
573067,965.0,1004.0722006257919,-39.07220062579188
573080,1263.0,1191.9235012504093,71.07649874959066
573129,1035.0,1172.0947186171497,-137.09471861714974
573290,502.0,641.7443898462293,-139.7443898462293
573341,893.0,1094.5960050911435,-201.59600509114352
573363,760.0,1089.9529167576475,-329.9529167576475
573817,655.0,713.6276332370184,-58.62763323701836
573967,1310.0,1318.6605486412795,-8.660548641279547
573977,1190.0,1250.5447327916652,-60.54473279166518
574053,815.0,773.6852380793222,41.314761920677824
574079,290.0,640.2153862871286,-350.2153862871286
574097,1020.0,990.6125562121935,29.387443787806546
574115,505.0,687.6949273348627,-182.69492733486265
574247,528.0,701.6395092302406,-173.6395092302406
574454,675.0,624.3034827453855,50.69651725461449
574510,617.0,621.8950801023526,-4.895080102352608
574548,1095.0,1103.0082193019548,-8.008219301954796
574741,575.0,670.1948723246807,-95.19487232468066
574759,1350.0,1162.5918179253267,187.40818207467328
574765,1225.0,1293.4708932585104,-68.47089325851039
574858,830.0,1013.1433310485816,-183.14333104858156
574918,705.0,1141.912286869137,-436.912286869137
575226,965.0,1028.2227962076877,-63.22279620768768
575237,740.0,1029.7698213507883,-289.76982135078833
575419,1065.0,1152.9465136187462,-87.94651361874617
575750,650.0,652.1274365175557,-2.1274365175556795
575859,985.0,1234.0705340063637,-249.0705340063637
575899,948.0,1226.8031902892099,-278.80319028920985
575958,616.0,609.6560448533603,6.343955146639701
576067,960.0,1081.2375071872953,-121.23750718729525
576081,860.0,1160.36972249927,-300.36972249927
576091,1130.0,1266.693532031325,-136.69353203132505
576165,638.0,948.9774284326108,-310.97742843261085
576174,795.0,1174.2587031316664,-379.2587031316664
576196,671.0,648.7489024903304,22.25109750966965
576249,525.0,687.5849143566653,-162.5849143566653
576253,1060.0,1031.1354947913615,28.864505208638548
576270,790.0,770.6560276191314,19.34397238086865
576305,1215.0,1092.2219605832631,122.77803941673687
576318,947.0,977.2176686508775,-30.2176686508775
576331,725.0,728.9080556622743,-3.9080556622742506
576406,950.0,1255.0810327328488,-305.0810327328488
576422,595.0,688.3229535889511,-93.32295358895112
576425,1105.0,1274.0823781434513,-169.08237814345125
576488,390.0,498.40778132832077,-108.40778132832077
576699,400.0,708.900779733206,-308.90077973320604
576796,716.0,1129.9274150677106,-413.9274150677106
576832,390.0,684.1785907070125,-294.1785907070125
576834,655.0,729.332087864589,-74.33208786458897
577104,1110.0,1217.772856082513,-107.77285608251304
577154,460.0,758.4155196558766,-298.41551965587655
577421,1488.0,1081.4270230036134,406.5729769963866
577427,565.0,767.3941700449643,-202.3941700449643
577626,1200.0,1062.8194214177038,137.18057858229622
577744,760.0,729.614864076169,30.385135923830944
577806,950.0,915.7258440521802,34.27415594781985
577816,904.0,1144.1267281443838,-240.12672814438383
577832,860.0,1144.494049328093,-284.49404932809307
577891,1010.0,1045.6393083024827,-35.63930830248273
577941,610.0,667.6178023788007,-57.61780237880066
578041,1040.0,1179.9853963387213,-139.98539633872133
578281,532.0,707.1766183769632,-175.17661837696323
578301,565.0,766.8865588566096,-201.88655885660955
578346,440.0,659.5899785399303,-219.58997853993026
578475,935.0,1015.5940525408745,-80.59405254087449
578641,654.0,548.886955138365,105.11304486163499
578696,1240.0,1031.6008451685948,208.3991548314052
578924,860.0,1118.6230617288809,-258.6230617288809
578948,871.0,973.1191279754893,-102.11912797548928
578964,503.0,615.3055206447934,-112.30552064479343
579113,700.0,958.6553330940142,-258.65533309401417
579172,620.0,706.9820924622301,-86.98209246223007
579253,935.0,1137.6648387141865,-202.66483871418654
579413,865.0,1173.0884840530402,-308.08848405304025
579499,480.0,647.3658229535607,-167.36582295356072
579828,902.0,1191.5430030358734,-289.5430030358734
579846,615.0,743.957268248475,-128.95726824847497
579932,815.0,772.2471450617287,42.7528549382713
580022,959.0,1063.8884100412254,-104.88841004122537
580283,465.0,510.46011980401266,-45.46011980401266
580348,960.0,886.4065041050895,73.59349589491046
580424,911.0,1141.9441000627687,-230.9441000627687
580516,932.0,1116.2278019505607,-184.22780195056066
580919,1210.0,1344.137888851819,-134.13788885181907
580950,625.0,1029.4914013279624,-404.4914013279624
581404,870.0,858.6395255727323,11.360474427267718
581874,920.0,1134.8400990196299,-214.84009901962986
581934,337.0,673.4308004512789,-336.43080045127886
582016,680.0,711.1142472989112,-31.11424729891121
582044,955.0,972.4753170837884,-17.475317083788354
582104,1091.0,1205.8871030343107,-114.88710303431071
582129,1080.0,1157.3616648494597,-77.36166484945966
582203,610.0,702.8570833305167,-92.85708333051673
582225,1205.0,1155.4545642395565,49.545435760443524
582424,374.0,664.546053214721,-290.54605321472104
582502,710.0,717.2660561414151,-7.266056141415106
582506,520.0,687.3780759339144,-167.37807593391437
582602,735.0,769.2958730158733,-34.295873015873326
582701,810.0,697.6168242703137,112.38317572968629
582889,1075.0,1060.0042638374441,14.995736162555886
583128,870.0,895.6510767195767,-25.651076719576736
583358,1050.0,1310.2377489031433,-260.23774890314326
583442,980.0,1265.9969508686934,-285.9969508686934
583484,907.0,1111.921458827909,-204.92145882790896
583514,370.0,840.7467933522111,-470.74679335221106
583521,790.0,706.4569299776279,83.54307002237215
583585,840.0,1193.8442569096771,-353.84425690967714
583759,1185.0,1040.9331494400963,144.06685055990374
583770,520.0,792.3047477284465,-272.3047477284465
583906,765.0,937.3329339069113,-172.3329339069113
583966,521.0,755.6846216214282,-234.68462162142816
584204,1100.0,1133.4567844416017,-33.45678444160171
584350,1146.0,855.5297318097599,290.47026819024006
584361,1190.0,1389.0565664700428,-199.05656647004275
584447,930.0,1264.1536645659253,-334.1536645659253
584837,955.0,1127.490526231378,-172.490526231378
584838,1075.0,1281.951134994044,-206.95113499404397
584852,1315.0,1277.807983877971,37.19201612202892
584907,1100.0,1206.1403906747043,-106.14039067470435
585055,1310.0,1366.1951350938123,-56.19513509381227
585091,1125.0,1271.7924882173106,-146.79248821731062
585099,620.0,765.0330571070264,-145.03305710702637
585232,865.0,1121.2883440600951,-256.28834406009514
585247,1155.0,1241.038471213413,-86.038471213413
585254,1030.0,1074.1602559611908,-44.16025596119084
585653,893.0,937.5683710569473,-44.568371056947285
585669,905.0,1108.9196379142745,-203.91963791427452
585684,960.0,1154.6124627353265,-194.61246273532652
585792,498.0,741.19392150678,-243.19392150678004
585892,780.0,1202.5090356758765,-422.5090356758765
585923,546.0,579.7528919784447,-33.75289197844472
586188,816.0,1083.3904983961652,-267.3904983961652
586396,915.0,1129.4145986616861,-214.4145986616861
586502,701.0,1017.7698394606131,-316.76983946061307
586512,585.0,709.0366718056446,-124.03667180564457
586532,637.0,676.9543613181603,-39.954361318160295
586600,783.0,907.4759966237465,-124.47599662374648
586739,313.0,675.5066694890869,-362.5066694890869
586819,1060.0,1328.3575716899843,-268.3575716899843
586972,1020.0,1206.536931269554,-186.5369312695541
587082,955.0,1262.2210235158689,-307.22102351586886
587104,1036.0,1068.6754850910736,-32.6754850910736
587146,871.0,1247.768844915917,-376.76884491591704
587156,675.0,755.9182323399554,-80.91823233995535
587219,1082.0,1246.1947258461148,-164.1947258461148
587266,563.0,722.184619014941,-159.18461901494095
587556,1138.0,1106.7987209727662,31.201279027233795
587639,1160.0,1074.1215776332438,85.87842236675624
587734,1015.0,1222.7466327209745,-207.7466327209745
587816,1675.0,1294.8139880054798,380.1860119945202
587834,655.0,685.2703446938231,-30.270344693823063
587863,655.0,683.575398594814,-28.575398594814033
587872,826.0,915.2003776524034,-89.2003776524034
587939,493.0,631.0163713247365,-138.0163713247365
587970,390.0,595.4090070687602,-205.40900706876016
588189,635.0,1029.9716180550254,-394.9716180550254
588312,756.0,596.7084779609243,159.29152203907574
588571,600.0,749.3595528471669,-149.35955284716692
588641,545.0,742.4682451202266,-197.46824512022658
588728,437.0,706.976366224158,-269.976366224158
588783,515.0,1281.5098649357503,-766.5098649357503
588842,1091.0,917.9800128177334,173.01998718226662
588857,735.0,1078.6371976644589,-343.6371976644589
589000,1120.0,1131.9159154028682,-11.915915402868222
589076,1140.0,1120.454116275638,19.545883724362056
589227,1160.0,1309.8802345962142,-149.88023459621422
589314,1014.0,1033.0661409745928,-19.066140974592827
589456,635.0,1063.415521283126,-428.41552128312605
589507,790.0,1215.0455675249618,-425.0455675249618
589814,560.0,620.7052862423064,-60.70528624230644
589906,570.0,595.6240408017907,-25.62404080179067
589958,915.0,1184.3660651728158,-269.36606517281575
590055,1340.0,1314.6374694195526,25.362530580447356
590071,840.0,990.3678044195989,-150.36780441959888
590095,636.0,715.5738191947917,-79.57381919479167
590126,324.0,923.991540796477,-599.991540796477
590228,585.0,726.719961818218,-141.71996181821805
590235,575.0,631.8479091903537,-56.847909190353676
590297,1150.0,1212.931061515682,-62.931061515681904
590316,740.0,1209.8392216210316,-469.8392216210316
590562,705.0,1225.7678544682958,-520.7678544682958
590573,1485.0,1457.8493529051188,27.15064709488115
590589,460.0,676.8206136340526,-216.82061363405262
590671,572.0,650.7921463400237,-78.79214634002369
590677,990.0,1142.9114362213295,-152.9114362213295
590812,1085.0,1287.113369027624,-202.113369027624
591514,1000.0,1072.8531316297156,-72.85313162971556
591697,920.0,1117.1105156047502,-197.11051560475016
591708,1030.0,1199.4061059077924,-169.40610590779238
591749,550.0,593.3385072503916,-43.33850725039156
591905,570.0,762.9262934140982,-192.92629341409815
591940,910.0,1114.628190404445,-204.62819040444492
592167,420.0,751.3055896966526,-331.30558969665265
592184,1190.0,1325.925236643737,-135.92523664373698
592417,1187.0,1233.319499185186,-46.31949918518603
592477,1080.0,1102.887819965438,-22.887819965437984
592532,760.0,926.8872971425192,-166.88729714251917
592548,1160.0,1079.8823012639168,80.11769873608318
592613,685.0,732.6426397282572,-47.64263972825722
592667,842.0,1047.1847027054098,-205.1847027054098
592787,500.0,645.6060623731443,-145.60606237314425
592820,780.0,696.1177726679989,83.8822273320011
592883,1143.0,1277.3036760848504,-134.3036760848504
593044,1420.0,1227.992318819004,192.0076811809961
593084,838.0,1239.161691345277,-401.16169134527695
593105,860.0,1300.8649751689966,-440.8649751689966
593233,870.0,1052.9511791466985,-182.95117914669845
593309,720.0,626.8302070615034,93.16979293849658
593493,840.0,671.2404276064638,168.75957239353625
593528,880.0,1096.713911936904,-216.71391193690397
593593,395.0,633.4185475368741,-238.41854753687414
593835,694.0,886.0067566151738,-192.0067566151738
594018,770.0,1126.1604542512061,-356.16045425120615
594218,1050.0,1134.7526672116153,-84.75266721161529
594355,790.0,865.090342111592,-75.09034211159201
594517,1047.0,1221.5312670015508,-174.53126700155076
594691,630.0,646.9260149468371,-16.926014946837086
594838,937.0,1120.6847558696884,-183.6847558696884
594978,450.0,552.7498370428899,-102.74983704288991
595168,1201.0,1189.3461865775496,11.653813422450412
595228,530.0,708.814802485621,-178.81480248562104
595514,774.0,934.8145927389754,-160.81459273897542
595670,1050.0,1056.339963669728,-6.339963669727922
595698,1515.0,1255.4942758887023,259.5057241112977
595862,875.0,1135.7394144687933,-260.73941446879326
595894,495.0,679.3573433938939,-184.35734339389387
595986,1115.0,1189.9383325993845,-74.93833259938447
596084,790.0,959.7212522920489,-169.72125229204892
596375,966.0,1101.079569048307,-135.0795690483069
596528,560.0,664.71442415726,-104.71442415726005
596549,500.0,673.2399531742769,-173.23995317427693
596798,510.0,722.2139790323467,-212.21397903234674
596814,1320.0,1276.1117726271698,43.888227372830215
596992,1015.0,1400.6064250373668,-385.60642503736676
597022,535.0,626.5931878181135,-91.5931878181135
597225,625.0,569.9967213652169,55.0032786347831
597242,557.0,689.7790852790798,-132.77908527907982
597326,631.0,661.1760183162355,-30.176018316235513
597381,1131.0,1112.4338973052058,18.566102694794154
597529,1240.0,1090.4200050871434,149.5799949128566
597670,1230.0,1348.035082007537,-118.03508200753708
598036,1095.0,1045.320740638238,49.67925936176198
598150,1135.0,1197.2991377218416,-62.29913772184159
598700,979.0,1034.8280020294094,-55.82800202940939
598764,465.0,625.6034243500517,-160.60342435005168
598856,845.0,1225.920887017616,-380.920887017616
598921,1340.0,1319.4716595325199,20.52834046748012
599257,590.0,600.0140781213339,-10.01407812133391
599315,495.0,650.4366264340348,-155.4366264340348
599356,1045.0,1144.2875375481378,-99.28753754813783
599472,990.0,1228.7396028479475,-238.73960284794748
599499,1110.0,1044.1559547307695,65.84404526923049
599638,628.0,716.6536303056749,-88.65363030567494
599657,555.0,555.0069833589348,-0.0069833589348036185
600168,450.0,608.3189442271716,-158.31894422717164
600183,1020.0,1326.181825226212,-306.1818252262119
600250,985.0,1142.0813830386405,-157.08138303864052
600816,495.0,561.3070082486098,-66.3070082486098
600879,1510.0,1261.6466430450755,248.3533569549245
600932,805.0,619.6070980047392,185.3929019952608
600981,545.0,682.6905798610525,-137.69057986105247
601054,890.0,1100.0340548252116,-210.03405482521157
601121,1075.0,1099.445887210515,-24.44588721051491
601183,1130.0,1043.358671628829,86.64132837117108
601309,915.0,1055.3482956909465,-140.34829569094654
601346,1235.0,1129.5458611015704,105.45413889842962
601512,620.0,698.2535655971986,-78.25356559719864
602034,545.0,680.0133874481721,-135.01338744817213
602186,650.0,902.6815482331564,-252.68154823315638
602753,1520.0,1174.7748715140312,345.22512848596875
602796,1046.0,1031.6008451685948,14.399154831405212
602961,1100.0,944.3190125980952,155.68098740190476
603040,420.0,546.1237921585462,-126.12379215854617
603117,497.0,711.5616891576743,-214.56168915767432
603543,558.0,818.9867564255584,-260.9867564255584
603552,1325.0,1323.435553546617,1.5644464533829705
603557,1400.0,1220.924668086855,179.07533191314496
603683,548.0,636.3368160115251,-88.33681601152512
603733,600.0,797.404676512109,-197.40467651210895
603942,965.0,1062.4352366322557,-97.43523663225574
603986,1205.0,1301.54130543922,-96.54130543921997
604080,580.0,652.6370539228946,-72.63705392289455
604168,766.0,965.933997898817,-199.93399789881698
604342,995.0,1103.796120773913,-108.79612077391289
604475,520.0,726.6091281158573,-206.6091281158573
604666,590.0,667.4325064461633,-77.4325064461633
604699,904.0,959.3375372103986,-55.33753721039864
604982,1102.0,1500.099611384295,-398.09961138429503
605232,669.0,500.59190305099054,168.40809694900946
605385,694.0,751.8814077326086,-57.881407732608636
605389,506.0,671.6360885048241,-165.6360885048241
605649,860.0,618.3830081402781,241.6169918597219
605723,1140.0,1159.2481344528262,-19.248134452826207
605810,795.0,1164.7702382559485,-369.77023825594847
605915,520.0,556.6429816725274,-36.64298167252741
606039,845.0,1057.0991448847087,-212.09914488470872
606183,1170.0,1322.0115759330517,-152.01157593305174
606395,1205.0,1269.2785158265058,-64.27851582650578
606481,855.0,1256.171951553615,-401.1719515536149
606509,930.0,1007.7064476996692,-77.70644769966918
606558,443.0,719.3531981978183,-276.3531981978183
606835,860.0,1005.0877437447374,-145.0877437447374
606933,1320.0,1295.9393467094803,24.060653290519667
606979,715.0,736.3289330963202,-21.328933096320156
607127,510.0,583.5898154815096,-73.58981548150962
607315,1050.0,1149.9064095346237,-99.90640953462366
607462,773.0,718.201160323797,54.79883967620299
607470,1285.0,1351.463373121224,-66.4633731212241
607489,640.0,790.7993345785009,-150.79933457850086
607512,1295.0,1154.3960049369473,140.6039950630527
607583,1094.0,1015.2821601859387,78.71783981406134
607637,700.0,722.9397374255145,-22.939737425514522
607761,415.0,556.9698673479087,-141.9698673479087
607869,805.0,1047.0667779489884,-242.06677794898837
607890,480.0,633.9744901427928,-153.97449014279277
607910,1050.0,1271.8035581697893,-221.8035581697893
608006,420.0,739.9124902655439,-319.91249026554385
608127,675.0,799.3931667472915,-124.3931667472915
608213,990.0,971.6479492066469,18.3520507933531
608689,500.0,667.7137205584611,-167.7137205584611
608738,655.0,623.1606393943454,31.839360605654633
609252,860.0,888.5422394179894,-28.542239417989435
609373,580.0,916.933497354497,-336.93349735449704
609519,465.0,706.0835579063055,-241.0835579063055
609590,1045.0,1160.9792774922735,-115.97927749227347
609633,959.0,931.3980723331366,27.60192766686339
609649,540.0,702.2278520823781,-162.22785208237815
610376,474.0,721.1646003684549,-247.1646003684549
610635,915.0,1166.4582163559162,-251.4582163559162
611002,590.0,697.8194950451417,-107.81949504514171
611059,650.0,1095.9301666641384,-445.93016666413837
611117,1030.0,1029.999680908498,0.0003190915019786189
611287,484.0,623.6682319627545,-139.66823196275448
611438,953.0,1190.7571531717012,-237.75715317170125
611462,475.0,536.4606068740229,-61.460606874022915
611747,925.0,1000.4080407674884,-75.40804076748839
611775,1025.0,1277.950493911782,-252.9504939117819
611972,1000.0,962.5035285866687,37.49647141333128
612111,635.0,733.3305405404519,-98.33054054045192
612152,725.0,1193.9742326809037,-468.9742326809037
612154,720.0,1178.9564320369886,-458.95643203698864
612213,610.0,1123.394047092921,-513.394047092921
612277,885.0,1210.2012841898738,-325.20128418987383
612736,585.0,644.159484360886,-59.15948436088604
612759,855.0,945.864613595115,-90.86461359511497
612875,550.0,637.1793783713941,-87.17937837139414
613045,1344.0,1323.951749924995,20.048250075004944
613078,995.0,1073.4549832226703,-78.45498322267031
613171,436.0,657.6140965480563,-221.6140965480563
613226,545.0,640.581104310265,-95.581104310265
613270,855.0,959.5891531310583,-104.58915313105831
613466,840.0,1264.8234134476256,-424.8234134476256
613475,930.0,1088.0773326142464,-158.07733261424642
613883,680.0,1092.5989027789137,-412.5989027789137
614413,1124.0,676.5010988395401,447.4989011604599
614559,1110.0,1106.004299450262,3.9957005497381033
614877,948.0,661.2381443080421,286.76185569195786
615299,695.0,681.1969597147603,13.803040285239717
615559,350.0,716.6163546019144,-366.6163546019144
615572,705.0,789.4504486539481,-84.45044865394811
615800,580.0,639.4974654787394,-59.4974654787394
616015,1001.0,1139.5109979621232,-138.51099796212316
616024,1069.0,1100.540583438092,-31.54058343809197
616045,670.0,718.0072665176617,-48.00726651766172
616077,660.0,602.7775175625749,57.22248243742513
616162,950.0,1140.6592708892376,-190.65927088923763
616343,1690.0,1272.1877037353017,417.81229626469826
616390,596.0,790.5886913034658,-194.5886913034658
616412,950.0,1084.8474781655361,-134.84747816553613
616428,1435.0,1205.1356250708754,229.86437492912455
616516,875.0,1147.71692190177,-272.7169219017701
616525,1230.0,1084.623813439399,145.3761865606009
617087,1497.0,1091.4990905401185,405.50090945988154
617088,580.0,755.4220554520906,-175.4220554520906
617571,600.0,789.103297791982,-189.10329779198196
617906,830.0,945.9549842153193,-115.95498421531931
617914,451.0,652.3479127403407,-201.3479127403407
617969,970.0,1074.2422221175514,-104.24222211755136
618331,572.0,667.2729675616749,-95.27296756167493
618354,1000.0,1184.822198174536,-184.82219817453597
618637,550.0,724.2214129901556,-174.2214129901556
618737,403.0,612.6731669612078,-209.6731669612078
618773,1217.0,1103.920642591576,113.0793574084239
618844,905.0,1078.8480265505095,-173.84802655050953
618929,1040.0,1001.7785272890764,38.22147271092365
618973,1275.0,1194.1561152962545,80.84388470374552
619033,900.0,1056.2284951521397,-156.22849515213966
619035,1140.0,1137.3675573485814,2.6324426514186143
619040,690.0,706.6340396327224,-16.63403963272242
619220,375.0,689.0627547022401,-314.0627547022401
619243,973.0,1049.4628585669561,-76.46285856695613
619251,1320.0,1163.1469281509258,156.85307184907424
619382,845.0,1146.108384558474,-301.108384558474
619402,1280.0,1201.461649599173,78.53835040082708
619504,472.0,755.3383199902584,-283.33831999025836
619758,1005.0,1039.4530318782008,-34.45303187820082
620204,775.0,1212.3526000195752,-437.3526000195752
620217,680.0,652.3858831846243,27.614116815375723
620494,985.0,1224.31576348657,-239.31576348656995
620506,1695.0,1345.4614842299247,349.53851577007526
620624,545.0,775.1467146730815,-230.14671467308153
620666,495.0,542.9599831251548,-47.95998312515485
620738,904.0,1251.9918901639217,-347.99189016392165
620775,845.0,951.6598930049195,-106.65989300491947
620929,1020.0,1116.3010740705267,-96.30107407052674
621252,853.0,664.9092912122085,188.09070878779153
621266,790.0,657.5392654207664,132.46073457923364
621422,830.0,801.2512768491238,28.74872315087623
621580,335.0,620.5232708649859,-285.5232708649859
621627,426.0,564.0163459959344,-138.01634599593444
621769,1046.0,1077.9742451199545,-31.974245119954503
622264,1000.0,1085.8012063518518,-85.80120635185176
622612,665.0,714.8290181525003,-49.82901815250034
622748,425.0,584.5042320256739,-159.5042320256739
622944,1300.0,1208.6539736975035,91.34602630249651
622947,462.0,573.9921445193812,-111.99214451938121
623073,550.0,897.1719669106351,-347.1719669106351
623126,1311.0,1255.514763460484,55.48523653951611
623129,910.0,1256.311840331337,-346.31184033133695
623234,1088.0,1448.43146185768,-360.43146185768
623281,1000.0,1086.5400064001103,-86.54000640011031
623391,780.0,798.7119604155006,-18.711960415500585
623544,400.0,693.8228970704452,-293.82289707044515
623771,1115.0,825.0067779056941,289.9932220943059
623871,1140.0,1086.7673727405033,53.23262725949667
623877,510.0,731.9382613920086,-221.9382613920086
624010,1180.0,1296.8804071734717,-116.88040717347167
624148,1190.0,1300.155055364828,-110.15505536482806
624226,1250.0,1192.7925885507348,57.20741144926524
624385,385.0,687.7157241209541,-302.71572412095406
624416,1010.0,969.9885378754484,40.0114621245516
624655,920.0,1254.8185786167608,-334.81857861676076
624712,630.0,628.6474464982448,1.3525535017552102
624838,1060.0,1070.7890745522857,-10.789074552285683
624995,959.0,1097.7133347735255,-138.7133347735255
625242,1115.0,1110.8886736263855,4.1113263736144745
625638,1175.0,1162.4226636273818,12.57733637261822
625796,810.0,1131.617123223967,-321.6171232239669
627677,995.0,1014.54970672716,-19.549706727160014
628278,775.0,789.0061684199284,-14.006168419928372
628311,1110.0,1249.5801113047185,-139.58011130471846
629245,1025.0,1088.7824538846742,-63.78245388467417
629980,1058.0,1379.7034953646753,-321.7034953646753
