athlete_id,actual_total_lift,predicted_total_lift,residual
1651,1120.0,1106.3449508637902,13.655049136209755
1668,1035.0,1072.0682390186269,-37.068239018626855
1672,1261.0,1209.6258119767192,51.374188023280794
1750,1163.0,1172.2286202563228,-9.228620256322756
1770,1263.0,942.062181993338,320.93781800666204
1772,1357.0,1208.9215576523043,148.07844234769573
1788,1310.0,1309.7897913176514,0.21020868234859336
1804,1735.0,1373.3334829605062,361.6665170394938
1808,1878.0,1216.80615337119,661.19384662881
1809,1266.0,1049.7689592002214,216.2310407997786
1815,716.0,723.043659754943,-7.043659754942951
1822,1190.0,1031.8693608753692,158.13063912463076
1831,1080.0,925.4180656848206,154.5819343151794
1838,1223.0,1215.0743870478072,7.9256129521927505
1839,1190.0,1180.7722899048013,9.227710095198745
1854,1042.0,719.5559695622156,322.44403043778436
1868,1500.0,1239.1762337882058,260.82376621179424
1872,835.0,690.8755060575526,144.12449394244743
1879,1263.0,1193.9210871854398,69.07891281456023
1881,810.0,810.0845381487333,-0.08453814873325882
1884,1113.0,999.3076429816953,113.69235701830473
1898,1175.0,1104.286273505622,70.71372649437808
1904,675.0,669.7677126368725,5.2322873631275115
1909,1045.0,1018.9909734231534,26.009026576846622
1941,714.0,593.7828840348129,120.21711596518708
1948,1000.0,1043.2092056000104,-43.209205600010364
1949,825.0,622.4071067283716,202.59289327162844
1970,915.0,723.8362123848866,191.1637876151134
1975,1281.0,1096.9668763344532,184.03312366554678
1978,1255.0,1172.0925732276414,82.90742677235858
1987,1113.0,1084.6104645214607,28.3895354785393
1990,1260.0,1085.0510979619123,174.94890203808768
2016,1499.0,1176.964371201608,322.03562879839205
2020,1070.0,1065.9145487899402,4.085451210059773
2035,936.0,995.5635617873198,-59.56356178731983
2044,1352.0,1151.0100165110823,200.9899834889177
2045,1268.0,1130.3854801587297,137.6145198412703
2049,985.0,745.0484115067289,239.95158849327106
2050,822.0,612.4206326249797,209.5793673750203
2071,1102.0,1118.8491112802456,-16.849111280245552
2100,1520.0,1338.3186672698344,181.68133273016565
2103,1006.0,1227.637994323245,-221.63799432324504
2109,1383.0,1259.168691803434,123.83130819656594
2127,1026.0,952.3403605690667,73.65963943093334
2129,1219.0,969.2232664766722,249.77673352332783
2138,1345.0,1305.4048490713064,39.595150928693556
2140,1274.0,1142.8164455200533,131.18355447994668
2142,1365.0,1127.0765783782358,237.9234216217642
2149,1380.0,1227.2315089552496,152.76849104475036
2152,1511.0,1280.805289645449,230.19471035455103
2201,915.0,1037.7832368123156,-122.78323681231564
2220,1478.0,913.5490961945454,564.4509038054546
2223,1418.0,1198.0622462263286,219.93775377367137
2237,719.0,729.0774642857144,-10.077464285714427
2251,1281.0,1267.5654050780113,13.434594921988719
2273,1185.0,1085.0428738994915,99.9571261005085
2276,1169.0,1061.9948665506508,107.00513344934916
2279,1399.0,1265.8854844743946,133.11451552560538
2285,1160.0,1171.0087122575712,-11.008712257571233
2290,915.0,714.3552141041572,200.6447858958428
2291,1300.0,1120.5192393599916,179.48076064000838
2294,1340.0,1199.4730943410575,140.5269056589425
2317,793.0,727.0444835142692,65.95551648573075
2325,1036.0,876.3436191224365,159.6563808775635
2333,1305.0,1202.2590323654736,102.74096763452644
2335,840.0,1174.9636848533146,-334.9636848533146
2336,1325.0,1066.2523457364236,258.74765426357635
2344,1246.0,1088.7132827711432,157.2867172288568
2381,1165.0,1010.7908939831789,154.20910601682112
2383,1170.0,1060.999532517032,109.0004674829679
2406,950.0,684.4260926220733,265.57390737792673
2414,1270.0,996.132543021113,273.86745697888705
2421,1080.0,1146.0439067753755,-66.04390677537549
2428,964.0,1038.5358191936841,-74.53581919368412
2433,992.0,1087.4126814488548,-95.41268144885476
2451,941.0,956.5454876204287,-15.54548762042873
2454,1155.0,1130.509859171612,24.490140828387894
2463,970.0,978.8401500069677,-8.840150006967747
2476,1347.0,1292.8310925761596,54.16890742384044
2482,1367.0,1094.0058132655763,272.9941867344237
2486,1288.0,1068.1816169201281,219.81838307987186
2492,970.0,1053.2599607022137,-83.25996070221368
2496,1160.0,1054.5040150182135,105.49598498178648
2503,1085.0,1125.85606178865,-40.856061788650095
2507,1070.0,939.4912374564615,130.50876254353852
2510,1191.0,1091.006756310721,99.9932436892791
2513,1025.0,1181.7947873647176,-156.79478736471765
2514,1325.0,1141.6835318366827,183.31646816331727
2515,1268.0,1182.717088954564,85.2829110454361
2519,1040.0,775.4304037677559,264.56959623224407
2532,1147.0,1089.9069107196397,57.093089280360346
2540,820.0,723.4734157001013,96.52658429989867
2544,1343.0,1072.7087845348503,270.29121546514966
2545,1390.0,1278.7098182735738,111.29018172642623
2555,1265.0,1345.0487886270394,-80.04878862703936
2557,800.0,886.4448684073581,-86.44486840735806
2559,1374.0,1142.4271410850108,231.57285891498918
2566,1340.0,1218.118672990118,121.88132700988194
2571,1025.0,1095.7577021813966,-70.75770218139655
2602,770.0,671.3093420147466,98.69065798525344
2604,1340.0,1113.6031145768918,226.3968854231082
2609,1005.0,1047.355462783556,-42.35546278355605
2621,1152.0,1139.5401206628637,12.459879337136272
2625,1195.0,1077.620532631134,117.37946736886602
2648,1710.0,1268.393709626008,441.6062903739919
2651,1160.0,1268.4620590548723,-108.46205905487227
2667,1190.0,1085.789218292217,104.2107817077831
2671,1230.0,1073.676944133166,156.323055866834
2677,1590.0,1269.9053258076078,320.0946741923922
2683,1110.0,1134.2668234972593,-24.266823497259338
2694,1275.0,1241.9211280913303,33.078871908669726
2695,830.0,725.1310019322074,104.86899806779263
2714,1202.0,1143.8023875969118,58.197612403088215
2718,1470.0,1120.820094040261,349.179905959739
2736,1250.0,1038.6326080307479,211.36739196925214
2758,1290.0,1241.4165145576408,48.58348544235923
2764,964.0,995.2372830773182,-31.23728307731824
2765,1202.0,1039.2238402653993,162.7761597346007
2779,871.0,704.0411031185039,166.95889688149612
2815,1052.0,1120.1060682475195,-68.10606824751949
2836,1515.0,1292.5054871653615,222.4945128346385
2852,1115.0,907.671002387109,207.32899761289104
2865,1235.0,1267.9329704084623,-32.932970408462324
2872,941.0,1005.9148382032441,-64.91483820324413
2879,875.0,884.753181002795,-9.753181002795031
2880,770.0,642.8882132138654,127.11178678613464
2884,1675.0,1367.4403378795737,307.5596621204263
2885,1065.0,1105.4388058358488,-40.438805835848825
2892,1275.0,1243.2629334089252,31.737066591074836
2913,1310.0,1222.536661062736,87.4633389372641
2917,1290.0,1235.5338634183643,54.46613658163574
2941,987.0,754.5722724538387,232.42772754616135
2942,1132.0,741.2807476438466,390.71925235615345
2943,835.0,693.9360885318156,141.06391146818441
2946,675.0,691.7180461495846,-16.718046149584552
2961,1400.0,1292.1087361654322,107.89126383456778
2965,1275.0,1165.4909936660174,109.5090063339826
2980,1420.0,1355.85718589238,64.1428141076201
2993,1216.0,1189.6887702525842,26.311229747415837
3000,1570.0,1309.8763206454366,260.12367935456336
3001,1577.0,1265.8854844743946,311.1145155256054
3003,1195.0,1295.2404132670308,-100.24041326703082
3021,1330.0,1146.2165482601872,183.7834517398128
3039,1465.0,1161.152134641054,303.8478653589459
3051,1125.0,1068.9719198590828,56.028080140917154
3055,760.0,667.4557431922627,92.54425680773727
3057,1555.0,1282.5026597722845,272.49734022771554
3070,1260.0,1230.982877771737,29.017122228262906
3076,1475.0,1169.5515402440446,305.44845975595535
3079,1402.0,1327.0852442038113,74.91475579618873
3099,1149.0,1037.0467565026174,111.95324349738257
3128,608.0,562.6678212633609,45.332178736639094
3180,1315.0,1312.959823890176,2.0401761098239604
3183,1372.0,1117.0084169643467,254.99158303565332
3187,1106.0,854.174946943619,251.82505305638097
3194,1230.0,1102.6540217940856,127.34597820591443
3213,960.0,743.1932869039701,216.80671309602985
3226,1030.0,971.4480237157135,58.551976284286525
3229,1050.0,767.9378677747738,282.06213222522615
3242,1745.0,1354.7512539241968,390.2487460758032
3246,908.0,917.4108467294402,-9.410846729440209
3253,1395.0,1037.7650659190385,357.23493408096147
3259,1100.0,1105.2065158202536,-5.206515820253571
3291,1124.0,1088.6333881962662,35.366611803733804
3298,1050.0,1027.7743072477722,22.225692752227815
3323,725.0,612.4615877577085,112.53841224229154
3329,1400.0,1170.7967992792394,229.2032007207606
3352,1176.0,975.244343435199,200.75565656480103
3353,1505.0,1138.8769844863318,366.1230155136682
3374,1220.0,1237.9886542873232,-17.988654287323243
3377,1333.0,1147.3489910263756,185.65100897362436
3381,1614.0,1331.723964819661,282.276035180339
3390,622.0,530.0490753241136,91.95092467588643
3408,1260.0,1206.1191633959356,53.88083660406437
3414,1200.0,1208.877920380438,-8.8779203804379
3431,1245.0,1007.9888363729394,237.01116362706057
3439,1215.0,1119.640541079262,95.359458920738
3451,960.0,988.5432319131925,-28.54323191319247
3455,1295.0,1107.7089400529396,187.29105994706038
3475,1135.0,1021.2150524864569,113.7849475135431
3481,981.0,1073.8630676433781,-92.86306764337814
3492,865.0,728.6029210061844,136.39707899381563
3531,991.0,1020.5490849365042,-29.549084936504187
3539,1345.0,1253.5034313666135,91.49656863338646
3572,1456.0,1279.4851142625087,176.51488573749134
3582,1550.0,1135.8399664895974,414.1600335104026
3610,1329.0,1112.3253169000075,216.67468309999254
3619,970.0,763.3125175245543,206.68748247544568
3632,1141.0,969.9814943242108,171.01850567578924
3645,1320.0,1169.6449563070094,150.35504369299065
3650,1600.0,1087.750753016499,512.249246983501
3667,1235.0,1184.0477656153062,50.95223438469384
3677,1102.0,1036.5344573770994,65.46554262290056
3685,1663.0,1345.201145411011,317.7988545889889
3694,1135.0,1075.195567027533,59.80443297246711
3695,795.0,701.5007752451644,93.49922475483561
3699,905.0,872.5398971880419,32.46010281195811
3705,997.0,1127.1112044261142,-130.11120442611423
3721,875.0,700.6469025741784,174.3530974258216
3743,1535.0,1265.0911601306916,269.9088398693084
3771,1255.0,1312.6610082607779,-57.66100826077786
3777,1380.0,982.7713527676027,397.2286472323973
3797,1060.0,720.7476141000345,339.2523858999655
3810,1475.0,1311.4969743547847,163.5030256452153
3845,1150.0,985.0626673684181,164.93733263158185
3855,1290.0,1090.4755871997647,199.52441280023527
3859,1457.0,1017.3894885984535,439.61051140154655
3863,1205.0,1222.1157721052043,-17.115772105204314
3876,745.0,723.5056451841508,21.494354815849192
3877,1100.0,1082.6762139144193,17.32378608558065
3879,666.0,611.9408555141844,54.05914448581564
3883,1050.0,952.1222469767625,97.87775302323746
3889,855.0,954.7100386300192,-99.7100386300192
3903,1220.0,1091.3837842938983,128.61621570610168
3904,1275.0,1170.555381645816,104.44461835418406
3911,775.0,604.6393186890391,170.3606813109609
3928,1035.0,911.8570059170133,123.14299408298666
3948,1485.0,1086.840005436098,398.15999456390205
3975,1260.0,1213.4115035296882,46.58849647031184
3982,763.0,705.283941616179,57.71605838382095
3988,1340.0,1033.3459993024821,306.65400069751786
4005,1100.0,1034.406500946915,65.593499053085
4006,1430.0,1097.2286264555978,332.7713735444022
4009,1400.0,971.517950525185,428.48204947481497
4021,1360.0,1197.5373244913778,162.46267550862217
4068,1255.0,1082.0516991323814,172.94830086761863
4076,1345.0,1197.4819238969435,147.5180761030565
4084,1350.0,1256.9831981675861,93.01680183241388
4088,726.0,670.4612521450813,55.53874785491871
4128,959.0,900.5304308593853,58.46956914061468
4130,685.0,724.6801782454523,-39.68017824545234
4162,1136.0,1129.0894041308704,6.9105958691295655
4164,1170.0,1054.2395703824632,115.76042961753683
4165,1360.0,1151.3715354714686,208.62846452853137
4178,750.0,726.9214146988138,23.078585301186195
4189,1200.0,1125.0057666700725,74.99423332992751
4197,775.0,647.963331592225,127.03666840777498
4203,1385.0,1189.37238016024,195.62761983975997
4211,1020.0,1050.86895792832,-30.868957928320015
4224,1245.0,1190.7112673705858,54.2887326294142
4226,1265.0,1105.6932499976147,159.30675000238534
4227,1200.0,1118.7114843288546,81.28851567114543
4231,1356.0,1286.8404646701165,69.15953532988351
4243,990.0,907.316094919235,82.68390508076504
4253,620.0,624.4598677712952,-4.459867771295194
4284,1340.0,1168.9845432679326,171.01545673206738
4286,1380.0,1139.8937507474059,240.10624925259413
4330,1410.0,1186.1567395940633,223.8432604059367
4334,1195.0,979.3569985180366,215.64300148196344
4337,1435.0,1206.4853250745396,228.51467492546044
4341,1750.0,1212.616989448524,537.383010551476
4358,861.0,734.6159927880328,126.38400721196717
4388,1400.0,1336.1422149777463,63.857785022253665
4395,1159.0,1044.2411914909037,114.7588085090963
4412,1400.0,1138.5509304883485,261.4490695116515
4431,1070.0,1000.1434991845093,69.85650081549068
4462,1370.0,1134.5403452075639,235.45965479243614
4478,685.0,702.0169229933834,-17.016922993383446
4480,840.0,974.3120078701078,-134.31200787010778
4496,751.0,660.8740752401599,90.12592475984013
4508,1289.0,1120.8208509461608,168.17914905383918
4510,620.0,477.08297488328634,142.91702511671366
4515,1275.0,1250.3726282471107,24.627371752889303
4525,995.0,871.488983113676,123.511016886324
4584,904.0,951.1733830862084,-47.173383086208446
4611,1265.0,1208.2295248853816,56.77047511461842
4614,810.0,792.0612588895845,17.93874111041555
4619,1230.0,1270.0239202109594,-40.02392021095943
4622,885.0,1002.1210030319511,-117.12100303195109
4637,1485.0,1271.8404640839294,213.15953591607058
4660,1347.0,1027.9339606912088,319.06603930879123
4661,975.0,1064.448057905526,-89.44805790552596
4692,1240.0,1155.270566301788,84.729433698212
4702,1224.0,913.745055781039,310.254944218961
4708,1075.0,1286.235015706465,-211.235015706465
4714,917.0,773.7439463632447,143.25605363675527
4726,1425.0,1284.6222933451447,140.37770665485527
4733,1265.0,1136.0830527156909,128.91694728430912
4742,1470.0,1312.2420101770483,157.75798982295169
4743,1069.0,1148.1957087206267,-79.19570872062673
4766,945.0,1006.192197903862,-61.19219790386205
4774,1320.0,1206.7008001194342,113.29919988056577
4784,1500.0,1169.0668563647678,330.9331436352322
4799,760.0,579.6741553233903,180.32584467660968
4806,1441.0,1061.880359053221,379.1196409467791
4812,1689.0,1080.2484037434328,608.7515962565672
4815,1525.0,1351.1942477362272,173.80575226377277
4820,1494.0,1188.1888993291695,305.81110067083046
4827,1275.0,969.9872945114379,305.0127054885621
4831,1145.0,917.4305646880646,227.56943531193542
4833,1365.0,1100.4209473528497,264.5790526471503
4840,1045.0,1083.4182040524365,-38.41820405243652
4842,1625.0,1196.490378056488,428.509621943512
4843,816.0,653.5183406173376,162.48165938266243
4855,1380.0,1220.6234437741339,159.37655622586612
4865,795.0,741.2831949612533,53.71680503874666
4874,1045.0,1044.6222318659625,0.37776813403752385
4884,1472.0,1149.8015916402524,322.19840835974765
4894,1270.0,1307.5638848030999,-37.56388480309988
4902,1420.0,1298.2246062243235,121.77539377567655
4917,1515.0,1221.2323652303876,293.7676347696124
4920,1325.0,1160.114278871802,164.88572112819793
4928,930.0,1015.0224507851982,-85.0224507851982
4956,680.0,673.5591220858587,6.440877914141311
4966,1390.0,1217.501612822032,172.49838717796797
4977,860.0,870.938697699468,-10.93869769946798
4984,1025.0,1212.3281444331064,-187.32814443310644
4990,870.0,883.7393451728751,-13.739345172875119
5007,1235.0,1107.9420015920102,127.05799840798977
5018,1150.0,1019.1293634458408,130.8706365541592
5022,1370.0,1321.5065791608579,48.49342083914212
5042,695.0,671.2424411797771,23.757558820222926
5070,1290.0,1202.8770659730885,87.12293402691148
5078,1115.0,1234.822291004396,-119.82229100439599
5088,814.0,757.8929261590862,56.10707384091381
5091,1160.0,1116.3467181960018,43.6532818039982
5100,1218.0,1015.7051086956034,202.29489130439663
5145,1390.0,1173.1461651425002,216.8538348574998
5156,950.0,1334.7069669342827,-384.7069669342827
5185,1370.0,1174.8616533272652,195.13834667273477
5216,856.0,856.4531258939709,-0.45312589397087777
5219,1036.0,1280.60045330465,-244.60045330465005
5224,1213.0,1324.6880581836654,-111.68805818366536
5229,1415.0,1124.3284048351493,290.6715951648507
5233,942.0,893.1540517316763,48.845948268323696
5240,1249.0,1107.1794990467617,141.82050095323825
5254,1346.0,1284.4828566410395,61.51714335896054
5283,690.0,760.6203712236395,-70.6203712236395
5287,1380.0,1131.3046431136231,248.69535688637689
5288,920.0,706.4192139215305,213.5807860784695
5315,1245.0,1268.6465564158448,-23.64655641584477
5320,1180.0,1210.1669196332323,-30.166919633232283
5349,1125.0,1132.1198430008108,-7.119843000810761
5350,1179.0,1255.2359220728665,-76.23592207286652
5402,1367.0,1299.739869401691,67.26013059830893
5407,1023.0,1067.3083918740153,-44.30839187401534
5410,1485.0,1182.8219689134858,302.17803108651424
5412,1090.0,1007.0321234528852,82.96787654711477
5433,1100.0,1230.3341658782072,-130.33416587820716
5435,846.0,734.9291753180768,111.07082468192323
5441,836.0,703.3958035332703,132.60419646672972
5458,1515.0,1113.5034159149036,401.4965840850964
5461,1440.0,1245.8411612602083,194.1588387397917
5462,1268.0,1070.4526090310587,197.54739096894127
5471,1340.0,1133.8372835527862,206.16271644721382
5502,925.0,1106.6703754418315,-181.67037544183154
5511,1086.0,1084.385737339975,1.614262660024906
5519,1128.0,1215.6616710855624,-87.66167108556238
5522,960.0,950.3821788591185,9.61782114088146
5528,1145.0,1052.2549951124477,92.74500488755234
5539,1300.0,1009.2014869323755,290.7985130676245
5542,1080.0,718.0895625583807,361.91043744161925
5550,1580.0,1195.096716416304,384.90328358369607
5554,1230.0,1161.152134641054,68.84786535894591
5563,1150.0,1054.5674334320101,95.43256656798985
5570,1000.0,1099.7055583002289,-99.70555830022886
5579,1200.0,1008.4329636908847,191.56703630911534
5588,1515.0,1102.8527311315481,412.1472688684519
5605,612.0,575.7844093254018,36.21559067459816
5617,1310.0,1120.3567206047705,189.64327939522946
5618,1220.0,1218.4289213463135,1.571078653686527
5623,905.0,689.8241018773239,215.17589812267613
5625,1190.0,1047.3985058056035,142.60149419439654
5632,1290.0,1222.1258853376223,67.87411466237768
5637,1125.0,1082.5845489598476,42.41545104015245
5661,1020.0,761.1626918065538,258.83730819344623
5673,820.0,791.4244290977401,28.57557090225987
5686,1240.0,1069.1685642585455,170.83143574145447
5688,1306.0,968.1498261596793,337.85017384032074
5699,1140.0,1019.4759480188873,120.52405198111273
5730,1342.0,1241.3910585178446,100.60894148215539
5735,1427.0,1306.2284789557286,120.77152104427137
5755,723.0,650.4104853073218,72.58951469267822
5765,1685.0,780.7580706349206,904.2419293650794
5779,720.0,632.6899954132128,87.31000458678716
5789,745.0,590.3230808493457,154.67691915065427
5792,1060.0,1129.0524319018405,-69.05243190184046
5800,1540.0,1316.8450487844702,223.15495121552976
5809,1349.0,1173.6497410951329,175.35025890486713
5823,885.0,714.0250975276755,170.97490247232452
5825,970.0,679.310122771773,290.68987722822703
5839,1195.0,1315.4944710371542,-120.4944710371542
5846,1005.0,1117.4892525882838,-112.48925258828376
5853,745.0,778.7824954308952,-33.78249543089521
5858,1290.0,1196.3560333284343,93.64396667156575
5859,1340.0,1218.3132065216794,121.68679347832062
5899,835.0,710.5486930485796,124.4513069514204
5909,830.0,655.3551314802945,174.64486851970548
5916,1275.0,1109.760755634118,165.2392443658821
5918,690.0,667.9622145215275,22.03778547847253
5922,915.0,1174.9636848533146,-259.9636848533146
5941,1260.0,1237.4837244490013,22.51627555099867
5943,725.0,681.2819257220664,43.718074277933624
5979,980.0,1132.4816044090535,-152.4816044090535
5995,1190.0,1180.7364771250386,9.263522874961382
6007,1298.0,1315.0272693341399,-17.027269334139874
6011,740.0,591.0373708292452,148.96262917075478
6033,680.0,676.6177558047931,3.3822441952069084
6044,1220.0,1062.961944740476,157.03805525952407
6045,635.0,727.7847231625615,-92.78472316256148
6046,1325.0,1174.4994101386399,150.50058986136014
6057,1110.0,1000.5611349328238,109.43886506717615
6068,1005.0,1172.1276661414659,-167.12766614146585
6099,1370.0,1188.0120785709157,181.98792142908428
6102,1505.0,1335.8806018677446,169.11939813225536
6112,635.0,526.5393888888888,108.46061111111123
6119,1305.0,1166.8055239099083,138.1944760900917
6127,1230.0,1094.1087173648475,135.8912826351525
6133,1140.0,1117.0151845456096,22.9848154543904
6139,970.0,836.9978411065242,133.00215889347578
6140,1110.0,1114.755923625888,-4.755923625888045
6165,1390.0,1256.0764830846745,133.92351691532554
6166,1205.0,984.7113035070863,220.2886964929137
6180,723.0,690.8380887039949,32.16191129600509
6188,1357.0,1076.8291913906687,280.1708086093313
6198,1035.0,977.8661053550189,57.13389464498107
6247,811.0,692.2741938330558,118.72580616694415
6282,742.0,651.9878271613796,90.01217283862036
6294,1275.0,1226.934107596532,48.06589240346807
6303,1310.0,1210.313541202394,99.68645879760606
6311,1220.0,1260.5026632160245,-40.50266321602453
6317,873.0,714.1819554642822,158.81804453571783
6323,1000.0,1209.200695879991,-209.20069587999092
6339,640.0,639.6097267513939,0.39027324860614954
6376,970.0,1150.9063887989469,-180.90638879894686
6377,1190.0,1234.2336551961141,-44.233655196114114
6408,1300.0,1201.9645020495877,98.03549795041226
6418,1125.0,944.3818359118704,180.61816408812956
6427,835.0,737.9969924011967,97.00300759880326
6429,1190.0,1092.1339218293722,97.86607817062782
6449,1560.0,1348.775436881065,211.22456311893507
6453,700.0,721.0346299838079,-21.034629983807918
6462,960.0,946.0320776421396,13.967922357860402
6467,1300.0,1284.1654020063124,15.834597993687566
6481,1475.0,1273.57898348678,201.4210165132199
6494,1341.0,1174.7150459251225,166.28495407487753
6509,648.0,628.7002259061586,19.299774093841393
6517,1280.0,1293.3380596838292,-13.338059683829215
6527,1240.0,1191.6809090715456,48.31909092845444
6530,925.0,682.8425289877833,242.15747101221666
6534,1085.0,1014.9121180611626,70.08788193883743
6568,1470.0,1291.7520861465448,178.2479138534552
6572,1505.0,1122.6634931788383,382.3365068211617
6583,1370.0,1294.8502947192126,75.14970528078743
6596,1389.0,1017.7180376700762,371.2819623299238
6597,1200.0,1097.1244506956052,102.87554930439478
6599,1075.0,1102.1951292948236,-27.195129294823573
6603,1531.0,1216.0922464869727,314.9077535130273
6606,1305.0,1154.82228010617,150.17771989383004
6614,1100.0,993.0925270975438,106.90747290245622
6616,1162.0,1144.5939707028558,17.406029297144187
6619,1560.0,1292.8953922481867,267.1046077518133
6620,1160.0,1053.7143932300407,106.28560676995926
6644,1054.0,909.6360490259889,144.36395097401112
6659,967.0,719.617818467364,247.38218153263597
6660,1032.0,916.1544953667427,115.84550463325729
6666,1350.0,1213.4009747878265,136.5990252121735
6670,1226.0,1170.6243681373433,55.375631862656746
6674,1158.0,1053.2446981944342,104.75530180556575
6689,701.0,645.3761038004728,55.62389619952717
6690,770.0,642.8544786584102,127.14552134158976
6718,1515.0,1201.1648589586043,313.8351410413957
6719,1260.0,1046.286711130894,213.713288869106
6737,700.0,610.3444493416278,89.65555065837225
6740,1320.0,1077.1174847923744,242.8825152076256
6741,1283.0,1094.5235291532974,188.47647084670257
6759,1080.0,1026.1251593595814,53.8748406404186
6761,983.0,889.4276109455284,93.57238905447161
6763,675.0,684.023943728384,-9.023943728383983
6768,1210.0,1226.6992440582737,-16.699244058273734
6773,1223.0,1121.412792409146,101.58720759085395
6779,1477.0,966.9278368435257,510.0721631564743
6783,1133.0,1129.8167768883268,3.1832231116732146
6787,1140.0,1040.6710291226475,99.3289708773525
6800,1505.0,1301.9483617183241,203.05163828167588
6809,1455.0,1262.0227501915817,192.97724980841826
6817,1135.0,1104.286273505622,30.71372649437808
6821,1060.0,722.7968672899608,337.2031327100392
6832,1305.0,1176.0832157536345,128.91678424636552
6848,1205.0,934.2093619004077,270.79063809959234
6885,1350.0,1102.5202730520284,247.47972694797159
6892,1415.0,1104.0618173642833,310.93818263571666
6894,1260.0,1294.1936584658724,-34.19365846587243
6904,1360.0,1250.5887833990314,109.4112166009686
6907,1370.0,1197.3325290533387,172.6674709466613
6923,1259.0,1035.1219469002826,223.87805309971736
6982,1342.0,1177.6522069084972,164.3477930915028
7004,1380.0,1271.6630857233176,108.33691427668236
7021,1125.0,1174.9958872158945,-49.99588721589453
7027,1265.0,1170.3028387685197,94.69716123148032
7028,1265.0,1135.1637635183952,129.83623648160483
7033,605.0,517.2194249113145,87.78057508868551
7039,1246.0,1143.0008466085285,102.99915339147151
7042,1470.0,1302.5769924840788,167.4230075159212
7053,1202.0,1092.381374598549,109.61862540145103
7064,1160.0,1160.7201470419673,-0.720147041967266
7080,790.0,878.3857208844612,-88.3857208844612
7091,840.0,672.6470170377677,167.35298296223232
7092,943.0,883.0581342480772,59.94186575192282
7096,1455.0,1109.6453710980854,345.35462890191457
7098,695.0,594.4317032731886,100.56829672681135
7114,1058.0,1280.3905382395387,-222.39053823953873
7120,922.0,703.5191043742167,218.48089562578332
7122,803.0,778.8225401898314,24.177459810168557
7126,1585.0,1323.585341659432,261.41465834056794
7128,1290.0,1267.9840493686331,22.015950631366877
7140,665.0,659.3272695451309,5.672730454869111
7157,890.0,693.0516315437565,196.94836845624354
7160,1025.0,701.9498121321591,323.0501878678409
7196,700.0,660.5176014938396,39.48239850616039
7211,1005.0,965.4248047831687,39.575195216831276
7227,690.0,602.930412763278,87.06958723672199
7278,562.0,561.3698449173895,0.6301550826104858
7287,952.0,701.3437057665192,250.65629423348082
7305,1257.0,1146.739082017295,110.260917982705
7307,740.0,684.5936633374998,55.406336662500166
7323,1632.0,1014.7673678451656,617.2326321548344
7331,1124.0,1168.6320711714623,-44.63207117146226
7337,830.0,676.1829727039859,153.8170272960141
7338,1080.0,1052.1184706344468,27.881529365553206
7354,1285.0,1185.1349752657836,99.86502473421638
7365,540.0,634.8347027563573,-94.83470275635727
7382,1660.0,1114.4595075295074,545.5404924704926
7459,1113.0,1089.9612516690327,23.038748330967337
7474,750.0,651.2408580135092,98.75914198649082
7477,1396.0,1111.0219401812562,284.97805981874376
7478,944.0,672.3431260904727,271.65687390952735
7488,1300.0,1169.9381007833363,130.06189921666373
7528,624.0,497.48366503379657,126.51633496620343
7542,621.0,722.5973475997222,-101.59734759972218
7550,1362.0,1131.4163922751627,230.5836077248373
7563,975.0,1020.1215304466731,-45.12153044667309
7567,1965.0,1240.1185653110724,724.8814346889276
7571,1237.0,946.033057204424,290.96694279557596
7572,699.0,680.3630607284467,18.636939271553274
7574,1297.0,1237.407456937518,59.59254306248204
7581,1480.0,1306.5726559036616,173.4273440963384
7582,1478.0,1168.3346944444452,309.6653055555548
7583,1195.0,1012.6563388207112,182.3436611792888
7588,1261.0,1123.954225457896,137.04577454210403
7600,539.0,612.8908613689366,-73.89086136893661
7602,779.0,718.3414529357108,60.65854706428922
7604,745.0,583.5841172175017,161.41588278249833
7605,1300.0,1109.3521919871466,190.64780801285337
7616,755.0,836.1601432587942,-81.16014325879416
7622,1220.0,1281.437093920493,-61.437093920493
7633,1225.0,1094.0384571504196,130.96154284958038
7643,1260.0,1150.7011367875482,109.2988632124518
7661,1090.0,1159.516001869362,-69.51600186936207
7669,795.0,783.1836302724752,11.81636972752483
7674,1444.0,1019.0221004128864,424.9778995871136
7676,1325.0,1132.0666796888672,192.93332031113277
7678,1200.0,1225.3336673983251,-25.333667398325133
7688,815.0,727.1297618300717,87.87023816992826
7691,953.0,684.3733120361684,268.6266879638316
7743,1292.0,1279.329901850026,12.67009814997391
7746,1105.0,1016.3367468529196,88.66325314708035
7759,1135.0,1147.4676949731936,-12.467694973193602
7775,760.0,940.9738938187071,-180.9738938187071
7784,1050.0,1103.709459458161,-53.709459458161064
7795,745.0,687.9338254905985,57.06617450940155
7818,1455.0,1263.6040207492367,191.39597925076328
7822,1510.0,1221.1959866558125,288.8040133441875
7868,988.0,1030.3216878306882,-42.321687830688234
7871,849.0,655.6901940805722,193.30980591942784
7887,1147.0,854.8135945842394,292.18640541576065
7889,1286.0,1176.589053986537,109.41094601346299
7901,1465.0,1257.0138078872562,207.98619211274377
7909,1453.0,1262.9556192303646,190.04438076963538
7923,1358.0,1188.3772812389423,169.62271876105774
7926,1285.0,1146.2476466355722,138.7523533644278
7930,1375.0,1160.450558220757,214.5494417792429
7942,760.0,710.5106218461098,49.48937815389024
7946,1160.0,1259.120340796773,-99.12034079677301
7980,695.0,608.870063754599,86.12993624540104
8031,1110.0,1069.0957841255015,40.904215874498504
8033,1405.0,1114.3940621755607,290.60593782443925
8045,1515.0,1210.4159262974777,304.58407370252235
8061,1085.0,1020.0106306405833,64.98936935941674
8073,1110.0,1123.1808246982796,-13.180824698279594
8079,670.0,601.0983014800441,68.90169851995586
8118,593.0,654.3816181687235,-61.38161816872355
8124,1030.0,944.3171319946748,85.68286800532519
8132,1246.0,1069.371852986104,176.62814701389607
8138,873.0,723.5792334310077,149.42076656899235
8146,1155.0,1172.9813528639247,-17.981352863924712
8170,538.0,635.5055622541299,-97.50556225412993
8173,1200.0,1018.3178315135326,181.6821684864674
8186,1150.0,1223.3152137070554,-73.31521370705536
8188,1335.0,1246.7784156091266,88.22158439087343
8190,1495.0,1299.6760728663335,195.32392713366653
8191,1485.0,1179.1983593252364,305.8016406747636
8192,135.0,1130.7827989444122,-995.7827989444122
8197,1065.0,989.2897859182026,75.7102140817974
8204,1005.0,1240.963141707271,-235.963141707271
8209,1360.0,1151.2039913517672,208.79600864823283
8212,1250.0,1170.3693620464744,79.63063795352559
8214,1018.0,1136.8671515050248,-118.86715150502482
8219,1190.0,960.9190539147016,229.08094608529836
8228,1240.0,1276.484495653397,-36.48449565339706
8230,1355.0,1052.1518133228367,302.8481866771633
8239,1290.0,1067.664601330967,222.3353986690331
8241,1120.0,954.6492445588838,165.35075544111623
8244,790.0,642.8494934021949,147.15050659780513
8255,1220.0,1089.2698304416613,130.73016955833873
8269,970.0,1399.4954218268115,-429.4954218268115
8290,850.0,591.5021482912333,258.4978517087667
8301,1300.0,1104.944080789318,195.05591921068208
8308,1025.0,1015.3080951466163,9.691904853383676
8309,1080.0,1404.2489740519518,-324.2489740519518
8321,1400.0,1279.405863706262,120.59413629373807
8342,995.0,698.6045782319546,296.39542176804537
8373,1375.0,1142.6184874773571,232.38151252264288
8381,937.0,879.8890215182801,57.11097848171994
8385,1555.0,1366.765763911232,188.23423608876806
8403,1180.0,1197.6171567624754,-17.61715676247536
8420,1030.0,1079.9130778407023,-49.91307784070227
8431,1147.0,914.9100558073324,232.08994419266764
8445,1380.0,1319.3782659612486,60.621734038751356
8463,915.0,670.0372247087139,244.9627752912861
8468,587.0,619.2313518753606,-32.23135187536059
8470,925.0,633.997157257034,291.002842742966
8472,515.0,515.5151659708275,-0.5151659708275247
8485,1698.0,1278.4414128086182,419.5585871913818
8488,1150.0,1201.4574163566172,-51.45741635661716
8496,1480.0,1271.314292785796,208.68570721420406
8511,514.0,558.0960214641111,-44.09602146411112
8537,765.0,690.9695072514068,74.03049274859325
8560,1110.0,1011.0196990608756,98.98030093912439
8571,1270.0,943.1128707054779,326.8871292945221
8573,1240.0,1162.9468285077357,77.05317149226425
8588,1120.0,985.0968945400535,134.90310545994646
8594,1095.0,1232.4883974068582,-137.4883974068582
8614,805.0,888.2218311434334,-83.2218311434334
8618,820.0,581.6883618913802,238.31163810861983
8643,1250.0,1204.9302001554706,45.06979984452937
8655,701.0,594.8470692907016,106.1529307092984
8657,1400.0,1071.3040553649564,328.6959446350436
8662,1060.0,968.6600220416975,91.33997795830248
8668,1372.0,1108.8907134572494,263.1092865427506
8676,770.0,698.3681021882572,71.63189781174276
8687,1185.0,1237.6834793426956,-52.68347934269559
8690,1632.0,1296.7278293258653,335.2721706741347
8700,1356.0,1290.1503896204526,65.84961037954736
8720,1130.0,1163.4018503364978,-33.40185033649777
8739,1185.0,1093.5029826017565,91.49701739824354
8757,1350.0,1182.8349473757658,167.16505262423425
8776,765.0,662.23879656805,102.76120343194998
8796,1312.0,1093.1197444617644,218.8802555382356
8797,1546.0,1211.897484985287,334.10251501471294
8803,1450.0,1173.4807182057853,276.51928179421475
8815,1135.0,1182.1551931129748,-47.15519311297476
8826,1209.0,1090.856866324838,118.14313367516206
8828,849.0,683.0896275039136,165.91037249608644
8833,1047.0,936.3213235563659,110.67867644363412
8835,695.0,678.5405163181057,16.459483681894312
8847,931.0,722.9670299984471,208.03297000155294
8860,1080.0,1076.5775846560853,3.422415343914736
8861,1411.0,1211.8884313389983,199.11156866100168
8867,1174.0,1260.779170268835,-86.77917026883506
8873,1290.0,1139.8646669115806,150.13533308841943
8875,623.0,606.542868788911,16.45713121108895
8877,1103.0,1168.9023412462077,-65.9023412462077
8878,1067.0,991.8284046177706,75.17159538222938
8883,1005.0,1059.1317460228674,-54.131746022867446
8896,1550.0,1319.5979060890793,230.4020939109207
8949,1338.0,1083.0981772155233,254.90182278447674
8952,730.0,1236.69524811986,-506.69524811986
8963,1110.0,860.8077323224481,249.19226767755185
8966,878.0,982.1794700507039,-104.17947005070391
8976,1545.0,1070.4401602925427,474.5598397074573
8981,1225.0,1262.3043310571645,-37.30433105716452
8984,1250.0,1042.5004244631293,207.49957553687068
8996,1558.0,1240.2843285440028,317.71567145599715
9017,830.0,645.0259430006017,184.97405699939827
9051,990.0,1151.9801072863609,-161.98010728636086
9052,1268.0,741.7513403173527,526.2486596826473
9099,1160.0,1148.165325065871,11.834674934128998
9101,1210.0,944.5829083815773,265.41709161842266
9103,1030.0,1060.1170318222248,-30.117031822224817
9117,1295.0,1104.5081514155277,190.49184858447234
9120,1545.0,1179.1500880547073,365.84991194529266
9145,977.0,1149.6498477774633,-172.64984777746326
9151,870.0,697.285388557596,172.71461144240402
9166,970.0,975.2630370910623,-5.263037091062301
9173,1195.0,1119.7951497349557,75.20485026504434
9192,1070.0,1036.236343630579,33.763656369420914
9197,1282.0,1286.0375393222891,-4.037539322289149
9211,1030.0,1055.2663019354704,-25.266301935470437
9233,1360.0,1085.7287953497157,274.2712046502843
9234,789.0,657.4457920949449,131.55420790505514
9301,1220.0,1289.5444923940386,-69.54449239403857
9333,710.0,586.4220686107503,123.57793138924967
9350,935.0,596.8580332784629,338.1419667215371
9372,1210.0,1128.3537695378545,81.64623046214547
9377,1334.0,1078.0365810677877,255.96341893221233
9390,1385.0,1177.6537194341106,207.3462805658894
9411,805.0,753.4926115032962,51.50738849670381
9421,1212.0,1100.3693594546116,111.63064054538836
9474,733.0,754.1804215237452,-21.180421523745167
9505,1545.0,1138.7563069935964,406.24369300640365
9521,1286.0,1250.4131335198513,35.58686648014873
9529,582.0,628.1742681051875,-46.17426810518748
9535,1390.0,1057.961407719492,332.03859228050806
9541,1385.0,1108.5726795506137,276.42732044938634
9573,1415.0,1118.295671514001,296.704328485999
9583,1102.0,1061.9352184695706,40.0647815304294
9587,1213.0,955.0522520761871,257.9477479238129
9588,841.0,724.8535487386376,116.14645126136236
9624,960.0,684.1420803459894,275.85791965401063
9625,1190.0,1022.0212280966854,167.97877190331462
9637,1110.0,1068.5763842537856,41.42361574621441
9647,1210.0,1085.332461887405,124.66753811259491
9649,1180.0,1227.369692444862,-47.36969244486204
9655,1175.0,999.7508981464491,175.24910185355088
9660,1245.0,940.1759208518139,304.8240791481861
9663,1136.0,1044.7201673349582,91.2798326650418
9666,980.0,738.1448621795705,241.8551378204295
9667,1210.0,1067.423328000174,142.57667199982598
9680,770.0,637.2698008053893,132.7301991946107
9692,1540.0,1361.441466286041,178.55853371395892
9699,981.0,916.5688422600684,64.43115773993156
9713,675.0,555.7535324851729,119.24646751482715
9717,621.0,666.6522932167774,-45.652293216777366
9722,1323.0,1140.6406416739792,182.3593583260208
9738,775.0,731.3530804968267,43.64691950317331
9748,1040.0,755.4056329376034,284.5943670623966
9764,1602.0,1245.0549828395137,356.94501716048626
9873,1410.0,1277.6902804283313,132.30971957166867
9879,1036.0,1140.6148529369893,-104.61485293698934
9885,832.0,671.7354847480797,160.26451525192033
9890,1220.0,1147.9325010093294,72.06749899067063
9893,725.0,597.3933795392082,127.60662046079176
9903,1411.0,1226.4535451832735,184.5464548167265
9916,1121.0,818.2158383670127,302.7841616329873
9922,730.0,628.8698483537502,101.13015164624983
9930,1290.0,1345.8679281630896,-55.86792816308957
9931,1310.0,1165.2942990553804,144.7057009446196
9954,1425.0,1102.389359657505,322.6106403424949
9972,1040.0,1144.723154366259,-104.723154366259
9981,1362.0,1190.2809205081462,171.7190794918538
9984,1535.0,1145.9977815307368,389.0022184692632
9987,1275.0,1195.096716416304,79.90328358369607
9993,838.0,742.7948614551714,95.20513854482863
10019,1250.0,1084.5841585207347,165.41584147926528
10029,1230.0,1085.3203865183875,144.67961348161248
10037,1010.0,1017.2651297378546,-7.265129737854636
10057,870.0,635.9059440835335,234.09405591646646
10078,723.0,648.5879535674895,74.41204643251046
10091,1625.0,1097.372884102636,527.6271158973641
10092,970.0,878.4272539682537,91.5727460317463
10093,785.0,1032.7686730459886,-247.76867304598863
10120,1175.0,1094.0373469943731,80.96265300562686
10128,1365.0,1122.6616514988707,242.3383485011293
10130,1160.0,1147.4506363884104,12.54936361158957
10134,1535.0,1213.6378743969342,321.3621256030658
10144,675.0,627.0133697824991,47.986630217500874
10171,1300.0,1279.5871321018196,20.412867898180366
10188,795.0,751.32502996065,43.67497003935
10201,1330.0,1112.294607166597,217.70539283340304
10203,1465.0,1251.2041427255297,213.79585727447034
10208,1440.0,1299.7096754114543,140.29032458854567
10217,1120.0,1023.9554812128704,96.04451878712962
10236,1210.0,968.1498261596793,241.85017384032074
10243,1160.0,1016.2016330654079,143.79836693459208
10244,1170.0,1161.4171332428423,8.582866757157717
10266,1460.0,1237.967735755143,222.03226424485706
10279,621.0,572.5171527350959,48.48284726490408
10293,1225.0,1166.4942206767582,58.50577932324177
10297,1320.0,1261.7410035674548,58.258996432545246
10299,1435.0,1234.1865028835548,200.8134971164452
10313,1515.0,1265.2107147519334,249.78928524806656
10316,635.0,699.3818617744361,-64.38186177443606
10323,895.0,703.2531307969392,191.74686920306078
10358,1060.0,1128.8307719621946,-68.8307719621946
10379,1220.0,1084.5377099748316,135.4622900251684
10381,780.0,690.8425071168898,89.1574928831102
10396,945.0,753.8801994593914,191.1198005406086
10456,1130.0,1046.2212203243384,83.77877967566155
10472,900.0,898.4068733779106,1.5931266220893576
10477,820.0,614.5390825634042,205.46091743659576
10482,1250.0,1221.1059961628634,28.89400383713655
10488,1085.0,1167.4454654036485,-82.44546540364854
10500,1200.0,1158.9298423451328,41.07015765486722
10505,1046.0,962.4282287540154,83.57177124598456
10563,1385.0,1234.591621801128,150.40837819887201
10574,705.0,660.8626191099936,44.1373808900064
10614,955.0,762.6795061953361,192.3204938046639
10617,1157.0,1101.8747715383918,55.12522846160823
10632,1195.0,988.7962118163298,206.2037881836702
10653,1165.0,1187.1028904352302,-22.102890435230165
10655,1285.0,1108.044582552083,176.95541744791694
10661,1040.0,1055.9773346743584,-15.977334674358417
10684,876.0,549.1811930190229,326.8188069809771
10706,1290.0,1193.3828157424612,96.61718425753884
10754,1050.0,899.8555326421464,150.1444673578536
10773,1180.0,1123.1011648712135,56.89883512878646
10780,1107.0,931.1228530403607,175.87714695963928
10805,1224.0,1027.6462338431672,196.35376615683276
10806,1202.0,1243.7970618429442,-41.79706184294423
10819,790.0,627.3985400915569,162.60145990844308
10824,1202.0,1042.770146825397,159.22985317460302
10830,1190.0,1039.2238402653993,150.7761597346007
10840,558.0,1029.8740610432292,-471.8740610432292
10844,1168.0,948.4643576227148,219.53564237728517
10856,910.0,1032.7385354737855,-122.73853547378553
10858,1045.0,1037.9115986719812,7.08840132801879
10866,1014.0,1048.6191272312474,-34.619127231247376
10878,1231.0,1138.3673941010506,92.63260589894935
10883,1345.0,1165.996345901729,179.003654098271
10886,975.0,684.1455584485855,290.85444155141454
10908,1300.0,1174.9630786469822,125.03692135301776
10923,1180.0,1241.1764324658998,-61.17643246589978
10926,1175.0,1000.8061677011088,174.19383229889115
10928,909.0,1048.6298895164136,-139.62988951641364
10956,1135.0,1085.3788602089458,49.62113979105425
10988,1025.0,1032.232953403185,-7.232953403185093
10994,736.0,635.3264324543379,100.67356754566208
10998,1350.0,919.7541584897775,430.2458415102225
11046,860.0,679.7154611370694,180.28453886293062
11053,1250.0,1075.9796265901152,174.02037340988477
11054,1047.0,982.0203753224541,64.97962467754587
11074,1310.0,1135.3695782160905,174.63042178390947
11076,1285.0,1211.8288784639255,73.17112153607445
11087,1350.0,1131.0701661755809,218.92983382441912
11094,931.0,801.82347872968,129.17652127032
11098,1490.0,1020.6163758292846,469.3836241707154
11134,1360.0,1222.3835069879192,137.6164930120808
11136,1020.0,1014.7418180543491,5.258181945650904
11167,1245.0,969.0402296230377,275.9597703769623
11169,500.0,584.9950432582634,-84.99504325826342
11171,1040.0,1111.3181843867753,-71.31818438677533
11186,1340.0,1080.1085777989792,259.89142220102076
11203,1175.0,1169.935548431922,5.064451568078084
11212,985.0,801.7507637863123,183.2492362136877
11214,1300.0,872.2234899866492,427.77651001335084
11234,1235.0,1306.668439283613,-71.668439283613
11236,1460.0,1280.5430497916514,179.45695020834864
11240,1120.0,1050.942871973294,69.0571280267061
11260,1360.0,1134.8225699322593,225.17743006774072
11264,1310.0,1262.450932236467,47.549067763533
11269,992.0,951.2868533130122,40.713146686987784
11274,1205.0,756.9810205374131,448.0189794625869
11277,1380.0,1147.9656710574409,232.0343289425591
11279,1040.0,713.9450191844495,326.0549808155505
11326,1130.0,1186.2138370791884,-56.21383707918835
11332,1280.0,1062.0962274871506,217.9037725128494
11339,545.0,672.9315244754606,-127.9315244754606
11346,1180.0,1074.6823937914646,105.31760620853538
11350,1275.0,1183.0277821832335,91.97221781676649
11358,880.0,711.3712072205893,168.62879277941067
11360,710.0,669.343650470987,40.65634952901303
11364,650.0,669.290711658733,-19.290711658733017
11387,700.0,631.5453100089446,68.45468999105537
11415,1465.0,1196.755049037031,268.2449509629689
11438,1080.0,1155.704123211209,-75.70412321120898
11440,985.0,1280.8017382368173,-295.8017382368173
11463,1085.0,979.0799634055433,105.92003659445675
11469,1250.0,1169.7981496743491,80.20185032565087
11489,1300.0,1166.263111569586,133.73688843041396
11490,1220.0,1103.0710071984877,116.92899280151232
11518,1317.0,1031.966688466874,285.0333115331259
11546,807.0,807.9067629279872,-0.906762927987188
11549,1660.0,1300.7777627766338,359.22223722336616
11557,1100.0,1094.0771192829216,5.922880717078442
11578,530.0,636.942442686099,-106.94244268609896
11584,1270.0,1191.9444270288177,78.0555729711823
11586,1350.0,1227.7877752178083,122.2122247821917
11590,1080.0,1233.324012207433,-153.32401220743304
11598,1305.0,1062.0539826022052,242.94601739779478
11611,1150.0,994.6320514309251,155.36794856907488
11623,1430.0,1180.094963790611,249.90503620938898
11627,820.0,621.3114417104028,198.68855828959715
11632,1210.0,1199.3648735111592,10.635126488840797
11652,1315.0,1251.6173023184494,63.38269768155055
11654,1480.0,1253.9482528770952,226.05174712290477
11661,1320.0,1125.479935966104,194.520064033896
11667,1170.0,1140.3386476591943,29.661352340805706
11672,1520.0,1258.1213511079463,261.87864889205366
11674,920.0,750.6389462163216,169.36105378367836
11690,1090.0,1070.0915933391973,19.90840666080271
11713,655.0,738.6016874355307,-83.60168743553072
11728,926.0,833.7531204934783,92.24687950652174
11738,1400.0,1199.323710212544,200.67628978745597
11746,1440.0,1232.1712470203217,207.82875297967826
11778,1225.0,1165.030192318744,59.96980768125604
11780,1320.0,1280.3673188378461,39.63268116215386
11785,1510.0,1223.0224289599469,286.97757104005314
11788,1130.0,1053.2848707607059,76.71512923929413
11840,1245.0,1280.8761649567361,-35.87616495673615
11849,1205.0,1179.2099728376663,25.790027162333672
11858,637.0,704.0069602344464,-67.00696023444641
11867,915.0,673.841368969365,241.15863103063498
11871,1140.0,1211.9937806425382,-71.99378064253824
11874,1179.0,1063.453369298149,115.54663070185097
11884,1375.0,1149.8856692825211,225.11433071747888
11893,1040.0,925.7244926101873,114.27550738981267
11897,1160.0,1040.9974294239162,119.00257057608383
11913,1175.0,904.7640944682244,270.23590553177564
11995,745.0,737.7205292730008,7.279470726999193
12007,1160.0,1042.3286732525244,117.67132674747563
12017,685.0,690.5759685761889,-5.57596857618887
12018,1285.0,1088.459661721127,196.54033827887292
12033,1440.0,1266.2870403174156,173.71295968258437
12046,1236.0,1125.6156825900978,110.38431740990222
12057,805.0,636.849140237641,168.150859762359
12069,1190.0,1019.3711912938757,170.62880870612435
12077,810.0,713.9261997488121,96.07380025118789
12108,1230.0,1207.2887349236594,22.711265076340624
12109,1525.0,1094.8756278359615,430.1243721640385
12129,1310.0,1148.5210643723706,161.47893562762943
12140,1115.0,1096.4559725854256,18.54402741457443
12143,1285.0,1254.893562747772,30.106437252228034
12184,710.0,642.02534070343,67.97465929657005
12211,1159.0,1190.0777204053998,-31.07772040539976
12220,37.0,1095.1170621044932,-1058.1170621044932
12231,960.0,1176.0805932513754,-216.08059325137538
12239,880.0,719.8787988163435,160.12120118365647
12249,1210.0,1242.1949941074456,-32.19499410744561
12252,790.0,634.6275322937154,155.37246770628462
12263,1100.0,1054.2655987604462,45.73440123955379
12264,1260.0,1067.9955584929653,192.0044415070347
12266,1280.0,1259.3377629441993,20.662237055800688
12271,1140.0,1010.1789319842208,129.82106801577925
12283,1305.0,1250.1447855291858,54.85521447081419
12286,1016.0,998.3928928767448,17.60710712325522
12287,660.0,563.8895621028546,96.1104378971454
12298,1130.0,1063.494490139513,66.50550986048711
12315,1555.0,1243.0641440278416,311.9358559721584
12336,965.0,667.948842589016,297.05115741098405
12340,1090.0,1050.382739951597,39.61726004840307
12342,1280.0,1061.5930960333706,218.40690396662944
12351,1355.0,1100.664053562526,254.33594643747392
12405,760.0,734.4131875866995,25.58681241330055
12422,655.0,627.4657617513118,27.53423824868821
12439,1060.0,890.5803416774146,169.4196583225854
12442,1265.0,1264.1443466503306,0.8556533496694101
12473,828.0,645.7669104944429,182.23308950555713
12539,1230.0,1071.9848646941846,158.01513530581542
12550,1200.0,1250.7488514898137,-50.74885148981366
12565,1130.0,1206.7132767106857,-76.7132767106857
12567,860.0,712.3057690800766,147.69423091992337
12577,1390.0,1207.3825650400624,182.61743495993755
12606,1260.0,1100.6345153118937,159.36548468810633
12609,900.0,708.9187861501563,191.08121384984372
12627,1245.0,1159.2138260739318,85.78617392606816
12629,1080.0,966.8990620196624,113.10093798033756
12639,1150.0,1072.8281736889674,77.17182631103265
12687,1390.0,1172.6922129189009,217.30778708109915
12708,923.0,982.8330171219865,-59.83301712198647
12711,820.0,636.6537293382211,183.34627066177893
12747,750.0,626.3042799762453,123.69572002375469
12768,1220.0,1212.5036030634622,7.496396936537849
12771,1390.0,1193.2285933535998,196.77140664640024
12778,985.0,1116.3467181960018,-131.3467181960018
12781,1505.0,1233.7003021133257,271.29969788667427
12807,752.0,588.8100744125153,163.1899255874847
12815,710.0,690.5541557635624,19.44584423643755
12819,1133.0,895.0938554355083,237.90614456449168
12824,1270.0,1127.9304555633007,142.0695444366993
12827,605.0,595.5408557317182,9.459144268281761
12870,693.0,610.6639724449782,82.33602755502181
12882,1215.0,1197.4190159854384,17.580984014561636
12891,745.0,667.0078562747145,77.99214372528547
12944,1500.0,1165.1634571152279,334.83654288477214
12946,728.0,1177.4175883502962,-449.4175883502962
13072,1110.0,1228.5554642900286,-118.55546429002857
13090,693.0,609.0636370581707,83.93636294182932
13104,590.0,698.6444159498983,-108.6444159498983
13105,1215.0,1030.6219851341702,184.37801486582975
13109,1425.0,1178.192806529986,246.807193470014
13118,678.0,613.9926357046435,64.00736429535652
13135,1515.0,1059.4332428264809,455.56675717351914
13139,684.0,676.1920615970303,7.807938402969739
13141,757.0,621.7015697480497,135.29843025195032
13160,1229.0,1054.9156423138695,174.0843576861305
13182,1280.0,1286.5232937535018,-6.523293753501775
13192,1500.0,1269.7307414503175,230.2692585496825
13199,1075.0,1040.0893148514585,34.91068514854146
13201,830.0,685.2760732134492,144.7239267865508
13213,1375.0,1218.3544928738295,156.64550712617051
13217,1320.0,1085.0428738994915,234.9571261005085
13229,1040.0,1114.0142732995753,-74.01427329957528
13231,1200.0,1098.2856772842551,101.71432271574486
13232,1140.0,1188.424295597034,-48.42429559703396
13254,900.0,768.1891497580486,131.81085024195136
13259,1350.0,1261.5628315410963,88.43716845890367
13283,799.0,665.076283232475,133.92371676752498
13293,1203.0,1135.2533893652303,67.7466106347697
13298,730.0,692.0343127486415,37.96568725135853
13304,1375.0,1247.6558825467146,127.34411745328543
13329,800.0,1110.3024032748024,-310.3024032748024
13339,727.0,611.9665590893819,115.03344091061808
13346,775.0,671.2264506632721,103.77354933672791
13353,1210.0,1207.2941787834482,2.70582121655184
13372,1000.0,613.5812681856222,386.4187318143778
13383,990.0,739.2860016303586,250.71399836964144
13390,1717.0,1302.5112704072467,414.4887295927533
13399,1270.0,945.5433227777314,324.4566772222686
13403,1160.0,1126.2832819009525,33.71671809904751
13427,966.0,770.0998791637527,195.9001208362473
13450,1252.0,1333.7974368356697,-81.79743683566971
13459,1280.0,1102.5487482276214,177.45125177237855
13463,1240.0,1140.1481013236707,99.85189867632926
13474,1275.0,1246.2576545780776,28.742345421922437
13487,1235.0,1044.8516442438831,190.14835575611687
13524,1114.0,935.8395603416994,178.16043965830056
13526,1010.0,1004.2258170562509,5.774182943749111
13556,1407.0,1197.092338267525,209.90766173247493
13561,1005.0,1029.240738317251,-24.240738317251044
13564,1100.0,1140.6969728592467,-40.69697285924667
13588,1338.0,1260.3728872554468,77.62711274455319
13627,765.0,683.0316770891909,81.96832291080909
13637,1460.0,1111.6033942356728,348.3966057643272
13652,1310.0,1360.5228642612815,-50.522864261281484
13654,1166.0,1223.282888888889,-57.28288888888892
13680,845.0,693.2014621124285,151.79853788757146
13681,1095.0,963.2157289160965,131.7842710839035
13698,1708.0,1184.292343308075,523.707656691925
13752,1340.0,1093.2949690744858,246.70503092551417
13754,620.0,561.0716660611089,58.928333938891114
13774,1102.0,1109.5901949815793,-7.590194981579316
13782,1406.0,1356.0572286839872,49.942771316012795
13786,930.0,939.9663752484852,-9.966375248485178
13800,1335.0,1033.718777646123,301.28122235387696
13803,1232.0,1284.261770542778,-52.261770542778095
13807,1058.0,621.3131143439496,436.68688565605044
13819,1180.0,1115.0183363822407,64.9816636177593
13841,1380.0,1208.4869456388183,171.51305436118173
13868,800.0,737.2471416386735,62.7528583613265
13889,1552.0,1307.3541563964454,244.64584360355457
13895,990.0,1058.6509090791324,-68.65090907913236
13919,395.0,803.8223529446562,-408.82235294465625
13931,1030.0,1304.4160922577446,-274.4160922577446
13945,1560.0,1263.7852435214863,296.21475647851366
13949,1003.0,1103.6381734006738,-100.63817340067385
13961,1025.0,1012.7179537324448,12.282046267555188
13962,890.0,694.2417569376956,195.75824306230436
13971,1325.0,1130.6366797241315,194.36332027586855
14002,1305.0,1078.565322519093,226.4346774809071
14007,1385.0,1266.1977798382345,118.80222016176549
14018,1530.0,1233.3550522958265,296.64494770417355
14048,1191.0,1023.7335547354276,167.26644526457244
14071,1425.0,1301.610489009075,123.38951099092492
14074,1505.0,1285.5568422096715,219.44315779032854
14080,1190.0,1140.7161724072855,49.28382759271449
14089,1260.0,1075.3336716537524,184.6663283462476
14094,625.0,679.1864513189486,-54.18645131894857
14154,1140.0,1272.1086276544931,-132.10862765449315
14155,1050.0,1058.7454418604634,-8.745441860463416
14157,1527.0,1279.9470617015081,247.05293829849188
14172,1200.0,1182.885228221298,17.114771778702107
14193,1180.0,1314.4373380899306,-134.43733808993056
14227,1085.0,1000.1046819934558,84.89531800654424
14232,1010.0,1006.1975115499092,3.8024884500907774
14268,1286.0,1079.8678252192885,206.13217478071147
14277,735.0,673.7842420404457,61.21575795955425
14283,940.0,974.2771093066355,-34.27710930663545
14296,875.0,708.1733973021156,166.82660269788437
14310,840.0,959.5853756432928,-119.58537564329276
14338,1292.0,1191.2686846423412,100.73131535765879
14353,1455.0,1264.3646229911683,190.6353770088317
14363,1345.0,1149.7356369025817,195.26436309741825
14406,1205.0,1141.9254574075987,63.07454259240126
14416,1110.0,1242.0704487764256,-132.07044877642556
14441,1535.0,1328.278949689752,206.72105031024807
14476,722.0,657.7088485834345,64.29115141656553
14487,505.0,875.8105978748873,-370.8105978748873
14512,1475.0,1203.221724343245,271.7782756567551
14531,700.0,662.1411917995293,37.85880820047066
14579,1370.0,1272.9586800751283,97.04131992487169
14587,800.0,807.9067629279872,-7.906762927987188
14603,650.0,622.2439702111453,27.756029788854676
14605,1170.0,1060.6103697985272,109.38963020147276
14616,575.0,1267.1716953049545,-692.1716953049545
14618,1205.0,1195.3332241339779,9.666775866022135
14622,1325.0,1224.4574424589714,100.5425575410286
14631,745.0,600.8405742526392,144.15942574736084
14641,1090.0,1069.5638055926333,20.436194407366656
14646,1550.0,1106.4459222039911,443.55407779600887
14659,630.0,603.5867789331203,26.413221066879714
14687,1031.0,703.0072350266709,327.99276497332914
14731,1600.0,1248.585699102792,351.414300897208
14739,948.0,1113.8210110312023,-165.82101103120226
14753,1230.0,1014.2503820424117,215.74961795758827
14794,990.0,1194.910469341704,-204.9104693417039
14823,710.0,661.1581769855994,48.841823014400575
14848,1180.0,1169.3284592990713,10.671540700928745
14853,1155.0,1142.5424754887201,12.457524511279871
14861,890.0,747.8303478682335,142.1696521317665
14908,1180.0,950.8595354617967,229.14046453820333
14919,780.0,679.2165854653385,100.78341453466146
14926,1091.0,948.4643576227148,142.53564237728517
14933,967.0,934.0623895341326,32.93761046586735
14934,736.0,697.0434789000627,38.95652109993728
14964,1225.0,1203.4909227650803,21.509077234919687
14965,1110.0,1190.3155417120163,-80.31554171201628
14976,1630.0,1302.5838248504276,327.4161751495724
15028,1050.0,853.569184239667,196.43081576033296
15043,1200.0,1134.9082703192644,65.09172968073563
15045,1385.0,1174.4034778672496,210.59652213275035
15055,1215.0,963.2108237796486,251.78917622035135
15061,870.0,893.7318792441753,-23.731879244175275
15097,790.0,594.991671215609,195.00832878439098
15102,1415.0,1175.5626806150724,239.4373193849276
15110,670.0,1131.183888020068,-461.183888020068
15149,1540.0,1268.9059637334965,271.0940362665035
15158,1525.0,1295.2211094278107,229.7788905721893
15168,790.0,621.1942634560852,168.8057365439148
15171,890.0,707.8126151497736,182.1873848502264
15173,1730.0,1301.2475712913647,428.7524287086353
15182,1057.0,656.6664526981712,400.33354730182884
15189,1295.0,1184.7308521870436,110.26914781295636
15200,1180.0,1081.4598538416578,98.54014615834217
15204,1267.0,1125.2701964849145,141.72980351508545
15208,660.0,675.3353772726803,-15.335377272680262
15210,895.0,632.7801338582229,262.21986614177706
15215,1130.0,1132.344211655566,-2.344211655565914
15224,1080.0,1089.9029675787249,-9.902967578724883
15247,520.0,518.8284982613758,1.1715017386242152
15253,1266.0,1190.0777204053998,75.92227959460024
15267,1124.0,825.964485144485,298.035514855515
15296,720.0,706.9761241619591,13.023875838040908
15297,1145.0,1230.1509013588425,-85.15090135884248
15315,805.0,713.4218944059527,91.57810559404732
15333,855.0,664.8039222245574,190.19607777544263
15354,1495.0,1282.44790794161,212.55209205838992
15358,1440.0,1138.57495830392,301.4250416960799
15365,1020.0,831.2397098541203,188.7602901458797
15388,1410.0,1179.096620956801,230.90337904319904
15390,1290.0,1005.5271908795228,284.4728091204772
15411,1520.0,1265.4278644080484,254.57213559195156
15414,1490.0,1234.9674587010284,255.03254129897164
15418,1200.0,1128.3034288812355,71.6965711187645
15453,630.0,655.0087038108559,-25.008703810855877
15457,620.0,581.1521897410275,38.84781025897246
15469,855.0,690.8266853749118,164.1733146250882
15472,1055.0,1075.3177521657133,-20.317752165713273
15473,850.0,723.3763654403497,126.62363455965033
15474,1350.0,1205.4304333643825,144.56956663561755
15496,1350.0,1215.9737130448411,134.02628695515887
15511,1305.0,1051.8036536176328,253.1963463823672
15528,1420.0,1038.5884967408776,381.41150325912236
15551,1234.0,1030.9456411896347,203.05435881036533
15561,724.0,701.2937363417901,22.706263658209878
15591,1460.0,1105.811807609889,354.188192390111
15599,881.0,995.081023422122,-114.08102342212203
15601,823.0,706.5188709299407,116.4811290700593
15617,1490.0,1290.8973695579791,199.10263044202088
15618,858.0,699.4853349902526,158.51466500974743
15625,1310.0,1078.4416960362532,231.55830396374677
15636,920.0,1091.8177065928628,-171.8177065928628
15657,1330.0,1199.2841796528685,130.7158203471315
15663,672.0,667.741485152328,4.258514847672018
15665,905.0,743.4838596123465,161.51614038765354
15712,1626.0,1302.1069675555307,323.8930324444693
15728,1023.0,1117.0423965521104,-94.0423965521104
15739,630.0,523.7732014652015,106.22679853479849
15740,1470.0,1270.6734523237662,199.32654767623376
15749,1070.0,983.9647993943239,86.0352006056761
15762,1095.0,827.0676731100913,267.9323268899087
15766,1277.0,1031.576760201563,245.42323979843695
15770,1346.0,1233.7287953061311,112.27120469386887
15772,785.0,743.7970058564612,41.20299414353883
15782,1080.0,946.311172637766,133.68882736223395
15784,1060.0,1085.979647093815,-25.979647093814947
15791,1157.0,1162.0085183837068,-5.008518383706814
15795,815.0,685.5449133141774,129.4550866858226
15796,855.0,908.21912545842,-53.21912545841997
15808,1145.0,989.6513955552756,155.3486044447244
15820,1320.0,1154.3941127593728,165.60588724062723
15862,1295.0,992.9160760062089,302.08392399379113
15872,850.0,937.9445859002068,-87.94458590020679
15910,1195.0,1170.4288117795352,24.57118822046482
15946,980.0,1082.7497409954638,-102.74974099546375
15949,1169.0,1023.3477027012298,145.65229729877024
15956,1266.0,1146.5542366689237,119.44576333107625
15960,1060.0,967.0412255127135,92.95877448728652
15970,1105.0,1091.558307868084,13.441692131915943
15973,985.0,631.1777378606823,353.8222621393177
15986,1155.0,1065.241361721955,89.75863827804505
15991,1110.0,1032.3769297979627,77.6230702020373
15994,1210.0,1147.027203342075,62.97279665792507
16000,775.0,582.5427159910595,192.45728400894052
16043,1205.0,1058.2024798113212,146.79752018867885
16057,1090.0,1068.4632367403335,21.536763259666486
16073,936.0,879.6557118891657,56.34428811083433
16086,1400.0,1115.7633587956182,284.23664120438184
16163,1273.0,1348.1798005927394,-75.17980059273941
16166,1075.0,938.095971998396,136.90402800160405
16189,794.0,654.9278008069284,139.07219919307158
16206,1379.0,1080.333678222838,298.666321777162
16213,1135.0,880.9092550094167,254.0907449905833
16250,1223.0,1099.1660916235103,123.83390837648972
16274,1257.0,972.0375235592738,284.96247644072616
16278,643.0,674.7747350017568,-31.774735001756767
16291,945.0,936.4073396755175,8.592660324482495
16297,1201.0,1285.9967522624065,-84.99675226240652
16304,606.0,688.0761920057106,-82.0761920057106
16319,875.0,604.9845806878309,270.0154193121691
16326,1210.0,1091.1959943928227,118.80400560717726
16342,1151.0,1134.2861220213083,16.7138779786917
16355,830.0,697.8255668523877,132.17443314761226
16372,1220.0,1109.6123128918307,110.3876871081693
16427,1005.0,1008.5160305417892,-3.5160305417891777
16454,1340.0,1106.0482410342204,233.95175896577962
16455,1170.0,1064.6230679577488,105.37693204225116
16487,1200.0,1133.3475392242544,66.65246077574557
16490,760.0,627.8790417517174,132.1209582482826
16504,1340.0,1117.508421916301,222.4915780836991
16512,727.0,1322.4184491800356,-595.4184491800356
16571,705.0,702.4683126825944,2.5316873174056127
16579,835.0,679.8326774420716,155.1673225579284
16580,1345.0,1314.3854457151137,30.614554284886253
16584,1200.0,1245.1697327675954,-45.169732767595406
16587,820.0,616.059610972342,203.94038902765794
16588,720.0,822.0771136263465,-102.07711362634655
16602,1080.0,1165.9198907326856,-85.91989073268564
16615,1248.0,1292.0636230059615,-44.06362300596152
16625,1545.0,1220.9198983752372,324.08010162476285
16629,1160.0,1177.587912729268,-17.587912729268055
16639,1320.0,854.2467734226324,465.7532265773676
16680,375.0,1092.2098492063499,-717.2098492063499
16688,1455.0,1329.151130563712,125.84886943628794
16699,1380.0,1102.763017095169,277.23698290483094
16708,1120.0,1177.3932116293608,-57.39321162936085
16709,1240.0,1314.141427374978,-74.1414273749781
16738,826.0,592.4434047619048,233.55659523809516
16739,1190.0,1073.4142562514535,116.58574374854652
16748,1315.0,1176.6748529046667,138.32514709533325
16759,743.0,579.7190140362588,163.28098596374116
16764,1570.0,1255.5203914274323,314.4796085725677
16778,1378.0,1170.5398971746733,207.46010282532666
16779,1165.0,1012.2479913282941,152.75200867170588
16782,1159.0,1063.9015552784006,95.09844472159944
16799,700.0,672.6470170377677,27.352982962232318
16812,890.0,994.6549106144644,-104.65491061446437
16822,1140.0,1055.6366540495133,84.36334595048675
16835,1325.0,1174.3020662778802,150.69793372211984
16850,1210.0,1034.846734072957,175.1532659270431
16895,970.0,931.2308236188721,38.76917638112786
16897,1005.0,728.0159108303388,276.98408916966116
16920,825.0,635.2350455621391,189.76495443786087
16923,620.0,698.3882850139032,-78.38828501390321
16933,1130.0,1045.1551792569583,84.84482074304174
16936,778.0,708.7915978032063,69.20840219679371
16951,1265.0,1078.096059614719,186.90394038528098
16973,1010.0,699.5892292912299,310.4107707087701
16990,1090.0,1034.4992508938442,55.50074910615581
16993,1225.0,1034.5444062272097,190.45559377279028
16994,1720.0,1350.399135853064,369.6008641469359
17002,1410.0,1236.4668881909172,173.5331118090828
17004,1353.0,1365.145693162837,-12.145693162837006
17027,840.0,795.6110673104595,44.388932689540525
17028,735.0,792.2381967812646,-57.238196781264605
17033,1375.0,1224.739655712972,150.26034428702792
17055,1265.0,939.8301107313466,325.1698892686534
17080,510.0,569.3573594839646,-59.357359483964615
17086,1335.0,1156.3846694457968,178.61533055420318
17103,922.0,1101.9232416592788,-179.9232416592788
17108,630.0,735.2142886716128,-105.21428867161285
17127,945.0,737.2659151473857,207.73408485261427
17143,1382.0,1386.367023017124,-4.367023017123984
17167,1074.0,1104.4320832229332,-30.432083222933215
17169,1485.0,1077.5631374449813,407.4368625550187
17190,825.0,708.0441144828006,116.95588551719936
17196,750.0,695.4364893351942,54.56351066480579
17197,1470.0,1235.0199304457176,234.9800695542824
17209,1430.0,1271.6630857233176,158.33691427668236
17228,839.0,933.1259250291653,-94.12592502916527
17232,1300.0,1021.1151482450539,278.8848517549461
17261,715.0,692.6953131904127,22.304686809587338
17264,1155.0,1157.6148366023845,-2.6148366023844574
17299,1146.0,1184.949393041178,-38.94939304117793
17304,555.0,500.29283320007954,54.70716679992046
17305,1782.0,1266.2718878901749,515.7281121098251
17306,840.0,697.7955255608409,142.20447443915907
17307,918.0,695.0952800361202,222.90471996387976
17324,848.0,719.2559192137401,128.74408078625993
17335,849.0,493.9235685685642,355.0764314314358
17339,860.0,725.204572556546,134.79542744345395
17353,1215.0,1213.1650701747583,1.8349298252417157
17357,1060.0,1069.8078793234142,-9.807879323414227
17364,1370.0,1065.51656239102,304.48343760898
17365,640.0,643.0694055086931,-3.0694055086930803
17370,798.0,720.1771518668555,77.82284813314448
17389,815.0,635.2657965865202,179.7342034134798
17393,1559.0,1298.1625260409548,260.83747395904516
17412,620.0,605.689970806203,14.31002919379705
17432,1350.0,1144.2006324956608,205.79936750433922
17460,1510.0,1132.3626568804655,377.63734311953453
17467,1124.0,1130.1744365495615,-6.174436549561506
17501,1205.0,1080.472967229323,124.5270327706769
17533,1370.0,1304.9500234286982,65.04997657130184
17543,825.0,651.6314494363862,173.36855056361378
17578,823.0,700.3841192271333,122.61588077286672
17611,1100.0,1031.0710026092793,68.92899739072072
17612,1080.0,969.2060072822328,110.7939927177672
17616,1053.0,931.4053596735793,121.59464032642074
17630,1305.0,1247.002917824869,57.99708217513103
17637,1320.0,1306.7994182284526,13.200581771547377
17659,1195.0,1082.4590449535447,112.54095504645534
17660,1365.0,1238.91422520043,126.08577479956989
17661,1585.0,1220.9956401865945,364.0043598134055
17673,1062.0,1033.1585978607513,28.841402139248657
17689,734.0,660.6825925530161,73.3174074469839
17704,1043.0,995.3178168096147,47.68218319038533
17720,540.0,561.1858800937416,-21.185880093741616
17724,1180.0,1132.9366703806743,47.063329619325714
17725,1210.0,980.527143821849,229.472856178151
17735,1255.0,1031.6527729805946,223.3472270194054
17753,1280.0,1094.378822990797,185.62117700920294
17759,1190.0,1304.5821295153205,-114.5821295153205
17769,1537.0,1255.2705901239165,281.72940987608354
17783,887.0,746.6108531189468,140.3891468810532
17787,755.0,704.3492427400998,50.65075725990016
17789,845.0,955.8995273639873,-110.89952736398732
17805,1035.0,1066.2769610711966,-31.276961071196638
17810,920.0,894.9576620877746,25.042337912225435
17835,910.0,875.4504919441044,34.54950805589556
17848,1205.0,1193.5196636442429,11.480336355757117
17855,1220.0,1029.3018910304047,190.6981089695953
17865,690.0,605.3557252361778,84.64427476382218
17866,825.0,704.686914645428,120.31308535457197
17878,695.0,635.5362742433866,59.46372575661337
17880,1301.0,1185.2129529758504,115.78704702414962
17918,780.0,576.5171118294585,203.48288817054151
17932,1357.0,1172.0391094712586,184.9608905287414
17933,1440.0,1228.3082678921987,211.69173210780127
17941,1220.0,1117.511356626118,102.48864337388204
17943,1230.0,1218.4408605121512,11.559139487848825
17954,783.0,703.2852767042255,79.71472329577455
17965,1340.0,1267.7123028823987,72.28769711760128
17966,1235.0,1137.289075521566,97.71092447843398
17974,575.0,674.1480592949956,-99.14805929499562
18018,1345.0,1070.4526090310587,274.5473909689413
18038,1455.0,1282.7963124563778,172.2036875436222
18054,1390.0,1208.4575266043307,181.54247339566928
18058,555.0,706.0213209109376,-151.02132091093756
18059,1446.0,1206.7008001194342,239.29919988056577
18088,1315.0,1231.7604113167113,83.23958868328873
18094,785.0,701.5077403262401,83.49225967375992
18105,1085.0,938.7600406993681,146.23995930063188
18107,1480.0,1200.931912205485,279.0680877945149
18116,635.0,691.9418998636879,-56.94189986368792
18125,1015.0,974.6847054872786,40.31529451272138
18131,751.0,445.25389213176317,305.74610786823683
18137,1295.0,1260.4709918838182,34.529008116181785
18152,963.0,744.6641743394077,218.33582566059226
18161,716.0,640.8525922115932,75.14740778840678
18165,1360.0,1183.0277821832335,176.9722178167665
18171,1557.0,1346.7792561168549,210.22074388314513
18189,1065.0,882.3294773517578,182.67052264824224
18197,807.0,764.4158406968738,42.58415930312617
18255,825.0,660.8441039687211,164.15589603127887
18266,700.0,717.1334134695244,-17.133413469524385
18268,860.0,1063.0841892570054,-203.0841892570054
18280,1260.0,1101.7994832750578,158.2005167249422
18286,845.0,649.9009560389377,195.0990439610623
18294,1322.0,1085.9190472160233,236.08095278397673
18296,850.0,765.6725960649072,84.32740393509278
18308,1405.0,1176.3194973709235,228.6805026290765
18342,1420.0,1192.058064662551,227.94193533744897
18372,755.0,672.0505550721267,82.94944492787329
18382,1125.0,1264.5526058611415,-139.5526058611415
18394,895.0,660.1967617069814,234.80323829301858
18403,1250.0,1092.5875125699524,157.41248743004758
18405,1145.0,1037.8150540288545,107.18494597114545
18408,643.0,689.6570385912316,-46.65703859123164
18421,1180.0,1247.8672499643562,-67.86724996435623
18429,1069.0,1111.2884066698539,-42.288406669853885
18441,1215.0,943.6808725224867,271.31912747751335
18447,1301.0,1193.7673418792042,107.2326581207958
18460,750.0,722.5597063287205,27.440293671279505
18472,1480.0,1144.5187180885835,335.48128191141654
18478,1105.0,1121.2333264966549,-16.233326496654854
18518,1180.0,1256.288043447033,-76.28804344703303
18520,770.0,724.0739844312415,45.926015568758544
18521,1315.0,1087.781481660284,227.21851833971596
18538,1415.0,1095.402048513084,319.5979514869159
18551,1485.0,1172.0259461205176,312.9740538794824
18553,1578.0,1192.139289402866,385.8607105971339
18555,1070.0,985.1114802468883,84.88851975311172
18588,1002.0,657.2256355437997,344.77436445620026
18594,814.0,625.339497555818,188.66050244418204
18602,1063.0,1179.7200860575463,-116.72008605754627
18603,1140.0,1199.1980071356018,-59.198007135601756
18608,1065.0,1175.670909969143,-110.67090996914294
18631,1380.0,1297.6905713768917,82.30942862310826
18676,1238.0,1164.6156076112113,73.38439238878868
18679,1405.0,1157.0803552920047,247.9196447079953
18686,1490.0,1279.851840026568,210.14815997343203
18691,595.0,681.454239905564,-86.45423990556401
18704,858.0,720.8844643736361,137.1155356263639
18728,1205.0,1036.3795849425135,168.62041505748653
18733,685.0,682.1095851684357,2.8904148315642715
18734,935.0,865.505537347155,69.49446265284496
18763,1215.0,1021.1205949938229,193.87940500617708
18774,900.0,687.4891361250878,212.51086387491216
18791,811.0,651.1593658280449,159.84063417195512
18859,1050.0,1087.768574621248,-37.768574621248035
18892,860.0,729.359393986236,130.640606013764
18902,1040.0,1065.7542688203725,-25.754268820372545
18920,1085.0,1153.7180818918825,-68.71808189188255
18921,870.0,777.1969473052275,92.80305269477253
18936,1620.0,1306.5297392305547,313.4702607694453
18955,690.0,685.9296203068814,4.070379693118639
18964,1030.0,1047.9267506807141,-17.92675068071412
18991,1410.0,1105.4135095703539,304.5864904296461
18995,1404.0,1302.1100289890474,101.88997101095265
19003,992.0,1051.4726965665052,-59.47269656650519
19008,1305.0,1050.4009019802932,254.59909801970684
19034,855.0,1185.9243521868457,-330.9243521868457
19036,920.0,1034.84180981308,-114.84180981308009
19048,710.0,723.2163999786021,-13.216399978602112
19086,750.0,683.8187541849904,66.18124581500956
19093,1025.0,976.3723258004277,48.62767419957231
19097,650.0,682.0202265249352,-32.0202265249352
19108,1087.0,1096.3004800944443,-9.30048009444431
19112,1520.0,1190.9843630708156,329.01563692918444
19130,825.0,743.9963214285713,81.00367857142874
19136,1505.0,1186.304340340428,318.6956596595719
19153,1124.0,1036.3795849425135,87.62041505748653
19157,1195.0,1013.8044771716957,181.19552282830432
19191,1105.0,1151.447207974082,-46.44720797408195
19192,730.0,801.737386518135,-71.73738651813505
19218,1170.0,1158.7248812650696,11.275118734930402
19219,720.0,609.047525438196,110.95247456180402
19241,814.0,654.7326444856851,159.2673555143149
19269,1345.0,1161.2785869583247,183.7214130416753
19275,845.0,723.2554149749187,121.74458502508128
19296,1240.0,1097.4277942995548,142.57220570044524
19368,1340.0,1210.8375317510179,129.16246824898212
19380,1290.0,1190.584434019506,99.41556598049397
19393,925.0,722.118923028716,202.88107697128396
19398,1390.0,1182.1467588841933,207.85324111580667
19403,1290.0,1231.0777106180112,58.922289381988776
19417,1334.0,1277.5202851112033,56.47971488879671
19419,1465.0,1216.7949556487677,248.20504435123235
19443,1407.0,1078.0365810677877,328.96341893221233
19444,1080.0,1287.8325501043407,-207.83255010434073
19451,814.0,734.148588412314,79.85141158768602
19459,933.0,748.9555438374784,184.04445616252156
19472,620.0,707.800874938344,-87.80087493834401
19485,1205.0,1129.5729321139534,75.42706788604664
19495,1190.0,1042.5749189707362,147.42508102926377
19507,1140.0,1054.2121067852752,85.78789321472482
19509,1210.0,1244.717310412271,-34.71731041227099
19512,901.0,1121.6227624025164,-220.6227624025164
19542,1114.0,1197.6944807606271,-83.69448076062713
19566,1445.0,1242.0060209051856,202.99397909481445
19583,1360.0,1279.4381004284635,80.56189957153651
19584,856.0,784.9142982718022,71.08570172819782
19592,860.0,720.6134253664724,139.38657463352763
19597,1317.0,1372.4135632110233,-55.4135632110233
19599,1370.0,1314.5348855283532,55.46511447164676
19601,1201.0,1198.2316574630138,2.7683425369862107
19627,1235.0,1206.0596115800518,28.94038841994825
19639,1160.0,1188.152397900452,-28.152397900451888
19664,760.0,710.7891241678864,49.21087583211363
19676,1570.0,1302.6388260925735,267.3611739074265
19678,670.0,745.1141955515033,-75.11419555150326
19682,685.0,1046.4568316163052,-361.4568316163052
19730,1130.0,959.9763130660016,170.02368693399842
19760,620.0,606.1005878609267,13.89941213907332
19773,1160.0,1115.5761297471504,44.42387025284961
19804,980.0,1066.3744288965202,-86.37442889652016
19813,1135.0,991.701336419938,143.298663580062
19845,950.0,748.6529703471933,201.34702965280667
19862,1325.0,1283.2795125126715,41.720487487328455
19891,1450.0,1345.668375419015,104.33162458098491
19904,1032.0,1045.5610774807644,-13.561077480764425
19909,895.0,1101.490828337578,-206.49082833757802
19919,770.0,721.6820426100347,48.31795738996527
19937,640.0,655.217092098332,-15.217092098332046
19949,1240.0,1192.944445384464,47.05555461553604
19970,1250.0,988.6668042954723,261.3331957045277
19993,1350.0,1275.8167761647758,74.18322383522423
20001,1014.0,890.175253968254,123.82474603174603
20002,875.0,665.1117947037194,209.8882052962806
20041,720.0,635.8976889678739,84.10231103212607
20095,1180.0,1094.1735140716612,85.8264859283388
20114,1080.0,944.7158831032347,135.28411689676534
20120,1155.0,1144.7899103859468,10.210089614053231
20122,1160.0,1112.2427551962862,47.757244803713775
20123,1145.0,1109.9859260776607,35.01407392233932
20126,1265.0,1135.4583178063242,129.5416821936758
20153,1005.0,1113.4508119354575,-108.45081193545752
20172,615.0,603.1353064671996,11.864693532800402
20181,1632.0,1208.9718787867816,423.02812121321836
20183,795.0,693.9853644822919,101.01463551770814
20220,1065.0,1030.6936029281958,34.30639707180421
20223,1265.0,1184.7373323983402,80.26266760165981
20231,1083.0,973.478955422549,109.521044577451
20238,1235.0,1161.386597031497,73.6134029685029
20287,1515.0,1205.961144028175,309.0388559718249
20293,1230.0,976.3723258004277,253.6276741995723
20301,1335.0,1184.651099552733,150.34890044726694
20319,1460.0,1147.5690208412207,312.43097915877934
20349,1113.0,979.9095529890551,133.0904470109449
20370,1120.0,1269.4593193775615,-149.45931937756154
20392,1085.0,708.8669327430056,376.1330672569944
20404,588.0,712.348394732515,-124.34839473251498
20421,790.0,921.7420383312224,-131.74203833122237
20423,1615.0,1303.8130863180395,311.1869136819605
20499,1145.0,1202.8143885451896,-57.81438854518956
20515,1240.0,1241.940451283408,-1.9404512834080379
20543,1425.0,1227.6043770730917,197.39562292690835
20561,765.0,635.5320229547546,129.46797704524545
20571,1235.0,1074.651088822892,160.348911177108
20573,830.0,1083.7297831940027,-253.72978319400272
20603,1198.0,1300.828559239864,-102.82855923986403
20622,770.0,703.0405831753513,66.95941682464866
20643,1130.0,1052.1626430960896,77.8373569039104
20646,870.0,1030.5681277455153,-160.5681277455153
20675,790.0,648.300666963201,141.69933303679898
20676,825.0,604.7854440697791,220.21455593022085
20678,615.0,695.372272577368,-80.372272577368
20679,1260.0,1164.7783711477641,95.22162885223588
20690,870.0,756.1423272083941,113.85767279160586
20699,1145.0,1098.3091626769694,46.690837323030564
20736,700.0,740.6279910297206,-40.62799102972065
20750,710.0,571.8646825774536,138.13531742254645
20781,1195.0,1081.055928237041,113.94407176295908
20783,1130.0,866.3626809807994,263.6373190192006
20791,1290.0,1009.5985646972908,280.40143530270916
20793,575.0,669.9145185898781,-94.91451858987807
20796,1350.0,1105.2992839834951,244.70071601650488
20802,1169.0,1173.9058852653889,-4.905885265388861
20809,940.0,991.1053840596138,-51.10538405961381
20816,1100.0,1102.5713294077755,-2.5713294077754654
20820,740.0,674.469724703683,65.53027529631697
20827,620.0,554.4701343915343,65.52986560846568
20830,1250.0,1153.9362592245109,96.06374077548912
20845,760.0,702.8578383507839,57.142161649216064
20858,1325.0,1269.3323065852585,55.66769341474151
20873,1355.0,958.7266533785587,396.2733466214413
20931,1355.0,1215.3796245093972,139.62037549060278
20962,654.0,543.8591584445048,110.14084155549517
20964,870.0,820.2526329994622,49.74736700053779
20969,1021.0,1090.0483871966728,-69.04838719667282
21016,622.0,664.3330374414074,-42.33303744140744
21028,530.0,608.7845132141935,-78.78451321419345
21051,1398.0,1235.670014461331,162.329985538669
21075,519.0,739.4197903197366,-220.41979031973665
21083,1360.0,1273.6279860835098,86.37201391649023
21132,641.0,626.8541153364873,14.145884663512675
21134,795.0,698.3510523471516,96.64894765284839
21150,1075.0,993.8911061210451,81.10889387895486
21154,753.0,662.1926554178364,90.80734458216364
21155,1435.0,1190.0655298750844,244.9344701249156
21191,1110.0,959.8589999095457,150.14100009045433
21197,663.0,655.2628288923213,7.737171107678705
21200,1325.0,1291.5336377135188,33.46636228648117
21230,1445.0,1111.0219401812562,333.97805981874376
21232,1445.0,1130.2871755707008,314.7128244292992
21235,1240.0,1214.9263746305414,25.07362536945857
21240,755.0,702.1051632126906,52.89483678730937
21256,1135.0,1170.1591125128734,-35.159112512873435
21260,1422.0,1196.2274601399463,225.7725398600537
21267,945.0,692.6062198494413,252.39378015055865
21290,660.0,693.0855195732951,-33.08551957329507
21336,1100.0,790.2200343371467,309.77996566285333
21348,1220.0,1233.876763090739,-13.876763090738905
21376,1230.0,1257.9113615546214,-27.911361554621408
21453,1131.0,1226.2936363071763,-95.29363630717626
21458,1506.0,1173.4705654485713,332.5294345514287
21469,1257.0,1227.0825082348767,29.91749176512326
21482,848.0,1033.8843560911278,-185.88435609112776
21489,1113.0,1174.2365213983253,-61.236521398325294
21542,1312.0,1172.7057680333621,139.29423196663788
21556,922.0,647.7744457126831,274.22555428731687
21566,1845.0,1049.786634289542,795.213365710458
21576,1170.0,1000.5523105269203,169.44768947307966
21577,688.0,602.2533071696515,85.74669283034848
21583,1350.0,1170.7967992792394,179.2032007207606
21629,1310.0,1153.2476529587402,156.75234704125978
21641,1000.0,1081.5296606448183,-81.52966064481825
21682,975.0,680.8184358209257,294.18156417907426
21695,1329.0,1304.4160922577446,24.583907742255406
21707,1360.0,1217.0331406695402,142.96685933045978
21743,1225.0,1067.6935516835465,157.3064483164535
21769,820.0,983.7756620686282,-163.7756620686282
21776,670.0,611.1394136431816,58.86058635681843
21793,1285.0,1172.8157287389456,112.18427126105439
21800,955.0,1018.6494317558712,-63.649431755871205
21834,785.0,763.3115175075912,21.688482492408752
21852,570.0,630.2409441885798,-60.24094418857976
21863,958.0,752.355174976119,205.64482502388103
21866,640.0,642.8847774064436,-2.884777406443618
21868,1233.0,1059.1962121913393,173.80378780866067
21884,1130.0,982.225193193485,147.77480680651502
21894,862.0,1275.9672249139753,-413.9672249139753
21913,1065.0,1008.072347258437,56.92765274156295
21915,504.0,572.1560724021703,-68.15607240217025
21947,1170.0,982.8168825414913,187.18311745850872
21949,765.0,704.2343669131933,60.7656330868067
21986,805.0,706.7680436507934,98.2319563492066
22070,1220.0,1081.170284578822,138.82971542117798
22094,1295.0,1259.5879960449363,35.41200395506371
22104,810.0,883.3910035844085,-73.39100358440851
22114,695.0,667.5977941077632,27.402205892236793
22132,1091.0,984.1101487582804,106.88985124171961
22133,750.0,701.754629119895,48.24537088010504
22157,760.0,1120.0486267199005,-360.04862671990054
22161,1235.0,1089.1234705628729,145.87652943712715
22193,773.0,685.5634811266261,87.43651887337387
22203,1035.0,951.5020129027974,83.49798709720255
22204,740.0,706.4837442595243,33.516255740475685
22207,790.0,621.3344044041205,168.6655955958795
22212,760.0,636.6689231045547,123.33107689544534
22213,620.0,729.9908296556948,-109.99082965569482
22222,1310.0,1291.9488002859925,18.051199714007453
22264,1465.0,1304.828132033884,160.171867966116
22291,1451.0,1160.5592082258609,290.44079177413914
22292,543.0,762.6535891479208,-219.6535891479208
22296,1165.0,1223.7571046704518,-58.75710467045178
22300,1180.0,1075.2198712027591,104.78012879724088
22321,730.0,623.845033322741,106.15496667725904
22338,1350.0,1182.947791309939,167.05220869006098
22340,1093.0,777.5093900833887,315.49060991661133
22359,1215.0,1182.1569312965723,32.84306870342766
22360,765.0,747.3064312755367,17.693568724463262
22362,1275.0,1229.392869071224,45.60713092877609
22385,825.0,670.5505734978858,154.4494265021142
22401,1298.0,1190.2314757163153,107.76852428368466
22411,915.0,1021.029841812163,-106.029841812163
22426,1310.0,1056.0595652194838,253.94043478051617
22448,1369.0,1304.1343334944402,64.86566650555983
22450,1080.0,1171.0299614339965,-91.0299614339965
22465,1010.0,749.9691651194665,260.03083488053346
22475,1325.0,1228.0365938026337,96.96340619736634
22478,705.0,539.3438442714869,165.6561557285131
22492,1375.0,1096.5556289970707,278.4443710029293
22507,562.0,694.2533021083133,-132.25330210831328
22508,651.0,720.4691962745746,-69.46919627457464
22525,710.0,679.9696719261846,30.03032807381544
22528,1270.0,1238.91422520043,31.08577479956989
22550,600.0,584.8895431216932,15.110456878306763
22604,770.0,728.8545484484564,41.1454515515436
22606,1170.0,1123.5817118018906,46.418288198109394
22627,940.0,855.318645115754,84.68135488424605
22635,1130.0,1097.0240187614195,32.975981238580516
22643,840.0,803.5774042133633,36.42259578663675
22655,1330.0,1306.966351281724,23.033648718276027
22671,725.0,699.6404487047276,25.359551295272354
22689,1590.0,1271.1650488688394,318.83495113116055
22690,1200.0,1283.8365780202193,-83.83657802021935
22693,870.0,1217.9211875932212,-347.92118759322125
22703,1150.0,1225.4957888071272,-75.49578880712716
22714,710.0,659.2642335563627,50.73576644363732
22733,620.0,544.4250602001483,75.57493979985168
22735,850.0,681.1027690513425,168.89723094865747
22750,720.0,748.6758082782746,-28.675808278274644
22772,1195.0,1068.606988219332,126.39301178066808
22774,955.0,1045.9593557536941,-90.95935575369413
22789,1180.0,1162.5057855758987,17.4942144241013
22802,730.0,638.1491220655256,91.8508779344744
22814,631.0,622.2136601468409,8.78633985315912
22837,1575.0,1234.3632835354067,340.6367164645933
22855,849.0,928.2992826203185,-79.29928262031854
22866,860.0,642.0993403006895,217.9006596993105
22876,790.0,1148.1486310957812,-358.1486310957812
22893,625.0,550.7755252023373,74.22447479766265
22914,782.0,615.8526020232156,166.14739797678442
22918,675.0,588.3177532249733,86.68224677502667
22934,743.0,680.4108754594727,62.58912454052734
22943,860.0,697.285388557596,162.71461144240402
22957,1180.0,1238.7362041466467,-58.73620414664674
22980,1395.0,1348.1798005927394,46.82019940726059
22985,700.0,624.2349075853533,75.76509241464669
22990,1504.0,1224.0627127040768,279.93728729592317
23004,1320.0,1253.1029925329012,66.89700746709877
23046,1118.0,1177.3213582807468,-59.321358280746836
23051,840.0,718.2677850619257,121.73221493807432
23066,720.0,630.2532819394615,89.74671806053846
23095,895.0,640.3122141419238,254.68778585807615
23098,785.0,673.9667903741637,111.03320962583632
23115,1490.0,860.4230781219729,629.5769218780271
23152,891.0,698.8063762864415,192.1936237135585
23157,1165.0,1084.0844743237465,80.91552567625354
23191,992.0,1227.3520378364108,-235.35203783641077
23202,1750.0,1315.0526889617977,434.9473110382023
23215,1375.0,1212.2232068428218,162.7767931571782
23224,1162.0,1151.573333333333,10.42666666666696
23234,655.0,632.024850144533,22.975149855466952
23262,1290.0,952.7792543844014,337.2207456155986
23275,637.0,705.5725260823515,-68.57252608235149
23299,723.0,691.8981917621371,31.101808237862883
23300,1360.0,1280.315191438901,79.68480856109909
23318,1095.0,993.2948634836584,101.70513651634155
23326,1504.0,1093.1413537946135,410.85864620538655
23354,1195.0,1142.1709412970397,52.82905870296031
23369,595.0,736.9189263474225,-141.91892634742248
23380,1135.0,903.7451716803491,231.25482831965087
23395,1390.0,1184.4680940977112,205.53190590228883
23421,1110.0,1054.8551391864044,55.14486081359564
23426,1230.0,1125.9674958090907,104.03250419090932
23464,1132.0,1045.6294155291457,86.37058447085428
23477,1020.0,1166.074630155984,-146.0746301559841
23485,683.0,634.5671976432883,48.432802356711704
23490,1020.0,983.6659394518981,36.33406054810189
23493,710.0,708.4394288571334,1.5605711428665927
23498,1100.0,966.7894098531432,133.21059014685682
23507,1270.0,1117.2799692667845,152.72003073321548
23523,1100.0,970.3932008805683,129.60679911943168
23542,1190.0,1093.3937188655807,96.6062811344193
23594,1070.0,1007.0321234528852,62.96787654711477
23600,1240.0,1059.1962121913393,180.80378780866067
23624,1215.0,1090.3016312790464,124.69836872095357
23652,1270.0,1028.359753905566,241.6402460944339
23665,771.0,1200.9532369720366,-429.9532369720366
23671,1365.0,1132.9297844155383,232.07021558446172
23697,1260.0,1043.218657756583,216.78134224341693
23713,1420.0,1061.0071568630165,358.99284313698354
23731,1375.0,1138.5701410687866,236.4298589312134
23778,1267.0,1218.4353428442175,48.56465715578247
23784,1505.0,1103.674585933949,401.32541406605105
23794,940.0,743.9872855253697,196.01271447463034
23827,1350.0,1186.2138370791884,163.78616292081165
23840,700.0,706.5948992041783,-6.5948992041783185
23856,953.0,776.7787385020997,176.2212614979003
23894,1140.0,1160.4637574305013,-20.463757430501346
23904,1625.0,1296.1378532586577,328.86214674134226
23918,630.0,680.8394436538533,-50.83944365385332
23923,960.0,1073.0754977334127,-113.0754977334127
23927,593.0,596.241051856848,-3.241051856848003
23934,1490.0,1155.5078769366364,334.4921230633636
23935,1003.0,1066.1980704010602,-63.19807040106025
23940,1333.0,1157.586471581934,175.4135284180661
23967,1010.0,1154.196702309189,-144.19670230918905
23974,1110.0,936.0579741908641,173.94202580913588
23996,1230.0,1062.3348451378656,167.6651548621344
24002,1350.0,1201.4368092372804,148.56319076271961
24005,1445.0,1168.2247180006548,276.7752819993452
24022,1115.0,1191.2775164996451,-76.27751649964512
24047,1440.0,1140.5952366096649,299.4047633903351
24055,750.0,614.055405221389,135.94459477861096
24058,1281.0,1193.4085844563067,87.5914155436933
24073,700.0,682.0449813097813,17.955018690218708
24080,720.0,668.2518581962715,51.74814180372846
24091,1240.0,1178.390837141281,61.609162858718946
24102,1007.0,1053.5560648742037,-46.556064874203685
24110,1190.0,1164.17890178872,25.82109821128006
24113,1600.0,1162.1325250311565,437.86747496884345
24129,650.0,574.5813952186228,75.41860478137721
24156,1645.0,1219.0985484440778,425.9014515559222
24168,980.0,993.0925270975438,-13.09252709754378
24170,1320.0,1079.6279729622067,240.37202703779326
24178,1130.0,1076.5702131000469,53.429786899953115
24203,882.0,642.0862474699398,239.91375253006015
24216,985.0,1161.244197812358,-176.24419781235792
24253,1110.0,1080.3208831030965,29.67911689690345
24265,670.0,612.2635124964331,57.73648750356688
24281,830.0,675.621187523736,154.378812476264
24298,869.0,752.258857799337,116.74114220066303
24302,849.0,951.589615197829,-102.58961519782895
24331,1043.0,1117.59194959198,-74.59194959197998
24332,1345.0,1144.8866459709577,200.11335402904228
24362,690.0,514.5168998943581,175.48310010564194
24366,1035.0,984.5932070945399,50.406792905460065
24370,1257.0,1271.1885971518736,-14.188597151873637
24379,630.0,657.4279973796173,-27.427997379617295
24426,1075.0,1008.0610952562059,66.93890474379407
24436,525.0,717.1644011981402,-192.16440119814024
24462,1000.0,1118.4893389232589,-118.48933892325886
24465,1200.0,1043.3380210164244,156.66197898357564
24480,1376.0,1112.115842466582,263.8841575334179
24487,1438.0,1089.0587094422783,348.9412905577217
24518,655.0,768.475384711589,-113.47538471158896
24524,1180.0,1199.703390976075,-19.70339097607507
24534,610.0,602.814548266579,7.185451733421019
24535,1200.0,1183.6807086455685,16.31929135443147
24536,1340.0,1256.4695615240735,83.53043847592653
24539,760.0,608.9695226989174,151.03047730108256
24540,667.0,551.2765800613055,115.72341993869452
24546,1133.0,978.7510048977098,154.24899510229022
24582,880.0,1048.8809304871081,-168.88093048710812
24585,1190.0,1016.2016330654079,173.79836693459208
24598,1025.0,913.1142303039579,111.88576969604208
24603,1100.0,1142.834400965548,-42.83440096554796
24629,935.0,1079.3415918288497,-144.3415918288497
24643,1640.0,1214.1444499929905,425.85555000700947
24649,1345.0,1172.37438805573,172.62561194427008
24653,1200.0,1316.6988348208793,-116.69883482087926
24662,691.0,659.5125441931523,31.48745580684772
24689,1055.0,943.52243244094,111.47756755906005
24702,1080.0,1213.456638220735,-133.45663822073493
24719,1200.0,1237.8880402027814,-37.88804020278144
24731,920.0,756.8138897934706,163.1861102065294
24757,835.0,664.2103672267941,170.78963277320588
24772,1438.0,1241.0810606366283,196.9189393633717
24784,1120.0,1052.4454603368395,67.55453966316054
24810,1310.0,1356.4617944504114,-46.46179445041139
24811,640.0,737.0694692814236,-97.06946928142361
24823,1015.0,1118.8970412752178,-103.89704127521782
24832,1235.0,1051.7636022404236,183.23639775957645
24842,1315.0,1154.670589651474,160.32941034852593
24894,1160.0,1081.8712004974616,78.12879950253841
24908,1230.0,1072.4715780933404,157.52842190665956
24912,870.0,938.064409294831,-68.06440929483097
24916,1510.0,1264.4093592494867,245.59064075051333
24922,610.0,660.6116633284172,-50.611663328417194
24943,1005.0,909.5404115737034,95.45958842629659
24955,1290.0,1128.0941448315377,161.90585516846227
24966,1284.0,1268.1294443014576,15.870555698542375
24970,442.0,545.0210102669138,-103.02101026691378
24990,1290.0,1093.3178783891938,196.68212161080623
24994,1315.0,956.8558967780382,358.1441032219618
25017,725.0,970.385024454836,-245.38502445483596
25033,790.0,651.5004174989986,138.49958250100144
25051,1575.0,1208.8948149070682,366.10518509293183
25068,655.0,665.2836333951368,-10.283633395136803
25075,1380.0,1164.4881499402813,215.51185005971865
25146,1260.0,1184.470087183381,75.52991281661889
25155,1220.0,1152.6321716297398,67.36782837026021
25176,953.0,726.9086728531335,226.09132714686655
25190,965.0,748.9558351249274,216.04416487507262
25192,1400.0,1236.6396902878582,163.36030971214177
25203,1540.0,1172.346952420917,367.653047579083
25205,930.0,1013.725257294831,-83.72525729483095
25215,1330.0,1106.3892082342163,223.6107917657837
25229,905.0,697.7996499722539,207.20035002774614
25236,1220.0,995.9650315426907,224.03496845730933
25247,1180.0,956.7374609774376,223.26253902256235
25259,770.0,706.2442215483032,63.755778451696756
25290,950.0,659.123174093141,290.87682590685904
25306,695.0,621.7015697480497,73.29843025195032
25312,1200.0,1199.5608644931292,0.43913550687079805
25331,1040.0,1226.089456786745,-186.0894567867449
25359,610.0,665.6203550297449,-55.62035502974493
25369,806.0,739.6853175714366,66.3146824285634
25381,1110.0,1072.2447701526528,37.75522984734721
25383,568.0,1064.540075039027,-496.540075039027
25393,1170.0,1235.6478721338644,-65.64787213386444
25406,1153.0,1067.5272201485766,85.47277985142341
25469,1030.0,1299.1380857340694,-269.13808573406936
25478,600.0,784.9475315608496,-184.9475315608496
25483,1070.0,991.8122083287595,78.18779167124046
25492,708.0,550.0093788137955,157.99062118620452
25506,1172.0,1100.6510136982843,71.34898630171574
25510,690.0,718.9716905674696,-28.971690567469636
25515,1025.0,1253.6704020915754,-228.6704020915754
25528,1068.0,718.3154859128051,349.6845140871949
25546,1155.0,1011.0184104713451,143.98158952865492
25554,1245.0,1217.4515059298935,27.54849407010647
25565,1095.0,781.7167354218881,313.2832645781119
25569,1626.0,1226.6436341438182,399.3563658561818
25579,1341.0,1125.2925055021674,215.7074944978326
25580,610.0,735.0980939693703,-125.09809396937032
25603,1190.0,1265.8503841975921,-75.85038419759212
25614,871.0,592.8382133481144,278.16178665188556
25625,1125.0,1009.872697059327,115.12730294067296
25634,841.0,885.1356051513332,-44.13560515133315
25639,875.0,959.1973935471049,-84.19739354710487
25656,650.0,697.4677728827874,-47.46777288278736
25674,910.0,791.452109254826,118.54789074517396
25704,1270.0,1081.5643647888705,188.43563521112947
25709,1310.0,1174.8514750345166,135.14852496548338
25724,1410.0,1248.2916513842858,161.70834861571416
25729,1202.0,1117.5124070262364,84.48759297376364
25779,1355.0,1316.1503980869645,38.849601913035485
25780,1135.0,1219.9313782722008,-84.93137827220085
25805,1147.0,1215.6771138160825,-68.67711381608251
25817,1500.0,1212.882292304743,287.11770769525697
25846,730.0,659.5396632070224,70.46033679297761
25847,948.0,1037.981863834423,-89.98186383442294
25851,1210.0,1079.7366161676723,130.2633838323277
25893,1378.0,1060.7801111658262,317.21988883417384
25919,1316.0,1121.3852199467046,194.61478005329536
25954,1515.0,1223.4715628587055,291.5284371412945
25965,1014.0,1039.8842220868935,-25.884222086893487
25975,670.0,659.9832118123169,10.016788187683119
25980,1130.0,1234.1700234680907,-104.17002346809068
25989,1020.0,967.8662477782351,52.133752221764894
26014,910.0,664.1427471321978,245.85725286780223
26022,1015.0,1099.836525745971,-84.8365257459709
26023,678.0,569.3606960482456,108.63930395175441
26038,1435.0,1281.9783583961255,153.0216416038745
26069,650.0,641.1760932933879,8.823906706612092
26075,1160.0,1107.3623690981965,52.637630901803504
26103,1385.0,1278.3330511591982,106.66694884080175
26153,1180.0,1068.6368065783724,111.36319342162756
26159,1185.0,1155.704123211209,29.29587678879102
26162,1380.0,1272.0763487720774,107.92365122792262
26171,726.0,631.3487826347327,94.65121736526726
26198,925.0,611.0462759280966,313.95372407190337
26246,1085.0,1231.8187051352222,-146.81870513522222
26254,740.0,647.2734958682527,92.72650413174733
26262,750.0,946.8776848826783,-196.8776848826783
26303,1140.0,997.6330135564989,142.3669864435011
26315,1070.0,1044.7638908100444,25.23610918995564
26338,695.0,773.509460000762,-78.50946000076203
26354,703.0,577.0831429806881,125.91685701931192
26413,1175.0,1086.802839774811,88.19716022518901
26414,985.0,1042.3324316404755,-57.332431640475534
26449,1095.0,1019.5483295221679,75.45167047783207
26452,575.0,622.9482525651104,-47.94825256511035
26468,740.0,676.3466073669938,63.653392633006206
26514,1261.0,1105.8549175807327,155.14508241926728
26536,910.0,699.0400624427566,210.9599375572434
26539,1132.0,1073.474612958001,58.52538704199901
26579,767.0,696.3202676343099,70.67973236569014
26586,1224.0,1130.8990655050607,93.10093449493934
26611,1100.0,1019.3011590856996,80.69884091430038
26619,1047.0,972.4338630479115,74.56613695208853
26634,1110.0,1087.2484097081401,22.751590291859884
26682,959.0,965.2181559084598,-6.218155908459835
26704,772.0,718.0820438252264,53.91795617477362
26733,1515.0,1226.9157440782676,288.0842559217324
26736,1105.0,1057.8902893629836,47.109710637016406
26739,801.0,738.665832625524,62.33416737447601
26752,1070.0,1051.6266192853518,18.373380714648192
26765,1225.0,1241.3119614411316,-16.311961441131643
26782,739.0,676.1374894179897,62.86251058201026
26789,1280.0,1180.1714113078706,99.82858869212941
26827,745.0,636.400698930664,108.59930106933598
26831,750.0,676.4491289120214,73.55087108797863
26837,810.0,767.223633534193,42.77636646580697
26891,1272.0,1267.327002297662,4.67299770233808
26895,800.0,584.9957371379036,215.00426286209643
26914,1005.0,1135.1637757878598,-130.16377578785978
26928,1240.0,998.213528040379,241.78647195962105
26942,855.0,718.4232147988398,136.5767852011602
26992,1153.0,1015.8014994291899,137.1985005708101
27061,723.0,726.6353052085934,-3.6353052085934223
27065,1320.0,1017.4404987400766,302.5595012599234
27074,1040.0,906.7184827992025,133.28151720079745
27088,734.0,610.6370867894507,123.36291321054932
27090,570.0,637.2155609895992,-67.21556098959923
27097,1430.0,1208.4575266043307,221.54247339566928
27099,1300.0,1161.688490467027,138.3115095329731
27108,1340.0,1185.0816903350399,154.91830966496013
27148,1058.0,1196.0820959926873,-138.0820959926873
27150,1320.0,1117.0151845456096,202.9848154543904
27178,750.0,988.7658205861295,-238.7658205861295
27196,742.0,642.8544786584102,99.14552134158976
27199,1405.0,1292.5004882033782,112.49951179662185
27214,870.0,922.4289403849483,-52.428940384948305
27217,1056.0,1230.5882257517778,-174.58822575177783
27268,826.0,707.4912045094879,118.50879549051206
27315,1250.0,1070.5864874222955,179.41351257770452
27322,749.0,636.4994812232158,112.50051877678425
27325,638.0,598.231327602578,39.76867239742205
27331,800.0,636.2849581471664,163.71504185283356
27338,900.0,940.2573697846059,-40.257369784605885
27397,1280.0,1083.8293720400407,196.17062795995935
27404,860.0,931.2090749342049,-71.20907493420486
27409,854.0,704.5380191747687,149.4619808252313
27450,988.0,952.867951876031,35.13204812396896
27453,1110.0,1155.5177393653162,-45.517739365316174
27455,645.0,715.1234659657397,-70.12346596573968
27461,1090.0,1073.4720416290866,16.52795837091344
27463,945.0,1024.892256744497,-79.89225674449699
27497,1010.0,734.0284820806552,275.9715179193448
27501,1190.0,1341.5274580696073,-151.5274580696073
27534,1160.0,1193.3293016751913,-33.329301675191346
27543,710.0,654.764040265464,55.23595973453598
27598,1563.0,1230.5882257517778,332.4117742482222
27604,635.0,701.3146247885256,-66.31462478852563
27614,1179.0,1046.51813511347,132.48186488653005
27622,1130.0,1116.5956184394897,13.404381560510274
27626,582.0,734.0278731697389,-152.02787316973888
27627,1170.0,1166.6535822099947,3.346417790005262
27634,1190.0,1028.2594191445523,161.74058085544766
27672,540.0,641.1429090001296,-101.14290900012963
27723,1325.0,1227.6043770730917,97.39562292690835
27736,575.0,667.8594245617252,-92.85942456172518
27770,876.0,1038.177038738117,-162.17703873811706
27782,1160.0,1147.3656429647308,12.634357035269204
27793,962.0,1032.9254030930308,-70.92540309303081
27795,795.0,801.1886825799195,-6.188682579919487
27834,680.0,731.8928324921213,-51.89283249212133
27857,1040.0,1064.9384290740034,-24.938429074003352
27873,1180.0,1083.3499202159144,96.65007978408562
27974,1323.0,1153.8120097798571,169.18799022014286
27983,1635.0,1284.4914034863905,350.5085965136095
27992,1040.0,1170.375165316132,-130.3751653161321
28003,1545.0,1076.9353317343869,468.06466826561314
28005,1363.0,1255.6078578152362,107.39214218476377
28040,1625.0,1323.362114335812,301.63788566418793
28053,1290.0,1125.815212831475,164.18478716852496
28080,1378.0,1232.4259706230428,145.57402937695724
28116,835.0,1061.9093758848755,-226.90937588487554
28127,1170.0,1193.3735413167242,-23.373541316724186
28132,819.0,687.869585909252,131.130414090748
28138,967.0,735.3867777976554,231.61322220234456
28139,685.0,640.5375880961465,44.462411903853535
28141,1487.0,737.3640218758474,749.6359781241526
28145,1279.0,1195.3496863179764,83.65031368202358
28150,1105.0,1079.4210881844763,25.578911815523725
28151,590.0,710.2109594909871,-120.21095949098708
28166,1058.0,1070.105409837211,-12.105409837211027
28186,564.0,620.3911104648624,-56.391110464862436
28190,1075.0,1068.5536854411437,6.446314558856329
28196,1040.0,909.520247567844,130.47975243215603
28221,1305.0,1147.4506363884104,157.54936361158957
28222,1295.0,1066.1922585679529,228.80774143204712
28237,770.0,881.2636867138315,-111.26368671383148
28241,851.0,728.2778109327529,122.72218906724709
28303,980.0,1016.3367468529196,-36.336746852919646
28322,715.0,638.1977676126938,76.80223238730616
28335,1185.0,1129.7101611141597,55.289838885840254
28343,709.0,725.9494724514558,-16.94947245145579
28347,760.0,582.9086833453412,177.09131665465884
28385,1170.0,1060.788559731111,109.21144026888896
28388,1091.0,1257.3968442189434,-166.39684421894344
28396,745.0,692.7347571834435,52.26524281655645
28403,850.0,663.7073571702294,186.29264282977056
28449,1095.0,1278.9052695916514,-183.9052695916514
28456,820.0,711.5667429976274,108.43325700237256
28463,560.0,549.9773284656064,10.022671534393567
28521,862.0,656.3261271634518,205.67387283654818
28522,1263.0,1081.8712004974616,181.1287995025384
28538,1480.0,1109.978192384001,370.021807615999
28549,1090.0,1170.2446082057963,-80.24460820579634
28587,702.0,608.1261453064882,93.87385469351182
28628,1150.0,963.5915993210753,186.40840067892475
28637,1268.0,1244.1161540767519,23.883845923248145
28668,571.0,594.7676127877285,-23.767612787728467
28669,1110.0,978.9593985046848,131.04060149531517
28693,1113.0,1091.558307868084,21.441692131915943
28707,1055.0,924.758088214228,130.241911785772
28718,1350.0,1201.368744191701,148.6312558082991
28719,1120.0,1140.6969728592467,-20.69697285924667
28764,1320.0,1081.7928115593872,238.20718844061275
28780,1140.0,1103.7726682783446,36.227331721655446
28790,1160.0,1227.6059188220672,-67.60591882206722
28817,871.0,889.0940974225372,-18.094097422537175
28874,1245.0,1134.7702058228258,110.2297941771742
28889,1160.0,1139.300663993802,20.69933600619811
28890,1090.0,1181.4663576426967,-91.46635764269672
28893,742.0,660.3914940051562,81.60850599484377
28897,1190.0,1055.584563337385,134.4154366626151
28902,1240.0,1141.5433546217077,98.45664537829225
28944,690.0,707.2139890361527,-17.213989036152725
28978,1285.0,1098.8924893273036,186.10751067269643
28997,1485.0,1147.4222508700548,337.57774912994523
29015,505.0,683.8254431447945,-178.82544314479446
29053,1180.0,1234.7494210402015,-54.74942104020147
29095,922.0,701.2439081581452,220.75609184185475
29096,765.0,653.4519025146891,111.5480974853109
29122,1525.0,1078.5504128864882,446.4495871135118
29143,1390.0,1260.3728872554468,129.6271127445532
29151,868.0,664.1964224065993,203.80357759340075
29155,1395.0,1188.8287436511996,206.1712563488004
29197,670.0,638.058426545756,31.941573454244008
29217,474.0,660.6116633284172,-186.6116633284172
29229,1215.0,1033.9769874169956,181.0230125830044
29239,1255.0,1273.9490547134376,-18.94905471343759
29283,1230.0,1207.2225761573245,22.77742384267549
29297,800.0,619.6517838088587,180.34821619114132
29329,1135.0,1179.8489936015098,-44.84899360150985
29359,707.0,864.4374195153945,-157.43741951539448
29372,1047.0,1075.2198712027591,-28.219871202759123
29404,773.0,675.8947050769605,97.10529492303954
29488,1430.0,1264.503554601735,165.496445398265
29489,995.0,724.4074092838558,270.5925907161442
29517,1240.0,1094.585473659711,145.41452634028906
29520,1085.0,987.2498529818629,97.75014701813711
29522,1283.0,1064.4561178725298,218.54388212747017
29580,1158.0,1110.9703400248986,47.02965997510137
29584,741.0,716.2149593551648,24.78504064483525
29598,1109.0,1082.7817613997447,26.21823860025529
29609,1205.0,1216.3023530309977,-11.302353030997665
29657,822.0,702.1074744987378,119.89252550126218
29704,1455.0,1193.1005648437,261.8994351562999
29734,505.0,757.9480460605954,-252.9480460605954
29751,745.0,668.8024906623122,76.19750933768785
29796,1230.0,1030.6872908375021,199.31270916249787
29848,735.0,646.2629042221478,88.73709577785223
29984,1082.0,952.1196093644404,129.8803906355596
29987,610.0,544.8252602170392,65.17473978296084
30031,1000.0,1224.6211180829728,-224.62111808297277
30045,1015.0,1154.059096170478,-139.05909617047791
30062,575.0,692.2725134265688,-117.27251342656882
30096,1462.0,1184.8980707593987,277.1019292406013
30108,1385.0,1216.2189487992935,168.78105120070654
30116,1400.0,1278.4717266439156,121.52827335608436
30178,1310.0,1055.4941451768477,254.50585482315228
30187,1370.0,1063.2749366725839,306.72506332741614
30189,834.0,716.8504259259261,117.14957407407394
30215,610.0,699.1032616051529,-89.10326160515285
30220,646.0,717.8924663227217,-71.8924663227217
30223,1180.0,1050.7776233559528,129.22237664404724
30242,1240.0,1314.4603588455232,-74.46035884552316
30257,1065.0,1136.2066357866659,-71.20663578666586
30276,1230.0,1064.971543173711,165.0284568262889
30283,1150.0,1149.9988909217473,0.001109078252738982
30300,940.0,1251.1824524328752,-311.18245243287515
30301,850.0,747.9356855572358,102.06431444276416
30305,645.0,544.789077263714,100.21092273628597
30307,920.0,1109.5227503612366,-189.5227503612366
30314,655.0,677.8570922447194,-22.85709224471941
30338,1205.0,1148.224687633713,56.775312366286926
30347,983.0,727.9346295627538,255.0653704372462
30362,870.0,1032.5435869819169,-162.54358698191686
30375,1255.0,1133.9257946216042,121.07420537839585
30408,1190.0,1219.8141351526901,-29.81413515269014
30441,1545.0,1192.0050292391077,352.99497076089233
30485,1060.0,1033.990148128838,26.009851871162027
30512,570.0,740.927492574422,-170.927492574422
30524,964.0,1079.6743506554676,-115.6743506554676
30532,720.0,569.488033940504,150.511966059496
30545,1040.0,735.1463943231751,304.85360567682494
30587,1195.0,1077.7823280647797,117.21767193522032
30588,1390.0,1138.8769844863318,251.12301551366818
30592,1160.0,1017.1184194520685,142.88158054793155
30601,950.0,1166.263111569586,-216.26311156958604
30606,1510.0,1118.6842586235614,391.3157413764386
30612,1435.0,1249.600333472536,185.39966652746398
30635,1150.0,1107.071571645903,42.92842835409692
30636,875.0,1146.6607213171835,-271.6607213171835
30661,750.0,730.0875210256737,19.91247897432629
30669,1150.0,1087.8653541682113,62.1346458317887
30673,1190.0,1153.6780116608934,36.32198833910661
30679,586.0,1115.004994657875,-529.0049946578749
30705,1091.0,853.9843333553134,237.01566664468658
30711,750.0,703.4348962290694,46.56510377093059
30715,988.0,946.9198405856299,41.08015941437009
30721,720.0,697.212534906528,22.78746509347195
30759,840.0,1025.736822740001,-185.7368227400009
30798,1030.0,1114.5706554465771,-84.57065544657712
30803,1495.0,1312.7761094351981,182.22389056480188
30825,1220.0,1078.4304565866698,141.56954341333017
30827,1180.0,1096.1962070816603,83.8037929183397
30841,975.0,1015.6239229248288,-40.623922924828776
30874,1140.0,1067.5748742681326,72.42512573186741
30900,1040.0,1116.140604231321,-76.14060423132105
30919,1150.0,1286.7024608279817,-136.70246082798167
30947,1030.0,956.0703056686525,73.92969433134749
30990,1365.0,1194.220271731406,170.779728268594
30999,1194.0,1147.8892257833397,46.110774216660275
31001,1115.0,1052.5541672055954,62.44583279440462
31016,670.0,674.526558913778,-4.52655891377799
31023,1120.0,1168.401021039081,-48.40102103908089
31056,1175.0,1081.450868835846,93.549131164154
31111,960.0,964.9593606662056,-4.959360666205612
31117,705.0,691.5396958469205,13.460304153079505
31153,1286.0,1021.1142013383599,264.88579866164014
31156,650.0,663.3463273925751,-13.346327392575063
31183,1240.0,1155.6453560525633,84.35464394743667
31188,1185.0,1214.696792345274,-29.696792345273934
31210,1139.0,1007.9949122479505,131.00508775204946
31220,1130.0,1067.140834880363,62.859165119637055
31228,1025.0,1010.7914147319523,14.208585268047727
31242,925.0,957.8689935520208,-32.86899355202081
31267,1085.0,1068.2767721033028,16.723227896697153
31282,743.0,585.956890123818,157.04310987618203
31324,825.0,869.1445013132222,-44.144501313222236
31330,590.0,690.0290247999408,-100.02902479994077
31358,1365.0,1041.5394145387252,323.46058546127483
31380,970.0,658.7615860983403,311.23841390165967
31385,1170.0,1155.7284512156868,14.271548784313154
31397,705.0,693.937058713077,11.062941286922978
31405,1250.0,1052.2888773755553,197.71112262444467
31409,840.0,1138.8024564358843,-298.8024564358843
31427,1115.0,1263.3831960596194,-148.38319605961942
31441,1050.0,1014.9031671103922,35.096832889607754
31463,1420.0,1091.558307868084,328.44169213191594
31470,1054.0,1145.5527670733152,-91.55276707331518
31505,955.0,1087.5450456937667,-132.54504569376672
31517,800.0,850.3598182450004,-50.35981824500038
31549,825.0,700.5957503433289,124.40424965667114
31559,788.0,701.2972879639304,86.70271203606956
31574,1130.0,1115.8133477081606,14.186652291839437
31599,1360.0,1100.798542900745,259.2014570992551
31621,875.0,951.8584433919764,-76.85844339197638
31626,860.0,991.6101149068074,-131.61011490680744
31629,760.0,1056.3514062078166,-296.3514062078166
31631,1465.0,1174.8417080963752,290.1582919036248
31632,900.0,1072.377144539631,-172.377144539631
31634,1050.0,1004.3119387981067,45.68806120189333
31648,985.0,728.3598475979682,256.64015240203184
31708,785.0,711.4105880333026,73.58941196669741
31751,1340.0,1145.0414308529892,194.95856914701085
31757,1433.0,1135.1637635183952,297.83623648160483
31783,995.0,692.9197336518723,302.0802663481277
31792,1040.0,1163.8610887373159,-123.86108873731587
31795,702.0,638.4585708336344,63.54142916636556
31807,820.0,682.6144119916619,137.38558800833812
31834,1220.0,981.2232296136252,238.77677038637478
31858,1325.0,1208.2289261675003,116.77107383249972
31874,1330.0,1213.846563855438,116.15343614456197
31954,1256.0,1146.8993743146223,109.10062568537774
31963,660.0,630.1588272560901,29.84117274390985
31984,1390.0,1217.7934836600173,172.20651633998273
32009,1109.0,1164.5563196560731,-55.55631965607313
32021,1180.0,916.3836781615042,263.61632183849576
32028,1320.0,973.478955422549,346.521044577451
32074,545.0,571.6242859831812,-26.624285983181153
32099,830.0,1000.5909690235292,-170.59096902352917
32141,738.0,866.2233559790894,-128.22335597908943
32142,1082.0,851.6514228892546,230.3485771107454
32145,955.0,1157.9930645341426,-202.9930645341426
32158,1070.0,977.2304129810666,92.76958701893341
32245,1460.0,1080.6390759626602,379.3609240373398
32250,1274.0,1059.4570648214742,214.5429351785258
32259,1080.0,1016.7450003045235,63.2549996954765
32310,615.0,706.0640191594035,-91.06401915940353
32322,1380.0,1252.844781871137,127.155218128863
32343,1070.0,970.711125930251,99.288874069749
32359,1408.0,1338.636788939771,69.3632110602291
32383,730.0,734.0278731697389,-4.027873169738882
32385,915.0,960.659978021805,-45.659978021805046
32391,1030.0,1356.9388322608318,-326.93883226083176
32424,975.0,1099.3629937303187,-124.36299373031875
32453,1425.0,1220.5312749150419,204.46872508495812
32455,1263.0,1214.0435566168464,48.956443383153555
32464,1095.0,1136.3827740189022,-41.38277401890218
32470,660.0,612.8805000894135,47.119499910586455
32496,1015.0,823.4968391624558,191.50316083754421
32505,960.0,1006.6413004580132,-46.641300458013234
32566,690.0,627.9929899893713,62.00701001062873
32632,1118.0,1025.368431550166,92.63156844983405
32660,714.0,689.8551166965935,24.14488330340646
32666,1285.0,1154.5830778923055,130.41692210769452
32669,912.0,837.4350299813515,74.56497001864852
32687,600.0,612.7936155679491,-12.793615567949132
32689,1384.0,1121.0814008663592,262.9185991336408
32693,795.0,680.2310084502186,114.76899154978139
32746,931.0,1095.1403281251253,-164.14032812512528
32913,1270.0,1271.6787230683346,-1.678723068334648
32921,1008.0,950.9169117138259,57.083088286174075
32944,1045.0,1029.2500958804114,15.749904119588564
32968,900.0,1049.402167523023,-149.40216752302308
32987,1545.0,1284.8352080900984,260.1647919099016
32998,715.0,537.5133399960325,177.48666000396747
33034,1240.0,1247.9410022856744,-7.941002285674358
33043,925.0,1081.3431630912432,-156.34316309124324
33063,1124.0,1117.9138823574333,6.086117642566705
33076,985.0,1240.5209536288996,-255.52095362889963
33094,538.0,524.972362386576,13.027637613423963
33129,1765.0,1314.5924820289226,450.40751797107737
33133,925.0,858.3298222132541,66.67017778674585
33147,1280.0,1111.7359607305061,168.26403926949388
33153,975.0,1070.6787896030353,-95.67878960303528
33169,1330.0,1265.7950822019268,64.20491779807321
33187,790.0,647.7923960223842,142.2076039776158
33241,1240.0,1230.0215871294542,9.978412870545753
33246,1350.0,1175.143635256447,174.85636474355306
33273,1280.0,1049.9666720416017,230.03332795839833
33288,1285.0,1082.6312979321983,202.36870206780168
33335,1330.0,1129.4660259062455,200.53397409375452
33340,900.0,955.9622851198386,-55.96228511983861
33351,720.0,638.1278423040347,81.87215769596526
33392,1091.0,1302.63303498175,-211.63303498174992
33401,870.0,970.5490431797541,-100.54904317975411
33406,745.0,672.6600406825847,72.33995931741526
33426,1280.0,1166.0112738960142,113.98872610398575
33439,470.0,668.9348714610545,-198.9348714610545
33440,1105.0,1026.7660104078745,78.23398959212545
33442,626.0,597.4244172546599,28.575582745340057
33453,1080.0,934.2093619004077,145.79063809959234
33499,875.0,902.938249096253,-27.938249096253003
33517,715.0,697.9577347315824,17.042265268417623
33531,1330.0,1234.3051692420902,95.69483075790981
33589,870.0,715.4490642261997,154.55093577380035
33590,1265.0,1018.5939208339638,246.4060791660362
33605,685.0,627.5378887511708,57.46211124882916
33607,1246.0,1087.1208240540377,158.8791759459623
33631,1005.0,1023.1829196991174,-18.182919699117406
33644,722.0,709.5494503390956,12.450549660904358
33673,1050.0,971.9421003065102,78.05789969348984
33678,1246.0,1267.4624727338285,-21.462472733828463
33746,1080.0,1060.1089087953153,19.8910912046847
33754,982.0,1006.6308318818543,-24.630831881854306
33771,739.0,678.2439419330618,60.75605806693818
33792,830.0,736.6899195344823,93.31008046551767
33809,650.0,604.3020105157053,45.69798948429468
33834,720.0,700.7128372649349,19.287162735065067
33844,1250.0,1083.7945387814834,166.20546121851658
33868,640.0,639.9332531842058,0.06674681579420394
33871,795.0,703.5340536028303,91.46594639716966
33880,1030.0,1020.6122812934907,9.387718706509304
33885,1070.0,1173.42597217261,-103.42597217261005
33913,1049.0,1060.06989021164,-11.069890211640086
33921,780.0,983.9647993943239,-203.9647993943239
33930,1155.0,1092.4612947862993,62.53870521370072
33931,675.0,646.5143448998334,28.485655100166582
33935,1230.0,1245.116365426485,-15.11636542648489
33954,1360.0,1100.2199683508377,259.7800316491623
34003,1160.0,1143.7953213022042,16.20467869779577
34008,1365.0,1160.1502092550013,204.8497907449987
34036,1090.0,1097.6038679997266,-7.603867999726617
34060,730.0,667.1287137119053,62.871286288094666
34061,1010.0,1106.5705412651164,-96.57054126511639
34090,1000.0,1074.6372202397865,-74.63722023978653
34138,760.0,668.1312628616142,91.86873713838577
34165,1193.0,1212.0832875254198,-19.08328752541979
34166,890.0,727.6395586261401,162.36044137385989
34182,965.0,691.2814655776823,273.7185344223177
34232,1135.0,1270.2285364792658,-135.2285364792658
34233,1356.0,1182.2095425216853,173.7904574783147
34249,800.0,712.1257018032227,87.87429819677732
34251,1467.0,1318.361800892636,148.63819910736402
34324,1130.0,1093.651603771017,36.34839622898289
34331,520.0,715.2227010948977,-195.22270109489773
34352,943.0,828.6413383922721,114.35866160772787
34358,733.0,619.3517303327577,113.64826966724229
34386,1225.0,1182.6367263615875,42.363273638412466
34395,941.0,763.9479242592884,177.05207574071164
34402,1320.0,1246.71433581005,73.28566418995001
34413,730.0,675.378932334754,54.62106766524596
34512,880.0,921.1840430412917,-41.184043041291716
34520,930.0,1094.8464057979534,-164.84640579795337
34530,695.0,736.1558695789695,-41.15586957896949
34560,1220.0,1306.668439283613,-86.668439283613
34567,1215.0,980.4250658631444,234.57493413685563
34600,980.0,1030.7175569892431,-50.71755698924312
34613,885.0,742.7622574499728,142.23774255002718
34653,755.0,822.0087829992057,-67.00878299920566
34661,1146.0,1236.3281062935202,-90.32810629352025
34724,1220.0,1059.8205351226045,160.1794648773955
34739,1130.0,1012.0070164333066,117.9929835666934
34819,935.0,1026.7016154410348,-91.70161544103485
34860,1145.0,1281.991103126103,-136.9911031261031
34899,1125.0,1154.2682607660383,-29.26826076603834
34924,1300.0,1215.6885384668828,84.31146153311715
34926,730.0,745.4808988386628,-15.480898838662824
34936,725.0,705.9029887459571,19.097011254042854
35014,1580.0,1268.4652948868045,311.5347051131955
35029,1060.0,1128.705345388303,-68.70534538830293
35048,68.0,1072.8373604206126,-1004.8373604206126
35056,1385.0,1260.943359985103,124.05664001489708
35059,875.0,1211.4724356519034,-336.4724356519034
35073,700.0,690.856235646955,9.143764353044958
35075,1076.0,1155.6140232841933,-79.61402328419331
35084,685.0,662.9712404773069,22.02875952269312
35097,830.0,997.5210198752642,-167.5210198752642
35168,815.0,673.5190790348652,141.48092096513483
35227,930.0,944.0631118007007,-14.063111800700653
35234,1160.0,1154.4897394869708,5.510260513029152
35235,870.0,913.6607172831713,-43.660717283171266
35239,835.0,845.6130616945004,-10.613061694500402
35250,710.0,675.9294978641046,34.07050213589537
35262,565.0,710.089220435692,-145.08922043569203
35275,730.0,748.1767753087057,-18.176775308705714
35288,700.0,626.1037447965409,73.89625520345908
35368,1269.0,1238.9006285750581,30.099371424941864
35371,570.0,660.1206614421973,-90.12066144219727
35391,905.0,1187.717107038508,-282.71710703850795
35400,1050.0,1011.6932370973491,38.30676290265092
35417,1160.0,1086.1730342470955,73.82696575290447
35428,855.0,695.0802809213197,159.91971907868026
35463,1375.0,1244.5786025063087,130.4213974936913
35493,1225.0,1254.7057399223152,-29.70573992231516
35502,738.0,656.4986885086549,81.50131149134506
35506,1370.0,1308.1769960621598,61.82300393784021
35523,1130.0,1230.982877771737,-100.9828777717371
35572,1397.0,1201.366201680673,195.63379831932707
35575,1045.0,1022.2839850440138,22.716014955986225
35588,700.0,658.4714628157717,41.5285371842283
35638,1500.0,1342.7310437950864,157.2689562049136
35652,1152.0,1062.8434173211585,89.15658267884146
35674,940.0,1176.6497424067218,-236.64974240672177
35682,895.0,743.7089175226655,151.2910824773345
35731,1335.0,1124.1872347341919,210.81276526580814
35747,793.0,593.3439520812345,199.65604791876547
35770,1234.0,946.9879029973955,287.0120970026045
35786,793.0,835.5907205582948,-42.590720558294834
35816,1115.0,1115.9982323830848,-0.998232383084769
35842,825.0,688.3695149820438,136.63048501795618
35893,1455.0,1189.4791553625118,265.52084463748815
35911,809.0,743.6073095118617,65.39269048813833
35999,672.0,583.5782863648561,88.42171363514387
36058,1140.0,1262.7080650023202,-122.70806500232015
36061,882.0,1096.3719810038938,-214.37198100389378
36074,870.0,743.1439122731523,126.8560877268477
36076,755.0,655.1410744854262,99.8589255145738
36079,1135.0,1040.855290880147,94.1447091198529
36084,1270.0,1203.805681264406,66.19431873559392
36086,795.0,635.2815791321299,159.71842086787012
36093,810.0,731.1656898046465,78.83431019535351
36112,1168.0,1055.3128102594603,112.68718974053968
36116,830.0,722.7058448643601,107.29415513563993
36128,881.0,1080.0135076588479,-199.01350765884786
36133,1100.0,965.7278241877368,134.27217581226319
36229,1332.0,1270.6110959214232,61.38890407857684
36247,840.0,755.3671860112694,84.63281398873062
36285,989.0,665.0469312711613,323.95306872883873
36305,1525.0,1301.0359762765715,223.96402372342845
36315,725.0,659.6671126173238,65.33288738267618
36323,1120.0,1084.9238728359096,35.076127164090394
36335,1220.0,1314.1914484629372,-94.19144846293716
36340,1145.0,977.8999946263351,167.10000537366489
36351,1041.0,1097.819521895526,-56.819521895525895
36376,624.0,621.1638077131634,2.836192286836649
36394,948.0,744.942458379832,203.05754162016797
36395,914.0,873.9386729437931,40.06132705620689
36415,650.0,687.6547122204215,-37.654712220421516
36425,765.0,652.7762702810297,112.22372971897028
36458,1040.0,896.232085192034,143.767914807966
36465,1260.0,1324.7113482041043,-64.7113482041043
36494,1160.0,1082.8308789255261,77.16912107447388
36553,1570.0,1304.4759939952958,265.52400600470423
36554,1025.0,1040.1183071442147,-15.118307144214668
36588,1237.0,924.3380488503866,312.6619511496134
36592,1098.0,1297.806377039368,-199.80637703936804
36609,685.0,733.6659636060493,-48.66596360604933
36636,1511.0,1199.3009825912984,311.6990174087016
36650,748.0,620.9819916886157,127.01800831138428
36661,1510.0,1285.8799017680967,224.12009823190328
36708,1145.0,1153.500542671771,-8.500542671770972
36727,950.0,1065.045890541607,-115.04589054160692
36732,1305.0,971.739861616635,333.26013838336496
36734,1038.0,676.4902558418914,361.50974415810856
36784,950.0,917.4244398072462,32.575560192753755
36837,1310.0,1252.5552365364783,57.44476346352167
36838,1402.0,1120.0511169043916,281.9488830956084
36868,992.0,1037.3312221565577,-45.331222156557715
36902,595.0,594.63279761821,0.3672023817899799
36912,1268.0,1130.9454000179794,137.0545999820206
36954,795.0,613.0216099068647,181.97839009313532
36959,1210.0,1107.7025217893506,102.29747821064939
36966,1268.0,1097.532571104506,170.4674288954941
36974,648.0,709.2801667711271,-61.28016677112714
36975,832.0,718.7976019437405,113.20239805625954
37040,1270.0,1207.2000950013737,62.79990499862629
37102,825.0,1044.3571722569377,-219.3571722569377
37112,645.0,861.0714210473792,-216.0714210473792
37183,1186.0,1248.6532323447123,-62.65323234471225
37201,791.0,934.2664932990996,-143.26649329909958
37231,1190.0,1256.6494964391968,-66.64949643919681
37234,1085.0,1071.858271307987,13.141728692012975
37260,1475.0,1247.6527181688718,227.34728183112816
37269,841.0,1027.627290770179,-186.6272907701789
37285,1205.0,1200.5880964433343,4.41190355666572
37289,1130.0,1161.447681794991,-31.447681794991013
37295,1157.0,1143.690232052422,13.309767947577939
37312,1170.0,1217.8402960449132,-47.8402960449132
37320,500.0,656.5608292606593,-156.56082926065926
37322,863.0,670.0201628642176,192.97983713578242
37323,1285.0,1123.1930829212818,161.80691707871824
37334,488.0,712.2691477789032,-224.26914777890318
37356,740.0,681.9776468229705,58.02235317702946
37371,855.0,655.8466760507428,199.15332394925724
37391,950.0,1113.9991869195185,-163.99918691951848
37418,826.0,807.4063170838856,18.593682916114403
37439,1160.0,1037.2764556760062,122.72354432399379
37441,1170.0,1048.651686143652,121.34831385634811
37466,1290.0,1182.211174768583,107.78882523141692
37478,1265.0,1069.0461034955738,195.9538965044262
37511,675.0,741.5503105051888,-66.5503105051888
37517,1270.0,1197.4617579414048,72.53824205859519
37534,1030.0,1009.3615033086024,20.638496691397563
37564,835.0,978.2296327666168,-143.22963276661676
37565,1341.0,1061.0603804793084,279.9396195206916
37574,998.0,1094.967063414521,-96.96706341452091
37590,650.0,654.9998862433861,-4.999886243386072
37608,715.0,663.8593597142533,51.14064028574671
37611,1540.0,1287.0472388246108,252.95276117538924
37613,1080.0,1005.4178827780319,74.58211722196813
37628,1095.0,1231.0885722701694,-136.08857227016938
37645,1000.0,1042.479495321986,-42.47949532198595
37657,1328.0,1108.9930619885479,219.00693801145212
37689,1165.0,1039.9641801104767,125.03581988952328
37696,800.0,676.0080923433372,123.99190765666276
37740,1320.0,1006.4079081438034,313.5920918561966
37764,1415.0,1138.903547350616,276.096452649384
37774,570.0,661.4762251232142,-91.47622512321425
37778,765.0,749.4421675996908,15.557832400309167
37808,850.0,1056.5481582490625,-206.54815824906245
37821,1185.0,1074.1093580577963,110.89064194220373
37837,1268.0,1151.1292396644321,116.87076033556787
37841,1010.0,984.7988028701492,25.20119712985081
37856,960.0,974.9381380440653,-14.93813804406534
37905,745.0,572.1664437255378,172.83355627446224
37930,940.0,784.8214688387806,155.17853116121944
37931,1020.0,945.1558665212846,74.84413347871543
37935,1029.0,1056.3514062078166,-27.35140620781658
38058,1319.0,1157.3120260311325,161.68797396886748
38100,1070.0,1005.3708499608055,64.62915003919454
38138,776.0,748.7222382366529,27.277761763347144
38168,833.0,683.8187541849904,149.18124581500956
38176,1175.0,1157.1959890246726,17.8040109753274
38223,1312.0,1094.0058132655763,217.9941867344237
38228,885.0,705.8497182589166,179.1502817410834
38253,537.0,610.0601533166565,-73.06015331665651
38256,1025.0,1388.0267328042326,-363.02673280423255
38261,1555.0,1209.6516772775963,345.34832272240374
38264,1312.0,1054.5040150182135,257.4959849817865
38279,926.0,800.2395907498543,125.7604092501457
38287,1000.0,1244.8385484794373,-244.83854847943735
38324,1450.0,1138.958236044796,311.04176395520403
38333,752.0,649.778911777956,102.22108822204405
38370,1265.0,1121.0005798568623,143.99942014313774
38385,505.0,572.3026943392068,-67.30269433920682
38402,1670.0,1310.741069657903,359.2589303420971
38408,1168.0,1113.0500794842776,54.9499205157224
38411,1118.0,945.1669152431109,172.8330847568891
38440,1372.0,989.6189151640343,382.3810848359657
38458,1205.0,1037.9894540927269,167.01054590727313
38467,1326.0,1128.4014281516793,197.59857184832072
38482,1280.0,1165.1634571152279,114.83654288477214
38489,1067.0,1043.680631830247,23.319368169753034
38497,1090.0,1240.994554991238,-150.99455499123792
38517,780.0,845.4504531746035,-65.45045317460347
38532,1280.0,1143.3420090566276,136.6579909433724
38546,1062.0,1161.6083719080148,-99.60837190801476
38615,850.0,1148.5049851517472,-298.5049851517472
38616,1285.0,1094.0373469943731,190.96265300562686
38644,1195.0,1229.230036163004,-34.23003616300389
38645,1465.0,1082.4590449535447,382.54095504645534
38649,615.0,618.2284285645404,-3.2284285645404225
38653,1230.0,1189.0163623355263,40.98363766447369
38656,1315.0,1264.67705540464,50.32294459536001
38692,990.0,857.0816684032799,132.91833159672012
38726,1180.0,1327.5408595760907,-147.54085957609072
38743,1055.0,904.0866282946964,150.91337170530358
38747,560.0,580.0817961282348,-20.081796128234828
38748,1205.0,1103.7170297719138,101.28297022808624
38764,683.0,721.9995906123507,-38.999590612350744
38768,1410.0,1257.7236681687982,152.2763318312018
38792,855.0,608.5336755885016,246.46632441149836
38818,1165.0,1034.846734072957,130.1532659270431
38852,873.0,1072.4720885630147,-199.47208856301472
38853,625.0,550.0625883267451,74.93741167325493
38854,1230.0,1214.1924841212187,15.80751587878126
38886,680.0,731.7073401343312,-51.70734013433116
38887,1065.0,1030.5719082847233,34.42809171527665
38936,1520.0,1283.9249414624196,236.0750585375804
38994,1030.0,1074.5611043642386,-44.561104364238645
39012,1130.0,1009.7255320081052,120.27446799189477
39028,985.0,1069.5960717895512,-84.59607178955116
39051,1665.0,1307.8929974264263,357.1070025735737
39058,1135.0,1214.5999626704452,-79.59996267044517
39088,720.0,683.4715496644458,36.528450335554226
39101,1220.0,1259.2447370663522,-39.24473706635217
39107,1210.0,1253.203397298531,-43.203397298530945
39123,1179.0,1050.0507521239092,128.9492478760908
39143,859.0,849.1050132743677,9.894986725632293
39190,1432.0,1173.6784674281134,258.32153257188656
39243,777.0,924.8107961111729,-147.81079611117286
39277,1200.0,1159.6237473936162,40.37625260638379
39282,872.0,972.9109016437677,-100.91090164376772
39306,1360.0,1274.5396968678763,85.46030313212373
39326,1488.0,1203.1013269139407,284.89867308605926
39372,1285.0,1186.3618605686095,98.63813943139053
39407,1355.0,1159.1328063398005,195.86719366019952
39410,900.0,743.0836345343374,156.91636546566258
39425,1160.0,1118.5175539070287,41.48244609297126
39434,1095.0,1063.843843452219,31.156156547780938
39479,1493.0,1263.3579819867762,229.64201801322383
39490,1003.0,1138.803605851032,-135.803605851032
39522,580.0,572.3088975638066,7.691102436193432
39533,981.0,1047.0647541406634,-66.06475414066335
39548,1325.0,1005.9505462042399,319.0494537957601
39563,544.0,601.9434314585785,-57.943431458578516
39565,1389.0,1308.4897750014914,80.51022499850865
39569,1069.0,879.1779142193889,189.82208578061113
39571,802.0,676.058880424494,125.94111957550604
39580,1036.0,1099.1384114534706,-63.13841145347055
39602,827.0,735.5160132739904,91.48398672600956
39640,833.0,688.9139051121546,144.08609488784543
39666,1280.0,1212.267048490856,67.73295150914396
39677,985.0,665.8719224916642,319.12807750833576
39682,1415.0,1195.7099111316556,219.29008886834436
39698,1050.0,1044.845718738159,5.154281261841106
39754,1600.0,1286.2060959319842,313.79390406801576
39801,850.0,653.6543429261003,196.3456570738997
39967,1275.0,1295.437319520674,-20.43731952067401
39992,1365.0,1191.8358204258873,173.16417957411272
40052,955.0,693.8988686177698,261.10113138223016
40104,1615.0,1303.1164388586778,311.88356114132216
40133,1250.0,1120.092395683912,129.90760431608805
40187,830.0,991.925193239594,-161.92519323959402
40207,1250.0,1260.0369339959657,-10.036933995965683
40259,1095.0,1239.4439249098177,-144.44392490981772
40288,860.0,629.0733504560078,230.9266495439922
40294,615.0,638.7999814150961,-23.799981415096113
40296,500.0,588.2830224097331,-88.28302240973312
40322,1300.0,1272.097147251992,27.902852748007945
40352,1300.0,1164.492055041971,135.50794495802893
40374,1095.0,1118.295671514001,-23.295671514001015
40443,1095.0,982.2355394853502,112.76446051464984
40482,910.0,761.6875744622935,148.31242553770653
40506,950.0,762.6491466688341,187.35085333116592
40533,560.0,692.4276511501286,-132.42765115012855
40534,985.0,1016.8042915989633,-31.804291598963346
40600,1405.0,1113.3400581244744,291.65994187552565
40609,1240.0,1149.1806550922695,90.81934490773051
40622,1135.0,1082.0850345283789,52.914965471621144
40660,1030.0,1181.2473451387696,-151.24734513876956
40682,695.0,729.6809750808394,-34.6809750808394
40703,695.0,632.7801338582229,62.21986614177706
40764,985.0,896.6780875423702,88.32191245762976
40773,905.0,702.7664843986731,202.23351560132687
40785,1130.0,1120.841935850087,9.158064149912889
40846,1425.0,1296.3317117569434,128.66828824305662
40865,765.0,717.0204520381245,47.97954796187548
40895,1195.0,1137.1598600666487,57.84013993335134
40933,1389.0,1212.882292304743,176.11770769525697
40955,1369.0,1088.447237991721,280.55276200827893
40969,1200.0,1124.7615950971565,75.23840490284351
40986,1110.0,1026.9769046789281,83.02309532107188
41038,1275.0,1132.9362769122988,142.0637230877012
41054,1415.0,1249.0426674070761,165.95733259292388
41055,1153.0,1158.7902057061854,-5.790205706185361
41075,983.0,737.3759356806045,245.62406431939553
41079,690.0,670.7666640378914,19.23333596210864
41114,1270.0,1103.6010168088683,166.39898319113172
41118,1305.0,1187.7501265873939,117.24987341260612
41155,1295.0,1294.6517234755256,0.34827652447438595
41206,520.0,757.9938272915117,-237.9938272915117
41215,1255.0,1240.7334214866482,14.26657851335176
41223,1330.0,1336.1017007326739,-6.101700732673862
41251,970.0,832.4907225016766,137.5092774983234
41253,721.0,568.3636837321131,152.63631626788685
41291,1055.0,730.3286355675049,324.6713644324951
41324,1365.0,1220.615004847245,144.38499515275498
41329,910.0,874.7636365187426,35.2363634812574
41353,1316.0,1189.8603461352814,126.13965386471864
41386,623.0,651.2037264744116,-28.20372647441161
41435,1014.0,1089.9612516690327,-75.96125166903266
41438,730.0,579.8736094028294,150.1263905971706
41464,1140.0,1113.4247212383175,26.57527876168251
41508,826.0,741.5810527743771,84.4189472256229
41563,970.0,1040.6735313907868,-70.67353139078682
41566,701.0,662.5279685991432,38.47203140085685
41570,980.0,951.4645318669837,28.535468133016252
41621,1129.0,1087.0888029738928,41.911197026107175
41642,1205.0,1137.170442954588,67.829557045412
41760,1158.0,1189.7284555940194,-31.72845559401935
41818,1268.0,1146.6671897762708,121.33281022372921
41831,860.0,964.6802044082534,-104.68020440825342
41892,1160.0,1087.1208240540377,72.87917594596229
41915,1110.0,1050.011686848528,59.988313151472084
41955,730.0,646.8694396155323,83.13056038446769
41977,1335.0,1160.114278871802,174.88572112819793
41985,710.0,584.5350902479191,125.46490975208087
41997,1325.0,1137.1353272603599,187.86467273964013
42002,945.0,659.1922599860928,285.80774001390716
42023,1170.0,1252.2964888931394,-82.29648889313944
42086,1140.0,1281.2419395655556,-141.24193956555564
42096,995.0,1283.8128418786093,-288.81284187860933
42105,606.0,561.0966968345191,44.90330316548091
42122,775.0,1031.3478592000656,-256.3478592000656
42147,865.0,680.3009545962345,184.69904540376547
42151,630.0,674.4181062120193,-44.418106212019325
42166,1075.0,1169.38840387711,-94.38840387711002
42195,1425.0,1229.9458889816872,195.05411101831282
42219,1670.0,1358.8172256818477,311.18277431815227
42244,722.0,694.6083112299275,27.391688770072506
42272,735.0,695.9666622327449,39.03333776725515
42275,587.0,597.3046082260975,-10.304608226097457
42282,645.0,621.5812008127334,23.418799187266586
42291,1195.0,1132.5105914070512,62.48940859294885
42311,1235.0,1175.5886386046702,59.41136139532978
42347,1680.0,1297.0252809143522,382.97471908564785
42389,1365.0,1203.0724289233588,161.92757107664124
42408,1210.0,1213.3152738214526,-3.3152738214525925
42414,1055.0,1003.6499881532479,51.35001184675207
42443,1135.0,1004.7526044973545,130.24739550264553
42469,1195.0,1161.6586296906644,33.341370309335616
42493,560.0,926.8892222100008,-366.88922221000075
42516,1401.0,1248.473366632692,152.52663336730802
42521,1260.0,729.6254639717143,530.3745360282857
42542,1190.0,1113.3833885385932,76.61661146140682
42547,1320.0,1337.7691648819919,-17.769164881991856
42582,695.0,674.4264379671943,20.57356203280574
42589,1065.0,1087.3788633534361,-22.378863353436145
42590,715.0,788.4711853979298,-73.47118539792984
42594,1230.0,1175.9232565626976,54.07674343730241
42600,1450.0,1166.1980408386153,283.80195916138473
42607,1005.0,1020.0478036114067,-15.04780361140672
42616,1482.0,1173.8340310369115,308.1659689630885
42622,1395.0,1392.239289081669,2.760710918330915
42657,535.0,684.0050454270104,-149.00504542701037
42666,730.0,605.3294907516398,124.67050924836019
42678,1080.0,916.0559270502004,163.94407294979965
42689,1065.0,1122.9851345338573,-57.98513453385726
42693,1015.0,814.4632822423232,200.5367177576768
42695,1110.0,1075.3336716537524,34.66632834624761
42702,1010.0,1104.4267767066256,-94.42677670662556
42712,800.0,750.0445991900647,49.95540080993533
42730,1315.0,1021.535633433144,293.46436656685603
42756,902.0,1014.6606438414511,-112.66064384145113
42775,870.0,925.8120830261746,-55.812083026174605
42821,1210.0,1182.706928705965,27.293071294034917
42831,1060.0,1117.4892525882838,-57.48925258828376
42881,1185.0,1032.831338179447,152.1686618205531
42888,1070.0,1030.5201220379697,39.47987796203029
42903,1171.0,1340.1170123653958,-169.1170123653958
42904,1130.0,1076.9157229819903,53.08427701800974
42909,1410.0,1193.7313211702747,216.26867882972533
42951,1185.0,1158.2816417291028,26.71835827089717
42965,1285.0,1113.514719155967,171.485280844033
42969,870.0,670.0108218793953,199.98917812060472
42991,645.0,619.796523218703,25.203476781297013
43010,840.0,755.3882957335339,84.61170426646606
43027,1310.0,1200.6909095518454,109.30909044815462
43053,1285.0,1093.217965148804,191.78203485119593
43092,1000.0,1027.016189759097,-27.01618975909696
43105,915.0,1039.9003317699141,-124.90033176991415
43127,1300.0,1212.743620450202,87.25637954979811
43154,1014.0,1198.3733750909457,-184.37337509094573
43160,560.0,585.9149849976097,-25.914984997609736
43172,595.0,631.1945080579187,-36.19450805791871
43227,1205.0,1085.1204261325236,119.87957386747644
43257,1051.0,946.3649120635419,104.63508793645815
43310,1565.0,1017.4476922648303,547.5523077351697
43338,622.0,706.1408186889527,-84.14081868895266
43368,812.0,670.58286504614,141.41713495386
43417,1128.0,1260.356301587302,-132.3563015873019
43469,906.0,1085.1204261325236,-179.12042613252356
43470,1138.0,1240.1585120695772,-102.15851206957723
43477,884.0,1092.0854699431413,-208.08546994314133
43485,1185.0,1068.0786986006826,116.92130139931737
43532,694.0,616.9133371496109,77.08666285038908
43573,1058.0,870.6897989379308,187.31020106206915
43622,1205.0,1285.2189881710185,-80.21898817101851
43625,1060.0,1094.918648162738,-34.91864816273801
43640,1385.0,1092.973568564491,292.02643143550904
43657,1147.0,1073.9967539865945,73.00324601340549
43699,1391.0,1218.1053748971094,172.8946251028906
43720,580.0,659.6011114627481,-79.60111146274812
43721,1250.0,1128.0941448315377,121.90585516846227
43754,1430.0,1227.2379667397413,202.7620332602587
43796,1320.0,1181.9249426815184,138.07505731848164
43807,683.0,731.6418923717458,-48.641892371745826
43825,1070.0,1201.7361690344333,-131.73616903443326
43852,1315.0,1171.7827049106752,143.2172950893248
43866,665.0,695.9519538195054,-30.951953819505434
43881,865.0,781.7397730670566,83.2602269329434
43953,995.0,1084.9063951320973,-89.90639513209726
44001,600.0,680.0047378597142,-80.00473785971417
44040,970.0,950.2477916191993,19.752208380800653
44051,530.0,612.5282756519962,-82.52827565199618
44073,1090.0,1221.3085323114942,-131.30853231149422
44090,1450.0,1179.115801972675,270.88419802732506
44101,1035.0,923.900096237247,111.099903762753
44102,710.0,621.3100978835977,88.68990211640232
44191,790.0,673.4551028261158,116.54489717388424
44212,1097.0,1115.8320044590985,-18.83200445909847
44229,1055.0,972.1617768122295,82.8382231877705
44240,1279.0,1049.8344472564315,229.16555274356847
44250,595.0,667.5216343283353,-72.52163432833527
44284,725.0,681.7601090789876,43.239890921012375
44291,870.0,898.7516701255411,-28.751670125541068
44298,1050.0,1084.6859029299767,-34.68590292997669
44306,1125.0,1106.1888085184453,18.811191481554715
44322,710.0,676.6177558047931,33.38224419520691
44331,1300.0,1235.5411630900417,64.45883690995834
44338,850.0,729.3132466045591,120.68675339544086
44440,895.0,842.8513382236465,52.14866177635349
44445,1306.0,1152.7680397671274,153.23196023287255
44481,470.0,701.2306210628234,-231.2306210628234
44488,590.0,641.3559387659676,-51.35593876596761
44515,538.0,899.986389944639,-361.986389944639
44520,880.0,682.3507784392472,197.64922156075284
44527,1342.0,1124.4572866315661,217.54271336843385
44593,1235.0,1186.4753462435021,48.524653756497855
44616,821.0,684.6497297246675,136.3502702753325
44651,1020.0,1068.1816169201281,-48.181616920128135
44671,640.0,640.8514944801443,-0.8514944801443107
44708,925.0,1057.4586070410644,-132.4586070410644
44743,610.0,736.4867209625274,-126.48672096252744
44748,848.0,1111.1414113677858,-263.14141136778585
44788,1200.0,983.9647993943239,216.0352006056761
44793,1515.0,1321.2710412706326,193.72895872936738
44794,690.0,666.3152281048834,23.68477189511657
44831,1140.0,1109.5696667442057,30.430333255794267
44871,1370.0,1083.38479034485,286.61520965515
44886,875.0,892.5809970565167,-17.580997056516708
44911,1100.0,1132.8792426474417,-32.87924264744174
44929,1147.0,1087.7686800178867,59.23131998211329
44953,1075.0,1288.012546867251,-213.0125468672511
44963,1473.0,1112.27880566268,360.72119433731996
44976,1265.0,1262.1223032117675,2.8776967882324698
44989,1545.0,1351.6730144739772,193.32698552602278
44993,1020.0,1010.157651101317,9.842348898682985
45014,1260.0,1176.2992461270471,83.70075387295287
45047,1180.0,1179.6293361753235,0.3706638246765124
45050,1215.0,953.1022059236145,261.8977940763855
45067,1007.0,1019.8071412448176,-12.807141244817558
45086,1240.0,1117.810375124013,122.18962487598696
45107,1470.0,1215.2789626529325,254.72103734706752
45173,1230.0,1188.424295597034,41.57570440296604
45193,1110.0,897.5693160468181,212.43068395318187
45195,1175.0,1180.8115592525594,-5.811559252559391
45205,1260.0,1143.1020490266167,116.89795097338333
45211,750.0,673.6965282425592,76.30347175744078
45224,888.0,705.5034515435191,182.49654845648092
45267,680.0,659.6671126173238,20.332887382676176
45281,900.0,765.1896902772769,134.8103097227231
45334,720.0,525.037219382551,194.96278061744897
45342,880.0,1026.094623832176,-146.094623832176
45346,1260.0,1179.672712124004,80.32728787599603
45350,615.0,594.6907163541747,20.309283645825303
45372,785.0,604.0127499755126,180.98725002448737
45377,985.0,956.0302270886696,28.969772911330438
45382,1009.0,769.1036695230587,239.89633047694133
45491,1015.0,720.8834855545119,294.11651444548806
45530,1505.0,1145.8027272108234,359.1972727891766
45548,1400.0,1172.5671652265892,227.43283477341083
45583,635.0,648.9127170309238,-13.912717030923773
45660,835.0,745.2918389722006,89.7081610277994
45661,430.0,568.8838961919547,-138.8838961919547
45674,1730.0,1080.3208831030965,649.6791168969035
45684,1513.0,1242.1237314530363,270.87626854696373
45692,1120.0,1090.6988211795401,29.30117882045988
45731,942.0,1197.8740426159316,-255.87404261593156
45745,902.0,1067.9980937507944,-165.9980937507944
45799,1286.0,1136.9078265711864,149.09217342881357
45855,580.0,504.50898071882875,75.49101928117125
45863,1000.0,1009.0172176125428,-9.017217612542822
45891,865.0,1242.8531802007667,-377.8531802007667
45903,1179.0,1136.677356879234,42.32264312076609
45921,590.0,680.0390508861674,-90.03905088616739
45960,1210.0,1092.3082477870864,117.69175221291357
45983,1478.0,1285.7793763665488,192.22062363345117
45989,1495.0,1203.5704232005169,291.42957679948313
45996,1020.0,751.4300279740605,268.5699720259395
46000,1005.0,915.9784559156907,89.02154408430931
46016,985.0,1021.3007428904566,-36.300742890456604
46059,825.0,667.7225797373733,157.27742026262672
46087,1080.0,1155.8028974959893,-75.80289749598933
46093,750.0,699.1032616051529,50.89673839484715
46117,1060.0,1188.7765505224222,-128.7765505224222
46121,1020.0,969.1375139414056,50.86248605859441
46122,1130.0,1077.235048338286,52.764951661713894
46160,825.0,1042.4535017759295,-217.45350177592945
46234,737.0,622.1024235631298,114.89757643687017
46237,1190.0,1124.1221034255318,65.8778965744682
46369,723.0,1033.567280862567,-310.56728086256703
46415,1380.0,1393.7822997407168,-13.78229974071678
46423,770.0,1122.775467946462,-352.77546794646196
46524,1115.0,1202.6250716373,-87.62507163729992
46535,1280.0,1242.8084067344587,37.191593265541314
46561,890.0,868.6406957819457,21.359304218054262
46630,733.0,711.2197382908745,21.78026170912551
46650,1450.0,1081.4598538416578,368.54014615834217
46684,955.0,897.2859943892308,57.71400561076916
46688,1605.0,1065.851405096161,539.148594903839
46689,1215.0,1197.0445507096413,17.95544929035873
46714,1260.0,1109.4259287262048,150.5740712737952
46719,1035.0,1122.7484470206905,-87.74844702069049
46728,1283.0,1056.2843253205667,226.71567467943328
46731,1620.0,1345.4623156780679,274.53768432193215
46775,1410.0,1053.8169526080123,356.18304739198766
46815,1058.0,945.9013583627425,112.09864163725751
46840,528.0,667.4798619625293,-139.4798619625293
46866,1020.0,990.8841752026995,29.115824797300547
46922,1127.0,1026.461373938246,100.53862606175403
46948,970.0,1002.6807359839873,-32.68073598398735
46972,616.0,602.3431572591342,13.65684274086584
47006,1190.0,1192.139289402866,-2.1392894028660976
47007,950.0,918.3168489643353,31.68315103566465
47020,749.0,686.7020218055293,62.297978194470716
47069,778.0,908.9860634920634,-130.9860634920634
47147,1145.0,1032.1258577960443,112.87414220395567
47193,1293.0,1337.5472375041659,-44.54723750416588
47223,905.0,710.9212492758002,194.07875072419984
47226,1115.0,1169.7361633594485,-54.73616335944848
47258,1245.0,1199.8083062936848,45.191693706315164
47310,1045.0,952.9477015976363,92.0522984023637
47364,955.0,762.4465773846897,192.5534226153103
47394,795.0,613.313495717084,181.68650428291596
47419,685.0,626.373757741128,58.626242258872026
47439,1140.0,1097.5270674059625,42.4729325940375
47462,715.0,642.4172944936571,72.5827055063429
47518,720.0,683.9323137533142,36.06768624668575
47542,713.0,677.7563043131211,35.24369568687894
47547,1200.0,1064.9158112955424,135.08418870445757
47551,1180.0,1099.312066153675,80.687933846325
47563,1375.0,1107.2658541374158,267.7341458625842
47626,640.0,674.1351270803843,-34.135127080384336
47628,610.0,625.9845345972643,-15.984534597264314
47657,1215.0,1186.607851244754,28.3921487552459
47666,1484.0,1232.8790090040268,251.12099099597322
47683,465.0,637.9817352282104,-172.98173522821037
47685,1060.0,934.0159521765087,125.98404782349132
47700,780.0,696.0633986076739,83.93660139232611
47702,1048.0,957.8500516830084,90.14994831699164
47722,575.0,604.792354665812,-29.792354665812013
47731,1090.0,1121.8273887321952,-31.82738873219523
47743,1290.0,1166.1083261987305,123.89167380126946
47765,785.0,678.8106887640398,106.18931123596019
47770,1035.0,739.5720347208185,295.42796527918154
47772,1222.0,1072.103394683836,149.8966053161639
47814,1438.0,1084.0991869795014,353.9008130204986
47816,1082.0,1106.3540644829632,-24.354064482963167
47869,985.0,1041.8277457536615,-56.827745753661475
47880,1403.0,1338.1962820459023,64.80371795409769
47894,1210.0,1199.444516664018,10.55548333598199
47900,970.0,942.7301766261022,27.269823373897793
47905,655.0,794.7361465094002,-139.7361465094002
47914,975.0,1042.04736800259,-67.04736800259002
47917,685.0,732.9410323912907,-47.94103239129072
47919,1270.0,1069.0461034955738,200.9538965044262
47935,867.0,708.727532823768,158.272467176232
47947,815.0,725.6308999430986,89.3691000569014
47972,1109.0,1133.786293834063,-24.786293834062917
47985,1239.0,926.2926553666489,312.7073446333511
47989,1219.0,1210.785721207951,8.214278792049072
48039,597.0,711.6831403488125,-114.68314034881246
48047,1130.0,1028.7529097091228,101.24709029087717
48095,1385.0,1293.841271549239,91.15872845076092
48096,685.0,592.4427513785938,92.55724862140619
48115,1455.0,1131.7082600148044,323.2917399851956
48182,775.0,675.6783321684142,99.32166783158584
48246,970.0,1113.0149348488744,-143.01493484887442
48254,690.0,728.7422582787016,-38.74225827870157
48276,535.0,559.0293952901262,-24.029395290126217
48296,660.0,484.31481349206354,175.68518650793646
48309,890.0,1216.2229380723031,-326.2229380723031
48317,1295.0,1092.0850677309083,202.91493226909165
48341,645.0,601.0811046065875,43.91889539341253
48387,1375.0,1213.846563855438,161.15343614456197
48399,995.0,797.3514905952958,197.6485094047042
48456,775.0,695.7153245398997,79.28467546010029
48498,885.0,1082.7112548884948,-197.71125488849475
48514,1085.0,1082.997599174225,2.002400825775112
48579,735.0,827.942261622845,-92.94226162284497
48615,1395.0,1290.5216133322194,104.47838666778057
48632,645.0,620.3102782047648,24.689721795235187
48685,1377.0,1145.7967532022228,231.20324679777718
48770,795.0,704.5380191747687,90.46198082523131
48790,1460.0,1186.4522642496327,273.54773575036734
48800,1250.0,1214.0435566168464,35.956443383153555
48834,1163.0,1067.2205355483325,95.77946445166754
48882,1335.0,1365.0219721938452,-30.02197219384516
48900,850.0,950.531290326838,-100.53129032683796
48930,165.0,1176.955416495135,-1011.9554164951351
48947,1175.0,985.1383373554542,189.86166264454585
48991,1120.0,995.9853727032561,124.01462729674392
49019,1041.0,1192.1815446379526,-151.18154463795258
49039,930.0,1022.6297400047042,-92.62974000470422
49090,1255.0,1163.4095924601702,91.59040753982981
49131,1001.0,1352.1654001834515,-351.16540018345154
49183,700.0,651.4116196935954,48.58838030640459
49194,1400.0,1122.7779376829865,277.2220623170135
49259,1075.0,1002.3916689603865,72.60833103961352
49294,889.0,1019.1519529982652,-130.1519529982652
49296,1595.0,1325.1554554526367,269.8445445473633
49308,1040.0,1345.412172014491,-305.41217201449103
49310,1325.0,1166.503106604817,158.49689339518295
49323,900.0,868.6444569065915,31.355543093408528
49339,1090.0,1227.6043770730917,-137.60437707309165
49351,745.0,641.1353924775373,103.86460752246273
49361,1075.0,1162.2920548092209,-87.29205480922087
49373,1090.0,1168.576605421258,-78.57660542125791
49383,1510.0,1252.8425146478003,257.1574853521997
49407,1150.0,977.5233999093368,172.47660009066317
49415,1481.0,1294.9562187318816,186.04378126811844
49442,1030.0,1089.9091740939703,-59.90917409397025
49470,1690.0,1293.123992288221,396.87600771177904
49498,1309.0,1076.3916343517676,232.6083656482324
49539,983.0,908.4627856883423,74.53721431165775
49629,935.0,1037.0724697970452,-102.07246979704519
49637,661.0,723.6372015134639,-62.63720151346388
49714,600.0,629.501984434325,-29.50198443432498
49746,1225.0,957.8913319439641,267.10866805603587
49747,1435.0,1319.5349810732191,115.46501892678089
49767,930.0,967.751711264083,-37.75171126408304
49772,1245.0,1086.3333726486685,158.6666273513315
49788,1200.0,1181.4553432592584,18.54465674074163
49834,1010.0,1097.7827289883678,-87.78272898836781
49876,1165.0,1045.0828496080042,119.91715039199585
49898,1160.0,1264.1668343401232,-104.16683434012316
49909,843.0,738.027081271592,104.97291872840799
49939,780.0,637.2339352659257,142.76606473407435
49980,1105.0,1080.1143314736057,24.885668526394284
50008,1217.0,1058.7454418604634,158.25455813953658
50022,1350.0,1171.146424500775,178.85357549922492
50034,1235.0,979.033771573595,255.966228426405
50045,955.0,1074.4077299441562,-119.40772994415624
50089,1086.0,1086.056656246372,-0.05665624637208566
50130,780.0,548.7826069497137,231.21739305028632
50159,579.0,571.4064776422243,7.593522357775669
50173,1360.0,1122.9594213098683,237.04057869013172
50175,980.0,1091.78399746015,-111.78399746014998
50186,1310.0,1243.719795943365,66.28020405663506
50251,1121.0,1097.749163584625,23.250836415375034
50263,655.0,622.6846091492031,32.315390850796916
50334,1125.0,1035.6774278528562,89.32257214714377
50341,725.0,644.892995797142,80.10700420285798
50431,700.0,643.7982505736915,56.20174942630854
50493,884.0,625.8293343956437,258.17066560435626
50523,665.0,722.9883657603591,-57.9883657603591
50526,1030.0,1282.6533782123436,-252.65337821234357
50550,1280.0,1085.1343183667937,194.86568163320635
50554,1360.0,1303.3619183260234,56.63808167397656
50601,895.0,643.4980280556136,251.50197194438636
50603,1360.0,1159.8197719891173,200.18022801088273
50604,808.0,839.1745403189979,-31.174540318997856
50624,775.0,705.283941616179,69.71605838382095
50657,1425.0,1066.4593488168794,358.54065118312064
50674,1265.0,1047.1196617509888,217.88033824901117
50713,640.0,606.3847948918791,33.615205108120904
50718,1158.0,1222.5859481240545,-64.58594812405454
50741,1240.0,1266.8224378362006,-26.822437836200606
50781,1190.0,1277.0259019836644,-87.02590198366443
50814,990.0,1006.2407915832193,-16.240791583219334
50826,785.0,694.0931351784956,90.90686482150443
50843,995.0,1171.7057729379114,-176.70577293791143
50847,975.0,831.3726911052772,143.62730889472277
50858,608.0,592.9467568500182,15.053243149981768
50874,1100.0,961.8059095967855,138.19409040321455
50892,1169.0,1081.006042125068,87.993957874932
50920,990.0,1207.354191274842,-217.35419127484192
50962,726.0,675.6783321684142,50.32166783158584
50976,1415.0,1300.0687392222117,114.93126077778834
50990,855.0,802.8989188732477,52.10108112675232
51036,1110.0,1125.234639889357,-15.234639889356913
51067,1295.0,988.1403626717658,306.85963732823416
51068,570.0,724.2728891824867,-154.27288918248667
51083,909.0,664.4297028567985,244.57029714320151
51091,882.0,728.3046981006003,153.69530189939974
51103,1395.0,1059.7089455165856,335.2910544834144
51113,1210.0,1162.7585680961772,47.241431903822786
51127,1370.0,1206.5112539927075,163.48874600729255
51152,1160.0,1152.468337875247,7.531662124752984
51171,670.0,629.1049440423412,40.89505595765877
51206,920.0,1001.3933539155951,-81.39335391559507
51273,1069.0,981.8079551107609,87.19204488923913
51274,1200.0,1161.0764916352794,38.92350836472065
51282,1191.0,915.2475369154057,275.7524630845943
51293,1400.0,958.8394665852416,441.16053341475845
51367,875.0,1172.30710076179,-297.30710076179
51411,635.0,652.3839664172029,-17.38396641720294
51426,807.0,584.4822426232181,222.5177573767819
51443,1250.0,1129.508842023723,120.49115797627701
51453,1160.0,1315.3551932761306,-155.35519327613065
51456,1238.0,1201.980800740617,36.01919925938296
51468,1110.0,1053.489436890049,56.51056310995091
51493,730.0,734.6729926437505,-4.67299264375049
51501,865.0,944.0161756994315,-79.01617569943153
51502,1410.0,1240.5209536288996,169.47904637110037
51556,1060.0,1087.2045481064067,-27.20454810640672
51562,1268.0,1103.2199639772114,164.78003602278864
51566,980.0,1131.4999956244853,-151.49999562448534
51597,878.0,643.3486230115495,234.65137698845047
51672,570.0,627.7980663479578,-57.79806634795784
51679,452.0,735.0760141270468,-283.07601412704685
51742,875.0,739.4294613329463,135.5705386670537
51805,1070.0,1134.3206190118296,-64.32061901182965
51830,1340.0,1073.346474799471,266.653525200529
51838,1479.0,1150.1292301790088,328.8707698209912
51857,1210.0,964.324282576603,245.67571742339703
51912,1102.0,1150.5759850415218,-48.57598504152179
51935,725.0,699.7379772381341,25.262022761865865
51954,1605.0,1292.1986791609488,312.8013208390512
51975,1055.0,894.8743715126689,160.12562848733114
51990,790.0,667.0243054550564,122.97569454494362
51995,1320.0,1201.6519291584916,118.34807084150839
52148,1373.0,1227.5942035167063,145.40579648329367
52160,1455.0,1204.0667806051968,250.93321939480325
52178,716.0,704.0274884439918,11.972511556008158
52183,904.0,1163.765638812832,-259.7656388128321
52221,1210.0,1103.024484223133,106.97551577686704
52309,610.0,736.9300981503015,-126.93009815030155
52412,625.0,645.6882680826048,-20.68826808260485
52416,675.0,638.1699529431776,36.83004705682242
52424,1080.0,1250.556967088064,-170.55696708806408
52533,1035.0,733.8992978301205,301.10070216987947
52546,1300.0,1172.9813528639247,127.01864713607529
52549,352.0,1128.7570053955708,-776.7570053955708
52567,1330.0,1078.2808976455924,251.7191023544076
52576,1105.0,968.896577055515,136.10342294448503
52634,1025.0,1141.7213532530695,-116.72135325306954
52675,1450.0,1224.2225184746144,225.7774815253856
52680,1550.0,1149.714070522377,400.2859294776231
52711,1145.0,1072.080108412176,72.91989158782394
52729,1005.0,962.7986588970081,42.20134110299193
52764,1250.0,1083.7509541141208,166.24904588587924
52821,530.0,600.8620024555873,-70.86200245558734
52838,1145.0,1118.295671514001,26.704328485998985
52861,710.0,743.1632320909805,-33.1632320909805
52887,1444.0,1242.6194935051817,201.3805064948183
52903,1118.0,1108.4636992127105,9.53630078728952
52908,1170.0,1018.5252075151911,151.47479248480886
52930,635.0,595.0935527770042,39.90644722299578
52940,1045.0,709.4107086434481,335.58929135655194
53079,646.0,606.1254617345511,39.874538265448905
53084,644.0,659.123174093141,-15.12317409314096
53117,885.0,867.9203427331922,17.07965726680777
53132,890.0,1106.9986662566748,-216.99866625667482
53134,1030.0,1125.0899612405544,-95.08996124055443
53190,791.0,695.9519538195054,95.04804618049457
53214,1448.0,1150.474854556175,297.52514544382507
53218,1295.0,1275.6465284874541,19.353471512545866
53347,1070.0,1256.6705663358575,-186.67056633585753
53350,880.0,754.0787129586843,125.92128704131574
53386,640.0,733.3336224093625,-93.33362240936253
53410,790.0,719.8978292341279,70.10217076587207
53411,860.0,835.6813701346979,24.318629865302114
53439,1205.0,1128.7508249551622,76.24917504483778
53448,1055.0,1099.696122254979,-44.696122254978945
53506,1045.0,991.3895669596633,53.610433040336716
53555,1560.0,1218.3386048859504,341.6613951140496
53608,1160.0,1150.8864307251015,9.11356927489851
53643,1150.0,1027.627290770179,122.37270922982111
53648,1240.0,1128.1662064505247,111.83379354947533
53659,1290.0,1170.849787612375,119.15021238762506
53690,976.0,845.1112121400093,130.88878785999066
53697,640.0,695.9029009997782,-55.90290099977824
53698,1125.0,1160.7216961770037,-35.72169617700365
53715,1537.0,1225.3336673983251,311.66633260167487
53720,1080.0,1186.2307571129606,-106.23075711296065
53721,1268.0,1381.8095282678962,-113.80952826789621
53731,1455.0,1230.2290372682457,224.77096273175425
53737,1245.0,1292.3946457500533,-47.394645750053314
53778,540.0,621.4237606045184,-81.4237606045184
53835,1325.0,1133.8100413313034,191.1899586686966
53867,1120.0,1075.6294269503412,44.37057304965879
53897,511.0,605.9735603779209,-94.97356037792088
53912,890.0,995.1598417014935,-105.15984170149352
53925,1312.0,1232.8515480303893,79.14845196961073
53965,1124.0,1315.117382283141,-191.11738228314107
53973,1282.0,1021.6399191079145,260.36008089208553
53986,733.0,935.8914298026497,-202.89142980264967
53998,968.0,898.545330194252,69.45466980574804
54068,921.0,930.7653109364921,-9.765310936492142
54108,1036.0,1269.447027104032,-233.44702710403203
54129,1433.0,1193.4432558574504,239.55674414254963
54149,1312.0,1174.9630875145,137.0369124854999
54165,1075.0,939.5772774907758,135.42272250922417
54175,811.0,620.4012948157126,190.59870518428738
54186,695.0,692.0245252709956,2.975474729004418
54233,1085.0,1135.757780549817,-50.75778054981697
54247,1410.0,1228.0119186824338,181.98808131756618
54275,595.0,692.1509454909218,-97.1509454909218
54336,717.0,831.3473421283887,-114.34734212838873
54353,1125.0,1242.3870143217116,-117.3870143217116
54442,785.0,631.0349409878706,153.96505901212936
54447,1003.0,1019.0504454939688,-16.050445493968823
54486,885.0,1088.4607115839538,-203.46071158395375
54492,1025.0,1049.8869273014154,-24.886927301415426
54497,1030.0,1147.4461491897268,-117.44614918972684
54509,1231.0,968.056903134489,262.94309686551105
54518,732.0,765.7507609143014,-33.750760914301395
54572,952.0,648.300666963201,303.699333036799
54599,1135.0,1092.3156418421204,42.684358157879615
54619,1655.0,1281.2894490186702,373.7105509813298
54677,1279.0,1089.9612516690327,189.03874833096734
54699,550.0,567.5570132275133,-17.557013227513266
54705,1215.0,1157.6185329024918,57.38146709750822
54724,690.0,651.6360286586504,38.36397134134961
54738,888.0,1031.145032373338,-143.14503237333793
54739,1265.0,1186.6549517328115,78.34504826718853
54742,1257.0,1138.8769844863318,118.12301551366818
54759,595.0,611.6871533990948,-16.68715339909477
54763,727.0,676.0846445217663,50.915355478233664
54766,1125.0,1087.1208240540377,37.87917594596229
54799,870.0,995.4779434543806,-125.47794345438058
54803,880.0,636.9637376255477,243.03626237445235
54931,1725.0,1307.6007865331794,417.3992134668206
54980,910.0,637.2581581058017,272.7418418941983
55054,1245.0,1064.3600176158157,180.63998238418435
55056,1120.0,1104.3540749491656,15.645925050834421
55062,1170.0,1069.7537535127115,100.24624648728854
55073,1050.0,999.497730135348,50.50226986465202
55074,1400.0,1179.9313577172018,220.06864228279824
55118,1380.0,1162.5734086972836,217.42659130271636
55156,1644.0,1294.263284695394,349.7367153046059
55185,1025.0,1054.029291230031,-29.02929123003105
55228,615.0,638.1522327155113,-23.15223271551133
55235,990.0,958.0801459659552,31.91985403404476
55269,882.0,1080.3208831030965,-198.32088310309655
55351,1056.0,1106.461945735492,-50.46194573549201
55392,1301.0,1214.989487194966,86.01051280503407
55407,1255.0,1096.1782493568287,158.8217506431713
55426,1390.0,1123.0829678267385,266.91703217326153
55432,833.0,838.073061591278,-5.0730615912780195
55458,1005.0,1087.0955855744064,-82.09558557440641
55549,1230.0,1140.2870998667574,89.71290013324256
55561,1157.0,1314.0418208559938,-157.04182085599382
55598,910.0,976.6977590319419,-66.69775903194193
55602,805.0,760.5031042261282,44.496895773871756
55653,1150.0,1326.5213479203271,-176.52134792032712
55663,649.0,1007.9835923228222,-358.98359232282223
55695,675.0,642.5884750532424,32.411524946757595
55704,715.0,591.275780961433,123.72421903856696
55745,1225.0,1272.1063603305508,-47.10636033055084
55746,1045.0,853.153393659968,191.84660634003205
55757,1065.0,1008.3462751551566,56.653724844843396
55759,705.0,688.7109258358186,16.289074164181443
55764,950.0,997.9584534052855,-47.95845340528547
55839,1425.0,1220.2302608174875,204.76973918251247
55855,1136.0,1138.9318915343915,-2.931891534391525
55889,1555.0,1285.2339781319768,269.76602186802324
55894,1482.0,1304.0295207997294,177.97047920027057
55897,1200.0,1183.5949859373022,16.405014062697774
55924,1415.0,1207.2887349236594,207.71126507634062
55943,660.0,647.2045980405875,12.795401959412516
55978,690.0,658.1873588030921,31.81264119690786
56042,1090.0,1159.748571761531,-69.74857176153091
56074,890.0,1126.912963600588,-236.912963600588
56075,1495.0,1234.2410047419087,260.7589952580913
56081,1565.0,1232.4883974068582,332.5116025931418
56094,1462.0,1319.596725496371,142.40327450362906
56114,970.0,1104.5033781842067,-134.50337818420667
56116,603.0,625.1549947175471,-22.154994717547083
56147,535.0,576.9575630485978,-41.95756304859776
56175,264.0,1035.5801909671268,-771.5801909671268
56180,1021.0,1095.5945237737053,-74.5945237737053
56212,710.0,678.8068693470101,31.193130652989908
56213,1180.0,1014.8518403290698,165.14815967093023
56229,700.0,697.7088833058955,2.2911166941045167
56236,1125.0,1337.5472375041659,-212.54723750416588
56265,1195.0,1110.8734018856203,84.1265981143797
56286,1080.0,1138.8769844863318,-58.87698448633182
56373,1181.0,995.1855758628302,185.8144241371698
56380,875.0,844.3550015092796,30.644998490720354
56395,1270.0,1267.3614427660686,2.638557233931351
56401,980.0,836.0901261121395,143.9098738878605
56411,1100.0,1160.2823388561492,-60.28233885614918
56417,1020.0,1052.7445162558686,-32.744516255868575
56424,1165.0,1356.2349212658373,-191.23492126583733
56446,1105.0,1223.6285969146822,-118.62859691468225
56508,1255.0,1166.1195721038914,88.88042789610859
56553,1365.0,1085.0428738994915,279.9571261005085
56567,690.0,711.6762728836437,-21.67627288364372
56716,1245.0,1248.7526979897332,-3.7526979897331785
56718,1040.0,991.9015017755027,48.09849822449735
56719,980.0,734.0054115415448,245.99458845845515
56730,1085.0,1097.0734009036255,-12.073400903625497
56741,745.0,713.7349461384146,31.265053861585443
56756,893.0,670.1594617364718,222.84053826352817
56763,1035.0,1112.3867551366861,-77.38675513668613
56770,1146.0,1222.4665531181602,-76.46655311816016
56772,1026.0,982.3696647433184,43.63033525668163
56822,1280.0,1254.261846538094,25.738153461905995
56833,762.0,657.8956635556435,104.10433644435648
56842,1185.0,1104.582470227971,80.41752977202896
56865,675.0,733.8560027572232,-58.85600275722322
56880,1420.0,1304.309853091244,115.6901469087561
56918,1281.0,1188.3772812389423,92.62271876105774
56926,1555.0,1268.8183114591063,286.1816885408937
56935,1235.0,1181.7304975321974,53.26950246780257
56948,1036.0,984.898812071177,51.10118792882304
56960,1295.0,1302.6792496733867,-7.679249673386721
56979,1060.0,1230.982877771737,-170.9828777717371
56983,905.0,963.9957176551487,-58.995717655148724
57028,822.0,696.1782361826902,125.82176381730983
57100,840.0,655.3842822727071,184.61571772729292
57122,787.0,734.011567354136,52.98843264586401
57138,748.0,673.8394603604133,74.16053963958666
57153,934.0,675.8906371214993,258.10936287850075
57165,1120.0,1270.3186357010688,-150.31863570106884
57186,680.0,700.517562634106,-20.517562634105957
57270,885.0,984.208668416112,-99.208668416112
57306,1090.0,942.062181993338,147.93781800666204
57310,645.0,641.7501093884404,3.2498906115596355
57317,1200.0,1101.8105209928517,98.1894790071483
57337,565.0,677.1466339729017,-112.14663397290167
57356,1425.0,1267.2094000482857,157.79059995171428
57359,595.0,589.8659049342778,5.134095065722249
57363,1480.0,1212.43597861682,267.56402138318003
57373,1145.0,965.3790140264085,179.62098597359147
57376,910.0,1209.8023080373655,-299.8023080373655
57399,1300.0,1311.7865580889566,-11.786558088956554
57424,728.0,689.7758203003247,38.22417969967535
57428,1320.0,1167.9038570808093,152.0961429191907
57430,980.0,773.1229604222398,206.87703957776023
57441,1015.0,878.2985671699018,136.70143283009816
57468,1455.0,1222.1084662525557,232.89153374744433
57530,655.0,634.0554108300087,20.944589169991332
57532,575.0,668.7873212683269,-93.78732126832688
57553,960.0,910.5221497551884,49.477850244811634
57589,1370.0,1106.433526776289,263.566473223711
57602,740.0,686.1680119900976,53.831988009902375
57653,750.0,727.0617139320343,22.93828606796569
57655,735.0,681.7947893064306,53.20521069356937
57684,890.0,732.784274849698,157.21572515030198
57713,1215.0,1076.0853022848203,138.91469771517973
57729,645.0,919.6926201244203,-274.6926201244203
57738,670.0,649.32279045984,20.677209540159993
57761,1300.0,1210.313541202394,89.68645879760606
57780,645.0,743.0836345343374,-98.08363453433742
57807,1170.0,1021.1952109340227,148.80478906597727
57810,1515.0,1349.6928510503756,165.30714894962443
57815,755.0,680.3867149728175,74.61328502718254
57820,945.0,1180.391904408677,-235.39190440867696
57825,765.0,716.8091383707704,48.19086162922963
57855,1550.0,1288.3773433595518,261.6226566404482
57867,1420.0,1227.0510292819242,192.94897071807577
57904,753.0,568.962035238663,184.03796476133698
57922,880.0,811.1977408798007,68.80225912019932
57947,1160.0,1097.4712523392348,62.52874766076525
57983,980.0,998.6174799880065,-18.617479988006494
58012,1390.0,1194.5934542941473,195.40654570585275
58034,950.0,1164.057970763305,-214.0579707633051
58042,1450.0,1067.8791200388484,382.12087996115156
58045,1323.0,1045.4998258347794,277.50017416522064
58083,1315.0,1124.9583630168227,190.04163698317734
58117,836.0,883.1119077596117,-47.111907759611654
58428,1310.0,1136.7038342747248,173.29616572527516
58433,997.0,1190.1541009008229,-193.15410090082287
58450,926.0,1251.1011350036763,-325.1011350036763
58470,1489.0,1334.473534520699,154.5264654793009
58475,630.0,641.971885792573,-11.971885792572948
58485,1030.0,1065.6961798142022,-35.696179814202196
58496,775.0,608.2599478023609,166.7400521976391
58509,1070.0,1294.899006474162,-224.89900647416198
58511,738.0,1053.8239880295466,-315.8239880295466
58527,1003.0,1008.420359887068,-5.4203598870680025
58541,992.0,1075.3177521657133,-83.31775216571327
58549,1164.0,963.1375495906302,200.86245040936979
58550,1054.0,852.0867392671156,201.9132607328844
58646,1005.0,1207.754620424162,-202.7546204241621
58658,720.0,644.3458338333025,75.65416616669745
58715,1245.0,1284.1788875477066,-39.17888754770661
58789,1123.0,1252.3346197079677,-129.3346197079677
58793,965.0,943.4217630665808,21.578236933419248
58853,1030.0,1072.4715780933404,-42.47157809334044
58874,937.0,877.0088437685285,59.99115623147145
58902,1219.0,1152.817807216411,66.18219278358902
58962,1060.0,1280.8761649567361,-220.87616495673615
58976,456.0,635.8068070452165,-179.8068070452165
59048,960.0,1012.962571690165,-52.962571690164964
59066,680.0,713.8670530012266,-33.86705300122662
59096,649.0,597.6214667958528,51.378533204147175
59142,605.0,1024.3145101594837,-419.3145101594837
59214,978.0,1041.3832367384955,-63.3832367384955
59218,970.0,1151.3715354714686,-181.37153547146863
59305,560.0,679.9507123995403,-119.9507123995403
59306,955.0,1021.1644641915339,-66.16446419153385
59360,1279.0,951.6283063240344,327.3716936759656
59366,1107.0,1225.483224165045,-118.48322416504493
59413,705.0,582.4559445882355,122.54405541176448
59468,1230.0,1116.5327314923716,113.46726850762843
59471,1210.0,1226.2156064009368,-16.21560640093685
59493,770.0,1195.881845767326,-425.881845767326
59508,985.0,985.0712004284347,-0.07120042843473584
59520,665.0,672.4092513865091,-7.4092513865091405
59678,780.0,1094.378822990797,-314.37882299079706
59719,1300.0,1254.7462270961896,45.253772903810386
59720,1300.0,1236.0864507776898,63.913549222310166
59818,1473.0,1144.6573926927308,328.3426073072692
59860,1220.0,1205.5280303501465,14.471969649853463
59868,535.0,676.0602708147293,-141.06027081472928
59888,735.0,572.5488729529253,162.4511270470747
59899,1345.0,1120.010946812066,224.9890531879339
59936,780.0,683.4689382878707,96.53106171212926
59949,1120.0,1117.5088068150646,2.491193184935355
60020,1202.0,1311.1792279764798,-109.17922797647975
60045,1165.0,1139.4343914556173,25.565608544382712
60055,1220.0,1086.5457858752357,133.45421412476435
60060,435.0,581.1055038899341,-146.10550388993408
60076,890.0,763.5826245869166,126.41737541308339
60090,1440.0,1123.8961249122567,316.1038750877433
60098,705.0,614.5605814558188,90.4394185441812
60146,1185.0,1210.4403784390008,-25.440378439000824
60158,710.0,679.9305293395234,30.069470660476554
60196,995.0,1104.4441399277493,-109.44413992774935
60269,1445.0,1412.430711040184,32.56928895981605
60290,1285.0,771.575242997574,513.424757002426
60305,925.0,930.7276312297462,-5.72763122974618
60320,575.0,663.4580621583596,-88.45806215835955
60382,1086.0,1007.601824511532,78.39817548846804
60440,719.0,701.4275027121271,17.57249728787292
60526,1540.0,1334.476610859264,205.52338914073607
60553,1280.0,1253.439833462501,26.56016653749907
60563,1245.0,1232.0429963765657,12.957003623434275
60569,990.0,724.1669099210906,265.83309007890944
60571,870.0,1011.7984969942237,-141.79849699422368
60574,823.0,814.669986264277,8.330013735723014
60659,900.0,916.5688422600684,-16.568842260068436
60709,1110.0,1004.9855236810112,105.01447631898884
60713,1050.0,1199.5200663657422,-149.5200663657422
60743,1368.0,1128.156539496394,239.8434605036059
60779,933.0,1106.6668971682977,-173.66689716829774
60835,1080.0,1095.1170621044932,-15.117062104493243
60845,1180.0,888.985902189818,291.01409781018197
60999,1100.0,1131.122259962474,-31.12225996247389
61002,1140.0,1011.1501290356515,128.8498709643485
61131,1445.0,1159.6681274458697,285.3318725541303
61189,1052.0,722.1738402451402,329.82615975485976
61274,970.0,1076.166098461347,-106.16609846134702
61327,815.0,1030.6219851341702,-215.62198513417025
61328,920.0,1123.2894458697795,-203.28944586977946
61361,1052.0,974.1024360158005,77.89756398419945
61396,1145.0,1287.0472388246108,-142.04723882461076
61471,1380.0,1265.9917854769408,114.00821452305922
61473,1390.0,1260.9844319499066,129.0155680500934
61504,1180.0,1014.8548536329014,165.14514636709862
61540,975.0,1042.189301559275,-67.18930155927501
61579,1280.0,1210.6853186898147,69.31468131018528
61617,1205.0,1099.3212266821415,105.67877331785849
61650,1080.0,953.7633428788856,126.23665712111438
61682,1555.0,1302.5780702678828,252.42192973211718
61840,1310.0,1237.3291039270268,72.67089607297316
61849,1049.0,1113.9036594016188,-64.90365940161882
61860,1020.0,1257.9713176645796,-237.9713176645796
61888,802.0,760.9705336313432,41.02946636865681
61906,735.0,676.1806515504843,58.8193484495157
61942,720.0,672.3553136810593,47.64468631894067
61986,1205.0,1241.3862257156413,-36.38622571564133
61996,492.0,624.4331923100199,-132.43319231001988
62011,470.0,584.1136895628104,-114.11368956281035
62018,560.0,666.0710270343632,-106.07102703436317
62027,1070.0,1053.4006687907788,16.59933120922119
62091,1205.0,1264.8872797983204,-59.88727979832038
62105,615.0,594.5087231932768,20.49127680672325
62120,1025.0,977.2075617805734,47.79243821942657
62130,1050.0,1046.258885376963,3.7411146230369923
62230,1345.0,1210.120699836163,134.8793001638369
62293,525.0,668.4191521991667,-143.41915219916666
62310,1130.0,1036.8960559205796,93.10394407942044
62326,1215.0,1271.3940163615664,-56.3940163615664
62409,1130.0,1019.2509637902326,110.74903620976738
62416,1505.0,958.0466258919066,546.9533741080934
62420,1015.0,1079.0152393752655,-64.01523937526554
62432,1570.0,1337.8598989579577,232.14010104204226
62489,1195.0,1179.8441610219254,15.155838978074598
62514,1455.0,1232.2739359029547,222.7260640970453
62554,1105.0,746.6124642102715,358.38753578972853
62556,1470.0,1175.5886386046702,294.4113613953298
62598,630.0,658.5987028872931,-28.598702887293143
62628,1335.0,1242.960536420996,92.03946357900395
62676,1090.0,1125.2661603036124,-35.26616030361242
62690,905.0,927.2360786993877,-22.23607869938769
62795,530.0,678.8226266252931,-148.82262662529308
62834,1415.0,1321.8714615264068,93.12853847359315
62874,1175.0,1239.3925853030398,-64.39258530303982
62910,649.0,510.9122770562771,138.0877229437229
62928,1165.0,1270.4767179893183,-105.47671798931833
62939,1040.0,1005.7819802422068,34.21801975779317
62960,710.0,620.2827469226248,89.71725307737518
62980,1159.0,1121.7509618588385,37.24903814116146
63000,1080.0,1001.6490476736686,78.35095232633137
63058,1821.0,1224.6437962716109,596.3562037283891
63061,900.0,775.4232151152024,124.57678488479758
63062,1100.0,1081.0092346039082,18.990765396091774
63134,1485.0,1267.909628697629,217.09037130237107
63179,1015.0,1031.4693931965892,-16.46939319658918
63183,1120.0,1211.9745031393497,-91.97450313934974
63188,590.0,638.6932412998341,-48.693241299834085
63238,890.0,876.9323660160817,13.067633983918313
63257,900.0,1113.902741166201,-213.90274116620094
63278,601.0,671.4431612388815,-70.44316123888154
63289,1545.0,1134.7475741797045,410.25242582029546
63376,835.0,1005.7201882852513,-170.7201882852513
63435,1110.0,1026.913645605814,83.08635439418595
63506,545.0,554.7723833048159,-9.77238330481589
63597,650.0,724.133956466334,-74.13395646633398
63601,730.0,638.9114902345564,91.08850976544363
63695,180.0,740.3494555739351,-560.3494555739351
63739,630.0,679.8655325170088,-49.86553251700877
63777,1463.0,1278.1549732916828,184.84502670831716
63807,1186.0,1107.90864584988,78.09135415011997
63827,945.0,1030.6219851341702,-85.62198513417025
63836,665.0,499.16430784510914,165.83569215489086
63911,825.0,712.0548576227185,112.94514237728151
63949,671.0,593.2704520992726,77.72954790072743
64054,815.0,748.3500409075237,66.64995909247625
64084,1120.0,875.9732925129686,244.02670748703144
64176,1235.0,1202.8324812180022,32.16751878199784
64177,1157.0,1039.7114525541228,117.28854744587716
64218,1020.0,946.8512908582711,73.14870914172889
64253,941.0,922.1492280042701,18.85077199572993
64268,829.0,866.490328664144,-37.490328664144045
64328,904.0,929.0880630452689,-25.088063045268882
64406,1411.0,1149.8773797552526,261.1226202447474
64426,665.0,674.2693100458579,-9.269310045857878
64446,665.0,638.4585708336344,26.54142916636556
64536,1030.0,1287.3135809047055,-257.31358090470553
64554,666.0,677.6153234361517,-11.615323436151698
64641,710.0,724.5280401726918,-14.528040172691817
64681,1085.0,1015.2385227313748,69.76147726862519
64685,675.0,643.5285748968928,31.471425103107208
64770,1145.0,1259.4254126836984,-114.42541268369837
64832,1165.0,1015.0292206582594,149.97077934174058
64872,925.0,702.3920680118904,222.6079319881096
64925,588.0,686.7988072876434,-98.7988072876434
64938,1250.0,1201.371000614634,48.62899938536589
64963,1055.0,1101.1787612221065,-46.17876122210646
64987,1330.0,1144.0504577810248,185.94954221897524
65001,1160.0,1070.5359024459135,89.46409755408649
65009,1260.0,1109.0861812995208,150.91381870047917
65013,678.0,690.5588307959274,-12.558830795927406
65030,985.0,919.6084911673827,65.39150883261732
65057,1030.0,911.1619312378192,118.8380687621808
65166,1102.0,1222.06785865898,-120.06785865897996
65183,710.0,579.5585789108122,130.44142108918777
65209,825.0,647.3850647445884,177.61493525541164
65232,1150.0,1197.7111941362534,-47.711194136253425
65296,1540.0,1205.0554739755241,334.94452602447586
65299,926.0,1044.9811864408741,-118.98118644087413
65354,750.0,1145.1508953172222,-395.1508953172222
65358,1475.0,1192.1403902263771,282.8596097736229
65389,1136.0,1189.694608093838,-53.69460809383804
65414,1135.0,991.1904780862898,143.80952191371023
65420,1560.0,1253.4251411847356,306.5748588152644
65482,1225.0,1131.122259962474,93.87774003752611
65576,910.0,981.3515453142236,-71.35154531422359
65597,1190.0,1140.8369881293859,49.16301187061413
65602,1080.0,1011.3058052568406,68.69419474315941
65661,1000.0,1009.7004602776427,-9.70046027764272
65665,1275.0,1222.0245258147775,52.97547418522254
65685,1080.0,1104.3288910560154,-24.328891056015436
65727,690.0,733.5980513893685,-43.59805138936849
65840,650.0,715.1446380647656,-65.14463806476556
65883,620.0,572.4136413470872,47.58635865291285
65914,1070.0,987.5363604224964,82.46363957750361
65982,1000.0,1108.122942570265,-108.12294257026497
66019,948.0,923.394722975164,24.605277024836028
66031,965.0,1139.5505500837396,-174.5505500837396
66056,990.0,964.9836876460143,25.016312353985654
66074,1025.0,1034.846734072957,-9.846734072956906
66075,1165.0,1090.5570102311442,74.4429897688558
66103,1150.0,1101.1522237470535,48.84777625294646
66137,1390.0,1298.100935111394,91.89906488860606
66268,740.0,747.0872389044548,-7.087238904454807
66357,980.0,1054.9534149675792,-74.95341496757919
66389,931.0,732.3555775645424,198.6444224354576
66390,1100.0,1312.4330447595146,-212.4330447595146
66417,1285.0,1067.0905766844087,217.9094233155913
66443,1360.0,1118.0438766461143,241.9561233538857
66471,1255.0,1176.3776269473638,78.62237305263625
66498,745.0,671.3161702374483,73.68382976255168
66506,1290.0,1076.2292218696227,213.77077813037727
66727,1175.0,1028.7155513867629,146.28444861323715
66754,1190.0,1190.4183814671737,-0.4183814671737309
66780,1115.0,1085.427626984127,29.572373015872927
66812,655.0,664.6920430782669,-9.69204307826692
66831,678.0,605.7043322174468,72.29566778255321
66841,1345.0,1314.3135786315818,30.686421368418223
66868,600.0,615.0203120935303,-15.020312093530265
66873,945.0,974.2795194475087,-29.279519447508733
66899,750.0,1089.2608587328552,-339.26085873285524
66924,590.0,730.5977318601816,-140.59773186018163
66960,1240.0,1193.594386447052,46.4056135529479
67054,988.0,1211.2618812557332,-223.26188125573321
67161,1360.0,1127.868148000843,232.1318519991571
67173,550.0,692.6224202305132,-142.62242023051317
67225,880.0,1073.9809843662188,-193.98098436621876
67232,1000.0,1030.3198262917888,-30.319826291788786
67289,913.0,961.0439994113157,-48.04399941131567
67331,1050.0,1115.0183363822407,-65.0183363822407
67339,1151.0,1139.9551247302575,11.044875269742533
67559,730.0,687.15731270938,42.842687290620006
67614,985.0,954.9166947816175,30.08330521838252
67616,620.0,639.5697055342146,-19.569705534214563
67793,975.0,1037.3312221565577,-62.331222156557715
67800,1225.0,1070.4526090310587,154.54739096894127
67842,1155.0,1237.4837244490013,-82.48372444900133
67854,1305.0,1162.0749358049784,142.9250641950216
67901,780.0,878.2985671699018,-98.29856716990184
67927,749.0,1200.4561171586836,-451.4561171586836
67999,1149.0,1091.3521156532997,57.647884346700266
68024,1470.0,1243.9191062526709,226.08089374732913
68089,670.0,700.3860688027404,-30.386068802740397
68173,665.0,713.3895500180168,-48.38955001801685
68267,880.0,1206.5947014026474,-326.5947014026474
68324,1420.0,1326.399882703286,93.60011729671396
68325,1190.0,1107.3996434580863,82.6003565419137
68331,740.0,627.0772380095107,112.92276199048933
68343,695.0,674.8182947256576,20.18170527434245
68365,775.0,703.2872649339172,71.71273506608281
68477,775.0,713.6348285515681,61.36517144843185
68576,790.0,666.0977558985987,123.90224410140127
68578,1125.0,1088.6997023033546,36.30029769664543
68646,945.0,1130.7081645802384,-185.70816458023842
68661,1180.0,1225.9684002141664,-45.96840021416642
68698,1180.0,1111.1561455716621,68.84385442833786
68772,1345.0,1190.4430129546586,154.55698704534143
68805,1440.0,1260.241349235622,179.758650764378
68827,1180.0,1129.4149278995567,50.58507210044331
68834,1050.0,884.7829297773519,165.2170702226481
68843,589.0,608.8412578257671,-19.841257825767116
68898,975.0,1074.3805812546323,-99.38058125463226
68908,1075.0,1107.7600381568043,-32.760038156804285
68931,880.0,1147.1323964473677,-267.1323964473677
68932,620.0,1059.8206120619718,-439.8206120619718
68938,995.0,990.187240003561,4.812759996439013
68983,971.0,1216.3941669273397,-245.3941669273397
68988,623.0,658.870479190096,-35.870479190096034
69095,1100.0,1026.913645605814,73.08635439418595
69123,631.0,704.5380191747687,-73.53801917476869
69126,805.0,727.5126304762991,77.48736952370086
69152,670.0,621.9586555235321,48.041344476467884
69159,1235.0,1226.8469317044026,8.15306829559745
69181,930.0,1215.6927202616641,-285.69272026166414
69187,1260.0,1218.807445156391,41.19255484360906
69250,1375.0,1212.8646095909098,162.13539040909018
69320,600.0,724.007761413974,-124.00776141397398
69337,1370.0,1218.6825831634073,151.31741683659266
69393,1325.0,1338.8188134728293,-13.818813472829333
69443,830.0,978.5839705626717,-148.58397056267165
69507,1000.0,1096.4749934573463,-96.47499345734627
69526,430.0,554.4667525725333,-124.46675257253332
69562,780.0,731.9311910057793,48.06880899422072
69576,616.0,641.3559387659676,-25.355938765967608
69578,1205.0,1134.95750799934,70.0424920006601
69644,1020.0,968.0049689302753,51.995031069724746
69718,640.0,650.6618315130423,-10.66183151304233
69724,640.0,706.7052981637089,-66.7052981637089
69733,1075.0,1119.0137339696646,-44.0137339696646
69745,1060.0,1074.3230942205698,-14.323094220569828
69769,1003.0,1152.5437198977036,-149.54371989770357
69795,1130.0,1225.93491647478,-95.93491647478004
69871,1294.0,1260.5711023455456,33.42889765445443
69883,935.0,840.7594724111868,94.24052758881317
69899,1060.0,1054.8112214201112,5.188778579888776
69972,1315.0,1087.5329920735596,227.46700792644037
70068,1085.0,1190.6661660941866,-105.66616609418656
70081,721.0,642.5884750532424,78.4115249467576
70104,1326.0,1176.1209536825138,149.8790463174862
70174,580.0,750.3101140639802,-170.31011406398022
70251,1460.0,1180.0390654937328,279.9609345062672
70290,950.0,999.9116342323448,-49.911634232344795
70295,550.0,564.850873539042,-14.850873539042027
70326,1235.0,1326.491097002383,-91.49109700238296
70356,1070.0,882.7861111139393,187.21388888606066
70357,845.0,908.5443474487665,-63.54434744876653
70408,815.0,752.4706706518307,62.52932934816931
70445,1175.0,1090.8209653350564,84.17903466494363
70482,603.0,664.4969123716332,-61.49691237163324
70506,875.0,837.3514018071738,37.64859819282617
70532,500.0,617.1859028753074,-117.18590287530742
70549,926.0,1055.8184405606794,-129.8184405606794
70560,1425.0,1198.1731456967082,226.82685430329184
70817,920.0,1112.3867551366861,-192.38675513668613
70860,958.0,841.3105209229028,116.68947907709719
70932,1040.0,910.7023036791196,129.2976963208804
71011,1035.0,1210.3483232207984,-175.34832322079842
71065,670.0,682.9290039576669,-12.92900395766685
71125,1169.0,1149.7545555225959,19.245444477404135
71215,805.0,839.7208781135366,-34.72087811353663
71216,613.0,557.3352709425114,55.66472905748856
71276,860.0,744.0267362180755,115.97326378192452
71328,1140.0,1053.3678599653479,86.63214003465214
71396,785.0,634.3694604097086,150.6305395902914
71408,1205.0,1162.9142436675554,42.08575633244459
71438,1290.0,1052.9872465912126,237.01275340878738
71508,1412.0,1249.684190731696,162.31580926830406
71544,729.0,584.6793584665585,144.32064153344152
71571,1140.0,1103.610671759564,36.38932824043604
71619,955.0,1126.511642087183,-171.51164208718296
71629,615.0,649.2151236509002,-34.21512365090018
71642,485.0,586.5433808093505,-101.54338080935054
71676,1080.0,1172.027279644811,-92.02727964481096
71691,1135.0,1207.110225671179,-72.11022567117902
71720,1205.0,1210.6001200296607,-5.600120029660729
71725,960.0,1002.993999840447,-42.99399984044703
71780,1430.0,1258.9752439906617,171.02475600933826
71794,1010.0,1208.3274248389378,-198.32742483893776
71825,1335.0,1137.7113123379695,197.2886876620305
71873,1300.0,1162.331582040368,137.66841795963205
71907,1420.0,1259.7399850472432,160.26001495275682
71965,1320.0,1207.3970316454302,112.60296835456984
71977,655.0,477.6086048623476,177.3913951376524
72031,980.0,1059.73020372081,-79.7302037208101
72048,625.0,595.008443591492,29.991556408508018
72109,665.0,670.8970334243935,-5.8970334243934985
72151,1165.0,1014.8148223860234,150.18517761397663
72160,430.0,591.8711684850473,-161.8711684850473
72171,1330.0,1147.9669757496506,182.0330242503494
72290,1320.0,1085.0428738994915,234.9571261005085
72293,1065.0,1030.3513111002385,34.64868889976151
72316,1430.0,1255.074807219674,174.92519278032592
72317,1320.0,1206.5694253880927,113.43057461190733
72338,1325.0,1306.7101178050273,18.289882194972733
72367,1025.0,1216.5495017544663,-191.5495017544663
72382,690.0,664.0917194130487,25.908280586951264
72390,1220.0,1101.7241880168772,118.27581198312282
72406,1075.0,1035.7329631931282,39.26703680687183
72490,1235.0,1307.361896240879,-72.3618962408791
72492,890.0,951.5625059959118,-61.562505995911806
72511,541.0,583.3048040108425,-42.30480401084253
72582,695.0,714.1819554642822,-19.18195546428217
72594,1217.0,1197.9832216701222,19.016778329877752
72659,1275.0,1032.727513618987,242.2724863810131
72704,1400.0,1273.19105794911,126.80894205088998
72711,930.0,927.8148434922634,2.185156507736565
72750,1190.0,1155.7454819502482,34.25451804975182
72772,1050.0,1087.7909214190013,-37.79092141900128
72798,915.0,788.8184013612645,126.18159863873552
72807,893.0,877.6089397222993,15.391060277700717
72842,1200.0,1226.0601683550276,-26.0601683550276
72919,1370.0,1244.0059781529426,125.99402184705741
72931,1100.0,1237.4837244490013,-137.48372444900133
72935,728.0,701.699268171814,26.30073182818603
72947,560.0,718.8930368156603,-158.89303681566025
73050,810.0,936.0579741908641,-126.05797419086412
73077,1144.0,1206.725462042917,-62.72546204291689
73124,948.0,958.3617306892005,-10.361730689200499
73140,892.0,837.4137133132376,54.58628668676238
73146,1275.0,1297.3662762033703,-22.366276203370262
73186,981.0,967.2294617081355,13.770538291864455
73296,955.0,1204.0612564229727,-249.06125642297275
73307,1505.0,1300.5120558356066,204.4879441643934
73396,715.0,559.7727757784149,155.22722422158506
73541,995.0,1008.7455960676376,-13.74559606763762
73629,560.0,721.3211094106142,-161.3211094106142
73681,585.0,701.3635563483126,-116.36355634831261
73741,1170.0,1258.2558037840756,-88.25580378407562
73795,725.0,637.0152578950316,87.9847421049684
73804,1160.0,1178.5551608322473,-18.55516083224734
73847,1290.0,1120.655372349862,169.3446276501379
73891,1345.0,1091.1603029444,253.83969705560003
73966,950.0,739.450397898931,210.549602101069
74032,620.0,668.0774105578148,-48.0774105578148
74040,1190.0,1077.5567453089864,112.44325469101364
74063,1100.0,1223.776971620541,-123.77697162054096
74127,905.0,691.1609287187008,213.8390712812992
74129,1130.0,1047.507184734259,82.492815265741
74192,590.0,648.773703417482,-58.77370341748201
74193,1080.0,1276.3837794812232,-196.3837794812232
74209,940.0,1105.9700763712474,-165.9700763712474
74221,1005.0,1019.4662369383029,-14.466236938302927
74226,540.0,661.2186087926665,-121.21860879266649
74234,645.0,684.0463124542289,-39.04631245422888
74298,1020.0,731.1864366153161,288.8135633846839
74299,1158.0,1101.25318596284,56.74681403715999
74348,1335.0,1334.70250385216,0.2974961478400928
74377,535.0,665.7062274669344,-130.70622746693437
74391,1190.0,1127.1112044261142,62.88879557388577
74412,1315.0,1178.4855042346403,136.5144957653597
74424,730.0,750.4711401971853,-20.471140197185264
74449,1130.0,1191.426839440151,-61.42683944015107
74508,915.0,903.0293148634588,11.970685136541192
74551,1250.0,1245.2238671299676,4.77613287003237
74559,1179.0,1080.1228635596551,98.87713644034488
74617,1245.0,1077.9239863569246,167.07601364307538
74633,580.0,642.2305317232383,-62.2305317232383
74756,1080.0,1070.4526090310587,9.547390968941272
74757,615.0,670.8970334243935,-55.8970334243935
74779,1040.0,1295.2404132670308,-255.24041326703082
74811,1520.0,1269.5029786059783,250.49702139402166
74921,871.0,1011.2786646126333,-140.2786646126333
74933,1520.0,1321.812447094734,198.1875529052661
74960,875.0,860.0889127167661,14.911087283233883
75055,778.0,961.596742064312,-183.59674206431202
75061,985.0,1033.8360909624892,-48.83609096248915
75071,959.0,953.7653597404937,5.23464025950625
75148,1458.0,1127.6279943911602,330.3720056088398
75174,920.0,1013.0769720529701,-93.07697205297006
75314,508.0,646.2849680558078,-138.28496805580778
75327,1157.0,1162.0132746865356,-5.013274686535624
75397,442.0,577.7703174783156,-135.77031747831563
75403,926.0,952.9372695470377,-26.93726954703766
75484,970.0,1057.1772196341128,-87.17721963411282
75505,910.0,707.0535544884435,202.94644551155648
75529,705.0,716.313907758339,-11.313907758339042
75540,635.0,746.463985345092,-111.46398534509206
75600,733.0,721.3211094106142,11.678890589385787
75617,675.0,618.8356184233294,56.16438157667062
75663,660.0,696.5298893073702,-36.52988930737024
75687,605.0,679.6963809408649,-74.69638094086486
75695,675.0,719.8787988163435,-44.87879881634353
75727,805.0,716.790122664937,88.20987733506297
75760,710.0,688.8482742027744,21.151725797225595
75763,1120.0,1217.0827835006605,-97.08278350066053
75828,684.0,638.2813133945489,45.718686605451126
75916,1330.0,1164.494072751927,165.50592724807302
75958,675.0,600.4864271795751,74.51357282042488
75996,1090.0,1059.4463471027484,30.553652897251595
76017,910.0,1023.2164657700945,-113.21646577009449
76179,1091.0,959.1133286814968,131.8866713185032
76234,948.0,922.4132534434633,25.586746556536696
76239,1280.0,1149.5978457271087,130.40215427289127
76266,915.0,1217.1680337507803,-302.1680337507803
76501,815.0,709.6220510846155,105.37794891538454
76518,1045.0,1241.824874309727,-196.82487430972697
76564,1030.0,1002.4469399944041,27.553060005595853
76588,691.0,652.9410180908329,38.05898190916707
76642,960.0,1270.3195982742152,-310.3195982742152
76651,1323.0,1276.196208606114,46.80379139388606
76677,582.0,638.1182125289907,-56.11821252899074
76704,1190.0,1230.3472268823305,-40.34722688233046
76715,1245.0,1176.317684217129,68.682315782871
76777,595.0,687.0238028708784,-92.0238028708784
76859,735.0,578.6431577704234,156.3568422295766
76876,1150.0,1103.3522359977717,46.647764002228314
77066,890.0,742.949640264083,147.05035973591703
77106,1190.0,1168.6613637222415,21.338636277758496
77173,665.0,654.066050405842,10.93394959415798
77226,1180.0,1050.7776233559528,129.22237664404724
77390,525.0,542.1857369052153,-17.18573690521532
77408,740.0,798.8248402936168,-58.82484029361683
77419,575.0,614.0585758738208,-39.058575873820814
77459,1265.0,1202.5144491103424,62.48555088965759
77520,930.0,1185.5997721574295,-255.59977215742947
77563,570.0,578.2454838943787,-8.245483894378708
77618,1100.0,1036.6627286332243,63.33727136677567
77628,1160.0,1166.0661818806773,-6.066181880677277
77657,1430.0,1232.2676206056383,197.73237939436171
77684,1190.0,997.9584534052855,192.04154659471453
77700,1030.0,906.123398748046,123.87660125195396
77715,1145.0,1336.8475084390307,-191.84750843903066
77748,985.0,1131.417159141316,-146.417159141316
77761,613.0,624.3086628114467,-11.308662811446652
77832,1175.0,986.1932345480988,188.80676545190124
77911,950.0,969.2232664766722,-19.223266476672165
77923,1205.0,950.3821788591185,254.61782114088146
77956,860.0,888.5611896877602,-28.561189687760248
78048,804.0,1123.8029808718863,-319.80298087188635
78098,642.0,650.5046496779801,-8.504649677980069
78101,1100.0,1121.906033028623,-21.906033028622915
78200,1315.0,1177.3533934654124,137.6466065345876
78268,787.0,1068.205256392098,-281.2052563920979
78272,680.0,660.9725036133136,19.02749638668638
78391,926.0,929.6169210662417,-3.61692106624173
78401,1275.0,1343.8273669159892,-68.82736691598916
78448,793.0,1017.5960098936619,-224.59600989366186
78523,942.0,1109.9991182612546,-167.99911826125458
78553,1090.0,964.8578178521506,125.14218214784944
78570,867.0,690.5447768744182,176.45522312558182
78579,488.0,674.3963387156507,-186.3963387156507
78629,524.0,586.7354115611544,-62.735411561154365
78716,1295.0,1165.6452504991355,129.3547495008645
78772,1310.0,1254.1520970882084,55.84790291179161
78821,1290.0,1224.3400675568216,65.65993244317838
78838,555.0,618.5127968395934,-63.51279683959342
78855,1090.0,1111.7359607305061,-21.73596073050612
78879,920.0,960.6486880576143,-40.64868805761432
78885,1100.0,1093.6771271035745,6.3228728964254515
78896,745.0,1097.439072419941,-352.4390724199411
78919,1115.0,1038.0667405380113,76.93325946198865
78923,1250.0,1276.4731744507162,-26.473174450716215
78981,550.0,585.4319563492062,-35.43195634920619
78985,1265.0,1199.444516664018,65.55548333598199
78996,1080.0,1080.3648851653804,-0.3648851653804286
79011,980.0,1059.4794235851507,-79.4794235851507
79037,1130.0,1117.5761756375186,12.423824362481355
79052,720.0,712.4680852295957,7.531914770404342
79095,1045.0,1169.0080355066743,-124.00803550667433
79175,1130.0,1054.007080983436,75.99291901656397
79216,840.0,876.8124510978507,-36.812451097850726
79241,759.0,886.1212469303177,-127.12124693031774
79266,900.0,764.4158406968738,135.58415930312617
79285,565.0,676.7763953400068,-111.77639534000684
79343,770.0,795.5388107294831,-25.53881072948309
79387,720.0,633.6746694332936,86.32533056670638
79398,745.0,651.9597586676322,93.04024133236783
79439,1309.0,1217.1706430049692,91.82935699503082
79457,1050.0,1206.3136961277369,-156.31369612773688
79483,1135.0,1189.0336074286824,-54.033607428682444
79707,780.0,886.3099400479748,-106.3099400479748
79726,580.0,640.2388799170641,-60.23887991706408
79762,1020.0,865.5666917300479,154.43330826995214
79787,630.0,631.5317093120115,-1.5317093120114578
79817,465.0,640.2660824730818,-175.26608247308184
79843,1045.0,1112.750309669712,-67.7503096697119
79917,1113.0,1046.664649376039,66.33535062396095
79919,540.0,627.9929899893713,-87.99298998937127
79941,1170.0,1191.2775164996451,-21.277516499645117
79981,980.0,1108.5952582099344,-128.5952582099344
80026,670.0,729.6923785976315,-59.692378597631546
80061,795.0,989.8288570497954,-194.82885704979537
80066,765.0,856.1493077442079,-91.14930774420793
80097,1130.0,1071.1176346770849,58.88236532291512
80194,1080.0,1231.3496213847384,-151.34962138473838
80234,1390.0,1287.1779383649614,102.82206163503861
80327,1420.0,1262.692035802924,157.307964197076
80344,754.0,648.3488114120934,105.65118858790663
80400,555.0,645.5431224690172,-90.54312246901725
80605,1265.0,1210.3342832873989,54.665716712601125
80635,765.0,645.7756566317121,119.22434336828792
80722,1204.0,1168.6650223909867,35.33497760901332
80850,954.0,1216.48846268906,-262.48846268906004
80856,630.0,661.761810515246,-31.761810515245998
80934,1115.0,1164.6542883222642,-49.654288322264165
80964,965.0,1011.6689954820258,-46.66899548202582
81072,1036.0,1155.0412503870184,-119.04125038701841
81101,1020.0,1086.9088637826017,-66.90886378260166
81134,735.0,486.5534454438132,248.4465545561868
81175,655.0,741.8974866960588,-86.89748669605876
81194,1220.0,1156.0475179205491,63.952482079450874
81209,1352.0,1037.8773590599794,314.1226409400206
81234,705.0,726.3341683415485,-21.334168341548548
81361,1030.0,1043.2176534303821,-13.217653430382143
81380,630.0,569.7479456505864,60.252054349413584
81416,645.0,666.4598633767108,-21.459863376710814
81444,1180.0,1084.6825375596563,95.31746244034366
81445,1445.0,1097.2604954446485,347.73950455535146
81616,1515.0,1120.65460947233,394.3453905276699
81643,1003.0,1204.2845514621554,-201.28455146215538
81711,1420.0,1223.3755597972652,196.62444020273483
81743,1543.0,1211.1312764022084,331.8687235977916
81814,710.0,654.2462945257331,55.753705474266894
81815,1400.0,1241.3837137998541,158.61628620014585
81935,720.0,648.300666963201,71.69933303679898
81993,1115.0,990.6591692261701,124.34083077382991
82023,1020.0,1151.7074269340442,-131.70742693404418
82086,1015.0,926.5625343796382,88.43746562036176
82119,1275.0,1001.7368562840807,273.26314371591934
82196,612.0,576.5191968032734,35.48080319672658
82239,1225.0,1170.6243681373433,54.375631862656746
82245,1045.0,1224.6211180829728,-179.62111808297277
82309,1010.0,1212.936693169136,-202.9366931691361
82317,665.0,619.5445984344058,45.45540156559423
82425,1280.0,1221.5725485237338,58.42745147626624
82432,784.0,655.2284189431695,128.77158105683054
82483,1395.0,1229.9363887283153,165.06361127168475
82497,1130.0,920.4137221995092,209.58627780049085
82523,875.0,1180.1714113078706,-305.1714113078706
82628,1315.0,1158.3387825675698,156.66121743243025
82638,920.0,773.2043004982601,146.79569950173993
82642,1640.0,1214.4546274552245,425.54537254477555
82708,430.0,628.6520821793705,-198.6520821793705
82761,1210.0,1227.0825082348767,-17.08250823487674
82817,1275.0,1015.006347481738,259.993652518262
82818,1705.0,1294.0188599117325,410.98114008826747
82879,985.0,1114.135935319883,-129.13593531988295
82922,1195.0,1188.424295597034,6.575704402966039
82941,1300.0,1132.8994596717416,167.10054032825838
82961,1183.0,1113.9593814246239,69.04061857537613
83020,995.0,1099.0764728715812,-104.07647287158125
83254,1555.0,1330.855965404323,224.1440345956771
83333,1165.0,1064.2195064076766,100.78049359232341
83439,670.0,631.2553678479246,38.74463215207538
83601,1020.0,1400.9772243939897,-380.9772243939897
83607,1036.0,945.1669152431109,90.8330847568891
83802,1350.0,1209.6861691428655,140.31383085713446
83883,779.0,812.5161917153144,-33.51619171531445
83987,1014.0,893.1104501482716,120.88954985172836
83994,711.0,766.1495325835615,-55.149532583561495
84022,1110.0,1191.1267062749796,-81.1267062749796
84282,1407.0,1276.89774517492,130.10225482508008
84384,1535.0,1164.112874070112,370.88712592988804
84554,1245.0,1192.3961218450181,52.603878154981885
84688,1566.0,1222.3809855424377,343.61901445756234
84788,1040.0,1032.6144276387788,7.385572361221193
84850,1285.0,1040.6181292091926,244.3818707908074
84899,1460.0,1342.9646568353749,117.03534316462515
84908,1080.0,967.2655652375527,112.73443476244734
84914,1056.0,848.7671493796754,207.2328506203246
85101,1345.0,1173.7070648677611,171.29293513223888
85175,1250.0,1156.5403197358553,93.45968026414471
85230,1160.0,1199.9209171539849,-39.920917153984874
85262,1075.0,976.2452523226606,98.75474767733942
85431,1330.0,1208.0791810103765,121.92081898962351
85507,1548.0,1184.141606599778,363.858393400222
85548,1215.0,1234.7324626890409,-19.732462689040858
85778,790.0,739.6953868411332,50.3046131588668
85903,1125.0,991.7651725494018,133.23482745059823
85979,741.0,647.4394385575579,93.56056144244212
86049,870.0,878.6486881179312,-8.648688117931215
86110,1020.0,1017.0446474607202,2.955352539279829
86155,1105.0,1014.4279106983329,90.57208930166712
86225,1290.0,1052.1876015041764,237.81239849582357
86255,1150.0,1285.548223843046,-135.5482238430459
86261,1405.0,1234.1978660156674,170.8021339843326
86285,1330.0,1251.8926272164742,78.10737278352576
86297,1260.0,1297.26229446325,-37.2622944632501
86337,1110.0,1175.4344833120335,-65.43448331203354
86431,985.0,678.6162645871665,306.3837354128335
86435,660.0,739.672593238969,-79.67259323896894
86443,1440.0,1172.3724989166979,267.62750108330215
86485,945.0,1130.141725858201,-185.14172585820097
86620,1480.0,1346.9685491507785,133.03145084922153
86638,1025.0,1075.8863013747853,-50.88630137478526
86722,745.0,718.1516552412885,26.848344758711505
86736,1285.0,1263.5998020101897,21.400197989810295
86738,1310.0,1125.9670797193055,184.0329202806945
86828,430.0,632.3747451895343,-202.37474518953434
86877,1595.0,1242.801328454244,352.19867154575604
86895,1120.0,1271.7900195684535,-151.79001956845354
86906,645.0,648.9758702153598,-3.975870215359805
86922,665.0,762.2194746797811,-97.21947467978111
86975,1285.0,1274.526132196167,10.473867803832945
86987,1197.0,1053.479343795145,143.52065620485496
87000,1385.0,1139.8937507474059,245.10624925259413
87053,720.0,636.1847322991555,83.81526770084452
87073,545.0,608.3561846552525,-63.35618465525249
87102,911.0,762.71426409489,148.28573590510996
87105,776.0,748.7443026173395,27.255697382660514
87121,1310.0,1156.6560120940183,153.34398790598175
87136,921.0,658.6002761680929,262.39972383190707
87138,740.0,625.9586472709274,114.04135272907263
87177,625.0,617.3887484566402,7.611251543359799
87267,660.0,724.0739844312415,-64.07398443124146
87270,1040.0,1079.5757748680967,-39.57577486809669
87285,650.0,616.3064692752937,33.69353072470631
87386,1030.0,980.8359248879685,49.16407511203147
87394,680.0,831.3473421283887,-151.34734212838873
87404,995.0,1081.5318940275079,-86.53189402750786
87424,790.0,1045.0828496080042,-255.08284960800415
87450,1325.0,1210.3330031010544,114.66699689894563
87454,940.0,1023.537233264294,-83.53723326429395
87546,1210.0,1101.4993568181396,108.50064318186037
87558,1100.0,1115.0970804063015,-15.09708040630153
87586,1270.0,1048.644931974904,221.355068025096
87612,995.0,785.7166015127709,209.28339848722908
87629,1375.0,1314.606295789019,60.393704210981014
87671,765.0,773.1273324271232,-8.127332427123179
87698,900.0,1121.415882051585,-221.41588205158496
87707,1609.0,1259.4381300878701,349.56186991212985
87715,1190.0,1185.7204211267406,4.279578873259425
87798,1030.0,1281.1248581479297,-251.12485814792967
87830,1465.0,1025.9616924249303,439.03830757506967
87840,1395.0,1145.2391477219871,249.76085227801286
87871,665.0,683.1162807590875,-18.116280759087545
87880,1245.0,1289.6129404618894,-44.612940461889366
87886,790.0,676.7679252621072,113.23207473789284
87913,1130.0,1175.6970136626212,-45.6970136626212
87914,1235.0,1166.6672389250084,68.3327610749916
87951,917.0,780.8837441793918,136.11625582060822
87956,1185.0,1081.8707303432977,103.12926965670226
88302,1184.0,1114.624567876548,69.3754321234519
88327,735.0,756.9099756311088,-21.90997563110875
88344,680.0,626.8075601519162,53.192439848083836
88421,950.0,925.5660579037498,24.433942096250234
88429,930.0,1094.3689116473734,-164.36891164737335
88437,948.0,734.4248566100199,213.5751433899801
88493,840.0,1132.7605410178594,-292.7605410178594
88501,775.0,657.2598707395388,117.74012926046123
88516,1250.0,1245.0939529624063,4.90604703759368
88598,1235.0,1157.7115044111383,77.28849558886168
88620,1180.0,1127.1057061518202,52.894293848179814
88622,696.0,583.2182515885096,112.78174841149041
88681,985.0,1029.1484890707404,-44.148489070740425
88701,593.0,710.903589180413,-117.90358918041295
88720,1160.0,1133.1971813027071,26.802818697292878
88765,1456.0,1290.2153224923195,165.7846775076805
88776,1355.0,1172.894003361153,182.10599663884705
88828,1327.0,1338.2050774294823,-11.205077429482344
88872,710.0,646.9705973345103,63.02940266548967
88886,1255.0,1081.8454184340344,173.1545815659656
88912,470.0,476.30410010650183,-6.304100106501835
88915,890.0,913.5961175248766,-23.596117524876604
88917,1224.0,1101.0332168006169,122.96678319938314
88926,699.0,622.9670870058648,76.03291299413524
88958,711.0,671.724677921198,39.27532207880199
89012,1375.0,1202.605026072908,172.394973927092
89044,930.0,1067.6571881947339,-137.65718819473386
89066,1275.0,1109.4973755704693,165.50262442953067
89086,865.0,677.5246351421005,187.47536485789954
89118,1265.0,1222.333764788317,42.66623521168299
89125,650.0,692.6118108012159,-42.61181080121594
89141,902.0,1071.150566686987,-169.15056668698708
89157,755.0,758.7505333299127,-3.7505333299127415
89308,720.0,713.5013051819553,6.498694818044669
89323,1140.0,1268.2883663866126,-128.28836638661255
89324,1425.0,1207.9447784225279,217.05522157747214
89374,1335.0,1204.99617692901,130.00382307098994
89390,1195.0,994.1424846761528,200.85751532384722
89402,750.0,891.9071909092522,-141.90719090925222
89434,1100.0,1162.9100692105455,-62.910069210545544
89512,813.0,716.3022653558705,96.69773464412947
89513,1170.0,1072.5923763522712,97.40762364772877
89521,1310.0,1181.5828521091128,128.41714789088724
89575,630.0,635.1411327711851,-5.1411327711850845
89588,750.0,631.3156190470055,118.6843809529945
89594,1355.0,1213.846563855438,141.15343614456197
89597,1100.0,1042.3286732525244,57.67132674747563
89604,1140.0,1000.4016106339154,139.59838936608458
89653,720.0,692.6224202305132,27.37757976948683
89660,705.0,660.4419423722968,44.55805762770319
89752,1060.0,659.6408722628753,400.3591277371247
89833,995.0,1019.0706327049897,-24.070632704989748
89836,1075.0,1137.1871828777853,-62.18718287778529
89898,1300.0,1143.0954564643284,156.90454353567156
89943,870.0,761.1281113627235,108.87188863727647
89965,800.0,700.8251003564108,99.17489964358924
90069,910.0,1044.6242933367382,-134.62429333673822
90208,846.0,659.7593784489048,186.24062155109516
90263,735.0,778.3010474437677,-43.30104744376774
90269,1040.0,1261.3129824388163,-221.31298243881633
90323,887.0,955.8220969792197,-68.82209697921974
90355,1356.0,1145.0606659351524,210.93933406484757
90393,1185.0,1116.8853574498503,68.11464255014971
90425,900.0,949.9493189873492,-49.949318987349216
90444,1035.0,778.7336858250303,256.2663141749697
90480,785.0,638.0385810370645,146.96141896293545
90484,950.0,1254.5659875085655,-304.5659875085655
90565,840.0,775.0543128360911,64.94568716390893
90569,530.0,775.4652132259638,-245.4652132259638
90580,1100.0,914.1758720469757,185.82412795302434
90740,695.0,582.6197556118409,112.3802443881591
90853,1445.0,1354.1405346196257,90.85946538037433
90916,671.0,722.5134040337578,-51.51340403375775
90925,1240.0,1227.4884144780763,12.511585521923735
90944,1275.0,1194.039622447015,80.96037755298494
91023,750.0,668.909182803256,81.09081719674396
91069,1370.0,1168.7811760937905,201.21882390620954
91192,1160.0,1271.6771369482942,-111.67713694829422
91284,790.0,1063.2223003271379,-273.2223003271379
91361,985.0,1018.7420355349022,-33.74203553490224
91387,1114.0,1077.4870457379309,36.512954262069115
91395,815.0,977.4259767259048,-162.42597672590477
91541,1150.0,1040.3588039442272,109.64119605577275
91545,1455.0,1198.960113100341,256.039886899659
91616,1155.0,1324.1747303495022,-169.17473034950217
91628,1395.0,1238.021571245868,156.97842875413198
91655,893.0,682.66415419194,210.33584580805996
91714,1125.0,1024.508289573917,100.49171042608305
91781,1760.0,1309.768954146118,450.23104585388205
91828,1312.0,1092.494931203862,219.50506879613795
91856,1090.0,1142.7770436793521,-52.77704367935212
91870,1415.0,1147.3938234772936,267.6061765227064
91875,1070.0,1111.1414113677858,-41.14141136778585
91906,1515.0,1184.314814328815,330.6851856711851
91909,827.0,597.4244172546599,229.57558274534006
91980,1115.0,1068.3392016404223,46.66079835957771
91999,1065.0,1345.4410865978116,-280.4410865978116
92004,1385.0,1328.9289560807656,56.0710439192344
92013,1369.0,1153.7239045719139,215.27609542808614
92084,1113.0,871.5780405568117,241.42195944318826
92091,1387.0,1217.0001310073249,169.99986899267515
92152,965.0,976.0509995842149,-11.050999584214878
92193,793.0,1120.8037575305252,-327.8037575305252
92243,1070.0,960.3434622523437,109.65653774765633
92287,825.0,818.9905975068472,6.009402493152834
92294,1411.0,1123.668511904763,287.3314880952371
92318,1081.0,959.8415115939575,121.15848840604247
92399,1095.0,940.9257188568256,154.0742811431744
92417,1070.0,1221.4339825778577,-151.4339825778577
92460,1149.0,988.0588905103441,160.9411094896559
92463,1310.0,1143.5156338781233,166.48436612187675
92488,859.0,910.528120034282,-51.52812003428198
92517,995.0,1051.8312824506888,-56.83128245068883
92549,1180.0,1078.6930036439808,101.30699635601923
92553,1110.0,1240.1585120695772,-130.15851206957723
92614,1345.0,1207.209304475195,137.79069552480496
92621,745.0,714.0426669089575,30.95733309104253
92644,1200.0,1053.985186541907,146.01481345809293
92669,840.0,943.3371150186757,-103.33711501867572
92678,776.0,670.4873021377263,105.51269786227374
92770,1180.0,1155.6046059675484,24.395394032451577
92785,650.0,716.1161361751335,-66.11613617513353
92862,1310.0,1083.806557667091,226.19344233290894
92871,1213.0,1128.2465891749268,84.75341082507316
92900,825.0,635.4522014464378,189.5477985535622
92904,1344.0,1083.08059914374,260.9194008562599
93001,1239.0,1143.1436309122955,95.85636908770448
93071,991.0,779.7199806881976,211.28001931180245
93089,1230.0,1225.602333903307,4.397666096693001
93099,1210.0,1297.7722519373676,-87.77225193736763
93141,1250.0,1048.1674119340466,201.83258806595336
93188,1420.0,1115.8443365990645,304.1556634009355
93192,1047.0,1091.6693933660763,-44.66939336607629
93193,650.0,743.6372272184699,-93.63722721846989
93244,985.0,933.5152334012456,51.48476659875439
93254,965.0,1043.428625797281,-78.42862579728103
93274,1170.0,1105.9182647385064,64.08173526149358
93358,1460.0,1121.4312608717514,338.5687391282486
93414,1028.0,1051.1920026112712,-23.192002611271164
93432,975.0,1019.9574070366839,-44.95740703668389
93438,1149.0,1140.5763829640541,8.423617035945881
93530,1050.0,1087.2405892983024,-37.24058929830244
93549,835.0,1127.4042901394605,-292.4042901394605
93550,1070.0,1126.7101106435107,-56.71011064351069
93563,1150.0,1071.260346212744,78.73965378725597
93588,875.0,708.725578254026,166.274421745974
93597,1375.0,1282.4204105157148,92.57958948428518
93621,1258.0,1059.146476835546,198.85352316445392
93635,785.0,695.2068004153076,89.79319958469239
93647,874.0,1078.2039477462001,-204.20394774620013
93677,1257.0,1020.446734989736,236.553265010264
93717,1080.0,1205.546513243398,-125.54651324339807
93751,840.0,984.0168930580246,-144.0168930580246
93758,1030.0,1004.0468780740224,25.953121925977598
93779,1400.0,1309.1584114436641,90.84158855633586
93885,1230.0,1232.949033182895,-2.9490331828949365
93893,1335.0,1177.856982188169,157.143017811831
93894,1400.0,1153.9362592245109,246.06374077548912
93931,1080.0,1108.122942570265,-28.122942570264968
93977,1270.0,1327.280843822887,-57.280843822886936
93999,1345.0,1162.1031954046941,182.89680459530587
94014,882.0,1026.275638607223,-144.27563860722307
94025,995.0,904.5760484616844,90.42395153831558
94116,740.0,726.2007368115746,13.799263188425357
94163,1155.0,1072.6253245638397,82.37467543616026
94187,1020.0,1226.7676371241084,-206.76763712410843
94251,625.0,753.0262195741118,-128.0262195741118
94257,1385.0,1138.3018153687026,246.6981846312974
94366,1085.0,1161.7934881893873,-76.79348818938729
94377,1188.0,1171.8357066517406,16.164293348259434
94391,1235.0,1077.7048921257415,157.29510787425852
94411,1240.0,1343.1674538429058,-103.16745384290584
94431,1468.0,1332.0868808632306,135.9131191367694
94466,1115.0,1023.3862991334641,91.61370086653585
94472,955.0,1052.2888773755553,-97.28887737555533
94474,1070.0,987.0278060546277,82.97219394537228
94503,775.0,1036.1383582913288,-261.1383582913288
94530,915.0,1090.1027823635914,-175.10278236359136
94560,1335.0,1292.2891371415787,42.71086285842125
94581,1306.0,1046.6991350344679,259.3008649655321
94582,1147.0,1051.1821316922349,95.81786830776514
94626,1130.0,1061.7721830147536,68.22781698524636
94632,1030.0,869.6148370314754,160.38516296852458
94649,1030.0,960.2104398021401,69.78956019785994
94681,1202.0,1148.6503158809983,53.34968411900172
94809,1284.0,1173.732293876271,110.26770612372911
94812,795.0,690.0074459034441,104.99255409655586
94813,905.0,957.4760704273028,-52.47607042730283
94815,1545.0,1325.777999151026,219.22200084897395
94821,875.0,1216.415855050141,-341.4158550501411
94840,1020.0,1010.1594269141557,9.840573085844312
94866,655.0,676.5956215891913,-21.595621589191296
94902,1135.0,983.1121932642426,151.8878067357574
94927,1351.0,1194.7367889130487,156.2632110869513
94960,1263.0,1095.845923000158,167.1540769998419
95034,920.0,1222.943575765123,-302.9435757651229
95062,1280.0,1092.5240702454194,187.47592975458065
95063,1190.0,1156.8869569336705,33.11304306632951
95072,1400.0,1139.7458458793246,260.25415412067537
95081,1456.0,1251.4290391533525,204.5709608466475
95118,1155.0,1352.5810606959076,-197.58106069590758
95127,1350.0,1182.7598939515237,167.24010604847626
95137,965.0,770.7472813437981,194.25271865620186
95145,1409.0,1350.3367312674,58.663268732600045
95158,680.0,620.902073166049,59.097926833950964
95161,700.0,711.6831403488125,-11.683140348812458
95172,1014.0,1050.7278234591352,-36.72782345913515
95211,1210.0,1062.529478209959,147.47052179004095
95226,801.0,661.9993521058511,139.00064789414887
95227,1130.0,1095.506332064933,34.493667935066924
95243,1191.0,1040.8991924873771,150.10080751262285
95251,1303.0,1271.9109424780902,31.089057521909808
95259,1405.0,1225.3086766223723,179.69132337762767
95316,1179.0,1221.4757961048754,-42.47579610487537
95327,1080.0,1014.9755287126043,65.02447128739573
95350,861.0,683.091184651076,177.908815348924
95357,1415.0,1214.9697414342234,200.03025856577665
95385,505.0,588.2911829250118,-83.29118292501175
95448,1140.0,1290.670311672655,-150.6703116726551
95472,815.0,675.3291106056408,139.67088939435916
95485,970.0,937.0918841866379,32.90811581336209
95506,1160.0,1170.4288117795352,-10.428811779535181
95542,1155.0,1166.8999683764036,-11.899968376403649
95560,675.0,651.9958827993714,23.00411720062857
95572,810.0,685.8315146739195,124.16848532608049
95593,1180.0,952.8330350697908,227.16696493020925
95597,1430.0,1219.2715076472696,210.72849235273043
95611,1095.0,1020.2562361500187,74.74376384998129
95635,780.0,647.2970035333649,132.7029964666351
95665,1185.0,966.8261755298593,218.17382447014074
95686,1290.0,1184.2234904376724,105.77650956232765
95700,1110.0,1170.1371060997674,-60.13710609976738
95715,490.0,862.5727262667469,-372.57272626674694
95727,1020.0,1032.8857464864566,-12.885746486456583
95730,1098.0,983.1533177514481,114.84668224855193
95738,1450.0,1327.545790317757,122.45420968224289
95750,1170.0,1054.4055206425226,115.59447935747744
95758,1120.0,1094.9388335980532,25.06116640194682
95803,850.0,1024.1366282216272,-174.13662822162723
95829,1335.0,1202.5576732455168,132.44232675448325
95856,1240.0,1044.1288900163017,195.87110998369826
95866,770.0,706.2442215483032,63.755778451696756
95886,1289.0,1201.7586075552872,87.2413924447128
95892,1763.0,1156.2378477240181,606.7621522759819
95903,715.0,641.6359382308816,73.3640617691184
95909,1085.0,1036.4895306299884,48.510469370011606
95916,1205.0,1237.1751408243297,-32.175140824329674
95944,725.0,726.2590089623543,-1.2590089623543008
95946,635.0,796.6970602879405,-161.69706028794053
95947,760.0,665.3695673538346,94.63043264616545
95954,1185.0,1159.5738368697826,25.426163130217446
95958,789.0,634.3822505826935,154.61774941730653
95959,1275.0,1172.0134939506925,102.98650604930754
95962,1301.0,1236.1488399115046,64.85116008849536
95963,1411.0,1243.9804876415005,167.01951235849947
95964,925.0,1103.5568531113893,-178.55685311138927
95976,980.0,818.5992940004982,161.40070599950184
95981,1110.0,1227.6043770730917,-117.60437707309165
95983,678.0,677.4531650796744,0.5468349203256366
95997,1102.0,938.004263968778,163.995736031222
95999,1110.0,714.8313547291931,395.1686452708069
96004,1230.0,1092.0858678517088,137.91413214829117
96006,1345.0,1300.200838457219,44.799161542780894
96038,600.0,694.0225574071729,-94.02255740717294
96040,850.0,1007.1323893744958,-157.1323893744958
96049,1210.0,1270.6206956462254,-60.620695646225386
96102,1365.0,1068.7325277478349,296.26747225216513
96114,995.0,711.7337880799785,283.26621192002153
96123,830.0,1336.1422149777463,-506.14221497774633
96131,1195.0,1376.5700304610798,-181.5700304610798
96133,965.0,1123.5547320811754,-158.55473208117542
96158,1213.0,1303.1480536548597,-90.14805365485972
96160,1190.0,1238.681532446205,-48.68153244620498
96161,1334.0,1132.2121625332861,201.78783746671388
96167,1070.0,1143.7000679804482,-73.70006798044824
96205,1262.0,1028.9284611732276,233.07153882677244
96213,573.0,679.6963809408649,-106.69638094086486
96222,1235.0,1294.4374760413411,-59.43747604134114
96232,1334.0,1202.628847809785,131.37115219021507
96280,1065.0,1182.6357012709516,-117.63570127095159
96286,1460.0,960.6804239048929,499.3195760951071
96305,1285.0,1230.5469344489031,54.45306555109687
96310,1750.0,1289.5620190875234,460.43798091247663
96379,1390.0,1175.0255387478014,214.97446125219858
96408,971.0,699.8221075768819,271.1778924231181
96447,585.0,707.6034554158915,-122.60345541589152
96457,1127.0,1092.0850677309083,34.91493226909165
96545,1020.0,1019.4860364002637,0.5139635997362575
96554,1190.0,1165.3805454840974,24.61945451590259
96558,1045.0,1135.0476028248436,-90.04760282484358
96563,1295.0,1262.8970653674153,32.10293463258472
96582,1197.0,1164.309904089329,32.69009591067106
96612,721.0,610.2021668262646,110.7978331737354
96626,1534.0,1257.0138078872562,276.98619211274377
96643,1265.0,1058.6040942145007,206.39590578549928
96646,1047.0,1059.0339628876834,-12.033962887683401
96674,1452.0,1208.174229383329,243.82577061667098
96677,1050.0,1076.2790253369142,-26.279025336914174
96690,835.0,606.8121159145849,228.18788408541513
96700,1137.0,1253.6425108884691,-116.64251088846913
96737,1315.0,1152.1318028036135,162.86819719638652
96744,760.0,704.2047518613728,55.795248138627244
96783,838.0,610.2113391577259,227.7886608422741
96788,1372.0,1166.7971656104153,205.20283438958472
96792,838.0,989.8304518696139,-151.83045186961385
96803,560.0,651.713714590699,-91.71371459069906
96805,790.0,586.6773795535405,203.3226204464595
96816,873.0,748.7443026173395,124.25569738266051
96847,770.0,728.8256234806967,41.17437651930334
96856,1170.0,990.0457147185368,179.95428528146317
96860,793.0,735.9538613646727,57.04613863532734
96867,1010.0,1031.368573446701,-21.36857344670102
96894,1310.0,1191.681885767507,118.31811423249292
96899,1298.0,1241.312117295496,56.68788270450409
96918,1060.0,932.80616365975,127.19383634024996
96924,1240.0,1218.910251764185,21.089748235815023
96982,1150.0,1054.2395703824632,95.76042961753683
96986,1466.0,1150.7484672601456,315.2515327398544
96993,1090.0,1048.71402687937,41.28597312062993
96999,1240.0,1209.6569702003408,30.343029799659234
97000,1570.0,1272.0199076832762,297.9800923167238
97001,1191.0,1269.724461300189,-78.72446130018898
97007,1208.0,1059.0696006345638,148.9303993654362
97027,520.0,718.9440400378234,-198.94404003782336
97034,990.0,1130.5238983975264,-140.5238983975264
97040,1470.0,1264.2203350637,205.77966493629992
97043,1300.0,1291.454965517061,8.545034482938945
97074,640.0,631.0984765879068,8.901523412093184
97082,1150.0,984.2765734170068,165.72342658299317
97108,1110.0,1351.7888915029694,-241.78889150296936
97119,870.0,1026.455403916903,-156.45540391690292
97158,1036.0,1055.3027853614317,-19.302785361431688
97159,970.0,991.707229350177,-21.707229350177045
97169,920.0,906.2934758725885,13.706524127411512
97208,1356.0,1183.1024319432834,172.89756805671664
97219,1455.0,1132.168303450254,322.8316965497461
97251,1478.0,1204.5999782941176,273.4000217058824
97252,621.0,1325.8740070445772,-704.8740070445772
97265,720.0,716.3827655587323,3.6172344412676694
97272,1310.0,1126.1777617818955,183.82223821810453
97279,1063.0,1061.837072361125,1.1629276388750895
97327,1003.0,1062.5272029725572,-59.527202972557234
97333,885.0,1000.4318307065145,-115.43183070651446
97360,865.0,1038.0716116847848,-173.07161168478478
97362,990.0,955.375145046873,34.624854953127056
97372,1195.0,958.2997174728176,236.70028252718237
97403,1345.0,1270.9190379586782,74.08096204132175
97415,887.0,1012.437452749141,-125.43745274914102
97469,870.0,979.3569985180366,-109.35699851803656
97489,1530.0,1294.132314674927,235.8676853250729
97492,1150.0,1184.314814328815,-34.31481432881492
97505,687.0,507.3582778700629,179.64172212993708
97543,1290.0,1336.1225208242295,-46.12252082422947
97550,1197.0,1143.9171678881964,53.082832111803555
97568,1010.0,1309.5279200532427,-299.5279200532427
97575,1550.0,1264.1819719194675,285.8180280805325
97600,1598.0,925.9971408374937,672.0028591625063
97622,1555.0,1303.2640537429033,251.73594625709666
97628,887.0,1002.0073916259739,-115.00739162597392
97634,600.0,678.9115640336374,-78.91156403363743
97635,732.0,976.9158095257098,-244.91580952570985
97644,1102.0,975.2246986838156,126.77530131618437
97669,745.0,771.1113511195463,-26.11135111954627
97686,915.0,807.9191361388864,107.08086386111358
97693,535.0,637.6404354941885,-102.64043549418852
97710,1020.0,969.2518079838645,50.74819201613548
97716,1450.0,1310.4967070821363,139.50329291786375
97724,1045.0,1012.5421954492354,32.45780455076465
97725,1275.0,1180.8662175531124,94.13378244688761
97744,1495.0,1247.4395361437912,247.5604638562088
97769,1191.0,1033.0846799737515,157.91532002624854
97772,1206.0,952.3403605690667,253.65963943093334
97774,730.0,682.9170454842834,47.08295451571655
97779,865.0,627.1927862176444,237.80721378235557
97781,1120.0,1064.6621589258898,55.3378410741102
97785,1155.0,1288.9688885109224,-133.9688885109224
97817,775.0,679.2268553262202,95.77314467377983
97830,727.0,822.0861167671351,-95.08611676713508
97835,700.0,677.0864330079254,22.913566992074607
97845,660.0,842.5539291790083,-182.55392917900826
97851,730.0,746.6196551894027,-16.619655189402692
97852,1325.0,1114.61133148529,210.38866851470993
97861,1438.0,1184.575571788207,253.42442821179293
97869,1170.0,1306.987610650842,-136.98761065084204
97907,1080.0,1113.450644776448,-33.450644776447916
97932,1091.0,1140.7512842877643,-49.75128428776429
97969,1118.0,1020.393826797386,97.60617320261395
98004,1084.0,1073.2174356260568,10.78256437394316
98013,1036.0,1148.230842255302,-112.23084225530192
98019,1164.0,1094.9310555224974,69.06894447750255
98020,1495.0,1081.9123186378122,413.0876813621878
98023,625.0,737.1177433731623,-112.11774337316228
98024,1350.0,1287.3898709362275,62.61012906377255
98027,610.0,603.0298491111885,6.970150888811531
98034,1460.0,1262.8116641505424,197.18833584945764
98038,1280.0,1178.1677989391007,101.83220106089925
98094,1170.0,1127.8294379255071,42.170562074492864
98097,1019.0,910.1834119914672,108.81658800853279
98103,1168.0,1260.3171265597482,-92.3171265597482
98120,840.0,762.7457915947535,77.25420840524646
98145,870.0,965.0321490345116,-95.03214903451158
98155,1400.0,1273.885248790418,126.11475120958198
98162,1050.0,1169.5691584075473,-119.56915840754732
98190,770.0,718.8956040436609,51.10439595633909
98268,992.0,1179.768743253483,-187.76874325348308
98270,1102.0,1088.3035353062073,13.696464693792677
98272,1113.0,1031.1283914170253,81.87160858297466
98298,635.0,698.2764206571577,-63.2764206571577
98301,930.0,1054.8112214201112,-124.81122142011122
98304,960.0,1124.9801671512625,-164.98016715126255
98309,670.0,587.3903872289915,82.60961277100853
98319,1100.0,1112.1341802070986,-12.134180207098552
98321,766.0,950.1449185823399,-184.14491858233987
98335,954.0,1070.105409837211,-116.10540983721103
98350,1405.0,1173.8809722281082,231.11902777189175
98363,975.0,1129.168736657327,-154.16873665732692
98365,826.0,1024.3145101594837,-198.3145101594837
98407,1255.0,980.4470669644397,274.5529330355603
98440,1341.0,1102.236751115676,238.76324888432396
98454,1565.0,1296.2798536947143,268.72014630528565
98481,977.0,662.6223466850743,314.37765331492574
98492,1279.0,1317.3538716852313,-38.3538716852313
98501,850.0,997.0763261557423,-147.07632615574232
98545,1325.0,1182.3240022184455,142.67599778155454
98575,775.0,1070.3268875110914,-295.3268875110914
98577,1070.0,1100.780991327738,-30.780991327738093
98581,905.0,1008.5102982211502,-103.51029822115015
98599,953.0,1066.0833725513396,-113.08337255133961
98623,550.0,622.3878464328028,-72.3878464328028
98624,1343.0,1284.0210407773368,58.97895922266321
98630,1282.0,1156.0793509278676,125.92064907213239
98636,1370.0,1117.511356626118,252.48864337388204
98641,1030.0,953.3476056524642,76.65239434753585
98645,800.0,660.00837977223,139.99162022777
98661,1010.0,957.3725677666621,52.62743223333791
98667,1360.0,1144.5024283012392,215.4975716987608
98676,1165.0,1092.0885875886815,72.91141241131845
98678,1090.0,1274.7298344617616,-184.72983446176158
98686,1435.0,1185.0565703571165,249.94342964288353
98688,1075.0,1003.213375251585,71.78662474841497
98692,915.0,768.5971743980242,146.4028256019758
98696,917.0,954.7018743386247,-37.70187433862475
98710,1260.0,1210.307041028322,49.69295897167808
98729,890.0,1011.4756235648315,-121.4756235648315
98735,1440.0,1201.2556943651068,238.74430563489318
98737,1231.0,1071.633645643602,159.366354356398
98753,1110.0,1194.5873736935666,-84.58737369356663
98766,1315.0,1215.331052814762,99.66894718523804
98770,620.0,699.5580965473526,-79.55809654735265
98784,525.0,626.7040238862355,-101.70402388623552
98818,1275.0,1176.5786260883317,98.4213739116683
98841,565.0,679.1953448805583,-114.19534488055831
98853,1115.0,1054.73093667029,60.26906332970998
98864,710.0,744.119292083405,-34.11929208340496
98879,995.0,761.9656139766292,233.03438602337076
98888,775.0,709.1561706349198,65.84382936508018
98895,1360.0,1220.7469375436692,139.25306245633078
98921,1098.0,1016.0790005672156,81.92099943278436
98946,1220.0,906.9118080553244,313.0881919446756
98947,1395.0,1134.8225699322593,260.1774300677407
98955,1310.0,1061.809664954189,248.19033504581103
98960,1555.0,1166.70890432779,388.2910956722101
99053,1340.0,1095.198705598371,244.8012944016291
99069,1021.0,1131.5190296603691,-110.51902966036914
99116,1008.0,1037.27203893334,-29.2720389333399
99118,1575.0,1342.5179202039026,232.48207979609742
99121,1230.0,968.665126712048,261.33487328795195
99164,950.0,727.0042430528614,222.9957569471386
99245,1195.0,943.5599497630152,251.4400502369848
99246,1003.0,1099.6735074401067,-96.67350744010673
99249,1090.0,1003.1428085859164,86.85719141408356
99325,1010.0,1090.823174413715,-80.82317441371492
99334,1452.0,1225.6054498828994,226.3945501171006
99385,1300.0,1223.8218790734904,76.17812092650956
99401,1225.0,1015.2720533422214,209.7279466577786
99403,1565.0,1257.8184615491723,307.1815384508277
99484,820.0,752.4663977530419,67.53360224695814
99488,1345.0,1284.3958704757672,60.6041295242328
99490,1065.0,1101.0267279126301,-36.02672791263012
99508,1178.0,993.6983146977541,184.30168530224591
99523,1300.0,1279.1388533906104,20.861146609389607
99532,745.0,1090.8816395008175,-345.8816395008175
99565,1090.0,1157.2393888751226,-67.23938887512259
99571,940.0,998.1547032305631,-58.154703230563086
99572,1310.0,1196.8579189320847,113.14208106791534
99580,1330.0,1218.6937892440228,111.30621075597719
99597,730.0,799.7638336012897,-69.76383360128966
99611,1090.0,1161.740765713637,-71.74076571363707
99650,1095.0,1035.7347151997676,59.26528480023239
99659,1170.0,1136.0061190174654,33.99388098253462
99683,1418.0,1156.261781248078,261.738218751922
99694,1289.0,1305.8120835876477,-16.81208358764775
99695,1312.0,1260.030279737992,51.96972026200797
99713,1180.0,1120.7725375948644,59.22746240513561
99714,893.0,990.5484897589132,-97.5484897589132
99729,785.0,613.091859448232,171.90814055176804
99738,942.0,1023.0802463925442,-81.08024639254415
99754,1193.0,1236.8238470396068,-43.82384703960679
99755,848.0,1020.0106306405833,-172.01063064058326
99762,875.0,921.7884758757074,-46.78847587570738
99808,1550.0,967.6477699277606,582.3522300722394
99825,1195.0,1201.371000614634,-6.371000614634113
99830,1180.0,1136.6793738881458,43.32062611185415
99842,785.0,630.3917038531968,154.60829614680324
99856,755.0,685.8811403829276,69.11885961707242
99943,1240.0,1156.0878893304248,83.91211066957521
99960,790.0,661.2333206815964,128.7666793184036
99964,1115.0,1167.5374377923133,-52.53743779231331
99980,1405.0,1323.854854860767,81.14514513923291
99997,1180.0,1116.207657135099,63.792342864901
100003,1185.0,1103.5682476628356,81.43175233716443
100005,1150.0,983.5360564181709,166.46394358182908
100007,1080.0,1019.1067784245256,60.8932215754744
100036,600.0,701.5881276503233,-101.58812765032326
100043,680.0,724.0739844312415,-44.073984431241456
100049,1030.0,1006.3479248709166,23.652075129083414
100066,1210.0,1258.8903432709217,-48.890343270921676
100078,1508.0,1156.8869569336705,351.1130430663295
100091,1185.0,1000.033956032479,184.96604396752105
100097,795.0,667.6117667811943,127.38823321880568
100123,555.0,625.7423603637598,-70.74236036375976
100133,1080.0,1198.9290356815648,-118.92903568156476
100140,1070.0,984.2853390945663,85.71466090543367
100142,826.0,658.1792924654034,167.82070753459664
100164,660.0,713.5724284446221,-53.57242844462212
100185,945.0,1086.2389538037194,-141.23895380371937
100207,640.0,736.3872249895144,-96.38722498951438
100233,1260.0,1231.2294765760885,28.770523423911527
100243,1390.0,1104.582470227971,285.41752977202896
100252,1551.0,1263.5880630218526,287.4119369781474
100265,1260.0,1259.4367838719304,0.5632161280695982
100269,1210.0,1170.4130731868797,39.58692681312027
100291,990.0,1039.7114525541228,-49.71145255412284
100311,953.0,1023.569754855055,-70.56975485505495
100314,1125.0,1005.6580486090402,119.34195139095982
100322,948.0,1018.0416333269549,-70.04163332695487
100353,565.0,709.4477339955774,-144.44773399557744
100402,1140.0,1158.7836059375825,-18.78360593758248
100430,810.0,727.5970897263823,82.40291027361775
100433,970.0,1001.2992535038071,-31.29925350380711
100479,840.0,1106.8382480955725,-266.83824809557245
100496,1080.0,1024.5724505307649,55.427549469235146
100506,845.0,948.6075926314128,-103.60759263141279
100513,935.0,1165.317917098798,-230.31791709879803
100564,1292.0,1223.9569712272782,68.04302877272175
100570,1070.0,1168.9845432679326,-98.98454326793262
100581,1020.0,929.3368181891636,90.66318181083636
100582,1050.0,1253.6425108884691,-203.64251088846913
100610,925.0,1216.1040338363773,-291.1040338363773
100611,926.0,1171.2784029483091,-245.27840294830912
100612,1391.0,1225.7172110913473,165.28278890865272
100633,827.0,935.0667371387791,-108.0667371387791
100638,765.0,749.8558923064791,15.144107693520937
100658,855.0,653.132286690803,201.86771330919703
100685,945.0,1210.6313005920292,-265.6313005920292
100695,970.0,1091.0542521367518,-121.05425213675176
100706,1181.0,1005.3465026786987,175.6534973213013
100733,1220.0,1190.2153140628361,29.784685937163886
100753,1255.0,1320.7037077109635,-65.7037077109635
100755,600.0,657.2941110188532,-57.29411101885319
100760,1335.0,1161.0346846045425,173.96531539545754
100769,930.0,1156.8869569336705,-226.8869569336705
100793,710.0,694.5774210989258,15.42257890107419
100795,1280.0,1315.5322130003246,-35.532213000324646
100802,510.0,644.8471181286399,-134.84711812863986
100813,1010.0,918.044963432049,91.95503656795097
100846,805.0,903.6905544811549,-98.69055448115489
100875,1291.0,1281.2178022259648,9.78219777403524
100876,660.0,708.3556259248089,-48.35562592480892
100886,660.0,728.2997206513621,-68.29972065136212
100889,1058.0,1037.8168470838152,20.18315291618478
100892,1500.0,1244.4676190833954,255.53238091660455
100902,1370.0,1235.225832724299,134.77416727570107
100914,981.0,1175.7564458353875,-194.75644583538747
100915,1150.0,1026.058564996987,123.94143500301311
100918,1286.0,1238.7073452160705,47.29265478392949
100935,937.0,1092.5240702454194,-155.52407024541935
100957,1032.0,1051.4350929624243,-19.435092962424278
100997,811.0,529.033673358232,281.966326641768
101020,1400.0,1126.6581660914164,273.34183390858357
101032,970.0,1029.7798039068136,-59.77980390681364
101036,1320.0,1118.7007614824502,201.29923851754984
101039,1085.0,1015.2884427609426,69.71155723905736
101041,1000.0,992.1948538934389,7.8051461065610965
101057,1490.0,1071.109126003631,418.890873996369
101069,870.0,671.805416343623,198.19458365637695
101086,1113.0,1011.4654729319731,101.53452706802693
101090,1345.0,1262.0056554972223,82.99434450277772
101110,1130.0,1157.94022868736,-27.940228687360104
101127,1356.0,1173.3169875911226,182.6830124088774
101132,619.0,698.6523761399231,-79.65237613992315
101146,370.0,597.0891823375678,-227.08918233756776
101147,1280.0,1212.8370514160129,67.16294858398714
101149,1275.0,1139.2722465346399,135.72775346536014
101151,1055.0,1095.5463338589666,-40.54633385896659
101164,608.0,579.1709441835155,28.82905581648447
101172,1286.0,1275.8479366251406,10.152063374859381
101197,750.0,662.2267123978481,87.77328760215187
101198,1090.0,964.1114510468975,125.88854895310249
101208,981.0,689.0769205880765,291.9230794119235
101216,1105.0,956.2228468015902,148.7771531984098
101220,735.0,760.5855811398816,-25.585581139881583
101229,610.0,696.398913498946,-86.39891349894594
101250,1380.0,1110.4552236236427,269.5447763763573
101260,545.0,713.7114292516067,-168.71142925160666
101290,1185.0,1250.512548795641,-65.5125487956409
101294,1422.0,1241.4022122793276,180.5977877206724
101299,1150.0,1067.9303712880785,82.0696287119215
101309,1590.0,1323.4047416549206,266.5952583450794
101311,1030.0,1317.8489149605748,-287.8489149605748
101338,940.0,654.9497086587497,285.0502913412503
101354,1215.0,1130.706946334131,84.29305366586891
101397,1125.0,629.8292303966548,495.1707696033452
101405,1040.0,1134.647955272044,-94.6479552720441
101433,1025.0,1116.5417496639498,-91.54174966394976
101439,710.0,678.2084418053928,31.791558194607205
101446,510.0,681.0783427586542,-171.07834275865423
101470,725.0,605.8278717952394,119.17212820476061
101477,1050.0,1111.8019911250565,-61.801991125056475
101482,1169.0,1127.349973435223,41.65002656477691
101483,1246.0,1235.706660442461,10.293339557538957
101496,1175.0,1320.9145840523347,-145.9145840523347
101502,1325.0,1283.5214373291017,41.47856267089833
101529,1415.0,1313.7647795140283,101.2352204859717
101544,925.0,1094.378822990797,-169.37882299079706
101586,970.0,1184.7902868005106,-214.79028680051056
101623,1112.0,1268.102019981264,-156.102019981264
101640,1180.0,1105.2053033782015,74.7946966217985
101644,948.0,1047.8649936848547,-99.86499368485465
101650,771.0,909.8215628978088,-138.8215628978088
101674,1268.0,1268.4065580326228,-0.4065580326227973
101688,1420.0,1322.1160326736203,97.88396732637966
101697,1389.0,1257.574752645503,131.42524735449706
101704,945.0,893.0377602936077,51.962239706392324
101713,623.0,657.3318244779085,-34.331824477908526
101717,1124.0,1204.2904473739932,-80.29044737399317
101719,721.0,775.5231153905852,-54.52311539058519
101722,1058.0,1156.3584911429564,-98.35849114295638
101724,854.0,724.8115688638034,129.18843113619664
101725,1444.0,1311.369555087827,132.63044491217306
101744,618.0,715.6924675200244,-97.69246752002437
101748,1202.0,1030.3513111002385,171.6486888997615
101767,948.0,731.2784293075847,216.7215706924153
101777,681.0,562.4298171406941,118.57018285930587
101806,942.0,1225.7172110913473,-283.7172110913473
101872,1213.0,1260.8116032353557,-47.81160323535573
101877,776.0,652.5954209332068,123.40457906679319
101888,937.0,1024.6695609191593,-87.66956091915927
101899,815.0,1013.543827566081,-198.54382756608095
101906,860.0,972.8720275515444,-112.87202755154442
101912,1257.0,1173.8841733459187,83.11582665408127
101922,1358.0,1144.886503203211,213.11349679678892
101957,959.0,807.7961752225408,151.2038247774592
101976,1488.0,1147.1526107347565,340.84738926524346
101979,1224.0,1239.8631200945244,-15.863120094524447
102009,1110.0,990.8984056457925,119.10159435420746
102015,865.0,963.5288871391905,-98.52888713919049
102030,1342.0,1182.1569312965723,159.84306870342766
102062,1250.0,1113.3701773687628,136.62982263123718
102063,1160.0,1198.8251164181877,-38.82511641818769
102064,1120.0,1153.849044254918,-33.849044254918
102090,992.0,1016.6636004459549,-24.6636004459549
102119,1000.0,1078.5553425831572,-78.5553425831572
102125,705.0,766.2049970469872,-61.20499704698716
102163,1237.0,1029.7159615732367,207.28403842676335
102168,1400.0,1167.7190063698342,232.28099363016577
102169,538.0,640.8201515645163,-102.82015156451632
102177,1329.0,1083.1372339981763,245.86276600182373
102185,1147.0,1212.7372596963003,-65.73725969630027
102187,948.0,1010.5286243386245,-62.52862433862447
102192,1076.0,983.6392043519354,92.3607956480646
102197,1060.0,1147.7559130613101,-87.75591306131014
102255,1095.0,1206.018127567385,-111.01812756738491
102280,1080.0,979.283618133618,100.716381866382
102295,670.0,630.3398340251297,39.660165974870324
102297,894.0,701.5881276503233,192.41187234967674
102320,630.0,685.4523340046394,-55.4523340046394
102331,1380.0,1048.105649940392,331.8943500596081
102336,1060.0,1168.11426178293,-108.11426178293004
102361,940.0,1016.7157150230058,-76.71571502300583
102370,875.0,1025.3463223183442,-150.34632231834416
102371,1235.0,1321.172627189899,-86.172627189899
102377,1315.0,1126.335017248279,188.66498275172103
102384,1360.0,1086.6792417391657,273.3207582608343
102409,555.0,697.7287081365056,-142.7287081365056
102415,684.0,744.5675278351514,-60.567527835151395
102416,1230.0,1230.4279214764358,-0.427921476435813
102462,1515.0,1235.1687001351534,279.83129986484664
102467,750.0,676.2481313390522,73.75186866094782
102487,1410.0,1264.5059894730218,145.49401052697817
102501,1150.0,1266.7780969393589,-116.77809693935887
102525,1155.0,1119.7644996185998,35.23550038140024
102559,970.0,1168.829016441769,-198.829016441769
102583,1375.0,1299.7258896446044,75.27411035539558
102590,1350.0,1149.6205410258415,200.37945897415852
102593,614.0,727.5386279393027,-113.53862793930273
102597,1445.0,1347.4048699725,97.59513002750009
102601,1370.0,1183.648835971406,186.35116402859398
102602,1163.0,918.4514162996219,244.54858370037812
102630,1430.0,1022.5218718443002,407.4781281556998
102661,1222.0,1117.0084169643467,104.99158303565332
102663,703.0,679.7947938155929,23.205206184407075
102669,770.0,700.4132767383717,69.58672326162832
102670,654.0,571.8476768114966,82.15232318850337
102672,1225.0,1167.0153209118937,57.984679088106304
102681,1045.0,968.0571965137235,76.94280348627649
102685,935.0,923.9134699292492,11.086530070750769
102707,1464.0,1317.2141867501134,146.7858132498866
102753,610.0,729.7230110108494,-119.7230110108494
102760,1475.0,1156.7415887880134,318.25841121198664
102765,1342.0,1190.4515062943435,151.54849370565648
102772,1145.0,991.4908406245986,153.5091593754014
102788,1365.0,1282.426002502397,82.57399749760293
102838,1195.0,1240.9447663622502,-45.94476636225022
102839,662.0,588.231248502266,73.768751497734
102857,1025.0,943.1045947371936,81.89540526280643
102859,1160.0,1056.1198409770416,103.88015902295842
102868,1175.0,1169.1195819829518,5.880418017048214
102894,1245.0,1166.3320721653638,78.6679278346362
102906,1375.0,1258.404470301992,116.59552969800802
102914,1595.0,1308.5806011649872,286.41939883501277
102918,930.0,892.5981205493755,37.401879450624506
102920,850.0,678.2549794051462,171.74502059485383
102962,1160.0,1104.0061312720975,55.99386872790251
102974,1045.0,1222.2437918476555,-177.24379184765553
102979,505.0,794.9869330158353,-289.98693301583535
102983,1000.0,777.3207799121556,222.67922008784444
102984,1000.0,1066.954158756301,-66.95415875630101
103009,1375.0,1243.809509961049,131.1904900389511
103011,966.0,985.6810015120609,-19.681001512060902
103019,565.0,678.3875479375013,-113.38754793750127
103022,1070.0,1073.2497273538538,-3.249727353853814
103052,1105.0,1219.1948277806673,-114.19482778066731
103088,1469.0,1281.6457837897356,187.35421621026444
103090,1475.0,1165.650509942786,309.3494900572141
103096,1215.0,1218.4295989747504,-3.4295989747504336
103103,1440.0,1367.158139092884,72.84186090711592
103110,1346.0,1192.2075808413676,153.79241915863236
103113,490.0,638.4585708336344,-148.45857083363444
103126,1240.0,1184.1124356374328,55.88756436256722
103143,865.0,763.9528174585539,101.04718254144609
103159,760.0,680.9772831779311,79.0227168220689
103171,1380.0,1247.7951184017834,132.20488159821662
103175,1160.0,1044.3792322531829,115.62076774681714
103176,865.0,646.5237892625661,218.47621073743392
103180,770.0,711.0493353199662,58.95066468003381
103207,1060.0,1190.2068790177132,-130.20687901771316
103226,1145.0,990.3485362546619,154.6514637453381
103249,855.0,878.8774120403154,-23.87741204031545
103256,1305.0,1250.3828917921749,54.61710820782514
103267,715.0,660.1282969576724,54.87170304232757
103311,1060.0,1066.0293354138685,-6.029335413868466
103363,1220.0,1234.67005208447,-14.670052084469944
103366,950.0,1063.5413575668335,-113.54135756683354
103367,1060.0,972.814768441608,87.18523155839205
103373,710.0,710.0340567741932,-0.03405677419323183
103389,1030.0,722.211737392205,307.788262607795
103417,1370.0,1270.9648471761088,99.03515282389117
103420,1105.0,1136.0061190174654,-31.00611901746538
103428,500.0,733.0750158612271,-233.07501586122714
103493,1140.0,1076.2286011864614,63.77139881353855
103504,1020.0,998.6463432987838,21.35365670121621
103533,755.0,656.3459210399914,98.65407896000863
103539,1325.0,1263.9642334280622,61.03576657193776
103548,850.0,712.726283793233,137.27371620676695
103565,1350.0,1191.2927065099707,158.70729349002931
103571,871.0,1148.3316241100654,-277.3316241100654
103590,610.0,682.3519846638352,-72.3519846638352
103595,1110.0,1106.7782887383755,3.2217112616244776
103602,1000.0,1105.282756786032,-105.282756786032
103607,999.0,1029.8740610432292,-30.874061043229176
103612,880.0,1114.2511974987422,-234.25119749874216
103618,755.0,701.4943781200362,53.50562187996377
103620,1130.0,1027.5169538077157,102.48304619228429
103626,738.0,961.0710996439764,-223.07109964397637
103632,857.0,674.1676851474821,182.83231485251792
103634,1230.0,1194.376596699448,35.6234033005519
103650,600.0,753.4326120374316,-153.43261203743157
103665,990.0,1096.0140906604936,-106.0140906604936
103672,1050.0,1086.3966564102968,-36.39665641029683
103683,800.0,670.7209456408841,129.2790543591159
103691,1025.0,1004.9855236810112,20.01447631898884
103718,635.0,713.0187737292974,-78.01877372929744
103720,920.0,714.8796033648476,205.12039663515236
103728,920.0,740.794939051028,179.205060948972
103780,950.0,750.2887434051706,199.71125659482936
103797,1037.0,693.6025089373516,343.39749106264844
103803,940.0,1006.0389266202681,-66.03892662026806
103808,580.0,761.82905866692,-181.82905866692
103816,620.0,667.383265062958,-47.383265062958
103830,1120.0,1122.5712162496436,-2.571216249643612
103835,1165.0,1073.1106451454693,91.88935485453067
103875,890.0,617.7188476300848,272.28115236991516
103918,1410.0,1357.2985471505074,52.701452849492625
103923,705.0,738.9504511904726,-33.95045119047256
103935,860.0,705.9050410510259,154.09495894897407
103950,1465.0,1250.018456086251,214.98154391374896
103970,1165.0,1134.2668234972593,30.733176502740662
104044,1275.0,1006.5666745292212,268.43332547077875
104045,900.0,983.9951214462363,-83.99512144623634
104075,636.0,689.0448080416605,-53.04480804166053
104087,665.0,718.2734307519214,-53.27343075192141
104097,1125.0,1177.3213582807468,-52.321358280746836
104100,1268.0,940.0252734098126,327.9747265901874
104101,1360.0,1111.4155208236173,248.58447917638273
104110,1045.0,1192.8185933221066,-147.8185933221066
104117,1365.0,1297.1947170002288,67.80528299977118
104120,1047.0,918.1883551578464,128.81164484215356
104125,1345.0,1192.6072132766274,152.39278672337264
104136,555.0,627.2883587802808,-72.28835878028076
104145,732.0,619.2802120476667,112.71978795233326
104165,1279.0,1010.2796809538931,268.72031904610685
104172,545.0,658.7615860983403,-113.76158609834033
104181,1017.0,1251.683841155353,-234.6838411553531
104191,813.0,690.4839191919955,122.51608080800452
104192,820.0,969.0898989851706,-149.08989898517063
104204,1387.0,1197.43149465841,189.56850534159003
104208,625.0,626.2886245569061,-1.288624556906143
104212,1120.0,1311.9393905162362,-191.93939051623624
104215,720.0,566.7300657027773,153.26993429722268
104223,1085.0,1228.8162200302593,-143.81622003025927
104241,1150.0,1128.3537695378545,21.646230462145468
104256,1165.0,1053.5863645913319,111.41363540866814
104265,1070.0,1181.3712042146626,-111.37120421466261
104283,945.0,1065.1164552212888,-120.11645522128879
104287,1300.0,977.5189761761877,322.4810238238123
104292,1195.0,1372.7475491958667,-177.74754919586667
104293,1165.0,1255.8562268590963,-90.8562268590963
104307,705.0,685.0532295411273,19.94677045887272
104314,1145.0,1039.0612010867428,105.93879891325719
104318,915.0,1295.6328686049085,-380.6328686049085
104321,707.0,692.859832280716,14.140167719284022
104338,1370.0,1350.5761150208787,19.42388497912134
104345,800.0,720.1996775427822,79.80032245721782
104346,955.0,1103.0667292465712,-148.06672924657119
104347,1190.0,1136.9230476797802,53.07695232021979
104365,1025.0,1090.2150830091823,-65.21508300918231
104375,1125.0,1221.37968611898,-96.37968611898009
104376,1135.0,1002.4265563462766,132.57344365372342
104382,1465.0,1194.042309976233,270.9576900237671
104391,1415.0,1211.9937806425382,203.00621935746176
104401,515.0,673.06015486982,-158.06015486982005
104407,1360.0,1121.8910140803473,238.1089859196527
104423,1335.0,1195.760698339726,139.2393016602739
104426,1030.0,1250.9990897674452,-220.99908976744518
104428,1270.0,1164.2035499033116,105.79645009668843
104447,2367.0,589.8120992063494,1777.1879007936504
104450,730.0,821.8312688697868,-91.83126886978675
104453,1010.0,1218.3132065216794,-208.31320652167938
104467,880.0,757.360783816141,122.63921618385905
104475,1110.0,940.5975080317291,169.40249196827085
104505,998.0,742.3988283528871,255.6011716471129
104507,880.0,985.6153088828992,-105.61530888289917
104513,1344.0,1318.7027141655622,25.297285834437844
104519,1340.0,1234.3930652143563,105.60693478564372
104533,1220.0,1113.5441128744415,106.45588712555855
104548,1385.0,1121.7708927582676,263.22910724173244
104552,1390.0,1229.7179940125127,160.2820059874873
104556,1320.0,1188.2440309732772,131.75596902672282
104581,1120.0,1342.7892907452551,-222.78929074525513
104584,1045.0,1049.177993715087,-4.177993715087041
104597,1160.0,952.867951876031,207.13204812396896
104599,900.0,1032.3559618764748,-132.3559618764748
104627,1282.0,1203.8594170274189,78.14058297258111
104642,1375.0,1275.8041165468621,99.19588345313787
104659,835.0,769.2964235513665,65.7035764486335
104680,1256.0,1221.1096471618598,34.89035283814019
104681,802.0,632.0750791731951,169.92492082680485
104689,1525.0,1310.9037069723054,214.09629302769463
104712,940.0,1126.8630180378598,-186.86301803785977
104727,1180.0,1126.0833436170935,53.91665638290647
104741,1130.0,1223.777385795901,-93.77738579590095
104757,1270.0,1144.7755301586758,125.22446984132421
104761,965.0,1235.5972912434058,-270.59729124340583
104762,795.0,699.4055020701286,95.59449792987141
104769,1169.0,1051.832274899251,117.16772510074907
104777,1200.0,1293.299880987983,-93.29988098798299
104779,701.0,642.2305317232383,58.7694682767617
104790,1235.0,1036.6402275056732,198.35977249432676
104791,1370.0,1278.8750127917324,91.12498720826761
104809,1301.0,1029.5624099920617,271.4375900079383
104816,1225.0,1237.21949766826,-12.219497668259919
104823,960.0,1095.8586675218207,-135.85866752182073
104832,1355.0,1235.5467302791096,119.45326972089038
104852,1225.0,1092.1082432799813,132.89175672001875
104856,1205.0,1192.5811551416098,12.41884485839023
104858,1010.0,1118.7570493251442,-108.75704932514418
104871,1580.0,1321.5065791608579,258.4934208391421
104890,1445.0,1259.3232957454186,185.6767042545814
104898,1035.0,1021.7984773387934,13.201522661206582
104915,540.0,1190.6112044236918,-650.6112044236918
104920,590.0,647.481335924156,-57.48133592415604
104922,857.0,711.8118276430602,145.18817235693984
104936,870.0,1033.7040399555171,-163.70403995551715
105003,670.0,641.7501093884404,28.249890611559636
105004,1269.0,1161.782063056023,107.21793694397707
105010,1110.0,1062.3348451378656,47.665154862134386
105015,825.0,809.0721373107978,15.927862689202243
105038,1250.0,1183.9869279945508,66.0130720054492
105052,932.0,1312.0520516495544,-380.0520516495544
105062,895.0,714.8430001059992,180.15699989400082
105071,1090.0,1137.821676088999,-47.821676088999084
105072,1155.0,1175.2280733425596,-20.228073342559583
105082,975.0,1205.059583080203,-230.05958308020308
105087,1015.0,1196.4001640723322,-181.40016407233225
105098,1400.0,1326.5093121864243,73.49068781357573
105101,1435.0,1115.3225117885383,319.67748821146165
105108,849.0,693.6538179891492,155.34618201085084
105113,1047.0,1030.6219851341702,16.378014865829755
105134,1268.0,1174.8616533272652,93.13834667273477
105180,885.0,662.799908533877,222.200091466123
105181,1415.0,1340.6494966750602,74.35050332493984
105204,1485.0,1297.7599464540208,187.2400535459792
105220,1050.0,1160.4637574305013,-110.46375743050135
105223,1205.0,1271.733074475143,-66.73307447514298
105288,1315.0,1189.691190425051,125.30880957494901
105298,1295.0,1192.1815446379526,102.81845536204742
105309,1250.0,1237.464068184913,12.535931815086997
105312,585.0,638.9328090487026,-53.93280904870255
105326,1000.0,731.1388548417988,268.8611451582012
105341,710.0,581.9069708279663,128.09302917203365
105348,480.0,688.4808427424769,-208.48084274247685
105356,1060.0,1029.6134684455749,30.38653155442512
105377,875.0,728.6539920860026,146.34600791399737
105378,1187.0,1245.2661602552816,-58.26616025528165
105389,550.0,641.2975342551032,-91.29753425510319
105394,570.0,563.9372620218235,6.0627379781765285
105426,715.0,928.8058262919998,-213.80582629199978
105429,1220.0,1103.4181226729975,116.58187732700253
105439,1157.0,1127.508513172897,29.491486827103017
105460,870.0,895.045056945591,-25.045056945591
105462,1120.0,1097.7647463702558,22.235253629744193
105475,1215.0,1151.8253286937781,63.17467130622185
105495,815.0,1033.3730845408772,-218.37308454087724
105533,710.0,637.6827631624452,72.31723683755479
105534,1475.0,1197.7665819219314,277.23341807806855
105538,1206.0,1241.8062146092007,-35.80621460920065
105555,1270.0,1103.7170297719138,166.28297022808624
105563,970.0,1137.2876927493737,-167.28769274937372
105569,1205.0,1241.168110451192,-36.16811045119198
105596,1110.0,1207.3349882887835,-97.3349882887835
105602,1120.0,967.6477699277606,152.35223007223942
105613,895.0,762.1693387635758,132.83066123642425
105656,950.0,1214.7661935830668,-264.76619358306675
105682,1100.0,1025.0766762348403,74.9233237651597
105689,970.0,1135.8931751819096,-165.89317518190956
105709,1464.0,1171.928015085441,292.0719849145589
105724,741.0,670.3564703995567,70.64352960044334
105740,1445.0,1130.0169019233613,314.9830980766387
105742,695.0,583.523836312978,111.476163687022
105776,770.0,644.7736527610429,125.22634723895715
105801,585.0,645.6933055906348,-60.69330559063485
105803,910.0,956.8533861314546,-46.85338613145461
105805,897.0,740.4882756336594,156.51172436634056
105823,720.0,643.3486230115495,76.65137698845047
105855,1020.0,1356.6763268102832,-336.6763268102832
105883,1330.0,1372.6726444113183,-42.67264441131829
105895,1180.0,1099.0257502328548,80.97424976714524
105898,1065.0,1213.846563855438,-148.84656385543803
105903,1030.0,935.9467088656519,94.05329113434811
105934,1125.0,1175.1790047884188,-50.17900478841875
105966,981.0,1023.9643691217618,-42.96436912176182
105978,1219.0,1186.535539164616,32.46446083538399
105986,1075.0,1182.1095382265883,-107.10953822658826
106004,1196.0,1015.4315000856276,180.5684999143724
106009,530.0,614.5147063878568,-84.51470638785679
106015,600.0,630.6737382536015,-30.673738253601528
106016,955.0,906.0656201269954,48.93437987300456
106034,1150.0,1170.0840386511088,-20.084038651108813
106039,719.0,683.117798951128,35.88220104887205
106062,590.0,643.3797661407791,-53.37976614077911
106064,809.0,634.813014676125,174.18698532387498
106079,1280.0,978.6725560761522,301.3274439238478
106104,1190.0,1102.7921191119788,87.20788088802124
106121,797.0,671.3856237194119,125.61437628058809
106138,705.0,699.8294842961358,5.1705157038642255
106142,1330.0,1226.4427108253155,103.55728917468446
106154,1015.0,1144.8115440860997,-129.81154408609973
106176,515.0,616.5477005832123,-101.5477005832123
106186,849.0,915.1868361590246,-66.18683615902455
106194,1272.0,1123.664858108943,148.335141891057
106198,1090.0,1037.3312221565577,52.668777843442285
106202,1340.0,1245.3147286620408,94.6852713379592
106205,960.0,1163.8686824177166,-203.86868241771663
106233,1146.0,1250.8389792956104,-104.83897929561044
106251,985.0,1034.5779649160572,-49.577964916057226
106254,1361.0,1083.2717867852525,277.7282132147475
106258,1235.0,1144.931388505619,90.068611494381
106263,830.0,701.274028986592,128.72597101340796
106276,1110.0,1200.4412347623947,-90.44123476239474
106297,1485.0,1049.4117599414642,435.5882400585358
106307,710.0,606.7079018239726,103.29209817602737
106329,1075.0,1052.2549951124477,22.74500488755234
106333,750.0,652.1965791646827,97.8034208353173
106338,1410.0,1305.4386979194132,104.56130208058676
106349,1060.0,1015.0529242500564,44.947075749943565
106371,1415.0,1139.3031072110084,275.6968927889916
106381,718.0,665.3572784642218,52.64272153577815
106408,1102.0,1048.4969946710555,53.50300532894448
106428,1080.0,1048.0738492756207,31.92615072437934
106476,804.0,731.011626093258,72.98837390674203
106481,1280.0,1105.3615228565914,174.63847714340864
106491,1307.0,1169.6428878128572,137.35711218714277
106499,743.0,675.6783321684142,67.32166783158584
106523,965.0,1094.7636211871913,-129.76362118719135
106540,1181.0,1328.2126764793372,-147.21267647933723
106547,1129.0,971.6212652627459,157.37873473725415
106575,1330.0,1148.6495590348977,181.35044096510228
106576,370.0,540.7549560737159,-170.7549560737159
106592,1130.0,1206.5810053646617,-76.58100536466168
106593,1344.0,1202.4505236019409,141.54947639805914
106600,668.0,515.2052103532228,152.7947896467772
106613,1235.0,1184.896963564214,50.10303643578595
106617,1170.0,1001.395109107382,168.60489089261796
106641,1425.0,1253.9861055023048,171.01389449769522
106652,1605.0,1292.08222114247,312.91777885753004
106655,1440.0,1314.907101077322,125.09289892267793
106672,1201.0,1029.5662731663317,171.4337268336683
106740,933.0,1104.990893308267,-171.990893308267
106773,1190.0,1190.452607784344,-0.45260778434408167
106775,787.0,931.4804207707458,-144.4804207707458
106782,1415.0,1286.6241785600046,128.37582143999543
106793,1036.0,963.2542387798084,72.74576122019164
106820,1340.0,1236.1693848953119,103.83061510468815
106866,925.0,784.2439273800786,140.75607261992138
106878,319.0,571.5553721615345,-252.55537216153448
106882,1103.0,1126.8770826087894,-23.87708260878935
106900,798.0,1250.2353292127984,-452.23532921279843
106903,930.0,964.9708765850746,-34.97087658507462
106919,915.0,1114.2617137007708,-199.26171370077077
106961,1231.0,1196.4001640723322,34.599835927667755
106981,643.0,615.905339267207,27.094660732793045
107013,954.0,934.4485835538104,19.55141644618959
107027,1047.0,1080.6190491724485,-33.61904917244851
107051,1080.0,1144.5939707028558,-64.59397070285581
107079,1116.0,1017.8570292325428,98.1429707674572
107107,1146.0,1272.3248917392104,-126.32489173921044
107137,1058.0,1037.7650659190385,20.234934080961466
107146,1098.0,982.3683365721869,115.63166342781312
107147,1367.0,1254.1257655998734,112.87423440012662
107173,1193.0,1236.1488399115046,-43.14883991150464
107185,1146.0,906.1277168410779,239.87228315892207
107248,1135.0,1149.6710234485201,-14.671023448520145
107252,1268.0,984.2402865308741,283.7597134691259
107266,484.0,589.2162742905243,-105.21627429052432
107268,964.0,1125.291646185849,-161.291646185849
107286,1079.0,963.1348667313929,115.86513326860711
107307,992.0,1140.5408308239878,-148.5408308239878
107341,1025.0,741.152145470952,283.84785452904805
107345,1185.0,1088.4255155770904,96.57448442290956
107380,1080.0,1120.3698328476712,-40.369832847671205
107392,920.0,1188.152397900452,-268.1523979004519
107406,895.0,976.4772814069688,-81.47728140696881
107411,639.0,772.7691187181273,-133.7691187181273
107423,831.0,658.5297097996458,172.47029020035416
107426,1124.0,1170.7073841010736,-46.70738410107356
107439,1209.0,1194.0103108635144,14.989689136485595
107460,904.0,1178.521138442238,-274.521138442238
107466,800.0,641.7245912500414,158.27540874995861
107484,735.0,663.5846246859464,71.41537531405356
107491,765.0,826.1933872032146,-61.19338720321457
107512,940.0,989.1372789919968,-49.13727899199682
107560,1610.0,1247.9003471169121,362.09965288308786
107562,1305.0,1243.1010626950267,61.89893730497329
107567,1120.0,1182.9472840409107,-62.947284040910745
107572,1290.0,1153.3853367524775,136.61466324752246
107589,1052.0,977.6151681551803,74.3848318448197
107633,1352.0,1246.3419324712177,105.65806752878234
107637,760.0,668.7324367381639,91.26756326183613
107640,1071.0,1256.8048779918013,-185.80487799180128
107648,1257.0,1151.1595068776328,105.8404931223672
107674,1305.0,1083.5003027385742,221.4996972614258
107675,665.0,547.7913724826784,117.20862751732159
107697,882.0,954.7734851327523,-72.77348513275228
107714,1047.0,988.7658205861295,58.23417941387049
107723,1160.0,1138.8769844863318,21.12301551366818
107729,1158.0,1038.497864027454,119.50213597254606
107740,840.0,737.2376799142376,102.76232008576244
107768,1164.0,1172.3130890659486,-8.313089065948589
107772,815.0,1045.9522027638006,-230.95220276380064
107776,665.0,628.7784022679216,36.22159773207841
107785,955.0,1306.6947062217323,-351.6947062217323
107791,981.0,976.4772814069688,4.522718593031186
107798,740.0,700.0836801482699,39.91631985173012
107800,655.0,690.9359706702297,-35.93597067022972
107810,426.0,549.021007777962,-123.02100777796204
107831,804.0,629.229490029558,174.77050997044205
107846,1145.0,1135.0469516747337,9.953048325266309
107847,1047.0,940.8616700072216,106.13832999277838
107850,1225.0,1256.525728306792,-31.52572830679196
107855,750.0,730.1002614618591,19.899738538140923
107857,506.0,734.8326072194591,-228.83260721945908
107877,670.0,803.2737593868325,-133.27375938683247
107895,734.0,667.2140973462506,66.78590265374942
107918,948.0,1039.0292620171301,-91.02926201713012
107937,1225.0,1176.6748529046667,48.32514709533325
107954,776.0,608.7541808342216,167.24581916577836
107960,1323.0,1214.1185581810141,108.88144181898588
107964,681.0,679.6905280471224,1.3094719528776295
107976,960.0,1078.0485188721855,-118.04851887218547
107997,1015.0,912.145845020129,102.85415497987105
108000,1124.0,1098.988879450393,25.011120549607085
108003,1170.0,892.8968863010797,277.1031136989203
108016,1110.0,1212.4469471434836,-102.44694714348361
108042,1367.0,1255.5257499372035,111.4742500627965
108043,690.0,601.6056702253961,88.39432977460388
108053,1405.0,1225.4957888071272,179.50421119287284
108054,745.0,738.9814790111334,6.018520988866612
108066,1059.0,1012.7968578208707,46.20314217912926
108068,1538.0,1235.5480892677476,302.4519107322524
108093,1257.0,1011.373179284043,245.62682071595702
108097,730.0,687.1135135518194,42.88648644818056
108109,1248.0,1122.3896371925928,125.61036280740723
108119,1200.0,1135.1637635183952,64.83623648160483
108126,1525.0,1213.4591874994144,311.5408125005856
108139,820.0,1021.5472495460989,-201.5472495460989
108158,510.0,699.1032616051529,-189.10326160515285
108161,1209.0,1015.0732413492921,193.92675865070794
108175,1142.0,1218.1843650793653,-76.1843650793653
108188,995.0,1091.265173869143,-96.26517386914293
108212,1325.0,1184.3172165899264,140.68278341007363
108215,1350.0,1227.3118154389801,122.68818456101985
108226,1440.0,1232.5585383263706,207.44146167362942
108233,1035.0,1085.744507424288,-50.74450742428803
108246,915.0,714.5174241293532,200.48257587064677
108251,655.0,608.303710704518,46.69628929548196
108258,753.0,691.5535419060793,61.44645809392068
108274,1376.0,1238.187581405126,137.8124185948741
108281,1157.0,1269.795776637096,-112.79577663709597
108320,788.0,762.9382687888589,25.061731211141137
108329,1020.0,1090.206516301595,-70.206516301595
108357,855.0,820.416228165986,34.58377183401399
108361,820.0,800.6706104273057,19.329389572694254
108364,617.0,646.9705973345103,-29.97059733451033
108371,1160.0,1013.1555591804447,146.8444408195553
108381,540.0,751.0337637335541,-211.0337637335541
108411,700.0,482.05636939422226,217.94363060577774
108430,655.0,698.8501950924758,-43.850195092475815
108433,1000.0,1066.2595638039434,-66.25956380394337
108441,745.0,670.1594617364718,74.84053826352817
108448,810.0,717.2537126475638,92.74628735243618
108471,1421.0,1230.9429017168375,190.05709828316253
108497,861.0,751.5700369984738,109.42996300152618
108499,655.0,695.9737681951602,-40.97376819516023
108508,1050.0,951.6552039242342,98.34479607576577
108510,1245.0,1144.4555554181554,100.54444458184457
108511,590.0,621.5076618972201,-31.507661897220146
108512,1305.0,1182.3445034210788,122.6554965789212
108514,565.0,752.2576948386057,-187.25769483860574
108515,1535.0,981.6247519161769,553.3752480838231
108550,705.0,736.0387046499683,-31.03870464996828
108554,1250.0,1169.1823631990026,80.81763680099743
108573,1030.0,899.7452846760906,130.2547153239094
108586,680.0,639.7245122835791,40.27548771642091
108589,1190.0,1146.690787415458,43.30921258454191
108596,930.0,965.4123195472383,-35.412319547238326
108602,1085.0,969.6051165410969,115.39488345890311
108606,710.0,666.3230584993969,43.67694150060311
108614,960.0,1057.4734669559941,-97.47346695599413
108632,1305.0,1126.1934427784004,178.80655722159963
108638,1170.0,1243.588757374051,-73.58875737405106
108652,925.0,687.3534979290612,237.64650207093882
108670,1090.0,1325.6939281580198,-235.69392815801984
108681,855.0,723.5399510001304,131.46004899986963
108719,882.0,872.773947987835,9.226052012165042
108725,985.0,990.433655615681,-5.433655615681005
108732,1170.0,1076.9768543649232,93.02314563507684
108765,895.0,657.5495211668257,237.45047883317432
108783,849.0,939.6981270651587,-90.6981270651587
108817,1140.0,1192.1931549108972,-52.19315491089719
108818,1295.0,1174.614716377103,120.38528362289708
108826,472.0,590.1773961544676,-118.1773961544676
108843,1055.0,951.5625059959118,103.4374940040882
108844,950.0,1088.6009198197935,-138.6009198197935
108861,540.0,618.9605138399529,-78.96051383995291
108865,1030.0,1015.7687685185185,14.231231481481473
108889,1160.0,1090.957452872371,69.04254712762895
108905,1238.0,1067.0905766844087,170.9094233155913
108939,975.0,1115.1288803750467,-140.12888037504672
108955,1220.0,1173.8747194608734,46.12528053912661
108956,1405.0,1165.8082697562422,239.19173024375777
108975,1321.0,1284.3480658579913,36.65193414200871
108977,1160.0,1070.7416761129607,89.2583238870393
108980,1195.0,1169.3765953735283,25.62340462647171
109006,579.0,600.5666147067656,-21.566614706765563
109007,818.0,663.0271869449647,154.97281305503532
109021,1190.0,1109.4565975192163,80.5434024807837
109033,900.0,625.2544588801915,274.74554111980854
109052,1045.0,1016.9162728751409,28.083727124859138
109061,1205.0,1132.8574125878138,72.14258741218623
109070,665.0,696.7277905238018,-31.727790523801787
109111,1150.0,1296.123036496687,-146.12303649668706
109121,1140.0,1279.0509885323486,-139.05098853234858
109144,1065.0,955.5802366312004,109.41976336879964
109155,788.0,625.0316627826181,162.96833721738187
109174,1300.0,1286.5764340433172,13.42356595668275
109175,1190.0,1119.885004912669,70.11499508733095
109196,675.0,678.3270915444837,-3.3270915444836646
109208,465.0,645.8899725834997,-180.88997258349968
109211,1210.0,1134.3934652073863,75.60653479261373
109221,950.0,1026.913645605814,-76.91364560581405
109227,1355.0,1161.7934881893873,193.2065118106127
109252,725.0,748.4752910164061,-23.475291016406118
109286,875.0,1163.3415363310176,-288.34153633101755
109299,1250.0,1203.4998015749254,46.500198425074586
109304,1200.0,1299.2271672903428,-99.22716729034278
109333,1445.0,1116.816868187049,328.18313181295093
109365,1130.0,1072.7896572538925,57.21034274610747
109384,975.0,1076.5702131000469,-101.57021310004689
109386,724.0,656.0786828944365,67.9213171055635
109396,1220.0,1177.1799235380386,42.820076461961435
109403,1230.0,961.777893131717,268.22210686828305
109472,950.0,1358.3076155618198,-408.30761556181983
109496,1315.0,1222.366664372892,92.63333562710795
109507,765.0,767.6310948994981,-2.6310948994980663
109539,1125.0,1230.3274474466311,-105.32744744663114
109540,1220.0,1182.8219689134858,37.17803108651424
109566,1135.0,940.7664406497041,194.23355935029588
109570,1410.0,1215.177736073398,194.8222639266021
109572,870.0,892.4394021287834,-22.4394021287834
109580,860.0,703.3324183820795,156.66758161792052
109592,760.0,811.6683526640403,-51.6683526640403
109610,1260.0,1271.2224186364845,-11.222418636484463
109620,1400.0,1303.6469093812893,96.35309061871067
109647,570.0,687.0420114468491,-117.04201144684907
109649,1170.0,1187.6437317507157,-17.643731750715688
109674,1535.0,1314.715633066132,220.2843669338679
109696,1390.0,1252.980931934368,137.01906806563193
109704,910.0,772.0921667607877,137.90783323921232
109709,970.0,1107.4970998064678,-137.49709980646776
109722,1135.0,995.9733648471008,139.0266351528992
109766,920.0,688.8268786117915,231.17312138820853
109784,805.0,780.1306742243077,24.869325775692346
109794,830.0,724.3193418400817,105.68065815991827
109803,1430.0,1356.992446904336,73.00755309566398
109820,975.0,883.1805629207374,91.81943707926257
109830,1460.0,1336.323881621018,123.67611837898198
109865,885.0,593.0242292597568,291.9757707402432
109867,1301.0,1147.1526107347565,153.84738926524346
109871,995.0,674.0427640585336,320.95723594146637
109875,1350.0,1168.703949702673,181.29605029732693
109900,1255.0,1169.021645522393,85.9783544776069
109904,1125.0,1251.5278688714413,-126.52786887144134
109931,726.0,659.9529366818847,66.0470633181153
109967,1340.0,1120.176154273698,219.8238457263019
109987,1255.0,1250.1278571812895,4.872142818710472
109993,1585.0,1202.4257618015176,382.57423819848236
109994,1160.0,1061.3231292996604,98.67687070033958
110006,835.0,751.2897882379525,83.71021176204749
110009,1065.0,1066.7396603286131,-1.7396603286131267
110018,1225.0,1272.9752005516086,-47.97520055160862
110028,845.0,951.5419501123273,-106.5419501123273
110075,575.0,608.0744036303996,-33.074403630399615
110081,1020.0,1195.81739234641,-175.8173923464101
110102,686.0,731.3612110846816,-45.3612110846816
110112,1005.0,967.0400845708219,37.95991542917807
110117,686.0,645.9011858620413,40.0988141379587
110147,1580.0,1255.2210866352152,324.7789133647848
110157,1352.0,1237.9333337176604,114.06666628233961
110163,1250.0,1299.2166499425516,-49.21664994255161
110171,795.0,692.685831710306,102.31416828969395
110178,1090.0,1060.3885042291374,29.611495770862575
110184,1680.0,1348.6209341027666,331.37906589723343
110204,795.0,666.9119287744765,128.08807122552355
110205,1350.0,1198.4371154965195,151.56288450348052
110208,1030.0,690.7137987602569,339.28620123974315
110221,685.0,734.0278731697389,-49.02787316973888
110222,1260.0,1086.228329855118,173.7716701448819
110240,1150.0,1224.8900367637734,-74.89003676377342
110245,1420.0,1251.402764711101,168.5972352888989
110252,1230.0,1090.7417271146073,139.25827288539267
110254,1210.0,1205.0599994039555,4.940000596044456
110268,815.0,742.079625224775,72.92037477522501
110272,1055.0,1067.2205355483325,-12.220535548332464
110274,1089.0,1069.0593142531854,19.94068574681455
110283,845.0,734.1859200724422,110.81407992755783
110293,555.0,682.882734050132,-127.88273405013194
110305,1120.0,1051.2700750719337,68.72992492806634
110326,1100.0,921.5225134381545,178.47748656184547
110349,1280.0,1043.3066770900562,236.69332290994384
110368,1105.0,1140.6466216978356,-35.6466216978356
110392,1607.0,1123.0514363897112,483.94856361028883
110410,1220.0,1226.934107596532,-6.9341075965319305
110429,1080.0,903.184761465464,176.81523853453598
110430,632.0,697.7811781161064,-65.78117811610639
110442,1080.0,1135.6943827799137,-55.69438277991367
110472,1090.0,1046.5395186659218,43.46048133407817
110503,462.0,612.4172455420157,-150.41724554201573
110515,1100.0,1229.1076114279062,-129.10761142790625
110522,1165.0,1128.6644351378209,36.335564862179126
110537,740.0,753.0769387384443,-13.076938738444255
110539,770.0,724.4011280167698,45.5988719832302
110540,625.0,728.6104189508793,-103.6104189508793
110551,1250.0,982.3696647433184,267.63033525668163
110554,1335.0,1160.8003924523857,174.19960754761428
110562,1335.0,1204.9155519333804,130.08444806661964
110564,590.0,697.9228674873812,-107.92286748738115
110567,1095.0,1237.2220901641458,-142.2220901641458
110577,855.0,917.2446566660818,-62.24465666608182
110601,895.0,1120.651800758854,-225.65180075885405
110608,860.0,1100.3169099024296,-240.31690990242964
110619,1230.0,1183.4547469510992,46.545253048900804
110637,905.0,986.5593628568703,-81.55936285687028
110643,845.0,716.5679711538435,128.43202884615653
110651,728.0,699.2517421561805,28.748257843819488
110680,1055.0,1067.8354998639347,-12.835499863934729
110697,1520.0,1269.2673568272357,250.73264317276426
110704,1100.0,1091.2498238635633,8.750176136436721
110730,733.0,638.0302598158421,94.9697401841579
110731,1405.0,1342.4025163151628,62.59748368483724
110768,845.0,698.3937815977363,146.60621840226372
110769,1045.0,933.6156572430754,111.38434275692464
110776,1375.0,1296.9685908599438,78.03140914005621
110782,1180.0,1030.7089896748228,149.29101032517724
110786,1210.0,1230.0858048993732,-20.085804899373215
110791,1165.0,1189.7284555940194,-24.72845559401935
110800,1080.0,1245.3662349116048,-165.3662349116048
110806,520.0,671.901943893304,-151.90194389330395
110814,810.0,886.5383775789946,-76.53837757899464
110833,770.0,727.9876717727298,42.012328227270245
110836,1008.0,1301.409328055042,-293.4093280550419
110859,1090.0,1088.8846239102666,1.115376089733445
110886,1040.0,1025.2977210123668,14.702278987633235
110934,1005.0,1170.3817647719154,-165.3817647719154
110973,1435.0,1239.9722022413303,195.02779775866975
110999,1515.0,1224.046821417878,290.95317858212206
111024,1605.0,1300.728199670165,304.27180032983506
111037,1245.0,1155.6923134332212,89.30768656677878
111058,790.0,909.6221624376252,-119.6221624376252
111085,598.0,649.7996017830754,-51.799601783075445
111104,1220.0,1168.8193378584701,51.180662141529865
111110,1490.0,1311.9468228080395,178.05317719196046
111112,1095.0,1128.0234510495272,-33.02345104952724
111126,1210.0,1065.485159805611,144.51484019438908
111142,1375.0,1178.4986836372645,196.50131636273545
111144,740.0,732.2915637833743,7.708436216625728
111147,1367.0,1002.6790808887093,364.32091911129066
111167,485.0,730.0875425145182,-245.0875425145182
111177,1300.0,1189.8843160755184,110.11568392448157
111186,920.0,1081.9159685223622,-161.91596852236216
111188,1455.0,1080.1426642665947,374.8573357334053
111191,700.0,599.2350384404408,100.7649615595592
111198,1540.0,1282.3832296722637,257.6167703277363
111204,485.0,619.3324125859226,-134.3324125859226
111211,802.0,717.6944035656945,84.30559643430547
111214,1040.0,944.3818359118704,95.61816408812956
111219,1095.0,1202.5993663297452,-107.59936632974518
111249,765.0,736.4323505476992,28.56764945230077
111252,830.0,1036.8960559205796,-206.89605592057956
111257,700.0,676.4677556123726,23.53224438762743
111270,535.0,526.334478718735,8.665521281265
111275,761.0,611.9517893374059,149.0482106625941
111277,1220.0,1097.6038679997266,122.39613200027338
111278,1345.0,1328.2084583877097,16.791541612290303
111285,835.0,721.0905345138269,113.90946548617308
111292,760.0,689.6299809859116,70.37001901408837
111294,1010.0,961.8851963081335,48.11480369186654
111297,750.0,670.7421096214791,79.25789037852087
111322,594.0,768.6025507323509,-174.6025507323509
111325,955.0,718.2274669321229,236.77253306787713
111353,1470.0,1278.7415487604553,191.25845123954468
111371,1244.0,1287.8343141905873,-43.83431419058729
111372,1250.0,1232.8597809224627,17.140219077537267
111391,1355.0,1248.6930578440783,106.30694215592166
111393,895.0,691.21267581383,203.78732418617005
111425,610.0,696.3161359935708,-86.31613599357081
111460,562.0,697.275389235868,-135.27538923586803
111473,770.0,771.3457452315974,-1.3457452315974479
111534,1065.0,948.5921541252375,116.40784587476253
111536,800.0,1203.4429772965564,-403.44297729655636
111541,845.0,739.9755975661395,105.02440243386047
111552,790.0,972.5815931451649,-182.5815931451649
111574,1540.0,1342.2997219972635,197.70027800273647
111587,1250.0,1114.0077731167312,135.9922268832688
111596,819.0,665.0614070387585,153.9385929612415
111613,1205.0,1068.7325277478349,136.26747225216513
111645,1310.0,1160.9445844641275,149.0554155358725
111651,721.0,742.2675321298074,-21.267532129807364
111654,605.0,774.8167533042265,-169.8167533042265
111664,974.0,857.5065319860026,116.49346801399736
111680,545.0,603.9223250236158,-58.92232502361583
111690,1110.0,1002.6790808887093,107.32091911129066
111695,1325.0,1279.329901850026,45.67009814997391
111698,1030.0,1066.7179335199044,-36.71793351990436
111702,1117.0,1230.0084378930505,-113.00843789305054
111710,815.0,736.2301769755484,78.76982302445163
111711,1080.0,995.1343179431792,84.86568205682079
111715,1310.0,1272.2964091205442,37.70359087945576
111720,900.0,949.6656433252383,-49.66564332523831
111739,1202.0,1182.9236491976835,19.076350802316483
111748,668.0,551.513229445976,116.48677055402402
111749,999.0,698.3497811732298,300.65021882677024
111762,1150.0,1206.7075382670096,-56.70753826700957
111792,710.0,620.6049260788633,89.39507392113671
111805,1200.0,1240.7547774099453,-40.75477740994529
111811,1135.0,1030.0614655407066,104.93853445929335
111821,950.0,1146.6671897762708,-196.6671897762708
111826,1113.0,1032.7405824324235,80.25941756757652
111854,1140.0,1277.7101551013507,-137.71015510135067
111870,1409.0,1219.9871395410773,189.01286045892266
111880,630.0,767.3893997929765,-137.38939979297652
111885,594.0,687.912183528936,-93.912183528936
111888,1290.0,1231.0882578113553,58.911742188644666
111894,876.0,944.3818359118704,-68.38183591187044
111899,860.0,739.0599351465377,120.94006485346233
111922,1210.0,1117.6968455170509,92.30315448294914
111926,712.0,627.8789072163651,84.12109278363494
111945,1235.0,1105.9182647385064,129.08173526149358
111952,1395.0,1257.3968442189434,137.60315578105656
111954,1325.0,1158.215222209823,166.78477779017703
111974,980.0,1088.2006348738573,-108.20063487385733
111993,1046.0,1038.1344233728219,7.865576627178143
112003,605.0,685.7524351189372,-80.75243511893723
112049,760.0,760.3941350906355,-0.3941350906354728
112064,585.0,702.3747265883254,-117.37472658832542
112074,555.0,620.7107243266133,-65.71072432661333
112107,890.0,994.3477702683251,-104.34777026832512
112121,1095.0,1091.3438062506402,3.6561937493597725
112143,750.0,726.5385541835815,23.461445816418518
112162,1340.0,1200.0455388514156,139.95446114858441
112184,1345.0,1138.8769844863318,206.12301551366818
112199,1285.0,1256.017008182453,28.982991817546917
112227,1300.0,1199.3529173765535,100.64708262344652
112229,1260.0,1071.219299988346,188.78070001165406
112230,1035.0,996.8339708853433,38.16602911465668
112238,738.0,878.7580252228388,-140.7580252228388
112240,1110.0,1186.257343002737,-76.25734300273689
112255,1140.0,1077.8444546177955,62.15554538220454
112257,890.0,1012.3425355947875,-122.34253559478748
112258,1080.0,1087.3070555998008,-7.307055599800833
112261,870.0,959.7326267991365,-89.73262679913648
112324,475.0,678.1774117338274,-203.1774117338274
112345,1435.0,1331.9011632527286,103.09883674727143
112364,921.0,748.8380922856688,172.16190771433116
112366,717.0,599.5773415326819,117.42265846731812
112373,680.0,612.8778289742785,67.12217102572151
112383,1025.0,1037.0524287936175,-12.052428793617537
112389,1390.0,1197.6722644960905,192.32773550390948
112390,895.0,962.4905856695605,-67.49058566956046
112430,1010.0,1111.1318962874511,-101.13189628745113
112431,627.0,748.4350985186902,-121.43509851869021
112476,1190.0,1002.6790808887093,187.32091911129066
112488,760.0,735.0241060605481,24.975893939451907
112493,1070.0,1225.489618565905,-155.48961856590495
112505,1285.0,1218.3984599207076,66.60154007929236
112508,1030.0,1077.1849720793975,-47.18497207939754
112534,870.0,1103.486029065363,-233.48602906536303
112546,840.0,786.6280631809564,53.37193681904364
112566,1170.0,1118.837080351995,51.16291964800507
112577,720.0,1044.7970729363346,-324.79707293633464
112590,675.0,671.3898609650828,3.6101390349172107
112599,1140.0,1050.232989595058,89.76701040494208
112615,895.0,1191.1855904711642,-296.18559047116423
112622,710.0,721.8305407025283,-11.83054070252831
112637,1140.0,1198.6547150226293,-58.65471502262926
112644,615.0,636.6537293382211,-21.65372933822107
112676,1285.0,1236.1945305766328,48.805469423367185
112699,752.0,670.0242485528189,81.9757514471811
112702,981.0,585.5141897266872,395.48581027331284
112714,576.0,544.0604356524926,31.93956434750737
112743,1150.0,995.2372830773182,154.76271692268176
112755,1180.0,1186.1483069636542,-6.14830696365425
112763,410.0,697.4361304345871,-287.4361304345871
112772,800.0,699.0291839638086,100.97081603619142
112782,1084.0,1196.671618411793,-112.6716184117929
112784,1230.0,1054.771221216049,175.22877878395093
112793,760.0,689.1301099439493,70.86989005605074
112814,8.0,1111.1414113677858,-1103.1414113677858
112819,900.0,968.3506536476524,-68.3506536476524
112826,820.0,711.1835337563693,108.81646624363066
112829,890.0,700.898546118859,189.10145388114097
112831,520.0,647.5285602004398,-127.52856020043976
112841,1050.0,1213.2938650801946,-163.29386508019456
112843,705.0,731.7009273812446,-26.700927381244583
112888,980.0,1051.2699562802372,-71.26995628023724
112912,610.0,673.7420697065768,-63.742069706576785
112929,1310.0,1251.0545648796588,58.945435120341244
112942,1235.0,1048.5221065226433,186.4778934773567
113009,755.0,1012.6628022356992,-257.66280223569925
113032,870.0,583.5252472452896,286.4747527547104
113068,890.0,760.0154050945288,129.98459490547123
113078,960.0,977.2304129810666,-17.230412981066593
113079,695.0,591.7048130609802,103.2951869390198
113080,887.0,700.3329277402069,186.66707225979314
113092,855.0,1055.9620048940653,-200.96200489406533
113105,610.0,621.4700482384177,-11.47004823841769
113122,770.0,718.4003132956512,51.599686704348755
113143,650.0,632.6978139230542,17.30218607694576
113173,826.0,988.8117128518983,-162.81171285189828
113187,1240.0,1180.6102977153143,59.389702284685654
113195,1280.0,1269.1325976951068,10.867402304893176
113200,1102.0,1111.2328088251938,-9.232808825193842
113204,810.0,644.0433726888008,165.9566273111992
113210,1350.0,1131.5114434840798,218.4885565159202
113231,835.0,742.2633569373446,92.73664306265539
113283,937.0,731.4457849667428,205.55421503325715
113290,590.0,578.6773977914053,11.32260220859473
113293,889.0,676.5936629928683,212.4063370071317
113314,713.0,724.3957060566263,-11.395706056626295
113338,862.0,754.7343991130497,107.26560088695032
113344,1285.0,1236.7349103429774,48.2650896570226
113384,1301.0,1070.9247723125598,230.07522768744025
113398,726.0,551.5572578816897,174.44274211831032
113402,1020.0,1234.822291004396,-214.822291004396
113430,1105.0,1216.8008654314606,-111.80086543146058
113437,1190.0,993.3120821481047,196.68791785189535
113442,1040.0,1146.308352167172,-106.30835216717196
113446,580.0,597.2659946642015,-17.265994664201457
113453,616.0,688.6160229103142,-72.6160229103142
113471,890.0,905.608303152746,-15.608303152745975
113478,1165.0,1202.9886363535616,-37.98863635356156
113484,1000.0,921.8197321290994,78.1802678709006
113498,1655.0,1179.5125591983553,475.48744080164465
113536,1295.0,1170.6057912838528,124.3942087161472
113544,1305.0,1318.4617704116613,-13.461770411661291
113581,960.0,996.2504963221628,-36.2504963221628
113589,1315.0,1123.4372732858355,191.56272671416446
113597,993.0,746.5827962027664,246.41720379723358
113616,980.0,1139.8085473942378,-159.80854739423785
113617,460.0,629.3411042258049,-169.34110422580488
113625,1080.0,1130.9582389926677,-50.9582389926677
113640,1210.0,1222.4403558236968,-12.440355823696791
113659,1000.0,912.6443089975504,87.35569100244959
113680,940.0,1196.3478916298475,-256.3478916298475
113698,1370.0,1178.536144810545,191.463855189455
113702,1000.0,1208.0201178377856,-208.02011783778562
113784,1150.0,1105.395379837356,44.604620162644096
113786,732.0,718.8631334721958,13.136866527804159
113788,1085.0,849.7338404018781,235.26615959812193
113828,1135.0,1044.7379168701013,90.26208312989866
113834,1522.0,1306.779275917836,215.220724082164
113843,1300.0,1034.7993641383441,265.2006358616559
113857,1020.0,742.6667967469851,277.33320325301486
113879,720.0,716.7052524632597,3.2947475367402603
113889,1150.0,1231.8276135290723,-81.82761352907232
113896,775.0,1028.4725515271718,-253.47255152717185
113904,1320.0,1227.2240453755796,92.77595462442036
113906,1285.0,1312.7882422551652,-27.788242255165187
113909,462.0,595.8923447383785,-133.89234473837848
113910,612.0,787.9579676473247,-175.95796764732472
113932,682.0,663.0750625416123,18.924937458387717
113967,1230.0,1207.3349882887835,22.665011711216493
113987,725.0,666.0886939637963,58.911306036203655
113989,710.0,790.5038051908958,-80.50380519089583
113995,420.0,638.9142915917417,-218.91429159174174
113999,615.0,929.4847777364249,-314.4847777364249
114006,1225.0,1162.1522472606896,62.84775273931041
114023,635.0,797.9206911970276,-162.92069119702762
114030,950.0,1327.4730082501642,-377.4730082501642
114041,782.0,689.9799224758394,92.02007752416057
114049,1183.0,1293.6409824674502,-110.64098246745016
114058,893.0,725.0634642007615,167.93653579923853
114062,690.0,1272.6189375520164,-582.6189375520164
114076,1370.0,1222.4749455976678,147.52505440233222
114092,790.0,748.0108152256919,41.989184774308114
114095,1305.0,1234.057074641904,70.94292535809609
114096,735.0,680.9561700603286,54.043829939671355
114106,1045.0,1194.2366621388546,-149.23666213885463
114110,1010.0,1326.7012322395212,-316.70123223952123
114120,1594.0,1175.2093058920793,418.7906941079207
114134,1047.0,1106.6003225382658,-59.6003225382658
114144,810.0,537.1226067066722,272.8773932933278
114145,960.0,996.5249549590566,-36.52495495905657
114154,1000.0,1064.9947855927107,-64.99478559271074
114155,620.0,643.6460472891707,-23.646047289170724
114183,590.0,640.3679111544818,-50.36791115448182
114219,1295.0,1138.5880328593744,156.41196714062562
114235,1090.0,1134.1586628005816,-44.158662800581624
114243,1535.0,1143.8978559248746,391.10214407512535
114244,1115.0,1235.6610134076177,-120.6610134076177
114271,1190.0,1085.0428738994915,104.9571261005085
114274,1045.0,1149.8856692825211,-104.88566928252112
114283,1115.0,1115.249732168635,-0.2497321686350915
114298,1475.0,1090.630393088254,384.3696069117459
114301,1091.0,1132.7068489196406,-41.706848919640606
114333,1460.0,1305.0441939605837,154.9558060394163
114343,1020.0,1090.2883544386898,-70.2883544386898
114358,1152.0,984.2724627804786,167.72753721952142
114390,1257.0,1265.35947916173,-8.35947916172995
114391,724.0,674.2957583218601,49.70424167813985
114417,800.0,1060.9211566193587,-260.9211566193587
114423,950.0,911.5088415949681,38.49115840503191
114432,797.0,792.0985745553941,4.901425444605934
114438,1000.0,1076.965360777582,-76.96536077758196
114451,723.0,679.7620312085897,43.23796879141025
114516,1265.0,1093.1229248619711,171.87707513802889
114524,1140.0,944.0050835912382,195.9949164087618
114536,1102.0,1348.097369046631,-246.097369046631
114564,1036.0,1030.3513111002385,5.64868889976151
114573,1276.0,1259.6869639680556,16.31303603194442
114607,920.0,1029.4593744362958,-109.45937443629578
114625,693.0,583.9001388550661,109.09986114493393
114634,640.0,649.525662384558,-9.525662384558018
114660,1259.0,1067.034525317442,191.9654746825579
114661,1157.0,1046.051403007274,110.94859699272592
114670,1304.0,1125.0197386801474,178.98026131985262
114695,1019.0,1038.5884967408776,-19.588496740877645
114696,820.0,612.7631287411872,207.2368712588128
114700,1125.0,1230.5585238923497,-105.55852389234974
114733,1213.0,1233.8367466623447,-20.836746662344694
114740,690.0,679.8958707476912,10.10412925230878
114752,981.0,1210.5501173063394,-229.55011730633942
114770,1040.0,1035.1931215346958,4.80687846530418
114771,1008.0,1110.1076770026257,-102.10767700262568
114794,789.0,728.559978886764,60.44002111323596
114802,1003.0,748.9236014818623,254.0763985181377
114828,959.0,1195.9636218963062,-236.96362189630622
114839,985.0,943.4521153859581,41.54788461404189
114846,921.0,1112.7931951084856,-191.79319510848563
114854,1305.0,1267.8375365840477,37.16246341595229
114862,1020.0,1106.0010416859282,-86.00104168592816
114881,680.0,662.9239884106927,17.076011589307313
114898,1332.0,1187.20413439526,144.7958656047399
114922,1201.0,1066.7710213033113,134.22897869668873
114925,1124.0,1204.1650890813924,-80.16508908139235
114927,1135.0,1278.2800917833208,-143.2800917833208
114949,1150.0,1005.9624298287515,144.0375701712485
114961,1127.0,1076.1236177551973,50.8763822448027
114972,1270.0,1053.4066743284884,216.5933256715116
114974,967.0,1004.4037438829392,-37.40374388293924
114989,1216.0,1010.1323326356796,205.86766736432037
114991,633.0,761.5855185351892,-128.58551853518918
115011,750.0,690.8408623252246,59.159137674775366
115021,930.0,986.2431164770628,-56.24311647706281
115076,1331.0,1313.3164110051694,17.683588994830643
115078,940.0,967.8115095724231,-27.81150957242312
115104,374.0,706.0845202644596,-332.08452026445957
115119,450.0,627.9929899893713,-177.99298998937127
115131,1165.0,980.4960294082441,184.5039705917559
115134,1360.0,1101.5203540936118,258.4796459063882
115139,910.0,744.3224103402937,165.6775896597063
115161,540.0,618.4616460799365,-78.46164607993649
115188,616.0,546.4197430254931,69.58025697450694
115193,1255.0,1226.8497269653237,28.150273034676275
115207,515.0,645.5879801328493,-130.58798013284934
115211,585.0,645.4708620664484,-60.470862066448376
115214,1146.0,1131.1833576174333,14.81664238256667
115234,935.0,1065.003925599094,-130.00392559909392
115237,660.0,678.5165007120684,-18.516500712068364
115244,1320.0,1115.307153503815,204.69284649618498
115260,1315.0,1171.0104794161834,143.98952058381656
115265,1350.0,1179.8654600220318,170.1345399779682
115271,660.0,945.035429289844,-285.03542928984405
115296,791.0,678.3517888834889,112.6482111165111
115330,825.0,741.0869848150506,83.91301518494936
115334,970.0,702.6095941783237,267.39040582167627
115347,495.0,526.2926420856442,-31.29264208564416
115348,1295.0,1053.2599607022137,241.74003929778632
115353,1020.0,1189.0293222513785,-169.02932225137852
115362,1422.0,1235.3184203818996,186.6815796181004
115391,766.0,760.5585761943667,5.441423805633349
115396,910.0,974.6496674582612,-64.6496674582612
115415,1319.0,1148.5049851517472,170.49501484825282
115464,815.0,649.071102704941,165.92889729505896
115524,1155.0,1093.5668091834364,61.43319081656364
115530,1230.0,1244.1330946414039,-14.133094641403886
115606,1395.0,1083.7770882551902,311.22291174480983
115615,1290.0,1206.3136961277369,83.68630387226312
115631,1380.0,1177.1799235380386,202.82007646196143
115636,805.0,711.4660076054647,93.53399239453529
115640,670.0,696.619296128763,-26.61929612876304
115657,1000.0,1218.834188801401,-218.83418880140107
115660,1047.0,1071.339752076286,-24.339752076286004
115692,1540.0,1273.6662061713114,266.3337938286886
115694,750.0,966.3094157373082,-216.3094157373082
115697,1300.0,1086.507236251306,213.49276374869396
115716,652.0,740.8137709256695,-88.81377092566947
115734,1430.0,1167.2249135710113,262.77508642898874
115746,1202.0,985.0807951750137,216.9192048249863
115747,590.0,784.547146634196,-194.547146634196
115748,798.0,1079.2408380919942,-281.2408380919942
115782,1130.0,1105.4388058358488,24.561194164151175
115805,400.0,663.4254947452066,-263.4254947452066
115825,1319.0,1082.5404168224902,236.45958317750978
115842,1280.0,1155.3881380135183,124.6118619864817
115844,920.0,1149.1806550922695,-229.1806550922695
115846,1102.0,1134.3222674607127,-32.32226746071274
115847,945.0,1188.873673749509,-243.87367374950895
115858,810.0,1216.2628339774678,-406.26283397746784
115862,1201.0,1293.841271549239,-92.84127154923908
115888,1170.0,1184.2060146989963,-14.206014698996341
115897,1490.0,1202.8010061737746,287.19899382622543
115900,1140.0,1128.6720744298188,11.32792557018115
115914,900.0,1148.030041041871,-248.03004104187107
115918,1065.0,1036.7005624688197,28.299437531180274
115954,1165.0,1236.2940273848862,-71.29402738488625
115959,1170.0,1093.0828619375545,76.91713806244547
115975,970.0,1138.673358661131,-168.67335866113103
115988,635.0,647.8875070426903,-12.887507042690345
116014,1170.0,1190.9990570287957,-20.999057028795733
116019,1290.0,1000.6167770400061,289.3832229599939
116058,925.0,1169.9647960048167,-244.96479600481666
116059,740.0,1006.913111858438,-266.913111858438
116066,1055.0,1196.3686050302792,-141.36860503027924
116073,1065.0,1072.7121663901667,-7.712166390166658
116084,1160.0,1139.178117937517,20.821882062482928
116086,1020.0,1055.032385359199,-35.032385359199
116119,1110.0,1104.1993585060509,5.800641493949115
116123,555.0,599.9999669025249,-44.999966902524875
116124,950.0,926.858199405729,23.14180059427099
116170,1105.0,1254.893562747772,-149.89356274777197
116194,852.0,680.8661278245494,171.13387217545062
116196,1180.0,1268.4161236339794,-88.4161236339794
116226,761.0,757.315526579804,3.6844734201960136
116263,1070.0,1107.8475444614617,-37.847544461461666
116265,1120.0,1126.0202801457722,-6.020280145772176
116272,735.0,791.652024993412,-56.652024993412056
116278,1070.0,1134.138699379883,-64.13869937988306
116281,1082.0,1251.477336646869,-169.47733664686893
116283,950.0,965.9783104994133,-15.978310499413283
116284,1505.0,1195.3415769077174,309.65842309228265
116287,1268.0,1175.2051344761846,92.79486552381536
116314,925.0,994.4799017048509,-69.47990170485093
116319,1200.0,1113.1277444117359,86.87225558826412
116324,790.0,720.3777591310314,69.62224086896856
116429,1135.0,995.8955975102193,139.10440248978068
116453,1198.0,1228.6320353586032,-30.63203535860316
116471,815.0,794.3010449969656,20.69895500303437
116475,920.0,1106.9899850023905,-186.98998500239054
116497,506.0,573.1867361135121,-67.1867361135121
116510,915.0,1036.9406750934522,-121.94067509345223
116530,1060.0,1017.0214139338501,42.97858606614989
116574,575.0,637.1516654132985,-62.151665413298474
116620,981.0,1194.7096739976305,-213.7096739976305
116624,1052.0,997.3219235003693,54.67807649963072
116635,620.0,683.8187541849904,-63.81875418499044
116654,1160.0,1187.1709416843066,-27.170941684306626
116664,1160.0,1000.6826425202513,159.3173574797487
116671,815.0,801.0363652450458,13.963634754954228
116690,790.0,699.9982742525106,90.00172574748944
116711,590.0,598.7438137609566,-8.743813760956641
116728,1185.0,950.9667489672187,234.03325103278132
116730,1047.0,1268.4990597524006,-221.49905975240063
116741,1036.0,1110.812477223759,-74.81247722375906
116756,825.0,694.6694894473648,130.33051055263525
116761,1180.0,1110.7410920324603,69.2589079675397
116768,544.0,632.2615054394375,-88.26150543943754
116803,705.0,728.3219845309224,-23.32198453092235
116808,680.0,724.3870312842829,-44.3870312842829
116826,1120.0,1177.5747253028883,-57.57472530288828
116834,1080.0,977.4912629532682,102.50873704673177
116837,1270.0,1167.384208635865,102.61579136413502
116872,690.0,700.3329277402069,-10.332927740206856
116877,585.0,674.7630696963414,-89.7630696963414
116908,1570.0,1261.2399022515751,308.76009774842487
116915,1200.0,1255.5613003880992,-55.5613003880992
116927,1300.0,1107.6612828727953,192.33871712720475
116929,1175.0,1271.0071647959496,-96.00716479594962
116936,1220.0,1204.6851457961302,15.3148542038698
116941,896.0,1089.0587094422783,-193.0587094422783
116953,1290.0,1238.91422520043,51.08577479956989
116954,740.0,745.5874173924954,-5.587417392495354
116975,470.0,726.8364536625611,-256.8364536625611
116981,1350.0,1140.3549209443677,209.64507905563232
117017,1365.0,1111.4579258904653,253.54207410953472
117039,1025.0,1188.3212036943353,-163.32120369433528
117041,545.0,705.3577349322524,-160.35773493225236
117047,1080.0,1051.6266192853518,28.373380714648192
117054,1240.0,1132.92255261945,107.07744738054998
117057,920.0,745.8530898321688,174.14691016783115
117063,845.0,720.2499602028549,124.75003979714506
117067,595.0,606.0781329163838,-11.078132916383765
117074,1170.0,1067.6261400460698,102.37385995393015
117088,1000.0,1218.948846893644,-218.94884689364403
117106,1058.0,1074.4983635384633,-16.49836353846331
117122,921.0,726.4019810232556,194.59801897674436
117134,1200.0,1188.6818197936961,11.31818020630385
117143,430.0,633.7544985310124,-203.75449853101236
117200,1020.0,1054.0082876925032,-34.008287692503245
117208,575.0,667.619350261509,-92.619350261509
117212,975.0,1072.1961950021075,-97.19619500210752
117219,867.0,707.3701782132827,159.62982178671734
117230,948.0,1206.529346407766,-258.52934640776607
117244,1015.0,1064.8529857638223,-49.85298576382229
117258,800.0,675.052051134011,124.94794886598902
117270,1180.0,1236.396551308822,-56.39655130882193
117273,1335.0,1182.0649200282921,152.93507997170786
117276,1085.0,1125.8572566768146,-40.857256676814586
117280,670.0,676.1158048657827,-6.115804865782707
117299,1115.0,1109.0775516848462,5.922448315153815
117306,1120.0,1143.628998425219,-23.628998425218924
117327,1030.0,1185.6792683290814,-155.67926832908142
117351,1380.0,1075.1335153800046,304.8664846199954
117383,1297.0,1115.2671713290226,181.73282867097737
117401,775.0,725.8198473647843,49.18015263521568
117411,790.0,1060.3743022879598,-270.37430228795984
117444,1115.0,1184.7008429317602,-69.70084293176023
117454,895.0,930.2826489530568,-35.282648953056764
117459,860.0,669.8798128750693,190.12018712493068
117496,686.0,623.0158833888826,62.98411661111743
117511,1270.0,1110.4669474255518,159.53305257444822
117528,690.0,683.1953267681032,6.8046732318968
117570,1120.0,1202.3883339352062,-82.38833393520622
117572,1205.0,1047.207312175728,157.79268782427198
117588,890.0,949.6656433252383,-59.66564332523831
117598,1320.0,1218.2017814190854,101.79821858091464
117601,782.0,627.0849754182934,154.91502458170658
117604,820.0,686.9705579644717,133.0294420355283
117650,1180.0,1062.9484634708265,117.05153652917352
117652,1051.0,1001.0655005394807,49.934499460519305
117679,775.0,609.4677690075788,165.5322309924212
117684,583.0,564.3156609748562,18.6843390251438
117690,855.0,698.6143520242082,156.3856479757918
117695,950.0,1075.805998924591,-125.805998924591
117721,535.0,636.77067169452,-101.77067169452005
117737,1120.0,1011.7072459526307,108.29275404736927
117746,865.0,934.1666378868649,-69.16663788686492
117754,945.0,1261.4340951978513,-316.4340951978513
117763,1390.0,1367.741619310312,22.25838068968801
117774,980.0,1028.960146342651,-48.96014634265089
117803,1000.0,1244.322560757183,-244.32256075718306
117806,1370.0,1285.9966542232478,84.00334577675221
117844,870.0,1034.846734072957,-164.8467340729569
117856,1080.0,954.337319413708,125.66268058629203
117866,1088.0,1021.0148897918182,66.98511020818182
117870,1190.0,1131.9143564167844,58.08564358321564
117871,1050.0,1160.468169363431,-110.46816936343089
117897,772.0,659.7571289025498,112.24287109745023
117900,632.0,571.0424505750128,60.95754942498718
117912,1245.0,1227.637994323245,17.36200567675496
117917,730.0,767.1914212139749,-37.19142121397488
117933,1230.0,1261.1098727852436,-31.109872785243624
117936,1221.0,1249.0519689333867,-28.05196893338666
117949,925.0,1118.295671514001,-193.29567151400101
117961,710.0,666.9315118867058,43.068488113294165
117963,945.0,942.5574824966498,2.4425175033502455
117984,1405.0,1214.824682171723,190.175317828277
117990,561.0,663.5481322222198,-102.5481322222198
118009,800.0,723.4643696684333,76.53563033156672
118016,1160.0,1141.4378040183778,18.562195981622153
118033,1036.0,1221.7836947112767,-185.78369471127667
118034,1265.0,1160.9556674971936,104.04433250280636
118036,1274.0,1171.4776233162545,102.5223766837455
118066,1380.0,1297.1947170002288,82.80528299977118
118072,591.0,667.4893207714177,-76.48932077141774
118074,1086.0,1260.030279737992,-174.03027973799203
118096,495.0,645.4201485374953,-150.42014853749527
118105,530.0,581.5645158525161,-51.56451585251614
118110,780.0,771.7342512096989,8.265748790301132
118121,515.0,678.3738687203545,-163.3738687203545
118130,1195.0,1199.086313515717,-4.086313515716938
118136,1115.0,1166.8419341682318,-51.841934168231774
118163,1165.0,1200.641442438302,-35.641442438301965
118181,745.0,567.1183941798942,177.88160582010585
118188,1169.0,1075.2024105574374,93.79758944256264
118197,930.0,729.6476716738318,200.35232832616816
118200,1220.0,1196.0881111100798,23.911888889920192
118226,1235.0,1248.545941187769,-13.545941187768904
118237,827.0,975.244343435199,-148.24434343519897
118241,640.0,597.4396102510619,42.560389748938064
118247,1140.0,1052.4124621506708,87.58753784932924
118278,1205.0,1018.9726479159657,186.0273520840343
118283,1094.0,1102.19608211406,-8.196082114059891
118304,598.0,618.8356184233294,-20.83561842332938
118324,970.0,1054.526214142779,-84.52621414277905
118349,1157.0,952.8731388888887,204.12686111111134
118408,784.0,736.5634012866111,47.43659871338889
118429,1135.0,1158.727929601645,-23.727929601644973
118450,1160.0,1215.4461508224856,-55.446150822485606
118452,970.0,1084.148502439871,-114.14850243987098
118483,940.0,1127.1248638918776,-187.12486389187757
118489,1420.0,1261.9328037307826,158.06719626921745
118510,1047.0,1120.4356954239242,-73.43569542392424
118521,1551.0,1091.6702646320107,459.3297353679893
118524,680.0,678.3232516271696,1.6767483728303887
118526,1422.0,1274.8687314127912,147.13126858720875
118560,1095.0,1143.679096440914,-48.67909644091401
118566,1010.0,1083.921284332237,-73.92128433223706
118567,1225.0,1273.7966463928453,-48.79664639284533
118577,735.0,665.6267187545208,69.37328124547923
118622,1160.0,984.6417939609802,175.35820603901982
118642,1225.0,1119.9530993971393,105.04690060286066
118645,545.0,648.8195928443579,-103.81959284435789
118659,1175.0,1041.729249860763,133.27075013923695
118661,473.0,762.7744656340219,-289.7744656340219
118662,750.0,739.4265420089002,10.573457991099758
118672,705.0,768.5278070904739,-63.52780709047386
118710,670.0,668.6743532702932,1.3256467297068184
118718,1135.0,1149.714070522377,-14.714070522376915
118722,1155.0,1163.1619294549193,-8.161929454919346
118752,692.0,817.6058049574905,-125.60580495749048
118773,1120.0,1269.4593193775615,-149.45931937756154
118778,526.0,652.1212961472669,-126.12129614726689
118803,870.0,950.5600229092901,-80.56002290929007
118817,861.0,1012.2068249963338,-151.2068249963338
118821,1040.0,981.4754061309155,58.52459386908447
118837,915.0,874.7140995891376,40.28590041086238
118842,1095.0,1002.0774969906911,92.92250300930891
118845,1095.0,1013.1555591804447,81.8444408195553
118852,1230.0,1155.270566301788,74.729433698212
118861,1390.0,1253.495993844785,136.50400615521494
118873,1665.0,1310.089746457525,354.91025354247495
118877,1245.0,1021.4271235227816,223.57287647721841
118909,545.0,557.1158495617634,-12.115849561763412
118915,585.0,605.1399646202598,-20.139964620259775
118926,1240.0,1232.8405646625054,7.159435337494642
118939,1075.0,1126.692802084109,-51.69280208410896
118944,683.0,672.8608137849664,10.139186215033646
118946,1257.0,1032.4222342112703,224.57776578872972
118994,695.0,854.9476118464593,-159.94761184645927
119025,480.0,662.7201847193121,-182.7201847193121
119056,963.0,774.3679581319071,188.63204186809287
119062,1305.0,1054.4737217833376,250.52627821666238
119066,1280.0,1228.562616055831,51.437383944168914
119075,1107.0,1226.0779252031452,-119.07792520314524
119079,1323.0,1055.2441635081275,267.7558364918725
119094,776.0,669.6597022748549,106.34029772514509
119107,900.0,708.8258689178919,191.17413108210815
119114,920.0,1258.174921795088,-338.17492179508804
119115,1190.0,1252.524857153063,-62.52485715306307
119123,895.0,1131.8130102886976,-236.81301028869757
119169,570.0,509.2265237047575,60.77347629524252
119187,595.0,734.9196998990865,-139.91969989908648
119188,1290.0,1298.1844446565449,-8.184444656544883
119202,1620.0,1121.0729758767197,498.92702412328026
119271,1515.0,1304.189337249922,210.8106627500781
119293,1460.0,1260.1687971558233,199.8312028441767
119301,1400.0,1268.958796272055,131.041203727945
119349,879.0,901.7402556394512,-22.74025563945122
119352,800.0,1017.0211104411156,-217.02111044111564
119406,818.0,782.7599255911225,35.24007440887749
119407,840.0,1007.601824511532,-167.60182451153196
119451,635.0,642.9403582354059,-7.940358235405938
119462,1235.0,1166.7830540950445,68.21694590495554
119471,970.0,1168.775451156027,-198.77545115602697
119538,700.0,693.5436862867863,6.456313713213717
119568,819.0,871.5664470328326,-52.56644703283257
119573,1255.0,1202.3284106318565,52.671589368143486
119576,575.0,567.9604850186737,7.039514981326306
119578,1225.0,1281.2419395655556,-56.24193956555564
119603,1125.0,1204.9887336371519,-79.98873363715188
119618,1135.0,1131.1053817450395,3.8946182549605055
119633,1205.0,1079.8431160977905,125.15688390220953
119666,577.0,550.7755252023373,26.22447479766265
119702,630.0,659.6671126173238,-29.667112617323824
119704,580.0,645.4302740381806,-65.43027403818064
119717,735.0,686.1568706512589,48.84312934874106
119718,950.0,1086.1730342470955,-136.17303424709553
119725,525.0,668.909182803256,-143.90918280325604
119750,1525.0,1163.9257896681956,361.07421033180435
119755,1175.0,1203.8669936292972,-28.866993629297212
119762,1266.0,912.3416412604932,353.65835873950675
119768,575.0,714.4737030422045,-139.47370304220453
119861,1295.0,1242.0704487764256,52.929551223574435
119869,1170.0,1226.4567989791196,-56.45679897911964
119871,675.0,703.0415055342976,-28.041505534297585
119872,830.0,802.2455779621612,27.754422037838822
119888,755.0,1105.8549175807327,-350.8549175807327
119893,1145.0,1261.6874722079613,-116.68747220796126
119898,750.0,991.9313196286171,-241.93131962861708
119901,1215.0,1211.992084809064,3.007915190936046
119911,630.0,711.1470026266016,-81.14700262660165
119915,875.0,745.2806223152056,129.71937768479438
119937,1180.0,1113.779436283603,66.22056371639701
119963,1125.0,1138.2737992073062,-13.273799207306183
119970,870.0,597.2003547276262,272.7996452723738
119983,1521.0,1332.8377120331286,188.16228796687142
120031,605.0,672.5752258136959,-67.57522581369585
120069,1025.0,744.7466081689893,280.25339183101073
120075,725.0,627.9929899893713,97.00701001062873
120126,926.0,1107.912844938802,-181.91284493880198
120158,643.0,613.1173177291446,29.882682270855412
120167,1422.0,1274.9834550284263,147.0165449715737
120177,925.0,733.195761150888,191.80423884911204
120183,1385.0,1095.3705160536026,289.6294839463974
120187,953.0,692.9117372605871,260.0882627394129
120189,1240.0,1283.4542487256754,-43.45424872567537
120217,1367.0,1160.4637574305013,206.53624256949865
120229,432.0,657.6504853492982,-225.65048534929815
120243,661.0,718.4128801180137,-57.41288011801373
120248,1085.0,1211.4596177660205,-126.45961776602053
120267,1047.0,1050.5685206841656,-3.5685206841656054
120269,981.0,1215.0283911878098,-234.0283911878098
120273,941.0,1033.0130403769278,-92.01304037692785
120306,1279.0,1172.852762957465,106.14723704253493
120313,1100.0,1171.6937877865007,-71.6937877865007
120329,903.0,683.3603478732406,219.63965212675942
120331,1240.0,1137.2287396851957,102.7712603148043
120337,918.0,979.283618133618,-61.283618133618006
120348,575.0,712.6924394176663,-137.69243941766626
120359,1010.0,684.4334863070823,325.56651369291774
120361,1345.0,1090.1437954291962,254.8562045708038
120364,466.0,706.9358977452247,-240.93589774522468
120372,1180.0,964.5889259797698,215.41107402023022
120419,480.0,657.0918062336233,-177.0918062336233
120438,826.0,1087.4342758548505,-261.4342758548505
120439,1272.0,1081.8454184340344,190.1545815659656
120442,725.0,755.1606448635347,-30.160644863534685
120450,1565.0,1050.3852367239185,514.6147632760815
120542,1060.0,897.7161617948947,162.28383820510533
120582,1124.0,977.1762031657212,146.82379683427882
120584,1075.0,1008.3441304412511,66.65586955874892
120607,615.0,600.5318248393995,14.468175160600481
120613,965.0,1136.366803273317,-171.36680327331692
120618,930.0,1174.1135719671627,-244.11357196716267
120622,1135.0,1184.096742513716,-49.09674251371598
120625,950.0,894.9025784472475,55.09742155275251
120631,450.0,530.1484036093533,-80.1484036093533
120635,1000.0,957.9922106835842,42.007789316415824
120646,1069.0,1126.761759420068,-57.761759420068074
120652,1040.0,1247.4805033775533,-207.4805033775533
120662,970.0,1039.7680642472485,-69.7680642472485
120701,1172.0,1238.0073993274345,-66.00739932743454
120725,650.0,704.6756643649354,-54.675664364935415
120753,662.0,860.3567953269626,-198.35679532696258
120780,1124.0,1007.7969720414444,116.2030279585556
120792,700.0,683.4745115379969,16.525488462003068
120795,1040.0,729.3050132124622,310.6949867875378
120826,1180.0,1130.9582389926677,49.0417610073323
120871,1150.0,963.7870823394753,186.21291766052468
120883,785.0,751.5939333365561,33.40606666344388
120917,965.0,935.5582411556937,29.441758844306264
120949,475.0,663.375783904075,-188.37578390407498
120964,1344.0,1312.19755202944,31.802447970560024
120980,1175.0,1062.6408460678576,112.35915393214236
120986,1250.0,1148.999573927377,101.00042607262299
121005,1412.0,1373.2963404960992,38.70365950390078
121006,1200.0,1074.79360592835,125.20639407165004
121009,1210.0,1153.7013333538357,56.29866664616429
121032,571.0,647.1773370757156,-76.17733707571563
121067,1480.0,1290.2915235678647,189.70847643213528
121071,1180.0,1054.2751252750716,125.72487472492844
121088,1680.0,1240.6558319913674,439.34416800863255
121098,955.0,937.8371036431071,17.16289635689293
121099,606.0,643.716366432335,-37.71636643233501
121101,885.0,706.4579017226831,178.54209827731688
121105,980.0,902.4151689635157,77.58483103648427
121107,1231.0,1162.4764918466526,68.5235081533474
121119,1175.0,1110.4552236236427,64.54477637635728
121124,1014.0,1055.4099622740039,-41.409962274003874
121147,1270.0,1273.1473452712326,-3.1473452712325525
121170,860.0,1091.9023242027795,-231.90232420277948
121171,727.0,556.6040687464689,170.3959312535311
121212,910.0,1155.6923134332212,-245.69231343322122
121279,760.0,914.4575759314376,-154.45757593143765
121290,990.0,1037.2764556760062,-47.27645567600621
121336,833.0,698.7197298034639,134.2802701965361
121337,775.0,639.1674314377608,135.8325685622392
121352,849.0,1064.3600176158157,-215.36001761581565
121356,1010.0,1207.092161802683,-197.092161802683
121370,849.0,1117.59194959198,-268.59194959198
121381,790.0,686.6055219447815,103.39447805521854
121391,1069.0,1228.9904648415793,-159.9904648415793
121409,840.0,1083.3022082986513,-243.3022082986513
121410,1310.0,997.7528643313016,312.24713566869843
121411,1415.0,1137.8092078575492,277.19079214245085
121417,1220.0,1217.1616396201748,2.8383603798251897
121491,1100.0,1074.3750294748904,25.624970525109575
121500,677.0,564.8341740043768,112.16582599562321
121518,1039.0,1270.4840614213672,-231.4840614213672
121551,697.0,705.6852144817623,-8.685214481762273
121625,716.0,607.2850622387059,108.7149377612941
121630,1120.0,1109.760755634118,10.239244365882087
121654,825.0,729.6785094289778,95.3214905710222
121656,960.0,1027.7743072477722,-67.77430724777219
121659,570.0,707.0683960831014,-137.06839608310145
121669,960.0,1078.0391988265612,-118.03919882656123
121676,595.0,917.1161787459214,-322.1161787459214
121680,1020.0,756.3459752918706,263.65402470812944
121692,550.0,670.7209456408841,-120.72094564088411
121718,632.0,577.5585050361268,54.4414949638732
121720,755.0,716.6339457132278,38.36605428677217
121742,960.0,977.4892496239385,-17.489249623938463
121792,782.0,732.16301954269,49.836980457310005
121828,1218.0,984.6733312907023,233.32666870929768
121833,550.0,678.461101545778,-128.46110154577798
121834,1265.0,1046.9671384258118,218.03286157418825
121848,1505.0,1206.708050804603,298.2919491953969
121883,503.0,657.8589503599068,-154.85895035990677
121885,1522.0,1296.414689424282,225.58531057571804
121918,990.0,825.2808543139797,164.71914568602028
121978,739.0,699.1032616051529,39.89673839484715
121986,1157.0,1042.6840728289133,114.31592717108674
122019,612.0,722.638162586549,-110.63816258654902
122061,893.0,917.7109993097591,-24.71099930975913
122066,1168.0,1289.2704897505973,-121.27048975059733
122071,449.0,544.6527692915262,-95.65276929152617
122108,1156.0,1221.808485251979,-65.80848525197894
122117,610.0,705.5725260823515,-95.57252608235149
122136,1091.0,966.1166791973794,124.88332080262057
122168,1010.0,1050.4820484545558,-40.48204845455575
122194,435.0,692.9197336518723,-257.9197336518723
122223,800.0,1038.7243505138858,-238.72435051388584
122262,1003.0,1003.8275026970174,-0.827502697017394
122311,725.0,700.8535344628234,24.146465537176596
122326,1370.0,1139.5623647626703,230.4376352373297
122331,850.0,863.4229887387454,-13.422988738745403
122342,1104.0,1080.138968561371,23.86103143862897
122404,1440.0,1260.4709918838182,179.52900811618179
122418,760.0,692.1663465012451,67.83365349875487
122433,1030.0,1149.609509004067,-119.60950900406692
122436,910.0,1090.6756936817198,-180.67569368171985
122438,1105.0,1079.5445516033787,25.45544839662125
122448,1440.0,1157.526059336478,282.47394066352194
122456,1389.0,1342.8135478240388,46.18645217596122
122478,1075.0,980.1655173762847,94.8344826237153
122489,940.0,1005.0773476058544,-65.07734760585436
122498,1045.0,1111.793298777532,-66.79329877753207
122536,860.0,630.3917038531968,229.60829614680324
122537,1306.0,939.0174967246165,366.98250327538346
122546,1040.0,1250.859564411729,-210.85956441172902
122599,1107.0,1122.7484470206905,-15.748447020690492
122602,1005.0,793.0292124428953,211.9707875571047
122611,730.0,685.907147570521,44.09285242947897
122625,575.0,516.0658400546109,58.93415994538907
122642,1230.0,1190.584434019506,39.415565980493966
122643,1250.0,1087.906282248582,162.0937177514179
122652,1295.0,1330.0515756551374,-35.05157565513741
122657,590.0,678.8226266252931,-88.82262662529308
122686,1065.0,990.9327246062111,74.06727539378892
122695,1171.0,967.2373757108246,203.7626242891754
122702,1205.0,1297.6905713768917,-92.69057137689174
122703,1286.0,1074.4258047897254,211.57419521027464
122739,660.0,674.1849623861526,-14.18496238615262
122751,690.0,694.3834582130252,-4.383458213025165
122766,815.0,927.2120311337025,-112.21203113370245
122782,1140.0,1117.917273472821,22.08272652717892
122790,1222.0,1357.2003753078136,-135.2003753078136
122812,745.0,755.7368547726101,-10.736854772610059
122816,965.0,711.6282948279915,253.37170517200855
122850,1035.0,1019.5618769029193,15.438123097080734
122854,850.0,894.8389773809531,-44.83897738095311
122868,530.0,542.613091738491,-12.613091738490994
122881,1230.0,1233.1598210054235,-3.1598210054235096
122921,1280.0,1103.453361869323,176.5466381306769
122938,585.0,667.0467977171464,-82.04679771714643
122964,1482.0,1257.8985378125672,224.10146218743284
122969,1050.0,961.0439994113157,88.95600058868433
122982,985.0,777.3543221536074,207.64567784639257
122997,749.0,1102.0846366413823,-353.0846366413823
123000,1340.0,1016.0950703936031,323.9049296063969
123011,1455.0,1303.3836294746043,151.61637052539572
123012,861.0,744.0267362180755,116.97326378192452
123028,665.0,632.6395340533948,32.360465946605245
123060,920.0,1073.8886536508514,-153.88865365085144
123063,670.0,682.1676366871452,-12.167636687145205
123077,1680.0,1273.4245444630292,406.5754555369708
123089,725.0,666.7990281070831,58.20097189291687
123091,1130.0,1163.6411583444863,-33.64115834448626
123106,694.0,676.9547071086066,17.045292891393387
123133,804.0,924.4335604656262,-120.43356046562621
123150,1155.0,1176.5390067002713,-21.53900670027133
123172,703.0,712.6371285246594,-9.637128524659374
123173,730.0,1206.0820613102812,-476.08206131028123
123185,1220.0,1079.830841406624,140.1691585933761
123193,685.0,658.5297097996458,26.470290200354157
123205,590.0,632.024850144533,-42.02485014453305
123217,815.0,732.5550899913118,82.44491000868823
123219,901.0,1014.3909964090219,-113.39099640902191
123222,590.0,576.741393615225,13.258606384775021
123261,1020.0,1085.789218292217,-65.7892182922169
123262,1210.0,1179.0478516943917,30.95214830560826
123276,1290.0,1103.4062915315592,186.5937084684408
123297,1200.0,1267.5550341531916,-67.55503415319163
123345,785.0,720.2426067423744,64.75739325762561
123365,1212.0,1068.2767721033028,143.72322789669715
123385,1279.0,1017.5119556244713,261.4880443755287
123419,875.0,824.0489437808882,50.95105621911182
123427,1155.0,1089.3618851451981,65.63811485480187
123455,782.0,1072.082473544974,-290.08247354497394
123477,1230.0,1380.4155115427668,-150.4155115427668
123486,746.0,686.679941189575,59.32005881042505
123490,781.0,1079.5757748680967,-298.5757748680967
123501,720.0,677.9157473324386,42.08425266756137
123505,645.0,696.2505935991238,-51.25059359912382
123512,825.0,940.1310360792322,-115.13103607923222
123513,1300.0,1256.3501288479779,43.649871152022115
123524,1375.0,1243.9605691465824,131.03943085341757
123532,535.0,683.8187541849904,-148.81875418499044
123541,657.0,642.5884750532424,14.411524946757595
123551,1340.0,1179.718305915059,160.2816940849409
123630,1168.0,961.593265464905,206.40673453509498
123706,866.0,1106.9899850023905,-240.98998500239054
123751,1265.0,1088.5709202208218,176.4290797791782
123753,760.0,994.0672366781606,-234.0672366781606
123773,575.0,543.5519347867298,31.448065213270183
123780,1036.0,955.0762985288133,80.92370147118675
123805,530.0,736.2009495419335,-206.20094954193348
123838,1065.0,1188.2719943873453,-123.27199438734533
123839,615.0,523.5587188397137,91.44128116028628
123861,928.0,606.3593131300831,321.64068686991686
123889,1370.0,1132.725483046476,237.27451695352397
123891,1110.0,1168.4064661788593,-58.40646617885932
123900,1201.0,1013.5314206211849,187.4685793788151
123939,810.0,761.0431836959299,48.95681630407012
123968,1160.0,767.4948304618072,392.50516953819283
123979,1390.0,1176.5350042935086,213.46499570649144
124014,1000.0,795.4976096966551,204.5023903033449
124077,1285.0,1256.7339067295788,28.266093270421152
124105,725.0,683.7292042882391,41.27079571176091
124111,755.0,693.7911179066963,61.208882093303714
124137,1205.0,1097.662039093164,107.33796090683609
124139,775.0,715.5331689842985,59.46683101570147
124168,1200.0,1175.5886386046702,24.411361395329777
124187,570.0,826.0773612806623,-256.07736128066233
124203,820.0,725.7690333000683,94.23096669993174
124225,757.0,650.3786799510528,106.62132004894715
124232,1010.0,998.1619665159109,11.838033484089124
124262,1440.0,1218.3344567974084,221.6655432025916
124272,1255.0,1203.8783652206187,51.12163477938134
124348,1200.0,1314.174272165526,-114.17427216552596
124352,530.0,750.6027126792172,-220.60271267921723
124353,996.0,983.6659394518981,12.334060548101888
124360,1136.0,901.3409117637794,234.65908823622055
124369,705.0,698.7555704643775,6.244429535622544
124374,489.0,580.1256757902331,-91.12567579023312
124392,1220.0,1264.8721452133793,-44.872145213379326
124395,808.0,729.8246398941618,78.1753601058382
124401,1105.0,1009.61136636902,95.38863363098005
124406,1260.0,1287.2052519124118,-27.205251912411768
124413,860.0,669.9533269637103,190.0466730362897
124445,1310.0,1323.2267157906508,-13.226715790650815
124478,785.0,618.2930736436042,166.7069263563958
124550,1091.0,1075.0831951923897,15.916804807610333
124578,1190.0,1066.1236013264459,123.87639867355415
124579,550.0,705.283941616179,-155.28394161617905
124622,1250.0,1114.0142732995753,135.98572670042472
124651,1080.0,1232.4885543045616,-152.4885543045616
124671,756.0,755.982816041566,0.017183958433975022
124678,1010.0,1175.834723941559,-165.8347239415591
124692,1410.0,1249.2634876631002,160.73651233689975
124711,1355.0,1139.8662350625036,215.13376493749638
124734,1252.0,1035.000094284279,216.99990571572107
124756,1187.0,1091.2387551536738,95.76124484632624
124776,975.0,856.5108141518386,118.48918584816136
124784,1522.0,1201.344989984855,320.6550100151451
124841,634.0,640.3029438488006,-6.3029438488006235
124874,926.0,763.3249506198401,162.67504938015986
124887,1246.0,1075.3650844241376,170.63491557586235
124892,1284.0,1150.3135783061653,133.68642169383475
124931,616.0,878.9974983285523,-262.9974983285523
124932,1170.0,1173.026427192644,-3.0264271926439505
124936,680.0,696.5908306287599,-16.59083062875993
125002,970.0,1036.2729610369333,-66.27296103693334
125019,1230.0,1125.7414805617834,104.25851943821658
125041,1390.0,1239.7303403799995,150.26965962000054
125056,760.0,697.7581103989191,62.24188960108086
125066,655.0,740.817360263305,-85.81736026330498
125069,1220.0,1037.3312221565577,182.66877784344229
125085,1155.0,1197.8836687228445,-42.883668722844504
125102,1330.0,1202.8334248569822,127.16657514301778
125138,1289.0,1228.1341426139506,60.865857386049356
125164,510.0,653.1626332270157,-143.1626332270157
125181,1000.0,1260.943359985103,-260.9433599851029
125191,1260.0,1240.5238134399517,19.47618656004829
125192,1150.0,723.3407985130907,426.6592014869093
125201,1105.0,1194.793789015242,-89.79378901524206
125216,1260.0,1074.9042009896507,185.0957990103493
125232,1470.0,1304.2227177611198,165.77728223888016
125234,1205.0,1208.3632572168735,-3.363257216873535
125261,970.0,745.3268015730799,224.67319842692007
125263,965.0,1087.0955855744064,-122.09558557440641
125268,720.0,721.1349862753318,-1.134986275331812
125272,1230.0,1190.485699909013,39.514300090987035
125278,835.0,810.4430054152558,24.55699458474419
125283,1080.0,1323.4541832543296,-243.45418325432956
125293,992.0,1160.7295236986479,-168.72952369864788
125324,705.0,655.3915315337521,49.60846846624793
125365,964.0,1132.543090965304,-168.54309096530392
125370,1185.0,1223.7613937898363,-38.76139378983635
125374,721.0,671.7355409678056,49.264459032194395
125380,1415.0,1264.4058268963756,150.59417310362437
125384,1194.0,1268.573517542107,-74.57351754210708
125393,635.0,693.4067847105786,-58.40678471057856
125394,1140.0,1104.4441399277493,35.55586007225065
125423,940.0,1088.417416006944,-148.417416006944
125447,1530.0,1141.0281172879227,388.97188271207733
125458,860.0,1021.8972152198393,-161.89721521983927
125461,760.0,615.8972013834609,144.10279861653908
125527,1055.0,1116.4103695795632,-61.41036957956317
125528,1310.0,1160.8984258230266,149.10157417697337
125543,970.0,1299.2632498219466,-329.2632498219466
125554,1150.0,1171.8357066517406,-21.835706651740566
125561,1380.0,1322.0802488126303,57.919751187369684
125595,425.0,572.7741539895011,-147.7741539895011
125602,580.0,642.0345791549745,-62.034579154974494
125626,1630.0,1209.6284160227185,420.3715839772815
125638,860.0,724.9780242424579,135.02197575754212
125645,840.0,721.4505435929617,118.54945640703829
125651,738.0,1079.1417625344584,-341.1417625344584
125668,1285.0,1093.722512287426,191.27748771257393
125676,1169.0,1006.6308318818543,162.3691681181457
125724,1120.0,931.2593826769411,188.74061732305893
125741,1230.0,1294.163975646991,-64.16397564699105
125749,595.0,607.4496486982448,-12.4496486982448
125772,1015.0,1010.21021808996,4.789781910040006
125778,560.0,694.9797028070354,-134.97970280703544
125779,566.0,808.6205956776213,-242.62059567762128
125804,1260.0,1162.3432087371868,97.65679126281316
125869,1167.0,1090.3319338530864,76.66806614691359
125873,940.0,887.6297335191201,52.37026648087988
125904,1080.0,1233.9761033247996,-153.97610332479962
125936,1350.0,1052.4604705083802,297.53952949161976
125943,846.0,685.1385832547649,160.86141674523515
125966,940.0,1079.5483136758714,-139.54831367587144
125981,595.0,679.9336647844863,-84.93366478448627
125988,549.0,632.3550294465138,-83.35502944651375
126020,685.0,611.7800043493276,73.21999565067244
126065,554.0,670.1049105385127,-116.10491053851274
126074,1085.0,983.1121932642426,101.88780673575741
126081,1312.0,1164.6542883222642,147.34571167773584
126097,994.0,1024.4380822675846,-30.438082267584605
126142,500.0,684.3600424908523,-184.36004249085227
126153,1540.0,1116.6927713305215,423.3072286694785
126175,1232.0,1086.0529046203028,145.9470953796972
126179,950.0,1198.039021160315,-248.0390211603151
126183,1090.0,1052.0128036645795,37.98719633542055
126194,1075.0,1125.85606178865,-50.856061788650095
126205,899.0,1070.6007764834499,-171.60077648344986
126244,1031.0,1030.5868242512336,0.4131757487664345
126245,1135.0,1169.7205010025025,-34.72050100250249
126270,1102.0,1224.552392113428,-122.55239211342791
126272,664.0,671.3688366921068,-7.368836692106811
126291,870.0,866.3549300628794,3.6450699371206383
126312,1075.0,1145.1508953172222,-70.1508953172222
126321,1115.0,1045.31234322179,69.68765677821011
126326,1060.0,941.1759219049956,118.82407809500444
126334,1170.0,1311.4290886798017,-141.42908867980168
126339,825.0,744.1579255260668,80.84207447393317
126393,920.0,1188.5668443105394,-268.5668443105394
126407,810.0,523.4784051745681,286.52159482543186
126411,1165.0,1035.0702036761315,129.92979632386846
126419,1325.0,1108.3372879922917,216.66271200770825
126468,630.0,653.1638962271343,-23.163896227134273
126495,785.0,721.9720356627698,63.02796433723017
126497,680.0,1243.140703734084,-563.1407037340839
126524,1260.0,1171.1023453689338,88.89765463106619
126530,1300.0,1025.2018282082447,274.7981717917553
126561,964.0,687.2467204291172,276.7532795708828
126575,492.0,710.1740522312298,-218.17405223122978
126585,380.0,589.4272267390893,-209.4272267390893
126605,690.0,967.1170555339003,-277.11705553390027
126620,785.0,728.6974421073854,56.30255789261457
126621,970.0,983.5124238748239,-13.512423874823867
126637,490.0,547.3087681625697,-57.30876816256966
126666,1085.0,1155.230132208045,-70.230132208045
126689,675.0,727.9553020106315,-52.9553020106315
126714,1022.0,1078.2230134973631,-56.22301349736313
126722,1169.0,1051.4445926539963,117.55540734600368
126771,670.0,680.3425895089356,-10.342589508935589
126809,1545.0,1013.0746714502918,531.9253285497082
126831,1170.0,1277.7101551013507,-107.71015510135067
126841,1105.0,1076.708778960603,28.291221039396987
126887,1065.0,1163.790738529353,-98.7907385293529
126892,1100.0,1157.6210176252412,-57.621017625241166
126914,790.0,629.5872143637149,160.4127856362851
126915,730.0,666.0223388395945,63.977661160405546
126925,865.0,743.7047286037921,121.29527139620791
126931,855.0,1151.3208513115128,-296.3208513115128
126996,665.0,669.7701396778883,-4.770139677888324
127009,1265.0,1134.1692939315806,130.83070606841943
127028,1055.0,1063.3431700096405,-8.343170009640517
127042,1143.0,1233.8603212500182,-90.86032125001816
127052,1240.0,1154.4694497193802,85.53055028061976
127053,904.0,1131.5677624177927,-227.56776241779266
127070,1005.0,1214.469966913172,-209.4699669131719
127087,1115.0,1113.2962437311417,1.703756268858342
127111,1280.0,1185.3478417648182,94.65215823518179
127157,668.0,658.9679296057126,9.032070394287416
127192,1150.0,1067.1233048581053,82.87669514189474
127219,672.0,748.0671794485635,-76.06717944856348
127318,1225.0,1221.0906688117693,3.9093311882306807
127360,780.0,732.3461977101579,47.65380228984213
127371,665.0,707.4912045094879,-42.49120450948794
127373,893.0,1002.4265563462766,-109.42655634627658
127393,1110.0,1278.2973571547616,-168.29735715476158
127402,1047.0,1104.6381811778294,-57.63818117782944
127421,1169.0,945.9524572073127,223.0475427926873
127434,675.0,739.6929693278192,-64.69296932781924
127479,984.0,1080.559946517127,-96.55994651712695
127522,985.0,1221.550731523221,-236.55073152322097
127529,985.0,1002.4265563462766,-17.426556346276584
127557,1205.0,1090.3139865449018,114.68601345509819
127565,1025.0,1036.632937175507,-11.632937175507095
127570,1055.0,968.4585844659433,86.54141553405668
127576,1410.0,1187.5314133724703,222.4685866275297
127578,1400.0,1384.9652307559752,15.034769244024801
127598,1610.0,1350.7214259637092,259.2785740362908
127601,645.0,560.7993479772329,84.20065202276714
127627,1395.0,1334.7598648554895,60.24013514451053
127628,1535.0,1297.8555147711907,237.14448522880934
127632,1135.0,1147.5127624761237,-12.512762476123726
127668,837.0,752.2271430598181,84.7728569401819
127680,1317.0,1101.7618191176766,215.23818088232338
127701,1235.0,1165.8731675219578,69.12683247804216
127751,560.0,761.374670419511,-201.37467041951095
127752,565.0,584.8539249200503,-19.853924920050304
127768,1385.0,1270.763678182049,114.23632181795097
127769,1105.0,1072.379795393166,32.62020460683402
127825,805.0,680.9025275433198,124.09747245668018
127832,875.0,1094.378822990797,-219.37882299079706
127838,1000.0,1031.4169407264437,-31.416940726443727
127850,905.0,1211.7421959619696,-306.7421959619696
127855,1205.0,912.2978581529043,292.70214184709573
127875,640.0,728.599117759341,-88.59911775934097
127880,602.0,721.8672671957667,-119.86726719576666
127882,1105.0,1206.7699977464429,-101.76999774644287
127910,1060.0,1126.3394125290088,-66.33941252900877
127922,1465.0,1341.5582120084664,123.4417879915336
127945,675.0,667.4577256212597,7.542274378740331
127963,1050.0,1132.0381979465812,-82.03819794658125
127984,1135.0,1167.717247580416,-32.717247580415915
127996,1045.0,1157.8567006557578,-112.85670065575778
128000,455.0,599.5625920227543,-144.5625920227543
128006,830.0,724.0831063609136,105.91689363908642
128023,1035.0,1170.578658401298,-135.57865840129807
128024,1070.0,1113.3400581244744,-43.34005812447435
128051,1510.0,1228.7564614661649,281.24353853383514
128066,700.0,741.000999920415,-41.00099992041498
128097,950.0,1116.6522689078306,-166.6522689078306
128135,925.0,652.6644586057035,272.33554139429646
128157,1030.0,1254.4546722394516,-224.4546722394516
128178,1180.0,1261.4036455624662,-81.40364556246618
128208,885.0,746.6232702981906,138.37672970180938
128222,1213.0,1085.8494592355516,127.15054076444835
128234,765.0,636.8178734597562,128.18212654024376
128235,630.0,651.0014056167208,-21.00140561672083
128270,1000.0,1135.4583178063242,-135.4583178063242
128282,1330.0,1256.8906579091063,73.10934209089373
128284,555.0,661.8719369501749,-106.87193695017493
128288,826.0,1167.0004814104302,-341.0004814104302
128302,755.0,912.614537451452,-157.61453745145195
128303,1485.0,1193.2645937783639,291.73540622163614
128317,606.0,689.024919974034,-83.02491997403399
128319,1020.0,1065.2593614988548,-45.25936149885479
128339,1040.0,1007.2474244694708,32.75257553052916
128379,800.0,1095.1751647813496,-295.1751647813496
128381,770.0,662.6223466850743,107.37765331492574
128386,955.0,1103.7073205256652,-148.70732052566518
128392,802.0,633.9030492293452,168.09695077065476
128398,630.0,536.3817198798924,93.61828012010756
128434,782.0,1125.9459167552245,-343.9459167552245
128482,1320.0,1223.3141537958547,96.68584620414526
128484,630.0,629.8028855482041,0.19711445179586917
128491,574.0,673.2742955431509,-99.27429554315086
128498,1105.0,1137.1177604668771,-32.117760466877144
128526,713.0,631.0971415042293,81.90285849577072
128555,790.0,785.2286246129531,4.771375387046874
128588,560.0,592.3532108898064,-32.353210889806405
128627,1375.0,1200.8361310279254,174.16386897207462
128634,1755.0,1234.2467502665825,520.7532497334175
128641,1380.0,1227.8128000265394,152.18719997346057
128660,835.0,704.9849257772311,130.01507422276893
128668,442.0,750.9839248795708,-308.98392487957085
128677,1270.0,1141.3253202601607,128.67467973983935
128698,665.0,819.0964068603512,-154.09640686035118
128708,930.0,1138.7232905250085,-208.72329052500845
128711,1255.0,1097.1324172252425,157.86758277475747
128723,1209.0,945.843607006156,263.15639299384395
128728,1135.0,1203.8783652206187,-68.87836522061866
128733,1128.0,1120.5058326145802,7.494167385419814
128764,870.0,1174.933325907134,-304.9333259071341
128774,705.0,666.4322228712311,38.56777712876885
128779,920.0,755.6692328220537,164.3307671779463
128781,815.0,897.2481269263637,-82.24812692636374
128782,1137.0,1209.9695877754427,-72.96958777544273
128856,1205.0,1212.5025027911192,-7.502502791119241
128867,1510.0,1290.2153224923195,219.7846775076805
128899,1085.0,1034.846734072957,50.153265927043094
128906,1010.0,1362.2480092378546,-352.2480092378546
128916,670.0,692.5787022331688,-22.57870223316877
128917,771.0,663.8254642176254,107.17453578237462
128924,699.0,1129.6529401039315,-430.65294010393154
128937,1211.0,881.5552798830295,329.44472011697053
128938,960.0,1118.6680144917739,-158.66801449177387
128970,890.0,1002.2776424265876,-112.27764242658759
129008,1030.0,996.2446417441531,33.755358255846886
129022,1020.0,1280.6637405863178,-260.6637405863178
129029,735.0,673.310428066173,61.68957193382698
129068,1010.0,1058.1254942106573,-48.12549421065728
129072,705.0,711.8464339981741,-6.8464339981741205
129111,1341.0,1204.1216710878778,136.87832891212224
129116,1120.0,1089.1211260165535,30.87887398344651
129139,825.0,677.0320295306278,147.96797046937218
129140,490.0,573.1992873904521,-83.19928739045213
129143,1382.0,1142.544705511602,239.45529448839807
129173,1120.0,1234.4821690864992,-114.4821690864992
129181,590.0,642.5475360540871,-52.54753605408712
129187,1080.0,1067.5245892279543,12.475410772045734
129247,1332.0,1139.8508874668523,192.14911253314767
129251,1073.0,1112.622423072138,-39.62242307213796
129267,660.0,600.5823605816862,59.4176394183138
129320,897.0,925.5531503571182,-28.55315035711817
129375,628.0,684.923306631438,-56.92330663143798
129382,775.0,1053.2182229356843,-278.21822293568425
129386,1275.0,1243.763872619221,31.236127380778953
129388,831.0,1035.6636658515083,-204.6636658515083
129434,893.0,1064.4477284246918,-171.44772842469183
129453,689.0,802.6473527378525,-113.64735273785254
129487,1005.0,1138.819605308284,-133.81960530828405
129512,690.0,685.2317054672696,4.768294532730351
129522,715.0,681.6448911317505,33.355108868249545
129543,1440.0,1237.046347958991,202.95365204100904
129547,748.0,790.0229665797924,-42.02296657979241
129555,490.0,608.60622655407,-118.60622655406996
129559,1169.0,1076.1236177551973,92.8763822448027
129590,459.0,1086.0494841359343,-627.0494841359343
129604,650.0,728.7636831992842,-78.76368319928417
129636,1405.0,1241.4459425758032,163.5540574241968
129645,780.0,613.1973661094488,166.8026338905512
129660,704.0,687.8306365624311,16.169363437568904
129679,910.0,981.132243617555,-71.13224361755499
129733,900.0,1113.2789816285876,-213.27898162858764
129735,755.0,648.0453231274433,106.95467687255666
129749,1257.0,1174.3154995241193,82.68450047588067
129766,663.0,588.8593687960744,74.14063120392564
129778,1345.0,1323.6309381989097,21.36906180109031
129813,1113.0,1011.6689954820258,101.33100451797418
129854,1060.0,772.3532894900449,287.64671050995514
129871,1070.0,956.2515347582975,113.74846524170255
129877,680.0,731.8865845452522,-51.88658454525216
129884,1100.0,1132.1198430008108,-32.11984300081076
129895,980.0,1010.6262309402773,-30.62623094027731
129905,492.0,532.453898148148,-40.45389814814803
129916,727.0,687.5467656941903,39.4532343058097
129922,655.0,552.1870256696558,102.81297433034422
129932,950.0,1235.751544304189,-285.7515443041891
129958,640.0,700.8858680483172,-60.88586804831721
129967,833.0,768.6461918508434,64.35380814915663
129994,995.0,970.3474018173084,24.652598182691577
130001,1010.0,1111.39839511769,-101.39839511768992
130002,721.0,709.6246091085497,11.375390891450252
130015,750.0,811.5146690738957,-61.514669073895675
130064,1070.0,1059.8205351226045,10.179464877395503
130080,1125.0,1005.759521050049,119.24047894995101
130089,1390.0,1270.7565379504408,119.24346204955918
130104,1220.0,1110.543750876652,109.45624912334802
130138,1170.0,1205.9519872887606,-35.95198728876062
130147,675.0,672.2608639793401,2.7391360206598847
130148,1495.0,1078.0365810677877,416.96341893221233
130151,816.0,750.5862454059218,65.41375459407823
130169,641.0,529.033673358232,111.96632664176798
130172,957.0,1042.3993964692445,-85.3993964692445
130187,420.0,540.4719009139011,-120.4719009139011
130226,855.0,997.2923929037703,-142.2923929037703
130277,837.0,1006.6308318818543,-169.6308318818543
130298,1269.0,1157.1099902227309,111.89000977726914
130333,1150.0,917.7820693010971,232.21793069890293
130341,880.0,612.7936155679491,267.20638443205087
130347,1433.0,1083.08059914374,349.9194008562599
130367,1030.0,1122.3593670458986,-92.35936704589858
130385,930.0,1148.6495590348977,-218.64955903489772
130386,925.0,998.7935278346723,-73.79352783467232
130398,550.0,508.902137126138,41.09786287386203
130403,719.0,608.2245783851243,110.77542161487565
130456,895.0,1199.9114297217363,-304.91142972173634
130457,772.0,682.1207537554434,89.87924624455661
130482,725.0,704.8641927226508,20.13580727734916
130517,950.0,964.5516610037209,-14.551661003720938
130520,885.0,741.7076557204283,143.2923442795717
130580,760.0,574.2606839429245,185.73931605707548
130640,1040.0,1218.4295989747504,-178.42959897475043
130646,1130.0,1170.4288117795352,-40.42881177953518
130648,1079.0,1118.7386017116667,-39.73860171166666
130674,900.0,914.7361727447585,-14.736172744758505
130682,1040.0,945.6539593722022,94.34604062779783
130736,995.0,895.9270044210891,99.07299557891088
130740,550.0,541.8190077038058,8.180992296194177
130744,1210.0,1204.3652872622815,5.634712737718473
130749,440.0,645.0495097569262,-205.04950975692623
130763,659.0,606.3356196418263,52.66438035817373
130777,980.0,1011.9031253163711,-31.903125316371074
130801,720.0,606.362917991827,113.63708200817302
130803,1310.0,1282.6740487632364,27.325951236763558
130841,1165.0,1003.3335908128691,161.66640918713085
130876,830.0,707.7826317646794,122.21736823532058
130911,1035.0,1253.6044263499386,-218.60442634993865
130932,1150.0,1200.6312002854431,-50.63120028544313
130935,1210.0,1154.606019089591,55.39398091040903
130947,1065.0,1327.6071877743373,-262.60718777433726
130957,1320.0,1238.7892696548085,81.21073034519145
130984,1525.0,1377.4753272839607,147.52467271603928
131045,460.0,593.8098319028365,-133.80983190283655
131057,1112.0,1086.3975412958036,25.60245870419635
131063,1155.0,1153.0068690476196,1.9931309523803975
131068,1320.0,1307.6420426515986,12.357957348401442
131110,1060.0,1101.7678361049477,-41.76783610494772
131130,670.0,623.6187280673589,46.381271932641084
131156,1130.0,1101.1425731633199,28.857426836680133
131164,885.0,771.162682102332,113.83731789766796
131169,1499.0,1126.5252960773958,372.47470392260425
131197,815.0,997.2120332303224,-182.2120332303224
131214,620.0,591.5405392062075,28.45946079379246
131222,1020.0,975.3219397985681,44.67806020143189
131237,1070.0,1236.7924373140208,-166.79243731402084
131266,661.0,687.8866041205636,-26.88660412056356
131396,1290.0,1200.8166889834483,89.18331101655167
131419,728.0,628.8477008299408,99.15229917005922
131423,1058.0,944.6247334322392,113.37526656776083
131433,1415.0,1281.9040985697018,133.09590143029823
131438,1530.0,1338.5283381116149,191.47166188838514
131491,1255.0,1403.4660411088216,-148.46604110882163
131530,1003.0,980.4250658631444,22.57493413685563
131535,1080.0,1097.4712523392348,-17.471252339234752
131538,1000.0,1057.332417018745,-57.33241701874499
131547,930.0,1328.2126764793372,-398.21267647933723
131557,440.0,447.94732080318596,-7.94732080318596
131583,1120.0,1058.4271750836383,61.5728249163617
131585,1136.0,1234.8251495383593,-98.82514953835926
131629,1040.0,1202.706699153127,-162.70669915312692
131645,740.0,601.5397076318744,138.46029236812558
131647,909.0,1166.2314240384865,-257.23142403848647
131657,605.0,740.3870033563861,-135.38700335638612
131658,815.0,1089.5926519380741,-274.59265193807414
131713,471.0,500.28359320099526,-29.283593200995256
131741,1010.0,1056.0425753733648,-46.0425753733648
131776,780.0,779.4353836910288,0.5646163089711536
131786,1090.0,1171.1169034995196,-81.1169034995196
131791,550.0,675.4288884375476,-125.42888843754758
131806,595.0,555.137856306877,39.862143693123016
131810,565.0,725.122262427991,-160.12226242799102
131811,730.0,717.9222925387769,12.077707461223099
131844,1260.0,1125.6065421070105,134.39345789298955
131845,1560.0,1328.0919642839542,231.9080357160458
131856,1110.0,1194.7096739976305,-84.70967399763049
131877,905.0,972.473964995751,-67.47396499575098
131881,1450.0,1105.2632942682817,344.7367057317183
131884,560.0,706.0845202644596,-146.08452026445957
131905,700.0,710.5722656952852,-10.572265695285182
131915,640.0,621.9586555235321,18.041344476467884
131928,1226.0,1258.2640391392583,-32.26403913925833
131942,845.0,702.9771927011736,142.02280729882636
131947,725.0,729.5562176701047,-4.556217670104729
131958,1065.0,1160.7295236986479,-95.72952369864788
131995,1147.0,1161.1861167886907,-14.186116788690697
132026,624.0,772.6975664541615,-148.69756645416146
132049,720.0,668.378308500316,51.62169149968395
132051,810.0,987.6196519031521,-177.6196519031521
132069,850.0,974.1881641106305,-124.18816411063051
132072,575.0,574.0895149104881,0.9104850895118943
132084,700.0,650.8928574944713,49.107142505528714
132087,1295.0,1184.4333336770737,110.56666632292627
132092,565.0,983.0013150960929,-418.00131509609287
132097,990.0,758.8898219790871,231.11017802091294
132101,1275.0,1304.8187045639884,-29.818704563988376
132102,1163.0,1235.2407024782303,-72.24070247823033
132144,960.0,1080.1453734018041,-120.14537340180414
132155,712.0,1173.6811112735018,-461.68111127350176
132170,962.0,1027.7021299670364,-65.7021299670364
132172,788.0,715.5179192692763,72.48208073072374
132184,1425.0,1268.6094416504427,156.3905583495573
132197,1385.0,1139.8342628145008,245.1657371854992
132207,1345.0,1288.008597533752,56.99140246624802
132211,1130.0,1143.3348612333302,-13.33486123333023
132212,1050.0,1006.8194612201038,43.18053877989621
132213,933.0,1067.7903567344545,-134.79035673445446
132240,1315.0,1233.3387452924162,81.6612547075838
132288,1215.0,1061.498905306455,153.50109469354493
132382,1055.0,1077.4517280250304,-22.451728025030434
132398,945.0,942.94515417859,2.0548458214100265
132408,550.0,661.6825758088619,-111.68257580886188
132532,895.0,754.6027017839937,140.39729821600633
132560,1295.0,1167.183754851968,127.81624514803207
132592,790.0,991.1598784602475,-201.15987846024746
132612,1445.0,1159.60405754636,285.3959424536399
132615,1510.0,1184.6838059454212,325.3161940545788
132623,775.0,776.0745895170074,-1.074589517007439
132639,665.0,888.7724006097739,-223.77240060977385
132676,745.0,737.225936615117,7.774063384882993
132683,1205.0,1261.9506924395434,-56.950692439543445
132728,1050.0,1137.4302169283235,-87.43021692832349
132729,865.0,758.0536833928771,106.94631660712287
132767,1039.0,884.9262105124783,154.0737894875217
132782,1281.0,1310.8337174021892,-29.833717402189222
132830,1620.0,1077.9637013831282,542.0362986168718
132922,1015.0,1080.116704082974,-65.11670408297391
132924,990.0,1279.9461068282665,-289.94610682826647
132970,816.0,1088.0229318849101,-272.0229318849101
132987,1475.0,1237.9010486725028,237.09895132749716
133007,800.0,678.3052165923907,121.6947834076093
133017,605.0,586.0717597022359,18.92824029776409
133021,1000.0,1206.7377090028385,-206.73770900283853
133028,1140.0,1113.3671251437997,26.63287485620026
133035,1100.0,1147.509155672746,-47.50915567274592
133046,655.0,649.3150487988186,5.684951201181434
133047,580.0,633.2836447144717,-53.283644714471734
133066,1080.0,1119.7951497349557,-39.79514973495566
133070,1175.0,1093.178731563508,81.82126843649189
133094,1095.0,1139.8342628145008,-44.83426281450079
133107,1145.0,1067.0905766844087,77.90942331559131
133115,640.0,725.3884041732044,-85.38840417320444
133146,660.0,632.6397642267704,27.360235773229647
133151,1300.0,1222.411054536547,77.588945463453
133164,1345.0,1043.2749022149324,301.72509778506765
133181,875.0,1164.8670432266588,-289.8670432266588
133182,465.0,667.4893207714177,-202.48932077141774
133211,990.0,1008.5291825771046,-18.52918257710462
133224,930.0,883.6794377047481,46.320562295251875
133238,750.0,728.5435958197451,21.456404180254935
133259,755.0,664.8155585106495,90.18444148935055
133269,895.0,899.7452846760906,-4.745284676090591
133274,1280.0,1052.2888773755553,227.71112262444467
133313,740.0,715.7821937893283,24.21780621067171
133332,1010.0,944.0913866286612,65.90861337133879
133397,1095.0,961.0815819528649,133.9184180471351
133411,635.0,680.7994123804536,-45.799412380453646
133416,778.0,745.2781775628519,32.72182243714815
133422,754.0,736.955433548144,17.044566451855985
133426,945.0,1010.6262309402773,-65.62623094027731
133434,990.0,1265.7927092351715,-275.7927092351715
133436,1025.0,1076.0853022848203,-51.08530228482027
133448,890.0,804.4234647956573,85.57653520434269
133463,1345.0,1099.5218532923668,245.4781467076332
133465,1049.0,1114.1824822971005,-65.18248229710048
133466,1130.0,1259.899113425942,-129.899113425942
133496,990.0,738.0479467123877,251.95205328761233
133513,1155.0,1230.982877771737,-75.9828777717371
133547,995.0,1085.2035033422826,-90.2035033422826
133560,529.0,664.97366382323,-135.97366382323003
133569,440.0,598.121543632012,-158.12154363201205
133576,1055.0,1278.9558110246196,-223.9558110246196
133599,595.0,718.2421227815747,-123.24212278157472
133604,982.0,1272.6544043062622,-290.6544043062622
133611,1540.0,1204.7197567808807,335.28024321911926
133622,670.0,653.6543429261003,16.3456570738997
133639,1275.0,1040.0858517981274,234.91414820187265
133642,1045.0,1071.9848646941846,-26.98486469418458
133643,1180.0,1112.3019214715837,67.69807852841632
133671,895.0,578.2877895917622,316.71221040823775
133686,798.0,1041.4101628520077,-243.41016285200772
133709,1010.0,1096.4748214895012,-86.47482148950121
133714,705.0,634.5867239762523,70.4132760237477
133719,1260.0,1103.4062915315592,156.5937084684408
133735,1390.0,1299.4211342282413,90.57886577175873
133765,1192.0,1243.2177697460459,-51.21776974604586
133769,513.0,706.4772830139104,-193.47728301391044
133842,1373.0,1127.0651970471442,245.93480295285576
133875,760.0,647.1578235314821,112.84217646851789
133906,1140.0,1082.8139605443876,57.186039455612445
133941,1135.0,1174.8616533272652,-39.86165332726523
133953,1025.0,1306.4534114461665,-281.45341144616646
133961,1445.0,1126.0487245909503,318.9512754090497
134053,1058.0,1053.726694875014,4.273305124986109
134067,1295.0,1241.2597569111797,53.74024308882031
134076,1050.0,784.0299842300159,265.9700157699841
134082,740.0,993.7399504185445,-253.73995041854448
134118,1059.0,1104.1845508056774,-45.18455080567742
134124,1103.0,1169.4462759550852,-66.44627595508518
134143,520.0,544.9258494777033,-24.92584947770331
134148,1245.0,1265.3594766914352,-20.359476691435248
134188,875.0,1035.36178398868,-160.36178398867992
134197,840.0,737.2472509865689,102.75274901343107
134203,1030.0,1093.70767974651,-63.70767974650994
134221,950.0,914.9442413014632,35.055758698536806
134227,1090.0,1165.1329048231216,-75.13290482312163
134231,760.0,681.1689023093201,78.83109769067994
134258,1355.0,1309.1286192597838,45.87138074021618
134275,1080.0,1185.1304902290049,-105.13049022900486
134297,515.0,604.8504887152075,-89.85048871520746
134304,910.0,766.0624254891834,143.9375745108166
134308,1040.0,1189.382042683696,-149.382042683696
134312,660.0,633.713988902749,26.28601109725105
134316,1253.0,1226.0751128477227,26.92488715227728
134318,615.0,708.338900767158,-93.33890076715795
134363,1325.0,1145.5250284641465,179.47497153585346
134410,980.0,1099.6809357300556,-119.68093573005558
134444,1014.0,1102.9379574293898,-88.93795742938983
134462,1157.0,926.2882406612636,230.71175933873644
134473,1405.0,644.3732783866687,760.6267216133313
134477,745.0,771.125615214958,-26.125615214957975
134478,1065.0,1210.360602474153,-145.36060247415298
134496,560.0,672.8608137849664,-112.86081378496635
134512,1296.0,1259.4754865289965,36.5245134710035
134547,690.0,583.7818322691942,106.21816773080582
134557,827.0,1002.1894509762295,-175.18945097622952
134605,830.0,978.4243869110667,-148.42438691106668
134606,1235.0,1228.0414071545338,6.958592845466228
134622,1065.0,1058.4444246592195,6.555575340780479
134656,613.0,671.9963678618062,-58.99636786180622
134676,805.0,769.5884155138637,35.41158448613635
134685,1160.0,1164.841392461712,-4.841392461712076
134703,692.0,652.346661021217,39.65333897878304
134713,795.0,748.4950856547879,46.504914345212114
134721,975.0,991.88543759823,-16.885437598230055
134723,1175.0,1061.9835122987618,113.01648770123825
134746,990.0,1060.4085966523214,-70.40859665232142
134750,767.0,668.4115427586631,98.58845724133687
134766,1275.0,1197.30462542765,77.69537457234992
134799,1190.0,1236.6385306820787,-46.63853068207868
134806,870.0,911.0347717248868,-41.03477172488681
134813,674.0,625.3925826840406,48.607417315959424
134817,796.0,683.8983820550695,112.10161794493047
134823,1125.0,1294.8054154738659,-169.80541547386588
134829,449.0,612.637191347236,-163.637191347236
134839,940.0,775.4232151152024,164.57678488479758
134863,1035.0,919.8056089294698,115.19439107053017
134871,1215.0,1155.704123211209,59.29587678879102
134891,1200.0,977.070032027428,222.92996797257194
134911,1423.0,1250.197257604204,172.80274239579603
134933,445.0,616.017050081944,-171.01705008194403
134963,843.0,739.5391292248173,103.46087077518268
134987,1100.0,1085.859804086868,14.140195913131947
135007,860.0,986.391946797106,-126.39194679710602
135011,873.0,755.4150094836533,117.58499051634669
135033,1000.0,1042.2535554112553,-42.25355541125532
135068,480.0,703.7445442196338,-223.74454421963378
135102,1335.0,1305.4151825719407,29.584817428059296
135103,1014.0,968.3885881285873,45.611411871412656
135120,748.0,690.6264336204308,57.37356637956918
135130,785.0,699.1032616051529,85.89673839484715
135135,1080.0,917.1527489197629,162.84725108023713
135145,606.0,695.9088932071566,-89.90889320715655
135162,1425.0,1300.8467659734674,124.15323402653257
135220,532.0,695.8235377993489,-163.82353779934886
135230,1320.0,1356.799506529244,-36.7995065292439
135292,605.0,542.5492473544972,62.4507526455028
135321,775.0,1113.6928269666996,-338.6928269666996
135325,1120.0,1097.2049499998084,22.795050000191623
135327,1440.0,1293.6285586586373,146.3714413413627
135361,958.0,1053.5560648742037,-95.55606487420368
135388,860.0,1081.412732804607,-221.412732804607
135399,1014.0,1089.862595338138,-75.86259533813791
135427,963.0,1101.7911229459355,-138.7911229459355
135496,970.0,1097.5449500482675,-127.54495004826754
135516,723.0,656.5446007925581,66.45539920744193
135538,980.0,1115.0183363822407,-135.0183363822407
135539,992.0,1089.5171989550602,-97.51719895506017
135544,1162.0,1225.3535094949912,-63.35350949499116
135552,920.0,1058.9597518818305,-138.95975188183047
135556,915.0,920.9405133394552,-5.940513339455151
135562,1036.0,964.866556878307,71.13344312169295
135585,870.0,720.5514880910661,149.44851190893394
135590,1325.0,1203.4449368606925,121.55506313930755
135610,800.0,675.586191111188,124.41380888881201
135646,1270.0,1244.5599917987527,25.440008201247338
135663,710.0,773.1229604222398,-63.12296042223977
135677,785.0,737.1755113214433,47.82448867855669
135692,870.0,1149.1806550922695,-279.1806550922695
135696,1340.0,1157.7326702023777,182.26732979762232
135703,1185.0,974.6414718182488,210.35852818175124
135720,1168.0,1182.2201717664539,-14.22017176645386
135728,185.0,1197.8586722898094,-1012.8586722898094
135750,1215.0,1043.2020506521392,171.79794934786082
135758,1280.0,1064.1427651176161,215.85723488238386
135780,1140.0,1142.7897474809745,-2.7897474809744836
135814,1224.0,1153.5127078891906,70.48729211080945
135838,1005.0,1041.6964469652723,-36.696446965272344
135843,838.0,754.4328533876993,83.56714661230069
135844,830.0,748.1680378428541,81.83196215714588
135928,1000.0,942.1075310665834,57.89246893341658
135941,1010.0,1062.6543146151228,-52.65431461512276
135970,730.0,733.9997277303763,-3.9997277303763212
135971,1072.0,1071.5438455926449,0.4561544073551431
136014,600.0,559.7388952399061,40.26110476009387
136017,910.0,905.786616511663,4.2133834883369445
136048,765.0,717.693847174156,47.30615282584404
136089,1415.0,1341.5582120084664,73.4417879915336
136108,643.0,635.7053156129202,7.294684387079769
136110,992.0,995.8264001911783,-3.8264001911783225
136114,1390.0,1271.733074475143,118.26692552485702
136124,1120.0,997.195654770604,122.80434522939595
136128,1150.0,1232.513647542426,-82.51364754242604
136154,865.0,1122.0805105632928,-257.0805105632928
136188,1375.0,1311.455019126071,63.544980873929035
136266,1210.0,1074.8509959735666,135.14900402643343
136267,1120.0,1054.9531448794714,65.04685512052856
136288,965.0,1063.9847921442997,-98.98479214429972
136306,565.0,573.8145287903177,-8.814528790317695
136344,860.0,1053.2599607022137,-193.25996070221368
136368,885.0,762.5173860341915,122.48261396580847
136376,1460.0,1175.9518575067914,284.0481424932086
136378,1130.0,1006.5794825994542,123.4205174005458
136437,1065.0,1124.2886362804422,-59.28863628044223
136500,750.0,1128.0185653920257,-378.0185653920257
136537,1250.0,1168.6025211307324,81.39747886926762
136610,571.0,972.2830604019787,-401.2830604019787
136613,980.0,978.7397382446707,1.2602617553293385
136627,1410.0,1215.6885384668828,194.31146153311715
136634,430.0,1182.7764902128736,-752.7764902128736
136640,1170.0,1057.877369547322,112.1226304526781
136667,1235.0,1261.2554045062277,-26.255404506227705
136688,731.0,737.1684448485327,-6.168444848532658
136700,1020.0,990.623971147563,29.376028852437003
136710,1060.0,989.8798770147232,70.1201229852768
136732,965.0,1204.413789883792,-239.4137898837921
136734,1020.0,1074.4734582859476,-54.47345828594757
136741,1227.0,926.2324383719962,300.7675616280038
136742,475.0,596.0875944514694,-121.08759445146939
136750,661.0,781.7113186356482,-120.71131863564824
136753,1120.0,878.4559605168115,241.5440394831885
136809,1035.0,865.2526839673513,169.74731603264865
136818,1165.0,1020.4215957023291,144.5784042976709
136845,1230.0,1213.459333584379,16.54066641562099
136855,1360.0,1294.7843024162291,65.21569758377086
136857,1510.0,1364.808618946109,145.19138105389106
136860,895.0,1110.9952563198144,-215.99525631981442
136883,765.0,778.5384799082196,-13.538479908219642
136933,1415.0,1372.0117107416265,42.98828925837347
136941,1030.0,1140.1481013236707,-110.14810132367074
136984,1470.0,1107.0499786346752,362.9500213653248
136987,990.0,1187.7501265873939,-197.75012658739388
137036,570.0,699.1032616051529,-129.10326160515285
137074,853.0,1272.8519188217067,-419.8519188217067
137100,1113.0,1244.7513063660776,-131.75130636607764
137108,864.0,1115.1288803750467,-251.12888037504672
137115,640.0,725.2919720991622,-85.2919720991622
137128,1157.0,1034.408748823601,122.59125117639906
137158,940.0,1253.1070022381182,-313.1070022381182
137191,1420.0,1281.806242332181,138.193757667819
137280,910.0,1307.322891651029,-397.32289165102907
137373,450.0,681.0208254491387,-231.02082544913867
137383,1335.0,977.091909114362,357.908090885638
137384,840.0,733.3130226858102,106.68697731418979
137389,876.0,660.883462509095,215.116537490905
137439,1290.0,1063.2382181273892,226.76178187261075
137488,1070.0,1104.0372747336826,-34.03727473368258
137495,715.0,784.5936236691267,-69.59362366912671
137577,950.0,1281.40210655169,-331.40210655168994
137584,950.0,1049.922531486964,-99.92253148696409
137589,1080.0,964.118419583195,115.88158041680504
137666,1115.0,946.0289542188784,168.97104578112157
137669,978.0,926.0261006346948,51.973899365305215
137675,1260.0,1278.2246016604895,-18.224601660489498
137686,587.0,699.2385682940048,-112.23856829400484
137697,1545.0,1227.9036230693494,317.09637693065065
137699,1390.0,1191.938995151644,198.0610048483561
137713,1260.0,1189.696155042878,70.30384495712201
137737,785.0,1129.1981281547844,-344.1981281547844
137791,1070.0,1009.0835961031635,60.91640389683653
137799,1140.0,1133.6849158497678,6.315084150232224
137802,1110.0,1087.8530893436705,22.14691065632951
137860,1325.0,1183.0679221339296,141.93207786607036
137874,685.0,643.6544858728895,41.345514127110505
137886,1010.0,1167.3056980789427,-157.30569807894267
137908,617.0,676.8223289226429,-59.822328922642896
137915,820.0,680.4290030955614,139.57099690443863
137956,1350.0,1115.793514032854,234.2064859671459
137984,755.0,739.94323704026,15.056762959740013
138054,950.0,1030.0963458343379,-80.09634583433785
138055,1280.0,1173.1304511863852,106.86954881361476
138080,1480.0,1227.6079705671948,252.3920294328052
138142,1095.0,1087.1390510388412,7.860948961158783
138181,1340.0,1244.6098854910565,95.3901145089435
138205,715.0,668.8141381472593,46.185861852740686
138218,610.0,770.7104145626529,-160.7104145626529
138252,1475.0,1140.6969728592467,334.30302714075333
138270,598.0,666.7990281070831,-68.79902810708313
138274,1290.0,1230.5585238923497,59.44147610765026
138281,732.0,613.9600792773103,118.03992072268966
138308,770.0,638.2184469468327,131.78155305316727
138326,1003.0,945.6336493540307,57.366350645969305
138361,1050.0,1094.9444845636478,-44.94448456364785
138362,870.0,1178.0759658175828,-308.07596581758276
138363,1090.0,1237.1751408243297,-147.17514082432967
138419,730.0,642.2581089372566,87.74189106274343
138467,1135.0,1299.0610778946113,-164.06107789461134
138474,1260.0,1033.2118012378744,226.7881987621256
138475,1138.0,765.7739209492861,372.2260790507139
138503,1487.0,1169.2272025499797,317.77279745002033
138534,1170.0,1285.9196298101076,-115.91962981010761
138572,335.0,695.7466020597898,-360.7466020597898
138600,980.0,1052.6091720905217,-72.60917209052172
138625,485.0,636.1847322991555,-151.18473229915548
138626,560.0,554.9321984126985,5.06780158730146
138632,1115.0,1015.6239229248288,99.37607707517122
138635,1120.0,1080.472967229323,39.5270327706769
138665,1430.0,1342.2695250041538,87.73047499584618
138674,1615.0,1221.2276117126337,393.7723882873663
138684,655.0,687.6852673994981,-32.685267399498116
138685,1470.0,1243.5709281579102,226.4290718420898
138688,1110.0,1126.660667865577,-16.660667865576897
138791,650.0,870.0349565547665,-220.0349565547665
138860,550.0,757.3273897876522,-207.32738978765224
138876,1014.0,1010.1954643045995,3.8045356954005456
138892,1308.0,967.6477699277606,340.3522300722394
138923,877.0,1001.7068688121107,-124.70686881211066
138936,920.0,1037.8773590599794,-117.87735905997943
138963,1036.0,1217.2215694885665,-181.2215694885665
138971,990.0,1125.0394384711933,-135.0394384711933
138977,484.0,686.4857335442916,-202.48573354429163
138998,1123.0,1224.5065082389378,-101.50650823893784
139001,826.0,842.7726905378498,-16.772690537849826
139036,1000.0,1016.7717074216871,-16.771707421687097
139037,1151.0,974.5254678344224,176.47453216557756
139043,665.0,634.9061865370746,30.093813462925368
139071,1128.0,871.9229081693488,256.07709183065117
139079,960.0,693.4114699265507,266.5885300734493
139119,950.0,801.3993187810976,148.60068121890242
139130,794.0,773.5604358034716,20.43956419652841
139149,1230.0,1128.3405284580706,101.6594715419294
139206,1100.0,1037.160562373974,62.83943762602598
139243,1147.0,916.5146746031746,230.48532539682537
139246,1385.0,1281.8489090362618,103.15109096373817
139259,725.0,676.7634532260465,48.23654677395348
139294,615.0,658.0930901944305,-43.09309019443049
139308,1179.0,1135.5975257628413,43.402474237158685
139330,910.0,1069.789661713304,-159.78966171330399
139348,1400.0,1147.8892257833397,252.11077421666027
139359,1015.0,1066.3888835935404,-51.38888359354041
139374,990.0,1107.635446786469,-117.63544678646895
139382,530.0,535.4434609419806,-5.443460941980561
139408,970.0,1331.2392430057616,-361.23924300576164
139476,920.0,1073.996075667383,-153.9960756673829
139487,1300.0,1140.0177039617154,159.98229603828463
139508,1191.0,1129.3155741068872,61.6844258931128
139524,895.0,715.165581748225,179.834418251775
139554,650.0,1019.6905417486291,-369.69054174862913
139573,1240.0,1320.972095060356,-80.97209506035597
139576,900.0,1068.87268815448,-168.8726881544801
139602,1235.0,1313.397456356283,-78.3974563562831
139661,1300.0,1269.024145319106,30.975854680893917
139671,1095.0,998.7873657391608,96.2126342608392
139682,850.0,733.6193033758267,116.38069662417331
139746,1180.0,1226.00847968778,-46.00847968777998
139768,1160.0,1103.610671759564,56.38932824043604
139820,600.0,623.6310911702062,-23.63109117020622
139822,626.0,659.211735580796,-33.21173558079602
139834,1180.0,1109.699913463081,70.30008653691903
139839,945.0,727.3661786156448,217.6338213843552
139878,1135.0,1172.1584663959836,-37.15846639598362
139881,800.0,710.3076124970685,89.69238750293152
139885,1030.0,1129.8637520893278,-99.86375208932782
139918,1160.0,1289.4799775214276,-129.4799775214276
139920,950.0,1267.4425534642949,-317.44255346429486
139965,1195.0,1326.5105396103484,-131.51053961034836
139999,566.0,704.5380191747687,-138.5380191747687
140026,1133.0,1199.7705526160216,-66.77055261602163
140030,510.0,689.3655358106737,-179.3655358106737
140035,645.0,787.9311271467772,-142.93112714677716
140044,580.0,696.3482189276513,-116.34821892765126
140088,1240.0,1073.943587487878,166.05641251212205
140129,830.0,737.2638966668121,92.73610333318788
140139,1510.0,1172.2342863412125,337.7657136587875
140214,735.0,701.5975152731824,33.40248472681765
140231,1190.0,1313.8189454341332,-123.81894543413318
140238,512.0,774.5789850115921,-262.57898501159207
140239,1495.0,1311.3089707317488,183.6910292682512
140259,620.0,691.6810249319993,-71.68102493199933
140299,886.0,971.0260514335065,-85.0260514335065
140315,340.0,667.4893207714177,-327.48932077141774
140317,1045.0,1186.122206218726,-141.12220621872598
140321,861.0,1101.1492361083422,-240.14923610834217
140322,865.0,1015.1048494493822,-150.1048494493822
140323,1200.0,1148.928628895678,51.071371104322
140326,840.0,666.9119287744765,173.08807122552355
140364,1190.0,1010.0486427599496,179.95135724005036
140389,915.0,775.993130276467,139.006869723533
140402,1360.0,958.6013892817185,401.3986107182815
140417,1248.0,1250.6519450662247,-2.651945066224698
140428,752.0,594.5204643296508,157.47953567034915
140431,1201.0,1255.3383015233892,-54.33830152338919
140455,1224.0,1147.8892257833397,76.11077421666027
140458,582.0,639.6956414665597,-57.695641466559664
140462,1058.0,1039.4069016844992,18.59309831550081
140474,1003.0,1169.1714231109745,-166.1714231109745
140507,1047.0,1169.7205010025025,-122.72050100250249
140533,840.0,968.0535537289285,-128.05355372892848
140544,1169.0,1111.2328088251938,57.76719117480616
140570,1043.0,1122.1905166964318,-79.19051669643181
140577,1870.0,1089.3648863280025,780.6351136719975
140584,878.0,755.3278967489584,122.67210325104156
140617,895.0,724.0407901696009,170.95920983039912
140626,1160.0,1148.4507043988892,11.54929560111077
140633,1043.0,1096.3719810038938,-53.37198100389378
140646,650.0,834.5025143083461,-184.50251430834612
140658,625.0,683.8187541849904,-58.81875418499044
140680,825.0,976.6977590319419,-151.69775903194193
140715,1065.0,1221.4357754483026,-156.4357754483026
140751,1014.0,920.2533753901673,93.74662460983268
140760,1320.0,1343.3066131065475,-23.306613106547502
140781,698.0,629.789516348661,68.21048365133902
140796,695.0,670.7421096214791,24.25789037852087
140806,1195.0,1220.3311360650182,-25.3311360650182
140865,785.0,663.5345301200089,121.46546987999113
140871,840.0,976.3723258004277,-136.3723258004277
140872,1480.0,1162.5734086972836,317.42659130271636
140907,285.0,572.2205699376563,-287.22056993765625
140915,1218.0,984.7794607290936,233.22053927090644
140917,741.0,721.1936811912576,19.80631880874239
140943,755.0,584.1110741714486,170.88892582855135
140980,1315.0,1184.0619574485581,130.93804255144187
141002,1030.0,1079.5445516033787,-49.54455160337875
141020,710.0,642.7386907056693,67.26130929433066
141026,805.0,958.903870563931,-153.90387056393104
141067,605.0,500.29283320007954,104.70716679992046
141113,786.0,742.6196772973675,43.3803227026325
141126,591.0,750.9786231527092,-159.97862315270925
141169,1320.0,1188.4629779180416,131.5370220819584
141175,1007.0,1271.7655393741727,-264.7655393741727
141189,735.0,629.5103442323889,105.48965576761111
141191,620.0,979.1255459165534,-359.1255459165534
141265,1165.0,1187.543458836461,-22.543458836461014
141269,1115.0,1095.901101368627,19.098898631373004
141290,645.0,699.6422376852902,-54.64223768529018
141291,1040.0,1077.827761904762,-37.82776190476193
141304,1191.0,1086.8208699518436,104.17913004815637
141372,1160.0,1123.4821019562019,36.51789804379814
141378,1340.0,1228.4810649282556,111.51893507174441
141398,965.0,1119.731166515364,-154.73116651536407
141433,800.0,1040.6735313907868,-240.67353139078682
141498,1200.0,1075.2403554554562,124.75964454454379
141499,850.0,1026.4621895856292,-176.46218958562918
141501,1315.0,1404.9300466291822,-89.93004662918224
141502,1030.0,1131.9508263771127,-101.95082637711266
141518,1195.0,1266.7696704849798,-71.76967048497977
141551,810.0,740.6168559667183,69.38314403328172
141635,515.0,684.4952894162476,-169.4952894162476
141654,1735.0,1096.8812732191575,638.1187267808425
141657,975.0,884.2882638271797,90.71173617282034
141680,775.0,1088.6997023033546,-313.69970230335457
141714,1195.0,1200.9532369720366,-5.9532369720366205
141760,1140.0,1272.3852212040283,-132.3852212040283
141782,1256.0,1291.1930320546014,-35.19303205460142
141787,566.0,665.5985222441058,-99.59852224410577
141790,920.0,936.0579741908641,-16.057974190864115
141793,793.0,985.0968945400535,-192.09689454005354
141803,940.0,1022.5442622335806,-82.54426223358064
141824,1180.0,1226.9613724375033,-46.961372437503314
141838,580.0,736.1997003507354,-156.19970035073538
141841,710.0,732.5029693815434,-22.50296938154338
141854,1280.0,1278.576947765338,1.4230522346620091
141865,963.0,1113.226560303165,-150.2265603031649
141892,575.0,637.3765366218526,-62.37653662185255
141903,697.0,577.438136118548,119.56186388145204
141912,958.0,927.8513956343693,30.148604365630717
141913,1250.0,1278.006752847644,-28.006752847644066
141919,730.0,731.1273215670939,-1.1273215670938725
141920,1215.0,1062.7923133471413,152.20768665285868
141932,875.0,752.2799068940814,122.72009310591864
141951,645.0,714.1678407096587,-69.16784070965866
141966,1010.0,1125.0325703492397,-115.03257034923968
142001,1170.0,1222.0282750052509,-52.02827500525086
142013,1075.0,1302.3945209147385,-227.39452091473845
142021,1485.0,1279.6946508765998,205.30534912340022
142051,835.0,1043.7961804748722,-208.79618047487224
142059,1410.0,1245.947678581875,164.05232141812508
142122,830.0,690.0713711797283,139.92862882027168
142129,825.0,626.3811039391716,198.61889606082843
142136,480.0,702.6905721267503,-222.69057212675034
142141,1455.0,1341.845480703754,113.15451929624601
142149,1135.0,1248.9339465618978,-113.93394656189776
142161,1190.0,1086.1730342470955,103.82696575290447
142185,1055.0,1079.1669023107079,-24.166902310707883
142218,1285.0,1316.732207994627,-31.73220799462706
142259,541.0,611.3806747578856,-70.38067475788557
142266,1135.0,1121.9849062658934,13.015093734106586
142310,1240.0,1178.1941164758355,61.80588352416453
142313,1020.0,1142.8475523155,-122.84755231550002
142318,965.0,1017.2664901090677,-52.26649010906772
142319,1295.0,1245.4522755043483,49.547724495651664
142419,1170.0,1080.3208831030965,89.67911689690345
142440,1320.0,1187.4997674462072,132.50023255379278
142446,1085.0,993.7180267119751,91.28197328802491
142493,1080.0,1188.2527763245446,-108.25277632454458
142560,1000.0,1077.3575457662855,-77.35754576628551
142561,1192.0,1001.8488335573668,190.1511664426332
142563,960.0,641.1426679965479,318.85733200345214
142600,998.0,930.0444882530195,67.9555117469805
142605,735.0,636.501731342877,98.49826865712305
142606,838.0,746.138906161279,91.86109383872099
142607,1280.0,1266.2214124299558,13.778587570044238
142610,909.0,1023.1066909739573,-114.10669097395726
142678,1105.0,1156.8869569336705,-51.88695693367049
142741,830.0,1120.5226969773018,-290.52269697730185
142752,1160.0,1073.027552066887,86.97244793311302
142770,935.0,1061.0986846866044,-126.09868468660443
142808,865.0,647.3093588848183,217.69064111518173
142816,1515.0,1320.3787967223823,194.62120327761772
142865,1400.0,1073.658433567593,326.34156643240703
142901,1335.0,1290.6509758935883,44.34902410641166
142906,8.0,670.5514167288126,-662.5514167288126
142921,1180.0,1288.1679064643035,-108.16790646430354
142955,1265.0,1259.9201098898257,5.079890110174347
142986,910.0,923.5213575135542,-13.521357513554221
142990,630.0,699.9915454904817,-69.99154549048171
142997,1122.0,1052.8321705065193,69.16782949348067
143045,1125.0,967.3928982890271,157.60710171097287
143129,1001.0,1220.9382501372263,-219.9382501372263
143130,1275.0,1113.3001804827898,161.69981951721024
143137,895.0,996.7852386317792,-101.78523863177918
143166,1135.0,949.1639238338737,185.8360761661263
143196,770.0,706.5625428912165,63.43745710878352
143223,937.0,1037.4095673994975,-100.40956739949752
143233,550.0,590.024198892022,-40.024198892022014
143244,1065.0,965.8877157166053,99.11228428339473
143246,1040.0,966.2407953088567,73.75920469114328
143249,1632.0,1105.8549175807327,526.1450824192673
143257,955.0,954.4090847893308,0.590915210669209
143262,1080.0,851.6477549719189,228.35224502808114
143269,1367.0,1108.4438959202575,258.55610407974245
143273,1065.0,1269.2356295100772,-204.23562951007716
143276,1550.0,1337.0653527245154,212.93464727548462
143297,859.0,1083.0357307179663,-224.03573071796632
143323,965.0,1181.2295684194999,-216.22956841949986
143338,565.0,586.5680565188585,-21.568056518858498
143340,1170.0,1121.7509339340118,48.249066065988245
143341,1140.0,1070.5540480361976,69.44595196380237
143354,640.0,646.4218949059009,-6.421894905900899
143374,1175.0,1222.5528265957619,-47.55282659576187
143396,850.0,986.2554769610219,-136.25547696102194
143407,1035.0,1121.4682357200677,-86.4682357200677
143433,570.0,649.6157477527022,-79.61574775270219
143443,950.0,1080.12111545574,-130.12111545573998
143473,740.0,644.752170109699,95.24782989030098
143476,1340.0,1160.114278871802,179.88572112819793
143519,1110.0,1105.8549175807327,4.145082419267283
143522,780.0,676.8820809320052,103.11791906799476
143531,1470.0,1122.801296695185,347.1987033048149
143541,790.0,723.5017718832615,66.49822811673846
143569,1210.0,1356.7459237024873,-146.7459237024873
143593,1047.0,1079.2133647502674,-32.213364750267374
143608,750.0,1198.927195270302,-448.92719527030204
143625,1420.0,1262.7132597033092,157.28674029669082
143662,1390.0,1262.2000437102604,127.79995628973961
143668,506.0,559.8230183379308,-53.82301833793076
143675,860.0,719.2858092473906,140.7141907526094
143693,1105.0,1161.152134641054,-56.15213464105409
143715,1120.0,1076.0853022848203,43.91469771517973
143723,1163.0,1046.5771232067611,116.42287679323886
143814,1125.0,997.576183766483,127.42381623351696
143836,675.0,702.3269034477119,-27.326903447711857
143838,1375.0,1320.2639736715957,54.73602632840425
143901,1160.0,1210.534170586295,-50.53417058629498
143934,1265.0,1132.6938062403963,132.30619375960373
143964,1012.0,909.4999296793213,102.50007032067867
143968,1280.0,1075.3336716537524,204.6663283462476
143995,860.0,897.3785965545411,-37.378596554541105
144005,935.0,1127.5778232508767,-192.5778232508767
144067,1154.0,668.6778251874689,485.3221748125311
144070,990.0,1226.2936363071763,-236.29363630717626
144077,1335.0,1230.0933039843842,104.90669601561581
144083,974.0,656.3619314109849,317.6380685890151
144118,1011.0,1205.1236267051959,-194.12362670519587
144154,603.0,643.4792501241952,-40.47925012419523
144167,910.0,1165.2106939422765,-255.21069394227652
144183,425.0,650.2820323750188,-225.28203237501884
144187,638.0,1058.0151047595486,-420.01510475954865
144231,790.0,705.2995226079778,84.70047739202221
144253,707.0,763.430706697905,-56.43070669790495
144286,1485.0,1209.8476354748716,275.1523645251284
144319,1025.0,983.7592303881878,41.2407696118122
144365,725.0,659.9493423285924,65.05065767140763
144366,1100.0,1038.5857177314963,61.41428226850371
144374,1005.0,1031.9957708818715,-26.995770881871522
144384,605.0,691.774350930149,-86.77435093014901
144409,765.0,581.4250373403407,183.57496265965926
144433,1030.0,1306.2693845477593,-276.2693845477593
144461,1147.0,969.197707051863,177.80229294813705
144469,1282.0,1202.856076001464,79.14392399853591
144470,1570.0,1341.5489644523418,228.4510355476582
144486,665.0,718.3322904979416,-53.332290497941585
144491,992.0,1217.1706430049692,-225.17064300496918
144497,1360.0,1179.6942996021012,180.30570039789882
144520,756.0,782.3191876664016,-26.319187666401604
144548,1240.0,1098.8705300572137,141.12946994278627
144562,1335.0,1149.6574215232754,185.3425784767246
144563,1435.0,1241.5644113298727,193.43558867012734
144572,980.0,1286.2076022033796,-306.20760220337957
144582,790.0,790.0077394298797,-0.007739429879734416
144636,1125.0,1113.875716575667,11.124283424333044
144639,1356.0,1232.731325134616,123.2686748653839
144642,1045.0,1219.6317059466562,-174.6317059466562
144649,400.0,527.2489497800602,-127.24894978006023
144650,535.0,673.6762935101845,-138.67629351018445
144659,1010.0,1189.9352162943228,-179.9352162943228
144660,990.0,872.5481781848108,117.45182181518919
144703,492.0,725.9494724514558,-233.9494724514558
144709,1350.0,1184.8392051276705,165.16079487232946
144719,1315.0,1149.2638032546668,165.73619674533325
144751,840.0,1081.3387253534459,-241.33872535344585
144752,640.0,799.3193984480342,-159.31939844803424
144772,850.0,1098.2062404641365,-248.2062404641365
144774,675.0,715.7983451419301,-40.7983451419301
144776,1226.0,1177.916069154406,48.08393084559407
144777,865.0,766.1939144961095,98.80608550389047
144789,1270.0,1140.5810122208584,129.41898777914162
144798,1070.0,1075.0482761510734,-5.0482761510734235
144809,1220.0,1277.0836848278514,-57.08368482785136
144814,1480.0,1207.672277075853,272.3277229241471
144820,1235.0,1162.4065031897474,72.59349681025265
144835,1169.0,1244.4676190833954,-75.46761908339545
144842,1090.0,1091.9582526610327,-1.9582526610327022
144847,1030.0,1116.3467181960018,-86.3467181960018
144868,1195.0,1243.3075462531779,-48.30754625317786
144882,1235.0,1307.6056589418542,-72.60565894185424
145040,584.0,604.6714164493972,-20.671416449397157
145057,505.0,660.1787310065379,-155.17873100653787
145067,866.0,975.5198783137995,-109.5198783137995
145073,865.0,737.9145112339772,127.08548876602276
145105,1400.0,1278.9108850630946,121.08911493690539
145113,564.0,654.2462945257331,-90.2462945257331
145150,1355.0,1104.583441695538,250.4165583044619
145154,695.0,668.5913382499061,26.40866175009387
145174,1290.0,1240.9985908671752,49.00140913282485
145187,600.0,677.9503241248859,-77.95032412488592
145215,699.0,542.8023922463748,156.19760775362522
145230,1080.0,1212.2668815050895,-132.2668815050895
145262,510.0,737.4591651490535,-227.45916514905355
145268,568.0,592.8439704352619,-24.843970435261895
145321,1075.0,1166.1083261987305,-91.10832619873054
145343,1345.0,1150.7973036684348,194.20269633156522
145360,495.0,491.6616919438045,3.338308056195501
145396,1250.0,1073.5883038573288,176.4116961426712
145410,737.0,1308.4897750014914,-571.4897750014914
145430,1054.0,1164.1995691279706,-110.19956912797056
145435,1042.0,1055.8971036998107,-13.897103699810714
145467,1410.0,1252.5476328427008,157.45236715729925
145498,1070.0,940.2495112430449,129.75048875695506
145518,525.0,516.9727313793113,8.027268620688687
145521,985.0,1241.6474658191119,-256.64746581911186
145541,1025.0,1150.7973036684348,-125.79730366843478
145553,1140.0,1134.0194210565385,5.9805789434615235
145554,999.0,936.2712486379828,62.72875136201719
145582,740.0,707.4708178441102,32.52918215588977
145621,1150.0,1135.350255974892,14.64974402510802
145695,1195.0,1181.0981685732606,13.901831426739363
145746,1055.0,987.7617752376121,67.23822476238786
145760,1315.0,1201.9645020495877,113.03549795041226
145766,760.0,901.8654625980738,-141.8654625980738
145772,480.0,804.9622888007841,-324.9622888007841
145774,620.0,709.9070893721963,-89.90708937219631
145779,1030.0,1028.459971859803,1.5400281401969096
145786,445.0,670.7209456408841,-225.7209456408841
145807,1415.0,1175.0581127100108,239.94188728998915
145824,795.0,728.7817963206685,66.21820367933151
145844,875.0,1204.444943918998,-329.444943918998
145851,1220.0,1346.7599637607154,-126.75996376071544
145863,1160.0,1174.2614966409506,-14.261496640950554
145885,1025.0,999.6604577576633,25.339542242336734
145886,910.0,976.8378987346124,-66.8378987346124
145911,657.0,665.0979342166398,-8.097934216639828
145924,1307.0,1356.678893521647,-49.67889352164707
145944,700.0,746.7385258838173,-46.73852588381726
145973,1230.0,1239.1481227027195,-9.148122702719547
146003,1220.0,1109.760755634118,110.23924436588209
146007,1280.0,1109.784305153629,170.21569484637098
146011,810.0,747.8087524653635,62.191247534636545
146031,755.0,789.8382958144541,-34.83829581445411
146035,565.0,611.0764401048896,-46.07644010488957
146052,870.0,1005.5144331939872,-135.5144331939872
146117,765.0,643.6556165404255,121.34438345957449
146138,507.0,566.5851339754322,-59.5851339754322
146152,1580.0,1266.3994224696426,313.60057753035744
146166,1015.0,911.8141076612703,103.18589233872967
146191,920.0,1064.0374719551685,-144.03747195516848
146200,750.0,703.7520644045944,46.24793559540558
146211,950.0,994.5711634559037,-44.57116345590373
146214,990.0,914.0188852116132,75.98111478838678
146220,630.0,717.7443358920285,-87.74433589202852
146221,675.0,693.9259777465126,-18.925977746512558
146244,1358.0,952.8084206349207,405.1915793650793
146265,1170.0,1128.1345003813447,41.86549961865535
146295,1145.0,1190.9315148229875,-45.93151482298754
146321,1455.0,1206.487396855859,248.51260314414094
146338,735.0,698.8465004028408,36.153499597159225
146348,781.0,757.7662276377164,23.233772362283617
146350,1015.0,1231.059839309673,-216.05983930967295
146354,1365.0,1300.6515763136265,64.34842368637351
146374,360.0,724.0831063609136,-364.0831063609136
146378,1540.0,1314.6652315925746,225.33476840742537
146385,930.0,885.3677789555302,44.632221044469816
146397,550.0,628.0294104946004,-78.02941049460037
146429,1160.0,1181.598799534179,-21.59879953417908
146434,1397.0,1369.348164753007,27.65183524699296
146448,1470.0,1312.0142699204096,157.98573007959044
146480,848.0,766.1714498645314,81.82855013546862
146489,775.0,689.6428364537177,85.35716354628232
146495,460.0,612.7627372286078,-152.76273722860776
146571,1020.0,1140.3070690170948,-120.30706901709482
146572,610.0,600.3432872080809,9.656712791919063
146583,1050.0,946.2487457677045,103.75125423229554
146593,885.0,732.4951858227079,152.50481417729213
146594,790.0,699.0265632360364,90.9734367639636
146597,1405.0,1318.7719178394498,86.22808216055023
146663,740.0,756.3532851492564,-16.353285149256408
146672,1260.0,1050.3411312267212,209.65886877327875
146694,695.0,691.3150661040906,3.684933895909353
146705,1065.0,1008.8674530603413,56.13254693965871
146710,331.0,609.5508507116116,-278.5508507116116
146712,368.0,591.7279949811592,-223.7279949811592
146719,1322.0,1161.3728032951549,160.62719670484512
146724,1119.0,1235.334658696348,-116.33465869634801
146744,880.0,752.1229667453342,127.87703325466578
146762,810.0,763.2600507084427,46.73994929155731
146802,1255.0,1250.7840159980724,4.215984001927609
146864,1060.0,1170.0783366163305,-110.07833661633049
146893,600.0,625.7962045554407,-25.79620455544068
146895,750.0,864.3619923643321,-114.36199236433208
146921,1366.0,1280.5224474941501,85.47755250584987
146932,1411.0,1185.072913327039,225.92708667296097
147020,1462.0,1282.1090175250172,179.89098247498282
147028,1320.0,1245.311056056506,74.688943943494
147029,1043.0,1106.285599993959,-63.28559999395907
147069,933.0,1116.1978205039695,-183.19782050396952
147100,1320.0,1190.9225357009575,129.0774642990425
147106,465.0,486.19051045064776,-21.190510450647764
147148,1170.0,1138.9742224836534,31.02577751634658
147152,1110.0,1125.06793909422,-15.067939094220037
147158,1223.0,1169.5131635055463,53.486836494453655
147177,585.0,627.8628256518949,-42.86282565189492
147224,1085.0,1176.5194463134303,-91.51944631343031
147283,280.0,539.098867112779,-259.098867112779
147286,780.0,726.8718947180059,53.12810528199407
147295,1365.0,1223.685481050483,141.31451894951692
147347,1235.0,1188.4413471646856,46.55865283531443
147356,615.0,648.9645925858692,-33.96459258586924
147363,616.0,729.3132466045591,-113.31324660455914
147370,1110.0,1197.4175254898316,-87.41752548983163
147412,795.0,710.3032063699417,84.69679363005832
147433,1075.0,910.3966656054729,164.6033343945271
147454,981.0,926.953427097303,54.046572902696994
147458,960.0,635.2867461722067,324.7132538277933
147462,1095.0,1240.339710461288,-145.33971046128795
147464,1238.0,930.1147601541151,307.88523984588494
147469,895.0,1210.6001200296607,-315.60012002966073
147478,755.0,724.5039622902015,30.496037709798543
147492,620.0,749.9396746116633,-129.93967461166335
147505,905.0,1282.2208347929904,-377.22083479299044
147513,510.0,570.5406850851728,-60.540685085172754
147526,1395.0,1276.7403102968137,118.25968970318627
147529,1150.0,1184.5258017888189,-34.52580178881885
147544,1300.0,1057.0155370108407,242.98446298915928
147547,988.0,1015.7078433637676,-27.70784336376755
147562,860.0,727.0676344520375,132.9323655479625
147584,590.0,704.5380191747687,-114.53801917476869
147587,540.0,659.123174093141,-119.12317409314096
147600,1130.0,1316.4214845417441,-186.42148454174412
147609,700.0,706.0845202644596,-6.08452026445957
147620,1420.0,1252.5585578857238,167.44144211427624
147652,910.0,1219.217758582572,-309.21775858257206
147654,555.0,658.7615860983403,-103.76158609834033
147655,750.0,888.1034235883349,-138.10342358833486
147657,940.0,900.1013678130296,39.89863218697042
147663,685.0,673.7046251938698,11.295374806130212
147671,1120.0,1052.9384809586063,67.0615190413937
147689,695.0,752.5872524001284,-57.587252400128364
147692,760.0,765.0089003459634,-5.008900345963411
147701,1215.0,1107.6885009362827,107.31149906371729
147742,875.0,642.2642161867864,232.73578381321363
147767,1285.0,1187.7162879781938,97.2837120218062
147770,1445.0,1178.570881129445,266.42911887055493
147787,500.0,649.3150487988186,-149.31504879881857
147791,550.0,706.2224921042977,-156.22249210429766
147836,1210.0,942.4092185836988,267.5907814163012
147838,1240.0,1177.4881465287697,62.511853471230324
147877,1230.0,1064.3600176158157,165.63998238418435
147878,616.0,650.038122456738,-34.03812245673805
147889,1235.0,1298.236371868155,-63.23637186815495
147948,1325.0,1246.132171877593,78.86782812240699
147963,1030.0,1184.0825341741643,-154.08253417416427
147973,887.0,1029.25242163844,-142.25242163843996
147995,1340.0,1315.0394210838442,24.960578916155782
148002,925.0,811.2122214052291,113.78777859477088
148011,1200.0,1270.651284939271,-70.65128493927091
148037,1287.0,1205.9337923610187,81.06620763898127
148044,1405.0,1275.2727389508013,129.72726104919866
148050,1000.0,1274.0719846123934,-274.0719846123934
148062,880.0,765.1180341463624,114.88196585363755
148064,1440.0,1151.2332879564644,288.76671204353556
148077,965.0,984.1785010594228,-19.178501059422842
148096,1102.0,994.9924917549322,107.00750824506781
148106,1245.0,1006.2226232773494,238.77737672265062
148138,1173.0,987.8778174565618,185.12218254343816
148184,1331.0,738.3087128886747,592.6912871113253
148190,704.0,749.0051264118368,-45.00512641183684
148198,923.0,888.8022204985302,34.19777950146977
148250,1385.0,1253.5107267074115,131.48927329258845
148258,1069.0,1117.59194959198,-48.59194959197998
148316,955.0,1086.5869647693237,-131.58696476932369
148317,1260.0,1238.0650190521924,21.934980947807617
148332,635.0,792.5767464342886,-157.57674643428857
148403,365.0,595.4989796771059,-230.49897967710592
148408,564.0,590.3633993603121,-26.363399360312087
148440,1065.0,1121.8273887321952,-56.82738873219523
148451,1130.0,1258.6269327382486,-128.62693273824857
148491,1095.0,1339.4228730406091,-244.42287304060915
148511,930.0,934.4313460998292,-4.43134609982917
148525,1115.0,1139.5381814835328,-24.538181483532753
148532,1095.0,1024.3614380167407,70.63856198325925
148537,775.0,729.432910434412,45.56708956558805
148538,1070.0,1160.1954479104113,-90.1954479104113
148556,1220.0,1159.9290148075968,60.070985192403214
148623,981.0,1151.202530706213,-170.2025307062131
148627,1265.0,1153.08745770464,111.91254229536003
148631,1109.0,1189.7284555940194,-80.72845559401935
148641,770.0,633.8087868681254,136.19121313187463
148680,1110.0,1076.6641371118815,33.33586288811853
148682,632.0,756.9753442027737,-124.97534420277373
148698,1040.0,964.7970473726086,75.20295262739137
148725,1240.0,1190.6661660941866,49.333833905813435
148744,660.0,641.1044969204481,18.895503079551872
148763,1040.0,1155.6697704356448,-115.66977043564475
148785,1160.0,1134.1710216390588,25.828978360941164
148803,985.0,1239.1481227027195,-254.14812270271955
148804,1308.0,1175.2430982470469,132.75690175295313
148810,853.0,688.7045898680569,164.29541013194307
148818,1050.0,963.954381739878,86.04561826012196
148826,1375.0,1146.8822418792995,228.1177581207005
148833,865.0,736.6760784272559,128.3239215727441
148840,800.0,1033.439238575675,-233.43923857567506
148871,1180.0,1172.867929619989,7.1320703800111005
148909,1235.0,1161.152134641054,73.84786535894591
148937,560.0,723.2943282856552,-163.29432828565518
148939,585.0,665.0032294163834,-80.00322941638342
148941,1110.0,1156.9302602208566,-46.93026022085655
148956,700.0,632.7529181745149,67.24708182548511
148960,942.0,1259.0784853349962,-317.07848533499623
148969,910.0,1055.5233075707515,-145.5233075707515
149025,1060.0,1338.636788939771,-278.6367889397709
149054,1165.0,1035.7523275841957,129.24767241580435
149060,1394.0,1158.8903805094553,235.10961949054467
149065,985.0,1141.4911504938116,-156.49115049381157
149078,730.0,620.6412115624687,109.3587884375313
149081,1160.0,1158.7443651429671,1.2556348570328737
149139,490.0,660.4188003233486,-170.4188003233486
149154,1047.0,1152.439320260649,-105.43932026064908
149227,1228.0,1118.1873430801202,109.81265691987983
149252,621.0,1113.450644776448,-492.4506447764479
149269,1014.0,1120.176154273698,-106.1761542736981
149274,1095.0,1017.2736324835341,77.72636751646587
149285,1069.0,1164.674643970787,-95.67464397078697
149289,1040.0,1079.898824731913,-39.89882473191301
149315,1130.0,1097.3611139369573,32.63888606304272
149351,530.0,700.3329277402069,-170.33292774020686
149359,726.0,637.9198801053911,88.08011989460886
149420,1090.0,1143.56471619039,-53.56471619039007
149434,1091.0,979.3569985180366,111.64300148196344
149465,1099.0,1061.4894022703456,37.510597729654364
149474,865.0,754.1851089119358,110.8148910880642
149499,500.0,491.5280628908131,8.47193710918691
149504,861.0,937.187927221151,-76.18792722115097
149506,1532.0,1220.7469375436692,311.2530624563308
149575,520.0,648.300666963201,-128.30066696320102
149581,1435.0,1303.8329714694335,131.16702853056654
149619,1110.0,1174.7150459251225,-64.71504592512247
149639,1040.0,1316.9091698880623,-276.90916988806225
149694,1079.0,1098.506870008175,-19.50687000817493
149721,795.0,677.8789002814234,117.1210997185766
149737,835.0,1122.147193506882,-287.1471935068821
149760,1030.0,831.9255317143228,198.0744682856772
149764,1140.0,1060.667901525033,79.3320984749671
149767,745.0,836.1601432587942,-91.16014325879416
149772,1345.0,1119.999111053305,225.0008889466951
149779,710.0,646.635049145048,63.364950854951985
149790,1058.0,1056.5549082618347,1.4450917381652744
149820,512.0,604.0184587387889,-92.01845873878892
149861,1150.0,1071.7521786133102,78.2478213866898
149884,937.0,759.148786429791,177.85121357020898
149898,1140.0,1089.8996686042867,50.10033139571328
149911,1010.0,1135.82579518852,-125.82579518852003
149919,435.0,705.7875319667553,-270.7875319667553
149960,765.0,886.4846710234347,-121.48467102343466
149980,1090.0,1252.4464652878469,-162.44646528784688
149984,717.0,616.9133371496109,100.08666285038908
149986,948.0,1014.3833144025356,-66.38331440253558
150009,1210.0,1259.5109874835437,-49.51098748354366
150080,952.0,1297.1947170002288,-345.1947170002288
150106,1120.0,1106.6358822570837,13.364117742916278
150110,1060.0,1233.1852254023772,-173.18522540237723
150114,1165.0,1211.2168435925826,-46.21684359258256
150124,1165.0,1098.5846621207718,66.41533787922822
150137,1210.0,1024.021604532996,185.97839546700402
150141,525.0,589.8659049342778,-64.86590493427775
150158,1253.0,1130.810399035479,122.1896009645211
150223,1224.0,1107.722338218596,116.27766178140405
150234,1047.0,1026.9150328091375,20.08496719086247
150243,1145.0,974.0588496983482,170.94115030165176
150252,615.0,620.4476235130317,-5.447623513031658
150288,570.0,695.9519538195054,-125.95195381950543
150299,1050.0,1318.6862428280676,-268.68624282806763
150311,650.0,625.1263982837743,24.87360171622572
150321,1050.0,992.7407858038451,57.25921419615486
150336,925.0,1094.5141841141028,-169.51418411410282
150371,1285.0,1233.876763090739,51.123236909261095
150403,823.0,995.1207650619299,-172.1207650619299
150404,773.0,578.9626013309098,194.03739866909018
150465,1245.0,1234.2336551961141,10.766344803885886
150540,1190.0,1037.3414059777126,152.6585940222874
150575,1270.0,1199.5892068267833,70.41079317321669
150587,1235.0,1263.32320974794,-28.323209747939927
150593,810.0,681.1232130010529,128.87678699894707
150599,946.0,1037.889077854591,-91.88907785459105
150623,665.0,657.9330098811814,7.06699011881858
150708,1042.0,1118.3486423073762,-76.34864230737617
150715,400.0,1253.7476463789492,-853.7476463789492
150745,595.0,709.7774405583342,-114.7774405583342
150750,975.0,1097.6374813391217,-122.63748133912168
150786,1069.0,1032.6573698961724,36.34263010382756
150809,696.0,679.2451329926896,16.754867007310395
150817,805.0,685.9747739214374,119.02522607856258
150843,575.0,783.2899837228738,-208.28998372287379
150900,1370.0,1180.2990411270237,189.70095887297634
150901,1330.0,1275.6465284874541,54.353471512545866
150940,960.0,1010.2258115509277,-50.22581155092769
150959,1221.0,1211.671154953123,9.32884504687695
150977,775.0,704.9657918686376,70.03420813136245
150983,1175.0,1143.071499121138,31.928500878861996
151004,1080.0,1359.7367224603342,-279.73672246033425
151028,420.0,661.6825758088619,-241.68257580886188
151041,840.0,832.4657303921252,7.534269607874762
151042,880.0,1003.8266824224855,-123.82668242248553
151085,1505.0,1312.8238743342913,192.1761256657087
151116,810.0,1009.7255320081052,-199.72553200810523
151120,630.0,777.6789004053987,-147.67890040539874
151130,930.0,1059.5120887671028,-129.5120887671028
151145,1045.0,1222.5528265957619,-177.55282659576187
151148,685.0,703.9552774135103,-18.955277413510316
151178,955.0,745.7616124264814,209.2383875735186
151182,1135.0,1022.5529216232101,112.44707837678993
151195,1060.0,1166.0263985625124,-106.02639856251244
151236,1305.0,1254.4675307884775,50.53246921152254
151252,1225.0,1192.4576603496516,32.54233965034837
151381,1245.0,975.7700147861269,269.2299852138731
151398,1133.0,1037.8773590599794,95.12264094002057
151410,926.0,1031.8791185319508,-105.87911853195078
151420,1318.0,1259.1472792114794,58.85272078852063
151424,1270.0,1191.5778113039817,78.42218869601834
151477,878.0,896.5998602917048,-18.599860291704772
151479,915.0,1105.493025062424,-190.49302506242407
151480,795.0,686.0366331042973,108.96336689570273
151486,915.0,1022.595552355417,-107.595552355417
151506,720.0,900.9071434299566,-180.9071434299566
151527,1075.0,879.1418540849515,195.85814591504845
151539,785.0,709.2261727448041,75.7738272551959
151585,1035.0,1042.278963833363,-7.278963833362923
151602,450.0,588.5165462382035,-138.51654623820355
151639,835.0,882.9901742225214,-47.99017422252143
151656,1065.0,1233.9597376752454,-168.95973767524538
151658,810.0,692.1802546655173,117.81974533448272
151660,1175.0,1001.4998966417869,173.5001033582131
151666,620.0,706.0845202644596,-86.08452026445957
151668,1135.0,636.3463198992498,498.6536801007502
151670,1470.0,1168.6642952078919,301.3357047921081
151706,1355.0,1228.300128401719,126.6998715982811
151715,725.0,731.7055654542045,-6.705565454204475
151725,810.0,685.6990927021078,124.3009072978922
151785,599.0,611.7539005262038,-12.753900526203779
151798,708.0,698.0679636270127,9.93203637298734
151825,950.0,1168.983950251128,-218.9839502511279
151837,770.0,710.52834322347,59.47165677653004
151853,955.0,693.4346003127597,261.5653996872403
151870,1116.0,1197.9970099290372,-81.99700992903718
151889,600.0,673.1145960885714,-73.11459608857137
151924,590.0,640.715813958889,-50.71581395888904
151969,940.0,1258.8903432709217,-318.8903432709217
151990,990.0,687.3650548243966,302.63494517560343
151997,632.0,688.2305168062757,-56.23051680627566
152036,520.0,976.6804264814459,-456.6804264814459
152054,1205.0,1130.5238983975264,74.47610160247359
152100,1045.0,1119.8552068506447,-74.85520685064466
152132,620.0,736.8548153548373,-116.85481535483734
152147,565.0,718.3322904979416,-153.33229049794159
152185,1340.0,1289.8778217902227,50.1221782097773
152191,440.0,665.2836333951368,-225.2836333951368
152211,1255.0,1121.7509339340118,133.24906606598825
152218,930.0,972.1807298461536,-42.180729846153554
152253,375.0,759.6893656473688,-384.68936564736885
152285,1350.0,1040.6735313907868,309.3264686092132
152293,1025.0,1121.1895234390759,-96.18952343907586
152311,1513.0,1306.987610650842,206.01238934915796
152329,520.0,734.638788247144,-214.63878824714402
152334,1060.0,1052.2888773755553,7.71112262444467
152347,1225.0,1041.085422868321,183.91457713167893
152379,950.0,1125.5056253182934,-175.50562531829337
152384,1135.0,1285.164925634408,-150.16492563440806
152389,1011.0,1062.5875925454702,-51.587592545470216
152470,1355.0,1365.380496738024,-10.380496738024021
152482,850.0,725.2822478334396,124.71775216656044
152530,1334.0,1120.0511169043916,213.94888309560838
152536,703.0,745.530629824094,-42.530629824094035
152537,1087.0,1172.9733002711532,-85.97330027115322
152589,937.0,1104.944080789318,-167.94408078931792
152592,725.0,745.7234840745768,-20.723484074576845
152610,1496.0,1108.4822119406663,387.5177880593337
152623,580.0,656.3656629075182,-76.36566290751819
152650,1100.0,1093.5741245498355,6.42587545016454
152665,1350.0,1233.9899683722845,116.01003162771553
152677,485.0,677.7563043131211,-192.75630431312106
152717,580.0,708.8582343012355,-128.85823430123548
152772,804.0,738.1923680240483,65.80763197595172
152798,804.0,709.8520151746782,94.14798482532183
152805,1050.0,1115.0051893881066,-65.0051893881066
152893,1000.0,968.9958403641995,31.004159635800534
152964,635.0,741.6997858628184,-106.69978586281843
152971,950.0,1185.2129529758504,-235.21295297585038
152999,725.0,696.7277905238018,28.272209476198213
153008,970.0,1200.6153443305598,-230.61534433055976
153033,965.0,1095.415208178646,-130.41520817864603
153035,1155.0,1171.1023453689338,-16.10234536893381
153066,1179.0,1270.592796226513,-91.59279622651297
153069,1338.0,1182.1159254847657,155.88407451523426
153154,1125.0,1067.6036518693402,57.39634813065982
153218,820.0,732.8144837248535,87.18551627514648
153248,785.0,1056.7884271003732,-271.78842710037316
153314,760.0,803.6220032656761,-43.622003265676085
153359,1049.0,1041.031626715209,7.968373284790914
153374,1005.0,1074.6470297881428,-69.64702978814285
153407,920.0,855.7613912396029,64.23860876039714
153447,772.0,785.9197835532304,-13.919783553230445
153521,1130.0,1070.9504631111417,59.049536888858256
153565,1110.0,1100.2727333269133,9.72726667308666
153583,1179.0,1079.633964051755,99.3660359482451
153585,1070.0,1244.2653763334147,-174.26537633341468
153611,772.0,736.2888644115435,35.7111355884565
153651,625.0,642.5884750532424,-17.588475053242405
153686,600.0,683.7704436254425,-83.77044362544245
153688,1202.0,1181.2011376883793,20.798862311620724
153705,495.0,588.6047023452021,-93.6047023452021
153719,1190.0,1136.059945831615,53.940054168384904
153742,1230.0,1106.2437836594854,123.75621634051458
153774,860.0,734.6909364868065,125.30906351319345
153777,1110.0,1132.511956188159,-22.511956188159047
153793,505.0,709.3179526509335,-204.31795265093353
153796,1355.0,1296.3881973471557,58.61180265284429
153826,800.0,719.5359502495442,80.46404975045584
153857,1090.0,1202.7369500870125,-112.73695008701247
153863,880.0,831.3161863215241,48.68381367847587
153972,660.0,753.9359248585254,-93.93592485852537
154008,1040.0,1120.7725375948644,-80.77253759486439
154037,1048.0,681.5835363729361,366.4164636270639
154038,1270.0,1261.745209682824,8.254790317176003
154050,855.0,676.9348326890058,178.06516731099418
154055,770.0,694.871271195837,75.12872880416296
154080,1235.0,1114.509175376037,120.49082462396291
154095,1025.0,986.8436396883393,38.156360311660706
154116,890.0,1037.7832368123156,-147.78323681231564
154123,570.0,647.8268050125012,-77.82680501250115
154151,1003.0,1105.7295683774994,-102.72956837749939
154166,900.0,1052.7445162558686,-152.74451625586858
154189,450.0,633.7544985310124,-183.75449853101236
154195,825.0,751.4633589500465,73.53664104995346
154206,1060.0,995.5118061115113,64.4881938884887
154236,729.0,918.4829841860359,-189.48298418603588
154268,725.0,657.774921618958,67.22507838104195
154291,730.0,1046.201492063492,-316.20149206349197
154317,1170.0,1189.5475011561573,-19.547501156157296
154324,460.0,649.409963144416,-189.409963144416
154368,1340.0,1144.7644837577914,195.23551624220863
154376,915.0,1227.5721799668952,-312.5721799668952
154380,1120.0,1105.2019590311274,14.798040968872556
154472,895.0,695.9519538195054,199.04804618049457
154481,960.0,1070.270995050516,-110.27099505051592
154490,750.0,714.3611845991167,35.638815400883345
154510,1025.0,1010.0608526833898,14.93914731661016
154516,990.0,1168.8388500904528,-178.83885009045275
154527,775.0,1027.8155047619048,-252.81550476190478
154529,756.0,700.9043912335849,55.095608766415126
154559,725.0,693.3442055798043,31.65579442019566
154593,1120.0,1038.396850970581,81.603149029419
154617,1241.0,1102.3368106095495,138.6631893904505
154620,1090.0,1201.7097498130358,-111.70974981303584
154639,960.0,835.8533706205981,124.14662937940193
154646,980.0,1103.161570834569,-123.16157083456892
154731,900.0,1050.1705187954954,-150.17051879549535
154743,1570.0,1268.7740669566904,301.2259330433096
154768,510.0,684.4952894162476,-174.4952894162476
154778,675.0,669.065724428627,5.93427557137295
154846,1055.0,1139.622299518373,-84.62229951837298
154872,1000.0,772.6306927864002,227.36930721359977
154874,675.0,636.9983999441548,38.00160005584519
154898,805.0,898.8231235634624,-93.82312356346245
154900,1215.0,775.2241322489818,439.77586775101815
154921,955.0,1160.9823583978264,-205.98235839782637
154964,1035.0,926.2937131437923,108.70628685620773
154975,1255.0,1242.8851361377158,12.11486386228421
154982,1195.0,1335.1504555571917,-140.15045555719166
155029,675.0,714.3286764531305,-39.32867645313047
155079,995.0,856.4485665790154,138.5514334209846
155094,1036.0,1076.2533232670705,-40.25332326707053
155099,1135.0,1208.0432080948833,-73.04320809488331
155151,1191.0,1236.864381335682,-45.86438133568208
155167,1466.0,1078.0941634676913,387.90583653230874
155172,1295.0,1058.0266048282124,236.97339517178762
155190,628.0,660.168997382215,-32.168997382215025
155198,1160.0,1102.5715194021557,57.42848059784433
155200,1130.0,1053.931982773196,76.06801722680393
155236,539.0,538.0994932376418,0.9005067623581908
155240,1140.0,1087.593155334912,52.4068446650881
155250,855.0,1007.601824511532,-152.60182451153196
155262,1550.0,1321.093527841424,228.90647215857598
155271,1315.0,1121.655753389839,193.344246610161
155284,711.0,730.7677780587626,-19.767778058762588
155291,611.0,553.389191479523,57.61080852047701
155336,1150.0,1293.3900391852203,-143.3900391852203
155362,1012.0,1063.7509466769905,-51.75094667699045
155409,620.0,620.680477821404,-0.680477821403997
155455,1050.0,1165.1724853537282,-115.17248535372823
155469,1260.0,1175.5886386046702,84.41136139532978
155563,790.0,752.687401430521,37.31259856947895
155650,745.0,706.2381941896454,38.761805810354645
155673,1475.0,1358.9564239477743,116.04357605222572
155721,715.0,803.5774042133633,-88.57740421336325
155738,1130.0,1231.679137108697,-101.67913710869698
155762,1180.0,1173.952685605112,6.047314394887962
155789,931.0,859.0975525672771,71.90244743272285
155806,1065.0,1086.4493988560753,-21.449398856075277
155813,1395.0,1239.2399046170701,155.76009538292988
155841,1490.0,1248.0985829383412,241.90141706165878
155842,1230.0,1078.4836276181024,151.51637238189755
155843,715.0,773.5081521035364,-58.50815210353642
155884,765.0,677.9307235250059,87.06927647499413
155901,545.0,660.6867922812855,-115.68679228128553
155905,716.0,628.396933896331,87.603066103669
155914,1130.0,1073.09311471699,56.90688528301007
155922,1025.0,994.1932156081965,30.80678439180349
155970,670.0,623.6625854586113,46.33741454138874
155975,725.0,731.0994555868954,-6.099455586895374
155988,1220.0,1148.5695673847224,71.4304326152776
156072,615.0,655.0087038108559,-40.00870381085588
156093,1020.0,955.3706645235671,64.62933547643286
156136,586.0,696.9229094634126,-110.92290946341257
156223,1320.0,1248.6444852270224,71.35551477297759
156235,1021.0,1213.5367504012092,-192.53675040120925
156239,1230.0,1055.1585609627107,174.84143903728932
156287,761.0,683.5564730112112,77.44352698878879
156301,1411.0,1175.7564458353875,235.24355416461253
156352,1091.0,905.5038569684895,185.49614303151054
156353,1000.0,1035.4464085718216,-35.44640857182162
156355,1191.0,1175.264250017497,15.735749982502966
156358,1369.0,1113.779436283603,255.220563716397
156370,605.0,596.8339326178993,8.166067382100664
156391,533.0,670.9612567353295,-137.96125673532947
156396,470.0,706.5236113999534,-236.52361139995344
156453,883.0,830.7970451130456,52.202954886954444
156488,682.0,680.7489868861702,1.2510131138297993
156491,1092.0,921.0878694877083,170.9121305122917
156494,715.0,640.1465872112175,74.85341278878252
156507,885.0,606.2428730680906,278.7571269319094
156509,965.0,1326.1660528110544,-361.16605281105444
156510,615.0,664.8155585106495,-49.81555851064945
156514,795.0,700.2525465837466,94.74745341625339
156521,1004.0,1038.8301831409328,-34.83018314093283
156546,1230.0,1134.7702058228258,95.2297941771742
156562,621.0,780.1993863430698,-159.19938634306982
156576,1282.0,1158.7797159591896,123.22028404081038
156581,1170.0,1072.8103657621125,97.1896342378875
156597,605.0,696.7277905238018,-91.72779052380179
156637,670.0,680.4290030955614,-10.42900309556137
156653,550.0,749.0776629854291,-199.07766298542913
156684,1213.0,1099.9720770887698,113.02792291123023
156715,704.0,691.5910860709391,12.408913929060873
156728,1175.0,1190.6752422974344,-15.675242297434352
156746,1480.0,1221.5575704636267,258.4424295363733
156787,1157.0,1260.7328299723727,-103.73282997237266
156845,1140.0,1344.6219822527198,-204.62198225271982
156890,725.0,672.5120194248954,52.48798057510464
156925,1168.0,1262.043486523993,-94.0434865239929
156973,735.0,654.0947671703491,80.90523282965091
156984,780.0,700.7112634626515,79.28873653734854
157002,1090.0,1104.582470227971,-14.582470227971044
157024,700.0,701.1296409717645,-1.129640971764502
157034,580.0,935.743749008414,-355.74374900841406
157077,1100.0,1172.6922129189009,-72.69221291890085
157085,1315.0,1132.0666796888672,182.93332031113277
157088,1130.0,1025.2991517549494,104.70084824505057
157092,850.0,942.231382384782,-92.23138238478202
157104,350.0,668.1889139057445,-318.18891390574447
157171,1055.0,1062.4423448702632,-7.442344870263241
157179,1250.0,1069.4988173621853,180.50118263781474
157211,825.0,643.8180779110484,181.18192208895164
157253,1720.0,1199.323710212544,520.676289787456
157292,920.0,973.1597439659694,-53.15974396596937
157357,1065.0,1041.8129031754738,23.18709682452618
157402,1060.0,1297.1947170002288,-237.19471700022882
157403,570.0,732.9537298755912,-162.9537298755912
157414,1310.0,1140.0188099374684,169.9811900625316
157430,491.0,486.54054302987225,4.4594569701277464
157444,1515.0,1195.872598077927,319.127401922073
157459,785.0,679.278610899227,105.72138910077297
157478,638.0,709.4434883573946,-71.44348835739459
157521,740.0,686.4857335442916,53.514266455708366
157600,679.0,476.7620934343433,202.23790656565671
157626,1495.0,1312.6701153094034,182.3298846905966
157630,670.0,771.0010007746852,-101.00100077468517
157646,1150.0,1004.3999212717162,145.60007872828385
157662,1180.0,1297.7990978320863,-117.79909783208632
157670,1290.0,1305.6803944413662,-15.680394441366161
157702,1135.0,1216.3941669273397,-81.39416692733971
157744,1490.0,1273.1062961323905,216.89370386760947
157759,1380.0,1311.5179101939211,68.48208980607887
157809,930.0,1226.4176159861852,-296.4176159861852
157850,1390.0,1104.3862087553584,285.61379124464156
157890,1025.0,1131.062349814673,-106.0623498146731
157947,1502.0,1189.4791553625118,312.52084463748815
157968,793.0,1009.514373168126,-216.51437316812599
158052,1440.0,1159.8140808807489,280.18591911925114
158053,897.0,916.2204167216661,-19.220416721666084
158141,1165.0,1280.7718291459914,-115.77182914599143
158155,1068.0,1123.5548603345094,-55.554860334509385
158159,1015.0,1161.386597031497,-146.3865970314971
158260,795.0,737.279234456466,57.72076554353396
158264,1445.0,1260.6086673183308,184.39133268166916
158282,1168.0,1100.3795430675877,67.62045693241225
158313,870.0,667.9676724355359,202.03232756446414
158330,820.0,878.3280472054719,-58.328047205471876
158366,625.0,703.3872646986124,-78.3872646986124
158409,1180.0,1091.3142209946666,88.68577900533342
158466,1325.0,1229.7524287129409,95.24757128705915
158489,505.0,775.4304037677559,-270.43040376775593
158493,475.0,570.6604396895552,-95.66043968955523
158533,570.0,783.0923822990964,-213.09238229909636
158583,665.0,601.8881073279881,63.11189267201189
158589,960.0,725.9614448072492,234.03855519275078
158592,1107.0,1268.4065580326228,-161.4065580326228
158598,1320.0,1282.5343560807235,37.465643919276545
158601,1334.0,1166.5504249178816,167.44957508211837
158619,1120.0,1317.6655742758235,-197.66557427582347
158625,1130.0,1037.8773590599794,92.12264094002057
158656,1120.0,878.6430233001928,241.3569766998072
158665,965.0,1117.1682196877327,-152.16821968773274
158714,780.0,685.4002152648993,94.59978473510068
158720,600.0,713.5724284446221,-113.57242844462212
158823,1270.0,1166.8845644281853,103.11543557181471
158835,1425.0,1246.1254411235145,178.87455887648548
158858,460.0,598.1118466572227,-138.1118466572227
158880,1110.0,1281.2137338712896,-171.2137338712896
158902,1170.0,1096.868295634414,73.13170436558607
158918,1005.0,1036.1558181695282,-31.155818169528175
158919,1010.0,1219.070044948051,-209.07004494805096
158930,660.0,787.8155755582865,-127.81557555828647
158935,1040.0,964.6833481637697,75.31665183623033
158977,860.0,855.6640667943102,4.335933205689798
158996,1135.0,973.7138713014838,161.28612869851622
159018,1105.0,1054.5116610739644,50.48833892603557
159089,826.0,1188.2036235816918,-362.2036235816918
159094,1200.0,933.4947974546294,266.5052025453706
159096,830.0,1010.860612328687,-180.860612328687
159157,495.0,617.2407257846573,-122.24072578465734
159166,850.0,627.9929899893713,222.00701001062873
159196,1052.0,1034.5106467349663,17.489353265033742
159225,1375.0,1138.171992362691,236.82800763730893
159256,830.0,880.7337639051144,-50.733763905114415
159270,1213.0,1078.8563056616297,134.14369433837032
159280,661.0,692.3665717372988,-31.36657173729884
159321,1197.0,1248.4550531210764,-51.45505312107639
159330,820.0,1140.1283648049437,-320.12836480494366
159343,805.0,701.1524613957333,103.84753860426667
159354,1225.0,1290.1138359325196,-65.11383593251958
159387,1350.0,1244.582414080106,105.41758591989401
159395,1020.0,1127.159180339481,-107.15918033948105
159405,1180.0,1249.7252112818421,-69.72521128184212
159462,810.0,1141.4143216229666,-331.41432162296655
159521,578.0,648.3007738921883,-70.30077389218832
159567,1100.0,1054.6401898512645,45.359810148735505
159645,1225.0,1151.3715354714686,73.62846452853137
159658,950.0,1017.1353274729386,-67.13532747293857
159667,675.0,668.9146966265788,6.085303373421198
159678,1025.0,1304.309853091244,-279.3098530912439
159698,1289.0,1271.8941460410042,17.105853958995795
159707,940.0,1029.5473573966594,-89.54735739665944
159718,1091.0,1163.4412036017163,-72.44120360171632
159727,1060.0,1045.2047461068375,14.795253893162453
159744,870.0,945.19512991407,-75.19512991406998
159769,1515.0,1348.097369046631,166.902630953369
159779,970.0,1055.7644792832527,-85.76447928325274
159801,1060.0,1053.7143932300407,6.285606769959259
159840,1080.0,1156.1829267267922,-76.18292672679218
159859,475.0,683.2863741541947,-208.28637415419473
159862,890.0,796.8628454731492,93.13715452685085
159878,750.0,713.5724284446221,36.42757155537788
159895,920.0,1193.0382733809786,-273.0382733809786
159903,1130.0,1080.1559200685438,49.844079931456235
159927,1328.0,1221.9774133316753,106.02258666832472
159956,1010.0,1050.888328497646,-40.888328497645944
159962,1135.0,951.9905535784819,183.00944642151808
159989,715.0,741.0865276572271,-26.086527657227066
159992,645.0,696.7277905238018,-51.72779052380179
160001,889.0,906.7353221450996,-17.735322145099644
160068,940.0,1056.3808809086706,-116.38088090867063
160070,1435.0,1243.9804876415005,191.01951235849947
160082,618.0,703.5663151558995,-85.56631515589947
160115,1190.0,1199.6520276590986,-9.652027659098621
160121,660.0,580.9071590563522,79.09284094364784
160146,950.0,1051.7237603791332,-101.72376037913318
160180,1110.0,1052.1424640737393,57.85753592626065
160190,1030.0,1068.9448845283205,-38.94488452832047
160204,1070.0,1112.2251918239047,-42.22519182390465
160209,597.0,683.065891005416,-86.065891005416
160224,670.0,599.9379261668607,70.06207383313927
160272,930.0,1217.6270333375608,-287.62703333756076
160310,1323.0,1054.4547615584613,268.5452384415387
160332,1480.0,1337.7691648819919,142.23083511800814
160342,695.0,711.565816397814,-16.565816397814046
160359,1140.0,1247.7951184017834,-107.79511840178338
160369,758.0,858.9416065186294,-100.94160651862944
160384,500.0,671.2264506632721,-171.2264506632721
160398,1113.0,1253.1375458169575,-140.13754581695753
160415,763.0,1143.6552583457353,-380.6552583457353
160427,1010.0,853.969772359014,156.03022764098603
160431,539.0,630.4884932634557,-91.48849326345567
160490,926.0,961.0690790241513,-35.06907902415128
160498,857.0,1012.2886076224295,-155.28860762242948
160524,775.0,857.9249951943781,-82.92499519437808
160581,680.0,681.1071726761373,-1.1071726761373384
160591,1155.0,1304.2878178737321,-149.28781787373214
160640,1130.0,1187.1709416843066,-57.17094168430663
160655,620.0,709.5903672511134,-89.59036725111343
160658,990.0,1139.5177581030082,-149.5177581030082
160662,1310.0,1226.2481586708857,83.75184132911431
160684,1230.0,1208.1244906811935,21.875509318806508
160710,720.0,680.7311712208492,39.268828779150795
160783,1280.0,1226.849823333022,53.15017666697804
160794,1100.0,1114.792594742918,-14.792594742918027
160804,1300.0,1069.8836629590728,230.1163370409272
160915,1400.0,1204.543277446955,195.45672255304498
160951,955.0,985.0429839893958,-30.042983989395793
160989,1050.0,948.8453733513726,101.15462664862741
161047,1150.0,1118.8243143149598,31.175685685040207
161094,1325.0,1077.8010716571682,247.19892834283178
161103,1145.0,1052.2888773755553,92.71112262444467
161119,1030.0,1134.7943546348974,-104.79435463489745
161222,1100.0,1285.9168793148262,-185.91687931482625
161254,1080.0,1138.5869750776578,-58.586975077657826
161256,880.0,1121.1002799255998,-241.1002799255998
161257,1165.0,1026.9343822653063,138.06561773469366
161263,1315.0,1051.6405900810753,263.3594099189247
161361,1200.0,1029.8740610432292,170.12593895677082
161372,975.0,1303.0419487799895,-328.0419487799895
161443,1185.0,1249.0195985783523,-64.01959857835232
161457,1245.0,1316.9091698880623,-71.90916988806225
161462,710.0,749.297876471079,-39.29787647107901
161480,1180.0,1162.6782743244646,17.32172567553539
161482,1435.0,1130.5238983975264,304.4761016024736
161501,610.0,629.2115063753055,-19.211506375305476
161502,607.0,523.9479100658671,83.05208993413294
161504,690.0,856.8755163366278,-166.8755163366278
161531,1234.0,1131.52519430126,102.47480569874006
161550,1195.0,1168.5288781535542,26.47112184644584
161608,1000.0,893.349466097514,106.65053390248602
161610,1255.0,1193.2759512749117,61.72404872508832
161616,1155.0,1077.5157487748425,77.48425122515755
161671,1130.0,1287.2052519124118,-157.20525191241177
161731,1185.0,1365.145693162837,-180.145693162837
161742,790.0,1043.9804424597808,-253.98044245978076
161774,1080.0,1110.609908042622,-30.60990804262201
161777,900.0,969.316312408771,-69.31631240877095
161810,705.0,703.0833746092395,1.9166253907604869
161819,1168.0,1127.1112044261142,40.88879557388577
161854,1320.0,1073.2104086652275,246.78959133477247
161862,960.0,1059.8357654505799,-99.83576545057986
161877,850.0,1057.5702708405554,-207.5702708405554
161882,815.0,746.8857540952915,68.11424590470847
161890,1115.0,1041.247775420491,73.75222457950895
161891,1230.0,1084.317538016566,145.682461983434
161933,653.0,852.6843186690553,-199.6843186690553
161985,675.0,870.0053895166337,-195.00538951663373
161994,885.0,1059.3239003303204,-174.32390033032038
162011,880.0,1046.9014421269962,-166.90144212699624
162021,651.0,695.4455694307908,-44.44556943079078
162049,653.0,663.1718733203679,-10.171873320367922
162066,1325.0,1283.9165637147348,41.08343628526518
162112,610.0,691.698672156952,-81.69867215695194
162156,940.0,1031.576760201563,-91.57676020156305
162164,1380.0,1298.50719234003,81.49280765996991
162209,950.0,1320.972095060356,-370.97209506035597
162211,1150.0,1115.6100233775035,34.38997662249653
162243,645.0,621.199438065506,23.800561934494
162257,1245.0,1274.382489820937,-29.382489820937053
162287,1394.0,1166.564854051468,227.43514594853195
162306,675.0,815.035538172408,-140.035538172408
162445,550.0,571.7706033406103,-21.77060334061025
162477,1320.0,1302.1644092780996,17.835590721900417
162491,1210.0,845.7249094352454,364.2750905647546
162552,880.0,1012.2479913282941,-132.24799132829412
162575,1010.0,1104.3788404019429,-94.37884040194285
162587,970.0,972.4916263904452,-2.4916263904451625
162608,680.0,625.8587539577146,54.14124604228539
162668,1250.0,1119.890473973598,130.1095260264019
162703,765.0,736.930460632861,28.069539367138987
162731,820.0,598.0599085853183,221.94009141468166
162764,610.0,502.09679251938013,107.90320748061987
162769,850.0,733.5864262187673,116.41357378123269
162783,915.0,969.49459637685,-54.49459637685004
162807,790.0,979.478738373305,-189.47873837330496
162834,875.0,742.960811249712,132.03918875028796
162905,680.0,712.1329515355166,-32.132951535516554
162929,775.0,750.5560883428764,24.443911657123635
162958,1122.0,1144.4638569121082,-22.463856912108213
162963,1180.0,1296.88923089102,-116.8892308910199
163001,720.0,960.0482446011694,-240.04824460116936
163057,1040.0,972.814768441608,67.18523155839205
163080,8.0,1135.0494421691178,-1127.0494421691178
163157,490.0,1123.524050333731,-633.5240503337311
163188,1141.0,1013.2355460050605,127.76445399493946
163307,1201.0,1076.166098461347,124.83390153865298
163312,1135.0,1061.3946049109782,73.60539508902184
163319,867.0,1101.7564904368028,-234.75649043680278
163332,1182.0,1125.5056253182934,56.49437468170663
163364,931.0,984.898812071177,-53.89881207117696
163379,1117.0,1198.1856470896157,-81.18564708961571
163392,1425.0,1234.6595008086201,190.34049919137988
163396,716.0,716.9948568954741,-0.9948568954740722
163494,970.0,965.4092482708911,4.590751729108888
163510,1125.0,1072.3947133266547,52.60528667334529
163538,1130.0,1171.9063828741087,-41.90638287410866
163561,1085.0,1194.7552184541996,-109.75521845419962
163566,1100.0,1128.2072000426738,-28.207200042673776
163594,719.0,757.250083530365,-38.25008353036503
163674,1205.0,980.7958371457285,224.20416285427154
163682,815.0,1219.339866045356,-404.3398660453561
163683,1010.0,1107.9214569394208,-97.92145693942075
163709,560.0,742.1077276768468,-182.10772767684682
163739,670.0,633.0621766013655,36.937823398634464
163763,595.0,657.3593959590564,-62.35939595905643
163768,1145.0,1176.3097465635276,-31.309746563527597
163771,665.0,589.2954741189593,75.7045258810407
163831,1245.0,1259.524419100888,-14.524419100888053
163873,600.0,651.849382469919,-51.849382469918964
163876,1190.0,1218.4611369011893,-28.46113690118932
163882,730.0,628.0589129766304,101.94108702336962
163898,750.0,712.0928601444035,37.90713985559648
163904,965.0,870.938697699468,94.06130230053202
163913,772.0,676.676265531189,95.32373446881104
163933,1125.0,1208.804670337871,-83.8046703378709
163968,900.0,1046.0021798998177,-146.00217989981775
164000,1223.0,866.2617812004623,356.73821879953766
164019,1050.0,1016.9928056687012,33.00719433129882
164126,690.0,723.7016791123103,-33.70167911231033
164133,1280.0,1215.6885384668828,64.31146153311715
164158,1475.0,1225.8226609918772,249.17733900812277
164171,881.0,936.0579741908641,-55.057974190864115
164236,965.0,1055.3108463987744,-90.3108463987744
164253,1370.0,1221.4339825778577,148.5660174221423
164270,800.0,695.9321890987071,104.06781090129289
164383,1225.0,1077.154065483477,147.8459345165229
164413,1090.0,1112.5370979146417,-22.537097914641663
164416,1270.0,1222.748267153222,47.25173284677794
164420,1043.0,1115.1288803750467,-72.12888037504672
164435,775.0,711.1209498644528,63.87905013554723
164445,590.0,641.2281321544062,-51.22813215440624
164451,1380.0,940.5165786874807,439.48342131251934
164477,800.0,1215.497369143081,-415.49736914308096
164516,1265.0,1223.2361992989488,41.763800701051196
164521,900.0,1054.732447945487,-154.7324479454869
164533,1175.0,979.7526628302709,195.24733716972912
164539,839.0,915.5182825396829,-76.5182825396829
164611,965.0,1116.4103695795632,-151.41036957956317
164629,1375.0,1108.1912298218324,266.8087701781676
164643,510.0,1284.56252226793,-774.56252226793
164684,1010.0,1212.025330203709,-202.02533020370902
164688,770.0,702.0250676638582,67.97493233614182
164689,800.0,753.1909305220014,46.809069477998605
164696,970.0,1006.3382569401083,-36.338256940108295
164712,1055.0,1071.9848646941846,-16.98486469418458
164731,890.0,1053.138279663415,-163.138279663415
164747,1158.0,1061.9668212060517,96.03317879394831
164757,885.0,1248.919825517075,-363.91982551707497
164778,1015.0,645.236030063112,369.763969936888
164854,935.0,1186.4827013307277,-251.48270133072765
164930,1510.0,1252.0741561643017,257.9258438356983
164951,1260.0,1192.3977730872855,67.60222691271451
164965,1130.0,1149.696090223711,-19.696090223711053
165077,1187.0,1077.9975348704022,109.0024651295978
165107,962.0,1022.3501884626372,-60.35018846263722
165115,745.0,690.5916136261551,54.408386373844905
165117,1035.0,1019.3952414857996,15.604758514200398
165166,1155.0,1039.8380457479245,115.16195425207547
165234,990.0,1204.864219252777,-214.86421925277705
165338,1241.0,1175.0720095151091,65.92799048489087
165378,487.0,667.1287137119053,-180.12871371190533
165424,975.0,1076.0920565378026,-101.09205653780259
165495,860.0,878.6224137683718,-18.622413768371757
165549,580.0,667.4893207714177,-87.48932077141774
165592,860.0,955.634556702161,-95.63455670216103
165597,1070.0,1190.0777204053998,-120.07772040539976
165613,660.0,659.7443793959868,0.2556206040131883
165630,1110.0,1199.3104068712055,-89.31040687120549
165631,550.0,650.3177316473947,-100.31773164739468
165649,1090.0,1212.1266720167505,-122.12667201675049
165668,910.0,1362.312462159007,-452.31246215900705
165694,780.0,695.5773310238387,84.42266897616128
165711,1310.0,1277.7369791017677,32.2630208982323
165725,1270.0,1189.118675543532,80.88132445646806
165726,950.0,804.850721155455,145.14927884454505
165764,741.0,698.5702426921091,42.429757307890895
165769,1070.0,1247.837766225892,-177.83776622589198
165775,677.0,720.5361599330313,-43.536159933031286
165785,920.0,947.9553066527167,-27.955306652716672
165843,1195.0,1001.4337439118599,193.5662560881401
165855,905.0,1033.6008617405073,-128.6008617405073
165894,345.0,672.6931598986667,-327.69315989866675
165986,505.0,655.1322376176732,-150.13223761767324
165993,890.0,856.588306623987,33.41169337601298
166015,1190.0,1194.9389159506886,-4.938915950688624
166027,1120.0,1126.5611144901732,-6.561114490173168
166067,812.0,880.6135978047721,-68.6135978047721
166079,1056.0,1279.1004808766131,-223.10048087661312
166089,1310.0,1282.782707721136,27.21729227886408
166140,871.0,960.4726878629208,-89.4726878629208
166143,705.0,1013.3884380663345,-308.3884380663345
166151,1060.0,1177.9892458424777,-117.98924584247766
166227,1069.0,948.5334606659319,120.4665393340681
166269,511.0,720.5109990360096,-209.5109990360096
166297,969.0,1075.2198712027591,-106.21987120275912
166299,1410.0,1462.352403222532,-52.352403222532075
166399,1091.0,1233.2579434837241,-142.25794348372415
166400,970.0,900.9071434299566,69.09285657004341
166406,771.0,963.4138081771811,-192.41380817718107
166429,1145.0,967.969379299115,177.03062070088504
166434,1078.0,1111.2328088251938,-33.23280882519384
166437,1345.0,1262.3879228712603,82.61207712873966
166441,810.0,726.7023867306677,83.29761326933226
166568,900.0,1037.8773590599794,-137.87735905997943
166577,705.0,784.0268337734999,-79.0268337734999
166585,1185.0,1077.537270159948,107.4627298400519
166612,820.0,979.357144755198,-159.35714475519796
166625,785.0,901.3273734872334,-116.32737348723344
166667,569.0,594.9323246819665,-25.93232468196652
166747,710.0,693.1717242317196,16.828275768280378
166761,740.0,616.5919324004032,123.40806759959685
166781,815.0,743.472618067894,71.52738193210598
166818,1160.0,1168.9845432679326,-8.984543267932622
166820,485.0,540.3077547301133,-55.30775473011329
166859,365.0,629.6480782365797,-264.64807823657975
166868,1030.0,1134.7475741797045,-104.74757417970454
166876,1225.0,1257.8669299656372,-32.866929965637155
166888,615.0,641.2875718329855,-26.287571832985464
166895,685.0,563.20321817295,121.79678182705004
166907,726.0,591.3654711128072,134.6345288871928
166919,830.0,897.6696348985114,-67.66963489851139
166926,680.0,737.1177433731623,-57.117743373162284
166932,970.0,1234.539738745628,-264.53973874562803
166964,1120.0,1271.1069497684955,-151.1069497684955
166967,1190.0,934.3781187859756,255.62188121402437
166974,860.0,1050.6400036108646,-190.6400036108646
166994,1000.0,1124.2029419053094,-124.20294190530944
167006,964.0,1027.9061371885443,-63.906137188544335
167011,1036.0,1172.416002014571,-136.41600201457095
167076,1020.0,1300.0895241020262,-280.0895241020262
167081,1000.0,1195.7266569771152,-195.72665697711523
167091,1310.0,1309.8004794440308,0.19952055596922946
167108,952.0,1169.0055729261007,-217.00557292610074
167124,710.0,671.4389289244336,38.56107107556636
167128,720.0,684.6917877987779,35.30821220122209
167141,610.0,626.4892267615486,-16.489226761548593
167224,1250.0,1160.2892330042719,89.71076699572814
167247,727.0,1175.2175076927622,-448.2175076927622
167272,1060.0,1097.0662620376654,-37.06626203766541
167293,749.0,948.8041752953814,-199.80417529538136
167312,667.0,615.6094148890796,51.39058511092037
167370,755.0,732.8827692169614,22.11723078303862
167435,1276.0,1153.7239045719139,122.27609542808614
167476,810.0,1094.1087173648475,-284.1087173648475
167501,860.0,871.5044630684713,-11.504463068471296
167506,980.0,1052.069849214619,-72.0698492146189
167519,715.0,693.503009297907,21.496990702092944
167555,554.0,641.9593450451733,-87.95934504517334
167576,1175.0,1111.130498624976,63.8695013750239
167605,1060.0,1307.2017642146984,-247.20176421469841
167631,950.0,1015.3163265186205,-65.31632651862049
167660,447.0,463.37964276479744,-16.37964276479744
167728,945.0,1138.8769844863318,-193.87698448633182
167754,1405.0,1336.1422149777463,68.85778502225367
167763,990.0,1129.4149278995567,-139.4149278995567
167766,1323.0,1164.983681604206,158.0163183957941
167796,1041.0,1044.9180781982182,-3.9180781982181543
167799,641.0,627.219364108852,13.780635891147995
167862,975.0,985.2999357620332,-10.299935762033215
167879,1160.0,1083.061647903698,76.93835209630197
167887,1590.0,1161.0843106836776,428.9156893163224
167922,725.0,1161.7871819846057,-436.7871819846057
167930,1245.0,1150.5440984094316,94.45590159056837
167940,604.0,652.7940611104979,-48.794061110497864
168011,543.0,738.5265635948801,-195.52656359488014
168026,655.0,649.3150487988186,5.684951201181434
168031,1050.0,1019.455708661188,30.544291338811945
168046,635.0,730.6100986972901,-95.61009869729014
168054,1220.0,1201.661194910571,18.338805089428888
168098,1110.0,838.8676914106325,271.13230858936754
168148,1020.0,1137.7608650479635,-117.76086504796353
168151,830.0,916.3836781615042,-86.38367816150424
168195,1047.0,1107.864094796911,-60.864094796911104
168241,645.0,672.7641865117031,-27.764186511703087
168262,785.0,750.8737511086251,34.12624889137487
168265,475.0,679.7476613700214,-204.74766137002143
168308,1110.0,1078.214792625442,31.785207374558013
168324,740.0,781.319694039649,-41.319694039648994
168349,1190.0,1168.9730222655412,21.026977734458796
168403,1100.0,1214.2197525132435,-114.21975251324352
168428,1300.0,1222.8338744805,77.16612551949993
168434,1325.0,1026.2746719334239,298.72532806657614
168455,1050.0,1241.7629559472957,-191.76295594729572
168492,1275.0,1161.8175887844661,113.18241121553388
168524,540.0,732.4775004841792,-192.47750048417925
168621,1140.0,1190.5633043465375,-50.56330434653751
168636,667.0,706.9791307227603,-39.97913072276026
168641,677.0,689.8114226237842,-12.81142262378421
168665,715.0,664.63557319169,50.364426808309986
168682,930.0,1070.8478767769002,-140.8478767769002
168754,675.0,746.7446347266261,-71.74463472662615
168762,595.0,707.0683960831014,-112.06839608310145
168768,583.0,623.2344342834683,-40.23443428346832
168783,705.0,645.142258656506,59.85774134349401
168813,1163.0,1249.6478726137525,-86.6478726137525
168815,1395.0,1192.6099544889328,202.39004551106723
168879,1185.0,1099.3554063512513,85.6445936487487
168887,1325.0,1298.7421147614898,26.257885238510198
168959,1000.0,1174.4303240974928,-174.43032409749276
168963,595.0,703.0318711495476,-108.03187114954756
169012,707.0,590.8429663658598,116.15703363414025
169085,778.0,868.7087991150916,-90.70879911509155
169110,776.0,1087.1208240540377,-311.1208240540377
169115,1390.0,1351.7888915029694,38.21110849703064
169208,1095.0,1238.013000296374,-143.013000296374
169241,1544.0,1193.0842335275686,350.9157664724314
169268,920.0,992.9554032618875,-72.95540326188745
169353,658.0,727.6605860687408,-69.66058606874083
169378,655.0,600.5823605816862,54.4176394183138
169474,1155.0,1175.8231770365041,-20.82317703650415
169582,1210.0,976.7980875433584,233.2019124566416
169668,609.0,711.526843667953,-102.52684366795302
169682,820.0,783.7371674756477,36.26283252435235
169691,700.0,725.7334421423449,-25.73344214234487
169710,1150.0,1214.0435566168464,-64.04355661684644
169778,584.0,647.6695462440711,-63.66954624407106
169782,1285.0,1160.468169363431,124.53183063656911
169802,1395.0,1315.6137339117683,79.38626608823165
169811,730.0,757.8408978527552,-27.840897852755234
169822,1125.0,1025.9298840192264,99.07011598077361
169876,533.0,628.027102959321,-95.02710295932104
169878,1310.0,1252.2964888931394,57.70351110686056
169912,940.0,1037.8773590599794,-97.87735905997943
169913,1290.0,1221.3615485501432,68.6384514498568
169940,870.0,1090.5936107142822,-220.59361071428225
169990,1050.0,1094.2797035209553,-44.27970352095531
170004,1125.0,1237.6295640269693,-112.62956402696932
170017,730.0,991.9007816241883,-261.9007816241883
170038,584.0,645.7217356158379,-61.72173561583793
170056,730.0,671.8479790261738,58.15202097382621
170102,695.0,684.9936010161595,10.00639898384054
170104,835.0,875.3424407383097,-40.34244073830973
170150,770.0,1032.6272550263727,-262.6272550263727
170164,1145.0,1100.798542900745,44.201457099255094
170169,1200.0,1278.820689612033,-78.820689612033
170220,1323.0,1076.166098461347,246.83390153865298
170222,570.0,661.0999743269861,-91.09997432698606
170224,925.0,968.8796060409576,-43.87960604095758
170244,1540.0,1264.2426266341956,275.75737336580437
170245,930.0,1062.4124399129182,-132.41243991291822
170247,465.0,702.5892137283766,-237.58921372837665
170260,990.0,1041.031626715209,-51.031626715209086
170263,1380.0,1219.3926594115374,160.60734058846265
170313,970.0,1016.451527051595,-46.45152705159501
170315,1207.0,1251.2346296019643,-44.23462960196434
170321,935.0,1065.1865727870418,-130.18657278704177
170330,370.0,555.6760419616724,-185.67604196167235
170335,1000.0,719.1476063979601,280.8523936020399
170340,560.0,576.4863741747805,-16.486374174780508
170409,1090.0,1181.925030472098,-91.92503047209789
170437,1335.0,1295.2019334597403,39.7980665402597
170460,1120.0,966.4448810974557,153.55511890254434
170472,567.0,685.2614764561922,-118.26147645619221
170531,1301.0,1096.5872436966054,204.41275630339464
170595,885.0,960.3073047348222,-75.3073047348222
170604,1036.0,1136.0061190174654,-100.00611901746538
170730,725.0,678.5235405920846,46.4764594079154
170751,1030.0,1170.7073841010736,-140.70738410107356
170783,720.0,668.2910850511446,51.70891494885541
170789,565.0,662.927876865903,-97.92787686590304
170833,992.0,956.7374609774376,35.26253902256235
170852,1340.0,1026.9092758057266,313.09072419427343
170854,1050.0,891.388896170916,158.61110382908396
170891,920.0,1040.6750166770444,-120.67501667704437
170903,1060.0,991.707229350177,68.29277064982296
170911,955.0,1044.1170316617174,-89.11703166171742
170918,1280.0,1072.8808405291445,207.1191594708555
170920,1180.0,1196.6167315337507,-16.61673153375068
170928,1115.0,938.6227070493395,176.3772929506605
170936,1035.0,1235.5411630900417,-200.54116309004166
171012,900.0,1118.3309459782824,-218.33094597828244
171014,805.0,806.672486604699,-1.6724866046989746
171036,1040.0,1083.717238856409,-43.71723885640904
171049,600.0,642.8764369058163,-42.87643690581626
171068,1540.0,1270.2299529939248,269.7700470060752
171074,1000.0,991.507582602998,8.492417397001987
171075,1090.0,978.5081154306584,111.49188456934155
171093,665.0,686.3180431044503,-21.31804310445034
171122,1015.0,960.3073047348222,54.692695265177804
171244,1215.0,1272.0224857034816,-57.02248570348161
171283,1036.0,1281.5013615875855,-245.5013615875855
171345,795.0,646.7497227884585,148.25027721154152
171360,575.0,623.8153707694568,-48.81537076945676
171409,620.0,707.3007490545417,-87.30074905454171
171410,673.0,672.8608137849664,0.13918621503364648
171416,1080.0,1173.980447776923,-93.98044777692303
171467,710.0,929.4059210840013,-219.4059210840013
171501,895.0,864.0087016182408,30.99129838175918
171504,840.0,734.9653671231455,105.03463287685452
171514,1117.0,1122.8273367031786,-5.8273367031786165
171525,645.0,689.6570385912316,-44.65703859123164
171594,889.0,1003.3743312262047,-114.37433122620473
171622,1071.0,1052.767984742638,18.232015257362036
171634,780.0,802.5161844285384,-22.516184428538395
171639,860.0,671.2168591542442,188.78314084575584
171645,1320.0,1266.0388952335063,53.96110476649369
171694,500.0,715.8995318790277,-215.89953187902768
171765,1208.0,1171.786643292603,36.213356707397
171806,1270.0,1107.4585347507789,162.54146524922112
171817,1190.0,1219.1721656193174,-29.17216561931741
171818,1120.0,1239.9530179786093,-119.9530179786093
171857,1070.0,1162.5734086972836,-92.57340869728364
171895,785.0,790.5038051908958,-5.503805190895832
171907,735.0,691.1012269135357,43.8987730864643
171947,1485.0,1343.1674538429058,141.83254615709416
171953,1430.0,1223.777385795901,206.22261420409905
171976,1100.0,967.051240379603,132.94875962039703
172012,804.0,1185.3070133967879,-381.30701339678785
172026,606.0,703.2852767042255,-97.28527670422545
172107,1035.0,1042.5213363290045,-7.521336329004498
172118,1130.0,1091.0699205955939,38.930079404406115
172228,845.0,949.1639238338737,-104.1639238338737
172240,955.0,1200.9532369720366,-245.95323697203662
172271,1060.0,856.588306623987,203.41169337601298
172299,990.0,1160.7201470419673,-170.72014704196727
172311,310.0,563.4292845928125,-253.42928459281245
172315,1135.0,1122.333542471825,12.666457528174988
172323,910.0,1043.539605542613,-133.5396055426129
172342,1170.0,1224.4952008141072,-54.49520081410719
172360,1130.0,1106.6003225382658,23.3996774617342
172368,1395.0,1182.342525670316,212.65747432968396
172380,1125.0,1210.5948055364397,-85.59480553643971
172386,1205.0,1227.3299323870665,-22.329932387066492
172405,1000.0,1164.17178564537,-164.17178564536994
172411,585.0,564.0999969187824,20.90000308121762
172412,455.0,631.4625638072358,-176.46256380723582
172417,816.0,821.86605947259,-5.8660594725899955
172437,960.0,1198.301369940444,-238.30136994044392
172539,1086.0,1199.3309202857304,-113.33092028573037
172568,640.0,581.4244658000404,58.575534199959634
172650,835.0,725.2379654104476,109.7620345895524
172663,1115.0,965.2859077364666,149.71409226353342
172702,620.0,478.48398050863955,141.51601949136045
172718,975.0,954.2322825034242,20.767717496575756
172839,1165.0,1075.3336716537524,89.66632834624761
172885,732.0,804.2593160835863,-72.25931608358633
172932,860.0,1139.2165344814123,-279.2165344814123
172949,675.0,640.4100548491981,34.589945150801896
172971,1375.0,1167.5918990831813,207.40810091681874
172985,940.0,1201.2514058592742,-261.2514058592742
173018,1145.0,1125.5854669054906,19.414533094509352
173026,570.0,681.2859022769522,-111.28590227695224
173032,950.0,806.0270643451977,143.9729356548023
173097,630.0,684.2357070222093,-54.23570702220934
173133,965.0,1024.9194774430357,-59.9194774430357
173142,1015.0,753.190840671134,261.80915932886603
173151,1230.0,956.3198745490989,273.6801254509011
173215,1170.0,1015.1642171417425,154.83578285825752
173221,992.0,869.6542661182192,122.3457338817808
173237,985.0,1118.837080351995,-133.83708035199493
173247,1210.0,1161.678774386536,48.321225613464094
173311,1290.0,1247.0686462280687,42.9313537719313
173314,1020.0,1136.0089116253519,-116.00891162535186
173373,615.0,738.2471851911348,-123.2471851911348
173390,630.0,624.802359944994,5.197640055005991
173410,1205.0,1227.3792830858774,-22.379283085877432
173422,1410.0,1313.611732471916,96.38826752808404
173463,585.0,661.2855579796511,-76.28555797965112
173483,790.0,705.4707035892397,84.52929641076025
173487,550.0,667.45588983185,-117.45588983184996
173540,990.0,1070.549841306414,-80.54984130641401
173557,970.0,909.4159379731702,60.58406202682977
173559,450.0,706.6976600559437,-256.69766005594374
173609,1055.0,1085.0090260932745,-30.009026093274542
173613,678.0,682.9383112732546,-4.938311273254612
173615,1095.0,1072.7767373605195,22.22326263948048
173660,1121.0,1327.5408595760907,-206.54085957609072
173674,904.0,1004.6244047319317,-100.62440473193169
173802,1003.0,1089.862595338138,-86.86259533813791
173849,1151.0,1049.8897329244826,101.11026707551741
173853,850.0,1003.3227750453374,-153.32277504533738
173871,1100.0,1249.3835982315643,-149.3835982315643
173872,650.0,656.5257893160298,-6.525789316029773
173891,1301.0,1266.1978816760338,34.80211832396617
173977,730.0,744.6250561840124,-14.625056184012351
173994,975.0,1045.6618278662374,-70.66182786623745
174069,1175.0,992.5246076024207,182.4753923975793
174101,742.0,616.1511319047894,125.8488680952106
174146,1145.0,1250.3204317534314,-105.32043175343142
174162,1031.0,1168.1994689553453,-137.1994689553453
174182,1105.0,1088.7853000884345,16.214699911565503
174183,1080.0,1113.1495805734103,-33.149580573410276
174206,590.0,601.6056702253961,-11.605670225396125
174239,1487.0,1297.0075630978413,189.99243690215872
174360,950.0,1000.8657651538348,-50.865765153834786
174384,1290.0,1182.257301616481,107.74269838351893
174415,1212.0,988.0588905103441,223.9411094896559
174430,1080.0,1192.8579523705134,-112.85795237051343
174439,950.0,845.3001457431453,104.69985425685468
174452,1210.0,993.9616846617057,216.0383153382943
174460,1091.0,1033.5209986371117,57.47900136288831
174474,815.0,685.4698461502041,129.53015384979585
174521,733.0,668.6364365079365,64.36356349206346
174527,1372.0,1022.9853475331812,349.0146524668188
174546,980.0,850.078407415966,129.921592584034
174575,980.0,883.3701005938409,96.6298994061591
174586,1136.0,872.3625619600233,263.6374380399767
174629,1085.0,1184.0752388879862,-99.07523888798619
174630,636.0,721.3645512896873,-85.36455128968726
174643,1252.0,1035.3358151113875,216.66418488861245
174670,1257.0,1106.8329272486776,150.1670727513224
174699,900.0,1069.3319382324337,-169.33193823243369
174707,1021.0,1221.4432300120184,-200.44323001201838
174816,1036.0,1130.5238983975264,-94.52389839752641
174890,716.0,954.7734851327523,-238.77348513275228
174925,1140.0,987.5652512196807,152.4347487803193
174984,980.0,900.1453510534224,79.85464894657764
175010,885.0,1030.8798116194273,-145.8798116194273
175037,1070.0,1184.4766457855878,-114.47664578558783
175038,886.0,720.2426067423744,165.7573932576256
175062,1250.0,1137.6340842272887,112.36591577271133
175093,1240.0,986.7286464307734,253.27135356922656
175099,870.0,944.7194128249819,-74.71941282498187
175100,1480.0,1251.0887475868187,228.91125241318127
175186,630.0,691.1369687295407,-61.13696872954074
175217,680.0,638.4585708336344,41.54142916636556
175323,1310.0,1210.120699836163,99.87930016383689
175417,1070.0,1047.270202759111,22.729797240888956
175439,930.0,714.1570582524583,215.84294174754166
175533,1405.0,1236.7303650710842,168.26963492891582
175541,1310.0,1166.1083261987305,143.89167380126946
175750,1171.0,1126.2096487718388,44.79035122816117
175779,1625.0,1214.526566946139,410.4734330538611
175785,1095.0,970.9509518375181,124.04904816248188
175877,490.0,611.6460955623994,-121.64609556239941
175892,935.0,1101.497829073088,-166.49782907308804
175902,800.0,689.5537135909588,110.44628640904125
175920,710.0,726.9826420798861,-16.98264207988609
175930,965.0,705.1103916410285,259.8896083589715
175975,952.0,1155.8327845884176,-203.83278458841755
175976,655.0,719.7211626633272,-64.72116266332716
176037,776.0,674.9236442248044,101.07635577519557
176123,1255.0,1228.6059631650876,26.394036834912413
176130,920.0,1030.0351645602555,-110.03516456025545
176169,507.0,563.2638782831838,-56.26387828318377
176210,1010.0,1227.893071011326,-217.8930710113259
176211,546.0,758.1160627928062,-212.11606279280625
176223,1070.0,1194.1525670084475,-124.15256700844748
176272,1160.0,908.3569048448542,251.64309515514583
176288,970.0,972.677657416986,-2.677657416985994
176358,950.0,1093.2536360332724,-143.25363603327241
176361,935.0,755.0086753652615,179.99132463473848
176373,1198.0,1089.5234938852752,108.47650611472477
176417,1090.0,1249.3893174937614,-159.38931749376138
176437,1210.0,1339.358027345314,-129.35802734531399
176475,996.0,1242.7247501223715,-246.72475012237146
176477,1005.0,1012.0309853217288,-7.030985321728849
176489,800.0,912.001406634545,-112.00140663454499
176556,940.0,1107.2095684445212,-167.2095684445212
176648,981.0,1066.4703038680943,-85.47030386809433
176707,745.0,692.5381465356716,52.46185346432844
176742,1255.0,1008.0755732739061,246.92442672609388
176851,583.0,635.0293738588964,-52.029373858896406
176870,1378.0,1215.7004531580176,162.29954684198242
176880,661.0,696.0924304357303,-35.09243043573031
176892,1080.0,1253.2702972769466,-173.27029727694662
176930,999.0,1094.4407426309376,-95.44074263093762
176960,926.0,869.4669723404523,56.533027659547656
177085,954.0,1291.44572508744,-337.44572508744
177118,795.0,1000.2260353106166,-205.22603531061657
177123,1220.0,1221.87340964896,-1.8734096489599779
177200,1024.0,1146.716859358637,-122.71685935863707
177201,825.0,763.3125175245543,61.68748247544568
177204,407.0,673.7544476719164,-266.7544476719164
177257,975.0,1133.942527874737,-158.94252787473692
177302,1000.0,1055.9620048940653,-55.96200489406533
177322,950.0,1061.2563593268587,-111.25635932685873
177325,1060.0,1250.6797778599584,-190.67977785995845
177378,1090.0,1205.4304333643825,-115.43043336438245
177413,705.0,609.3373439886,95.66265601140003
177441,1290.0,1062.862113578726,227.13788642127406
177478,770.0,998.3596540673667,-228.3596540673667
177521,1135.0,1142.4962618429106,-7.496261842910599
177604,895.0,896.025124978256,-1.0251249782560308
177630,935.0,763.9396448533838,171.0603551466162
177635,1091.0,1076.080621224044,14.91937877595592
177762,1150.0,1262.6496130239796,-112.64961302397955
177786,1160.0,1082.342009701697,77.65799029830305
177821,1040.0,1187.6472533960593,-147.64725339605934
177828,908.0,705.1781017147325,202.82189828526748
177839,1205.0,1096.9791669966714,108.02083300332856
177858,420.0,661.5853179234413,-241.58531792344127
177872,645.0,700.9043912335849,-55.904391233584874
177915,1505.0,1326.8010244927311,178.19897550726887
177942,1320.0,1106.285599993959,213.71440000604093
177944,1255.0,1217.619021410918,37.380978589081906
177960,612.0,643.757710627671,-31.75771062767103
178078,935.0,722.7551785734984,212.24482142650163
178113,930.0,820.7647077728262,109.23529222717377
178114,555.0,653.2251326885809,-98.22513268858086
178135,760.0,658.279038328144,101.720961671856
178153,770.0,751.2216272451468,18.778372754853194
178175,871.0,1178.036591148634,-307.036591148634
178198,1325.0,1278.8706623204084,46.12933767959157
178295,845.0,1166.8938851204587,-321.89388512045866
178314,936.0,1055.1731669054052,-119.1731669054052
178321,760.0,741.4159163151805,18.58408368481946
178337,965.0,1020.4233877942117,-55.42338779421175
178344,955.0,878.8101305432831,76.1898694567169
178357,642.0,582.6197556118409,59.3802443881591
178422,576.0,888.762472195332,-312.76247219533195
178497,641.0,645.2113001975682,-4.211300197568221
178502,1150.0,1158.4669342746286,-8.466934274628557
178511,1065.0,1127.1112044261142,-62.11120442611423
178515,1105.0,1015.2719818957484,89.72801810425165
178521,1425.0,1229.5270705926164,195.47292940738362
178529,930.0,952.7792543844014,-22.779254384401384
178571,825.0,688.7825874911491,136.21741250885088
178583,1305.0,1078.0658766898657,226.93412331013428
178589,655.0,680.1308080877161,-25.130808087716105
178648,830.0,1091.414122257582,-261.414122257582
178660,1105.0,1041.3526017727136,63.64739822728643
178694,860.0,1085.7305316961315,-225.7305316961315
178749,1050.0,1153.5200328077747,-103.52003280777467
178787,1150.0,956.1262746808426,193.87372531915742
178824,830.0,683.8187541849904,146.18124581500956
178825,1330.0,1302.1765762498578,27.823423750142183
178874,849.0,730.1512311268026,118.8487688731974
178933,1058.0,1057.7278732123439,0.2721267876561342
178971,1305.0,1247.7951184017834,57.204881598216616
178979,1539.0,1325.1417617355667,213.85823826443334
179019,1450.0,1214.6079091311765,235.39209086882352
179043,1230.0,1248.2363482054914,-18.236348205491367
179097,605.0,586.1900937609809,18.809906239019142
179107,635.0,683.8187541849904,-48.81875418499044
179160,770.0,1120.1060682475195,-350.1060682475195
179192,775.0,784.3690805536781,-9.369080553678145
179216,1125.0,1178.4703727990795,-53.47037279907954
179258,1565.0,1189.1114642570776,375.8885357429224
179270,1035.0,1192.7067832792575,-157.70678327925748
179275,870.0,904.1369989884544,-34.136998988454366
179276,1020.0,1017.4655315264563,2.5344684735437113
179304,1175.0,1241.0619703860225,-66.0619703860225
179311,680.0,757.888514402604,-77.88851440260396
179376,955.0,1223.9839713670822,-268.9839713670822
179435,1125.0,1303.5544958114342,-178.5544958114342
179467,510.0,631.113964137627,-121.11396413762702
179493,680.0,787.3846636467114,-107.38466364671137
179560,749.0,997.2381950905269,-248.23819509052692
179607,555.0,686.3243296884872,-131.32432968848718
179621,667.0,670.1190305302517,-3.1190305302517345
179633,690.0,772.5746092106285,-82.57460921062852
179656,1170.0,1221.500389869885,-51.50038986988511
179675,535.0,600.6700560830618,-65.67005608306181
179701,1155.0,1187.228462616514,-32.22846261651398
179714,1075.0,991.6739064357583,83.32609356424166
179753,1085.0,1208.0279970985998,-123.02799709859983
179778,1020.0,1042.7542336740764,-22.75423367407643
179812,450.0,666.5564337282667,-216.5564337282667
179819,760.0,1143.3348612333302,-383.33486123333023
179824,992.0,1037.957299788633,-45.95729978863301
179888,670.0,1127.8837534745617,-457.8837534745617
179921,743.0,534.3116597562747,208.6883402437253
179939,835.0,704.8333704732448,130.16662952675517
179945,1360.0,1106.520217600135,253.47978239986492
179963,905.0,831.631968315525,73.368031684475
179973,355.0,579.0804971680009,-224.08049716800087
179994,815.0,622.446038434131,192.55396156586903
180040,675.0,737.2467293575098,-62.24672935750982
180071,880.0,792.1912725765823,87.80872742341774
180121,860.0,1143.965449174176,-283.965449174176
180137,785.0,928.2891208276582,-143.28912082765817
180180,1055.0,1127.5873184400657,-72.5873184400657
180202,1260.0,1081.3405122116455,178.65948778835445
180218,480.0,598.2319438494156,-118.23194384941564
180233,620.0,608.524113975401,11.475886024599049
180270,1385.0,1279.885090576728,105.11490942327191
180303,750.0,651.0084921349501,98.99150786504993
180340,1058.0,1117.59194959198,-59.59194959197998
180360,1045.0,1204.5385435559826,-159.53854355598264
180418,695.0,621.3888824088527,73.61111759114726
180429,980.0,719.4061047911491,260.5938952088509
180467,1060.0,1225.9228421832458,-165.92284218324585
180470,1102.0,1108.2804231134753,-6.280423113475308
180516,1265.0,1150.2472711910782,114.7527288089218
180594,1190.0,1004.4290110830066,185.57098891699343
180597,1135.0,1008.420359887068,126.579640112932
180614,755.0,887.4103283618848,-132.4103283618848
180617,1185.0,1420.5106041350614,-235.51060413506139
180626,600.0,673.4240961845251,-73.42409618452507
180627,1215.0,1128.3355531199659,86.66444688003412
180635,758.0,821.907262243131,-63.90726224313096
180637,1045.0,984.3062345659808,60.693765434019156
180672,1385.0,1133.8324010233728,251.16759897662723
180686,970.0,1175.17980145228,-205.1798014522799
180711,770.0,766.450506032263,3.549493967737021
180720,700.0,690.9359706702297,9.064029329770278
180757,877.0,676.6431667295934,200.35683327040658
180851,935.0,1125.1083448396087,-190.10834483960866
180860,1135.0,1171.3421768878527,-36.3421768878527
180916,800.0,1005.700116997016,-205.70011699701604
180923,760.0,610.9662980573574,149.03370194264255
180980,1170.0,1067.424380794602,102.57561920539797
180990,1220.0,1266.6678249035913,-46.66782490359128
181010,1255.0,1144.742404474662,110.25759552533805
181016,850.0,966.6191083125764,-116.61910831257637
181022,1305.0,1154.0779702327613,150.92202976723866
181076,1095.0,1225.489618565905,-130.48961856590495
181078,600.0,706.0845202644596,-106.08452026445957
181097,730.0,674.0145702216988,55.98542977830118
181130,735.0,893.6762065568739,-158.67620655687392
181146,1095.0,1076.504625516507,18.495374483492924
181179,1035.0,1021.4271235227816,13.572876477218415
181212,1365.0,1254.4073567858466,110.59264321415344
181221,990.0,997.9584534052855,-7.958453405285468
181249,1030.0,1092.154558074445,-62.15455807444505
181282,1170.0,1375.8338046237086,-205.8338046237086
181299,430.0,678.2955185161084,-248.29551851610836
181319,1055.0,1195.6288005158437,-140.62880051584375
181324,700.0,715.4754558971375,-15.475455897137522
181327,790.0,868.1165313019134,-78.11653130191337
181339,665.0,588.5330092521564,76.46699074784362
181402,860.0,989.2520852629051,-129.2520852629051
181403,693.0,605.5932260718916,87.40677392810835
181419,1180.0,1201.5811201525876,-21.581120152587573
181450,517.0,678.4208305025312,-161.4208305025312
181474,1055.0,1033.9701639405155,21.029836059484524
181557,1090.0,958.2674450157627,131.73255498423725
181579,985.0,975.1910936670956,9.808906332904371
181621,745.0,746.549251493516,-1.5492514935159534
181652,1400.0,1269.8470154915587,130.15298450844125
181667,970.0,1189.9509371264849,-219.95093712648486
181675,1250.0,1198.9608511735687,51.0391488264313
181677,420.0,669.7677126368725,-249.7677126368725
181705,615.0,818.1429407493051,-203.14294074930513
181718,780.0,702.1475186583688,77.85248134163123
181750,615.0,710.6757492560739,-95.67574925607391
181767,560.0,993.1011552713846,-433.10115527138464
181785,990.0,1124.9510968074737,-134.95109680747373
181791,1350.0,1302.6388260925735,47.36117390742652
181838,1220.0,1105.7461870512968,114.25381294870317
181910,711.0,769.79830120138,-58.79830120138001
181942,1050.0,1028.5974257520747,21.40257424792526
181948,805.0,850.501772870401,-45.501772870401055
181969,677.0,715.1659878664599,-38.165987866459886
181974,551.0,676.3200399938438,-125.3200399938438
181986,1130.0,1192.139289402866,-62.1392894028661
182073,860.0,938.9281302948715,-78.9281302948715
182167,624.0,655.2805784965489,-31.280578496548856
182232,1205.0,1215.9810256261126,-10.981025626112569
182239,1350.0,1254.5756835442683,95.42431645573174
182264,1172.0,904.7882060213449,267.2117939786551
182336,1014.0,1084.648740147851,-70.64874014785096
182360,1113.0,1092.5855283183223,20.414471681677696
182407,1212.0,895.28732822149,316.71267177850996
182420,762.0,611.7800043493276,150.21999565067244
182432,1240.0,1129.795628167715,110.204371832285
182435,1120.0,1256.8795400234292,-136.87954002342917
182439,915.0,1121.948507242745,-206.9485072427451
182457,585.0,643.0207857202797,-58.02078572027972
182485,860.0,885.577489319513,-25.577489319513006
182538,990.0,1032.9195364425543,-42.91953644255432
182540,1025.0,886.7116536295571,138.28834637044292
182557,1003.0,1224.1016830614278,-221.10168306142782
182603,1120.0,1099.9137545112535,20.0862454887465
182609,1265.0,1281.783743148504,-16.783743148504072
182622,465.0,610.3998213076037,-145.3998213076037
182631,1200.0,1029.5552141642686,170.4447858357314
182676,790.0,729.3589557446946,60.64104425530536
182678,715.0,698.5763000204751,16.42369997952494
182706,1005.0,1238.2388084865904,-233.23880848659041
182714,1255.0,1036.7005624688197,218.29943753118027
182721,1091.0,1035.000094284279,55.99990571572107
182746,675.0,707.7280358373071,-32.72803583730706
182771,845.0,699.3058777904546,145.6941222095454
182782,1145.0,1206.1630380850038,-61.16303808500379
182816,1270.0,1275.456856982298,-5.45685698229795
182849,1125.0,1042.4418544503974,82.55814554960261
182877,920.0,912.1851683729183,7.81483162708173
182884,1025.0,1070.1045135070183,-45.10451350701828
182909,530.0,637.2426482243219,-107.2426482243219
182958,1320.0,1067.6391468255376,252.36085317446236
183000,487.0,590.0350201409242,-103.03502014092419
183017,730.0,671.0394935324388,58.96050646756123
183049,1015.0,1082.764267919075,-67.76426791907511
183117,580.0,615.3876129955418,-35.38761299554176
183168,935.0,1180.2801391418425,-245.28013914184248
183302,20.0,1070.4947108918855,-1050.4947108918855
183331,1260.0,1293.3422636907305,-33.34226369073053
183358,1010.0,1085.4498480993332,-75.44984809933317
183362,715.0,690.8001910742454,24.19980892575461
183408,1130.0,1041.031626715209,88.96837328479091
183420,760.0,690.5078133409305,69.49218665906949
183424,1100.0,1250.3156893342004,-150.31568933420044
183505,735.0,659.4804623793962,75.51953762060384
183565,1405.0,1345.749136316487,59.25086368351299
183635,840.0,1063.063354960715,-223.06335496071506
183638,705.0,662.9778681970812,42.02213180291881
183651,1280.0,1315.0272693341399,-35.02726933413987
183657,1120.0,1018.6716010606804,101.32839893931964
183660,420.0,652.1016939476807,-232.1016939476807
183675,932.0,742.854133699161,189.14586630083897
183677,800.0,1040.3572429536441,-240.35724295364412
183686,635.0,661.3488663226944,-26.348866322694448
183687,770.0,627.7363265145214,142.26367348547865
183712,640.0,670.8720132631852,-30.87201326318518
183715,1195.0,1282.6403555905383,-87.64035559053832
183717,1310.0,1348.967732729529,-38.96773272952896
183729,455.0,705.5725260823515,-250.5725260823515
183741,962.0,1015.2488002503619,-53.24880025036191
183809,770.0,778.5384799082196,-8.538479908219642
183817,1275.0,1359.371144320084,-84.37114432008411
183847,1070.0,1258.8144906205325,-188.81449062053252
183863,626.0,607.7649255430355,18.235074456964526
183886,620.0,706.6224442863313,-86.6224442863313
183888,735.0,702.6095941783237,32.39040582167627
183890,1070.0,1120.8933961206872,-50.89339612068716
183916,1140.0,1067.092684941928,72.90731505807207
183930,1350.0,1158.5291045586312,191.47089544136884
183931,996.0,870.9310449058592,125.06895509414085
183961,730.0,715.6171296588507,14.382870341149328
184011,590.0,644.1380579376197,-54.13805793761969
184023,1070.0,1253.6425108884691,-183.64251088846913
184052,600.0,558.0906283732243,41.90937162677574
184062,790.0,1096.804248301608,-306.8042483016079
184080,855.0,737.8521000090341,117.14789999096593
184087,782.0,829.8656983508782,-47.86569835087823
184115,545.0,641.3974859798664,-96.39748597986636
184142,700.0,720.8326366829158,-20.83263668291579
184218,1320.0,1273.9203669724625,46.07963302753751
184241,855.0,666.5379305502452,188.46206944975484
184284,1058.0,1015.4315000856276,42.56849991437241
184288,1540.0,1152.767713482514,387.23228651748605
184333,925.0,1192.5733913057138,-267.5733913057138
184506,1375.0,1260.9261732880339,114.07382671196615
184523,1120.0,1112.1932581051385,7.806741894861489
184538,660.0,604.8447004038485,55.15529959615151
184639,613.0,646.4700953496314,-33.47009534963138
184694,1150.0,1142.9477860594059,7.052213940594129
184716,1365.0,1103.486029065363,261.513970934637
184719,990.0,1104.582470227971,-114.58247022797104
184784,1115.0,1312.334721376182,-197.33472137618196
184820,1120.0,1173.1073641700348,-53.10736417003477
184849,1435.0,1264.2203350637,170.77966493629992
184867,1285.0,1198.600786620618,86.39921337938199
184888,1410.0,1283.396554012492,126.60344598750794
184908,974.0,1058.7454418604634,-84.74544186046342
184931,975.0,981.3965392078582,-6.396539207858154
184948,725.0,695.9519538195054,29.048046180494566
185019,880.0,906.8988280567189,-26.898828056718912
185071,1220.0,1188.770180055445,31.229819944554947
185092,1400.0,1228.6528507937164,171.34714920628358
185172,1320.0,1294.3168077289458,25.683192271054168
185216,1115.0,1247.1944865650696,-132.1944865650696
185240,1182.0,1154.8836236582554,27.116376341744626
185300,1035.0,1254.691790518493,-219.691790518493
185314,750.0,672.9573128637348,77.04268713626516
185391,635.0,682.1740245069142,-47.17402450691418
185452,538.0,659.5396632070224,-121.53966320702239
185472,980.0,1141.3135317551262,-161.31353175512618
185563,1285.0,1221.420672435174,63.57932756482592
185576,1180.0,1113.033169563206,66.966830436794
185582,1600.0,1228.2056269841262,371.7943730158738
185585,1020.0,872.6725487393688,147.32745126063116
185588,1141.0,921.6043581327598,219.39564186724022
185591,910.0,973.4535548072314,-63.4535548072314
185643,1355.0,1160.7201470419673,194.27985295803273
185701,905.0,918.1066957882308,-13.106695788230809
185736,935.0,966.0048600203344,-31.004860020334377
185794,1240.0,1116.1734426250725,123.82655737492746
185831,1010.0,1067.9626890840334,-57.9626890840334
185845,1265.0,1164.104902537139,100.89509746286103
185850,840.0,1278.495998363633,-438.4959983636329
185862,1405.0,1216.9675660235312,188.03243397646884
185959,990.0,973.2232321733903,16.77676782660967
185979,596.0,703.8601274010379,-107.86012740103786
186007,850.0,1024.1392746382223,-174.13927463822233
186034,753.0,1169.4462759550852,-416.4462759550852
186063,455.0,732.3421795226501,-277.3421795226501
186089,675.0,797.3644329815211,-122.36443298152108
186098,930.0,1252.2250817623374,-322.22508176233737
186172,560.0,685.9760637596162,-125.97606375961618
186247,1185.0,1149.7396754625734,35.26032453742664
186340,715.0,682.9484675427345,32.051532457265466
186392,900.0,916.3286486727818,-16.32864867278181
186412,970.0,1058.0974314224843,-88.0974314224843
186417,1181.0,1056.9832243442083,124.01677565579166
186449,1005.0,1268.4620590548723,-263.46205905487227
186487,810.0,685.3184194784292,124.68158052157082
186537,740.0,631.1625398203557,108.83746017964427
186545,680.0,775.7098321167188,-95.70983211671876
186557,1230.0,1262.1955382312874,-32.1955382312874
186562,1410.0,1148.943619096114,261.05638090388607
186572,735.0,744.1772799595047,-9.177279959504745
186589,980.0,968.8796060409576,11.120393959042417
186591,740.0,646.635049145048,93.36495085495199
186642,404.0,634.3123132999551,-230.31231329995512
186682,1200.0,1157.7351267935207,42.26487320647925
186705,1065.0,1067.7370371865243,-2.737037186524276
186724,1350.0,1173.1073641700348,176.89263582996523
186730,1415.0,1172.600134956399,242.39986504360104
186737,1195.0,1280.1024913831156,-85.10249138311565
186743,1250.0,1225.9143762021063,24.08562379789373
186784,1580.0,1213.1745193059671,366.8254806940329
186803,1000.0,1150.1805468190278,-150.18054681902777
186809,1425.0,1131.0662386694396,293.9337613305604
186880,985.0,806.0613897140252,178.93861028597485
186907,1240.0,1053.2599607022137,186.74003929778632
186936,580.0,722.8041624561731,-142.80416245617312
187019,1245.0,1275.8048281203512,-30.804828120351203
187039,1145.0,1362.0014175209553,-217.00141752095533
187044,1295.0,1226.0443161305045,68.95568386949549
187050,808.0,633.6245495325422,174.37545046745777
187075,1280.0,1210.444148516582,69.55585148341811
187139,1205.0,1120.418486882833,84.5815131171671
187144,1070.0,1107.8761124804257,-37.87611248042572
187166,595.0,749.1123505643652,-154.11235056436522
187168,1220.0,1235.7791795853511,-15.77917958535113
187268,563.0,637.3414768123946,-74.3414768123946
187362,699.0,696.8884403994284,2.1115596005715815
187372,1025.0,966.3432458605113,58.656754139488726
187381,1380.0,1245.9387103572458,134.06128964275422
187385,695.0,745.7351381176485,-50.73513811764849
187391,1055.0,1047.1196617509888,7.880338249011174
187466,1400.0,1361.593664910935,38.406335089064896
187519,1000.0,1131.1118200446722,-131.11182004467219
187568,440.0,1224.4372606858415,-784.4372606858415
187584,1260.0,1236.4503949735808,23.549605026419158
187585,720.0,730.7583602370237,-10.75836023702368
187589,700.0,613.8681541788106,86.13184582118936
187670,669.0,550.6537614309646,118.34623856903545
187685,670.0,863.0752998196516,-193.0752998196516
187733,580.0,645.3207901835093,-65.3207901835093
187754,1455.0,1303.3088564005254,151.69114359947457
187841,712.0,683.9617888469211,28.03821115307892
187852,550.0,623.0977650660412,-73.09776506604123
187874,1380.0,1249.230285520774,130.76971447922597
187884,1280.0,1255.560371594004,24.439628405996018
187886,690.0,1137.7018415446626,-447.70184154466256
187889,520.0,609.4066840406275,-89.40668404062751
187909,1335.0,1188.0479677441829,146.95203225581713
187925,835.0,938.103798840779,-103.10379884077895
187958,1070.0,1084.3561970607377,-14.356197060737713
187985,355.0,718.1898841177116,-363.1898841177116
187998,817.0,636.5435648339485,180.4564351660515
188020,1040.0,1068.4362496050287,-28.436249605028706
188036,1035.0,969.3010166619052,65.69898333809476
188092,1180.0,1097.5449500482675,82.45504995173246
188171,1325.0,1132.3751290398639,192.62487096013615
188176,573.0,530.2371870946374,42.76281290536258
188195,1365.0,1202.2559399804538,162.74406001954617
188207,510.0,541.9649742684364,-31.964974268436436
188227,983.0,1002.1211965078777,-19.1211965078777
188253,570.0,768.585814038976,-198.58581403897597
188316,955.0,1171.8714612968165,-216.8714612968165
188329,1246.0,1165.3838126943576,80.61618730564237
188331,794.0,749.8959865164181,44.104013483581866
188367,585.0,675.8947050769605,-90.89470507696046
188387,570.0,694.6710041367905,-124.67100413679054
188419,1180.0,1089.7308904422057,90.26910955779431
188420,675.0,941.8250046988841,-266.8250046988841
188483,1050.0,1300.394190458862,-250.3941904588621
188494,695.0,582.9148419472062,112.08515805279376
188697,880.0,1148.1812570771283,-268.1812570771283
188726,655.0,685.6209528178056,-30.620952817805573
188752,1320.0,1254.3836342553943,65.61636574460567
188757,970.0,1077.12083491119,-107.12083491119006
188759,1380.0,1234.5300216696407,145.46997833035925
188781,1467.0,1127.03827187033,339.96172812967006
188782,1300.0,1039.420096540679,260.57990345932103
188825,1100.0,1104.1021127547215,-4.102112754721475
188839,640.0,645.2419129718791,-5.24191297187906
188859,680.0,639.2791578197612,40.72084218023883
188862,635.0,742.6345373021811,-107.63453730218112
188888,1010.0,1052.6114254078043,-42.61142540780429
188903,1070.0,1283.8114107215254,-213.81141072152536
188915,450.0,704.5380191747687,-254.5380191747687
188941,1186.0,995.3008470737158,190.69915292628423
188952,1170.0,1036.7505460456696,133.24945395433042
188961,655.0,702.8631016780087,-47.86310167800866
189024,1115.0,1095.8117782558704,19.188221744129578
189060,500.0,610.7985606289948,-110.79856062899478
189073,613.0,694.2533021083133,-81.25330210831328
189089,1030.0,1072.9539597097353,-42.95395970973527
189153,1005.0,1025.2998758184701,-20.299875818470127
189191,605.0,620.4724040397361,-15.472404039736148
189347,900.0,949.6193227036,-49.619322703600005
189447,505.0,583.3262809489845,-78.3262809489845
189458,1140.0,1236.002152506697,-96.00215250669703
189511,1065.0,1151.3208513115128,-86.3208513115128
189525,950.0,1175.76456309034,-225.76456309034006
189545,925.0,1131.0662386694396,-206.0662386694396
189559,960.0,1079.7657305937723,-119.76573059377233
189583,1045.0,1143.5088384770022,-98.5088384770022
189595,765.0,903.324815516448,-138.32481551644798
189609,900.0,991.6427286657208,-91.64272866572082
189643,1125.0,1051.6405900810753,73.35940991892471
189676,1280.0,1250.942826953814,29.057173046186108
189690,1279.0,1105.813235248224,173.18676475177608
189747,1025.0,1373.341058734504,-348.34105873450403
189772,1160.0,1203.0483300675733,-43.04833006757326
189777,1025.0,1079.4666956004066,-54.46669560040664
189832,915.0,934.7524163436835,-19.752416343683535
189895,900.0,1096.4801046274329,-196.48010462743287
189901,1169.0,1158.727929601645,10.272070398355027
189913,1338.0,1284.950831647824,53.04916835217591
189931,804.0,1127.1887454757486,-323.18874547574865
189977,981.0,1189.7284555940194,-208.72845559401935
189985,1058.0,1083.7753250085373,-25.775325008537266
190049,1069.0,1027.943242285232,41.05675771476808
190098,1277.0,1037.3562623566793,239.64373764332072
190157,1078.0,1101.3096207140509,-23.30962071405088
190173,970.0,859.6131465232473,110.38685347675266
190190,533.0,680.0265761252026,-147.0265761252026
190198,1345.0,1090.049165123682,254.9508348763179
190311,860.0,1004.3166325392456,-144.31663253924557
190320,840.0,642.2189272677807,197.7810727322193
190352,615.0,679.5211563755098,-64.5211563755098
190357,925.0,977.5190999394655,-52.51909993946549
190385,730.0,628.7436672219043,101.25633277809573
190404,1191.0,1218.8589586579938,-27.858958657993753
190448,575.0,712.7419016992582,-137.74190169925816
190460,1113.0,1078.0485188721855,34.95148112781453
190466,1477.0,1135.1388211702883,341.86117882971166
190492,955.0,1293.0778190274843,-338.07781902748434
190499,593.0,608.0201964105635,-15.020196410563472
190532,1345.0,1204.530622895481,140.46937710451903
190546,1170.0,963.4217340257213,206.57826597427868
190553,868.0,1009.1105650361043,-141.11056503610428
190556,1220.0,997.3598478691623,222.6401521308377
190561,1334.0,1076.0853022848203,257.9146977151797
190653,1295.0,1026.636227636251,268.3637723637489
190686,1060.0,974.4254079127843,85.5745920872157
190852,1058.0,1134.8225699322593,-76.82256993225928
190915,1055.0,1034.4901731065083,20.509826893491663
190924,646.0,1062.9629449196955,-416.9629449196955
190954,1473.0,1261.1133234848655,211.88667651513447
190967,1085.0,732.7077672180485,352.2922327819515
190998,1185.0,927.8148434922634,257.18515650773656
191052,980.0,967.0085606742146,12.99143932578545
191055,702.0,954.8674759082465,-252.86747590824655
191091,1630.0,1310.887068803222,319.11293119677794
191095,810.0,742.75452876757,67.24547123242996
191107,855.0,700.8102739149173,154.18972608508273
191168,970.0,1193.8604200678199,-223.86042006781986
191218,720.0,939.7398864325114,-219.7398864325114
191230,1170.0,1032.8634113464439,137.13658865355615
191243,1130.0,1040.7094155157436,89.29058448425644
191344,875.0,1185.2129529758504,-310.2129529758504
191388,1180.0,1021.79592491995,158.20407508004996
191423,750.0,723.9181532921043,26.081846707895693
191440,1231.0,1160.1954479104113,70.8045520895887
191465,885.0,1082.4788384038295,-197.4788384038295
191484,500.0,645.864899207726,-145.864899207726
191527,975.0,1114.4199918415813,-139.41999184158135
191558,540.0,595.5991900525786,-55.59919005257859
191603,1120.0,1170.5555678336118,-50.5555678336118
191622,961.0,857.130470570394,103.86952942960602
191654,690.0,577.6690509016038,112.33094909839622
191658,1050.0,1174.0079815314323,-124.00798153143228
191663,1205.0,1033.2878351278814,171.7121648721186
191695,1535.0,1289.3193016584426,245.68069834155745
191736,940.0,991.5749008789915,-51.57490087899146
191851,767.0,617.7081542739377,149.29184572606232
191890,1380.0,1217.0827835006605,162.91721649933947
192001,1335.0,1147.4406320502396,187.55936794976037
192168,1142.0,1079.2133647502674,62.786635249732626
192215,845.0,1117.0151845456096,-272.0151845456096
192220,1420.0,1051.6405900810753,368.3594099189247
192312,1510.0,1214.8629293707595,295.1370706292405
192343,1200.0,1151.3715354714686,48.62846452853137
192347,820.0,916.6049676662101,-96.60496766621009
192370,1080.0,1002.4689877733008,77.5310122266992
192397,810.0,1090.8929125669056,-280.8929125669056
192459,525.0,553.1670752531808,-28.16707525318077
192462,975.0,1037.1894494751787,-62.18944947517866
192469,860.0,1151.5950963020261,-291.59509630202615
192491,1210.0,1164.5519043894403,45.448095610559676
192611,517.0,644.8471181286399,-127.84711812863986
192689,1120.0,1172.8553894475713,-52.85538944757127
192757,725.0,726.5958900040107,-1.5958900040106982
192772,1015.0,1306.987610650842,-291.98761065084204
192784,1425.0,1303.2362654621504,121.76373453784959
192831,790.0,874.343110583652,-84.34311058365199
192848,1430.0,1039.422767131442,390.577232868558
192879,615.0,709.430346016596,-94.43034601659599
192951,1035.0,1150.044005184853,-115.04400518485295
192954,550.0,726.3719888308599,-176.3719888308599
192959,1050.0,1189.6427034030485,-139.64270340304847
192974,560.0,680.71435447585,-120.71435447584997
192978,775.0,705.2601397001854,69.73986029981461
193023,860.0,864.7845406873228,-4.78454068732276
193126,740.0,698.4905047047905,41.50949529520949
193178,510.0,670.8970334243935,-160.8970334243935
193180,728.0,1042.4218685660403,-314.4218685660403
193185,1005.0,1001.2087506452633,3.791249354736692
193187,610.0,719.2808156366107,-109.28081563661067
193215,1140.0,1173.952685605112,-33.95268560511204
193220,985.0,760.1118120705626,224.88818792943744
193228,1020.0,1052.6868892116763,-32.686889211676316
193242,1240.0,1332.0119581172753,-92.0119581172753
193245,1050.0,1180.2564226515906,-130.25642265159058
193261,959.0,959.0840824496123,-0.08408244961231048
193307,981.0,951.6310916296503,29.368908370349686
193362,1430.0,1165.9917237278503,264.0082762721497
193376,959.0,1083.2795760829076,-124.27957608290762
193417,885.0,1021.1644641915339,-136.16446419153385
193423,491.0,660.840067108783,-169.84006710878305
193512,595.0,576.243530255287,18.756469744712945
193513,1130.0,1185.4628366495763,-55.462836649576275
193524,1050.0,1219.3842158663008,-169.3842158663008
193536,990.0,1046.6726886723736,-56.672688672373624
193727,1005.0,1009.7797181607827,-4.77971816078275
193778,435.0,656.3332994860592,-221.33329948605922
193819,1228.0,1068.576594025462,159.4234059745379
193869,1255.0,1074.1093580577963,180.89064194220373
193874,745.0,615.6269257722155,129.3730742277845
193958,635.0,592.4854856509578,42.5145143490422
193973,650.0,1199.1374306483183,-549.1374306483183
194033,570.0,632.1559249944928,-62.15592499449281
194035,1160.0,1269.59155883188,-109.59155883188009
194099,1325.0,1274.2962013214244,50.703798678575595
194118,960.0,1000.3080250154366,-40.308025015436556
194157,730.0,728.7817963206685,1.2182036793315092
194184,680.0,720.9858686981706,-40.985868698170634
194223,864.0,1115.67216481625,-251.67216481624996
194276,510.0,644.9979431204375,-134.99794312043753
194345,1047.0,1117.59194959198,-70.59194959197998
194355,648.0,704.532755906471,-56.53275590647104
194356,520.0,810.4734997315699,-290.47349973156986
194433,1140.0,1159.2728795985474,-19.272879598547433
194480,525.0,808.6003038291229,-283.60030382912294
194536,1367.0,1135.7333174891216,231.26668251087835
194567,815.0,1006.133383408076,-191.13338340807604
194613,1330.0,1146.1181470204294,183.88185297957057
194700,1240.0,1165.4693747284148,74.53062527158522
194748,617.0,714.1804263970172,-97.18042639701719
194763,1003.0,998.2412181712118,4.758781828788187
194801,541.0,617.2425309826968,-76.24253098269685
194813,1120.0,1246.954730101316,-126.95473010131604
194858,915.0,1029.3682894566105,-114.36828945661046
194896,1010.0,1215.745050312441,-205.74505031244098
194960,1220.0,1100.677089460514,119.32291053948597
194998,1265.0,1116.9462896342052,148.0537103657948
195003,1365.0,1135.0145349918598,229.98546500814018
195046,715.0,756.648977579397,-41.648977579396956
195086,1183.0,982.5057342533298,200.49426574667018
195106,585.0,588.0490135068055,-3.0490135068055224
195108,1079.0,1011.302873809015,67.69712619098505
195132,1050.0,1216.6750925821718,-166.67509258217183
195134,1030.0,911.8631767138907,118.13682328610935
195141,651.0,677.9722422532471,-26.972242253247146
195165,740.0,1372.162898036223,-632.1628980362229
195202,1150.0,1104.4441399277493,45.55586007225065
195235,1183.0,1112.3972582034205,70.6027417965795
195239,1025.0,1038.7738964607527,-13.773896460752667
195251,1185.0,1203.141759512751,-18.141759512750923
195273,1435.0,1261.0230536035656,173.9769463964344
195368,1580.0,1224.631383612789,355.368616387211
195452,1145.0,1109.760755634118,35.23924436588209
195600,559.0,762.7042223562491,-203.70422235624915
195694,870.0,1162.1522472606896,-292.1522472606896
195756,1325.0,1349.2297565661474,-24.229756566147444
195776,610.0,872.9477938379158,-262.9477938379158
195781,1195.0,1033.3594134095838,161.6405865904162
195819,991.0,955.7207083229616,35.27929167703837
195862,1091.0,1077.203641606502,13.79635839349794
195871,650.0,760.9657871832529,-110.96578718325293
195873,1390.0,1314.261243311847,75.73875668815299
195915,1242.0,1204.6376270433466,37.36237295665342
195984,1037.0,1054.967883519079,-17.967883519078896
195999,620.0,688.9107114668623,-68.91071146686227
196010,740.0,645.2382862782513,94.76171372174872
196044,725.0,1070.5540480361976,-345.5540480361976
196067,1020.0,1213.3890825194378,-193.3890825194378
196069,1030.0,1236.9272954824623,-206.92729548246234
196128,505.0,684.8903204306007,-179.8903204306007
196159,1215.0,1113.96749285336,101.03250714664
196167,1030.0,1189.2878557861839,-159.28785578618385
196198,1365.0,1210.9562923095584,154.04370769044158
196218,375.0,594.5647279066532,-219.56472790665316
196401,716.0,915.0672628924107,-199.06726289241067
196442,1113.0,1040.855290880147,72.1447091198529
196528,990.0,1067.0905766844087,-77.09057668440869
196559,253.0,568.1104522072011,-315.1104522072011
196584,1095.0,1102.8693560877973,-7.869356087797314
196603,670.0,679.7417688009637,-9.741768800963655
196690,1234.0,1186.1758323809504,47.824167619049604
196729,500.0,634.0101572058041,-134.01015720580415
196785,985.0,1086.1415811024613,-101.14158110246126
196808,795.0,755.1851001327093,39.814899867290706
196844,1352.0,1223.4574930048439,128.54250699515615
196859,830.0,777.2322451731479,52.76775482685207
196975,1235.0,1132.008085041692,102.99191495830792
196982,1360.0,1320.972095060356,39.02790493964403
197042,930.0,1038.351936122994,-108.35193612299395
197073,1035.0,968.3885881285873,66.61141187141266
197139,1170.0,1148.6634920937781,21.33650790622187
197166,562.0,719.1835617360558,-157.18356173605582
197179,805.0,993.5796079122426,-188.57960791224264
197216,1455.0,1144.9304794289478,310.0695205710522
197257,1180.0,1111.4687294824266,68.53127051757338
197287,1310.0,1182.6686674175942,127.33133258240582
197331,1505.0,1226.0645999994356,278.9354000005644
197335,890.0,1011.2308181635199,-121.23081816351987
197339,665.0,644.8471181286399,20.152881871360137
197408,640.0,743.0080318572973,-103.00803185729728
197448,1357.0,1113.4444619182543,243.55553808174568
197496,1010.0,1018.1238700264136,-8.123870026413556
197516,1120.0,993.0925270975438,126.90747290245622
197520,755.0,566.2520775699211,188.74792243007892
197531,870.0,943.8937827783153,-73.89378277831531
197532,1110.0,1153.5951269726975,-43.59512697269747
197537,1120.0,1160.114278871802,-40.11427887180207
197549,865.0,989.5843295019594,-124.58432950195936
197574,777.0,760.3737739104705,16.626226089529496
197578,835.0,609.0289196699212,225.97108033007885
197594,1220.0,1166.2867498099592,53.71325019004075
197635,865.0,752.4200096953371,112.57999030466294
197641,1110.0,1124.3149729193215,-14.314972919321463
197740,1240.0,1196.8199370883874,43.180062911612595
197852,460.0,633.0621766013655,-173.06217660136554
197858,940.0,1015.1216161281451,-75.12161612814509
197906,670.0,720.9503313456964,-50.95033134569644
197933,1230.0,1084.5228205975616,145.47717940243842
197951,1275.0,1014.5456619664575,260.4543380335425
197960,1040.0,1115.7170673481305,-75.71706734813051
197979,1110.0,1256.342595129109,-146.342595129109
198012,495.0,648.300666963201,-153.30066696320102
198033,900.0,757.4512620431028,142.54873795689718
198230,1025.0,1039.7230352454355,-14.72303524543554
198292,795.0,986.3318662804122,-191.3318662804122
198297,1222.0,1064.7438938200876,157.25610617991242
198342,975.0,1053.2599607022137,-78.25996070221368
198356,970.0,1049.0782741283192,-79.07827412831921
198357,980.0,1160.3438275122337,-180.3438275122337
198360,590.0,706.4102041458098,-116.41020414580976
198415,1130.0,1190.3114954476696,-60.311495447669586
198489,1280.0,1346.7750358859632,-66.77503588596323
198491,980.0,806.1668135540633,173.8331864459367
198587,1280.0,1233.0050985693385,46.99490143066146
198612,1200.0,1344.7490528022115,-144.7490528022115
198621,770.0,728.8015629332612,41.19843706673885
198630,750.0,683.3654368159666,66.63456318403337
198646,750.0,699.2277178944694,50.77228210553062
198691,540.0,654.3092351405824,-114.30923514058236
198693,750.0,721.8424563005854,28.157543699414646
198788,1050.0,1095.2896052668136,-45.28960526681362
198848,1195.0,1234.3891016615278,-39.389101661527775
198913,860.0,1318.071185079642,-458.07118507964196
198975,1415.0,1295.6880435408546,119.31195645914545
198994,634.0,739.2167117767397,-105.21671177673966
198995,605.0,721.3211094106142,-116.32110941061421
199031,1045.0,1080.472967229323,-35.4729672293231
199050,1310.0,1195.868741488095,114.13125851190489
199081,710.0,597.3648126198025,112.63518738019752
199087,690.0,1012.0818926655852,-322.0818926655852
199096,1102.0,1078.4304565866698,23.569543413330166
199112,955.0,1012.0862226860047,-57.0862226860047
199135,1200.0,1269.406494810986,-69.40649481098603
199297,387.0,704.6012410395822,-317.6012410395822
199345,1010.0,949.3410675662711,60.658932433728864
199375,1010.0,1101.1787612221065,-91.17876122210646
199383,979.0,1172.4614549230207,-193.4614549230207
199443,981.0,1161.7871819846057,-180.7871819846057
199489,1260.0,1286.7880311425808,-26.78803114258085
199516,893.0,1208.4603997512268,-315.46039975122676
199633,600.0,686.961469452371,-86.96146945237103
199668,900.0,1077.5155261588902,-177.51552615889022
199716,745.0,690.3339679955033,54.66603200449674
199736,900.0,1216.2189487992935,-316.21894879929346
199755,625.0,711.2442840224525,-86.24428402245246
199826,815.0,1085.3668678839504,-270.36686788395036
199852,480.0,692.5186122268993,-212.51861222689934
199871,970.0,1122.035377440046,-152.03537744004598
199899,720.0,716.6835449443748,3.3164550556251697
199901,600.0,692.9131723474094,-92.91317234740939
199907,1345.0,1139.1214817556133,205.87851824438667
199919,1046.0,1157.1536678281866,-111.1536678281866
200006,590.0,644.2898412076038,-54.289841207603786
200029,980.0,1043.2179445949569,-63.21794459495686
200047,849.0,1047.5385711791257,-198.5385711791257
200169,1065.0,1064.642945447116,0.3570545528839375
200191,1080.0,1247.640881301312,-167.640881301312
200192,689.0,790.4855663628884,-101.48556636288845
200247,465.0,538.3112356598538,-73.31123565985376
200314,825.0,1028.720134756257,-203.72013475625704
200318,990.0,1070.451379701771,-80.45137970177097
200332,1115.0,1018.1529730000475,96.8470269999525
200366,1250.0,1294.6848309112877,-44.68483091128769
200369,595.0,725.8752539260685,-130.87525392606847
200373,1201.0,1136.8040669280028,64.19593307199716
200468,735.0,841.4065913746819,-106.40659137468185
200480,1105.0,966.8261755298593,138.17382447014074
200555,1480.0,1204.3002039372423,275.69979606275774
200559,1345.0,1241.142071819907,103.85792818009304
200569,952.0,1302.7986726614977,-350.7986726614977
200579,955.0,1080.472967229323,-125.4729672293231
200656,1145.0,1080.3208831030965,64.67911689690345
200671,1170.0,1172.437645516566,-2.437645516565908
200679,690.0,690.4903389761236,-0.49033897612355304
200728,910.0,953.4781391667007,-43.47813916670066
200736,1000.0,1128.89614038449,-128.89614038449008
200776,1125.0,1089.514423925508,35.48557607449197
200840,695.0,650.3025650026337,44.69743499736626
200895,1570.0,1420.2475097005622,149.7524902994378
200971,1060.0,1092.4563849159424,-32.45638491594241
201000,1130.0,1070.0721024680713,59.92789753192869
201040,1305.0,1039.6193857280186,265.38061427198136
201117,1075.0,1041.031626715209,33.968373284790914
201150,1295.0,1252.0225953743357,42.97740462566435
201185,625.0,790.3475832977773,-165.3475832977773
201284,635.0,794.8266377267094,-159.82663772670935
201307,1430.0,1385.1237396687075,44.87626033129254
201317,944.0,1040.0504016459327,-96.05040164593265
201391,720.0,760.8140186523117,-40.81401865231169
201455,1113.0,1062.5272029725572,50.472797027442766
201460,1440.0,1339.0516225215688,100.94837747843121
201466,964.0,1070.9052178309894,-106.90521783098939
201482,545.0,685.6741514169306,-140.6741514169306
201487,850.0,885.6625072026907,-35.662507202690676
201530,580.0,690.5456869713738,-110.54568697137381
201590,1330.0,1051.1063127655261,278.8936872344739
201686,1110.0,1233.3212953128436,-123.32129531284363
201743,675.0,625.3345386271789,49.66546137282114
201772,430.0,565.9609420355605,-135.9609420355605
201774,715.0,667.9622145215275,47.03778547847253
201826,1201.0,1085.1204261325236,115.87957386747644
201832,1200.0,1046.1905969040804,153.8094030959196
201874,910.0,1025.0134246469238,-115.0134246469238
201911,705.0,750.6898520831968,-45.6898520831968
202070,1440.0,1186.1138126688522,253.88618733114777
202076,740.0,748.7172567542435,-8.717256754243522
202117,910.0,865.0723557530122,44.927644246987825
202122,810.0,743.7398633452443,66.26013665475568
202130,795.0,862.4947294444717,-67.49472944447166
202259,1150.0,1205.8621301727046,-55.86213017270461
202318,520.0,557.9126356313005,-37.91263563130053
202334,475.0,675.0573754065734,-200.05737540657344
202376,1400.0,1174.0627936941912,225.9372063058088
202405,1085.0,1129.447887002954,-44.447887002954076
202502,595.0,730.2764991823454,-135.27649918234545
202615,1245.0,1212.8933027757344,32.106697224265645
202645,905.0,912.9179566494241,-7.917956649424127
202722,770.0,718.0006067901453,51.9993932098547
202820,1240.0,1242.4082114017813,-2.408211401781273
202830,1300.0,1433.6309597579907,-133.6309597579907
202839,1345.0,1300.6310730346936,44.3689269653064
202840,830.0,1069.668272197327,-239.66827219732704
202934,1160.0,1122.3574770524842,37.64252294751577
202958,1600.0,1173.448014127861,426.5519858721391
202974,630.0,605.2396877343702,24.76031226562975
203045,770.0,1015.6726823364108,-245.67268233641084
203056,1230.0,1333.5812806849085,-103.5812806849085
203063,920.0,850.7978737161524,69.20212628384763
203141,1201.0,1198.8633002157944,2.1366997842055753
203289,565.0,555.6760419616724,9.323958038327646
203324,1210.0,1441.3857491055542,-231.38574910555417
203361,1025.0,919.9355024816216,105.0644975183784
203408,785.0,687.4323601802093,97.56763981979066
203478,1202.0,987.00276996103,214.99723003896997
203565,910.0,1036.8140582695657,-126.81405826956575
203606,595.0,860.5055929710325,-265.50559297103246
203619,1220.0,1065.766729353019,154.23327064698105
203665,505.0,589.1957296301576,-84.19572963015764
203793,1047.0,946.9192995373783,100.08070046262173
203814,847.0,1160.2736632703738,-313.27366327037385
203824,780.0,657.7631763029858,122.23682369701419
203855,839.0,734.1544107974144,104.84558920258564
203877,771.0,763.9200687187014,7.079931281298627
203931,961.0,1051.8302924616416,-90.83029246164165
203959,1165.0,1133.2322190676332,31.767780932366804
203970,577.0,771.7342512096989,-194.73425120969887
204013,1285.0,1317.45956856222,-32.459568562220056
204075,860.0,1104.8242966430635,-244.82429664306346
204098,705.0,647.3850647445884,57.61493525541164
204102,1055.0,1061.356618233146,-6.356618233146037
204108,1320.0,1245.5537316239975,74.44626837600254
204138,1020.0,790.3804400559984,229.6195599440016
204180,855.0,695.9519538195054,159.04804618049457
204247,710.0,753.3123906186636,-43.312390618663585
204275,1145.0,1187.9264032917613,-42.92640329176129
204296,970.0,1004.3815612692099,-34.3815612692099
204314,935.0,1041.750168845408,-106.7501688454081
204402,1216.0,1265.841765591971,-49.8417655919709
204406,730.0,681.6937672632346,48.30623273676542
204460,1300.0,1273.1473452712326,26.852654728767448
204483,1045.0,1125.85606178865,-80.8560617886501
204507,1005.0,1094.8658422847986,-89.86584228479865
204515,570.0,575.3170946646808,-5.317094664680781
204533,985.0,1144.3053331022866,-159.30533310228657
204541,613.0,606.7109388412947,6.2890611587052945
204580,1030.0,1039.0646143685344,-9.064614368534421
204615,960.0,1063.5206025543846,-103.5206025543846
204620,1020.0,1008.6695677757874,11.330432224212586
204623,840.0,1352.8002526321618,-512.8002526321618
204642,785.0,680.7311712208492,104.2688287791508
204694,1218.0,1262.086083333506,-44.08608333350594
204724,1370.0,1390.4317064226384,-20.4317064226384
204737,1370.0,1066.864935285544,303.1350647144559
204778,430.0,709.4575365528417,-279.4575365528417
204810,1907.0,1308.2686307557647,598.7313692442353
204871,1290.0,1212.7656095182533,77.23439048174669
204889,1065.0,1084.5228205975616,-19.522820597561577
204945,1257.0,951.3999021702609,305.60009782973907
205014,1300.0,1236.4981444681646,63.50185553183542
205021,760.0,640.905332811705,119.09466718829503
205033,1090.0,1119.7951497349557,-29.795149734955658
205122,480.0,596.2700026111722,-116.27000261117223
205128,975.0,1158.123345582252,-183.1233455822521
205144,1305.0,1417.3981120839248,-112.39811208392484
205182,1520.0,1342.6163990093462,177.3836009906538
205277,1245.0,1173.867736321368,71.13226367863194
205304,1370.0,1246.0687943111247,123.93120568887525
205314,970.0,1004.3366380687246,-34.3366380687246
205327,905.0,963.7870823394753,-58.78708233947532
205357,1425.0,1116.8951820383675,308.10481796163253
205390,480.0,1248.919825517075,-768.919825517075
205422,1180.0,1201.322139558752,-21.322139558752042
205424,891.0,1043.0449111378607,-152.0449111378607
205425,930.0,1100.527866853227,-170.5278668532269
205448,1370.0,1166.50794855237,203.49205144763005
205456,1055.0,1099.363284635747,-44.36328463574705
205488,610.0,667.5543503036833,-57.55435030368335
205586,1257.0,1246.923404620449,10.076595379551009
205624,668.0,630.5992353105735,37.40076468942652
205708,1390.0,1145.1981319418742,244.80186805812582
205715,760.0,687.9018896359362,72.09811036406381
205727,1075.0,1272.9586800751283,-197.9586800751283
205745,1415.0,1367.6198268787366,47.3801731212634
205782,915.0,914.5090504639866,0.4909495360134315
205795,995.0,995.0716983618779,-0.07169836187790679
205801,950.0,1202.8310106275278,-252.8310106275278
205839,1100.0,1347.348869981305,-247.34886998130492
205862,1130.0,1217.2217916822103,-87.22179168221032
205914,1205.0,1120.651800758854,84.34819924114595
205938,650.0,655.8497608734428,-5.849760873442847
205999,1410.0,1277.9432181959082,132.05678180409177
206032,740.0,719.6196547015206,20.38034529847937
206085,1124.0,1263.6130407322935,-139.61304073229348
206174,660.0,685.9723668644131,-25.97236686441306
206206,850.0,705.8520799755398,144.14792002446018
206256,650.0,711.380509863538,-61.38050986353801
206345,990.0,988.3939698472883,1.6060301527116962
206347,1450.0,1173.7874735034152,276.2125264965848
206354,1155.0,1101.937910616713,53.062089383287
206390,935.0,1078.5297445224971,-143.52974452249714
206400,1405.0,1224.6211180829728,180.37888191702723
206410,1180.0,1230.6576020936072,-50.65760209360724
206428,1095.0,1029.2664172222576,65.73358277774241
206430,755.0,724.4088082537016,30.591191746298364
206482,935.0,701.5629263548182,233.43707364518184
206521,771.0,688.0807084789121,82.91929152108787
206540,890.0,1124.3149729193215,-234.31497291932146
206545,1014.0,1027.3063685368988,-13.306368536898844
206548,743.0,671.0674506328958,71.93254936710423
206551,1140.0,1326.2825569386007,-186.2825569386007
206637,755.0,704.8521426293686,50.147857370631414
206667,1100.0,1244.6818723419624,-144.6818723419624
206676,855.0,865.3354086109355,-10.335408610935474
206681,830.0,799.3871999306892,30.612800069310765
206712,615.0,705.1376352870695,-90.13763528706954
206725,1075.0,1212.7321813851931,-137.73218138519314
206731,1345.0,1076.960132349258,268.03986765074205
206744,1060.0,1093.7598250665285,-33.75982506652849
206820,534.0,759.7148613605269,-225.71486136052692
206833,496.0,592.7029288775634,-96.70292887756341
206922,1055.0,1040.4276437248864,14.572356275113634
206960,482.0,648.8627654142382,-166.8627654142382
206996,434.0,560.2550317471994,-126.25503174719938
207181,1199.0,978.4243869110667,220.57561308893332
207193,1200.0,1159.2918932896591,40.70810671034087
207210,1003.0,673.06015486982,329.93984513017995
207218,1135.0,1197.8740426159316,-62.87404261593156
207224,900.0,643.9909159782374,256.00908402176265
207233,440.0,707.9571520959763,-267.9571520959763
207375,1090.0,1135.4583178063242,-45.4583178063242
207395,1341.0,1160.949226247075,180.0507737529249
207410,1145.0,1035.746879812483,109.25312018751697
207428,1230.0,1320.7037077109635,-90.7037077109635
207480,1060.0,984.7257401956915,75.27425980430849
207497,1220.0,1357.5409013933809,-137.54090139338086
207596,1050.0,1106.024375394088,-56.02437539408811
207599,1100.0,1184.620110548147,-84.62011054814707
207600,1073.0,1067.6571881947339,5.3428118052661375
207694,520.0,506.42621103900007,13.573788960999934
207712,1380.0,1314.3176398359124,65.68236016408764
207800,930.0,1037.3196518533252,-107.31965185332524
207825,994.0,1139.8801224967635,-145.88012249676353
207843,600.0,706.0951956758734,-106.09519567587336
207850,1379.0,1205.0240462393533,173.9759537606467
207853,945.0,1153.49995436906,-208.4999543690601
207898,1000.0,1032.6573698961724,-32.65736989617244
207927,1140.0,856.588306623987,283.411693376013
207930,605.0,689.8241018773239,-84.82410187732387
207989,680.0,677.4344012631163,2.5655987368836577
208004,820.0,1098.4731880751397,-278.47318807513966
208021,518.0,603.9369999878538,-85.93699998785382
208032,1245.0,1013.2977091094803,231.70229089051975
208082,1010.0,1095.4751103285457,-85.47511032854572
208164,1335.0,1072.7121663901667,262.28783360983334
208176,1280.0,1100.9460598909213,179.05394010907867
208203,923.0,724.0135970239894,198.9864029760106
208213,390.0,845.2730113516112,-455.2730113516112
208249,1335.0,1264.2176868549084,70.78231314509162
208253,665.0,630.9389925856267,34.06100741437331
208306,1455.0,1353.992619696559,101.0073803034411
208314,460.0,630.3340715807391,-170.33407158073908
208331,855.0,1078.248990790301,-223.24899079030092
208353,684.0,811.802690137437,-127.80269013743703
208389,1005.0,1075.3336716537524,-70.33367165375239
208396,580.0,651.2935017944948,-71.29350179449477
208400,1115.0,1042.567355958524,72.4326440414759
208411,1160.0,1107.3970874657462,52.602912534253846
208422,815.0,1114.6798866859797,-299.6798866859797
208477,900.0,762.5244477234753,137.4755522765247
208501,505.0,632.3955310917686,-127.39553109176859
208522,1020.0,1147.7216186248631,-127.72161862486314
208638,849.0,941.38441919242,-92.38441919241995
208690,1270.0,1094.7880328562296,175.21196714377038
208702,1230.0,1038.0716116847848,191.92838831521522
208721,1185.0,1294.8054154738659,-109.80541547386588
208739,585.0,726.7773566277464,-141.77735662774637
208821,1065.0,899.7452846760906,165.2547153239094
208833,910.0,989.015388644343,-79.01538864434303
208895,1020.0,958.4727953657704,61.52720463422963
208917,1045.0,982.3693434686555,62.63065653134447
208956,1465.0,1312.0142699204096,152.98573007959044
208964,910.0,966.1565134480561,-56.1565134480561
209010,1390.0,1289.9062897100132,100.0937102899868
209056,1100.0,1030.3693986808023,69.6306013191977
209074,1185.0,1065.7542688203725,119.24573117962746
209139,723.0,615.511720718268,107.48827928173205
209152,1210.0,1177.8581421247584,32.14185787524161
209217,660.0,697.9485604041649,-37.94856040416494
209270,950.0,1069.9212923640378,-119.92129236403775
209296,1540.0,1179.7370811287387,360.26291887126126
209311,622.0,767.948332668962,-145.94833266896205
209446,681.0,646.2376208664966,34.76237913350337
209452,1105.0,1336.359544400694,-231.35954440069395
209459,1410.0,1210.3888030299897,199.61119697001027
209552,925.0,1028.6778539231245,-103.67785392312453
209566,585.0,563.6486305014391,21.35136949856087
209573,900.0,1071.7283433152072,-171.7283433152072
209591,1008.0,1203.4024308459393,-195.4024308459393
209627,666.0,567.3640809305032,98.63591906949682
209688,935.0,1219.5659448696333,-284.5659448696333
209698,1120.0,1156.039400427717,-36.039400427717055
209779,1400.0,1334.3277781877816,65.67222181221837
209781,715.0,617.2439956443952,97.75600435560477
209840,1150.0,1318.8842403143374,-168.88424031433738
209899,765.0,763.385404200088,1.6145957999119673
209986,830.0,884.9098845037181,-54.909884503718104
210005,1195.0,1265.275558352422,-70.27555835242197
210036,1060.0,1012.9480235403028,47.051976459697244
210247,1080.0,1281.018439324066,-201.0184393240661
210263,566.0,577.0101328096025,-11.01013280960251
210274,1145.0,1053.6096421729485,91.3903578270515
210310,1210.0,1130.908862972158,79.09113702784202
210375,595.0,736.317938068257,-141.31793806825704
210377,1565.0,1280.9363394083266,284.0636605916734
210425,625.0,601.0811046065875,23.918895393412527
210452,1180.0,859.744590304134,320.255409695866
210470,1320.0,1120.7569995913682,199.24300040863181
210519,1127.0,1088.5039550485185,38.49604495148151
210525,1005.0,1088.5951048165678,-83.59510481656775
210530,860.0,1003.6869980670174,-143.68699806701738
210562,720.0,778.432003318792,-58.432003318792
210641,1020.0,944.0708187338583,75.92918126614165
210652,1250.0,1219.382608749685,30.617391250314995
210656,560.0,730.6100986972901,-170.61009869729014
210751,1445.0,1131.810090288445,313.18990971155495
210761,530.0,667.9253641233319,-137.92536412333186
210846,1150.0,1140.5504783038057,9.449521696194324
211011,600.0,721.2389546909222,-121.23895469092224
211078,1045.0,903.3105926694851,141.68940733051488
211176,1130.0,1025.110218836338,104.88978116366206
211219,875.0,993.0925270975438,-118.09252709754378
211346,490.0,673.3927327331807,-183.39273273318065
211588,1210.0,1193.95716479902,16.042835200980107
211615,80.0,1072.9604001248133,-992.9604001248133
211918,765.0,670.7666640378914,94.23333596210864
211977,924.0,1114.237091955327,-190.23709195532706
211987,932.0,938.7976857280562,-6.797685728056194
212001,1175.0,1144.1552900721608,30.844709927839176
212055,981.0,1036.4895306299884,-55.489530629988394
212066,840.0,696.252093408732,143.74790659126802
212094,1350.0,1171.4819706130795,178.5180293869205
212167,716.0,956.0511341062621,-240.0511341062621
212231,1280.0,1100.4328369444033,179.56716305559667
212244,1070.0,1078.512638986319,-8.512638986318962
212262,1076.0,1142.4271410850108,-66.42714108501082
212476,882.0,1058.0240125072617,-176.02401250726166
212496,1003.0,1107.3970874657462,-104.39708746574615
212566,950.0,1095.6396574994196,-145.63965749941963
212667,1040.0,1070.6652491820385,-30.66524918203845
212702,1070.0,946.01309716249,123.98690283751
212750,680.0,909.4904577136215,-229.49045771362148
212772,680.0,679.8827305978156,0.1172694021844336
212911,1112.0,1192.8448135200342,-80.84481352003422
212917,1175.0,1203.5191373996095,-28.519137399609463
212918,1182.0,1144.3136866979241,37.68631330207586
212921,760.0,674.9228673472029,85.0771326527971
213021,1265.0,1074.7611703057569,190.23882969424312
213233,320.0,647.3145387134713,-327.3145387134713
213316,915.0,1154.6058406280627,-239.60584062806265
213490,750.0,673.7977781055532,76.20222189444678
213550,1245.0,1287.621752426086,-42.621752426086005
213582,1127.0,1132.6998985076643,-5.699898507664329
213743,1130.0,992.3997653881815,137.60023461181845
213982,760.0,1172.3254800220432,-412.32548002204317
214006,1120.0,1170.1427177635453,-50.142717763545306
214016,1078.0,900.9096416115214,177.09035838847865
214024,838.0,1289.3992373610897,-451.3992373610897
214030,1170.0,1061.5670141835105,108.43298581648946
214125,1435.0,1231.55892161097,203.44107838903005
214181,1180.0,1159.8350610611824,20.164938938817613
214246,1145.0,1063.2510324958346,81.74896750416542
214295,1232.0,1125.3669175456919,106.63308245430812
214316,695.0,656.2051929855609,38.79480701443913
214326,926.0,1043.8766030050654,-117.87660300506536
214395,1290.0,1310.7151145560858,-20.715114556085837
214397,1316.0,1127.9304555633007,188.0695444366993
214411,1190.0,1173.6559405518606,16.344059448139433
214514,1120.0,1112.2251918239047,7.774808176095348
214565,1245.0,1129.9183730266484,115.0816269733516
214590,995.0,1140.7611631457648,-145.76116314576484
214598,948.0,661.8694296294626,286.1305703705374
214778,820.0,1030.0351645602555,-210.03516456025545
214829,1105.0,1280.0392216097237,-175.03922160972365
214988,1080.0,1264.5526058611415,-184.5526058611415
215084,1081.0,1187.4564946880428,-106.45649468804277
215234,790.0,763.7621649597054,26.237835040294613
215251,1210.0,1188.962563839147,21.037436160853076
215339,1090.0,1016.1053437397148,73.89465626028516
215393,1370.0,1306.3365733380415,63.66342666195851
215396,1025.0,944.0760221880938,80.92397781190618
215402,1090.0,1295.437933294349,-205.43793329434902
215416,955.0,984.0337713404102,-29.033771340410226
215417,1010.0,1008.5852335927706,1.414766407229422
215548,1740.0,1290.9015407007607,449.09845929923927
215562,620.0,760.9270711787293,-140.9270711787293
215566,813.0,963.1606259153755,-150.16062591537548
215811,1240.0,1212.43597861682,27.564021383180034
215888,948.0,904.8634124160463,43.136587583953656
215902,900.0,1052.984255406687,-152.984255406687
215943,1301.0,1002.2776424265876,298.7223575734124
215975,1100.0,1179.511455158314,-79.51145515831399
216074,1150.0,1171.7784084579023,-21.778408457902287
216101,855.0,913.2327882501072,-58.232788250107205
216339,970.0,1135.7586993704658,-165.75869937046582
216383,1090.0,1070.6235433452798,19.376456654720187
216428,1155.0,1120.6942337741557,34.30576622584431
216446,1129.0,1281.210854435245,-152.21085443524498
216586,1150.0,1154.3727417718271,-4.372741771827123
216660,1390.0,1239.1664865719433,150.83351342805668
216744,970.0,908.1246917637034,61.87530823629663
216778,1365.0,1199.4972336193082,165.5027663806918
216841,1091.0,933.217534221555,157.78246577844504
216881,1210.0,1258.8925149621282,-48.89251496212819
216935,1444.0,1060.1536263591345,383.8463736408655
216959,1370.0,1192.7918051671459,177.20819483285413
217163,1895.0,1171.9680337839409,723.0319662160591
217300,1145.0,1183.5888413531852,-38.58884135318522
217385,977.0,1266.7002133458868,-289.7002133458868
217404,1166.0,1069.127779945699,96.8722200543009
217486,1476.0,1214.4412876970405,261.5587123029595
217563,1190.0,1162.4484085234599,27.551591476540125
217634,850.0,1149.8964579721353,-299.8964579721353
217658,1422.0,1118.5125149161563,303.4874850838437
217680,1740.0,1233.898764059616,506.10123594038396
217711,1133.0,968.3488026767733,164.6511973232267
217744,550.0,671.4431612388815,-121.44316123888154
217795,1220.0,1294.2801906119541,-74.28019061195414
217980,1086.0,1157.3261374226806,-71.32613742268063
218111,1499.0,1181.768591323728,317.23140867627194
218426,1105.0,1290.7316988000052,-185.73169880000523
218465,750.0,765.8083665495568,-15.808366549556808
218657,1100.0,1137.3870787762673,-37.387078776267344
218676,1460.0,1294.7849272040587,165.2150727959413
218815,1130.0,1123.689940234123,6.310059765876986
218868,1315.0,1107.8173242404919,207.18267575950813
218946,1270.0,1175.52031966295,94.47968033705001
218951,1240.0,1177.853965019276,62.146034980723925
219046,1015.0,982.4892941741243,32.510705825875675
219066,510.0,689.890216145494,-179.89021614549404
219110,1252.0,1090.288003785335,161.71199621466508
219193,1215.0,1195.760698339726,19.239301660273895
219210,1260.0,1347.3852147809303,-87.38521478093026
219501,898.0,700.8265025190151,197.1734974809849
219506,1280.0,1272.2964091205442,7.70359087945576
219731,755.0,703.7117315288725,51.28826847112748
219858,840.0,683.2274131539799,156.7725868460201
220040,1260.0,1308.6807157998478,-48.6807157998478
220105,1200.0,1147.867006314977,52.13299368502294
220122,797.0,674.9430277061615,122.0569722938385
220145,620.0,656.2303605444154,-36.23036054441536
220151,1090.0,1276.3837794812232,-186.3837794812232
220329,1335.0,1135.0859251348197,199.91407486518028
220333,1250.0,1117.499290121342,132.50070987865797
220336,866.0,917.0901384764323,-51.090138476432344
220391,700.0,707.4150175944245,-7.415017594424512
220473,1000.0,1069.1994213373632,-69.19942133736322
220541,900.0,1010.1866889025562,-110.18668890255617
220551,1135.0,1210.4776629183084,-75.4776629183084
220565,1090.0,1057.277893617878,32.72210638212209
220825,1245.0,1056.8226937205402,188.1773062794598
220891,1040.0,1194.6129761904767,-154.61297619047673
220903,1200.0,1256.556709901814,-56.556709901813974
220988,1470.0,1331.7820907300663,138.21790926993367
221002,900.0,1025.3921086331306,-125.39210863313065
221084,1246.0,1153.983839584266,92.01616041573402
221115,505.0,726.2676696684337,-221.26766966843365
221132,1040.0,1156.6085401299888,-116.6085401299888
221224,1110.0,1076.4956237460556,33.50437625394443
221303,1140.0,1393.9803412004223,-253.98034120042234
221381,988.0,1010.6424007636178,-22.642400763617843
221514,1160.0,1174.6176225030706,-14.617622503070606
221549,1790.0,1107.635446786469,682.364553213531
221697,1179.0,937.8024316827402,241.19756831725977
222054,1120.0,1218.5565158253414,-98.55651582534142
222099,900.0,997.7390828237466,-97.73908282374657
222240,1180.0,1086.8609840542492,93.13901594575077
222251,1240.0,1077.8523398674076,162.14766013259236
222279,856.0,1044.4713604268359,-188.47136042683587
222346,1375.0,1255.4199395465923,119.58006045340767
222485,1165.0,1211.697439772142,-46.697439772141934
222710,1220.0,1144.4075619631444,75.59243803685558
222829,1165.0,1079.053903361786,85.94609663821393
222867,970.0,1030.758935567197,-60.75893556719711
222951,1030.0,1099.9630881830903,-69.96308818309035
223034,556.0,601.465325872895,-45.46532587289505
223223,890.0,838.2488676257193,51.7511323742807
223231,1057.0,1241.1442687549727,-184.1442687549727
223232,1385.0,1366.5761167481028,18.423883251897223
223352,1378.0,1203.0065317460314,174.99346825396856
223413,646.0,686.7867642434011,-40.78676424340108
223472,1275.0,1098.4294426158267,176.5705573841733
223483,1091.0,1018.665560635232,72.33443936476795
223567,640.0,627.5677534709537,12.432246529046324
223774,895.0,737.8769922567924,157.1230077432076
223787,1226.0,1125.6205039943993,100.37949600560069
223887,1041.0,916.5740308912126,124.4259691087874
223916,1020.0,1185.2957982426194,-165.2957982426194
223997,1080.0,1241.758639671601,-161.75863967160103
224063,1085.0,1187.5093062249532,-102.5093062249532
224127,1095.0,1170.1607758952284,-75.16077589522843
224337,1065.0,1005.7144164837121,59.28558351628794
224359,950.0,984.2022548303064,-34.2022548303064
224408,1080.0,1164.2453878021122,-84.24538780211219
224574,580.0,585.4721054984939,-5.472105498493875
224582,700.0,728.4956022953897,-28.495602295389745
224704,1200.0,989.3544188915218,210.64558110847815
224720,1043.0,1006.4190561779902,36.58094382200977
224857,1125.0,1118.045640565518,6.954359434482058
224877,1323.0,1274.5286857605654,48.471314239434605
224878,1020.0,1135.2762276784401,-115.27622767844014
224899,1102.0,1104.8242966430635,-2.8242966430634624
225011,645.0,721.1462006795413,-76.14620067954127
225118,1170.0,1184.0981834814318,-14.09818348143176
225189,1230.0,1260.4709918838182,-30.470991883818215
225216,889.0,1162.5734086972836,-273.57340869728364
225286,987.0,555.2175899744784,431.7824100255216
225335,1080.0,1161.782063056023,-81.78206305602293
225411,1105.0,1273.8243491395056,-168.82434913950556
225509,1400.0,1101.6242005826011,298.37579941739887
225588,1510.0,1156.7864537873493,353.2135462126507
225658,1460.0,1301.1742321181173,158.8257678818827
225673,1420.0,1219.948612408226,200.05138759177407
225717,1100.0,1215.7155787524762,-115.71557875247618
225761,1307.0,1123.6121357887002,183.38786421129976
225789,1096.0,999.5153397630803,96.4846602369197
225816,1091.0,1157.3563093770922,-66.3563093770922
225896,1145.0,1303.9139755362237,-158.9139755362237
225937,577.0,724.2832230770728,-147.28322307707276
225960,1545.0,1324.8985726014491,220.10142739855087
226089,1105.0,1092.6581304987294,12.341869501270594
226122,1180.0,1236.333774168919,-56.333774168919035
226143,1125.0,1309.4233763226914,-184.4233763226914
226152,730.0,751.9576830652313,-21.957683065231322
226164,470.0,784.0953351172292,-314.0953351172292
226177,1256.0,1138.7465523013054,117.25344769869457
226213,1250.0,1192.044511101174,57.955488898825934
226223,1375.0,1176.6206083670784,198.37939163292162
226225,1325.0,1258.5339622908648,66.46603770913521
226229,1112.0,964.194712585051,147.80528741494902
226259,1050.0,1104.5429140460003,-54.542914046000305
226271,727.0,680.5417562206471,46.45824377935287
226286,455.0,654.3691198928054,-199.36911989280543
226298,661.0,1080.6190491724485,-419.6190491724485
226482,880.0,674.9671032582822,205.03289674171776
226528,672.0,605.1380318049053,66.86196819509473
226647,755.0,633.7236420804435,121.27635791955652
226657,1587.0,1268.1840119047617,318.81598809523825
226674,950.0,870.1030455353872,79.8969544646128
226681,1340.0,1226.5994225065417,113.40057749345829
226690,1335.0,1181.6720746323997,153.3279253676003
226754,1250.0,1166.021113780914,83.97888621908601
226809,670.0,653.3185622443822,16.68143775561782
226873,1470.0,1319.9744856134182,150.0255143865818
226999,1190.0,1229.0035222043246,-39.003522204324554
227024,1245.0,1237.4829508070693,7.517049192930699
227065,1105.0,1023.0589939485519,81.94100605144808
227079,1190.0,1224.1683395946084,-34.16833959460837
227086,738.0,878.1036033953136,-140.1036033953136
227207,1580.0,1189.5196696505254,390.48033034947457
227220,1210.0,1204.466812216861,5.533187783139056
227266,1135.0,983.5363281277752,151.46367187222484
227290,1014.0,1129.689912591826,-115.68991259182599
227466,1060.0,1084.2096419633904,-24.209641963390368
227468,1014.0,1003.383479186633,10.616520813366947
227491,1290.0,1218.3733806044174,71.62661939558257
227498,638.0,636.6537293382211,1.3462706617789308
227617,1168.0,1100.6674701097932,67.33252989020684
227671,1330.0,1115.3496965438444,214.6503034561556
227680,1168.0,1091.599329540778,76.40067045922206
227706,1220.0,1326.552998525868,-106.5529985258679
227743,870.0,757.1653288041896,112.83467119581042
227772,804.0,1057.4225829938039,-253.42258299380387
227826,1100.0,1178.0080717601268,-78.00807176012677
227846,720.0,619.8870850648754,100.11291493512465
227902,904.0,899.36167122218,4.638328777819993
228018,816.0,917.7619430592757,-101.76194305927572
228077,885.0,884.6766161894953,0.3233838105046516
228092,1217.0,1158.518091928113,58.48190807188689
228158,1317.0,1130.4074240399107,186.59257596008933
228163,672.0,636.5414079746977,35.45859202530232
228165,1000.0,1046.5672284911598,-46.56722849115977
228169,1060.0,1456.7196231322682,-396.7196231322682
228250,696.0,620.4114132150029,75.58858678499712
228296,535.0,656.1594407145049,-121.15944071450485
228322,950.0,979.8762655543026,-29.876265554302563
228339,1130.0,1245.227776430215,-115.22777643021504
228526,1180.0,1197.4190159854384,-17.419015985438364
228601,1069.0,1112.1715090183422,-43.17150901834225
228609,1280.0,1179.566934415881,100.43306558411905
228617,1268.0,1103.492925330883,164.50707466911695
228633,1087.0,1186.19371034355,-99.19371034355004
228768,580.0,735.4853169944819,-155.48531699448188
228918,1680.0,1248.9339465618978,431.06605343810224
228944,1135.0,1311.1196181566852,-176.1196181566852
228947,650.0,704.598578887359,-54.598578887359054
229092,1085.0,900.0172569213897,184.98274307861027
229103,710.0,558.1766266624186,151.82337333758142
229186,1245.0,1111.7102752877947,133.28972471220527
229262,1032.0,982.2861894754359,49.71381052456411
229288,779.0,728.3019187731522,50.69808122684776
229392,1155.0,1119.290456021442,35.70954397855803
229398,860.0,949.9937328588638,-89.99373285886384
229482,830.0,1211.6477682295763,-381.6477682295763
229496,1075.0,1008.8721931663142,66.12780683368578
229701,680.0,679.8897471110895,0.11025288891050877
229796,660.0,677.3537758784346,-17.35377587843459
229833,1179.0,1059.4073512195885,119.59264878041154
229841,820.0,1028.630361054075,-208.6303610540749
229844,746.0,747.6266718873107,-1.6266718873107493
230036,1230.0,1177.3932116293608,52.60678837063915
230043,611.0,1326.939001234296,-715.939001234296
230044,957.0,930.9037424592973,26.09625754070271
230045,1036.0,1186.3864517204813,-150.38645172048132
230189,793.0,1088.0003991327858,-295.0003991327858
230217,995.0,912.0454156798769,82.9545843201231
230235,725.0,627.8705848664282,97.1294151335718
230266,950.0,1226.611430133817,-276.61143013381707
230307,890.0,977.4912629532682,-87.49126295326823
230408,1200.0,1223.5194978760187,-23.519497876018704
230424,1015.0,1154.8060721703482,-139.80607217034822
230450,629.0,698.1217164079676,-69.1217164079676
230540,1070.0,1204.7720763086074,-134.77207630860744
230573,838.0,872.4565878356653,-34.456587835665346
230596,1430.0,1272.7730411737434,157.22695882625658
230697,1155.0,1219.2025063801848,-64.20250638018479
230739,1202.0,1094.6527475714036,107.34725242859645
230774,1190.0,1244.4808516610522,-54.48085166105216
230791,630.0,636.6562006819396,-6.656200681939595
230803,1060.0,1199.4246179912357,-139.42461799123566
230833,605.0,698.5493734209714,-93.54937342097139
230903,1265.0,1210.6853186898147,54.31468131018528
230925,1285.0,1203.3670949298414,81.63290507015859
230950,1345.0,1249.1575604995412,95.8424395004588
230991,1400.0,1278.1144768234458,121.88552317655422
231036,1080.0,1297.4334346943224,-217.4334346943224
231037,750.0,740.1464013759378,9.853598624062215
231056,1230.0,1099.1660916235103,130.83390837648972
231158,1155.0,985.7486664588357,169.25133354116429
231339,1250.0,1036.366624769222,213.63337523077803
231358,1030.0,1179.155534226632,-149.15553422663197
231409,1290.0,1265.6627637883964,24.337236211603567
231459,1300.0,1196.3458288344007,103.65417116559934
231515,765.0,762.4660829448444,2.533917055155598
231526,513.0,622.9077983858488,-109.90779838584876
231572,1225.0,1031.7222652390967,193.2777347609033
231581,767.0,727.2353445087266,39.7646554912734
231618,1155.0,1276.2635401030252,-121.2635401030252
231691,1205.0,1048.0213175719744,156.97868242802565
231828,1135.0,1094.7484980476474,40.251501952352555
231835,1210.0,1234.2245729395895,-24.224572939589507
231858,1025.0,1022.0224753017224,2.977524698277648
231978,1420.0,1343.9835409236405,76.01645907635952
232120,1105.0,1155.498289049803,-50.49828904980291
232145,1050.0,924.8872379008433,125.11276209915673
232182,981.0,1039.42891835591,-58.4289183559099
232193,1351.0,1276.4218151623072,74.57818483769279
232199,1045.0,1059.9230655117208,-14.923065511720779
232210,926.0,996.6979400451842,-70.69794004518417
232226,956.0,596.8012446187322,359.1987553812678
232349,691.0,718.6392217043311,-27.639221704331135
232404,1165.0,1084.16495055608,80.83504944392007
232455,1285.0,1283.638764092319,1.3612359076810208
232475,1260.0,1266.4317028218804,-6.431702821880435
232497,959.0,961.9992487168496,-2.9992487168495927
232570,1117.0,1163.0972436869447,-46.097243686944694
232603,1285.0,1233.216868481714,51.78313151828593
232658,1185.0,1189.4145913166533,-4.414591316653286
232690,1250.0,1341.7550743731808,-91.75507437318083
232712,1270.0,1214.8007746480687,55.19922535193132
232730,878.0,965.9628780038647,-87.96287800386472
232763,930.0,1041.0422666630172,-111.04226666301724
232789,1026.0,982.3696647433184,43.63033525668163
232790,1084.0,1087.6671662791323,-3.6671662791322888
232805,740.0,756.7707442406606,-16.770744240660633
232826,1515.0,1283.8063936922886,231.19360630771143
232830,1255.0,1296.8401564643832,-41.8401564643832
232867,705.0,690.1118848710754,14.888115128924596
232870,1330.0,1190.9540217968506,139.0459782031494
232946,1130.0,1268.223365677407,-138.22336567740695
232968,1310.0,1266.0915591357154,43.90844086428456
232986,1080.0,1119.3848369667141,-39.38483696671415
233026,788.0,757.00458994709,30.99541005290996
233098,830.0,639.0456546429389,190.95434535706113
233119,1136.0,1141.1853740154654,-5.185374015465413
233212,1415.0,1313.4364287194587,101.56357128054128
233218,1035.0,1025.005713810736,9.994286189263903
233268,1120.0,954.9736605422148,165.02633945778518
233285,1045.0,1147.3390657608404,-102.33906576084041
233399,965.0,929.3980084945201,35.60199150547987
233445,1130.0,1209.3034917676214,-79.30349176762138
233497,1215.0,1274.8803711911285,-59.88037119112846
233505,1058.0,1270.7679603636398,-212.76796036363976
233508,1040.0,1015.827440299813,24.17255970018698
233536,1590.0,1355.6573284575347,234.34267154246527
233542,1125.0,1086.3228945888266,38.67710541117344
233574,1090.0,1186.252142519464,-96.25214251946409
233585,912.0,901.6475587370882,10.352441262911839
233619,1070.0,992.3156825764144,77.68431742358564
233631,1370.0,1313.7878212460407,56.21217875395928
233661,820.0,1173.732293876271,-353.7322938762709
233674,1180.0,1317.5593271609926,-137.55932716099255
233758,900.0,1059.6688740110449,-159.66887401104486
233769,1865.0,1199.0240515211892,665.9759484788108
233780,1335.0,1141.4855668121004,193.5144331878996
233816,771.0,977.2304129810666,-206.2304129810666
233828,1224.0,1201.6368438416764,22.36315615832359
233831,1340.0,1127.3200125811597,212.67998741884026
233849,1170.0,1231.8276135290723,-61.82761352907232
233855,1312.0,1339.8364642857136,-27.836464285713646
233901,1495.0,1240.7182841802567,254.28171581974334
233911,1310.0,1188.49145120253,121.50854879746998
233926,849.0,758.0549608864902,90.94503911350978
233959,935.0,750.5443810008319,184.4556189991681
233972,1115.0,1020.5102174122178,94.4897825877822
233996,755.0,676.5337350158104,78.46626498418959
234004,1170.0,1221.9459068131234,-51.94590681312343
234057,793.0,771.8492237426958,21.150776257304187
234089,700.0,730.4794182882122,-30.479418288212173
234111,1195.0,1237.759430903364,-42.75943090336409
234137,1170.0,1153.3580545491961,16.64194545080386
234147,882.0,688.0999585595727,193.90004144042734
234155,780.0,771.0937562694535,8.906243730546521
234162,1105.0,1080.7260556459685,24.273944354031528
234179,1144.0,1228.9261335838203,-84.92613358382027
234206,755.0,653.6047090289376,101.39529097106242
234266,1228.0,1130.2003235907346,97.79967640926543
234291,610.0,692.2677183237746,-82.2677183237746
234292,1290.0,1292.0827805440426,-2.0827805440426346
234296,905.0,1104.0790878648027,-199.07908786480266
234303,1430.0,1245.889432402923,184.11056759707708
234312,765.0,759.4336300721347,5.566369927865253
234319,1245.0,1142.1835075969498,102.81649240305023
234341,1295.0,1108.308602843602,186.6913971563979
234350,930.0,1068.5635904932994,-138.56359049329944
234386,1250.0,1151.3948052841447,98.6051947158553
234422,1312.0,1287.7915946075934,24.208405392406576
234432,1290.0,963.8887156084653,326.1112843915347
234449,1455.0,1244.4573057830291,210.54269421697086
234452,1201.0,1240.3222207306549,-39.32222073065486
234490,1255.0,1267.2301525284215,-12.230152528421513
234514,1087.0,1225.8105735661816,-138.81057356618157
234548,1135.0,1194.2354627725128,-59.23546277251285
234564,999.0,915.9784559156907,83.02154408430931
234613,1075.0,1265.0025796574835,-190.00257965748347
234622,1130.0,1228.8150727645254,-98.81507276452544
234632,1745.0,1235.1328264279591,509.8671735720409
234660,884.0,821.0702539831755,62.92974601682454
234771,750.0,1004.7500199875951,-254.75001998759512
234782,585.0,609.4284326135692,-24.428432613569157
234796,695.0,806.5792572687517,-111.57925726875169
234805,1295.0,1284.6430384744685,10.35696152553146
234819,1182.0,1218.9009429847827,-36.90094298478266
234840,1155.0,1046.3338186547173,108.66618134528267
234898,1411.0,1235.2737433809868,175.72625661901316
234931,1036.0,1198.4061422620427,-162.40614226204275
234949,585.0,565.564819203156,19.43518079684395
234960,754.0,658.5297097996458,95.47029020035416
234992,585.0,662.4512657482159,-77.45126574821586
235003,725.0,685.2392371692572,39.760762830742806
235004,715.0,754.4460349632667,-39.4460349632667
235018,910.0,987.6681975639183,-77.66819756391828
235026,1135.0,1294.023160185794,-159.02316018579404
235032,1170.0,1150.5716132606185,19.428386739381494
235054,825.0,777.8052435127478,47.19475648725222
235056,810.0,868.7651066670675,-58.76510666706747
235075,690.0,716.2117739197596,-26.211773919759594
235091,1250.0,1222.5190948866993,27.48090511330065
235105,670.0,680.3011434189269,-10.301143418926927
235136,785.0,777.2983693690439,7.7016306309560605
235145,1183.0,1197.468967399918,-14.468967399918029
235200,1225.0,1180.4205694810696,44.579430518930394
235207,1150.0,1262.9850295551146,-112.98502955511458
235215,1543.0,1327.8976640283797,215.10233597162028
235225,1600.0,1078.9624174760509,521.0375825239491
235255,573.0,619.8221225711065,-46.82212257110655
235331,1030.0,881.7542486108077,148.24575138919226
235377,900.0,1153.0967331153952,-253.09673311539518
235438,1047.0,1170.9088607548447,-123.90886075484468
235539,850.0,682.6412819995977,167.3587180004023
235550,1100.0,1076.0931453054463,23.906854694553658
235580,970.0,1094.9373954299795,-124.93739542997946
235599,915.0,1162.7511158683142,-247.75111586831417
235606,1080.0,1046.395970745549,33.60402925445101
235618,910.0,1219.245309002848,-309.245309002848
235626,1307.0,1192.3321566908091,114.66784330919086
235652,1465.0,1197.5352534732422,267.46474652675784
235712,1222.0,1143.619928369838,78.38007163016209
235717,780.0,866.2785286647992,-86.27852866479918
235718,1185.0,1146.0428862029703,38.957113797029706
235786,745.0,645.2818226995452,99.71817730045484
235837,1052.0,1033.932853936158,18.067146063842074
235889,1090.0,1167.7788141068422,-77.77881410684222
235890,1165.0,1057.8966951665034,107.10330483349662
235892,750.0,1030.4769648320619,-280.47696483206187
235931,522.0,658.3149561263926,-136.31495612639264
235953,1124.0,1079.458016155929,44.541983844070955
236013,1136.0,1194.1259289538586,-58.12592895385865
236016,880.0,742.4863817675562,137.51361823244383
236053,1000.0,1038.5473238926807,-38.54732389268065
236085,1284.0,1246.1720758251415,37.82792417485848
236097,455.0,567.9642290572096,-112.96422905720965
236115,793.0,727.6482875676342,65.35171243236584
236138,890.0,1085.2374616328605,-195.23746163286046
236148,1050.0,1105.2189764317006,-55.21897643170064
236149,710.0,711.2465213147412,-1.2465213147412442
236161,1155.0,1051.6665793194625,103.33342068053753
236170,860.0,1236.8238470396068,-376.8238470396068
236185,1223.0,1217.8661684433075,5.133831556692485
236191,1009.0,1196.416560948332,-187.41656094833206
236218,1125.0,1164.155793372001,-39.15579337200097
236233,875.0,1071.829729650461,-196.8297296504611
236265,760.0,656.7738414388654,103.22615856113464
236323,830.0,957.0512620499171,-127.05126204991711
236351,980.0,1299.4441990557814,-319.4441990557814
236361,1160.0,1164.6806050533542,-4.6806050533541566
236370,1210.0,1208.1664468193756,1.833553180624449
236386,1160.0,1106.05442624621,53.945573753790086
236402,725.0,703.8208405940462,21.179159405953783
236413,734.0,691.5258428046857,42.47415719531432
236421,1037.0,1045.9339732713477,-8.933973271347668
236423,687.0,736.29362499253,-49.29362499253
236430,959.0,1043.9160549416456,-84.9160549416456
236432,1019.0,953.7991766496592,65.20082335034078
236461,1005.0,874.2145248776799,130.78547512232012
236483,1047.0,1210.1530470539885,-163.15304705398853
236495,935.0,969.2670893835492,-34.267089383549205
236507,1169.0,1247.4678603390064,-78.46786033900639
236572,761.0,699.7360330005516,61.26396699944837
236601,985.0,1007.5583958785955,-22.558395878595547
236694,1240.0,1222.0956333666486,17.9043666333514
236729,1300.0,1164.540085653365,135.45991434663506
236817,882.0,1017.8588160345411,-135.85881603454106
236850,1045.0,1150.1398577672333,-105.13985776723325
236856,1320.0,1187.2324967400348,132.76750325996522
236871,815.0,759.0281983504177,55.97180164958229
236909,1030.0,1058.9600301326095,-28.960030132609518
236915,650.0,1082.6891708993885,-432.6891708993885
236948,960.0,900.0132759386189,59.986724061381096
236970,964.0,1115.2671713290226,-151.26717132902263
237033,716.0,752.4954870066068,-36.49548700660682
237051,820.0,642.6854242155522,177.3145757844478
237075,624.0,649.1025523039009,-25.102552303900893
237106,1130.0,1259.2940336511206,-129.29403365112057
237133,820.0,711.9967227302342,108.00327726976582
237136,1400.0,1169.684910979453,230.31508902054702
237157,820.0,744.0192453419073,75.98075465809268
237173,795.0,700.0934909792858,94.90650902071422
237174,705.0,711.2039528185778,-6.203952818577818
237199,1107.0,1132.511956188159,-25.511956188159047
237263,1050.0,1110.5657652392683,-60.56576523926833
237266,850.0,1155.181859838637,-305.1818598386369
237285,1195.0,1139.2722465346399,55.72775346536014
237293,1285.0,1196.4425693992878,88.55743060071222
237313,980.0,1194.868102675567,-214.8681026755669
237322,1234.0,1181.328617993763,52.67138200623708
237391,760.0,745.5663316520482,14.433668347951766
237428,865.0,863.8652143319929,1.1347856680071118
237434,605.0,602.6181185951801,2.3818814048198647
237441,950.0,1093.0672339071964,-143.0672339071964
237442,957.0,1120.9517458575885,-163.95174585758855
237526,775.0,1101.1787612221065,-326.17876122210646
237543,1165.0,1241.4904834074844,-76.49048340748436
237545,1045.0,1109.61381888783,-64.6138188878299
237547,1030.0,1082.7667848105057,-52.76678481050567
237550,944.0,944.1287852462375,-0.12878524623749854
237551,803.0,677.8109274233988,125.18907257660123
237555,1035.0,1054.503610837888,-19.50361083788789
237559,1025.0,1077.2525893445961,-52.25258934459612
237580,1265.0,1232.186578826821,32.813421173178995
237584,1375.0,1250.4721276132286,124.52787238677138
237625,800.0,786.1918963821057,13.80810361789429
237653,1055.0,1238.407978693896,-183.40797869389598
237661,1090.0,984.9278342073577,105.0721657926423
237669,1340.0,1236.7313754916215,103.26862450837848
237735,1380.0,1168.9614537513878,211.0385462486122
237775,605.0,644.2106793343672,-39.21067933436723
237778,555.0,739.4214927602294,-184.4214927602294
237814,510.0,654.7557520925367,-144.75575209253668
237846,1150.0,1081.0139760960506,68.98602390394944
237856,1330.0,1279.0339062863634,50.96609371363661
237879,685.0,662.836649935186,22.16335006481404
237886,1090.0,1185.3294574488975,-95.32945744889753
237896,805.0,687.2032386095559,117.79676139044409
237897,990.0,1309.079489595381,-319.0794895953809
237903,645.0,605.4866335714661,39.513366428533914
237916,1061.0,1145.604343823806,-84.60434382380595
237925,1050.0,1151.447207974082,-101.44720797408195
237934,980.0,1178.7182744603572,-198.71827446035718
237946,1295.0,982.8418969710457,312.1581030289543
237956,1380.0,1324.1649057510401,55.83509424895988
237958,1015.0,1130.1436531090803,-115.14365310908033
238009,1091.0,907.3282760458106,183.67172395418936
238059,555.0,632.9230920023933,-77.92309200239333
238105,845.0,901.4309912373108,-56.430991237310764
238144,1356.0,1296.919886607965,59.080113392034946
238157,745.0,657.828885577213,87.17111442278701
238171,1274.0,1182.2340899234566,91.76591007654338
238195,1260.0,1182.0374413765428,77.9625586234572
238208,1090.0,761.987932936523,328.01206706347705
238215,1395.0,1175.6999801330767,219.30001986692332
238220,980.0,1002.3705092337541,-22.370509233754092
238234,1300.0,1180.8424001610754,119.15759983892463
238262,995.0,1142.4693550240618,-147.46935502406177
238279,970.0,1199.435797285498,-229.43579728549798
238295,1490.0,1304.8969710361237,185.10302896387634
238324,1290.0,1163.3506583046697,126.64934169533035
238332,605.0,727.4294736428302,-122.4294736428302
238352,585.0,698.5020057816241,-113.50200578162412
238360,645.0,732.8723703562357,-87.8723703562357
238371,900.0,729.9202081815345,170.07979181846554
238372,985.0,745.1138493672669,239.88615063273312
238412,885.0,757.1950295780539,127.80497042194611
238442,650.0,707.761373755735,-57.76137375573501
238453,845.0,786.8555600130828,58.14443998691718
238476,770.0,814.947691306779,-44.94769130677901
238489,1260.0,1287.2140955569446,-27.214095556944585
238495,1091.0,1191.0460512504255,-100.04605125042553
238501,680.0,638.463246829104,41.53675317089596
238514,1102.0,1257.2495895171548,-155.24958951715485
238515,985.0,1095.6968990233656,-110.69689902336563
238541,793.0,696.5298893073702,96.47011069262976
238637,1310.0,1341.783813202089,-31.78381320208905
238671,930.0,753.7366137289181,176.2633862710819
238692,1126.0,1245.9234674001464,-119.92346740014636
238706,440.0,559.7800987144832,-119.78009871448319
238773,805.0,742.3607168070658,62.63928319293416
238799,795.0,711.011451451104,83.988548548896
238805,1200.0,1183.6311093480151,16.368890651984884
238835,940.0,1182.1875305634933,-242.18753056349328
238842,1130.0,1241.0992424764272,-111.09924247642721
238846,1485.0,1384.5289452842521,100.47105471574787
238854,1295.0,1192.672001629835,102.327998370165
238860,212.0,648.6417714320229,-436.6417714320229
238871,601.0,624.2614933977334,-23.261493397733375
238899,758.0,797.8300783822292,-39.8300783822292
238902,1530.0,1243.321793889407,286.678206110593
238914,945.0,646.4700953496314,298.5299046503686
238917,914.0,917.4844787423866,-3.4844787423866137
238948,745.0,679.050364315511,65.94963568448895
238964,1345.0,978.078719374736,366.921280625264
238966,1184.0,1060.7997050134413,123.20029498655867
238993,1124.0,1094.7484980476474,29.251501952352555
239006,1346.0,1212.78415298933,133.2158470106699
239023,1495.0,1059.6411355301898,435.3588644698102
239059,945.0,1079.9346798956235,-134.9346798956235
239086,1130.0,1082.1375974531343,47.862402546865724
239100,570.0,768.2040878103479,-198.20408781034791
239129,1180.0,1019.812906226001,160.18709377399898
239139,780.0,682.6173515962852,97.38264840371482
239142,760.0,667.5436581013682,92.45634189863176
239146,1210.0,1187.823515462351,22.176484537649003
239157,605.0,688.7878215983599,-83.78782159835987
239174,1305.0,1168.7625009939354,136.23749900606458
239242,1335.0,1206.8800310643214,128.11996893567857
239257,1050.0,966.2783991901052,83.72160080989477
239302,820.0,1156.0475179205491,-336.0475179205491
239316,875.0,675.8262826980327,199.17371730196726
239353,1179.0,1125.8882660962358,53.11173390376416
239454,915.0,1087.768574621248,-172.76857462124804
239473,1020.0,1129.296091703286,-109.29609170328604
239475,1010.0,1127.600132787563,-117.6001327875631
239476,810.0,560.7429207780949,249.2570792219051
239479,720.0,637.8687482399026,82.13125176009737
239506,845.0,669.2162338880589,175.78376611194108
239512,1080.0,1102.358567534588,-22.35856753458802
239536,440.0,702.6465692662406,-262.6465692662406
239538,1245.0,1142.3291790814767,102.6708209185233
239542,705.0,658.9761776418533,46.02382235814673
239551,740.0,695.2488307303452,44.75116926965484
239556,1175.0,1245.8480851672468,-70.84808516724684
239570,725.0,719.9256293438146,5.074370656185351
239580,1165.0,1150.729608787908,14.270391212091909
239583,660.0,902.4432237329662,-242.4432237329662
239596,1069.0,1078.9340773791562,-9.934077379156179
239606,1260.0,1322.976207019584,-62.97620701958408
239611,675.0,688.6602261702108,-13.660226170210763
239624,775.0,1204.5545337856474,-429.55453378564744
239642,1135.0,1043.7317791521627,91.26822084783726
239645,510.0,628.9651642569762,-118.96516425697621
239672,720.0,576.5041687183445,143.49583128165546
239715,1320.0,1343.8766511371314,-23.876651137131375
239717,1240.0,1218.151214285573,21.848785714427095
239755,1420.0,1180.0602835540897,239.93971644591034
239758,1055.0,1118.6220190735971,-63.62201907359713
239817,988.0,1131.7613560280597,-143.7613560280597
239819,975.0,1248.148298698708,-273.148298698708
239848,945.0,1011.7505547036526,-66.7505547036526
239853,1455.0,1213.0915333628734,241.9084666371266
239902,605.0,603.9717352396731,1.0282647603269197
239932,1665.0,1312.7960272220437,352.2039727779563
239951,931.0,895.5441244059087,35.45587559409125
239978,1082.0,1196.8157172715812,-114.8157172715812
240012,685.0,737.0118272078313,-52.01182720783129
240015,1095.0,1100.523477807766,-5.523477807766085
240027,1150.0,1294.6335245223331,-144.63352452233312
240047,675.0,762.8723105070527,-87.8723105070527
240142,790.0,677.0188559496289,112.98114405037109
240182,730.0,673.4894547382453,56.510545261754714
240202,1050.0,1167.942435433398,-117.94243543339803
240206,1450.0,1102.5514681687393,347.44853183126065
240223,1360.0,1181.2770185484155,178.72298145158447
240234,1160.0,1133.1897938185411,26.810206181458852
240245,715.0,749.4010037002157,-34.40100370021571
240247,1100.0,1235.6441874036605,-135.64418740366045
240256,805.0,705.8360811389274,99.1639188610726
240299,959.0,1247.904854004585,-288.9048540045851
240305,1100.0,1257.1714713322976,-157.17147133229764
240319,1430.0,1297.0518077658905,132.94819223410946
240322,695.0,690.611349486294,4.388650513706011
240332,905.0,1226.3297639443647,-321.3297639443647
240348,692.0,632.6978139230542,59.30218607694576
240363,862.0,1238.7731115345741,-376.7731115345741
240389,825.0,617.9654842381617,207.0345157618383
240426,1040.0,1208.636428131292,-168.63642813129195
240435,524.0,656.4749610014011,-132.47496100140108
240457,1355.0,1281.3120677999384,73.6879322000616
240459,635.0,545.0275950178147,89.97240498218525
240497,639.0,734.9759975318761,-95.97599753187615
240521,525.0,705.2245982465057,-180.2245982465057
240528,585.0,699.3210690119525,-114.32106901195255
240568,992.0,1005.9291179280757,-13.929117928075698
240588,981.0,881.2901603008831,99.70983969911686
240656,1040.0,1195.851407001708,-155.8514070017079
240661,1080.0,1061.8915374897986,18.108462510201434
240685,760.0,734.4946014161654,25.505398583834562
240706,1140.0,1205.2394585288837,-65.23945852888369
240717,683.0,677.1980158465403,5.801984153459671
240725,1150.0,1109.039453994699,40.96054600530101
240783,1150.0,1262.9051748452403,-112.90517484524025
240821,786.0,662.515342464778,123.48465753522203
240893,659.0,544.1668775287477,114.8331224712523
240919,577.0,711.7338352898377,-134.73383528983766
240948,1670.0,1275.6579556224349,394.3420443775651
241003,1385.0,1218.8865152628719,166.11348473712815
241070,645.0,686.5488651406941,-41.54886514069415
241112,550.0,683.065891005416,-133.065891005416
241124,1363.0,1075.0831951923897,287.91680480761033
241193,1125.0,1151.7739228258133,-26.773922825813315
241204,1130.0,1264.6069330564892,-134.6069330564892
241228,1014.0,1079.782432828553,-65.78243282855306
241230,855.0,699.0453182913587,155.95468170864126
241273,1246.0,1251.1616715772825,-5.161671577282505
241283,1057.0,934.4313460998292,122.56865390017083
241304,1055.0,1142.7774633224383,-87.77746332243828
241315,912.0,1228.6590878698967,-316.65908786989667
241322,1000.0,1366.8902745318708,-366.8902745318708
241369,1320.0,1358.9665105368958,-38.96651053689584
241383,670.0,910.9233704081128,-240.92337040811276
241391,1045.0,1012.2479913282941,32.75200867170588
241412,767.0,660.575192743691,106.42480725630901
241417,1165.0,1283.7277311458201,-118.72773114582014
241428,1036.0,967.6477699277606,68.35223007223942
241436,1520.0,1410.1507970295795,109.84920297042049
241459,645.0,726.270290259597,-81.270290259597
241473,920.0,670.6899168939087,249.31008310609127
241506,915.0,1005.4215017545813,-90.4215017545813
241603,1290.0,1206.0419330711902,83.95806692880979
241626,750.0,723.1804176140263,26.819582385973717
241635,1049.0,1312.265171761592,-263.265171761592
241642,1241.0,1186.274482432797,54.72551756720304
241654,1260.0,1175.7236294942113,84.27637050578869
241661,605.0,636.0119187010924,-31.01191870109244
241669,1190.0,1141.1322131750842,48.86778682491581
241692,851.0,598.7438137609566,252.25618623904336
241716,1185.0,1156.762037913432,28.237962086567904
241724,1300.0,1143.4978570923631,156.50214290763688
241763,1213.0,1144.40824035379,68.59175964621
241787,1365.0,1290.5430463128762,74.45695368712381
241802,560.0,682.9108392167316,-122.91083921673157
241865,1280.0,1142.705593186012,137.29440681398796
241872,955.0,1006.071658326751,-51.07165832675105
241880,1420.0,1305.8820116069692,114.11798839303083
241882,592.0,657.1871870655161,-65.18718706551613
241908,1135.0,1165.315282699284,-30.315282699283898
241924,745.0,610.7278230098716,134.2721769901284
241957,1060.0,1099.608035006361,-39.60803500636098
241963,1170.0,1188.2094838851415,-18.20948388514148
241972,1305.0,1316.5267263997546,-11.52672639975458
242002,694.0,674.2817819592964,19.71821804070362
242019,1301.0,1072.1219395297385,228.87806047026152
242029,1160.0,1315.7184507722438,-155.71845077224384
242080,1488.0,1183.944986652237,304.05501334776295
242124,1055.0,1020.9490587321175,34.050941267882536
242128,1245.0,1029.6245232659269,215.37547673407312
242136,805.0,709.8162235837501,95.18377641624988
242144,755.0,773.6745194714749,-18.674519471474923
242179,1035.0,1102.2171532790803,-67.21715327908032
242184,830.0,969.7899392723833,-139.78993927238332
242211,882.0,620.1937282202805,261.8062717797195
242255,1300.0,1092.0490344428363,207.95096555716373
242298,1140.0,1174.9133285601415,-34.91332856014151
242323,786.0,684.6908097155462,101.30919028445385
242334,1120.0,1245.9489583478105,-125.9489583478105
242365,981.0,1180.8524820336734,-199.85248203367337
242400,1001.0,1117.59194959198,-116.59194959197998
242419,1115.0,1070.4847750427302,44.515224957269766
242422,1135.0,1142.0610886243385,-7.061088624338481
242478,1136.0,1155.270566301788,-19.270566301787994
242493,1150.0,1036.4000649778602,113.59993502213979
242541,1225.0,1120.4531493983138,104.54685060168617
242590,950.0,1075.8953151782553,-125.89531517825526
242597,882.0,1058.5393536569761,-176.53935365697612
242652,1260.0,1099.0820368318182,160.9179631681818
242666,728.0,1056.6861879427918,-328.6861879427918
242686,1370.0,1314.1679613908436,55.83203860915637
242699,1071.0,1225.5082519017876,-154.50825190178762
242703,1045.0,1164.90337143672,-119.90337143671991
242716,1165.0,1113.9435170095212,51.0564829904788
242733,745.0,681.9095288477471,63.09047115225292
242747,715.0,691.841348089791,23.15865191020896
242781,695.0,830.99442188233,-135.99442188233002
242799,1290.0,1213.2453333845096,76.75466661549035
242812,543.0,784.5997535598352,-241.59975355983522
242871,1240.0,1033.3414160957507,206.65858390424933
242885,825.0,615.4551825290436,209.54481747095645
242983,710.0,694.4698140641939,15.530185935806117
243003,1030.0,1066.0686382825097,-36.06863828250971
243016,756.0,662.385119856761,93.61488014323902
243024,821.0,653.7570437793185,167.24295622068155
243041,700.0,692.6810440016073,7.318955998392653
243054,1355.0,1228.1341426139506,126.86585738604936
243058,830.0,757.4691791488,72.53082085120002
243068,929.0,1000.1047237010614,-71.1047237010614
243073,1405.0,1328.5123217383373,76.48767826166272
243166,1092.0,1026.8580187264545,65.14198127354553
243193,1535.0,1214.9579018527418,320.04209814725823
243204,694.0,714.8411063740294,-20.841106374029437
243209,1047.0,987.6816618316757,59.31833816832432
243235,535.0,682.3147757301022,-147.31477573010216
243236,925.0,1220.756484667552,-295.75648466755206
243240,1300.0,1037.6326661900314,262.3673338099686
243247,750.0,755.8228305979625,-5.822830597962479
243268,805.0,969.3551536562608,-164.35515365626077
243295,1320.0,1139.0195878653358,180.98041213466422
243312,1410.0,1322.7283459261412,87.27165407385883
243319,1270.0,1225.2950390026003,44.70496099739967
243334,808.0,846.0048174029116,-38.00481740291161
243406,1423.0,1115.9982323830848,307.00176761691523
243437,1200.0,1092.4761873439325,107.52381265606755
243456,720.0,689.6083842821648,30.39161571783518
243485,738.0,721.5944563729618,16.40554362703824
243487,695.0,645.7427725257116,49.25722747428836
243519,980.0,1081.964700318436,-101.96470031843592
243558,546.0,734.49324289444,-188.49324289443996
243615,750.0,619.3141623352748,130.68583766472523
243617,992.0,1089.4780306362304,-97.47803063623041
243659,535.0,663.6721206296322,-128.67212062963222
243663,1360.0,1140.5503690658293,219.44963093417073
243670,1200.0,1115.3330575681453,84.66694243185475
243708,1223.0,1175.97679989119,47.02320010880999
243763,769.0,945.7006509227454,-176.70065092274535
243799,1070.0,1104.4783608317096,-34.47836083170955
243855,1300.0,1191.9747023569444,108.02529764305564
243857,530.0,735.0625115088283,-205.06251150882827
243883,940.0,1216.1820594412925,-276.1820594412925
243943,1140.0,1179.6877208790902,-39.68772087909019
243946,575.0,592.954898638514,-17.95489863851401
243966,970.0,978.2817984642913,-8.281798464291342
243974,890.0,1012.4486329613021,-122.44863296130211
244008,1190.0,1047.1757104774026,142.82428952259738
244019,800.0,613.0375641918565,186.96243580814348
244022,555.0,668.1429230196173,-113.14292301961734
244030,710.0,758.3136265255082,-48.3136265255082
244057,1140.0,1312.6952102895423,-172.69521028954227
244070,500.0,636.2780470622944,-136.27804706229438
244072,1250.0,1298.0887029946894,-48.088702994689356
244134,627.0,626.8435127303779,0.15648726962206183
244151,1169.0,1168.4472522880724,0.5527477119276227
244204,513.0,652.2993118614927,-139.2993118614927
244212,1460.0,1259.6707486651912,200.32925133480876
244269,1047.0,1214.9263746305414,-167.92637463054143
244277,900.0,1115.354191867761,-215.35419186776107
244306,1085.0,1090.496233250904,-5.49623325090397
244389,715.0,698.9426901414615,16.057309858538474
244402,1245.0,1297.8000385747582,-52.80003857475822
244450,1085.0,1123.9687760813604,-38.968776081360375
244485,1470.0,1336.3930403586548,133.60695964134516
244504,1418.0,1038.0177646167683,379.9822353832317
244520,805.0,1148.143376881571,-343.14337688157093
244523,1365.0,1245.1481880635629,119.85181193643712
244531,1455.0,1167.188238156546,287.81176184345395
244568,1126.0,1111.790446576513,14.209553423487023
244597,955.0,1322.083835706089,-367.0838357060891
244626,1042.0,1221.3766136148324,-179.37661361483242
244698,1115.0,907.9938385321436,207.00616146785637
244713,706.0,692.6885760066043,13.311423993395692
244762,1145.0,1335.9766801182936,-190.97668011829364
244768,1125.0,1155.9206388388054,-30.920638838805417
244781,980.0,1078.928982690031,-98.92898269003103
244785,1315.0,1040.8175053395223,274.1824946604777
244789,755.0,718.1701432011207,36.82985679887929
244842,1105.0,1006.8133374854094,98.18666251459058
244855,585.0,564.8119701857338,20.1880298142662
244862,485.0,637.0363564091065,-152.03635640910647
244880,1605.0,1313.9729296804217,291.02707031957834
244917,1370.0,1257.8232931893388,112.17670681066124
244946,1570.0,1169.040920126623,400.95907987337705
244989,733.0,696.5781394279103,36.42186057208971
245004,1310.0,1162.2467292785457,147.75327072145433
245008,870.0,873.3297251729755,-3.329725172975486
245078,1475.0,1220.912673087143,254.08732691285695
245083,551.0,715.4290679143131,-164.42906791431312
245113,935.0,1019.418566095303,-84.41856609530305
245130,570.0,674.9774811178407,-104.97748111784074
245131,620.0,654.8868430584337,-34.88684305843367
245144,1130.0,1190.6149727909337,-60.614972790933734
245171,1005.0,1102.931889015301,-97.93188901530107
245189,855.0,696.9490828196379,158.05091718036215
245193,530.0,643.2462344332553,-113.24623443325527
245205,948.0,1241.5780694919117,-293.5780694919117
245209,660.0,655.8177679396549,4.182232060345086
245260,1460.0,1232.5915498572972,227.4084501427028
245271,1480.0,1312.7993142962036,167.20068570379635
245281,1090.0,912.4449360080853,177.55506399191472
245332,950.0,1090.6973640660087,-140.69736406600873
245336,1230.0,1155.9648540553094,74.03514594469061
245354,1150.0,1217.8205626471688,-67.8205626471688
245390,830.0,654.3317498833445,175.66825011665549
245392,1091.0,1262.6752265470454,-171.67522654704544
245432,1286.0,1082.9978814045837,203.00211859541628
245467,663.0,635.816162595946,27.183837404053975
245485,1105.0,987.154707939567,117.84529206043305
245501,1380.0,1312.3298676789582,67.67013232104182
245517,546.0,539.8840247783088,6.115975221691201
245522,930.0,992.3352591030645,-62.33525910306446
245553,1334.0,1116.1368873334206,217.86311266657935
245608,750.0,748.9113917718539,1.0886082281460858
245625,1610.0,1307.1886604177132,302.8113395822868
245628,800.0,752.6933823118561,47.30661768814389
245634,800.0,896.5452287197028,-96.54522871970278
245655,1270.0,1114.5108766179017,155.48912338209834
245672,1270.0,1298.4043319020716,-28.40433190207159
245694,501.0,541.0842843674833,-40.08428436748329
245704,740.0,574.3509295807492,165.64907041925085
245705,925.0,1061.129731253145,-136.1297312531451
245767,835.0,754.3474190453371,80.65258095466288
245783,785.0,682.9496913838608,102.0503086161392
245824,580.0,825.7116021156012,-245.71160211560118
245851,1145.0,1164.7803829547809,-19.780382954780862
245869,870.0,909.5072158745882,-39.507215874588155
245892,1050.0,1082.3026095097996,-32.302609509799595
245911,1160.0,981.3257971178745,178.67420288212554
245934,1315.0,1077.1739952893888,237.8260047106112
245967,585.0,687.2032386095559,-102.20323860955591
245981,920.0,674.2009781807644,245.79902181923558
246059,1240.0,1308.545538480673,-68.54553848067303
246065,1350.0,1318.0070451734255,31.992954826574532
246075,1290.0,1334.163608691485,-44.163608691485024
246099,1115.0,1286.5918614804932,-171.5918614804932
246142,766.0,1034.8696231854155,-268.86962318541555
246155,905.0,1072.9539597097353,-167.95395970973527
246183,980.0,1149.6574215232754,-169.6574215232754
246197,1480.0,1346.1250197908932,133.87498020910675
246199,1155.0,1288.19901607043,-133.19901607042993
246224,561.0,696.4182634062153,-135.41826340621526
246272,1155.0,1025.720663805017,129.279336194983
246289,545.0,760.9244760575803,-215.92447605758025
246334,1240.0,1116.733842930459,123.2661570695409
246335,715.0,646.7607997494038,68.23920025059624
246374,1290.0,1288.6774143061584,1.3225856938415745
246431,990.0,1053.9266503215197,-63.92665032151967
246437,950.0,736.7302844480389,213.2697155519611
246439,845.0,810.9033679138612,34.09663208613881
246460,832.0,605.9234071319758,226.07659286802425
246525,1495.0,1319.4088049389727,175.5911950610273
246547,880.0,739.0956114656657,140.90438853433432
246552,1370.0,1259.355647271842,110.64435272815808
246560,686.0,686.0051178151404,-0.005117815140351922
246605,485.0,639.5180819667662,-154.5180819667662
246619,940.0,1017.7379170412089,-77.7379170412089
246674,1350.0,1223.358865600051,126.6411343999489
246680,890.0,1265.5552571510834,-375.5552571510834
246727,1124.0,1001.504067460317,122.49593253968305
246760,970.0,1045.6559154313923,-75.65591543139226
246766,1210.0,1044.8483720934885,165.15162790651152
246772,893.0,1169.7955234494832,-276.7955234494832
246843,1173.0,1118.7007614824502,54.29923851754984
246875,535.0,667.3292814706122,-132.32928147061216
246907,685.0,572.6863594625036,112.31364053749644
246916,615.0,738.7348804859146,-123.73488048591457
246918,720.0,753.8176574823754,-33.81765748237535
246934,695.0,588.4286920640277,106.5713079359723
246971,660.0,628.0768899869386,31.923110013061432
246985,1274.0,1291.543301923478,-17.54330192347811
247046,1091.0,1116.7078134139958,-25.707813413995837
247047,1425.0,1328.231088172289,96.76891182771101
247055,948.0,949.5468082010585,-1.546808201058525
247060,845.0,723.2440869389887,121.75591306101126
247074,1090.0,1028.5859401858406,61.41405981415937
247081,760.0,939.3124610720744,-179.31246107207437
247085,992.0,900.6541997708231,91.34580022917692
247101,1047.0,880.4979262524436,166.50207374755644
247131,950.0,1081.055928237041,-131.05592823704092
247145,1170.0,1323.4499468278618,-153.44994682786182
247151,685.0,743.9085861331267,-58.90858613312673
247155,665.0,919.9249625855292,-254.92496258552922
247201,1142.0,1128.2465891749268,13.75341082507316
247205,834.0,704.9616367362084,129.03836326379155
247226,1147.0,1129.3745816867413,17.625418313258706
247273,711.0,707.4662836321842,3.5337163678158277
247282,1091.0,1115.9982323830848,-24.99823238308477
247361,979.0,916.4653896556896,62.53461034431041
247494,1045.0,987.00276996103,57.997230038969974
247514,948.0,948.4151739086042,-0.41517390860417436
247517,882.0,998.0498149166343,-116.04981491663432
247538,1400.0,1082.8268684023967,317.1731315976033
247551,1070.0,1074.309936833453,-4.309936833453094
247557,1257.0,1091.2723738343277,165.7276261656723
247574,1270.0,1071.9493222018634,198.05067779813658
247601,660.0,691.5078234180723,-31.50782341807235
247624,1080.0,1175.8320311037091,-95.83203110370914
247639,1081.0,1049.6324414547842,31.367558545215843
247645,745.0,769.3555986651334,-24.355598665133357
247712,1301.0,1266.9411323560046,34.05886764399543
247715,634.0,583.7486265229495,50.25137347705049
247718,1080.0,1025.311117198693,54.688882801307045
247745,1108.0,1079.4666956004066,28.533304399593362
247785,1091.0,1208.0158936706237,-117.01589367062365
247793,1389.0,1108.9279249567523,280.07207504324765
247830,1230.0,1060.4002104298922,169.59978957010776
247840,1047.0,1054.5324997608272,-7.53249976082725
247849,846.0,1204.8280350505663,-358.8280350505663
247914,1120.0,1216.2425430891935,-96.24254308919353
247951,1221.0,1299.1380857340694,-78.13808573406936
248015,1289.0,1094.006015130601,194.9939848693989
248017,1010.0,1135.8915380080985,-125.89153800809845
248039,815.0,710.2205134994483,104.77948650055168
248047,670.0,699.9074084989849,-29.907408498984864
248055,975.0,1186.7557712933462,-211.75577129334624
248056,1131.0,1293.262780222629,-162.2627802226291
248110,1328.0,1052.2549951124477,275.74500488755234
248158,992.0,999.8142663764107,-7.814266376410728
248173,701.0,662.3947403074811,38.60525969251887
248257,1147.0,930.7301298612292,216.26987013877078
248265,1014.0,1078.4304565866698,-64.43045658666983
248318,515.0,722.5599409283462,-207.55994092834624
248321,1470.0,1184.839248894239,285.16075110576094
248343,970.0,843.4461723607691,126.55382763923092
248377,848.0,986.2413783068786,-138.24137830687857
248382,880.0,709.5916963678932,170.40830363210682
248392,1025.0,1131.2222401259153,-106.22224012591528
248419,1003.0,940.6167292269391,62.38327077306087
248451,1070.0,953.7515415788605,116.2484584211395
248503,1330.0,1108.078947168818,221.9210528311819
248531,1169.0,1076.1461526438638,92.85384735613616
248535,1005.0,734.5166562054216,270.48334379457845
248540,639.0,640.448277137278,-1.4482771372779553
248563,679.0,738.8463333799624,-59.8463333799624
248564,1097.0,1170.8098143681557,-73.80981436815568
248580,695.0,700.6907846304739,-5.6907846304739
248692,1573.0,1282.6856719126372,290.3143280873628
248745,893.0,970.9521465727943,-77.95214657279428
248810,1287.0,969.1869146884015,317.81308531159846
248817,553.0,665.762615762798,-112.76261576279796
248835,952.0,1115.67216481625,-163.67216481624996
248857,1265.0,993.8029377129748,271.19706228702523
248892,765.0,679.916839334605,85.08316066539498
248982,729.0,926.7028782292838,-197.70287822928378
248983,930.0,972.6685653493613,-42.6685653493613
248999,620.0,696.265648545631,-76.26564854563105
249021,1176.0,1160.9138259910278,15.086174008972193
249030,1164.0,1121.085536016002,42.914463983998075
249066,1179.0,1241.90126134672,-62.90126134672005
249112,1152.0,1089.0957228664436,62.904277133556434
249120,610.0,664.8561392729002,-54.856139272900236
249140,865.0,1080.3106057156663,-215.31060571566627
249218,970.0,1183.0080210571716,-213.00802105717162
249232,1125.0,1166.9802887806738,-41.980288780673845
249254,1158.0,1093.4678058542993,64.53219414570071
249288,957.0,997.0048366578959,-40.00483665789591
249304,865.0,629.501984434325,235.49801556567502
249342,580.0,560.3083392007098,19.69166079929016
249344,1445.0,1343.9253733707521,101.07462662924786
249469,510.0,727.5573928773119,-217.55739287731194
249529,1095.0,982.1916550474874,112.80834495251258
249533,1000.0,1096.073265424885,-96.073265424885
249553,790.0,701.2746288131472,88.72537118685284
249557,740.0,877.866498912783,-137.86649891278296
249606,1030.0,1214.5835383895226,-184.58353838952257
249610,665.0,479.3845467296454,185.61545327035458
249625,1495.0,1375.6830082530853,119.31699174691471
249631,930.0,736.7179637234693,193.28203627653068
249660,1069.0,1030.7969033164622,38.20309668353775
249665,1385.0,1143.4597733472406,241.54022665275943
249677,640.0,682.3392791720573,-42.33927917205733
249689,890.0,726.1577022982168,163.8422977017832
249771,1015.0,1233.8481697279137,-218.84816972791373
249774,1065.0,1334.6421784021613,-269.64217840216133
249825,1200.0,1076.3180537478402,123.68194625215983
249866,850.0,999.2611763012958,-149.2611763012958
249895,740.0,736.4249572720738,3.5750427279261885
250015,785.0,753.5180564227047,31.481943577295283
250084,1200.0,947.9963675681707,252.00363243182926
250127,1290.0,1297.7722519373676,-7.772251937367628
250136,815.0,611.6866222660514,203.31337773394864
250151,755.0,649.6110487165771,105.3889512834229
250167,887.0,878.3503926074817,8.649607392518305
250174,1280.0,1396.9735368210954,-116.97353682109542
250193,1165.0,1230.2533923673611,-65.25339236736113
250207,870.0,1128.9125425569614,-258.9125425569614
250216,1230.0,1182.6840029609202,47.315997039079775
250283,791.0,661.5848393611204,129.41516063887957
250301,1620.0,1383.9169292832614,236.08307071673858
250310,548.0,680.7311712208492,-132.7311712208492
250390,915.0,1182.257301616481,-267.2573016164811
250425,500.0,700.6838643280581,-200.68386432805812
250439,1230.0,1251.282196024794,-21.282196024794075
250457,830.0,853.2273840029085,-23.22738400290848
250486,1168.0,1169.7785104815673,-1.7785104815673094
250511,915.0,1170.4381452088492,-255.43814520884916
250515,1125.0,1299.4310068682444,-174.43100686824437
250520,1133.0,1120.5952313603714,12.404768639628628
250526,815.0,1093.512888982289,-278.51288898228904
250537,1009.0,1009.9729942016752,-0.972994201675192
250538,805.0,696.8116326963113,108.18836730368866
250541,881.0,1111.7021961273679,-230.70219612736787
250580,770.0,742.0402768374372,27.959723162562796
250619,1180.0,1093.7371498209002,86.26285017909981
250628,450.0,700.259199712526,-250.25919971252597
250670,1345.0,1192.3062046191008,152.69379538089925
250717,1265.0,1113.7278578995886,151.27214210041143
250728,1000.0,1075.0600595158865,-75.06005951588645
250755,781.0,744.8278431194067,36.17215688059332
250757,1620.0,1389.472676602425,230.52732339757495
250761,1325.0,723.9107468435207,601.0892531564793
250794,1220.0,1171.146424500775,48.85357549922492
250866,1525.0,1322.3069016751376,202.69309832486238
250925,1095.0,1032.2818417818787,62.71815821812129
250951,1285.0,1237.5455260112603,47.454473988739664
251005,960.0,970.0758467283271,-10.075846728327065
251017,1200.0,1067.7704774706772,132.22952252932282
251055,1050.0,1216.1707556940337,-166.1707556940337
251064,650.0,643.5313109374672,6.468689062532803
251118,625.0,649.4773659354663,-24.47736593546631
251127,562.0,718.7976019437405,-156.79760194374046
251162,1219.0,1140.1094539508795,78.89054604912053
251240,560.0,726.9285133798618,-166.92851337986178
251268,1127.0,1013.2541156621157,113.74588433788426
251283,1055.0,1217.545457734311,-162.54545773431096
251289,1310.0,1312.1481608328381,-2.14816083283813
251309,642.0,730.7103687839215,-88.71036878392147
251313,555.0,629.9978454678565,-74.99784546785645
251366,965.0,988.6110187711025,-23.611018771102522
251387,560.0,688.627478957889,-128.62747895788902
251419,758.0,719.0332356272658,38.96676437273425
251479,1180.0,1221.1925271757057,-41.19252717570566
251489,778.0,753.1723053102432,24.827694689756754
251497,1495.0,1293.3718155120496,201.62818448795042
251546,1425.0,1157.2393543636224,267.7606456363776
251558,785.0,726.2438539662503,58.7561460337497
251590,890.0,732.748279975826,157.251720024174
251612,553.0,637.7887603219198,-84.78876032191977
251662,1155.0,1307.1713901548585,-152.1713901548585
251671,785.0,637.5494867154001,147.45051328459988
251689,1280.0,992.7571341553274,287.24286584467256
251781,1030.0,1162.2920548092209,-132.29205480922087
251800,1246.0,1111.5175954799638,134.4824045200362
251840,524.0,734.6595030099738,-210.65950300997383
251865,685.0,692.685831710306,-7.685831710306047
251885,815.0,684.0463124542289,130.95368754577112
251905,1010.0,1097.1032607736443,-87.10326077364425
251985,755.0,708.0738358320658,46.92616416793419
251999,914.0,970.2953994309025,-56.295399430902535
252042,1058.0,1221.6019757160261,-163.60197571602612
252128,955.0,1255.4013454407443,-300.4013454407443
252187,992.0,929.4059210840013,62.59407891599869
252198,1315.0,1272.7526320799157,42.24736792008434
252204,1110.0,1280.9758881562336,-170.97588815623362
252207,1205.0,1025.2233695129125,179.77663048708746
252248,1040.0,1345.201145411011,-305.2011454110111
252266,855.0,772.3713080001329,82.6286919998671
252267,1190.0,1176.415715066272,13.584284933727986
252273,1470.0,1191.0604885704372,278.9395114295628
252282,1030.0,993.6554979486787,36.34450205132134
252299,662.0,697.5156199372868,-35.51561993728683
252300,765.0,594.5204643296508,170.47953567034915
252317,1303.0,1252.3066656535998,50.693334346400206
252329,1010.0,1147.8863956267662,-137.88639562676622
252355,1520.0,1317.613634871931,202.38636512806897
252376,690.0,722.8833000082523,-32.88330000825226
252417,1210.0,1074.7492602698817,135.2507397301183
252441,667.0,646.4296305938784,20.570369406121586
252447,880.0,723.7891495330722,156.2108504669278
252463,1267.0,1157.638059132882,109.36194086711794
252472,1120.0,1187.2028249436357,-67.20282494363573
252484,1160.0,1084.4180162866123,75.58198371338767
252490,965.0,1165.9441781681442,-200.94417816814416
252523,810.0,871.2763934208325,-61.276393420832505
252530,1396.0,1104.19221620763,291.80778379236995
252536,990.0,1165.6772158523047,-175.6772158523047
252541,820.0,759.0901253722734,60.909874627726595
252551,1000.0,1013.4808161075574,-13.480816107557416
252579,550.0,680.6725315921849,-130.6725315921849
252583,475.0,660.00837977223,-185.00837977223
252618,1390.0,1081.5781800603045,308.4218199396955
252626,1085.0,1165.2819049107597,-80.28190491075975
252628,765.0,696.2209025527721,68.77909744722785
252640,1260.0,1319.5901971241863,-59.59019712418626
252663,565.0,674.865961566,-109.86596156600001
252743,1420.0,1222.81080612589,197.18919387411006
252806,842.0,739.6978933418804,102.30210665811956
252820,830.0,733.8040280143534,96.19597198564657
252872,765.0,805.6547705305144,-40.654770530514384
252876,990.0,1017.9066906283249,-27.906690628324895
252912,1020.0,1162.1031954046941,-142.10319540469413
252924,845.0,1201.282391306725,-356.282391306725
252927,630.0,703.7811420830044,-73.7811420830044
252991,1090.0,1183.5092214636893,-93.5092214636893
253013,1110.0,1101.916674957735,8.08332504226496
253022,555.0,730.5705741147159,-175.5705741147159
253056,1380.0,1315.0220827703258,64.97791722967418
253071,890.0,679.8782315864056,210.1217684135944
253183,1210.0,1183.7163788319258,26.283621168074205
253207,1230.0,1163.9463628126257,66.0536371873743
253212,975.0,1065.047717338534,-90.04771733853408
253214,1165.0,1108.3267457089087,56.673254291091325
253227,1540.0,1043.344568955501,496.655431044499
253251,820.0,711.526843667953,108.47315633204698
253336,880.0,976.2166641765451,-96.21666417654512
253337,1145.0,996.4735998841261,148.5264001158739
253361,1285.0,1187.6443067445948,97.35569325540519
253367,1175.0,1100.52202239862,74.47797760137996
253418,845.0,675.0965424160768,169.90345758392323
253453,495.0,675.5602288420698,-180.56022884206982
253459,987.0,1044.187283970419,-57.187283970419
253503,965.0,1040.1460299872103,-75.14602998721034
253553,545.0,699.2212829677235,-154.22128296772348
253572,1205.0,1187.7086112057973,17.291388794202703
253573,645.0,707.2006372602914,-62.20063726029139
253580,1500.0,1314.485982817157,185.51401718284296
253621,720.0,718.9180138626352,1.0819861373647655
253623,75.0,1206.9700576049859,-1131.9700576049859
253632,984.0,1077.8223105631262,-93.82231056312617
253642,1355.0,1254.7754455598185,100.22455444018146
253655,715.0,638.1215134263944,76.87848657360564
253689,1385.0,1347.8272115050256,37.172788494974384
253731,1260.0,1323.0289496591818,-63.02894965918176
253811,955.0,907.1471631832285,47.852836816771514
253862,755.0,718.4944048729745,36.50559512702546
253863,710.0,721.3449188441132,-11.344918844113181
253864,1200.0,1334.625250213357,-134.62525021335705
253877,1115.0,1309.7897913176514,-194.7897913176514
253937,1170.0,1061.0201737967207,108.97982620327934
253949,955.0,1114.6791700377473,-159.67917003774733
253959,1000.0,677.5198397964003,322.48016020359967
253988,975.0,1056.5501598336098,-81.55015983360977
253993,1495.0,1300.9986719586232,194.00132804137684
254033,1240.0,990.7131877385689,249.28681226143112
254061,1020.0,1245.5813044812849,-225.58130448128486
254063,1340.0,1358.0558312525893,-18.055831252589314
254134,593.0,724.2783312552829,-131.27833125528286
254151,675.0,642.3316388878911,32.66836111210887
254197,789.0,1140.7312843842706,-351.73128438427057
254214,628.0,708.8739134979675,-80.87391349796746
254219,1330.0,1102.2504580477378,227.74954195226223
254233,765.0,700.2781950433189,64.72180495668113
254239,750.0,772.1493114458519,-22.149311445851936
254313,880.0,752.1673857923718,127.83261420762824
254316,838.0,1087.5234004913261,-249.52340049132613
254331,992.0,1068.507095929392,-76.50709592939211
254347,700.0,663.2383114433724,36.76168855662763
254367,1215.0,1304.032501971916,-89.03250197191596
254412,950.0,1061.55763226548,-111.55763226547992
254413,1394.0,1117.9153392159049,276.08466078409515
254492,1240.0,1255.3340883393917,-15.334088339391656
254511,668.0,555.6760419616724,112.32395803832765
254609,461.0,665.5881262889288,-204.58812628892883
254703,1110.0,1183.8350369739076,-73.83503697390756
254738,880.0,713.231173155997,166.768826844003
254743,550.0,789.3000300878206,-239.30003008782057
254772,760.0,707.5987439941197,52.40125600588033
254779,678.0,706.1408186889527,-28.140818688952663
254957,1157.0,1133.2671091909635,23.732890809036462
254967,1168.0,1090.9999257206898,77.00007427931018
254983,758.0,645.9912480052992,112.00875199470079
255011,490.0,648.7869652921648,-158.78696529216484
255025,932.0,947.9564988918565,-15.95649889185654
255137,1355.0,1304.776366592365,50.22363340763491
255163,1585.0,1094.4785331857922,490.52146681420777
255197,1372.0,1276.6745393008348,95.3254606991652
255243,1110.0,1142.0911015453332,-32.09110154533323
255274,985.0,1022.1810251452198,-37.18102514521979
255312,1215.0,1294.6517305501063,-79.65173055010632
255340,1020.0,954.1130902496933,65.8869097503067
255386,834.0,704.475117599556,129.52488240044397
255479,595.0,615.4979642633945,-20.497964263394465
255509,951.0,1064.3456527382273,-113.34565273822727
255547,750.0,661.8181251470606,88.18187485293936
255600,620.0,642.0274162639901,-22.027416263990062
255624,1047.0,1030.4436064364645,16.556393563535494
255641,1425.0,1273.1246624492508,151.87533755074924
255713,742.0,723.9995462596598,18.000453740340163
255726,1035.0,983.6940271796764,51.30597282032363
255762,560.0,736.9799139713238,-176.97991397132375
255767,838.0,753.2822018341232,84.71779816587684
255772,560.0,593.7676817173735,-33.767681717373534
255798,1685.0,1265.8833701327978,419.11662986720216
255806,720.0,634.0092220233644,85.99077797663563
255886,615.0,680.3179983906504,-65.31799839065036
255940,795.0,1023.4121972013352,-228.41219720133518
255964,770.0,747.8147438015178,22.185256198482193
255985,1380.0,1252.8273660719326,127.1726339280674
255989,1220.0,1259.8548678996026,-39.854867899602596
256055,910.0,889.7057409374077,20.294259062592346
256076,845.0,703.0051504666984,141.9948495333016
256122,895.0,910.0991054988734,-15.099105498873428
256135,998.0,611.5359822494215,386.4640177505785
256230,585.0,649.6198565557236,-64.61985655572357
256274,970.0,953.5583708033674,16.44162919663256
256342,660.0,687.6250362682109,-27.62503626821092
256370,915.0,1076.1250698127915,-161.12506981279148
256497,1270.0,1330.0772022434637,-60.07720224346372
256511,840.0,632.5629797160428,207.43702028395717
256531,1190.0,1009.5341367777396,180.4658632222604
256566,708.0,611.647702492919,96.35229750708095
256610,1150.0,1007.6430551188733,142.35694488112665
256720,665.0,651.5674914660502,13.432508533949772
256735,1430.0,1261.4190471541494,168.58095284585056
256760,790.0,745.0079975234975,44.992002476502535
256773,906.0,996.8729860458445,-90.87298604584453
256784,740.0,694.2775189587126,45.72248104128744
256785,1160.0,1203.7025743759195,-43.70257437591954
256796,801.0,662.1601077018609,138.83989229813915
256814,1255.0,1198.4150532611066,56.58494673889345
256830,1590.0,1266.3848567002008,323.61514329979923
256883,905.0,1137.5234974463854,-232.52349744638536
256936,1215.0,1082.1321466585166,132.8678533414834
256948,1205.0,1258.8925149621282,-53.89251496212819
256950,860.0,985.814236440905,-125.814236440905
256955,1155.0,926.5217376617761,228.47826233822389
256978,1115.0,1038.2509809716453,76.74901902835472
256996,981.0,1162.6218651616168,-181.62186516161682
257013,945.0,1089.1204534409833,-144.12045344098328
257099,1060.0,1171.5045272587522,-111.5045272587522
257125,720.0,640.8790464186573,79.12095358134275
257142,805.0,706.9800188134882,98.01998118651181
257144,905.0,752.2060731687576,152.7939268312424
257146,1136.0,1252.4566386193603,-116.45663861936032
257203,1055.0,1001.3859963545403,53.61400364545966
257211,1387.0,1086.7651237688028,300.2348762311972
257243,820.0,981.5846395946887,-161.58463959468872
257256,1115.0,1205.7103991217105,-90.71039912171045
257281,685.0,768.1899881837828,-83.18998818378282
257285,1030.0,1174.1165685828275,-144.11656858282754
257352,838.0,695.360746554197,142.63925344580298
257361,1020.0,1193.4504681038195,-173.4504681038195
257368,765.0,1086.095380768014,-321.0953807680139
257439,555.0,575.0964280958242,-20.096428095824194
257503,1240.0,1030.1965285257352,209.80347147426482
257517,1105.0,1020.1573541640878,84.84264583591221
257528,555.0,697.7291101998426,-142.72911019984258
257536,1020.0,1040.923831615079,-20.923831615079052
257567,383.0,633.7219584819436,-250.7219584819436
257605,600.0,747.4007902355104,-147.40079023551039
257679,1080.0,1011.22815714883,68.77184285117005
257690,1370.0,1111.4699258503977,258.53007414960234
257701,1070.0,1211.3318553074903,-141.3318553074903
257721,765.0,633.4311824381161,131.56881756188386
257730,1050.0,1083.6352161528257,-33.635216152825706
257732,1121.0,1237.828227059327,-116.82822705932699
257748,1380.0,1212.9679101631134,167.0320898368866
257766,1240.0,1003.0991750301927,236.90082496980733
257814,1080.0,1078.875690969629,1.1243090303710233
257891,1110.0,1098.288465028515,11.71153497148498
257893,1120.0,1021.42491218299,98.57508781700994
257896,1406.0,1293.0510745703489,112.94892542965113
257903,905.0,1144.061669881537,-239.061669881537
257934,1015.0,1238.5443180009863,-223.54431800098632
257953,1435.0,1324.6290133451039,110.37098665489611
257971,617.0,715.3949350757742,-98.39493507577424
258111,1070.0,1070.9247723125598,-0.9247723125597531
258113,1136.0,1235.5411630900417,-99.54116309004166
258148,1186.0,1184.7560823935992,1.243917606400828
258176,542.0,519.5375448528829,22.46245514711711
258236,856.0,968.1090833869387,-112.10908338693866
258251,1145.0,1198.2202099707088,-53.220209970708765
258270,970.0,1156.7415887880134,-186.74158878801336
258336,895.0,1008.7233595389542,-113.72335953895424
258355,1365.0,1229.4720989219963,135.52790107800365
258427,1175.0,1285.9537321885368,-110.95373218853683
258447,1229.0,1112.0024763254532,116.99752367454676
258488,900.0,1215.8243886748114,-315.8243886748114
258624,1204.0,1148.2340178426539,55.765982157346116
258652,1530.0,1265.847212088654,264.15278791134597
258706,790.0,743.7587727233162,46.241227276683844
258717,540.0,703.0936306330752,-163.09363063307524
258727,1025.0,1299.4979753878235,-274.49797538782354
258731,710.0,736.970127807012,-26.970127807011977
258764,1245.0,1192.493546484629,52.50645351537105
258801,1490.0,1312.8238743342913,177.1761256657087
258824,1100.0,1239.6671148172445,-139.6671148172445
258848,860.0,688.4187011172071,171.5812988827929
258955,1290.0,1166.006878520044,123.99312147995602
258959,727.0,662.0219403156307,64.97805968436933
258989,578.0,1100.6373747421796,-522.6373747421796
259018,815.0,752.7778351566654,62.22216484333455
259035,590.0,667.3787801663166,-77.37878016631657
259059,1120.0,1194.3962362127381,-74.39623621273813
259074,1070.0,1134.881818612387,-64.88181861238695
259087,950.0,1106.912126368772,-156.91212636877208
259151,1115.0,1033.6654132904341,81.33458670956588
259178,1060.0,1013.0559846308455,46.9440153691545
259208,960.0,703.8338128412328,256.16618715876723
259246,1155.0,1060.9777823607158,94.02221763928424
259268,1260.0,1090.2150830091823,169.7849169908177
259346,810.0,668.8577737057549,141.14222629424512
259360,770.0,948.3099071544755,-178.30990715447547
259391,616.0,637.3602336459832,-21.360233645983158
259427,603.0,810.7330629701298,-207.73306297012982
259434,1055.0,1078.6466708449714,-23.646670844971368
259435,1160.0,1004.7926731663127,155.20732683368726
259457,1205.0,1157.7648112535608,47.235188746439235
259464,1335.0,1042.8496454863623,292.1503545136377
259494,542.0,608.2700075447352,-66.27000754473522
259501,670.0,676.1567010255558,-6.156701025555776
259572,690.0,728.5274011160607,-38.52740111606067
259649,959.0,953.3896070478412,5.610392952158804
259722,610.0,657.2616750898502,-47.2616750898502
259729,615.0,596.8555028689999,18.144497131000094
259730,675.0,711.407630314967,-36.40763031496704
259752,1330.0,1282.785140381829,47.214859618170976
259771,1030.0,1045.5010082016386,-15.50100820163857
259776,1219.0,1203.696516267686,15.303483732313907
259840,620.0,760.0789367517841,-140.0789367517841
259878,1157.0,1210.9562923095584,-53.95629230955842
259949,1115.0,1176.366201011583,-61.366201011582916
259959,607.0,628.684431832723,-21.68443183272302
259992,1076.0,1124.4477698370933,-48.44776983709335
259996,926.0,971.7182329921455,-45.718232992145545
260002,1069.0,982.5068995108194,86.49310048918062
260103,1250.0,1213.122174584827,36.87782541517299
260328,1075.0,975.0620421789666,99.93795782103336
260361,926.0,1048.0239627546748,-122.02396275467481
260422,1220.0,1145.6468122445237,74.35318775547626
260462,1165.0,1118.8029803928416,46.19701960715838
260470,1106.0,1386.9427981024314,-280.9427981024314
260508,970.0,982.5313343666719,-12.5313343666719
260532,1160.0,1249.3919691460628,-89.39196914606282
260573,545.0,540.9923263083574,4.007673691642594
260606,1480.0,1209.2026366013474,270.7973633986526
260663,995.0,1071.997484356999,-76.99748435699894
260695,940.0,1137.0768919733853,-197.07689197338527
260717,685.0,762.5901546763978,-77.59015467639779
260722,725.0,800.3686012019955,-75.36860120199549
260929,905.0,755.96118071473,149.03881928527005
261095,535.0,739.5383250743472,-204.5383250743472
261135,795.0,695.0041261800848,99.99587381991523
261149,665.0,793.3012322718396,-128.30123227183958
261192,715.0,776.5522799870128,-61.55227998701275
261240,600.0,673.3788631261153,-73.37886312611533
261271,665.0,599.9999669025249,65.00003309747513
261290,670.0,770.1781597418458,-100.17815974184577
261371,1310.0,1278.2676957286203,31.73230427137969
261409,1445.0,1271.3103513857766,173.68964861422342
261443,1120.0,1191.2768372108258,-71.27683721082576
261552,970.0,966.8848252278949,3.1151747721050924
261571,950.0,1069.467834889887,-119.46783488988694
261581,915.0,920.7279581715917,-5.727958171591695
261635,1040.0,1061.8405785969048,-21.840578596904834
261714,1074.0,1133.1423080118748,-59.142308011874775
261730,672.0,811.577490008637,-139.57749000863703
261802,904.0,1153.9156717868061,-249.91567178680612
261808,1105.0,1111.937019009315,-6.937019009315009
261883,624.0,592.340461926207,31.659538073792987
261973,650.0,706.0571538972129,-56.05715389721286
262020,1250.0,1093.0515538211703,156.94844617882973
262222,680.0,663.026364235756,16.973635764244023
262229,955.0,1033.3327656838842,-78.33276568388419
262272,955.0,953.5058828822742,1.4941171177257502
262301,1275.0,1216.8039128564608,58.196087143539216
262322,1135.0,1038.8854697358775,96.11453026412255
262585,1103.0,1270.7915166495507,-167.79151664955066
262588,1050.0,1181.6720746323997,-131.6720746323997
262589,835.0,705.3905511278946,129.60944887210542
262618,1226.0,1215.713075297253,10.286924702747001
262648,1450.0,1278.668532401137,171.3314675988629
262649,485.0,599.5532625009839,-114.55326250098392
262683,1095.0,1176.5400579761726,-81.54005797617265
262727,1135.0,1300.6515763136265,-165.6515763136265
262741,1290.0,1222.4054346181545,67.59456538184554
262746,835.0,697.226725217485,137.77327478251505
262807,1005.0,1336.8674560389165,-331.86745603891654
262816,1060.0,938.6921431140396,121.3078568859604
262837,990.0,1108.4748994375152,-118.4748994375152
262877,725.0,732.8000064998312,-7.80000649983117
262879,1257.0,563.0016382317716,693.9983617682284
262936,838.0,1053.8632614027815,-215.86326140278152
262945,1575.0,1219.2904502069277,355.70954979307226
262956,895.0,1129.887652306086,-234.887652306086
263001,1240.0,1113.5119321115828,126.48806788841716
263031,1310.0,1196.4957899735195,113.50421002648045
263033,1287.0,998.2685730277126,288.7314269722874
263061,1295.0,1137.0768674731753,157.9231325268247
263088,1126.0,1038.6227580609984,87.37724193900158
263234,490.0,1104.0613825801734,-614.0613825801734
263268,1335.0,1165.3951364440663,169.60486355593366
263323,1180.0,1205.0599994039555,-25.059999403955544
263329,1085.0,1070.6940261703037,14.305973829696313
263349,1335.0,1151.8289186896627,183.17108131033729
263360,1060.0,1064.2964720550553,-4.296472055055347
263398,990.0,1090.0671707227084,-100.0671707227084
263418,620.0,652.5244165498431,-32.52441654984307
263432,1352.0,1191.3046296433488,160.6953703566512
263461,904.0,1268.7008611898696,-364.70086118986956
263486,1140.0,1023.1370594439093,116.86294055609073
263567,975.0,1061.6011545430097,-86.60115454300967
263664,770.0,640.4298012314863,129.5701987685137
263680,549.0,581.1282832039932,-32.12828320399319
263747,760.0,697.7386169322276,62.261383067772385
263789,1005.0,1073.9020940960347,-68.90209409603472
263807,1058.0,1119.4893116274095,-61.489311627409506
263822,1224.0,1075.5083042253107,148.49169577468933
263836,820.0,751.6239318391338,68.37606816086623
263875,860.0,772.1540638637001,87.84593613629988
263880,1120.0,1209.3466571195388,-89.3466571195388
263916,745.0,727.2655999459708,17.73440005402915
263932,1215.0,1188.6233964502353,26.376603549764695
264020,1078.0,1093.752737538481,-15.752737538480915
264050,495.0,541.1369882202413,-46.13698822024128
264055,760.0,981.7974379833759,-221.79743798337586
264078,1380.0,1265.1291700302565,114.87082996974345
264123,595.0,690.3071901202114,-95.30719012021143
264126,1080.0,1272.4855954635932,-192.4855954635932
264187,1300.0,1270.0825282685746,29.917471731425394
264199,1249.0,1290.859070602239,-41.859070602238944
264262,1105.0,1061.6571671511076,43.342832848892385
264324,690.0,680.4819087949087,9.51809120509131
264451,1010.0,1220.4826600757456,-210.48266007574557
264474,1228.0,1294.3106885063476,-66.31068850634756
264475,654.0,624.2876777904565,29.71232220954346
264586,1464.0,958.4764375265274,505.52356247347257
264605,1014.0,1046.098134877582,-32.09813487758197
264677,981.0,1128.9647625052799,-147.96476250527985
264711,1282.0,1193.97229057082,88.02770942918005
264747,663.0,764.828692214633,-101.82869221463295
264785,1090.0,973.3599126856631,116.64008731433694
264786,1500.0,1203.7205774645495,296.2794225354505
264796,804.0,678.7261116537746,125.27388834622536
264807,970.0,965.7207968157726,4.279203184227413
264809,1190.0,1055.0727919984536,134.92720800154643
264840,1075.0,1149.1357926818603,-74.13579268186027
264856,1345.0,1118.9936056053432,226.0063943946568
264873,910.0,836.323544817631,73.67645518236895
264892,1095.0,1141.7525193303288,-46.75251933032882
264965,1035.0,1051.8240740041215,-16.824074004121485
264967,1480.0,1240.9129394183537,239.08706058164626
265014,1166.0,1111.6267336111955,54.373266388804495
265023,740.0,1077.3362235159364,-337.33622351593635
265036,1050.0,951.3999021702609,98.60009782973907
265049,628.0,707.8126151497736,-79.81261514977359
265177,622.0,641.1353924775373,-19.135392477537266
265195,937.0,1044.0898052191021,-107.08980521910212
265228,1115.0,1065.7432114109533,49.256788589046664
265293,475.0,1061.5019734519221,-586.5019734519221
265324,905.0,720.5423684164605,184.45763158353952
265403,1060.0,1035.1165123286928,24.883487671307194
265429,1035.0,1143.1855052602477,-108.18550526024774
265472,1263.0,1219.2630305654666,43.73696943453342
265545,1235.0,1265.381568344432,-30.381568344432026
265559,1215.0,1324.1747303495022,-109.17473034950217
265617,1060.0,1287.8283176724717,-227.8283176724717
265649,820.0,647.9581604142827,172.0418395857173
265678,752.0,679.0925895169258,72.90741048307416
265716,1224.0,1071.077798856393,152.92220114360703
265720,597.0,739.966401614589,-142.96640161458902
265742,1210.0,1114.3827851641552,95.61721483584483
265786,825.0,849.5777997763054,-24.57779977630537
265793,1246.0,1162.0719291755568,83.92807082444324
265797,1190.0,1246.4140819722954,-56.414081972295435
265798,700.0,609.5723614656783,90.42763853432166
265800,1325.0,1149.667973486428,175.33202651357192
265805,555.0,527.6550820105822,27.34491798941781
265831,1375.0,1232.0429963765657,142.95700362343428
265878,1395.0,1216.2483379081705,178.75166209182953
265947,510.0,557.782961351381,-47.782961351381005
265984,1240.0,1185.231329455615,54.76867054438503
265991,1102.0,1210.6921895042158,-108.69218950421578
266042,665.0,605.0404281412984,59.959571858701565
266087,1070.0,1191.6644425276509,-121.66444252765086
266106,621.0,743.0836345343374,-122.08363453433742
266120,1142.0,1299.9102216455299,-157.91022164552987
266148,700.0,1000.8315572288136,-300.8315572288136
266156,1260.0,1191.3534729319144,68.64652706808556
266162,1260.0,1111.0739811203878,148.92601887961223
266176,690.0,943.8473099404381,-253.8473099404381
266260,800.0,650.1478149016839,149.8521850983161
266283,635.0,656.7314274353689,-21.731427435368914
266318,995.0,1247.1423752803776,-252.14237528037756
266334,1310.0,1165.983478411452,144.0165215885479
266343,595.0,668.9873363712385,-73.98733637123848
266371,1037.0,1079.376610927656,-42.376610927655975
266380,855.0,739.9266545635817,115.07334543641832
266384,1040.0,992.0314565470733,47.968543452926724
266406,800.0,1001.4374772250404,-201.43747722504042
266488,855.0,702.646437801043,152.35356219895698
266505,875.0,733.0408633842252,141.9591366157748
266525,750.0,641.361017274623,108.63898272537699
266645,890.0,1163.8768716262389,-273.8768716262389
266662,935.0,786.722931646428,148.27706835357196
266688,670.0,747.7112663472478,-77.71126634724783
266705,1210.0,993.4506920864297,216.54930791357026
266731,1515.0,1318.7499231797503,196.25007682024966
266794,1020.0,1112.662697803218,-92.66269780321795
266798,1025.0,880.1704501222637,144.82954987773633
266809,1105.0,1088.6130582906546,16.386941709345365
266811,922.0,966.9095823203617,-44.909582320361665
266829,885.0,1036.5347206583203,-151.53472065832034
266977,911.0,963.1764812607597,-52.176481260759715
266995,1200.0,1185.0836438826127,14.916356117387295
267024,1275.0,1238.8911034261814,36.10889657381858
267025,1020.0,1083.0878715470099,-63.087871547009854
267067,1665.0,1250.3951071641038,414.6048928358962
267074,1170.0,1139.798767447615,30.20123255238491
267107,710.0,709.7282969374293,0.2717030625707366
267114,1330.0,1235.4325643162883,94.56743568371166
267172,650.0,699.6040319157946,-49.60403191579462
267231,657.0,788.7347465958937,-131.73474659589374
267246,820.0,780.1493446778542,39.850655322145826
267248,881.0,987.2439258545443,-106.24392585454427
267283,680.0,968.0856880342386,-288.0856880342386
267318,1409.0,1015.1298827155891,393.87011728441087
267329,682.0,597.693378136552,84.30662186344796
267406,1322.0,1132.0416940198916,189.95830598010843
267433,1370.0,1259.1904021573143,110.80959784268566
267496,759.0,584.3563851689294,174.64361483107064
267604,959.0,1165.896594816824,-206.89659481682406
267643,782.0,1074.220868456272,-292.220868456272
267685,1335.0,1194.2641943407036,140.73580565929637
267709,1220.0,1219.4458364213458,0.5541635786541974
267710,620.0,684.31287281631,-64.31287281631
267720,1201.0,1095.4063101203164,105.59368987968355
267791,980.0,1008.7731998950012,-28.7731998950012
267833,1271.0,1111.4307438008743,159.56925619912568
267835,1334.0,1203.805681264406,130.19431873559392
267933,1315.0,1272.6898664202886,42.31013357971142
267949,923.0,1119.619702944491,-196.6197029444911
268027,1060.0,1291.1153890644046,-231.11538906440455
268032,590.0,742.2962877279778,-152.29628772797776
268059,535.0,700.6038197423295,-165.6038197423295
268060,935.0,930.4543336007789,4.545666399221091
268082,1005.0,1180.8489765263428,-175.84897652634277
268123,995.0,1039.650137488178,-44.65013748817796
268189,1020.0,1100.9703228418746,-80.97032284187458
268199,1105.0,1103.8366417605178,1.1633582394822497
268313,1430.0,1307.6703642065816,122.32963579341845
268329,840.0,981.651234935202,-141.65123493520196
268348,1000.0,1055.8162276719186,-55.81622767191857
268375,1600.0,1269.59155883188,330.4084411681199
268464,745.0,1100.863295501419,-355.8632955014191
268590,815.0,702.9406361448599,112.05936385514008
268602,719.0,663.5481322222198,55.451867777780194
268624,620.0,726.3769148346332,-106.37691483463323
268675,1070.0,1137.792893214937,-67.79289321493707
268677,1215.0,1132.7264501977577,82.27354980224231
268740,1060.0,1139.871090894316,-79.87109089431601
268757,1370.0,1123.632355584974,246.367644415026
268777,1225.0,1316.2183806258922,-91.21838062589222
268791,1260.0,1066.1573363985601,193.84266360143988
268830,1190.0,1266.2870403174156,-76.28704031741563
268863,1110.0,1159.8230406492644,-49.823040649264385
268877,980.0,1167.229760948484,-187.229760948484
268882,1160.0,1082.3516942163933,77.6483057836067
268898,595.0,686.6837615305134,-91.68376153051338
268927,812.0,1126.6666561392178,-314.6666561392178
268966,587.0,652.43992266616,-65.43992266615999
269023,1097.0,999.4505575103743,97.54944248962568
269040,594.0,716.163857290562,-122.16385729056196
269074,1050.0,1288.5304097636742,-238.53040976367424
269123,1175.0,1220.5442063673897,-45.544206367389734
269132,1135.0,1257.8446772902143,-122.84467729021435
269163,1195.0,1204.3591403797348,-9.359140379734754
269194,1245.0,1150.4525579397457,94.5474420602543
269204,735.0,749.866266229114,-14.86626622911399
269210,1345.0,979.3853660625892,365.61463393741076
269222,885.0,1342.347675873958,-457.347675873958
269229,1425.0,1323.8379446303625,101.16205536963753
269237,783.0,951.2658457511442,-168.26584575114418
269296,1160.0,1131.0732030538413,28.926796946158674
269318,745.0,733.449949891289,11.550050108711048
269359,835.0,757.7194504570048,77.28054954299523
269411,1027.0,1030.5989833575923,-3.5989833575922603
269462,700.0,776.8306878613203,-76.83068786132026
269463,1110.0,1092.4609706280553,17.539029371944707
269487,1040.0,1153.577404246227,-113.57740424622693
269506,1365.0,1211.9921377323037,153.00786226769628
269512,610.0,1025.91615571704,-415.91615571704006
269523,960.0,1028.3416738781177,-68.34167387811772
269549,705.0,706.4976179213006,-1.4976179213006162
269566,1352.0,1269.1127942276266,82.88720577237336
269595,890.0,730.832877065315,159.16712293468504
269597,900.0,970.9305531099945,-70.93055310999455
269662,550.0,588.4122352411938,-38.4122352411938
269671,1050.0,1196.3626631463462,-146.36266314634622
269702,670.0,712.5727749960447,-42.5727749960447
269742,695.0,740.7010034772493,-45.70100347724929
269815,1522.0,1263.4286789194723,258.5713210805277
269831,905.0,879.8460987816982,25.153901218301826
269870,966.0,1256.6473499551835,-290.6473499551835
269873,1290.0,1155.5804376817155,134.41956231828453
269947,870.0,1191.5819163994909,-321.58191639949086
269999,1136.0,1016.2123458550132,119.78765414498685
270043,963.0,876.1460193134493,86.8539806865507
270109,616.0,760.1329963274695,-144.13299632746953
270119,1345.0,1118.7684173238622,226.2315826761378
270197,1010.0,1021.3564400849749,-11.356440084974906
270210,1100.0,943.7903781974837,156.20962180251627
270291,1225.0,1077.3963351127272,147.60366488727277
270293,620.0,715.1173189917146,-95.11731899171457
270302,1370.0,1202.7101175311664,167.28988246883364
270350,1045.0,1007.6296329365075,37.370367063492495
270454,1315.0,1227.0082724207798,87.9917275792202
270496,1090.0,1151.5184757502,-61.51847575019997
270518,1270.0,1280.7014100971305,-10.70141009713052
270531,560.0,740.4096416046785,-180.40964160467854
270538,638.0,1072.5163960218208,-434.5163960218208
270586,1050.0,1210.471669891384,-160.47166989138395
270602,550.0,589.9538151280443,-39.95381512804431
270691,720.0,601.6051050068,118.39489499319996
270722,1145.0,1182.5022547863136,-37.50225478631364
270771,1060.0,1012.0134251654233,47.986574834576686
270803,665.0,651.8015303730648,13.198469626935207
270820,1310.0,1297.4042270689936,12.595772931006422
270860,1225.0,1299.4441990557814,-74.44419905578138
270915,1120.0,1185.0737379781726,-65.07373797817263
270972,860.0,1046.7122897419265,-186.7122897419265
270982,1102.0,1254.4219594787858,-152.42195947878577
271004,975.0,923.7477169669846,51.252283033015374
271030,950.0,754.5612363737125,195.43876362628748
271056,1215.0,1206.6845294714035,8.315470528596506
271111,610.0,641.044352293204,-31.044352293204042
271189,890.0,832.7818101792882,57.218189820711814
271206,1080.0,1099.1660916235103,-19.166091623510283
271511,1154.0,1131.0459779107923,22.954022089207683
271584,1100.0,1167.2536085969668,-67.25360859696684
271732,687.0,690.611349486294,-3.6113494862939888
271832,1371.0,1222.2930665463598,148.7069334536402
271842,880.0,688.4679390414253,191.53206095857468
271876,1118.0,1139.5882122417531,-21.588212241753126
271878,1135.0,1199.1487487727834,-64.14874877278339
271938,1220.0,1101.916674957735,118.08332504226496
272022,475.0,575.1265658633557,-100.12656586335572
272036,700.0,645.2806281071486,54.71937189285143
272048,948.0,958.5418295831078,-10.541829583107756
272056,1355.0,1234.500084929704,120.49991507029608
272066,930.0,1184.411887848548,-254.41188784854808
272087,915.0,1071.673150384032,-156.67315038403194
272319,690.0,710.3193310381665,-20.319331038166524
272342,1145.0,1150.5539689731593,-5.553968973159272
272422,995.0,995.4779434543806,-0.47794345438057917
272435,730.0,718.0451304315459,11.954869568454114
272515,695.0,712.0478501554285,-17.047850155428478
272531,1120.0,1235.834274692582,-115.83427469258208
272570,910.0,899.2440140960542,10.75598590394577
272575,555.0,727.7983854223035,-172.79838542230345
272587,740.0,741.3140819486557,-1.314081948655712
272632,705.0,693.5436862867863,11.456313713213717
272635,1450.0,1264.483799314075,185.516200685925
272645,1228.0,1262.5768288874474,-34.57682888744739
272663,920.0,1253.1409102842026,-333.1409102842026
272686,643.0,549.5780097608165,93.42199023918351
272690,665.0,612.3968704307186,52.60312956928135
272712,680.0,751.0665898596804,-71.06658985968045
272727,1065.0,1093.6980212059502,-28.698021205950226
272729,1155.0,1259.9990266457821,-104.99902664578212
272756,970.0,913.5755202100227,56.42447978997734
272761,829.0,634.0167959177321,194.9832040822679
272815,840.0,1021.589153024764,-181.58915302476396
272869,1032.0,963.9860853581464,68.0139146418536
272880,765.0,779.3804239503697,-14.380423950369732
272895,903.0,1194.1165950773632,-291.1165950773632
272934,558.0,564.2679419792552,-6.26794197925517
272970,930.0,1370.3743488565653,-440.37434885656535
272974,1300.0,1277.1250463695735,22.87495363042649
273140,1155.0,1166.3529878238687,-11.352987823868716
273163,1130.0,1119.6725233702166,10.327476629783405
273209,930.0,920.7765610181901,9.223438981809863
273252,540.0,577.7087176628067,-37.70871766280675
273254,905.0,1008.7544954322674,-103.75449543226739
273289,550.0,590.766672704345,-40.766672704344955
273290,977.0,1286.314146011053,-309.314146011053
273340,580.0,661.1733875180248,-81.17338751802481
273358,1360.0,1394.653964831423,-34.65396483142308
273363,765.0,693.266560534173,71.73343946582702
273427,795.0,684.5682727402577,110.43172725974227
273463,1330.0,1343.9079619303343,-13.907961930334295
273468,835.0,859.4713002095501,-24.471300209550122
273497,910.0,954.2450470593582,-44.24504705935817
273537,910.0,1089.7358300561425,-179.7358300561425
273548,526.0,660.00837977223,-134.00837977223
273573,981.0,1105.9870402391975,-124.98704023919754
273594,835.0,1002.3272066201673,-167.32720662016732
273614,705.0,729.9194574535491,-24.919457453549057
273620,1301.0,1063.7962588347639,237.20374116523612
273649,795.0,1101.6940400395558,-306.69404003955583
273678,585.0,644.0693754478433,-59.0693754478433
273702,762.0,696.2286389031739,65.77136109682613
273705,1005.0,1080.8227393885734,-75.82273938857338
273723,770.0,616.867949062958,153.13205093704198
273757,758.0,707.6892302046604,50.31076979533964
273988,930.0,670.8708657787331,259.1291342212669
274017,1105.0,983.7045408643888,121.29545913561117
274046,675.0,685.5865088610096,-10.586508861009634
274072,1086.0,1038.5884967408776,47.411503259122355
274154,1010.0,1130.0193179900175,-120.0193179900175
274238,1054.0,1087.581953054595,-33.58195305459503
274268,1280.0,1296.0449425516606,-16.044942551660597
274278,705.0,692.7163951721349,12.283604827865133
274368,750.0,886.5276506915063,-136.52765069150632
274374,475.0,659.4281283919945,-184.4281283919945
274423,1060.0,1013.8447098796607,46.15529012033926
274444,1238.0,1171.1787171779836,66.82128282201643
274454,885.0,656.6702961432418,228.32970385675821
274474,560.0,740.041632145633,-180.041632145633
274478,645.0,718.3898532505854,-73.38985325058536
274538,1265.0,1187.6443067445948,77.35569325540519
274546,850.0,723.0467982022334,126.95320179776661
274555,733.0,669.5400961726564,63.459903827343624
274574,735.0,654.3666190476189,80.63338095238112
274591,1150.0,1070.5839919711516,79.41600802884841
274610,940.0,1016.0814452660854,-76.08144526608544
274622,1300.0,1172.148920372145,127.85107962785492
274630,740.0,592.0808768805861,147.91912311941394
274649,1040.0,1133.214078185951,-93.21407818595094
274685,1124.0,880.4681138282854,243.53188617171463
274694,800.0,668.2340651701531,131.76593482984686
274715,780.0,988.4290711008513,-208.42907110085127
274746,845.0,1119.1864141246438,-274.18641412464376
274761,760.0,670.4621635804416,89.5378364195584
274793,600.0,599.8224566402946,0.17754335970539614
274800,765.0,639.9285561614124,125.07144383858758
274830,1140.0,1267.2684888793824,-127.2684888793824
274858,590.0,734.0839699326804,-144.08396993268036
274894,1091.0,1042.6918808726061,48.308119127393866
274926,770.0,741.4272467550555,28.572753244944465
274934,1080.0,1246.1650166433785,-166.16501664337852
274951,1200.0,1135.3856024328184,64.61439756718164
275045,569.0,633.9908059300004,-64.99080593000042
275095,1200.0,1212.6734675109021,-12.673467510902128
275108,990.0,1177.4885735671849,-187.48857356718486
275109,585.0,669.335049504566,-84.33504950456597
275126,1257.0,912.5553336776667,344.4446663223333
275260,855.0,902.1364701224212,-47.1364701224212
275328,1400.0,1127.7235423113907,272.2764576886093
275357,937.0,1051.4823102930652,-114.48231029306521
275389,1120.0,1177.2554822612567,-57.2554822612567
275422,682.0,734.6435189322258,-52.64351893222579
275470,1275.0,1322.6147425955419,-47.614742595541884
275541,959.0,1108.4475056295535,-149.44750562955346
275583,950.0,1314.2907886893304,-364.2907886893304
275643,625.0,883.8789603846856,-258.87896038468557
275653,1199.0,1010.3381110692449,188.66188893075514
275669,910.0,1064.4609804489744,-154.4609804489744
275680,790.0,689.6974592154618,100.30254078453822
275682,1040.0,1253.4853770225986,-213.48537702259864
275692,1045.0,1125.683288001702,-80.68328800170207
275728,1495.0,1222.3599280801398,272.64007191986025
275732,1080.0,1242.7247501223715,-162.72475012237146
275743,1115.0,912.6246019189583,202.37539808104168
275773,895.0,937.1665912661111,-42.16659126611114
275853,690.0,670.6592589513274,19.340741048672612
275884,1030.0,1173.4129176060512,-143.41291760605122
275919,1415.0,1200.8361352081226,214.16386479187736
275968,1105.0,1366.6021585386397,-261.60215853863974
275997,926.0,818.0708973487299,107.92910265127011
276055,790.0,761.2489350239441,28.751064976055886
276261,1010.0,1213.3241871975026,-203.32418719750262
276267,930.0,1028.0748858416412,-98.07488584164116
276297,910.0,1130.6305984311557,-220.6305984311557
276298,920.0,1246.2000263670107,-326.20002636701065
276306,1015.0,1076.3628072909396,-61.3628072909396
276310,990.0,1226.3617811626805,-236.36178116268047
276351,950.0,1062.4386523119194,-112.43865231191944
276379,1065.0,1046.6767828861464,18.323217113853616
276407,980.0,1162.591214917982,-182.59121491798192
276415,795.0,1119.3990354534094,-324.3990354534094
276462,975.0,1061.123199349115,-86.12319934911511
276470,1145.0,1118.8859864163946,26.114013583605356
276475,775.0,744.3329128272983,30.667087172701713
276527,1300.0,1355.1013068315442,-55.10130683154421
276544,1140.0,1334.7569533100054,-194.75695331000543
276571,791.0,747.7707303195423,43.22926968045772
276597,1425.0,1223.5544471631576,201.44555283684235
276619,937.0,1101.1787612221065,-164.17876122210646
276676,1115.0,1173.6560527054507,-58.65605270545075
276699,1152.0,1261.9566676014294,-109.95666760142944
276703,1060.0,1045.5106682300766,14.48933176992341
276726,961.0,878.522608564113,82.47739143588694
276735,905.0,984.0890854437463,-79.08908544374628
276760,970.0,963.3631263911299,6.636873608870133
276827,840.0,833.3184301237461,6.681569876253889
276833,1055.0,1126.7621709168345,-71.76217091683452
276954,1370.0,1012.0497497657195,357.9502502342805
277005,1335.0,1302.715872180644,32.284127819355945
277012,610.0,762.3528982993362,-152.35289829933618
277080,660.0,587.6102449627065,72.38975503729353
277089,975.0,1000.2408416060562,-25.240841606056165
277172,860.0,899.799094417762,-39.799094417762035
277220,1350.0,1188.8012165894531,161.19878341054687
277308,1275.0,1299.873429140677,-24.87342914067699
277314,910.0,726.7401136128288,183.25988638717115
277341,1285.0,1225.1431933937586,59.856806606241435
277359,1370.0,1206.3159904197455,163.6840095802545
277380,1177.0,1055.0814393370595,121.91856066294054
277436,1015.0,1147.1687198259785,-132.16871982597854
277471,790.0,731.3832904857713,58.61670951422866
277555,1285.0,1222.1723489268884,62.82765107311161
277596,980.0,1244.0821938817726,-264.0821938817726
277689,1285.0,1116.553620489656,168.44637951034406
277695,445.0,558.5725431518928,-113.57254315189277
277812,1336.0,1226.3041599575236,109.69584004247645
277817,550.0,616.4506807222825,-66.45068072228253
277822,1100.0,1188.7018435892423,-88.70184358924234
277841,1124.0,995.5465761257504,128.45342387424955
277926,874.0,604.7820386259359,269.2179613740641
277963,1060.0,951.4737046771015,108.52629532289848
278002,971.0,965.5690600294294,5.430939970570648
278025,1025.0,1080.1443194765648,-55.14431947656476
278043,800.0,1267.8664150033364,-467.86641500333644
278107,1235.0,1244.4884304332263,-9.488430433226313
278137,565.0,579.887233566475,-14.887233566474947
278144,710.0,672.033367204057,37.96663279594304
278145,840.0,1043.046195357776,-203.046195357776
278160,700.0,714.4798122723113,-14.479812272311278
278161,930.0,1119.0182230669607,-189.01822306696067
278192,1260.0,1208.9121055861299,51.08789441387012
278205,1240.0,1157.6307247985299,82.36927520147015
278222,1380.0,1366.9728795109727,13.027120489027311
278230,675.0,760.1097009071168,-85.1097009071168
278269,782.0,1220.7094736349081,-438.70947363490814
278284,1405.0,1271.5791222843309,133.42087771566912
278315,780.0,722.9850604780265,57.014939521973474
278326,1389.0,1234.6471831723031,154.35281682769687
278355,720.0,638.2217757751123,81.77822422488771
278401,659.0,732.4056394602993,-73.40563946029931
278412,1280.0,1173.0996580592428,106.90034194075724
278434,1102.0,1175.6091912073546,-73.60919120735457
278436,877.0,1224.688325701795,-347.68832570179507
278505,870.0,716.5377877089126,153.46221229108744
278528,469.0,662.9952116402116,-193.99521164021155
278531,695.0,657.2300821978018,37.769917802198165
278556,974.0,1104.940691459729,-130.9406914597289
278569,1157.0,1126.9259892936968,30.07401070630317
278650,1185.0,1219.7041584836784,-34.704158483678384
278652,579.0,697.0809480906646,-118.0809480906646
278685,1305.0,1088.3223411834326,216.67765881656737
278716,1105.0,1202.4417402352453,-97.44174023524533
278755,1032.0,1081.3590661033363,-49.35906610333632
278758,1320.0,1140.9435389271378,179.05646107286225
278788,1185.0,1084.6325462376908,100.3674537623092
278826,1070.0,1024.8919502365816,45.10804976341842
278874,1215.0,1150.583199564477,64.4168004355231
278896,660.0,652.3267475532881,7.673252446711899
278897,910.0,1100.2727333269133,-190.27273332691334
278939,805.0,765.4154791185338,39.58452088146623
278958,680.0,740.8446953436393,-60.84469534363927
278965,990.0,1199.677842395059,-209.6778423950591
278977,583.0,706.3239890505077,-123.32398905050775
278980,1270.0,1223.6589927350221,46.34100726497786
279028,1230.0,1234.7441874526598,-4.744187452659844
279077,1330.0,1094.7917045348802,235.20829546511982
279089,524.0,713.7344112681974,-189.7344112681974
279100,704.0,702.1466075183896,1.853392481610399
279103,1230.0,1094.6021448157176,135.39785518428243
279123,935.0,995.6770404842385,-60.677040484238546
279392,539.0,609.3752353089859,-70.3752353089859
279428,770.0,707.6490737021184,62.35092629788164
279437,970.0,868.7087991150916,101.29120088490845
279442,1400.0,1361.3101846138195,38.6898153861805
279448,1260.0,1190.1928436580772,69.80715634192279
279451,725.0,619.7622603910976,105.23773960890242
279489,775.0,711.2512427483219,63.74875725167806
279500,385.0,512.5206559915747,-127.5206559915747
279525,1190.0,1358.0732324927978,-168.07323249279784
279529,1060.0,1120.4833618094954,-60.483361809495364
279564,960.0,1204.9008438734986,-244.90084387349862
279583,500.0,659.4665260854956,-159.46652608549562
279607,1120.0,1074.8666377755906,45.13336222440944
279661,808.0,1316.7855912698415,-508.78559126984146
279666,799.0,1033.0359695075576,-234.03596950755764
279741,810.0,744.1890051018586,65.81099489814142
279779,865.0,917.5456758371469,-52.54567583714686
279840,899.0,849.5484775640424,49.4515224359576
279849,615.0,757.5504378553832,-142.55043785538317
279880,1020.0,1076.5832860901917,-56.58328609019168
279905,715.0,627.4227487259959,87.57725127400408
279929,1035.0,661.4461288282636,373.55387117173643
279952,885.0,757.7586826288069,127.24131737119308
279978,505.0,735.9462100152455,-230.94621001524547
279979,1245.0,1154.991920844021,90.00807915597898
279987,1125.0,1144.2491478205643,-19.249147820564303
280094,615.0,578.5746340934335,36.425365906566526
280161,1100.0,1142.8975051461093,-42.897505146109324
280176,733.0,730.2690977887255,2.730902211274497
280189,1160.0,1188.6065391209195,-28.60653912091948
280205,920.0,678.7261116537746,241.27388834622536
280409,750.0,706.6777042740515,43.32229572594849
280425,870.0,1051.9276011971808,-181.92760119718082
280437,1055.0,1096.95452158532,-41.95452158531998
280483,1021.0,1169.3599575467276,-148.35995754672763
280501,1040.0,1205.0599994039555,-165.05999940395554
280515,780.0,799.5582723634033,-19.558272363403262
280582,656.0,620.078617065113,35.92138293488699
280715,1142.0,953.1852774864839,188.81472251351613
280740,945.0,1144.7279214718635,-199.7279214718635
280742,960.0,1090.5938444646547,-130.5938444646547
280800,445.0,584.668561150948,-139.668561150948
280824,960.0,1174.5782860245658,-214.57828602456584
280835,915.0,1091.006756310721,-176.0067563107209
280840,1570.0,1366.0804684976674,203.91953150233257
280884,664.0,776.6007218202043,-112.60072182020428
280913,900.0,696.5721825790541,203.42781742094587
280933,1102.0,1109.5515076793138,-7.551507679313772
280947,1030.0,1041.4770060992528,-11.477006099252776
280968,940.0,709.689376366204,230.310623633796
280987,690.0,706.7354048857607,-16.73540488576066
281024,790.0,708.851552750886,81.14844724911404
281069,1190.0,1212.7278107448649,-22.727810744864883
281111,1475.0,1196.49109281995,278.5089071800501
281112,791.0,845.5096695702672,-54.50966957026719
281135,725.0,691.0412900079665,33.958709992033505
281149,628.0,699.8004961779674,-71.80049617796737
281213,855.0,884.3494056463483,-29.34940564634826
281289,1090.0,1114.8875560456722,-24.887556045672227
281292,1375.0,1289.8577342830617,85.14226571693825
281337,1015.0,719.8695964277364,295.1304035722636
281346,741.0,702.7142037630949,38.28579623690507
281349,1225.0,1317.9063293279119,-92.90632932791186
281430,620.0,735.5015566567728,-115.50155665677278
281439,420.0,597.7210564954181,-177.7210564954181
281449,720.0,750.8776476908424,-30.877647690842423
281465,610.0,660.6550745055329,-50.655074505532866
281622,1015.0,1094.2153739714868,-79.21537397148677
281653,1130.0,1360.7703860210281,-230.77038602102812
281806,725.0,751.7853943752247,-26.785394375224655
281820,1045.0,1176.472167704048,-131.47216770404793
281828,1275.0,1236.333774168919,38.666225831080965
281859,1071.0,1006.7267910725303,64.27320892746968
281877,565.0,787.9631532585845,-222.9631532585845
281915,950.0,989.5004666378479,-39.50046663784792
281922,1387.0,1231.7362022121367,155.26379778786327
281928,1305.0,1357.4710115456764,-52.47101154567645
281940,440.0,528.5126798537476,-88.51267985374761
281957,870.0,1090.8673238487643,-220.86732384876427
282014,876.0,1032.9549418840018,-156.95494188400176
282029,1185.0,1083.1233963619122,101.87660363808777
282038,1213.0,1140.0954646636646,72.90453533633536
282043,1041.0,1122.2194731760828,-81.21947317608283
282053,677.0,633.9613363340868,43.03866366591319
282083,528.0,678.3901981270076,-150.39019812700758
282095,996.0,715.3550197668136,280.6449802331864
282114,830.0,637.4202104161403,192.57978958385968
282220,1141.0,1268.934000758793,-127.93400075879299
282271,850.0,899.0708572702355,-49.07085727023548
282353,637.0,512.63559633731,124.36440366269005
282395,960.0,1165.1329048231216,-205.13290482312163
282422,1003.0,1101.963002525367,-98.96300252536707
282427,1210.0,1232.4643949180308,-22.464394918030848
282469,1160.0,1277.8305939482848,-117.83059394828479
282539,745.0,727.7276005887755,17.272399411224455
282578,1490.0,1250.9990897674452,239.00091023255482
282583,757.0,723.9836897839182,33.01631021608182
282590,1520.0,1170.2703164439015,349.7296835560985
282598,900.0,983.7947324284461,-83.79473242844608
282599,1205.0,1089.8560627381407,115.14393726185926
282676,815.0,801.3607552312723,13.639244768727735
282725,440.0,628.5518183842489,-188.55181838424892
282753,1155.0,1355.5463862928523,-200.54638629285228
282772,1040.0,1012.9480235403028,27.051976459697244
282776,727.0,688.3046055168019,38.69539448319813
282782,1210.0,1238.6178661716258,-28.617866171625792
282814,610.0,699.9982742525106,-89.99827425251056
282821,1060.0,1091.5987128452778,-31.59871284527776
282858,606.0,641.7585973491314,-35.75859734913138
282867,665.0,761.0633598314623,-96.06335983146232
282868,838.0,990.6591692261701,-152.6591692261701
282882,590.0,705.2778136100045,-115.2778136100045
282899,1220.0,1162.6588023188735,57.34119768112646
282928,780.0,802.5272004219081,-22.527200421908105
282962,663.0,788.8875469955781,-125.88754699557808
282966,880.0,1059.0031895780469,-179.0031895780469
282976,1435.0,1283.6918123539924,151.30818764600758
283023,623.0,547.568652264701,75.43134773529903
283059,1485.0,1280.8337294981388,204.16627050186116
283081,910.0,914.6339766629997,-4.6339766629996575
283208,680.0,722.2077550828745,-42.20775508287454
283215,653.0,716.1103425161981,-63.1103425161981
283220,1065.0,1100.6206053125452,-35.620605312545194
283232,1093.0,1144.3404464561227,-51.34044645612266
283273,1190.0,1135.0479015511007,54.95209844889928
283306,730.0,643.6138997015973,86.38610029840265
283330,1010.0,1040.7001717588107,-30.70017175881071
283331,1100.0,1128.1574270377778,-28.15742703777778
283332,590.0,715.3284226436689,-125.32842264366889
283346,700.0,802.0592172032814,-102.05921720328138
283358,1175.0,1121.814575468578,53.185424531422086
283362,1170.0,1180.8122283512303,-10.81222835123026
283378,720.0,721.4204025134659,-1.4204025134658878
283449,735.0,717.3869901121847,17.613009887815338
283484,1075.0,1053.9972993802041,21.00270061979586
283501,970.0,798.3536875201023,171.6463124798977
283537,1120.0,1119.0675506258183,0.932449374181715
283541,1120.0,956.1135605876656,163.88643941233443
283627,690.0,673.3450257879439,16.654974212056118
283715,1150.0,1187.9399072971885,-37.93990729718848
283737,926.0,926.3388258510644,-0.3388258510643709
283767,750.0,754.0787129586843,-4.078712958684264
283788,915.0,788.471459214914,126.52854078508597
283894,1245.0,1295.2192614063572,-50.21926140635719
283936,1190.0,1158.7411779339172,31.258822066082757
283995,655.0,705.9585431413215,-50.95854314132146
284061,871.0,997.9352979990068,-126.93529799900682
284127,944.0,1011.5345240106989,-67.53452401069887
284167,765.0,1031.2255588461417,-266.22555884614167
284225,1175.0,1164.1703200851537,10.829679914846338
284260,560.0,703.3010303780766,-143.30103037807658
284282,1210.0,1256.7783336733214,-46.77833367332141
284297,770.0,682.8425289877833,87.15747101221666
284304,1010.0,1214.5315032609194,-204.5315032609194
284319,1076.0,943.4190148471973,132.58098515280267
284358,975.0,950.6828299206189,24.31717007938107
284360,705.0,669.847103096271,35.152896903729015
284370,1270.0,1177.1119632400373,92.88803675996269
284394,1490.0,1105.454131982707,384.54586801729306
284395,780.0,670.7331359868601,109.26686401313987
284410,790.0,689.8899905841894,100.11000941581062
284429,1155.0,1200.1022431318718,-45.102243131871774
284450,560.0,626.9171522340573,-66.91715223405731
284452,1285.0,1255.4645122127517,29.535487787248258
284470,765.0,753.1446400548775,11.855359945122473
284494,1246.0,1092.95177195275,153.04822804724995
284568,1335.0,1334.4001387845794,0.5998612154205603
284582,655.0,615.1287300976386,39.871269902361405
284625,1480.0,1343.6648157854513,136.3351842145487
284689,1060.0,988.4358269612778,71.56417303872217
284728,1285.0,1128.228723741887,156.77127625811295
284822,1325.0,1308.3194429648115,16.680557035188485
284834,1010.0,1145.368146843444,-135.36814684344404
284843,825.0,1083.9732157468598,-258.97321574685975
284876,1660.0,1399.8061381396847,260.19386186031534
284879,1380.0,1309.1742342451716,70.82576575482835
284902,1208.0,1161.9486463511205,46.05135364887951
284904,1160.0,1122.328300883882,37.67169911611791
284916,940.0,1240.363094402289,-300.3630944022891
285015,906.0,928.0785510977827,-22.07855109778268
285016,1235.0,1204.4064052593267,30.593594740673325
285017,849.0,745.745328886201,103.25467111379896
285038,1202.0,1099.9151779033452,102.08482209665476
285076,705.0,764.9588698363906,-59.95886983639059
285103,963.0,1066.336075689306,-103.33607568930597
285134,1050.0,1228.4840721935088,-178.48407219350884
285161,981.0,1029.068617156408,-48.06861715640798
285165,1021.0,1066.475844893561,-45.47584489356109
285209,1113.0,1004.9474470449775,108.05255295502252
285247,1160.0,1244.289262005696,-84.28926200569595
285289,746.0,719.7919031983259,26.20809680167406
285339,925.0,758.1951967820889,166.80480321791106
285367,710.0,691.7886840442554,18.211315955744567
285394,1070.0,1186.2766989707247,-116.27669897072474
285440,1325.0,1010.4336096017203,314.56639039827974
285480,735.0,752.2822269080697,-17.282226908069674
285505,1035.0,1218.7311302755684,-183.73113027556838
285533,1554.0,1141.560538558631,412.4394614413691
285562,1113.0,1135.2434120346904,-22.243412034690436
285563,1170.0,1048.4567017773059,121.54329822269415
285570,1430.0,1343.2149541190367,86.78504588096325
285571,1280.0,1164.8280598315744,115.17194016842564
285612,665.0,724.2757916621106,-59.27579166211058
285618,1125.0,1064.6052596108975,60.39474038910248
285620,737.0,666.1657750397819,70.83422496021808
285711,800.0,744.3628569582937,55.63714304170628
285726,631.0,832.1022324278581,-201.1022324278581
285730,660.0,714.2995891854102,-54.29958918541024
285749,1015.0,1204.9755014474324,-189.9755014474324
285766,1390.0,1285.7475897701308,104.25241022986916
285771,558.0,762.6060771115181,-204.60607711151806
285798,1160.0,1012.4846548594069,147.51534514059313
285839,687.0,731.9577140960209,-44.957714096020936
285876,930.0,879.5080574513207,50.491942548679276
286002,595.0,573.7539357289402,21.246064271059822
286030,670.0,696.9696633836824,-26.96966338368236
286035,870.0,1085.532322861335,-215.53232286133493
286062,1041.0,1132.613901973345,-91.61390197334504
286176,495.0,654.5950999957277,-159.59509999572765
286219,1082.0,1194.4956407582604,-112.49564075826038
286237,440.0,1062.0925138547148,-622.0925138547148
286448,1300.0,1214.1848126871391,85.81518731286087
286451,1290.0,1352.6873508174158,-62.68735081741579
286552,1415.0,1088.129837323195,326.87016267680497
286563,849.0,683.5592231301143,165.44077686988567
286675,645.0,687.5734709353897,-42.57347093538965
286763,1246.0,1241.0384520449697,4.961547955030255
286839,1013.0,1225.3336673983251,-212.33366739832513
286921,1085.0,1008.9703170138182,76.0296829861818
286951,880.0,1294.9750211718072,-414.97502117180716
286973,615.0,570.847710449345,44.15228955065504
286982,1140.0,1012.7107324007806,127.28926759921944
286988,990.0,1159.8118534957302,-169.81185349573025
287008,720.0,768.5241183940196,-48.52411839401964
287100,1545.0,1196.3759741395181,348.6240258604819
287232,1130.0,1148.950389099414,-18.950389099413997
287253,575.0,639.1915362025594,-64.1915362025594
287263,965.0,1113.4898180537123,-148.48981805371227
287379,1355.0,1192.5521471821505,162.44785281784948
287414,1097.0,1113.3655325843138,-16.36553258431377
287447,1120.0,1118.752155463441,1.2478445365588868
287458,905.0,952.7643771168698,-47.76437711686981
287688,1095.0,930.2586136424246,164.74138635757538
287722,975.0,1021.9703243255117,-46.97032432551168
287734,981.0,1017.8216866288701,-36.82168662887011
287786,570.0,717.8438167236037,-147.8438167236037
287788,755.0,672.496081371818,82.50391862818196
287815,840.0,711.6997025787484,128.30029742125157
287823,1135.0,1094.463623905338,40.536376094662046
287892,1200.0,1321.8251589864124,-121.82515898641236
287926,1025.0,1091.1152975691625,-66.11529756916252
287969,845.0,978.6078751575952,-133.60787515759523
287984,945.0,1155.0536896612923,-210.0536896612923
288003,1060.0,1115.572507163655,-55.57250716365502
288012,995.0,1240.6851461273636,-245.68514612736362
288042,1047.0,1289.878761820623,-242.8787618206229
288056,760.0,683.6360506753167,76.36394932468329
288071,840.0,577.7434248329776,262.25657516702245
288083,1115.0,716.5025666617282,398.4974333382718
288104,925.0,1131.1334077250285,-206.13340772502852
288177,1150.0,1069.3441585878318,80.65584141216823
288185,882.0,997.2481916851424,-115.24819168514239
288197,1305.0,1324.8892033550972,-19.889203355097152
288220,1422.0,1178.6165621878472,243.3834378121528
288225,970.0,1204.055517932127,-234.05551793212703
288250,970.0,1010.9608411263874,-40.960841126387436
288259,1336.0,1321.5440299254124,14.45597007458764
288356,1305.0,1326.491097002383,-21.491097002382958
288372,1365.0,1304.342299994082,60.65770000591806
288410,1140.0,1081.4330788383725,58.56692116162753
288445,905.0,1171.9725026577853,-266.9725026577853
288482,1155.0,1022.5562469858716,132.44375301412845
288521,710.0,669.9013325366814,40.098667463318634
288556,620.0,681.613649367465,-61.61364936746497
288579,1080.0,1022.9853475331812,57.0146524668188
288639,1058.0,1081.1816086298934,-23.18160862989339
288641,439.0,633.7376352548033,-194.7376352548033
288645,860.0,806.9587154974699,53.04128450253006
288676,1058.0,1089.8172444417623,-31.81724444176234
288779,1195.0,1222.427864996,-27.427864995999926
288838,1268.0,1054.2020053673257,213.79799463267432
288839,850.0,640.3935047330186,209.60649526698137
288905,1620.0,1233.11661036826,386.8833896317401
288940,1215.0,1255.9032564002853,-40.90325640028527
288958,608.0,604.8872638661276,3.1127361338724313
289010,788.0,728.7599333355909,59.24006666440914
289055,710.0,748.001159144857,-38.001159144856956
289060,855.0,1109.7160060794517,-254.71600607945174
289103,745.0,612.8018981496589,132.19810185034112
289106,1054.0,1029.5624099920617,24.437590007938297
289125,1010.0,961.7013202845142,48.29867971548583
289210,1120.0,1054.2020053673257,65.79799463267432
289215,1100.0,1243.3407372699432,-143.34073726994325
289328,955.0,1198.5446930899523,-243.54469308995226
289369,895.0,732.6015484918859,162.39845150811414
289413,790.0,684.4554136743433,105.54458632565672
289463,1224.0,1213.788178732907,10.211821267093
289496,1146.0,1023.4256768830948,122.57432311690525
289593,1230.0,1273.6103655153556,-43.610365515355625
289703,615.0,592.1302698536917,22.869730146308257
289710,1560.0,1249.8143077875488,310.18569221245116
289745,1185.0,1304.285802677077,-119.28580267707707
289785,1255.0,1135.8907144507305,119.10928554926954
289814,760.0,1011.6154048470665,-251.61540484706654
289827,1009.0,695.2534101463223,313.74658985367773
289839,784.0,1006.2228102430137,-222.22281024301367
289973,1315.0,1097.2181195590242,217.78188044097578
289996,1130.0,1163.8087530386351,-33.80875303863513
289998,1125.0,1259.0330493150802,-134.03304931508023
290037,1200.0,1081.3590661033363,118.64093389666368
290087,941.0,1115.0521931717767,-174.0521931717767
290101,1430.0,1190.4328923443582,239.56710765564185
290139,905.0,1198.5032710091516,-293.5032710091516
290143,1010.0,1010.9631441139903,-0.9631441139903245
290201,1110.0,1174.2824481868297,-64.2824481868297
290236,1058.0,930.1268974023461,127.87310259765388
290282,618.0,791.1055819170483,-173.1055819170483
290325,670.0,953.9527604537686,-283.95276045376863
290384,680.0,734.0839699326804,-54.08396993268036
290393,1138.0,1227.0825082348767,-89.08250823487674
290517,1100.0,960.4833800381232,139.5166199618768
290523,1433.0,1297.109990265502,135.8900097344981
290536,585.0,608.4449700475491,-23.444970047549077
290587,890.0,664.6118081120912,225.38819188790876
290626,750.0,669.2117394780365,80.78826052196348
290653,905.0,1078.5410188493481,-173.54101884934812
290679,1470.0,1325.048267335305,144.9517326646951
290741,545.0,723.445674526841,-178.445674526841
290755,755.0,707.9001186391546,47.099881360845416
290820,1220.0,1214.9180355171259,5.0819644828741275
290840,970.0,1019.6734621229396,-49.673462122939554
290842,1250.0,997.0863271844032,252.91367281559678
290846,725.0,734.5628684159657,-9.562868415965681
290854,725.0,777.2289260666035,-52.22892606660355
290870,535.0,699.9107021926624,-164.91070219266237
290887,760.0,692.437729612808,67.56227038719203
290891,1140.0,1195.9425114457,-55.94251144569989
291041,1115.0,1124.654112416264,-9.65411241626407
291131,1160.0,1288.2296889790098,-128.22968897900978
291148,995.0,979.0056343739307,15.994365626069339
291183,668.0,602.1527289141638,65.84727108583616
291211,600.0,633.9724860298104,-33.9724860298104
291221,545.0,558.8625257272795,-13.86252572727949
291377,904.0,929.8407917925122,-25.840791792512164
291460,813.0,744.7504646750692,68.24953532493078
291478,625.0,696.9770634407411,-71.97706344074106
291488,650.0,948.1060787098467,-298.10607870984666
291516,1095.0,1095.1393477207334,-0.13934772073343993
291555,1288.0,1118.9726282195877,169.0273717804123
291572,816.0,1003.3469571157269,-187.34695711572692
291738,520.0,1284.9719329969782,-764.9719329969782
291809,851.0,707.9426203177678,143.05737968223218
291885,1120.0,1266.2766510765762,-146.27665107657617
291944,1086.0,1276.6612388750689,-190.66123887506888
291955,1175.0,1292.14971106252,-117.14971106252005
292029,985.0,1050.2762918297608,-65.2762918297608
292085,745.0,892.3926136954059,-147.39261369540588
292216,785.0,698.3982066431414,86.6017933568586
292238,650.0,639.1704120383088,10.829587961691232
292239,1370.0,1168.5092906537104,201.49070934628958
292284,1000.0,1119.8132539146288,-119.81325391462883
292324,992.0,1157.4324533939,-165.4324533939
292394,720.0,591.6792167232502,128.3207832767498
292584,434.0,642.3547396067569,-208.35473960675688
292658,1219.0,1193.7920928990739,25.20790710092615
292711,700.0,1020.0920062954951,-320.09200629549514
292808,1245.0,1046.3519698690732,198.64803013092683
292816,890.0,1063.5203498078401,-173.52034980784015
292869,930.0,1081.3482811229496,-151.34828112294963
292870,1120.0,1232.783102781463,-112.78310278146296
292888,1205.0,1303.4032866706343,-98.40328667063432
292895,1170.0,1256.3238090470404,-86.32380904704041
293008,592.0,778.691111037676,-186.69111103767602
293067,620.0,839.4086298479865,-219.4086298479865
293096,937.0,1078.675349965953,-141.67534996595305
293187,1306.0,977.5190999394655,328.4809000605345
293231,870.0,887.0380976780374,-17.03809767803739
293293,685.0,1074.4535516780256,-389.45355167802563
293422,1460.0,1006.4777360540776,453.5222639459224
293423,849.0,963.7870823394753,-114.78708233947532
293428,765.0,686.2462523263979,78.7537476736021
293473,570.0,645.043754406887,-75.04375440688705
293548,755.0,713.1017704376549,41.898229562345136
293575,925.0,1057.6327556808264,-132.63275568082645
293580,750.0,1125.4454192587752,-375.44541925877525
293589,410.0,711.4267803331895,-301.4267803331895
293691,970.0,1243.5415517487781,-273.54155174877815
293695,1080.0,1256.4294813205136,-176.42948132051356
293740,1130.0,1253.8973608901047,-123.89736089010466
293799,910.0,1100.9856045690792,-190.98560456907921
293931,1250.0,1197.7403132449783,52.259686755021676
293938,716.0,626.7123128969017,89.28768710309828
293984,1180.0,1231.7500418152526,-51.750041815252644
294147,615.0,685.5235978526276,-70.52359785262763
294157,1525.0,1212.5131316916013,312.4868683083987
294159,1186.0,1001.921146344137,184.07885365586299
294178,1290.0,1190.7335671247836,99.26643287521642
294322,1010.0,1226.7125703770946,-216.7125703770946
294371,980.0,1201.7587088968435,-221.75870889684347
294401,1135.0,1014.2304081634727,120.7695918365273
294404,495.0,565.7728124376125,-70.77281243761252
294406,1123.0,1302.2872351827805,-179.28723518278048
294413,1155.0,1193.4615991680596,-38.46159916805959
294459,1294.0,986.5967004184332,307.4032995815668
294551,1060.0,1021.2583356392937,38.741664360706295
294619,1114.0,1004.0770438839047,109.92295611609529
294628,640.0,637.2243304533654,2.7756695466346173
294643,865.0,1191.4929694509988,-326.49296945099877
294679,915.0,919.8039827035402,-4.803982703540214
294695,895.0,1190.858752022702,-295.858752022702
294797,1053.0,1045.384293875795,7.615706124204962
294830,1045.0,1104.672265306952,-59.67226530695211
294843,1045.0,1050.1338665263982,-5.133866526398151
294933,1020.0,1230.5635110625233,-210.56351106252328
294949,930.0,968.4648354971289,-38.46483549712889
295013,1435.0,1308.1205889409566,126.87941105904338
295042,970.0,878.7168077641654,91.28319223583458
295148,805.0,718.6183658756981,86.38163412430185
295166,1230.0,1352.3461464112713,-122.34614641127132
295211,760.0,760.3798998751698,-0.3798998751698264
295226,1335.0,1344.324412431355,-9.324412431355086
295233,660.0,704.9657918686376,-44.96579186863755
295279,1060.0,1027.8222122648165,32.17778773518353
295318,849.0,911.2915421933939,-62.291542193393866
295326,1267.0,1109.8985659406906,157.10143405930944
295408,758.0,742.8746411430163,15.125358856983667
295464,1370.0,1267.7324707604137,102.26752923958634
295532,770.0,999.5616899950628,-229.5616899950628
295610,805.0,1011.9536564637701,-206.95365646377013
295645,1520.0,1319.4889532229458,200.51104677705416
295664,1265.0,1070.1169893368015,194.88301066319855
295700,720.0,604.4862476944132,115.51375230558676
295747,900.0,1072.5213248007553,-172.52132480075534
295825,540.0,795.4980909012392,-255.49809090123915
295859,550.0,673.8127702144906,-123.81277021449057
295860,1255.0,1125.4632060406525,129.5367939593475
295863,1280.0,1146.78483559907,133.21516440093
295934,1315.0,1292.1631944257351,22.836805574264872
295936,1050.0,1137.7608650479635,-87.76086504796353
295988,1145.0,1161.782063056023,-16.782063056022935
296019,1213.0,1179.1065408021082,33.89345919789184
296155,1090.0,1173.1032512556067,-83.10325125560666
296254,1072.0,945.5729121421236,126.42708785787636
296418,1110.0,1265.0848122682733,-155.08481226827325
296477,1095.0,1295.5079951385887,-200.50799513858874
296497,1138.0,1111.0945017551817,26.905498244818318
296575,1325.0,1397.5264670963568,-72.52646709635678
296591,865.0,1064.2432118059899,-199.24321180598986
296606,900.0,1016.2056875497774,-116.2056875497774
296726,820.0,1118.7434892843144,-298.74348928431436
296727,1275.0,1127.8278026680211,147.17219733197885
296878,860.0,1149.566561199844,-289.56656119984405
296895,705.0,944.9893716931217,-239.9893716931217
296908,545.0,572.5064009356266,-27.50640093562663
296919,710.0,833.7830631842243,-123.78306318422426
297062,580.0,1124.0124347664978,-544.0124347664978
297141,1020.0,1059.1097832940582,-39.10978329405816
297206,1250.0,959.9663732855131,290.0336267144869
297247,1160.0,1225.403381628001,-65.40338162800094
297252,560.0,703.3939553894671,-143.39395538946712
297260,1035.0,896.5736898879909,138.4263101120091
297351,1115.0,1100.6965442323908,14.303455767609194
297382,1295.0,1263.9986500101095,31.001349989890514
297418,615.0,568.7187075605286,46.28129243947137
297437,1127.0,1112.880638583638,14.119361416361926
297501,527.0,622.4468981562536,-95.44689815625361
297570,705.0,864.9699965492276,-159.96999654922763
297621,715.0,756.7549853941849,-41.75498539418493
297655,1035.0,953.9593901801632,81.04060981983685
297710,1185.0,1029.682881641765,155.3171183582349
297842,870.0,1182.6367263615875,-312.63672636158753
297860,1512.0,1336.241600120828,175.75839987917198
297974,960.0,1080.9812008871286,-120.98120088712858
298107,1275.0,1224.9265714155079,50.07342858449215
298141,845.0,772.4791512368405,72.5208487631595
298166,935.0,762.0149096519986,172.98509034800145
298193,1185.0,1225.8236731688323,-40.82367316883233
298204,1425.0,1157.946875094358,267.0531249056421
298263,605.0,758.8494439893923,-153.84944398939228
298275,1210.0,1194.2801041081689,15.71989589183113
298350,560.0,603.9965738221006,-43.99657382210057
298439,1100.0,1106.1176987666495,-6.117698766649482
298443,1415.0,1173.7130556768336,241.28694432316638
298446,1460.0,1321.716111624284,138.28388837571606
298497,645.0,612.8278376686503,32.17216233134968
298534,730.0,648.6695987486456,81.33040125135437
298535,1330.0,1157.5157377071184,172.48426229288157
298551,1175.0,1133.52134971538,41.47865028462002
298578,657.0,715.817898291282,-58.81789829128195
298583,1100.0,1193.9607075824676,-93.96070758246765
298591,1150.0,1093.6644669912548,56.33553300874519
298598,785.0,719.7653504923911,65.23464950760888
298679,1130.0,1056.1339896035336,73.86601039646644
298734,870.0,681.2737121824534,188.72628781754656
298841,1290.0,1270.7680639863356,19.23193601366438
298872,827.0,897.4959125962972,-70.49591259629722
298910,893.0,965.7282009378154,-72.72820093781536
298945,746.0,695.1743863185828,50.82561368141717
299030,1135.0,1126.8967988269387,8.10320117306128
299035,595.0,774.6614928747509,-179.66149287475093
299175,796.0,1221.6019757160261,-425.6019757160261
299176,1014.0,1163.7737290308582,-149.77372903085825
299195,1070.0,1023.5880278175753,46.41197218242473
299206,705.0,655.5586607155522,49.44133928444785
299239,680.0,788.8701941058393,-108.87019410583935
299257,1125.0,1093.1494775832969,31.850522416703143
299291,1040.0,973.3442663904501,66.65573360954988
299306,900.0,1127.7668548103463,-227.76685481034633
299423,1140.0,1066.705689529131,73.29431047086905
299526,848.0,688.8211761631356,159.17882383686435
299527,1620.0,1312.9064653407452,307.09353465925483
299611,1072.0,988.7968908872859,83.20310911271406
299621,1270.0,1043.9379848361068,226.0620151638932
299647,1047.0,1154.155246042267,-107.15524604226698
299654,1140.0,1099.1115138964271,40.88848610357286
299705,1217.0,1109.5675640581399,107.43243594186015
299726,502.0,579.4816001198307,-77.48160011983066
299730,1010.0,1194.420550617851,-184.42055061785095
299836,1028.0,886.2538099624447,141.74619003755527
299869,665.0,704.6740550337671,-39.674055033767104
299891,1250.0,1203.3755194850587,46.6244805149413
299915,970.0,1020.1011087753868,-50.10110877538682
299942,930.0,688.6779277673661,241.3220722326339
299987,930.0,1167.942320819482,-237.9423208194819
300018,624.0,694.6262915467629,-70.6262915467629
300019,485.0,772.5212855804314,-287.52128558043137
300153,773.0,673.7039802211383,99.2960197788617
300155,1025.0,1235.526699132599,-210.5266991325991
300212,945.0,1121.050003518095,-176.05000351809508
300215,670.0,626.7780992275847,43.221900772415324
300231,1175.0,1135.705692006422,39.29430799357806
300239,720.0,683.3276886096147,36.67231139038529
300245,827.0,1052.795774596797,-225.79577459679695
300252,620.0,650.4693718575113,-30.469371857511305
300264,710.0,633.3032921923809,76.69670780761908
300294,1330.0,1209.7167227230718,120.28327727692817
300312,695.0,714.2588120930072,-19.258812093007236
300318,740.0,714.5680651134288,25.431934886571185
300337,700.0,634.1581029441505,65.84189705584947
300420,790.0,738.2290004836689,51.77099951633113
300474,920.0,1271.5439473039223,-351.5439473039223
300475,770.0,656.1261508836827,113.87384911631727
300542,795.0,643.7317832641077,151.26821673589234
300550,1030.0,1054.1888175994413,-24.188817599441336
300641,640.0,770.0428684252449,-130.04286842524493
300661,1285.0,1370.3350292272253,-85.33502922722528
300712,1025.0,912.9889842805577,112.0110157194423
300721,1040.0,1294.1614452428253,-254.16144524282527
300749,655.0,751.9638991642735,-96.96389916427347
300833,1165.0,1150.7561850876855,14.24381491231452
300841,975.0,1228.9084506905103,-253.90845069051034
300874,955.0,1017.9131734297054,-62.91317342970535
300906,1375.0,1082.0287115920696,292.9712884079304
300953,1122.0,1043.160143356794,78.83985664320608
301092,902.0,1234.539738745628,-332.53973874562803
301194,937.0,1357.588858909772,-420.58885890977194
301253,1345.0,1239.5471033389138,105.45289666108624
301259,675.0,699.4486770472977,-24.44867704729768
301286,668.0,695.7493673525992,-27.749367352599165
301288,700.0,692.7906652959359,7.2093347040640765
301330,470.0,728.3798168497225,-258.3798168497225
301341,1425.0,1050.4903316514915,374.5096683485085
301363,560.0,658.3802782546213,-98.38027825462132
301397,1710.0,1292.4016839175913,417.5983160824087
301512,1005.0,1182.6515082211026,-177.65150822110263
301565,860.0,996.9336494032542,-136.9336494032542
301668,1201.0,1193.9210871854398,7.078912814560226
301749,1235.0,1174.0157596595068,60.984240340493216
301810,920.0,1053.4786439663847,-133.47864396638465
301864,840.0,911.4172715478421,-71.41727154784212
301869,1285.0,1164.6141545837634,120.38584541623663
301879,725.0,735.9926366381527,-10.992636638152703
301948,760.0,721.2863268081218,38.71367319187823
301976,1347.0,1128.5085432437884,218.49145675621162
301995,1213.0,1268.361337665066,-55.361337665066
302064,590.0,682.2733913588664,-92.27339135886643
302077,1330.0,1257.4100775490513,72.58992245094873
302130,1191.0,1070.744293211026,120.25570678897407
302238,1047.0,1149.7545555225959,-102.75455552259587
302259,1025.0,980.7958371457285,44.204162854271544
302277,817.0,1124.9583630168227,-307.95836301682266
302307,465.0,677.2538163140823,-212.25381631408231
302451,740.0,651.3479506057452,88.65204939425485
302479,662.0,679.0994352351839,-17.099435235183932
302533,838.0,1245.2592586569172,-407.25925865691715
302596,425.0,708.5435686375148,-283.5435686375148
302610,870.0,1181.5988799812274,-311.59887998122736
302723,710.0,1090.99058115068,-380.9905811506801
302759,1040.0,1054.8891244907563,-14.88912449075633
302795,1195.0,1153.403417239027,41.59658276097298
302799,630.0,747.3607235512877,-117.36072355128772
302897,855.0,1186.1841539809084,-331.1841539809084
303010,930.0,1112.5592847935536,-182.55928479355362
303062,677.0,948.5093691734694,-271.5093691734694
303113,986.0,1081.4771991749435,-95.47719917494351
303125,959.0,1098.8790582444508,-139.8790582444508
303212,1058.0,931.7409533064231,126.25904669357692
303232,1041.0,1081.0332122414632,-40.03321224146316
303323,805.0,1080.061625211684,-275.06162521168403
303328,970.0,1153.393639962674,-183.3936399626739
303339,1125.0,1251.7638693752651,-126.76386937526513
303402,1110.0,1141.628677394766,-31.6286773947661
303416,1170.0,1195.0257670612789,-25.025767061278884
303536,580.0,743.582347128982,-163.58234712898195
303585,1040.0,1242.2335070759705,-202.23350707597046
303716,1375.0,1346.785326544531,28.214673455468983
303730,1137.0,1343.4679597736317,-206.46795977363172
303846,1045.0,1079.1776613077966,-34.1776613077966
303873,655.0,710.954091965566,-55.95409196556602
303973,676.0,726.1757989458631,-50.17579894586311
303977,800.0,1117.04870985069,-317.0487098506901
304062,580.0,893.2136161282992,-313.21361612829924
304088,810.0,1032.1329745176106,-222.1329745176106
304096,1125.0,1072.0778134608347,52.922186539165295
304100,1025.0,1079.368091741625,-54.368091741624994
304278,813.0,580.9133554249505,232.0866445750495
304304,729.0,1245.277618245682,-516.2776182456821
304347,675.0,759.3978528640581,-84.39785286405811
304368,1030.0,1143.4978570923631,-113.49785709236312
304436,965.0,1091.1772839394293,-126.17728393942934
304548,895.0,1163.7175179210312,-268.71751792103123
304555,1010.0,1042.482833014887,-32.48283301488709
304560,950.0,1061.6708134791575,-111.67081347915746
304587,755.0,731.0884682194035,23.911531780596533
304601,766.0,756.2808056634475,9.719194336552505
304656,633.0,614.4579752214034,18.542024778596556
304717,727.0,777.0870673297429,-50.08706732974292
304753,1525.0,1305.3088935517735,219.6911064482265
304755,847.0,722.9670299984471,124.03297000155294
304782,985.0,1262.1564052179872,-277.1564052179872
304804,880.0,1124.213831702657,-244.213831702657
304815,1118.0,1073.3425004058392,44.657499594160754
304816,730.0,734.079584873685,-4.0795848736850076
304907,760.0,750.9183995088945,9.081600491105519
304966,1010.0,1217.609057325674,-207.60905732567403
305217,1278.0,1268.4065580326228,9.593441967377203
305337,1230.0,1247.1946386476304,-17.194638647630427
305365,1005.0,989.1217699324877,15.878230067512277
305378,1066.0,1091.2239461757692,-25.223946175769242
305410,580.0,758.8553802553735,-178.85538025537346
305414,700.0,777.8070346624445,-77.8070346624445
305538,695.0,686.9831255928045,8.016874407195473
305585,1375.0,1263.618154513203,111.38184548679692
305614,1320.0,1364.1179915737348,-44.1179915737348
305617,765.0,991.9698148024955,-226.96981480249553
305670,1175.0,1320.9145840523347,-145.9145840523347
305792,1146.0,999.4040984364327,146.59590156356728
305819,1191.0,1321.8513105613151,-130.85131056131513
306005,1080.0,1359.79228419489,-279.79228419489004
306033,940.0,1084.0523163054686,-144.0523163054686
306074,1145.0,1015.0723763245978,129.92762367540217
306102,1195.0,936.5890929299655,258.41090707003445
306123,700.0,886.3113414254918,-186.31134142549183
306136,1000.0,1037.1557732183717,-37.15577321837168
306142,1502.0,1290.6915130948555,211.3084869051445
306199,800.0,621.3344044041205,178.6655955958795
306412,1290.0,1098.0163354646531,191.98366453534686
306425,1060.0,1098.4098504857504,-38.40985048575044
306447,745.0,1004.2960391683347,-259.2960391683347
306453,1360.0,1218.028013299873,141.971986700127
306478,1146.0,1052.3070943708437,93.69290562915626
306554,1115.0,1299.4340382084504,-184.43403820845037
306566,727.0,1114.186368876808,-387.18636887680805
306580,550.0,707.2695714445489,-157.2695714445489
306632,527.0,679.4997128512174,-152.4997128512174
306651,1136.0,1346.2102927110734,-210.2102927110734
306686,705.0,574.4623262957485,130.53767370425146
306825,1320.0,1027.6809566328395,292.3190433671605
306836,810.0,941.194728219453,-131.19472821945305
306894,695.0,700.4260718750071,-5.426071875007096
306898,1060.0,1271.6787230683346,-211.67872306833465
307010,1040.0,1058.533626588807,-18.53362658880701
307017,970.0,1076.1195743261524,-106.11957432615236
307120,1100.0,1285.6726356453896,-185.67263564538962
307135,1175.0,1134.36175382074,40.63824617926002
307246,540.0,648.5728755745693,-108.57287557456925
307328,475.0,581.5728563238761,-106.57285632387607
307555,1180.0,1062.311182474238,117.68881752576203
307598,979.0,904.9755862348517,74.02441376514832
307665,880.0,1151.7259838624811,-271.72598386248114
307818,725.0,762.0972923630185,-37.09729236301848
307829,1003.0,1101.161406628558,-98.1614066285581
307835,715.0,747.3999670804561,-32.39996708045612
307856,710.0,646.1026984126986,63.8973015873014
307888,680.0,653.4930455319194,26.506954468080608
307934,520.0,707.1376002848647,-187.13760028486467
307940,1180.0,1285.2481428869914,-105.24814288699145
307941,1180.0,1143.468758175898,36.531241824101926
307942,1036.0,1054.0590045403562,-18.059004540356227
307977,1193.0,1218.810164858126,-25.810164858125972
308066,905.0,1103.5895206182713,-198.5895206182713
308085,1260.0,1322.326751979956,-62.32675197995604
308098,1170.0,1321.4679740007236,-151.46797400072364
308185,1040.0,1142.031576535071,-102.03157653507105
308230,520.0,719.9496509114546,-199.94965091145457
308248,560.0,800.1397673833939,-240.13976738339386
308287,1325.0,1337.709317273753,-12.709317273752958
308357,665.0,638.6349981673781,26.365001832621942
308406,1030.0,623.2963969842731,406.7036030157269
308438,1455.0,1233.8093428684997,221.1906571315003
308505,645.0,594.7069569352421,50.29304306475785
308521,1120.0,1106.0840194394002,13.915980560599792
308533,1082.0,1124.3054766597736,-42.3054766597736
308572,490.0,761.5039166644293,-271.5039166644293
308583,1380.0,1323.0289496591818,56.97105034081824
308612,1240.0,1215.5609987991525,24.439001200847542
308624,925.0,1035.3896720518353,-110.3896720518353
308654,1205.0,1144.6968219979306,60.303178002069444
308704,955.0,984.9447685808587,-29.94476858085875
308732,1130.0,1221.5349473047543,-91.53494730475427
308767,1030.0,789.5356468850375,240.46435311496248
308789,775.0,710.5219204452852,64.47807955471478
308814,1367.0,1349.9500013511379,17.04999864886213
308829,850.0,1088.964548948322,-238.9645489483221
308844,1210.0,1170.8934095936647,39.10659040633527
308879,910.0,1010.9309449821245,-100.93094498212452
308951,1020.0,1084.2205856805615,-64.2205856805615
308985,782.0,972.8870459087951,-190.88704590879513
308992,1179.0,1167.1319437353022,11.86805626469777
309013,1047.0,1062.6408460678576,-15.640846067857638
309042,767.0,708.2131135911005,58.78688640889948
309064,1395.0,1239.9046574027527,155.09534259724728
309100,594.0,669.5711843850586,-75.57118438505859
309128,1367.0,1254.0634297871568,112.93657021284321
309131,805.0,679.8867682205603,125.11323177943973
309135,420.0,545.1717597515736,-125.17175975157363
309278,635.0,651.2511991440832,-16.251199144083216
309289,960.0,966.8302734444785,-6.830273444478507
309426,920.0,1123.7475426416997,-203.74754264169974
309489,1050.0,1192.5882487403755,-142.58824874037555
309522,690.0,737.2213173270464,-47.22131732704645
309628,1105.0,1179.3208170333721,-74.32081703337212
309691,1335.0,1106.9726343848627,228.02736561513734
309780,1240.0,1272.3260385397912,-32.32603853979117
309814,854.0,1128.9214525216912,-274.9214525216912
309831,640.0,670.0089461577254,-30.008946157725404
309954,835.0,725.4569611291178,109.54303887088224
309962,955.0,1048.6399084034883,-93.63990840348833
310029,1033.0,975.3046472493904,57.69535275060957
310181,686.0,667.1806291276133,18.819370872386685
310208,1115.0,1246.9909045999977,-131.99090459999775
310526,937.0,902.0168956337774,34.98310436622262
310531,1220.0,1183.8722863124246,36.12771368757535
310532,455.0,697.5803090572613,-242.58030905726127
310584,1530.0,1182.2179606656746,347.7820393343254
310624,1158.0,1181.5240780090528,-23.5240780090528
310627,1191.0,1211.8288784639255,-20.828878463925548
310687,925.0,720.9302958381215,204.06970416187846
310711,1044.0,991.6008773902099,52.39912260979008
310732,1365.0,1323.2978002421821,41.70219975781788
310743,1008.0,967.4346747597197,40.565325240280345
310744,1405.0,1281.3120677999384,123.6879322000616
310780,980.0,943.8802954031983,36.11970459680174
310790,1270.0,1139.7242877230362,130.27571227696376
310798,1050.0,1166.5897000431585,-116.58970004315847
310838,680.0,683.5417287073718,-3.541728707371817
310853,725.0,737.7125574267758,-12.712557426775788
310860,700.0,981.5432113246738,-281.54321132467385
310870,1030.0,1229.914192406771,-199.914192406771
310905,581.0,700.3329277402069,-119.33292774020686
310931,900.0,1142.5751705535986,-242.57517055359858
311041,650.0,656.9896374667816,-6.9896374667815735
311071,915.0,716.9504725301063,198.04952746989375
311103,775.0,711.4068306346792,63.59316936532082
311218,600.0,652.3285399248787,-52.32853992487867
311324,790.0,651.8015303730648,138.1984696269352
311358,1395.0,1200.5237421522827,194.4762578477173
311405,1140.0,1115.7442147142135,24.255785285786487
311456,890.0,1043.2788113270449,-153.27881132704488
311473,655.0,721.5825854877141,-66.58258548771414
311588,923.0,1047.1222909188912,-124.12229091889117
311657,960.0,1152.0224068054083,-192.0224068054083
311827,1290.0,1295.8369693964923,-5.83696939649235
311841,740.0,675.9886108978635,64.01138910213649
311874,720.0,726.4076148409943,-6.407614840994256
311886,800.0,664.5853919506987,135.41460804930125
311998,680.0,599.9999669025249,80.00003309747513
312103,710.0,701.1741092742365,8.825890725763543
312134,1380.0,1163.4660801237412,216.53391987625878
312135,639.0,666.9984860232382,-27.99848602323823
312164,715.0,579.5420459684273,135.45795403157274
312166,796.0,672.3196177119218,123.68038228807825
312182,595.0,721.0549597045982,-126.05495970459822
312196,780.0,640.3752696781345,139.6247303218655
312210,1355.0,1218.1743436887614,136.82565631123862
312253,680.0,582.0090551288746,97.99094487112541
312345,1165.0,984.8822943068503,180.11770569314967
312432,1085.0,1142.3056825077877,-57.30568250778765
312465,1340.0,1331.209984589241,8.790015410758997
312512,504.0,694.1971008079996,-190.19710080799962
312524,960.0,1113.9652250636188,-153.96522506361885
312541,505.0,602.8587722740331,-97.85877227403307
312556,1150.0,1378.1590665999543,-228.15906659995426
312623,550.0,707.9275938986428,-157.92759389864284
312660,827.0,702.0108650793653,124.98913492063468
312851,760.0,1130.0334075066767,-370.03340750667667
312894,585.0,1107.9214569394208,-522.9214569394208
312905,1160.0,1170.8709878362286,-10.87098783622855
312907,715.0,1086.7338503874216,-371.7338503874216
312950,760.0,1072.2447701526528,-312.2447701526528
312994,738.0,1150.5549040564679,-412.5549040564679
313029,945.0,1035.5860488933329,-90.58604889333287
313055,890.0,928.9479215244407,-38.947921524440744
313071,1175.0,980.6172322836072,194.38276771639278
313101,795.0,1349.0566296690658,-554.0566296690658
313114,1220.0,1252.7389483249383,-32.73894832493829
313158,1110.0,1064.3620346410814,45.637965358918564
313212,1170.0,1134.4421739676914,35.55782603230864
313222,1405.0,1216.102194080352,188.8978059196479
313233,610.0,692.893532282145,-82.89353228214497
313272,1345.0,1144.247704596568,200.75229540343207
313352,1090.0,961.1264463859925,128.8735536140075
313524,1020.0,1170.9895821312145,-150.98958213121455
313638,890.0,1026.66780514234,-136.66780514234006
313744,1422.0,1262.4905471755053,159.5094528244947
313758,749.0,879.2002098845477,-130.2002098845477
313805,715.0,664.5111808961183,50.488819103881724
313844,517.0,519.053792504563,-2.0537925045630345
313892,490.0,605.7595440465398,-115.75954404653976
313919,1025.0,1150.949052764631,-125.949052764631
313979,1030.0,1129.8751740099158,-99.87517400991578
313988,535.0,757.9859775599004,-222.98597755990045
314017,565.0,560.7429207780949,4.257079221905087
314055,645.0,691.6134317694875,-46.61343176948753
314063,825.0,909.5421284050093,-84.5421284050093
314184,896.0,928.1340687981931,-32.134068798193084
314199,1030.0,1197.4155335001242,-167.41553350012418
314229,1270.0,1159.3289302128271,110.67106978717288
314257,1305.0,1244.6065419970118,60.393458002988154
314383,840.0,1072.1650714869804,-232.16507148698042
314400,1125.0,1290.686403102312,-165.68640310231194
314461,940.0,1181.7916193826134,-241.79161938261336
314472,602.0,624.7993720330231,-22.799372033023133
314508,620.0,759.1082855262442,-139.10828552624423
314567,990.0,1118.7611086770394,-128.76110867703937
314599,900.0,860.6831958083521,39.31680419164786
314634,805.0,897.6312455890477,-92.6312455890477
314635,1260.0,1149.9025073372834,110.0974926627166
314751,375.0,610.4579536384683,-235.45795363846833
314819,520.0,508.8694556127507,11.130544387249302
314875,970.0,1102.929966879996,-132.92996687999607
314898,820.0,1214.3027552990434,-394.3027552990434
314918,920.0,1220.199423871145,-300.199423871145
314996,1410.0,1384.996916986626,25.003083013373953
315029,925.0,1247.1840776480656,-322.18407764806557
315048,1170.0,1242.9966454751052,-72.9966454751052
315050,430.0,659.2585303061701,-229.2585303061701
315070,1115.0,1223.3517152039922,-108.35171520399217
315159,538.0,736.2186301315195,-198.2186301315195
315325,1095.0,1179.3312670058092,-84.3312670058092
315399,1016.0,1051.0728479301304,-35.072847930130365
315568,880.0,681.6179234974901,198.3820765025099
315592,1433.0,1285.0182415512973,147.98175844870275
315644,736.0,640.4574975229551,95.54250247704488
315656,840.0,1089.295832113561,-249.2958321135609
315719,1240.0,949.7999987034243,290.2000012965757
315769,429.0,695.5957291643351,-266.5957291643351
315875,925.0,1060.0374726613445,-135.0374726613445
315922,875.0,1180.3738767205205,-305.37387672052046
316025,670.0,748.510112240161,-78.51011224016099
316026,1020.0,963.3360174508265,56.66398254917351
316176,555.0,709.9803394514446,-154.9803394514446
316210,1295.0,1221.056202125108,73.94379787489197
316258,980.0,1052.3668389726047,-72.36683897260468
316305,1190.0,1189.8493818308243,0.1506181691756865
316322,1473.0,993.2828822751326,479.7171177248674
316423,1370.0,1131.909424938216,238.09057506178397
316483,959.0,1074.279722698686,-115.2797226986861
316490,780.0,724.8423506069003,55.157649393099746
316528,1190.0,1213.5509496716331,-23.550949671633134
316552,1255.0,1262.9055346455564,-7.905534645556372
316640,1310.0,1336.7924700251522,-26.79247002515217
316673,1220.0,1079.3403425707227,140.65965742927733
316681,675.0,627.3846508908983,47.61534910910166
316683,1036.0,1111.684624877782,-75.68462487778197
316739,1090.0,1188.8174161172865,-98.81741611728648
316778,1070.0,1250.8222383504944,-180.82223835049444
316790,1610.0,1277.0821301751857,332.91786982481426
316915,995.0,1137.4970030491068,-142.49700304910675
317041,1510.0,1276.6138175468705,233.38618245312955
317074,1190.0,1343.5569441780399,-153.55694417803988
317106,975.0,1206.4212733857848,-231.42127338578484
317109,1090.0,1273.6103655153556,-183.61036551535562
317121,1180.0,1224.5110167139112,-44.511016713911204
317206,1210.0,1159.1462180506228,50.85378194937721
317254,840.0,975.0149743729952,-135.0149743729952
317294,559.0,700.9641793297345,-141.96417932973452
317302,725.0,726.2053285919765,-1.2053285919764676
317310,1125.0,1130.6295534200954,-5.6295534200953625
317312,1172.0,1169.9493127994526,2.0506872005473724
317331,1025.0,1265.1463159521304,-240.1463159521304
317448,1275.0,1355.9460917053627,-80.94609170536273
317484,980.0,1155.1877898415619,-175.18778984156188
317547,850.0,790.3804400559984,59.619559944001594
317548,770.0,1203.5602835732,-433.56028357319997
317573,635.0,679.6741941769186,-44.674194176918604
317619,1130.0,1139.8735757546997,-9.873575754699687
317630,1105.0,1086.8744575218768,18.12554247812318
317649,1100.0,1270.4364963336725,-170.4364963336725
317725,1085.0,1133.4280362610978,-48.42803626109776
317790,1090.0,1132.5354219146536,-42.535421914653625
317832,700.0,680.1219967910179,19.878003208982136
317967,740.0,1057.6503448432,-317.65034484319995
317986,1566.0,1107.649576961415,458.35042303858495
318256,914.0,1095.3274476568943,-181.32744765689426
318286,996.0,1273.0173437301187,-277.0173437301187
318312,1000.0,1031.8328704491219,-31.832870449121856
318325,707.0,583.2989954773924,123.7010045226076
318377,390.0,1098.8724999627696,-708.8724999627696
318389,1279.0,1141.0028996323751,137.99710036762485
318406,835.0,981.2759941562388,-146.27599415623877
318416,690.0,726.7401136128288,-36.74011361282885
318458,882.0,1089.9612516690327,-207.96125166903266
318556,633.0,571.0147718576493,61.98522814235071
318610,821.0,738.5077810445629,82.49221895543712
318636,1115.0,1334.4440768620996,-219.44407686209956
318646,885.0,1088.590012358214,-203.59001235821393
318654,1085.0,1265.843043651244,-180.843043651244
318701,635.0,732.1258729629346,-97.12587296293464
318768,1055.0,1094.908108337423,-39.90810833742307
318851,1018.0,1049.6961199164107,-31.69611991641068
318876,840.0,1124.8805306183976,-284.88053061839764
318885,1180.0,1036.4895306299884,143.5104693700116
318954,1170.0,1037.1171639093918,132.88283609060818
318968,950.0,1181.0870657264677,-231.0870657264677
319044,771.0,666.7150808332567,104.2849191667433
319054,725.0,742.7255292314742,-17.725529231474184
319090,1195.0,1301.8532773587006,-106.85327735870055
319092,985.0,1254.0984349470111,-269.0984349470111
319107,1620.0,1263.5838800478623,356.4161199521377
319117,946.0,1141.090459315437,-195.0904593154371
319122,1030.0,1243.4940296157074,-213.4940296157074
319184,1224.0,1217.0378068490134,6.96219315098665
319213,1425.0,1240.7328950729125,184.26710492708753
319358,1160.0,1144.6814780364432,15.318521963556805
319418,930.0,914.8793808476689,15.120619152331074
319468,890.0,1043.0542643862777,-153.05426438627774
319472,1010.0,1062.4274549663198,-52.42745496631983
319476,1040.0,1015.2087677017252,24.79123229827485
319484,1083.0,1095.2123356054783,-12.212335605478302
319521,500.0,554.8934545177045,-54.89345451770453
319523,815.0,717.3100376793554,97.68996232064455
319570,1390.0,1003.5482348487639,386.45176515123615
319616,1345.0,1256.9928336735406,88.00716632645936
319627,1200.0,1144.7777600769173,55.222239923082725
319706,1350.0,1188.485820861653,161.5141791383469
319762,1158.0,1084.9859731133927,73.01402688660733
319890,890.0,716.7677351868105,173.23226481318954
319916,1350.0,1287.7691905875129,62.23080941248713
319936,895.0,1106.8015228533181,-211.80152285331815
319978,635.0,677.4161542614268,-42.416154261426755
320072,1680.0,1370.7542512893324,309.2457487106676
320098,440.0,609.6401611708567,-169.6401611708567
320105,820.0,682.951271278805,137.04872872119495
320141,1405.0,1114.991277551189,290.0087224488111
320148,1190.0,1320.4401884609886,-130.44018846098857
320152,1384.0,1190.2806157220014,193.71938427799864
320226,1170.0,1198.6719704704224,-28.671970470422366
320293,640.0,1108.2883093121598,-468.28830931215975
320366,1060.0,1363.893469032004,-303.8934690320041
320418,1175.0,1165.2173788170687,9.78262118293128
320484,640.0,753.1732689707604,-113.17326897076043
320498,1220.0,1284.8352080900984,-64.83520809009838
320502,780.0,758.7135480202662,21.286451979733783
320531,1130.0,1088.6500967867837,41.349903213216294
320600,515.0,704.5373875824872,-189.5373875824872
320605,755.0,752.0142117556169,2.985788244383116
320610,1225.0,1066.9193594105627,158.08064058943728
320676,882.0,704.1707525469807,177.82924745301932
320689,640.0,737.7770179783781,-97.77701797837813
320698,1430.0,1154.4809532886732,275.51904671132684
320724,1085.0,1304.3645702167194,-219.36457021671936
320743,1170.0,1228.7579707432883,-58.7579707432883
320755,690.0,717.9446246390905,-27.944624639090534
320848,512.0,688.8374992810055,-176.83749928100553
320897,610.0,671.3362339603955,-61.336233960395475
320910,1185.0,1082.7570000827127,102.2429999172873
320913,605.0,612.4205715402012,-7.420571540201195
320915,1160.0,1080.649681193222,79.35031880677798
320924,605.0,668.5228399470896,-63.52283994708955
320991,1230.0,1332.6308323082528,-102.63083230825282
321025,700.0,779.1331264522287,-79.13312645222868
321187,705.0,769.4266567002596,-64.42665670025963
321216,180.0,955.520992514517,-775.520992514517
321272,424.0,722.5343167616244,-298.5343167616244
321410,1078.0,980.3737929814831,97.62620701851688
321431,848.0,1220.32231864906,-372.32231864906
321490,860.0,717.241878163263,142.75812183673702
321503,1135.0,1334.6087065910563,-199.60870659105626
321591,674.0,802.1279607721606,-128.12796077216058
321601,709.0,699.2166403633454,9.783359636654609
321747,1170.0,1220.773032307759,-50.77303230775897
321778,755.0,1327.6076306556763,-572.6076306556763
321847,605.0,721.8275287208854,-116.82752872088543
321852,1375.0,1157.1290576411047,217.87094235889526
321896,990.0,1119.5406042806806,-129.54060428068055
321914,1469.0,1281.7005492037758,187.29945079622416
321920,1180.0,1136.412804001888,43.587195998112065
322033,1030.0,843.093647335063,186.906352664937
322151,903.0,890.7328799446182,12.267120055381838
322160,835.0,724.2203418435902,110.77965815640982
322194,390.0,632.3401184662727,-242.34011846627266
322198,1610.0,1346.2848470646725,263.7151529353275
322265,965.0,1000.440683322057,-35.440683322057
322272,1130.0,1138.4479756180115,-8.44797561801147
322290,845.0,979.9543629423742,-134.95436294237425
322324,1160.0,1177.5421832297034,-17.54218322970337
322352,595.0,671.3520894123427,-76.3520894123427
322361,805.0,818.8182651492835,-13.818265149283548
322407,560.0,740.9009622663972,-180.9009622663972
322491,585.0,698.2764206571577,-113.2764206571577
322558,1190.0,1222.4099984801842,-32.409998480184186
322568,820.0,652.9040296701799,167.09597032982015
322618,1345.0,1250.9476396914392,94.05236030856076
322658,830.0,912.6719776710491,-82.67197767104915
322752,705.0,740.9219148467289,-35.921914846728896
322836,800.0,679.5669015199738,120.43309848002616
322868,1400.0,1230.133861413388,169.8661385866119
322890,509.0,666.6839173897818,-157.68391738978175
322965,925.0,1133.8378915940705,-208.83789159407047
322981,870.0,1098.6295743022058,-228.6295743022058
323106,1063.0,1004.7387538181315,58.2612461818685
323238,1185.0,1157.9027888769988,27.097211123001216
323296,1130.0,1247.181654763477,-117.1816547634769
323319,955.0,1342.8232315678604,-387.8232315678604
323357,1490.0,1069.0665332070857,420.93346679291426
323363,1030.0,946.7102706749914,83.28972932500858
323494,620.0,717.9456067427892,-97.94560674278921
323551,986.0,1066.3988955178952,-80.3988955178952
323589,1060.0,1315.226896247048,-255.226896247048
323599,605.0,666.9119287744765,-61.91192877447645
323608,510.0,631.3923103848334,-121.39231038483342
323612,608.0,728.5898828003766,-120.58988280037659
323641,545.0,739.3866960657266,-194.3866960657266
323664,1180.0,1075.7832263860569,104.21677361394313
323754,1268.0,1038.4655978491624,229.53440215083765
323765,675.0,749.2548514200479,-74.25485142004788
323773,895.0,1182.6367263615875,-287.63672636158753
323908,920.0,1070.2470260715775,-150.24702607157747
323962,509.0,668.3467832842483,-159.34678328424832
323970,1130.0,1217.1276295570278,-87.12762955702783
323985,530.0,691.5783286670562,-161.5783286670562
323989,860.0,759.6344888361745,100.36551116382554
324177,1065.0,1049.5348266488415,15.465173351158455
324405,1445.0,1202.1342096890453,242.8657903109547
324453,1268.0,969.7018489239264,298.2981510760736
324521,525.0,547.9484403744403,-22.948440374440338
324562,845.0,829.5822052153788,15.417794784621151
324631,1480.0,1257.3526409405013,222.64735905949874
324740,1040.0,1107.885270273785,-67.88527027378495
324836,635.0,689.618313652054,-54.618313652053985
324990,1205.0,1137.286046382809,67.71395361719101
325054,740.0,636.7118498291081,103.28815017089187
325068,1045.0,1268.7298264452202,-223.72982644522017
325085,1140.0,1230.0020012626153,-90.0020012626153
325173,1111.0,1038.52124797042,72.47875202957994
325177,515.0,701.8553853376578,-186.85538533765782
325244,970.0,926.0567879360417,43.9432120639583
325277,1045.0,1154.38786246203,-109.38786246202994
325302,470.0,671.7516972167522,-201.75169721675218
325314,880.0,1104.0870404104899,-224.08704041048986
325324,565.0,632.837664656111,-67.83766465611097
325367,955.0,680.7415801242005,274.2584198757995
325444,900.0,1232.2452340046457,-332.2452340046457
325447,410.0,571.6703754537635,-161.67037545376354
325614,545.0,680.0313862571749,-135.03138625717486
325681,620.0,717.9644896737501,-97.96448967375011
325733,1220.0,1123.9797050847606,96.02029491523945
325777,675.0,765.1636158261534,-90.16361582615343
325789,1295.0,1195.1852726767997,99.81472732320026
325813,755.0,1139.9320243877962,-384.9320243877962
325845,611.0,689.5391799870293,-78.53917998702934
325849,655.0,780.9581343857211,-125.95813438572111
325876,1090.0,1083.713249143889,6.286750856110984
325942,1320.0,1135.399648818448,184.600351181552
325947,825.0,701.909390327537,123.09060967246296
325964,525.0,714.6267818241294,-189.62678182412935
325985,1365.0,1216.4552557800232,148.5447442199768
326133,1030.0,1055.0813021975155,-25.08130219751547
326171,730.0,865.1324739755681,-135.13247397556813
326188,830.0,1136.7991762211614,-306.79917622116136
326293,945.0,943.0181414270347,1.9818585729652796
326330,1014.0,1044.886176847924,-30.886176847923934
326387,1375.0,1207.7682314190242,167.23176858097577
326497,927.0,606.2519975132064,320.74800248679355
326649,745.0,761.440081596609,-16.440081596609048
326704,1150.0,1152.7750952466954,-2.7750952466954004
326754,915.0,1132.8565990533505,-217.85659905335046
326755,900.0,712.2385352030165,187.76146479698355
326757,950.0,1025.5183523834216,-75.51835238342164
326769,1160.0,1270.0230252726078,-110.02302527260781
326845,1400.0,1205.2932221897004,194.70677781029963
326892,695.0,607.7746312913093,87.22536870869067
326938,840.0,694.9618003138789,145.03819968612106
327064,680.0,679.973057071793,0.026942928206949546
327074,953.0,764.1812958284024,188.81870417159757
327084,775.0,1047.6428658396458,-272.64286583964576
327090,1050.0,1113.1265096333116,-63.12650963331157
327105,575.0,464.15786999651,110.84213000349001
327127,610.0,631.1518719582597,-21.151871958259676
327235,890.0,705.1599599924068,184.8400400075932
327260,830.0,759.200802465038,70.79919753496199
327307,590.0,659.6436658970902,-69.64366589709016
327319,1210.0,1324.8731725523191,-114.87317255231915
327374,1065.0,1069.8645683290424,-4.864568329042413
327390,1310.0,1167.7499040209634,142.2500959790366
327399,760.0,1056.3514062078166,-296.3514062078166
327460,744.0,803.7151692624709,-59.71516926247091
327468,460.0,689.5958538029367,-229.59585380293674
327593,640.0,674.0378374209758,-34.03783742097585
327613,546.0,695.0275729864287,-149.0275729864287
327737,1070.0,1011.3387775295455,58.661222470454504
327848,838.0,1001.6085636646732,-163.60856366467317
327900,840.0,724.3012601219814,115.69873987801861
327912,749.0,1053.92207234561,-304.9220723456101
327920,825.0,1037.244343668005,-212.24434366800506
327938,915.0,1158.186888478771,-243.18688847877092
328034,1545.0,1195.1050125084153,349.89498749158474
328057,1147.0,1325.4430608799862,-178.4430608799862
328072,1194.0,1116.8205290305295,77.17947096947046
328169,685.0,790.6983085272325,-105.69830852723248
328228,695.0,785.3721449962048,-90.37214499620484
328334,540.0,633.7820278559826,-93.78202785598262
328342,820.0,1113.6425406325507,-293.64254063255066
328346,575.0,683.065891005416,-108.065891005416
328434,889.0,1145.0328346014549,-256.03283460145485
328435,1020.0,1062.0894653165792,-42.08946531657921
328540,777.0,699.8688776375715,77.13112236242853
328560,1355.0,1157.7115044111383,197.28849558886168
328652,1420.0,1196.5633266684204,223.43667333157964
328665,950.0,1159.6951516682802,-209.69515166828023
328864,1210.0,1227.8718988526025,-17.8718988526025
328919,965.0,959.9547811895892,5.045218810410802
329101,1120.0,1322.198430380773,-202.19843038077306
329227,1015.0,1260.3784022880116,-245.37840228801156
329264,575.0,599.2210675741511,-24.221067574151107
329266,1331.0,1294.2610128985639,36.73898710143612
329299,720.0,599.2698576682976,120.73014233170238
329323,1150.0,1164.0473738260757,-14.047373826075727
329372,1175.0,1328.5634568493776,-153.56345684937764
329439,710.0,753.7048281234437,-43.70482812344369
329481,530.0,712.3949830969374,-182.39498309693738
329603,1130.0,1272.8489774784757,-142.84897747847572
329685,915.0,979.7987886858192,-64.7987886858192
329693,950.0,1264.9826277216118,-314.98262772161183
329715,1603.0,1171.8886566426709,431.11134335732913
329782,970.0,1061.9594197232104,-91.95941972321043
329825,937.0,1127.2621415609312,-190.26214156093124
329892,904.0,1057.2797655811228,-153.27976558112277
330189,1312.0,1100.3693594546116,211.63064054538836
330267,1130.0,1234.281149492383,-104.28114949238307
330366,650.0,977.5834508219721,-327.58345082197206
330407,1205.0,1154.562832367651,50.437167632348974
330450,755.0,636.6187148962148,118.38128510378522
330537,920.0,940.5440560404246,-20.544056040424607
330902,903.0,937.6230114456189,-34.623011445618886
330968,755.0,759.4386540613971,-4.438654061397074
330994,650.0,940.9395553364291,-290.93955533642907
331026,685.0,748.1755321541131,-63.17553215411306
331030,1050.0,1051.1063127655261,-1.106312765526127
331037,885.0,1121.5478598517193,-236.5478598517193
331051,885.0,1083.426184527694,-198.42618452769398
331067,825.0,905.8424783718788,-80.84247837187877
331218,625.0,660.7720658173672,-35.772065817367206
331295,755.0,775.4764133534118,-20.476413353411772
331352,1225.0,1275.0197650906214,-50.01976509062138
331763,1005.0,784.4877897674121,220.5122102325879
331803,572.0,712.1051758931322,-140.10517589313224
331861,655.0,740.6560817702606,-85.65608177026058
331978,650.0,731.6830529716956,-81.68305297169559
331986,1070.0,1095.0970895076423,-25.097089507642295
332071,1210.0,1207.117636391459,2.882363608541027
332078,1220.0,1184.7026301521812,35.2973698478188
332110,1220.0,997.3071970060305,222.6928029939695
332141,1215.0,1217.7167017476138,-2.716701747613797
332205,1270.0,1279.9455078026017,-9.945507802601696
332222,820.0,1131.7596567779322,-311.75965677793215
332240,1355.0,1219.124845713527,135.87515428647293
332253,1105.0,1025.4476606753544,79.55233932464557
332258,1144.0,1015.1298827155891,128.87011728441087
332323,1110.0,998.7533032399232,111.24669676007682
332369,595.0,642.7967432717015,-47.79674327170153
332476,1074.0,1029.793288777899,44.20671122210092
332554,813.0,1085.7325756556604,-272.7325756556604
332582,1040.0,1101.9433948929895,-61.943394892989545
332623,1170.0,1228.6715922193275,-58.67159221932752
332629,1185.0,1296.1460429396006,-111.14604293960065
332631,720.0,641.8737771875336,78.12622281246638
332648,1312.0,1138.3918688286024,173.60813117139764
332669,667.0,786.1184367688052,-119.11843676880517
332689,518.0,640.8056810097388,-122.8056810097388
332767,1055.0,1075.947006353318,-20.947006353318102
332778,881.0,1065.8823555651911,-184.88235556519112
332848,970.0,1073.9639899118622,-103.9639899118622
332898,1130.0,979.9630325351777,150.03696746482228
332919,575.0,595.5408557317182,-20.54085573171824
332989,1150.0,1176.382624637692,-26.38262463769206
333054,575.0,713.8786631512036,-138.87866315120357
333184,557.0,663.4329182376182,-106.4329182376182
333258,1090.0,1004.5639865233053,85.43601347669471
333294,890.0,992.2509046079704,-102.25090460797037
333330,643.0,707.0610404420163,-64.06104044201629
333391,685.0,714.8442924844412,-29.844292484441212
333482,1480.0,1268.6709504551916,211.3290495448084
333662,937.0,907.2061592615223,29.793840738477684
333746,975.0,972.172783229891,2.8272167701089757
333839,630.0,704.7009032637364,-74.70090326373645
334000,805.0,550.3714496485055,254.62855035149448
334042,1114.0,1249.3356575551834,-135.3356575551834
334068,1070.0,1230.0478610818157,-160.04786108181565
334132,1175.0,985.1448572175531,189.85514278244693
334171,906.0,927.1035967720135,-21.103596772013475
334184,550.0,621.0372929026331,-71.03729290263311
334198,1140.0,1033.9122415942675,106.08775840573253
334271,1065.0,1155.672892399036,-90.67289239903607
334301,970.0,1014.6422885737394,-44.64228857373939
334339,1070.0,1069.480269675738,0.5197303242619
334396,665.0,760.7010985776461,-95.70109857764612
334553,575.0,798.8445247813643,-223.84452478136427
334563,930.0,1125.750697511506,-195.7506975115059
334567,1385.0,1171.111988821584,213.88801117841604
334605,1010.0,1119.6216299854038,-109.62162998540384
334694,340.0,736.7844571220479,-396.7844571220479
334702,1060.0,1077.154065483477,-17.154065483477098
334717,585.0,902.0197174570494,-317.0197174570494
334878,937.0,1210.4617540214017,-273.4617540214017
334893,1345.0,1351.2536300470736,-6.253630047073557
334933,760.0,768.1246438750317,-8.124643875031666
335040,906.0,685.9157898921453,220.0842101078547
335186,668.0,684.3319742632411,-16.331974263241136
335230,1430.0,1203.3208263974836,226.67917360251636
335241,1125.0,1345.6990361490136,-220.69903614901364
335338,890.0,1121.407007680927,-231.4070076809271
335412,1065.0,1228.4574196509016,-163.45741965090156
335420,1025.0,1050.1301799543671,-25.130179954367122
335587,383.0,584.5984285714289,-201.59842857142894
335711,885.0,1066.5209940355396,-181.52099403553962
335715,1200.0,1288.8392443786759,-88.83924437867586
335718,910.0,1284.3445639843737,-374.34456398437374
335735,910.0,1083.713249143889,-173.71324914388902
335775,1050.0,1184.3998481253466,-134.39984812534658
336037,1110.0,1102.7995337161965,7.200466283803507
336123,945.0,1177.9196890189285,-232.91968901892847
336163,1240.0,1237.7822075185077,2.2177924814923244
336245,810.0,758.0730802947414,51.92691970525857
336313,1260.0,1346.0388065492164,-86.03880654921636
336356,1160.0,1033.4239047854799,126.57609521452014
336451,630.0,629.015254329004,0.9847456709959488
336488,1120.0,1281.3477660735446,-161.34776607354456
336511,630.0,581.9203265965131,48.079673403486936
336547,1070.0,1047.6877071226643,22.31229287733572
336580,1035.0,1079.6728435807202,-44.672843580720155
336613,540.0,1144.5024283012392,-604.5024283012392
336659,1270.0,1058.4786522542497,211.5213477457503
336667,1065.0,1075.3245182657504,-10.324518265750385
336706,665.0,716.141042705341,-51.141042705340965
336733,705.0,637.5030813296765,67.49691867032345
336782,774.0,613.3383348633624,160.66166513663757
336828,1090.0,1166.6353626499204,-76.63536264992035
336879,1170.0,1296.0092280702409,-126.00922807024085
336919,1025.0,974.1024360158005,50.89756398419945
336934,506.0,713.4073095669975,-207.40730956699747
336960,1080.0,1016.6298040379943,63.37019596200571
337001,1325.0,1252.428606842239,72.5713931577609
337013,1290.0,1081.3590661033363,208.64093389666368
337025,1223.0,1148.985588900435,74.014411099565
337106,823.0,1001.1820870607821,-178.18208706078212
337137,1411.0,1146.3433995292917,264.6566004707083
337422,820.0,1067.3493640612717,-247.34936406127167
337471,490.0,624.5239329179495,-134.52393291794954
337523,1246.0,1177.8400641143585,68.15993588564152
337600,910.0,1199.0526680991377,-289.0526680991377
337613,727.0,725.418152871765,1.5818471282350401
337617,813.0,748.9787736350802,64.02122636491981
337635,740.0,576.9045229868034,163.09547701319661
337693,560.0,799.2628795500607,-239.2628795500607
337789,930.0,914.8460700601413,15.153929939858699
337813,1390.0,1031.8697019902127,358.13029800978734
337843,1213.0,1121.9326962574128,91.06730374258723
338014,990.0,1080.5437417018109,-90.54374170181086
338023,992.0,1025.8276606600411,-33.82766066004115
338029,730.0,844.9958676156735,-114.99586761567355
338195,790.0,721.1035341038584,68.89646589614165
338277,735.0,755.6509625736937,-20.650962573693732
338283,810.0,963.5764230279656,-153.57642302796557
338300,1085.0,1384.205902248002,-299.2059022480021
338373,920.0,1141.320265242684,-221.32026524268394
338384,1305.0,1272.653842203826,32.34615779617411
338485,1000.0,1022.0615480591239,-22.06154805912388
338603,1235.0,1072.7741262099473,162.22587379005267
338633,1003.0,1037.2910275556471,-34.29102755564713
338656,1060.0,1304.8474909999973,-244.84749099999726
338685,1128.0,1135.3990941895386,-7.399094189538573
338804,850.0,1155.1452190042348,-305.14521900423483
338807,593.0,622.7003772987251,-29.70037729872513
339048,545.0,718.2923410338817,-173.2923410338817
339116,757.0,809.0540311758582,-52.0540311758582
339231,1000.0,1206.99106599386,-206.99106599386005
339409,1026.0,1189.547123661368,-163.547123661368
339436,965.0,1279.533350573155,-314.5333505731551
339457,1035.0,969.6277629716227,65.3722370283773
339529,921.0,746.4395131836543,174.5604868163457
339564,1395.0,1403.0071773707598,-8.007177370759791
339640,1015.0,1031.0781116322528,-16.078111632252785
339660,920.0,1164.421869390257,-244.42186939025692
339744,710.0,743.2411942051754,-33.24119420517536
339873,1342.0,1109.8775948744901,232.12240512550989
339913,485.0,601.9524434991401,-116.95244349914014
339952,1235.0,1235.115527972478,-0.11552797247804847
339997,1169.0,979.1669588085937,189.83304119140632
340228,1147.0,1080.0771056107367,66.92289438926332
340273,1257.0,1141.1177231453776,115.88227685462243
340300,1165.0,1146.5580654648081,18.441934535191876
340444,920.0,981.1543953326975,-61.154395332697504
340534,735.0,643.2445019476346,91.7554980523654
340546,960.0,1030.2041049828933,-70.20410498289334
340563,630.0,734.5613314191793,-104.56133141917928
340571,820.0,704.8073374287975,115.1926625712025
340648,990.0,1142.1392030350069,-152.13920303500686
340766,872.0,989.0813741480569,-117.08137414805685
340811,915.0,1135.1476739961554,-220.1476739961554
340878,830.0,1030.3854772312475,-200.38547723124748
341078,959.0,940.1171485723028,18.882851427697233
341384,1015.0,1137.0534154841914,-122.05341548419142
341404,658.0,777.3991034882358,-119.39910348823582
341490,968.0,1131.5190296603691,-163.51902966036914
341492,1460.0,1262.3198457268873,197.68015427311275
341509,880.0,1145.0328346014549,-265.03283460145485
341585,877.0,1081.582955113303,-204.5829551133029
341637,505.0,582.5619357593171,-77.56193575931707
341640,1145.0,1346.304070555701,-201.30407055570095
341641,1005.0,1146.4659406250612,-141.4659406250612
341695,615.0,696.9720889746194,-81.9720889746194
341859,1065.0,1282.9746329086684,-217.97463290866835
341934,980.0,1262.5353385547207,-282.53533855472074
342261,680.0,695.4901687587999,-15.490168758799882
342266,851.0,1123.0829678267385,-272.08296782673847
342710,1080.0,1183.0242897448313,-103.02428974483132
342941,810.0,659.2588896147552,150.74111038524484
343061,935.0,1075.4968161948193,-140.4968161948193
343202,625.0,637.610583997031,-12.610583997030972
343210,970.0,933.543425931807,36.45657406819305
343268,981.0,1051.1821316922349,-70.18213169223486
343311,1014.0,964.7357486283288,49.26425137167121
343432,755.0,724.372931719568,30.627068280432013
343442,355.0,692.1316148580115,-337.1316148580115
343500,1140.0,1297.8886626301623,-157.88866263016234
343501,565.0,694.27181093379,-129.27181093379
343558,609.0,1002.0688697129212,-393.06886971292124
343588,530.0,895.2139712443001,-365.21397124430007
343601,1190.0,1250.666073266736,-60.66607326673602
343618,1310.0,1227.0204417849666,82.97955821503342
343722,1150.0,1050.5047311365254,99.49526886347462
343779,650.0,634.3296459466725,15.670354053327515
343817,924.0,1228.951387387416,-304.95138738741593
343872,632.0,591.3969066905388,40.6030933094612
343977,795.0,715.2541778297248,79.74582217027523
344123,825.0,1040.377108233315,-215.37710823331508
344287,1195.0,1066.2401297334743,128.7598702665257
344344,1030.0,1024.8733943250813,5.126605674918665
344369,915.0,1037.8252214959468,-122.82522149594683
344444,1120.0,1209.0113296362206,-89.01132963622058
344826,842.0,981.2490858794921,-139.2490858794921
344958,760.0,692.0088652672603,67.99113473273974
345000,675.0,730.223188493929,-55.223188493929
345145,630.0,688.8488967714834,-58.848896771483396
345165,585.0,736.1397485041832,-151.13974850418322
345172,865.0,983.2568484532616,-118.25684845326157
345179,1175.0,1110.2523215294657,64.74767847053431
345254,635.0,713.1535714352605,-78.15357143526046
345562,850.0,1005.1091072860595,-155.1091072860595
345752,922.0,1033.7519103004809,-111.75191030048086
345884,625.0,646.6780706254303,-21.678070625430337
345962,1190.0,1352.32283808437,-162.32283808437
345989,1040.0,1123.954225457896,-83.95422545789597
346065,692.0,555.2468740251561,136.7531259748439
346081,600.0,768.8526942556125,-168.8526942556125
346122,650.0,768.8433483038016,-118.84334830380158
346143,1160.0,1143.4651619918536,16.53483800814638
346162,1140.0,1145.7889463002273,-5.7889463002272805
346249,1140.0,1094.7838195317868,45.216180468213224
346308,1190.0,1210.1849005412244,-20.18490054122435
346343,955.0,1158.2165044587714,-203.2165044587714
346687,765.0,1045.4024345885985,-280.40243458859845
346754,1175.0,1129.2475029921509,45.752497007849115
346766,575.0,562.8309434875947,12.169056512405291
346944,920.0,1178.0923474533138,-258.0923474533138
347063,1110.0,997.3598478691623,112.64015213083769
347068,1115.0,1015.4259779249786,99.57402207502139
347164,1274.0,1149.2179988357152,124.7820011642848
347197,530.0,731.4876596884139,-201.48765968841394
347230,1065.0,910.9574318565975,154.0425681434025
347307,1360.0,1318.852722816071,41.14727718392896
347367,565.0,650.7893568189419,-85.78935681894188
347398,1080.0,869.4766943152,210.5233056848
347484,910.0,1114.0564008441854,-204.05640084418542
347573,570.0,645.6933055906348,-75.69330559063485
347588,1055.0,885.3384601022002,169.6615398977998
347704,625.0,655.5451932323937,-30.54519323239367
347722,1090.0,1237.7692618487342,-147.76926184873423
347822,688.0,667.9164495753391,20.08355042466087
347883,800.0,739.2322385360275,60.76776146397253
347924,1075.0,1096.9515809304592,-21.95158093045916
348103,590.0,667.9199569278585,-77.9199569278585
348183,1066.0,965.8567882028354,100.14321179716455
348318,560.0,727.831148434927,-167.83114843492694
348516,1310.0,1217.2519985530216,92.74800144697838
348605,700.0,718.8631549507624,-18.86315495076235
348606,1210.0,1275.4734447920207,-65.4734447920207
348680,960.0,1045.865995564893,-85.86599556489296
348764,1450.0,1249.071315194921,200.928684805079
348988,760.0,726.5142984054153,33.485701594584725
349076,1070.0,1037.8490105820106,32.15098941798942
349339,545.0,702.020938557997,-157.02093855799706
349401,1250.0,1323.41864905942,-73.41864905941998
349403,1075.0,1249.2368802290212,-174.23688022902115
349449,500.0,726.5963944243041,-226.5963944243041
349515,580.0,677.5246351421005,-97.52463514210046
349518,780.0,774.018584904537,5.981415095463035
349580,740.0,740.7449459850841,-0.7449459850840867
349676,1070.0,1070.399669311846,-0.39966931184608256
349875,1020.0,1003.6718397192318,16.328160280768202
349968,565.0,574.7963678771462,-9.796367877146167
350060,1345.0,1180.375477949027,164.62452205097293
350096,1301.0,1303.0224989520505,-2.022498952050455
350210,686.0,913.9103164243131,-227.91031642431312
350261,771.0,1061.709826846837,-290.7098268468369
350274,822.0,1075.2198712027591,-253.21987120275912
350344,855.0,1045.5388109640842,-190.53881096408418
350365,1405.0,1340.4423244189256,64.55767558107436
350410,1113.0,1163.822364652887,-50.82236465288702
350503,840.0,878.3673648316413,-38.36736483164134
350706,942.0,1087.5450456937667,-145.54504569376672
350984,1246.0,1156.5149488154877,89.48505118451226
351115,826.0,744.2233430274921,81.77665697250791
351206,906.0,1013.1983948954442,-107.19839489544415
351238,1124.0,1306.7616495252637,-182.7616495252637
351268,1047.0,1194.7096739976305,-147.7096739976305
351291,850.0,925.5219771942452,-75.52197719424521
351319,1205.0,1288.0900949449517,-83.09009494495172
351459,685.0,771.8916425317601,-86.89164253176011
351600,893.0,1016.6574041160949,-123.65740411609488
351611,1170.0,1148.4264101228532,21.573589877146787
351630,1195.0,1065.485501551121,129.51449844887907
351664,605.0,724.7301151166286,-119.73011511662855
351790,975.0,1036.9590904341349,-61.95909043413485
352012,1210.0,1000.9519795855765,209.0480204144235
352072,904.0,1088.6026253054995,-184.6026253054995
352101,1265.0,1202.420858165524,62.579141834476104
352359,1365.0,1265.9835401303023,99.01645986969766
352383,690.0,643.7921180048703,46.207881995129696
352396,1362.0,1042.3832872696132,319.6167127303868
352447,600.0,729.7242548211948,-129.7242548211948
352605,1315.0,1152.8541539424868,162.14584605751315
352628,700.0,783.2742410267374,-83.2742410267374
352652,840.0,1314.5767915642693,-474.57679156426934
352661,790.0,773.9891645258132,16.01083547418682
352710,610.0,681.6601504533867,-71.66015045338668
352786,820.0,725.3034386526238,94.69656134737625
353062,1240.0,1026.7856845547074,213.21431544529264
353198,1124.0,1099.9720770887698,24.027922911230235
353305,1030.0,1094.5708997217578,-64.57089972175777
353312,730.0,737.1591416885881,-7.159141688588079
353321,1000.0,1316.9279898425905,-316.9279898425905
353324,1240.0,1207.2992439262061,32.700756073793855
353383,1215.0,1285.1613334897536,-70.16133348975359
353478,1125.0,1335.6056704633118,-210.60567046331175
353480,1120.0,1013.4237414530719,106.5762585469281
353510,1340.0,1125.4724336171314,214.5275663828686
353536,1100.0,1045.7976741041448,54.20232589585521
353538,535.0,526.7713409920724,8.228659007927604
353562,1035.0,1013.537804467726,21.462195532273995
353650,1045.0,1287.2311267530167,-242.23112675301672
353786,858.0,702.5457091676923,155.45429083230772
353791,1120.0,1038.267213186632,81.73278681336797
353887,500.0,636.5267499311786,-136.52674993117864
353919,1110.0,1171.4631341790605,-61.46313417906049
353936,685.0,781.3316464737212,-96.33164647372121
353952,1195.0,1158.0401004246107,36.95989957538927
353965,810.0,953.8927814257133,-143.89278142571334
353978,1100.0,1202.8361501984705,-102.83615019847048
353991,590.0,676.6421625044779,-86.64216250447794
354047,665.0,495.25112516418983,169.74887483581017
354152,1365.0,1325.932046796119,39.06795320388096
354257,553.0,589.525942294833,-36.525942294833044
354326,570.0,580.9417329990191,-10.94173299901911
354366,590.0,603.1789355165187,-13.178935516518663
354472,948.0,721.0559484850089,226.9440515149911
354634,1018.0,1318.361800892636,-300.361800892636
354750,435.0,567.7473756313441,-132.74737563134408
354786,1090.0,1011.2220495668087,78.77795043319134
354808,915.0,1218.7461274241762,-303.74612742417617
354819,640.0,679.6337257479145,-39.63372574791447
354840,930.0,1216.9519727351246,-286.9519727351246
355012,920.0,1022.7402278053103,-102.74022780531027
355055,674.0,879.8818236238909,-205.8818236238909
355137,561.0,697.2668893534229,-136.26688935342293
355153,1590.0,1295.6730576735883,294.32694232641165
355206,699.0,901.2055291538701,-202.2055291538701
355275,1490.0,1156.711693207823,333.2883067921771
355415,765.0,727.4619415103963,37.53805848960371
355760,1350.0,1127.4368286618887,222.56317133811126
355865,1265.0,1186.5379925207142,78.46200747928583
355956,1206.0,1205.2646368983992,0.7353631016007967
355962,1245.0,1259.8483567764977,-14.848356776497667
355994,940.0,1111.557503834413,-171.55750383441296
356009,881.0,885.3677789555302,-4.367778955530184
356065,610.0,694.557648615017,-84.557648615017
356078,1055.0,918.025539441716,136.97446055828402
356082,1058.0,1053.2599607022137,4.740039297786325
356194,1058.0,1016.6636004459549,41.3363995540451
356207,530.0,763.0363108509582,-233.03631085095822
356322,991.0,1191.8234357860254,-200.82343578602536
356342,539.0,625.2837486692479,-86.28374866924787
356372,730.0,641.5922098441437,88.40779015585633
356590,1020.0,1157.0180910156034,-137.01809101560343
356616,1070.0,1221.7237618931917,-151.72376189319175
356665,1250.0,1200.7514825572696,49.24851744273042
356751,885.0,1217.435200825134,-332.43520082513396
356881,448.0,706.147434546578,-258.147434546578
356884,620.0,729.5002699949895,-109.50026999498948
356933,640.0,666.0930937435512,-26.093093743551208
357102,528.0,649.765345827792,-121.76534582779198
357105,320.0,624.8576111366597,-304.85761113665967
357183,970.0,1179.3584990275199,-209.35849902751988
357263,1110.0,980.9544506077207,129.04554939227933
357336,426.0,535.5926961280827,-109.59269612808271
357428,835.0,760.2778742482171,74.72212575178287
357528,1112.0,1285.6285215523822,-173.62852155238215
357755,650.0,667.5027565343519,-17.502756534351875
357871,740.0,767.7199791104432,-27.719979110443205
358048,580.0,733.3506870121425,-153.35068701214254
358073,1078.0,977.5190999394655,100.48090006053451
358210,1079.0,1299.7031160876986,-220.70311608769862
358280,555.0,648.5125006167385,-93.51250061673852
358512,1395.0,1430.402571587263,-35.40257158726308
358518,520.0,618.7574956957518,-98.7574956957518
358595,585.0,571.4117105611459,13.588289438854076
358600,1430.0,1302.927167800077,127.07283219992291
358622,555.0,538.2360259740258,16.76397402597422
358643,515.0,633.9393374983321,-118.93933749833207
358727,620.0,611.1123561754191,8.887643824580891
358738,1025.0,1204.4510380999743,-179.4510380999743
358810,940.0,1169.0064289963564,-229.00642899635636
358885,660.0,704.4555986020624,-44.45559860206242
358907,880.0,957.9903949859591,-77.99039498595914
358954,1073.0,1173.952685605112,-100.95268560511204
359165,945.0,843.9141376866463,101.08586231335369
359197,585.0,696.9539293674986,-111.95392936749863
359284,555.0,607.3218814226021,-52.32188142260213
359393,1065.0,1034.185267904032,30.81473209596811
359404,980.0,1122.9803859983908,-142.98038599839083
359456,790.0,761.1326063025194,28.867393697480566
359500,1315.0,1219.5050174268592,95.49498257314076
359597,1250.0,1118.598852537015,131.4011474629849
359602,1307.0,1186.2674805238291,120.73251947617086
359626,815.0,1175.1668849796567,-360.16688497965674
359775,510.0,562.4657104104258,-52.4657104104258
359807,1030.0,1142.9510422092803,-112.95104220928033
359853,665.0,642.3754011351804,22.62459886481963
359859,485.0,613.7216743395859,-128.7216743395859
359941,1470.0,1171.756552974107,298.2434470258929
359978,855.0,723.5635362098053,131.4364637901947
359983,1365.0,1340.8347646710877,24.16523532891233
360095,872.0,1131.677770436053,-259.6777704360529
360167,566.0,669.5400961726564,-103.54009617265638
360186,1430.0,1293.888335429695,136.11166457030504
360528,1010.0,1297.0996978667,-287.0996978666999
360598,610.0,718.3569699129453,-108.35696991294526
360649,690.0,856.4016930941341,-166.4016930941341
360726,1080.0,1010.3381110692449,69.66188893075514
360801,620.0,619.5601302230625,0.43986977693748486
360931,940.0,1221.0509009543725,-281.05090095437254
360999,1080.0,1082.3512274807517,-2.3512274807517315
361091,510.0,752.2811511912234,-242.28115119122344
361114,785.0,693.9262477125994,91.07375228740057
361131,1435.0,1255.5314094971416,179.46859050285843
361150,1090.0,1071.5496918871318,18.450308112868242
361156,670.0,760.2019663221968,-90.20196632219677
361186,780.0,784.9293440858752,-4.9293440858751865
361283,710.0,861.7189307217521,-151.71893072175214
361345,1080.0,1182.4384885010938,-102.43848850109384
361602,940.0,994.0557371328856,-54.05573713288561
361733,760.0,557.3352709425114,202.66472905748856
361827,1015.0,1082.1581243784328,-67.15812437843283
361894,1151.0,1179.1608045206383,-28.160804520638294
361914,1155.0,1150.8552687751712,4.144731224828774
361934,1082.0,1152.858991305306,-70.85899130530606
362006,1170.0,1284.263922397749,-114.26392239774896
362193,1260.0,1172.8539328387894,87.14606716121057
362369,1030.0,942.3841756417806,87.61582435821936
362432,930.0,978.396159015776,-48.39615901577599
362549,1140.0,1126.9046704899686,13.095329510031434
362588,585.0,605.7896537166412,-20.78965371664117
362606,975.0,1125.6017272877334,-150.6017272877334
362708,1070.0,1191.0720230445766,-121.07202304457655
362891,465.0,594.8121785150281,-129.8121785150281
362950,1175.0,1203.5602835732,-28.560283573199968
363120,1025.0,1164.7180224082076,-139.71802240820762
363156,1010.0,910.294320201848,99.705679798152
363234,1411.0,1138.0747500787897,272.92524992121025
363367,1323.0,1314.182984108743,8.817015891256915
363487,681.0,630.1847024132842,50.815297586715815
363506,1110.0,1193.594386447052,-83.5943864470521
363594,1055.0,1003.1980752584915,51.801924741508515
364039,1040.0,934.7130674106398,105.28693258936016
364165,915.0,1154.2568265745651,-239.25682657456514
364219,1334.0,1195.3043235147138,138.69567648528619
364339,1390.0,1277.959986263275,112.04001373672509
364428,815.0,900.73385961966,-85.73385961966005
364576,926.0,1227.5392219169719,-301.5392219169719
364582,1433.0,925.9971408374937,507.0028591625063
364596,1220.0,1183.2616244423573,36.73837555764271
364597,910.0,743.3462603778366,166.65373962216336
364682,844.0,718.6090068457287,125.39099315427131
364815,771.0,1006.3382569401083,-235.3382569401083
364938,1250.0,1171.5412519338033,78.45874806619668
365081,1140.0,1156.7864537873493,-16.786453787349274
365161,1055.0,1063.6502625384815,-8.650262538481456
365185,1225.0,1098.1767891870718,126.82321081292821
365193,670.0,721.8356919545594,-51.835691954559366
365234,640.0,690.4862297111905,-50.486229711190504
365317,1058.0,986.074609630072,71.92539036992798
365555,785.0,1128.017248765611,-343.01724876561093
365594,828.0,752.1988167632793,75.8011832367207
365649,1140.0,1104.3998667097455,35.60013329025446
365741,813.0,744.5991244903612,68.40087550963881
365815,1080.0,1298.8766417021484,-218.8766417021484
365877,1190.0,1177.2008967810402,12.799103218959772
365905,1270.0,1231.5838532722028,38.41614672779724
365908,1055.0,1194.446468473316,-139.44646847331592
366012,1010.0,1038.2184054972104,-28.21840549721037
366021,465.0,644.4859944869437,-179.4859944869437
366115,1310.0,1234.9493322683645,75.05066773163549
366140,1275.0,1317.3538716852313,-42.3538716852313
366213,880.0,677.5889885284608,202.41101147153915
366250,425.0,701.4861190994836,-276.48611909948363
366320,1285.0,1201.00313428934,83.9968657106599
366763,1110.0,1014.1501076832128,95.84989231678719
366782,605.0,743.9506976034234,-138.95069760342335
366823,910.0,1137.3208360526476,-227.32083605264756
366882,1560.0,1196.3293716931328,363.67062830686723
366915,948.0,994.3957946077525,-46.395794607752464
366986,1170.0,1158.375371801407,11.624628198592973
367045,570.0,686.6351584943645,-116.63515849436453
367068,600.0,596.0573525249165,3.942647475083504
367108,945.0,1008.6772492884903,-63.677249288490316
367268,690.0,694.8682080643158,-4.868208064315809
367271,1305.0,1220.7637084763323,84.23629152366766
367287,805.0,1200.9227096305283,-395.9227096305283
367327,1285.0,1291.7917775510246,-6.791777551024552
367561,749.0,1079.78322438373,-330.78322438372993
367594,1000.0,1172.1880214623452,-172.1880214623452
367656,995.0,940.7381772998477,54.261822700152265
367668,840.0,988.0666209598652,-148.0666209598652
367704,550.0,739.2267646669831,-189.22676466698306
367948,1065.0,973.3599126856631,91.64008731433694
368070,1265.0,1355.7952488146836,-90.79524881468365
368182,582.0,709.0900457833072,-127.09004578330723
368473,745.0,709.002461322224,35.99753867777599
368560,973.0,1106.4978424541366,-133.49784245413662
368573,1050.0,1101.645582064241,-51.6455820642409
368680,700.0,784.574775459939,-84.57477545993902
368728,1190.0,1019.556668642597,170.44333135740305
368824,1230.0,1172.718792211436,57.28120778856396
368915,935.0,995.9777382819574,-60.977738281957386
368923,1006.0,833.0944790794211,172.90552092057885
368939,1070.0,1030.9231259985045,39.076874001495526
368943,1175.0,943.9418936885517,231.05810631144834
369304,1110.0,1143.705672302437,-33.70567230243705
369375,1000.0,936.8531227322575,63.146877267742525
369419,820.0,785.4098198291564,34.59018017084361
369459,1120.0,1230.8632814927414,-110.86328149274141
369531,655.0,686.4063969518164,-31.40639695181642
369564,820.0,682.116593909761,137.88340609023896
369634,675.0,686.1286226065729,-11.12862260657289
369979,1058.0,1227.9768172219826,-169.97681722198263
370102,1140.0,1205.1812475687664,-65.18124756876637
370113,1000.0,1226.6719522585286,-226.67195225852856
370351,610.0,794.6922106292096,-184.69221062920963
370420,512.0,683.2509259037889,-171.25092590378893
370512,1105.0,1149.907807256397,-44.907807256397064
370849,985.0,1101.6859385451949,-116.68593854519486
370973,730.0,726.6621338912172,3.337866108782805
370982,920.0,1039.705393123427,-119.70539312342703
371024,1465.0,1218.326461297921,246.673538702079
371053,1312.0,1247.647954751283,64.3520452487171
371082,1210.0,1117.5003377895353,92.49966221046475
371142,910.0,1055.5602817228669,-145.56028172286688
371145,1082.0,1086.8756492331538,-4.875649233153808
371259,1175.0,1150.0042249931926,24.995775006807435
371386,582.0,666.0548756988369,-84.0548756988369
371439,843.0,1105.8549175807327,-262.8549175807327
371837,910.0,1046.2476735818361,-136.24767358183612
371879,1025.0,1254.5451156014371,-229.54511560143715
371905,682.0,676.7963086654511,5.203691334548921
371921,626.0,621.8485192016045,4.1514807983954825
371993,1031.0,1128.3537695378545,-97.35376953785453
372148,1180.0,1303.791997472239,-123.79199747223902
372164,1050.0,863.8268056220096,186.1731943779904
372178,738.0,794.5128131645884,-56.51281316458835
372357,1085.0,933.8633568491147,151.13664315088533
372411,1179.0,1289.2775594392367,-110.27755943923671
372523,885.0,1130.8587077442273,-245.85870774422733
372624,1230.0,1285.4315323640762,-55.43153236407625
372842,830.0,1080.6616898277114,-250.66168982771137
372868,1130.0,1148.637193218316,-18.637193218316042
373041,1050.0,990.7872883135591,59.21271168644091
373118,1210.0,1014.297743559147,195.70225644085303
373268,1268.0,1081.170284578822,186.82971542117798
373306,1284.0,1206.3854655830364,77.61453441696358
373442,755.0,766.596081342046,-11.596081342045977
373762,1058.0,1255.2359288274115,-197.2359288274115
373774,650.0,755.9358755940593,-105.93587559405933
374115,1120.0,1083.0103419682885,36.98965803171154
374187,1010.0,1264.8636455180813,-254.86364551808128
374399,1124.0,1123.9019841667432,0.0980158332567953
374506,1280.0,1212.9766924462765,67.0233075537235
374953,801.0,728.7817963206685,72.21820367933151
375033,620.0,639.738529801256,-19.73852980125605
375097,1470.0,1162.171049010159,307.8289509898409
375122,1120.0,1095.8083234721025,24.19167652789747
375214,740.0,756.2298746103125,-16.22987461031255
375378,1312.0,1237.0394774911135,74.96052250888647
375469,850.0,720.9662882141412,129.03371178585883
375491,660.0,646.1061262121273,13.893873787872735
375529,1290.0,1225.0841668684807,64.91583313151932
375583,900.0,1177.6537194341106,-277.6537194341106
375637,925.0,1052.619414824553,-127.6194148245529
375735,1025.0,1101.3478849014218,-76.34788490142182
375742,1080.0,1219.2426786267229,-139.24267862672286
375753,965.0,1217.9892610081308,-252.98926100813082
375902,670.0,680.7311712208492,-10.731171220849205
375928,1210.0,1139.455716825953,70.544283174047
375936,630.0,627.7855235057392,2.2144764942607935
375942,985.0,1213.6532461713844,-228.65324617138435
376234,485.0,684.0992285185637,-199.09922851856368
376354,667.0,650.0766393537233,16.923360646276706
376408,1105.0,1086.9309067376053,18.069093262394745
376517,881.0,1043.195853147509,-162.19585314750907
376647,690.0,645.2113001975682,44.78869980243178
376706,1075.0,1256.0259327790652,-181.02593277906522
377099,685.0,665.5089817171997,19.49101828280027
377201,475.0,694.9972527399253,-219.99725273992533
377215,1230.0,1248.1381825389678,-18.13818253896784
377227,975.0,1159.5667723586662,-184.56677235866619
377387,620.0,631.9099038501432,-11.909903850143223
377581,1100.0,1211.860089014628,-111.8600890146281
377663,985.0,1071.7166872893133,-86.71668728931331
377689,675.0,647.0676504156477,27.932349584352323
377693,1215.0,1203.6093603058227,11.390639694177253
377829,1146.0,1033.50769201053,112.49230798946996
378000,970.0,1103.8979256621544,-133.89792566215442
378139,593.0,698.7510272741387,-105.75102727413866
378165,725.0,709.0511577587243,15.948842241275656
378210,1005.0,1147.1096776833604,-142.10967768336036
378265,660.0,703.5377940239947,-43.53779402399471
378354,920.0,1251.1624796522472,-331.16247965224716
378479,1190.0,1207.8455596738947,-17.84555967389474
378594,1295.0,1349.3871777636662,-54.38717776366616
378649,850.0,1201.4574163566172,-351.45741635661716
378690,605.0,714.7992268898948,-109.79922688989484
378875,690.0,678.3897771351682,11.610222864831826
379280,1370.0,1265.381568344432,104.61843165556797
379746,1200.0,1068.6389178247766,131.36108217522337
379823,667.0,670.9063552165311,-3.9063552165310966
379874,1150.0,1130.8317475147996,19.168252485200355
379918,475.0,451.2789193121694,23.72108068783058
380038,609.0,642.5246104365996,-33.52461043659957
380062,600.0,526.2436978595596,73.75630214044043
380077,845.0,722.2410526693282,122.75894733067184
380109,820.0,989.4712951023674,-169.47129510236743
380181,962.0,1095.207692259237,-133.2076922592371
380226,1590.0,1312.4663653041564,277.5336346958436
380443,905.0,1000.4327221805917,-95.43272218059167
380533,900.0,1046.8751640032995,-146.87516400329946
380631,690.0,1128.1268338281322,-438.12683382813225
380756,948.0,1278.7538825854972,-330.7538825854972
380832,970.0,1227.3130830287175,-257.31308302871753
380882,470.0,567.4789972450184,-97.47899724501838
380903,759.0,897.8606585065537,-138.8606585065537
380927,1075.0,1174.2555893192527,-99.25558931925275
381195,1210.0,1190.4906568055906,19.50934319440944
381445,1069.0,870.0638217138101,198.93617828618994
381534,926.0,986.937140191928,-60.93714019192805
381567,1125.0,1152.8370112610132,-27.83701126101323
381588,1036.0,938.6045620795595,97.39543792044049
381989,604.0,560.256853174603,43.74314682539705
382006,683.0,682.94985781839,0.05014218160999917
382363,710.0,753.1715095632281,-43.17150956322814
382502,1058.0,948.838681008554,109.16131899144602
382610,1140.0,1048.8655102768398,91.13448972316019
382683,462.0,587.8313975825432,-125.83139758254322
382714,1130.0,1097.2355637773935,32.76443622260649
382747,585.0,715.7190147840645,-130.71901478406448
382789,1020.0,1348.6373282827801,-328.6373282827801
382824,995.0,902.2926696837626,92.7073303162374
382827,690.0,729.1710318968476,-39.17103189684758
382839,1165.0,1118.837080351995,46.16291964800507
382863,1280.0,1230.989847243765,49.0101527562349
382911,1155.0,1194.3229551193012,-39.32295511930124
382959,545.0,864.6421557426132,-319.6421557426132
383044,985.0,1129.9501159231665,-144.95011592316655
383056,890.0,1188.0074535004535,-298.0074535004535
383091,1079.0,1199.3009825912984,-120.3009825912984
383331,1180.0,1032.1367498653692,147.8632501346308
383453,1180.0,1312.0194739754022,-132.0194739754022
383751,870.0,1097.0366441659016,-227.03664416590163
383811,1374.0,1206.2800014116817,167.71999858831828
383819,1080.0,1072.554732635274,7.445267364726078
384009,1200.0,1162.3693087061106,37.63069129388941
384077,1100.0,1107.611984724952,-7.611984724951981
384138,1115.0,1240.504954928433,-125.50495492843311
384297,1040.0,1136.2804185487787,-96.2804185487787
384475,1216.0,969.7162981268586,246.28370187314135
384602,715.0,691.5910860709391,23.408913929060873
384666,1089.0,1098.3179987659119,-9.317998765911852
384723,1180.0,1212.9808573168518,-32.980857316851825
384727,825.0,677.0864330079254,147.9135669920746
384992,1216.0,1163.4705642910217,52.529435708978326
385083,462.0,491.6616919438045,-29.6616919438045
385153,1054.0,1096.698564037373,-42.69856403737299
385178,870.0,1205.2339918783998,-335.2339918783998
385229,1220.0,1293.9093335627254,-73.90933356272535
385358,890.0,1000.2739536513784,-110.2739536513784
385400,1180.0,1184.078911476146,-4.078911476146004
385440,480.0,662.244297189813,-182.24429718981298
385573,845.0,886.2040216996119,-41.20402169961187
385576,1090.0,1171.676637605523,-81.67663760552296
385577,1330.0,1249.0401598725502,80.95984012744975
385585,790.0,882.6382712477438,-92.63827124774377
385588,1140.0,1267.1145583383175,-127.11455833831747
385843,827.0,1035.674919524151,-208.67491952415094
385874,1010.0,973.4685964668596,36.531403533140406
386119,855.0,991.6613973897313,-136.6613973897313
386188,1045.0,1072.1692124834883,-27.16921248348831
386310,715.0,872.1668801757623,-157.16688017576234
386322,1100.0,1134.2783120447982,-34.27831204479821
386782,1135.0,994.3803663848831,140.61963361511687
386796,932.0,1043.119086973295,-111.119086973295
386797,495.0,618.594493690562,-123.59449369056199
386801,825.0,857.3884298651054,-32.38842986510542
386807,1150.0,1349.134430667063,-199.13443066706304
386827,670.0,676.1245152463316,-6.124515246331612
386912,870.0,676.8223289226429,193.1776710773571
387058,1020.0,935.9682519321151,84.0317480678849
387131,900.0,1265.5443872060393,-365.54438720603935
387206,1254.0,1085.8356833333332,168.16431666666676
387267,1140.0,1336.215108435667,-196.21510843566693
387341,945.0,1172.002235768759,-227.00223576875896
387352,805.0,690.8882467699488,114.11175323005125
387357,565.0,633.0190002955443,-68.01900029554429
387672,1000.0,1045.8922880248685,-45.89228802486855
387732,1100.0,1197.3327044327739,-97.33270443277388
387786,1070.0,1196.7355151717757,-126.73551517177566
387795,1080.0,1239.416423215005,-159.4164232150049
387857,1130.0,1329.774462407501,-199.774462407501
388138,1040.0,1007.6944603224755,32.30553967752451
388195,890.0,1106.036353845668,-216.03635384566792
388210,730.0,580.0174406652546,149.98255933474536
388313,1090.0,1360.646321364539,-270.64632136453906
388330,900.0,1135.4378288226892,-235.4378288226892
388353,1827.0,1305.0864216262028,521.9135783737972
388391,920.0,1155.4830909314346,-235.48309093143462
388524,594.0,625.605078571902,-31.605078571902027
388605,800.0,705.0013492078348,94.99865079216522
388648,595.0,740.7582316210367,-145.75823162103666
388738,783.0,990.8934480430265,-207.89344804302652
388740,1580.0,1318.977333511843,261.02266648815703
388857,1120.0,1285.0301947017738,-165.03019470177378
389544,1348.0,1107.722338218596,240.27766178140405
389711,940.0,1082.8595027319295,-142.85950273192952
389971,820.0,1125.1298221619136,-305.1298221619136
389990,505.0,643.6454515110096,-138.64545151100958
390051,539.0,646.5208945408203,-107.52089454082034
390082,1380.0,1165.5624155191863,214.4375844808137
390108,545.0,624.6840776778334,-79.68407767783344
390135,1300.0,1249.9889567120126,50.01104328798738
390214,1030.0,1111.2110755683564,-81.21107556835636
390411,965.0,1160.2223479643262,-195.22234796432622
390481,960.0,1059.1604159887884,-99.16041598878837
390505,590.0,698.2299257280293,-108.22992572802934
390578,1150.0,1291.3888184888733,-141.3888184888733
390632,1120.0,1191.850417149693,-71.85041714969293
390663,1160.0,1342.9835227391752,-182.9835227391752
390688,1110.0,1186.6921678000697,-76.69216780006968
390745,972.0,1196.6300364224865,-224.63003642248646
390877,1210.0,1343.6531374810706,-133.65313748107064
391178,1235.0,1109.202626464463,125.79737353553696
391379,840.0,1110.289007046877,-270.28900704687703
391855,595.0,730.7677780587626,-135.7677780587626
391868,657.0,675.1577482683145,-18.15774826831455
391893,835.0,995.3649861617491,-160.36498616174913
391922,1310.0,1243.374268263423,66.62573173657711
391980,1021.0,1258.9030149530302,-237.90301495303015
392102,530.0,701.7682705901842,-171.76827059018422
392306,745.0,704.8671415586967,40.132858441303256
392568,635.0,586.088125798212,48.91187420178801
392827,770.0,641.044352293204,128.95564770679596
392834,985.0,980.0989031428774,4.9010968571226385
392842,555.0,730.7560092606607,-175.75600926066068
393043,1135.0,1148.3614742380885,-13.361474238088476
393140,621.0,599.5691457786979,21.43085422130207
393419,1091.0,1056.9033143829652,34.09668561703484
393544,975.0,1059.3830886306343,-84.38308863063435
393577,506.0,755.3745157719133,-249.37451577191325
393660,597.0,689.6570385912316,-92.65703859123164
393894,570.0,721.011964660548,-151.01196466054796
393945,1080.0,1063.7338734357252,16.266126564274828
394146,1350.0,1132.976682673951,217.02331732604898
394419,645.0,684.3721903535969,-39.37219035359692
394439,1105.0,1110.598846539288,-5.598846539287933
394449,1350.0,1177.8933587468155,172.10664125318453
394496,1090.0,1181.8511991103305,-91.85119911033053
394643,640.0,713.3451717108834,-73.34517171088339
394750,1460.0,1287.4775601995848,172.5224398004152
394856,865.0,1195.5047499800996,-330.50474998009963
395008,730.0,1052.7566483806434,-322.75664838064336
395332,945.0,842.4430217395549,102.55697826044513
395410,891.0,1203.9818013872516,-312.9818013872516
395546,945.0,1067.578860184508,-122.5788601845079
395551,1160.0,1006.1930049366791,153.80699506332087
395601,1010.0,1023.3099429846507,-13.309942984650661
395861,1125.0,1346.87403067865,-221.8740306786499
395955,1486.0,1108.5726795506137,377.42732044938634
396015,985.0,1093.5027042009108,-108.50270420091078
396131,465.0,738.0019091413494,-273.0019091413494
396354,1110.0,1243.5772845909323,-133.57728459093232
396379,1210.0,1240.4289587529663,-30.42895875296631
396425,1065.0,1107.550725106243,-42.55072510624291
396460,1170.0,972.271418946466,197.72858105353396
396482,530.0,767.6166513868516,-237.61665138685157
396662,610.0,643.8413112482259,-33.84131124822591
397197,1146.0,1128.8835252421877,17.116474757812284
397248,892.0,933.418552725694,-41.418552725693985
397663,1020.0,1230.50801655879,-210.5080165587899
398042,435.0,644.5249983967144,-209.5249983967144
398276,1330.0,1337.8651152812295,-7.865115281229464
398314,695.0,860.5916704374207,-165.5916704374207
398702,1080.0,1244.502601045802,-164.50260104580207
398747,1485.0,1234.1707517296657,250.82924827033435
398907,1375.0,1067.5323084622664,307.4676915377336
398995,1360.0,1281.3346748937804,78.6653251062196
398996,860.0,1119.5621408508673,-259.5621408508673
399023,990.0,1034.5784436471188,-44.578443647118775
399073,990.0,1309.1603924128847,-319.1603924128847
399240,800.0,909.7256516627622,-109.72565166276217
399309,1135.0,1226.6947426643649,-91.69474266436487
399581,1505.0,1349.3553346913707,155.64466530862933
399629,750.0,716.628240976937,33.371759023062964
399900,1135.0,1144.13068919541,-9.130689195410014
400068,730.0,704.8642176167983,25.135782383201672
400681,645.0,574.8606702465506,70.13932975344937
400910,1490.0,1310.0750647903405,179.92493520965945
400947,515.0,643.8872168086302,-128.88721680863023
401044,1124.0,1175.1173356761415,-51.117335676141465
401180,738.0,1083.1091369676392,-345.1091369676392
401197,1169.0,1056.271803101891,112.72819689810899
401318,950.0,1016.0152515738449,-66.01525157384492
401329,724.0,959.840190425112,-235.84019042511204
401333,1040.0,1065.807395728945,-25.80739572894504
401522,1205.0,1220.0879167819112,-15.08791678191119
401659,890.0,1150.342205637162,-260.3422056371619
401797,1155.0,1207.6512737600774,-52.6512737600774
401863,1125.0,1229.1626331589664,-104.1626331589664
401951,1198.0,1351.7888915029694,-153.78889150296936
401976,555.0,718.7876937746793,-163.78769377467927
402035,1490.0,1170.3604071023383,319.6395928976617
402093,635.0,668.9476356776134,-33.94763567761345
402356,922.0,1162.577971178433,-240.57797117843302
402780,1195.0,1086.7389838574534,108.26101614254662
402861,825.0,783.1548133396673,41.84518666033273
403136,895.0,1234.6022297566747,-339.60222975667466
403218,720.0,1139.443308413833,-419.44330841383294
403443,1047.0,1026.1685634427556,20.831436557244388
403809,981.0,1198.129492164999,-217.12949216499896
404112,995.0,1311.787911892449,-316.7879118924491
404161,840.0,1267.9577232751217,-427.9577232751217
404208,630.0,697.5174739727466,-67.51747397274664
404239,870.0,766.4010389313273,103.59896106867268
404411,1080.0,1217.2708830706076,-137.27088307060762
404425,1020.0,1257.9114069605203,-237.91140696052025
404733,881.0,1046.6911720342248,-165.6911720342248
404927,768.0,861.7109130960059,-93.71091309600592
404935,1110.0,1119.0805760152018,-9.080576015201814
405025,1465.0,1342.2173874197626,122.78261258023736
405541,1130.0,1306.5711804110165,-176.57118041101648
405920,645.0,690.7098575316093,-45.70985753160926
406043,630.0,686.125569785166,-56.12556978516602
406205,875.0,1072.528762839426,-197.528762839426
406415,1095.0,1284.261770542778,-189.2617705427781
406628,910.0,1072.5648153961897,-162.56481539618972
406833,545.0,490.67121794815176,54.328782051848236
406918,670.0,605.0297504444802,64.97024955551979
406980,1025.0,1209.658900531261,-184.658900531261
407008,967.0,1117.0697626516326,-150.06976265163257
407113,1060.0,1054.0431361705764,5.9568638294235825
407146,828.0,667.1806291276133,160.81937087238668
407306,1220.0,1190.6181444583679,29.38185554163215
407333,670.0,703.4934893968278,-33.49348939682784
407427,1400.0,1072.982101948818,327.0178980511821
407611,1268.0,1150.663199260675,117.3368007393251
407623,1036.0,932.9405697523791,103.05943024762087
407794,1235.0,1278.7538825854972,-43.753882585497195
407876,1045.0,1057.4734669559941,-12.473466955994127
407975,1055.0,1153.1357613101163,-98.13576131011632
408256,930.0,1034.1641914692368,-104.16419146923681
408265,1160.0,1083.3159883857072,76.68401161429279
408301,1106.0,1072.5163960218208,33.48360397817919
408323,1197.0,1185.010497349335,11.989502650664917
408377,1125.0,957.3887768841123,167.6112231158877
408383,1240.0,1225.671411442684,14.328588557315925
408501,992.0,1068.71370987281,-76.71370987281011
409038,1170.0,932.948843737135,237.051156262865
409140,890.0,1207.526598673575,-317.5265986735751
409418,1080.0,1103.5502006801128,-23.550200680112766
409652,1010.0,1048.8655102768398,-38.865510276839814
410151,1270.0,1222.3809855424377,47.61901445756234
410176,1091.0,1198.943678588982,-107.94367858898204
410456,1450.0,1187.3327940338288,262.6672059661712
410459,1455.0,1245.731427089995,209.2685729100051
410600,740.0,652.7190681179244,87.2809318820756
410790,933.0,1172.852762957465,-239.85276295746507
410913,1224.0,1146.827630766481,77.17236923351902
411065,660.0,659.4215722566368,0.5784277433632496
411158,1334.0,1086.4520072228697,247.54799277713028
411167,1380.0,1328.147802396636,51.85219760336395
411473,1221.0,1111.5782539194001,109.42174608059986
411671,997.0,1264.708877286598,-267.70887728659795
411944,525.0,434.1338054353054,90.86619456469458
412204,875.0,895.4562118635106,-20.45621186351059
412351,937.0,963.7874853750284,-26.787485375028382
412453,1050.0,1171.8086561765265,-121.80865617652648
412635,914.0,1117.301231884033,-203.3012318840331
412653,850.0,762.4927963899743,87.50720361002573
412726,1318.0,1186.1773690055516,131.82263099444845
412782,544.0,539.0006227274695,4.999377272530523
412911,612.0,581.8015511186811,30.198448881318882
413099,1011.0,1115.0992022337907,-104.09920223379072
413115,1020.0,1118.6040621548082,-98.60406215480816
413141,495.0,749.8148478407486,-254.8148478407486
413190,480.0,707.9711813728675,-227.97118137286748
413238,849.0,964.0838969916713,-115.08389699167128
413284,770.0,747.0944483284753,22.905551671524677
413319,793.0,1068.5867539523397,-275.5867539523397
413509,672.0,770.0870494119555,-98.08704941195549
413545,485.0,682.9846848251477,-197.98468482514772
413773,893.0,946.7291862354394,-53.72918623543944
413802,843.0,1095.112104245785,-252.11210424578508
413913,959.0,973.7084117931985,-14.70841179319848
413917,1213.0,1311.4290886798017,-98.42908867980168
413941,1090.0,1079.4512160162847,10.548783983715339
414080,680.0,710.8394115372371,-30.839411537237083
414605,535.0,603.9690965389043,-68.9690965389043
414622,705.0,752.7627688670397,-47.762768867039654
414827,1069.0,941.9351608735269,127.06483912647309
414868,950.0,908.8993287982305,41.1006712017695
415267,1045.0,1268.9485072587538,-223.9485072587538
415782,1245.0,1220.331597726562,24.668402273438005
416637,726.0,650.3505364498465,75.64946355015354
416642,700.0,678.4441974383535,21.555802561646487
417345,1290.0,1122.085785018887,167.914214981113
417352,749.0,555.0889637827805,193.91103621721948
417362,1190.0,1232.2402124790763,-42.24021247907626
417372,1355.0,1240.771780698799,114.22821930120108
417406,1180.0,1085.7305316961315,94.2694683038685
417566,429.0,587.0938235377788,-158.0938235377788
417572,1200.0,1371.9034210245202,-171.90342102452018
417738,1430.0,1222.9513458521026,207.04865414789742
418184,955.0,1036.3057261973743,-81.30572619737427
418261,981.0,1106.520217600135,-125.52021760013508
418439,509.0,719.378737149219,-210.37873714921898
418545,775.0,959.4963010169863,-184.4963010169863
418682,1020.0,1101.1770669018315,-81.1770669018315
418739,750.0,656.5404121446923,93.45958785530775
418787,1010.0,1062.9369649220303,-52.936964922030256
418850,1340.0,1137.7849022009138,202.21509779908615
418929,829.0,957.6004649775982,-128.60046497759822
418932,1545.0,953.2992413989483,591.7007586010517
419100,790.0,1095.1230322763374,-305.1230322763374
419570,1135.0,1204.413789883792,-69.4137898837921
420135,755.0,726.6825805094921,28.31741949050786
420255,1170.0,995.9022935153738,174.0977064846262
420515,1200.0,1269.435340509257,-69.435340509257
420607,1080.0,1007.4859561842779,72.51404381572206
420660,1133.0,978.078719374736,154.921280625264
420662,1020.0,820.8176713517478,199.18232864825222
420869,1030.0,1155.7254853222666,-125.72548532226665
420972,946.0,981.6820142510819,-35.68201425108191
421116,715.0,1090.300963737256,-375.3009637372561
421309,948.0,1043.9855369084855,-95.98553690848553
421316,1043.0,1189.7298847795482,-146.72988477954823
421661,807.0,763.6162071889526,43.38379281104744
421669,1370.0,1328.184013713616,41.81598628638403
421825,723.0,719.802799637291,3.1972003627090544
421864,1047.0,1114.5991306023197,-67.59913060231975
421897,1085.0,1006.8639464550092,78.13605354499077
422268,1160.0,1180.6555797055817,-20.65557970558166
422419,1150.0,1163.6286637392202,-13.628663739220201
422428,1300.0,1193.5180344869832,106.4819655130168
422496,1000.0,609.91161555588,390.08838444412004
422541,1102.0,1162.7616594592077,-60.76165945920775
422598,600.0,713.7264267769843,-113.72642677698434
422868,690.0,669.960907591579,20.03909240842097
422998,1235.0,1186.7660526371312,48.233947362868776
423238,665.0,752.5974080267808,-87.59740802678084
423253,970.0,1257.3851829303005,-287.3851829303005
423349,715.0,743.9398725012907,-28.939872501290665
423355,566.0,730.7887795344989,-164.78877953449887
423484,616.0,715.8431056597842,-99.84310565978421
423552,827.0,1083.4925494326174,-256.49254943261735
423750,418.0,755.7689785896058,-337.7689785896058
423830,1055.0,1198.266910587761,-143.266910587761
423885,1103.0,1249.203774173533,-146.20377417353302
424065,1032.0,1102.9175854506736,-70.91758545067364
424248,1005.0,934.566505615966,70.43349438403402
424275,650.0,715.1746557392837,-65.17465573928371
424456,1150.0,1294.0579583887743,-144.0579583887743
424465,590.0,713.763236588835,-123.76323658883496
424642,1040.0,1068.0299616193756,-28.029961619375626
424720,719.0,630.3917038531968,88.60829614680324
424885,1110.0,1159.8153013327837,-49.81530133278375
425038,542.0,746.6263661122231,-204.62636611222308
425292,720.0,907.2597628975487,-187.25976289754874
425437,992.0,1111.4683419502235,-119.46834195022348
425896,1323.0,1036.638137119453,286.36186288054705
426100,1201.0,1069.2079268697992,131.79207313020083
426101,988.0,1040.6735313907868,-52.67353139078682
426219,1100.0,1050.6232368575575,49.37676314244254
426255,600.0,709.6986643718242,-109.69866437182418
426503,684.0,893.5380933086208,-209.53809330862077
426617,1085.0,1126.5582693163553,-41.558269316355336
426736,1200.0,1218.7059880855597,-18.70598808555974
426831,861.0,977.8999946263351,-116.89999462633511
427099,1190.0,1141.8369810187428,48.16301898125721
427131,1075.0,1221.210953079136,-146.21095307913606
427185,948.0,1014.9117337596624,-66.91173375966241
427244,1080.0,1223.5448746784882,-143.5448746784882
427297,1105.0,1195.2670689996971,-90.26706899969713
427333,990.0,1328.387386360726,-338.38738636072594
427531,585.0,672.3676657798211,-87.3676657798211
427813,930.0,1086.3126700864623,-156.31267008646228
428223,935.0,967.674518342414,-32.67451834241399
428924,710.0,847.3605323975127,-137.36053239751266
429137,885.0,1199.871285539335,-314.8712855393351
429181,330.0,619.8129108513408,-289.8129108513408
429245,1180.0,991.2800205975864,188.71997940241363
429305,1014.0,1118.4356216852918,-104.43562168529184
429459,950.0,1065.5274307547386,-115.52743075473859
429682,820.0,1100.6296834076106,-280.6296834076106
429762,548.0,774.3843953267129,-226.38439532671293
430146,650.0,1356.3901668905223,-706.3901668905223
430266,515.0,650.2225456703617,-135.22254567036168
430502,920.0,715.1611923766558,204.83880762334422
430822,1060.0,1197.0914970276094,-137.09149702760942
430939,960.0,1212.7410925996355,-252.74109259963552
430958,1010.0,1032.9493584656084,-22.949358465608384
430968,904.0,960.8647090610567,-56.864709061056715
431088,720.0,649.5456375262228,70.45436247377722
431125,1265.0,1202.660545366992,62.33945463300802
431382,904.0,999.128705959707,-95.12870595970696
431510,577.0,686.7939839732725,-109.79398397327247
431586,1030.0,1121.113326973155,-91.11332697315493
431620,1003.0,1092.0613734098868,-89.06137340988676
431846,1235.0,1284.570867945413,-49.570867945413056
431912,738.0,936.7148635691916,-198.7148635691916
431985,926.0,1068.1353726506552,-142.1353726506552
432049,594.0,721.3695951910181,-127.3695951910181
432143,1105.0,1224.6344654573943,-119.6344654573943
432226,1060.0,1076.2204927523387,-16.220492752338714
432398,626.0,614.4875916832538,11.512408316746246
432463,1205.0,1200.402162903534,4.597837096466037
432615,710.0,981.368314428096,-271.368314428096
432899,1440.0,1337.9273674134524,102.07263258654757
433043,1270.0,1169.4989953431086,100.50100465689138
433152,690.0,706.5424709592182,-16.542470959218235
433160,1235.0,1402.494614687864,-167.494614687864
433177,690.0,917.9516579914153,-227.95165799141535
433348,807.0,701.699268171814,105.30073182818603
433349,1147.0,1026.2087809742145,120.7912190257855
433405,1301.0,1169.7733021805066,131.22669781949344
433567,1135.0,1209.3279348158467,-74.32793481584667
433623,845.0,936.2550111296928,-91.25501112969278
433900,1275.0,1363.6393410239066,-88.63934102390658
433940,1120.0,1151.1558530027914,-31.155853002791446
434035,1275.0,1277.29759209138,-2.297592091380011
434100,1360.0,1234.3864924112806,125.61350758871936
434322,1257.0,1219.762949297236,37.23705070276401
434374,1160.0,1284.6261737188213,-124.62617371882129
434430,1070.0,1038.233595059858,31.76640494014191
434501,1440.0,1209.9918307348516,230.00816926514835
434522,1000.0,994.799378819835,5.200621180164944
434552,992.0,914.084563349415,77.91543665058498
434773,1020.0,1290.5847583292752,-270.58475832927525
435006,1080.0,1088.4418188775894,-8.441818877589412
435037,900.0,757.8673730544645,142.13262694553555
435066,992.0,1170.7073841010736,-178.70738410107356
435300,1115.0,1098.2833822176835,16.71661778231646
435376,1240.0,1138.476652010767,101.52334798923289
435539,1380.0,1335.3803905119958,44.619609488004244
435544,1191.0,1320.040535714286,-129.04053571428608
435664,1060.0,1107.9069815011437,-47.90698150114372
435667,682.0,690.8523090643039,-8.852309064303881
435705,874.0,952.8165907512821,-78.81659075128209
435973,728.0,647.9067802767187,80.09321972328132
436028,780.0,1048.1835119573977,-268.18351195739774
436129,910.0,924.0689658427304,-14.06896584273045
436333,1058.0,1063.7509466769905,-5.750946676990452
436539,730.0,1105.7676283068781,-375.7676283068781
436605,990.0,1038.7909527355107,-48.7909527355107
436814,425.0,694.944632677127,-269.94463267712695
436841,800.0,1030.316554447632,-230.31655444763192
437033,835.0,693.4076632404212,141.59233675957876
437148,585.0,696.865899142548,-111.86589914254796
437383,1205.0,1038.4107644406633,166.58923555933666
437539,815.0,1208.243406986598,-393.2434069865981
437587,680.0,549.3328134309974,130.66718656900264
437651,827.0,978.9593985046848,-151.95939850468483
437777,1260.0,1250.7530659576782,9.246934042321755
437920,498.0,686.1176484275986,-188.11764842759862
437943,990.0,1218.3761314383783,-228.37613143837825
437971,1000.0,1174.538852876438,-174.5388528764381
438214,1150.0,1224.292903605358,-74.2929036053581
438549,1237.0,1188.8060380549055,48.19396194509454
438577,1030.0,1185.5167659067959,-155.51676590679585
438713,939.0,1177.6945707617238,-238.69457076172375
439072,690.0,1107.9440405417372,-417.9440405417372
439333,1005.0,1049.794788622291,-44.79478862229098
439405,1147.0,1210.903907266351,-63.9039072663511
439415,1020.0,1196.5130413342592,-176.51304133425924
439500,1180.0,1179.115801972675,0.8841980273250556
439569,1095.0,1216.2518724218241,-121.25187242182415
439573,1070.0,1212.3635267014622,-142.3635267014622
439590,1003.0,1051.622981448592,-48.6229814485921
439806,871.0,1001.4060788809652,-130.4060788809652
440097,620.0,957.1844327732709,-337.18443277327094
440157,910.0,940.4822205470293,-30.48222054702933
440321,1170.0,1134.964627229437,35.03537277056307
440365,600.0,994.0471801974875,-394.0471801974875
440409,840.0,890.1395224415711,-50.1395224415711
440452,1021.0,1072.206184101469,-51.206184101469034
440563,1124.0,1183.8236906016505,-59.82369060165047
440829,900.0,1147.2534444950438,-247.25344449504382
440842,1720.0,1259.3577289800219,460.6422710199781
441216,723.0,1036.635743400138,-313.6357434001379
441234,1201.0,1202.553100399139,-1.5531003991391117
441313,745.0,667.4893207714177,77.51067922858226
441480,665.0,568.394497354497,96.60550264550295
441715,1180.0,1204.4606567201442,-24.460656720144243
441813,1190.0,1273.683348123193,-83.6833481231929
441917,750.0,703.6956987865983,46.304301213401686
442299,1100.0,1173.5084224305679,-73.50842243056786
442304,920.0,1092.914693776808,-172.914693776808
442389,630.0,690.9409147858928,-60.9409147858928
442457,1237.0,1050.3313291884533,186.6686708115467
442459,765.0,725.7925232172834,39.20747678271664
442462,1220.0,1075.842261787554,144.15773821244602
442491,915.0,1089.2146087114331,-174.21460871143313
442778,1300.0,1212.9946659790644,87.0053340209356
442912,1245.0,1119.9614620952468,125.03853790475318
442956,1047.0,1258.6571305160073,-211.65713051600733
443189,800.0,1134.1710216390588,-334.17102163905884
443393,1690.0,1273.7364445882738,416.2635554117262
443427,695.0,755.613691037197,-60.613691037196986
443519,970.0,917.2560842817855,52.74391571821445
443592,621.0,693.3078848305955,-72.30788483059553
443633,1190.0,1280.3357503812724,-90.33575038127242
444089,1040.0,1127.5873184400657,-87.5873184400657
444235,804.0,964.054328316014,-160.054328316014
444247,1010.0,1048.4844207704093,-38.484420770409315
444324,970.0,1062.9773896621482,-92.9773896621482
444410,860.0,964.1578945858071,-104.15789458580707
444453,858.0,994.6862413333246,-136.68624133332457
444644,955.0,1091.8238728155309,-136.82387281553088
444768,1170.0,1071.1844185352545,98.81558146474549
444913,1085.0,1050.21805002405,34.781949975950056
445001,675.0,801.2187907704734,-126.21879077047345
445013,850.0,736.4518058017173,113.54819419828266
445414,804.0,1166.6472190602608,-362.6472190602608
445590,560.0,631.0790880712985,-71.07908807129854
445636,1186.0,1217.6075035178144,-31.607503517814393
445733,978.0,987.9234034391535,-9.923403439153503
446078,540.0,702.48418067051,-162.48418067051
446172,590.0,704.0272090342712,-114.02720903427121
446343,750.0,716.1117798524193,33.88822014758068
446590,575.0,727.3385570866996,-152.33855708669955
446633,688.0,952.7792543844014,-264.7792543844014
446796,545.0,797.0542078692258,-252.05420786922582
446899,740.0,582.4583987661182,157.5416012338818
446903,870.0,1260.0392653480687,-390.03926534806874
446943,810.0,867.2420953388569,-57.24209533885687
446944,795.0,751.7724958456406,43.227504154359394
446978,870.0,931.9827753318192,-61.9827753318192
446984,635.0,774.0566287123859,-139.05662871238587
447122,690.0,727.2158478631334,-37.21584786313338
447253,1179.0,1138.7207185924801,40.279281407519875
447289,1191.0,1138.515934074924,52.48406592507604
447349,1195.0,1267.7968601771215,-72.79686017712152
447365,638.0,761.8053890776202,-123.80538907762025
447493,572.0,712.3695091263311,-140.36950912633108
447507,1405.0,1279.9725025528185,125.02749744718153
447530,770.0,699.6181169974618,70.38188300253819
447643,860.0,751.0674941814234,108.9325058185766
447665,1115.0,1136.9018465965498,-21.90184659654983
447795,845.0,737.664030719334,107.33596928066595
447809,945.0,1068.3291440773537,-123.3291440773537
447819,685.0,708.5942233428775,-23.594223342877513
447878,1285.0,1060.7135822927703,224.2864177072297
447986,780.0,707.897739296057,72.10226070394299
448052,900.0,1220.320622315072,-320.3206223150719
448113,1178.0,1134.212098581897,43.78790141810305
448176,780.0,700.9050585071383,79.09494149286172
448395,1044.0,991.2279577663737,52.77204223362628
448526,595.0,676.5565035594375,-81.55650355943749
448592,1081.0,1104.3014164689678,-23.301416468967773
448725,1060.0,1116.6681168081182,-56.66811680811816
448773,1180.0,1279.705353542029,-99.70535354202889
448988,960.0,970.8834542635452,-10.883454263545218
449115,639.0,968.4648354971289,-329.4648354971289
449124,1005.0,1131.7070959811988,-126.70709598119879
449447,905.0,1005.0217197900663,-100.0217197900663
449451,1360.0,1209.080601056532,150.91939894346797
449532,871.0,797.5982724462992,73.40172755370077
449555,760.0,641.0899306204351,118.9100693795649
449667,1058.0,1081.006042125068,-23.006042125068006
449768,1100.0,1248.9711704052986,-148.9711704052986
449769,1025.0,1087.5396710611892,-62.53967106118921
449799,575.0,555.0889637827805,19.911036217219475
450007,1100.0,1021.9280874931244,78.0719125068756
450096,1180.0,1255.2137333762068,-75.21373337620685
450106,766.0,730.9833605076664,35.01663949233364
450168,1113.0,1232.0742232630826,-119.07422326308256
450302,840.0,1231.8427261071715,-391.84272610717153
450328,922.0,978.3280317000315,-56.32803170003149
450376,1113.0,1250.1663660975853,-137.1663660975853
450515,905.0,896.0115735252895,8.988426474710536
450568,1170.0,1281.1266048347804,-111.12660483478044
450666,695.0,715.6045402077655,-20.604540207765467
450709,1055.0,1276.1813892037203,-221.1813892037203
450713,1150.0,1108.732662302959,41.26733769704106
450776,930.0,1056.8382927621346,-126.83829276213464
450950,1230.0,1169.85776015571,60.14223984429009
450972,1035.0,1254.5802271377015,-219.5802271377015
451086,1030.0,1133.5313171485436,-103.53131714854362
451147,1434.0,1281.7557808327183,152.2442191672817
451345,730.0,613.1661684283255,116.83383157167452
451388,771.0,901.1760548989201,-130.17605489892014
451588,900.0,1268.1769556724303,-368.17695567243027
451608,981.0,1198.74434316708,-217.74434316707993
451627,725.0,704.2645281133173,20.735471886682717
451731,1070.0,1251.3697197482759,-181.36971974827588
451795,695.0,1070.453132146944,-375.453132146944
451982,1200.0,1123.5186904592074,76.48130954079261
452053,1310.0,1294.134631332195,15.865368667804887
452101,940.0,1108.3837898639738,-168.3837898639738
452277,1240.0,1150.8443139886724,89.15568601132759
452353,1505.0,1271.9570774500125,233.04292254998745
452492,1014.0,1068.0599467846966,-54.05994678469665
452571,1250.0,1134.7354102972781,115.26458970272188
452890,870.0,948.0538328628883,-78.05383286288827
453028,1005.0,1049.274839006372,-44.274839006372076
453165,1085.0,1195.6323662361765,-110.6323662361765
453252,510.0,682.9846848251477,-172.98468482514772
453466,1390.0,1263.3563992580484,126.64360074195156
453478,1205.0,1143.118013482563,61.8819865174371
453549,1220.0,1003.7717449992148,216.22825500078523
453556,890.0,1074.5523087725576,-184.55230877255758
453660,700.0,705.1545171907601,-5.154517190760089
453732,837.0,1086.5981969324164,-249.59819693241639
453771,850.0,575.6502063304927,274.34979366950733
453872,1235.0,1141.7528738660376,93.24712613396241
454081,1045.0,1091.4013878398446,-46.401387839844574
454296,920.0,744.2504730370978,175.74952696290222
454302,985.0,1018.6807451347136,-33.68074513471356
454326,1157.0,1040.6735313907868,116.32646860921318
454392,580.0,834.9637242220061,-254.96372422200614
454395,1700.0,1343.2002790065756,356.79972099342444
454457,884.0,1241.0810606366283,-357.0810606366283
454489,1195.0,1046.6418610584972,148.35813894150283
454592,623.0,810.4013144429418,-187.40131444294184
454735,953.0,979.9218757622541,-26.921875762254103
455320,949.0,936.8195681604653,12.180431839534663
455403,1380.0,1287.7211247554353,92.27887524456469
455469,1091.0,1141.065539479761,-50.0655394797609
455516,505.0,592.424236697234,-87.42423669723405
455548,990.0,1158.4532724574615,-168.45327245746148
455569,917.0,783.4418372669584,133.55816273304163
455622,645.0,723.5286743931255,-78.52867439312547
455709,986.0,1169.1714231109745,-183.1714231109745
455825,1150.0,1348.6373282827801,-198.63732828278012
455854,945.0,1046.6726886723736,-101.67268867237362
456013,1395.0,1325.703854785547,69.29614521445296
456084,1013.0,1149.2071480796044,-136.2071480796044
456105,1025.0,1031.31991592082,-6.319915920819994
456163,1265.0,1281.783743148504,-16.783743148504072
456267,1130.0,1165.0695663986744,-35.0695663986744
456301,1010.0,1137.6054462426378,-127.60544624263775
456326,585.0,815.8141097886011,-230.81410978860106
456445,1325.0,1084.4100719067008,240.58992809329925
456689,636.0,742.9672036121749,-106.9672036121749
456774,970.0,1051.0781700908417,-81.0781700908417
457294,1069.0,1049.885907548038,19.11409245196205
457530,837.0,964.5392249515189,-127.53922495151892
457540,835.0,762.6551902561463,72.34480974385372
457628,486.0,710.0495105888072,-224.04951058880715
457644,600.0,617.0598719835324,-17.05987198353239
457720,620.0,1188.8287347712837,-568.8287347712837
457738,1105.0,1030.0071111364782,74.99288886352178
457785,965.0,1118.7966859098353,-153.79668590983533
458012,937.0,1048.4047208567715,-111.40472085677152
458109,920.0,969.6928080093933,-49.692808009393275
458134,1020.0,1128.9436666012834,-108.94366660128344
458430,625.0,759.5608726645983,-134.56087266459826
458476,1000.0,912.1321904397136,87.86780956028645
458482,1085.0,1197.4129794655573,-112.41297946555733
458580,747.0,737.3937749882584,9.606225011741572
458742,941.0,940.5502903554604,0.44970964453955276
458800,505.0,681.0272614268703,-176.02726142687027
459049,1085.0,1125.5253229110497,-40.52532291104967
459152,1310.0,1302.1642601649125,7.835739835087452
459165,833.0,860.0889127167661,-27.088912716766117
459261,893.0,982.7445465217799,-89.74454652177985
459263,1355.0,1183.9823314687203,171.0176685312797
459366,980.0,1148.1521178551911,-168.15211785519114
459427,1130.0,1182.2215226795456,-52.221522679545615
459610,595.0,693.3119207856104,-98.31192078561037
459665,595.0,602.4675079613643,-7.4675079613642765
459667,981.0,877.0785077639808,103.92149223601916
459689,639.0,1070.9247723125598,-431.92477231255975
459778,1260.0,1282.0930574231852,-22.0930574231852
459791,870.0,1075.3650844241376,-205.36508442413765
459798,655.0,679.3010674314633,-24.301067431463252
459811,860.0,828.7043274318279,31.295672568172108
459880,710.0,568.6094357846296,141.39056421537043
459977,1232.0,924.1845162676663,307.81548373233375
460063,1260.0,1349.614001938816,-89.61400193881605
460199,860.0,1020.9919857438908,-160.99198574389084
460222,940.0,977.016002384909,-37.01600238490903
460547,583.0,1023.4882207545085,-440.48822075450846
460603,1120.0,1185.7543080500354,-65.75430805003543
460692,910.0,1290.631138256344,-380.631138256344
460722,1240.0,1090.6751176573343,149.32488234266566
460764,1036.0,1196.9050863262667,-160.90508632626666
460767,1292.0,1050.6400036108646,241.3599963891354
460804,850.0,1023.6860860189196,-173.68608601891958
460855,686.0,681.4486372627098,4.551362737290219
460890,765.0,763.5824879750342,1.4175120249658448
460901,1320.0,1087.8192627700946,232.1807372299054
461020,1465.0,1347.5830166346602,117.41698336533977
461091,1165.0,1224.9110786621761,-59.91107866217612
461109,470.0,726.8210289938972,-256.82102899389724
461303,1125.0,1323.0094884308178,-198.00948843081778
461334,1055.0,1153.8191643435932,-98.81916434359323
461561,720.0,724.4536455300519,-4.453645530051858
461664,816.0,973.4146682253212,-157.41466822532118
461667,579.0,761.1210434179886,-182.12104341798863
461729,1015.0,1323.143483564655,-308.14348356465507
461734,1240.0,1153.585215208098,86.4147847919021
461749,1110.0,1234.8187068598804,-124.81870685988042
461750,1001.0,1104.0263107945902,-103.02631079459024
461862,1630.0,1276.6707054999438,353.3292945000562
461924,1533.0,1259.6603395688971,273.33966043110286
461932,550.0,648.8514119414484,-98.85141194144842
462053,1146.0,1048.7553596869307,97.24464031306934
462136,1058.0,873.5798729886795,184.42012701132046
462156,525.0,688.7409117312211,-163.7409117312211
462266,1290.0,1187.0005120027206,102.9994879972794
462315,1080.0,1230.478472983411,-150.47847298341094
462385,760.0,730.0297485823256,29.970251417674376
462389,1036.0,967.6599144446328,68.34008555536718
462540,613.0,771.0577651020616,-158.05776510206158
462605,910.0,1112.0735721051924,-202.0735721051924
462871,1135.0,1177.506366234854,-42.50636623485411
462908,1200.0,1070.8353289475276,129.16467105247239
462951,1220.0,1309.8502349596704,-89.85023495967039
462992,1065.0,997.5810062480753,67.41899375192475
463020,1625.0,1348.1831196180233,276.8168803819767
463067,845.0,1165.661323191374,-320.6613231913741
463186,1078.0,1144.6265951693895,-66.62659516938947
463243,555.0,776.5263416417134,-221.52634164171343
463321,584.0,1085.1854138505196,-501.1854138505196
463349,965.0,1126.016279266382,-161.01627926638207
463374,945.0,1199.703390976075,-254.70339097607507
463475,845.0,1174.3767692529188,-329.37676925291885
463547,738.0,1078.700425455053,-340.70042545505294
463552,992.0,989.6513955552756,2.348604444724401
463611,1420.0,1240.9391887422044,179.06081125779565
463623,1225.0,1327.9244791235353,-102.92447912353532
463697,565.0,752.8672448689287,-187.86724486892865
463729,1090.0,1201.368744191701,-111.3687441917009
463739,625.0,679.1852525074979,-54.18525250749792
463750,890.0,934.1133104395607,-44.11331043956068
463866,1125.0,1176.3864726781483,-51.386472678148266
463883,1085.0,1112.4419329572406,-27.441932957240624
464012,555.0,654.0125666431617,-99.01256664316168
464072,585.0,767.2485279632203,-182.24852796322034
464115,1010.0,649.5293457948206,360.47065420517936
464184,810.0,931.3223501788249,-121.32235017882488
464235,454.0,603.0955068014683,-149.09550680146833
464240,804.0,958.3764946926678,-154.37649469266785
464272,900.0,1097.272802576277,-197.27280257627694
464332,550.0,670.6147259452665,-120.61472594526651
464367,634.0,635.6996442918072,-1.6996442918072034
464487,944.0,1053.7633116381714,-109.76331163817144
464519,810.0,695.788762214008,114.21123778599201
464532,740.0,760.3798998751698,-20.379899875169826
464551,1350.0,1279.4167624754518,70.58323752454817
464601,660.0,711.4362314814814,-51.4362314814814
464687,771.0,870.3330396993583,-99.33303969935832
464754,1065.0,1345.1664287635087,-280.16642876350875
464784,870.0,1013.634827822043,-143.634827822043
464869,925.0,1072.6253245638397,-147.62532456383974
464884,1034.0,1015.9498197900193,18.05018020998068
464913,976.0,1034.8696231854155,-58.86962318541555
464963,1213.0,1210.1200967781967,2.8799032218032607
464986,760.0,692.0119012516333,67.98809874836672
465068,1020.0,1080.7094590705005,-60.70945907050054
465120,876.0,1110.1671588147092,-234.16715881470918
465151,660.0,1094.2217650545915,-434.2217650545915
465157,848.0,1041.7899513418254,-193.78995134182537
465183,940.0,1152.5151933780942,-212.51519337809418
465285,709.0,705.1258016606929,3.8741983393070996
465355,1150.0,1088.4586271517662,61.54137284823378
465374,615.0,674.4225483793704,-59.42254837937037
465398,1030.0,1021.6350269814943,8.36497301850568
465510,1080.0,1190.9006243526565,-110.90062435265645
465516,1168.0,1263.2932121174638,-95.29321211746378
465603,792.0,709.6924373560435,82.30756264395654
465694,820.0,1210.93031212332,-390.93031212331994
465741,1080.0,1229.4727164375756,-149.47271643757563
465784,738.0,726.6014945524433,11.398505447556659
465897,635.0,648.4803898161099,-13.480389816109891
465959,1210.0,1067.1542612609976,142.8457387390024
465976,365.0,675.6939574908274,-310.6939574908274
465981,1135.0,1159.3978365423743,-24.397836542374307
466026,1389.0,1227.1694459049243,161.83055409507574
466028,903.0,1221.7712565381448,-318.7712565381448
466054,1528.0,1208.1323599167017,319.8676400832983
466064,975.0,1172.6017977507015,-197.6017977507015
466110,937.0,1273.6669159087955,-336.66691590879554
466140,1127.0,1076.3180537478402,50.68194625215983
466180,1027.0,1278.509935365816,-251.5099353658161
466187,749.0,1022.5993547680399,-273.5993547680399
466276,752.0,683.8983820550695,68.10161794493047
466291,970.0,1016.6917507066339,-46.69175070663391
466359,1058.0,1234.388575913094,-176.38857591309397
466434,708.0,757.7487959872275,-49.74879598722748
466470,1200.0,1255.3442541926006,-55.3442541926006
466491,1069.0,1078.6819652902816,-9.681965290281596
466503,505.0,555.0889637827805,-50.088963782780525
466518,761.0,1052.795774596797,-291.79577459679695
466551,1470.0,1341.1000355672948,128.89996443270525
466555,665.0,763.2176750666774,-98.21767506667743
466610,655.0,664.66182622211,-9.661826222109994
466635,1223.0,1020.2832016799001,202.71679832009988
466663,1310.0,1185.9660375888282,124.03396241117184
466680,1275.0,1270.8503915294798,4.1496084705202065
466691,1065.0,990.5303800862811,74.46961991371893
466746,710.0,761.5763061799466,-51.57630617994664
466872,705.0,730.3983703223028,-25.398370322302753
466906,640.0,712.9508224522025,-72.95082245220249
467010,762.0,623.800498351477,138.19950164852298
467025,1430.0,1130.1964493199152,299.80355068008475
467035,890.0,1164.0183936455398,-274.01839364553985
467046,840.0,1093.7749963602564,-253.7749963602564
467058,1030.0,972.4895314081865,57.51046859181349
467078,555.0,705.0189777858716,-150.01897778587158
467151,1340.0,1293.0869541810494,46.91304581895065
467169,580.0,724.8423506069003,-144.84235060690025
467203,920.0,1286.8025986333053,-366.80259863330525
467242,480.0,717.9158918895076,-237.91589188950763
467269,690.0,1051.5038681127146,-361.5038681127146
467275,650.0,752.4856805675945,-102.4856805675945
467297,683.0,1131.5136617668527,-448.5136617668527
467337,1179.0,1100.8026810982212,78.19731890177877
467342,860.0,1067.8760993024607,-207.87609930246072
467382,1110.0,1147.3299983277934,-37.32999832779342
467517,840.0,760.6090632448934,79.39093675510662
467529,959.0,1023.2410065902404,-64.24100659024043
467553,940.0,1171.863058348874,-231.8630583488739
467590,960.0,1000.8637216296082,-40.86372162960822
467609,880.0,1178.536144810545,-298.536144810545
467660,1051.0,1168.1947196183635,-117.19471961836348
467735,1410.0,1220.6579452464375,189.34205475356248
467737,1135.0,1224.607754347826,-89.6077543478259
467738,1047.0,1293.6277660515855,-246.62776605158547
467834,970.0,1025.9379341124275,-55.937934112427456
467846,572.0,687.27462381781,-115.27462381781004
467855,920.0,1082.0559070429927,-162.05590704299266
467863,1100.0,1213.3890825194378,-113.3890825194378
467865,570.0,759.7574092597698,-189.75740925976982
467914,1200.0,1233.7312662181348,-33.731266218134806
467947,1512.0,1359.3781622326367,152.62183776736333
468017,1115.0,1120.4282428673082,-5.4282428673081995
468057,476.0,799.8165379495996,-323.8165379495996
468086,985.0,951.6310916296503,33.368908370349686
468139,940.0,1099.1423383306405,-159.14233833064054
468147,1255.0,1366.8735606624643,-111.87356066246434
468200,831.0,1255.589000348988,-424.58900034898807
468202,914.0,1185.5709115237294,-271.57091152372936
468209,1146.0,1280.7718291459914,-134.77182914599143
468220,890.0,974.7956761018005,-84.7956761018005
468234,970.0,1111.7106095661684,-141.7106095661684
468252,1069.0,1097.5449500482675,-28.544950048267538
468299,824.0,1010.8416073585711,-186.84160735857108
468343,1280.0,1329.71106708291,-49.71106708290995
468351,630.0,674.7120751175036,-44.71207511750356
468371,773.0,1017.8998777231461,-244.89987772314612
468390,870.0,971.0628384822343,-101.06283848223427
468391,1190.0,1115.9492585773405,74.05074142265948
468395,849.0,1148.1709250831689,-299.17092508316887
468397,1252.0,1127.582814784092,124.41718521590792
468422,1300.0,1328.3990820961196,-28.399082096119628
468431,1380.0,1177.4881814012433,202.5118185987567
468499,515.0,641.5148101892946,-126.51481018929462
468516,1325.0,1138.7097523885886,186.29024761141136
468525,1058.0,1036.4766048970046,21.523395102995437
468562,890.0,1160.3438275122337,-270.3438275122337
468578,675.0,724.33921252092,-49.33921252092
468594,1525.0,1235.0766961203658,289.9233038796342
468599,645.0,546.3573542372661,98.64264576273388
468634,710.0,639.4550074405306,70.54499255946939
468659,807.0,875.2229892752292,-68.22298927522922
468701,875.0,1108.3267457089087,-233.32674570890867
468702,926.0,1066.4423528617199,-140.44235286171988
468744,1060.0,1117.0189040868318,-57.01890408683175
468754,1125.0,874.6788855985612,250.32111440143876
468764,1365.0,1308.943217177057,56.05678282294298
468834,610.0,787.7951135446477,-177.79511354464773
468849,600.0,747.2868247739756,-147.28682477397558
468889,724.0,724.2800526010594,-0.280052601059424
468916,1055.0,1235.4073595929515,-180.40735959295148
468992,1160.0,1076.3180537478402,83.68194625215983
468994,580.0,690.570766189593,-110.57076618959297
469007,439.0,699.1032616051529,-260.10326160515285
469021,544.0,697.7578707176244,-153.75787071762443
469056,535.0,796.2438819494155,-261.2438819494155
469074,1190.0,1144.3355003240054,45.66449967599465
469093,1179.0,1156.7363848825685,22.263615117431527
469117,735.0,731.0290697228498,3.97093027715016
469120,944.0,1231.6202704355026,-287.62027043550256
469153,656.0,667.8014272812754,-11.801427281275437
469164,528.0,645.6825874022111,-117.68258740221108
469165,1155.0,1113.987090955019,41.012909044980915
469175,570.0,705.9155154463922,-135.9155154463922
469185,1180.0,1195.553381667951,-15.553381667951044
469189,1205.0,1172.4922199142889,32.50778008571115
469221,1003.0,1183.883742798405,-180.8837427984049
469228,655.0,734.0218712078916,-79.02187120789165
469234,782.0,1162.0719291755568,-380.07192917555676
469267,780.0,1132.7285952156326,-352.7285952156326
469285,481.0,635.0765258629349,-154.0765258629349
469377,617.0,859.9695555555553,-242.9695555555553
469421,1175.0,1102.6440193854778,72.3559806145222
469445,895.0,1018.7122756835469,-123.71227568354686
469452,1110.0,1160.2255941105614,-50.22559411056136
469456,1295.0,1324.211866084713,-29.211866084712938
469483,740.0,666.2531364227584,73.74686357724158
469487,805.0,1144.4246406104082,-339.42464061040823
469617,1080.0,1254.286482504196,-174.2864825041961
469626,1480.0,1310.1683385034926,169.83166149650742
469633,670.0,741.8509173490304,-71.8509173490304
469694,1352.0,1181.4466192985644,170.55338070143557
469729,680.0,942.9478244440227,-262.9478244440227
469743,755.0,1097.9019335647968,-342.90193356479676
469753,545.0,580.1758167759771,-35.17581677597707
469803,1490.0,1410.5731421185662,79.42685788143376
469840,860.0,693.4925444027504,166.50745559724965
469861,1170.0,1109.887552843652,60.112447156348026
469877,1305.0,1149.3798999873088,155.62010001269118
469914,650.0,692.7240075664038,-42.72400756640377
469919,868.0,1119.9529950675542,-251.95299506755418
469935,480.0,620.9921548731432,-140.99215487314325
469945,1155.0,1268.5678014755829,-113.56780147558288
470003,715.0,843.1934427713787,-128.19344277137873
470060,612.0,717.5354014426216,-105.5354014426216
470112,1000.0,1216.6960829770208,-216.69608297702075
470141,770.0,709.8589142020792,60.14108579792082
470153,1175.0,1077.6179756277475,97.38202437225254
470224,860.0,975.0562818655034,-115.05628186550337
470247,1265.0,1214.4241139962999,50.575886003700134
470404,615.0,700.4572519446275,-85.4572519446275
470410,1020.0,1253.8221838428408,-233.8221838428408
470428,937.0,1081.3642511862374,-144.36425118623742
470441,297.0,700.5829468655044,-403.58294686550437
470447,661.0,712.0902970479086,-51.09029704790862
470563,1003.0,1216.2189487992935,-213.21894879929346
470635,937.0,998.5462027204303,-61.5462027204303
470718,588.0,753.7537868498746,-165.7537868498746
470799,965.0,1132.8853820346321,-167.88538203463213
470826,942.0,1254.8486317475874,-312.84863174758743
470829,986.0,1082.6151577762084,-96.61515777620843
470847,914.0,928.7103499006788,-14.710349900678807
470875,959.0,1187.6109104655513,-228.61091046555134
470900,440.0,558.2655032515416,-118.26550325154165
470941,985.0,1070.9247723125598,-85.92477231255975
470968,845.0,1321.2164141673834,-476.2164141673834
470977,1058.0,1253.1375458169575,-195.13754581695753
471057,870.0,1221.0548081256643,-351.0548081256643
471080,1125.0,1045.0853809921039,79.91461900789614
471092,476.0,607.2455978897245,-131.24559788972454
471119,815.0,668.7265662215696,146.27343377843044
471124,530.0,747.7767949215247,-217.7767949215247
471128,530.0,746.796823099546,-216.79682309954603
471133,780.0,1153.8997574364287,-373.8997574364287
471134,1213.0,1269.1743065859444,-56.17430658594435
471193,705.0,1070.9370515321873,-365.9370515321873
471285,1015.0,1143.3297143796337,-128.32971437963374
471302,527.0,934.0330642563646,-407.0330642563646
471321,966.0,1179.1397574818216,-213.13975748182156
471422,1035.0,1322.3947436383394,-287.3947436383394
471426,937.0,963.9860853581464,-26.986085358146397
471432,462.0,928.8207993838162,-466.82079938381617
471466,882.0,1227.8124687382453,-345.81246873824534
471550,650.0,662.6716709828904,-12.671670982890419
471552,882.0,977.5595551245312,-95.55955512453124
471568,495.0,730.1330397175009,-235.13303971750088
471581,615.0,754.464347609503,-139.46434760950297
471621,1190.0,1290.7722018580766,-100.77220185807664
471624,935.0,1160.4243537483385,-225.4243537483385
471636,725.0,942.6842903065144,-217.6842903065144
471681,870.0,933.9931027290784,-63.99310272907837
471684,685.0,880.4457007772762,-195.44570077727622
471733,825.0,725.1829871722503,99.81701282774975
471760,1150.0,1278.827650267336,-128.8276502673359
471797,1010.0,1110.9523525431916,-100.95235254319164
471811,639.0,1056.192745366058,-417.19274536605803
471995,425.0,570.1515616277488,-145.15156162774883
472021,1047.0,993.8316135716724,53.16838642832761
472053,520.0,537.7569126182262,-17.756912618226238
472091,1065.0,1097.4843150060528,-32.48431500605284
472097,1044.0,899.0302744152232,144.96972558477682
472121,1000.0,1010.4699103259888,-10.469910325988849
472128,708.0,775.1436633228385,-67.1436633228385
472190,1065.0,1027.754733447637,37.24526655236309
472313,1160.0,1198.00689265187,-38.006892651869975
472399,740.0,1093.4855766118803,-353.48557661188033
472431,630.0,612.1708208868863,17.829179113113696
472456,1241.0,1205.4537485344606,35.5462514655394
472483,1170.0,1272.9555383861357,-102.95553838613569
472501,915.0,919.8867578162536,-4.886757816253635
472527,1155.0,1127.772963251197,27.227036748802902
472531,1202.0,1122.0277955388087,79.97220446119127
472551,1180.0,1138.9491484701925,41.05085152980746
472572,590.0,652.9158591171372,-62.91585911713719
472676,539.0,575.5309967838408,-36.530996783840806
472726,1210.0,1325.691742214178,-115.69174221417802
472765,680.0,718.4737294342348,-38.47372943423477
472826,1072.0,1038.3480589316093,33.65194106839067
472906,1023.0,1079.4254272339301,-56.42542723393012
472938,585.0,797.7939325599913,-212.79393255999128
472966,1425.0,1209.5049988215005,215.49500117849948
472969,500.0,733.203658844763,-233.20365884476303
472983,871.0,959.0528879117683,-88.05288791176827
473026,520.0,680.341208172324,-160.34120817232395
473040,535.0,724.3638280264348,-189.36382802643482
473084,738.0,978.078719374736,-240.078719374736
473124,970.0,1019.6608897372735,-49.660889737273465
473145,901.0,1072.4051205437352,-171.40512054373517
473163,948.0,1042.993050042196,-94.99305004219605
473193,1315.0,1130.590778910856,184.409221089144
473275,985.0,917.3838764081851,67.61612359181493
473316,835.0,989.0578738457588,-154.05787384575876
473318,1000.0,811.1579434434161,188.84205655658388
473361,705.0,897.9688019605086,-192.96880196050859
473404,1375.0,1306.9768206656845,68.0231793343155
473469,650.0,690.833553761856,-40.833553761856024
473494,590.0,572.9823426675393,17.017657332460658
473540,682.0,975.69328968254,-293.69328968254
473542,855.0,1017.1951640288747,-162.19516402887473
473568,715.0,706.6386922886235,8.361307711376526
473613,1179.0,1209.1247733168095,-30.124773316809524
473623,1280.0,1212.9216600852596,67.07833991474035
473633,735.0,645.2818226995452,89.71817730045484
473698,800.0,1092.6052021618452,-292.6052021618452
473736,660.0,750.942534684651,-90.94253468465104
473784,760.0,936.2593588677347,-176.2593588677347
473814,1365.0,1366.9587079898251,-1.9587079898251432
473818,1295.0,974.380283758486,320.61971624151397
473821,1140.0,1233.8921191529948,-93.89211915299484
473844,608.0,892.152243350731,-284.15224335073106
473863,575.0,661.5772662278088,-86.57726622780876
473896,770.0,795.4391551237027,-25.439155123702676
473902,1070.0,1215.443368543127,-145.443368543127
473925,1420.0,1289.551547295051,130.44845270494898
473930,1061.0,1192.292954421694,-131.29295442169405
473953,865.0,1237.0161435658129,-372.01614356581285
473963,780.0,793.2456498007859,-13.245649800785941
473985,1435.0,1141.8233217249117,293.1766782750883
473992,895.0,882.9106376017737,12.089362398226285
474068,760.0,1090.7407008722387,-330.7407008722387
474069,1010.0,1040.1525721414039,-30.15257214140388
474110,672.0,813.9542433523739,-141.95424335237385
474147,600.0,611.1687499019788,-11.1687499019788
474159,990.0,1043.5141065127812,-53.514106512781154
474166,1465.0,1258.0379007175527,206.9620992824473
474176,525.0,652.4653855229795,-127.46538552297955
474198,770.0,737.4866356968245,32.513364303175535
474330,1075.0,1108.6920069896528,-33.69200698965278
474439,1312.0,1136.3693723915417,175.63062760845833
474487,1301.0,1090.049165123682,210.9508348763179
474493,531.0,707.5852102372651,-176.58521023726507
474601,531.0,745.0264335257688,-214.02643352576877
474647,930.0,1078.5239965731855,-148.5239965731855
474705,820.0,998.3871780311522,-178.3871780311522
474711,1100.0,1258.6217735979585,-158.6217735979585
474719,730.0,1156.5211502078605,-426.5211502078605
474723,794.0,991.9438296408211,-197.94382964082115
474833,870.0,1258.8206383509341,-388.82063835093413
474929,520.0,628.7383830903817,-108.73838309038172
474991,457.0,715.6512693808211,-258.6512693808211
474994,834.0,1029.7179435887658,-195.71794358876582
475008,1485.0,1210.421022528639,274.578977471361
475015,425.0,1165.7407306958328,-740.7407306958328
475023,1205.0,1113.122894545283,91.87710545471691
475028,605.0,560.7993479772329,44.200652022767144
475063,715.0,713.0044262190877,1.9955737809123093
475070,672.0,599.9999669025249,72.00003309747513
475100,510.0,711.3189161023122,-201.3189161023122
475108,860.0,1264.7039802353124,-404.70398023531243
475140,960.0,981.7829835521042,-21.782983552104156
475177,765.0,741.4272467550555,23.572753244944465
475181,1120.0,1019.4310978742405,100.56890212575945
475198,660.0,1017.1001647950435,-357.1001647950435
475278,1085.0,1054.7416431588526,30.25835684114736
475289,1047.0,1167.9038570808093,-120.9038570808093
475342,1060.0,1054.2508451561364,5.749154843863607
475431,440.0,644.6529581663726,-204.65295816637263
475442,520.0,669.9301585198776,-149.93015851987764
475443,1122.0,1116.5572227486912,5.442777251308826
475499,727.0,996.8987327052049,-269.8987327052049
475740,763.0,729.4394824304243,33.56051756957572
475766,540.0,624.0935579498499,-84.09355794984992
475808,705.0,1041.8703246981097,-336.8703246981097
475833,945.0,920.1669326086253,24.833067391374698
475847,1160.0,1197.972654521061,-37.97265452106103
475850,570.0,765.466883945681,-195.46688394568105
475914,950.0,1142.3087328258255,-192.30873282582547
475957,940.0,1236.6901536574624,-296.69015365746236
475966,1015.0,1196.479441450864,-181.479441450864
475971,600.0,669.3347842309304,-69.33478423093038
475973,683.0,1033.136350715572,-350.136350715572
475985,1014.0,1097.4347748499913,-83.4347748499913
476001,770.0,993.6920378026517,-223.69203780265173
476033,885.0,1055.021628789465,-170.021628789465
476035,1023.0,1095.1010608008523,-72.10106080085234
476050,965.0,926.2183001791641,38.78169982083591
476065,738.0,964.4479213070728,-226.44792130707276
476105,1355.0,1404.3561546998692,-49.356154699869194
476150,1080.0,1072.551133314249,7.448866685751
476161,760.0,754.868578042328,5.131421957672046
476178,516.0,1114.069486591132,-598.0694865911321
476187,1069.0,1357.8835627920964,-288.8835627920964
476229,1003.0,1116.531094465244,-113.531094465244
476233,1133.0,1113.8327222157989,19.167277784201133
476245,1157.0,1231.8390876447136,-74.83908764471357
476372,790.0,1042.439712696351,-252.43971269635108
476429,1505.0,1287.406725901029,217.59327409897105
476454,1180.0,1299.6603024444832,-119.66030244448325
476554,1006.0,1034.2645392049703,-28.264539204970333
476555,895.0,998.1542655696625,-103.15426556966247
476625,562.0,652.3573665681971,-90.35736656819711
476655,791.0,960.7980509939846,-169.7980509939846
476694,913.0,1060.4429384329244,-147.4429384329244
476772,600.0,1098.7324759948206,-498.73247599482056
476940,925.0,1087.9961743891604,-162.9961743891604
476958,1065.0,1082.5700442404013,-17.57004424040133
477006,647.0,771.1087218689133,-124.10872186891334
477024,1445.0,1291.9681210814167,153.0318789185833
477035,1135.0,1058.6232583518336,76.37674164816644
477073,518.0,690.121278176533,-172.121278176533
477084,1090.0,1157.3390510127842,-67.33905101278424
477174,1157.0,987.2605861385338,169.73941386146623
477236,565.0,732.1170511339383,-167.11705113393828
477263,1030.0,1091.236992293561,-61.23699229356089
477278,950.0,1123.6429631886467,-173.64296318864672
477292,944.0,988.6935578130681,-44.69355781306808
477323,810.0,1197.0103959733215,-387.01039597332147
477370,595.0,729.9764681972588,-134.97646819725878
477384,850.0,920.5195955225047,-70.51959552250469
477436,1585.0,1167.7788141068422,417.2211858931578
477455,565.0,773.7802046009944,-208.78020460099435
477489,965.0,1193.3735413167242,-228.3735413167242
477526,540.0,640.8768783472359,-100.8768783472359
477608,704.0,926.9255300771919,-222.92553007719187
477617,1130.0,1211.5023248599803,-81.50232485998026
477736,670.0,680.2207161602888,-10.220716160288816
477758,519.0,658.214462833966,-139.21446283396597
477818,893.0,1035.9641268822736,-142.9641268822736
477823,733.0,545.1209258465263,187.87907415347365
477906,506.0,668.61234686475,-162.61234686474995
477908,775.0,1035.8647268070874,-260.86472680708744
477917,760.0,716.487023145531,43.512976854469
477938,842.0,907.6891142112892,-65.68911421128917
477949,1210.0,1224.4574424589714,-14.4574424589714
477982,769.0,698.5917561440996,70.40824385590042
477999,1422.0,1032.8945339378845,389.1054660621155
478044,785.0,637.5720287181801,147.42797128181985
478077,915.0,1068.9608392569933,-153.96083925699327
478125,1120.0,1102.5282970003734,17.471702999626586
478131,915.0,990.4287280977393,-75.42872809773928
478160,610.0,769.2684605994918,-159.26846059949185
478166,1175.0,1260.2878039674367,-85.28780396743673
478187,890.0,1153.4496778407067,-263.4496778407067
478234,1030.0,1315.5124971069295,-285.51249710692946
478304,870.0,976.7988744347108,-106.7988744347108
478312,683.0,1004.2486326065698,-321.2486326065698
478342,1130.0,1253.350684661724,-123.35068466172402
478355,620.0,742.2375776698585,-122.23757766985852
478398,1150.0,1231.5075032210846,-81.50750322108456
478424,1385.0,1321.833851543984,63.16614845601589
478443,900.0,1032.6734454872685,-132.6734454872685
478462,1000.0,1118.4193470910413,-118.41934709104135
478474,1458.0,1272.898316665263,185.1016833347369
478486,940.0,1148.2337094632885,-208.2337094632885
478490,536.0,659.2321004331626,-123.2321004331626
478498,345.0,646.9390905797927,-301.9390905797927
478513,770.0,683.3718599591789,86.62814004082111
478540,1037.0,1212.6870596180127,-175.68705961801265
478542,965.0,811.7730264651269,153.22697353487308
478684,890.0,1027.2607995931698,-137.26079959316985
478722,1135.0,925.9971408374937,209.0028591625063
478734,1475.0,1082.140100251536,392.85989974846393
478783,908.0,1122.687634938608,-214.68763493860797
478800,620.0,692.7717169312169,-72.77171693121693
478824,970.0,1154.0560231462998,-184.05602314629982
478904,606.0,722.8407069503181,-116.84070695031812
478949,973.0,986.4559407787566,-13.455940778756599
479023,564.0,720.4074570331263,-156.40745703312632
479088,1110.0,1099.6959586243613,10.30404137563869
479176,1280.0,1191.5143647703708,88.48563522962922
479206,1090.0,1317.950104202069,-227.95010420206904
479212,600.0,912.641843802855,-312.64184380285496
479240,837.0,1001.4998966417869,-164.4998966417869
479256,926.0,1108.918783310111,-182.91878331011094
479275,1160.0,1034.2930373608629,125.70696263913715
479406,1310.0,1058.0334722438108,251.96652775618918
479426,1010.0,1206.4300685233923,-196.43006852339226
479491,960.0,1208.3735196915984,-248.3735196915984
479495,1320.0,1198.8289478397855,121.17105216021446
479508,390.0,598.5714468697921,-208.5714468697921
479533,1205.0,1267.0911315340854,-62.091131534085434
479539,945.0,1171.145756469591,-226.1457564695911
479600,1090.0,1165.739681125404,-75.7396811254041
479605,550.0,630.8889395648764,-80.88893956487641
479613,1380.0,1324.7769852859203,55.22301471407968
479614,1130.0,1122.7256345828007,7.274365417199306
479621,665.0,908.6117726968347,-243.6117726968347
479654,1030.0,1150.7403354627945,-120.74033546279452
479709,1025.0,1142.6269917305387,-117.62699173053875
479739,840.0,1000.0198313983664,-160.01983139836636
479748,850.0,1119.0146499640782,-269.0146499640782
479806,1010.0,1413.6188666857283,-403.61886668572834
479861,1530.0,1222.9888171407702,307.01118285922985
479881,970.0,896.4066906506467,73.59330934935326
479903,645.0,689.9520082792308,-44.95200827923077
479935,850.0,1055.897998208797,-205.89799820879693
479942,640.0,635.2867461722067,4.713253827793324
480053,450.0,643.5442981028439,-193.54429810284387
480064,1020.0,1271.672609120419,-251.6726091204191
480070,470.0,507.75766358116437,-37.757663581164365
480102,820.0,1243.4207120102503,-423.4207120102503
480175,790.0,848.1837028568723,-58.18370285687229
480179,890.0,826.1234222289277,63.876577771072334
480182,1325.0,1204.9862871429036,120.01371285709638
480192,695.0,1087.518505606661,-392.51850560666094
480239,689.0,704.0604061039793,-15.06040610397929
480311,1029.0,1236.9681855199153,-207.96818551991532
480318,650.0,725.7520784387895,-75.75207843878945
480345,705.0,876.3649028092107,-171.36490280921066
480365,811.0,1012.3425355947875,-201.34253559478748
480429,955.0,1019.0538587040174,-64.05385870401744
480479,1235.0,1128.7225049348483,106.2774950651517
480561,1280.0,1274.0890405038485,5.910959496151463
480577,948.0,1074.279722698686,-126.2797226986861
480582,860.0,1055.5680722030777,-195.5680722030777
480606,620.0,760.3388580600638,-140.33885806006379
480683,610.0,699.1157047184197,-89.11570471841969
480725,352.0,597.3969024155767,-245.39690241557673
480729,1660.0,1313.0744705743261,346.92552942567386
480930,1000.0,1289.7522568106936,-289.75225681069355
480944,950.0,1303.7633765026467,-353.7633765026467
480996,1005.0,1160.2433852127267,-155.2433852127267
481077,1585.0,1358.395667108168,226.60433289183197
481115,545.0,632.6978139230542,-87.69781392305424
481172,555.0,696.7642069778416,-141.76420697784158
481176,420.0,677.0033550666898,-257.0033550666898
481194,1140.0,1245.7603817505544,-105.76038175055442
481371,1305.0,1211.1792027583317,93.82079724166829
481387,940.0,1097.3206872870244,-157.32068728702438
481431,997.0,1027.193309899562,-30.19330989956211
481447,910.0,1217.36504717483,-307.3650471748299
481711,491.0,579.5358746959417,-88.53587469594174
481725,685.0,700.5705991006606,-15.570599100660615
481737,868.0,1114.5991306023197,-246.59913060231975
481757,1102.0,1198.7711482313007,-96.77114823130069
481764,1210.0,1121.8726771207248,88.1273228792752
481805,555.0,719.7211626633272,-164.72116266332716
481839,473.0,699.6009192726103,-226.60091927261033
481882,701.0,640.0844743859273,60.91552561407275
481883,1110.0,1236.0841978314868,-126.08419783148679
481917,815.0,605.7896537166412,209.21034628335883
481959,1470.0,1298.7199803669466,171.28001963305337
482010,522.0,736.7366479916873,-214.73664799168728
482048,1070.0,1156.7003895293599,-86.70038952935988
482188,929.0,1116.2405365680597,-187.24053656805972
482190,975.0,1146.5635670539377,-171.56356705393773
482324,1160.0,1235.4264538935083,-75.42645389350832
482338,1062.0,1110.0229774576096,-48.02297745760961
482343,665.0,586.1251183270248,78.87488167297522
482371,470.0,709.9371885348299,-239.93718853482994
482397,925.0,1307.40181976474,-382.4018197647399
482404,1160.0,1256.6561588150162,-96.65615881501617
482450,1040.0,1044.6327437235464,-4.632743723546355
482513,1150.0,1291.4143436864888,-141.4143436864888
482517,645.0,1052.3362085444553,-407.3362085444553
482593,540.0,730.0297485823256,-190.02974858232562
482632,440.0,681.8774788376543,-241.87747883765428
482666,985.0,1222.83111841973,-237.83111841973005
482711,625.0,657.185344248318,-32.18534424831796
482741,1048.0,1088.247256276028,-40.24725627602811
482744,945.0,993.1174264852123,-48.11742648521226
482866,940.0,1110.3073901162193,-170.30739011621927
482945,1224.0,1204.6959841391797,19.3040158608203
482958,893.0,921.8405805898095,-28.84058058980952
483075,844.0,1138.9830653881559,-294.98306538815586
483106,1120.0,1285.9758652016485,-165.9758652016485
483150,970.0,1134.231813089302,-164.23181308930202
483204,1160.0,1129.3755826362567,30.624417363743305
483228,480.0,635.3963153068314,-155.3963153068314
483254,985.0,972.3619361282439,12.638063871756117
483266,1102.0,955.7234977849342,146.27650221506576
483288,980.0,1284.7249702743468,-304.7249702743468
483338,848.0,729.8621958605219,118.13780413947813
483339,600.0,681.4397766373202,-81.43977663732016
483449,825.0,1029.2533070613697,-204.2533070613697
483456,865.0,756.7310108774444,108.26898912255558
483493,1290.0,1275.379128240183,14.620871759816964
483500,535.0,637.1516654132985,-102.15166541329847
483515,550.0,718.5171387080638,-168.51713870806384
483557,575.0,723.7770275170566,-148.77702751705658
483576,980.0,1249.656881942102,-269.656881942102
483593,608.0,727.4808454005831,-119.48084540058312
483595,650.0,652.6470984095828,-2.6470984095827816
483626,960.0,1162.1347223300882,-202.13472233008815
483651,675.0,694.1948560504392,-19.19485605043917
483689,635.0,731.0895131254056,-96.08951312540557
483751,1010.0,924.823769289437,85.176230710563
483804,948.0,1104.8616649259914,-156.86166492599136
483848,570.0,656.8654987026841,-86.86549870268414
483893,1060.0,1044.2840755493016,15.715924450698367
484019,1430.0,1308.5312681496869,121.46873185031313
484074,385.0,546.2376725896559,-161.23767258965586
484075,470.0,674.4296120048881,-204.4296120048881
484120,680.0,1081.090797289648,-401.090797289648
484138,1275.0,1245.3068018443862,29.6931981556138
484166,1370.0,1264.5494765327498,105.45052346725015
484217,1140.0,1342.8487660813337,-202.84876608133368
484287,464.0,623.8124559754524,-159.8124559754524
484339,1330.0,1248.2489679002563,81.75103209974372
484372,1060.0,1153.3536611704194,-93.3536611704194
484424,595.0,638.3641368400635,-43.36413684006345
484464,615.0,661.8136263729692,-46.813626372969225
484528,885.0,1079.5320636612068,-194.53206366120685
484596,830.0,905.9949364724681,-75.99493647246811
484646,750.0,754.4852005156222,-4.485200515622182
484673,1180.0,1263.6891722036453,-83.68917220364528
484709,907.0,1212.6225642467066,-305.6225642467066
484773,760.0,933.5803910124666,-173.58039101246663
484818,1470.0,1407.4127039840473,62.58729601595269
484849,1220.0,1152.8854324742495,67.11456752575054
484856,696.0,755.6692328220537,-59.66923282205369
484881,950.0,1099.422231193767,-149.42223119376695
484987,649.0,677.5137344559636,-28.513734455963572
485035,933.0,1169.7785104815673,-236.7785104815673
485081,1042.0,1167.4638775040767,-125.46387750407666
485114,685.0,782.9104238777949,-97.91042387779487
485117,824.0,1054.720746508491,-230.72074650849095
485219,700.0,654.5703656104815,45.42963438951847
485340,1010.0,1234.4351129705983,-224.4351129705983
485349,530.0,591.6120417665202,-61.61204176652018
485385,1091.0,1051.7063121818846,39.29368781811536
485450,915.0,1207.0508526954766,-292.0508526954766
485460,1020.0,1209.7426693865832,-189.7426693865832
485500,950.0,1198.8886655998335,-248.88866559983353
485502,715.0,660.5898626647815,54.41013733521845
485553,655.0,608.9548852491505,46.04511475084951
485576,850.0,1190.3258147405681,-340.32581474056815
485582,535.0,694.7619586877706,-159.76195868777063
485814,860.0,750.3671753455594,109.63282465444058
485839,715.0,673.7572065950809,41.2427934049191
485845,1220.0,1276.9871664561774,-56.98716645617742
485951,515.0,590.0159412509648,-75.01594125096483
486011,605.0,694.8057974708853,-89.8057974708853
486047,610.0,708.1583337110354,-98.15833371103543
486183,1130.0,1187.8261633360526,-57.82616333605256
486194,510.0,649.3085852008988,-139.30858520089885
486415,1154.0,1354.1869884809564,-200.18698848095642
486448,835.0,1091.1842115083186,-256.18421150831864
486454,1160.0,1015.1703302070607,144.82966979293928
486506,1365.0,1193.4082626256425,171.59173737435754
486565,615.0,692.6222135014707,-77.6222135014707
486664,480.0,1019.9212805750795,-539.9212805750795
486699,575.0,601.3268597748429,-26.326859774842887
486762,551.0,663.6191168826238,-112.61911688262376
486777,495.0,589.5772276648922,-94.57722766489223
486791,594.0,649.5564278357009,-55.5564278357009
486885,810.0,1168.9723544294532,-358.97235442945316
486901,540.0,670.4476156824527,-130.4476156824527
486906,550.0,820.5667973942051,-270.5667973942051
487101,1115.0,1239.4366700979192,-124.4366700979192
487125,711.0,684.3626661605444,26.63733383945555
487134,610.0,799.5228237504816,-189.52282375048162
487151,1330.0,1187.2162060739136,142.78379392608645
487199,1036.0,1173.8841733459187,-137.88417334591873
487205,915.0,1171.9097174552066,-256.90971745520665
487215,640.0,742.367356818142,-102.36735681814196
487225,951.0,1115.1081062514331,-164.10810625143313
487272,1070.0,1289.730803861879,-219.73080386187894
487310,917.0,1083.1394190106537,-166.13941901065368
487313,825.0,913.590263829533,-88.590263829533
487386,1090.0,1196.1261669011847,-106.12616690118466
487495,1310.0,1312.6810035955023,-2.6810035955022613
487519,778.0,883.4987188902388,-105.49871889023882
487526,643.0,724.1547726074815,-81.1547726074815
487574,545.0,665.2770907184641,-120.27709071846414
487581,885.0,922.5583461650256,-37.55834616502557
487600,545.0,656.1589243871472,-111.15892438714718
487649,640.0,651.7114728782349,-11.711472878234872
487708,880.0,886.6917613601863,-6.6917613601863195
487802,506.0,668.5042718325233,-162.50427183252327
487870,766.0,1065.2143387961448,-299.21433879614483
487885,690.0,1010.5286243386245,-320.52862433862447
487932,870.0,1011.6837062636415,-141.6837062636415
487962,885.0,1131.7859040112705,-246.78590401127053
487987,560.0,634.0735012025011,-74.07350120250112
488007,950.0,1109.628663966814,-159.62866396681397
488094,772.0,714.1678407096587,57.83215929034134
488107,920.0,905.298042729592,14.701957270408002
488190,990.0,1171.8818444959059,-181.88184449590585
488195,1003.0,1282.2219765784675,-279.22197657846755
488201,860.0,1044.8202362846944,-184.82023628469437
488211,571.0,728.4636747392102,-157.4636747392102
488229,1315.0,1096.984029021467,218.015970978533
488253,560.0,708.6937751951218,-148.69377519512182
488280,940.0,1126.8686813521574,-186.8686813521574
488293,1330.0,1196.4872657730682,133.5127342269318
488306,585.0,628.2663124053979,-43.26631240539791
488432,1047.0,1072.7356664889344,-25.735666488934385
488480,490.0,641.4956785965336,-151.4956785965336
488490,937.0,1019.258918161001,-82.25891816100102
488570,600.0,736.4324991210527,-136.43249912105273
488593,715.0,718.95175238317,-3.9517523831699464
488628,845.0,1255.2962413002608,-410.2962413002608
488643,738.0,791.3806395404426,-53.380639540442644
488667,1290.0,1142.929898348225,147.07010165177508
488722,1115.0,1159.308845312563,-44.30884531256311
488749,570.0,685.8373483111609,-115.8373483111609
488760,915.0,929.9681815475419,-14.968181547541917
488801,640.0,699.3935366787086,-59.39353667870864
488835,1120.0,1250.6972290333283,-130.6972290333283
488857,370.0,715.9042740856945,-345.9042740856945
488914,736.0,911.317038481263,-175.317038481263
488962,660.0,714.5009524087365,-54.50095240873645
489033,1065.0,1197.103260277925,-132.10326027792507
489083,345.0,660.5663401164162,-315.5663401164162
489087,870.0,1214.478199991215,-344.478199991215
489144,1355.0,1320.109005349689,34.890994650311086
489183,1180.0,1160.7410338764596,19.258966123540404
489249,1010.0,945.904246594343,64.09575340565698
489329,968.0,1018.7203548508314,-50.72035485083143
489408,378.0,740.9520486594822,-362.9520486594822
489452,900.0,959.336829077518,-59.33682907751802
489491,830.0,709.1702248530755,120.82977514692448
489572,533.0,708.0881944031185,-175.08819440311845
489581,981.0,921.7420383312224,59.257961668777625
489607,734.0,770.6714902264135,-36.67149022641354
489659,735.0,774.1675406851352,-39.167540685135236
489674,820.0,1014.9829773257936,-194.98297732579363
489763,1334.0,1067.9951580950046,266.0048419049954
489833,637.0,549.3704431216931,87.62955687830686
489905,690.0,645.9866721955337,44.01332780446626
489931,625.0,678.4327430212309,-53.43274302123086
489932,920.0,1157.7541571705929,-237.75415717059286
489966,1340.0,1268.2862379283022,71.71376207169783
490025,935.0,1054.685229385429,-119.68522938542901
490117,820.0,1165.6343794895001,-345.63437948950013
490130,845.0,1369.9546125282222,-524.9546125282222
490222,680.0,717.7443358920285,-37.744335892028516
490310,960.0,1259.4254126836984,-299.42541268369837
490469,845.0,994.6868936017852,-149.6868936017852
490501,645.0,820.5338814267496,-175.53388142674964
490540,550.0,755.5284084518703,-205.5284084518703
490580,789.0,1055.1708878253617,-266.17088782536166
490614,955.0,979.3336018410639,-24.33360184106391
490637,782.0,1066.2930418930516,-284.2930418930516
490702,580.0,622.0716242971935,-42.071624297193466
490738,660.0,650.2215589935952,9.778441006404819
490766,837.0,1174.4371613463743,-337.4371613463743
490937,1558.0,1278.6484587552725,279.3515412447275
491040,904.0,1001.2087506452633,-97.20875064526331
491059,1155.0,1167.397941325522,-12.39794132552197
491069,1180.0,1335.897505507203,-155.89750550720305
491075,585.0,804.7805451837467,-219.78054518374665
491093,616.0,713.6537534672441,-97.65375346724409
491105,745.0,978.1756356512794,-233.17563565127944
491112,790.0,1015.7775922854962,-225.7775922854962
491129,910.0,1149.9889952037652,-239.98899520376517
491151,793.0,1209.7031060693269,-416.70310606932685
491237,686.0,695.1355294186494,-9.135529418649412
491444,546.0,730.1990523042092,-184.1990523042092
491453,730.0,738.0245567779248,-8.024556777924772
491466,1062.0,1036.10185762969,25.898142370310097
491501,650.0,618.1304025903291,31.86959740967086
491759,1405.0,1156.0700259706855,248.9299740293145
491771,900.0,1177.4523521866622,-277.4523521866622
491885,1003.0,1067.5456103032946,-64.54561030329455
491886,610.0,623.0680336719732,-13.06803367197324
491938,585.0,797.9647581887783,-212.96475818877832
491996,890.0,1046.9755222647727,-156.97552226477274
492010,685.0,626.9711041354667,58.0288958645333
492014,870.0,1267.3614427660686,-397.36144276606865
492152,546.0,734.944613394478,-188.94461339447798
492378,780.0,711.5855703973288,68.41442960267125
492422,1345.0,1277.3007743256323,67.69922567436765
492443,480.0,1053.180896825397,-573.180896825397
492535,1180.0,1168.3644015210934,11.635598478906559
492537,465.0,778.7318696925324,-313.7318696925324
492552,690.0,685.5766058003247,4.423394199675272
492629,1065.0,1177.8685844509068,-112.86858445090684
492669,705.0,971.6660496304582,-266.66604963045825
492683,900.0,1074.5591867422447,-174.55918674224472
492721,600.0,689.1843019034736,-89.18430190347362
492806,545.0,456.9657525940097,88.0342474059903
492810,535.0,679.5131377720537,-144.5131377720537
492845,1315.0,1273.288494074223,41.71150592577692
492922,870.0,752.0351271434707,117.96487285652927
492996,970.0,1040.8783790577615,-70.87837905776155
493039,685.0,762.4660829448444,-77.4660829448444
493082,620.0,648.4304771997993,-28.43047719979927
493098,975.0,1165.100708886574,-190.100708886574
493110,710.0,1121.99688561971,-411.99688561970993
493111,570.0,681.1392620439026,-111.13926204390259
493123,1475.0,1220.4950212446004,254.50497875539963
493179,1130.0,1212.874599392536,-82.87459939253608
493209,473.0,652.7273217271003,-179.72732172710027
493214,610.0,690.4485161569712,-80.44851615697121
493284,495.0,653.7389736123299,-158.73897361232991
493404,660.0,697.7747252399558,-37.77472523995584
493430,870.0,922.9948646740056,-52.99486467400561
493543,515.0,647.1016419197232,-132.1016419197232
493660,1490.0,1293.5450190019017,196.45498099809834
493676,1113.0,1211.4811297718425,-98.48112977184246
493716,1240.0,1195.4729216918433,44.52707830815666
493728,1028.0,972.2639647739994,55.73603522600058
493785,1360.0,1093.0612408590166,266.9387591409834
493795,1151.0,1297.5705245201934,-146.57052452019343
493832,934.0,667.1562076154097,266.8437923845903
493862,907.0,771.0530638634125,135.9469361365875
493868,1020.0,1229.2494316369564,-209.2494316369564
493873,1105.0,936.3707642808163,168.62923571918373
493876,1093.0,980.4351005443747,112.56489945562532
493909,782.0,740.6877593991096,41.31224060089039
493926,615.0,745.3726859980488,-130.37268599804884
493938,700.0,648.132261241721,51.86773875827896
493953,506.0,689.7289370323349,-183.7289370323349
494011,630.0,841.7722791005294,-211.77227910052943
494012,1210.0,1209.634396443557,0.3656035564429203
494019,1115.0,1144.8517532214366,-29.85175322143664
494033,595.0,695.4901687587999,-100.49016875879988
494070,890.0,1193.3973433645651,-303.39734336456513
494144,560.0,680.224964810295,-120.22496481029498
494233,553.0,577.0159342913754,-24.0159342913754
494267,1087.0,1178.5324280516777,-91.5324280516777
494305,1105.0,1280.675380101702,-175.6753801017021
494310,585.0,811.780890639096,-226.78089063909601
494462,1098.0,1193.779774918284,-95.77977491828392
494500,937.0,906.7161395055215,30.283860494478517
494680,870.0,1055.3627135087245,-185.36271350872448
494688,1433.0,1274.6430152183518,158.35698478164818
494723,680.0,783.1008274333351,-103.1008274333351
494731,692.0,920.7614882186891,-228.76148821868912
494757,855.0,884.5545580604222,-29.55455806042221
494775,410.0,688.7419297230963,-278.7419297230963
494807,1050.0,1026.0093469697792,23.990653030220756
494834,1025.0,873.0233408553019,151.97665914469815
494930,740.0,917.5476168389226,-177.54761683892264
494966,694.0,717.5580063807339,-23.5580063807339
494977,960.0,1000.7655162895021,-40.7655162895021
494985,1036.0,1085.3532845948032,-49.3532845948032
494990,1130.0,1085.280541210779,44.71945878922111
495048,1200.0,1211.882211179575,-11.882211179575052
495091,1010.0,1311.5301340910714,-301.53013409107143
495274,1235.0,1240.267449444523,-5.267449444522981
495288,418.0,633.7262676381235,-215.72626763812355
495294,885.0,1063.354961199295,-178.35496119929508
495377,725.0,1252.5326869162852,-527.5326869162852
495681,948.0,1015.7024861489239,-67.70248614892387
495751,870.0,1144.433719696991,-274.4337196969909
495866,521.0,662.244297189813,-141.24429718981298
495940,525.0,669.6509344318175,-144.65093443181752
495982,800.0,1021.5573694550401,-221.5573694550401
496035,795.0,1096.3105415687087,-301.3105415687087
496096,1225.0,1207.2966701111768,17.70332988882319
496132,1260.0,1344.5763615220699,-84.57636152206987
496140,630.0,685.4313182337621,-55.43131823376211
496144,695.0,1007.9246934311176,-312.9246934311176
496223,630.0,1116.0026279162855,-486.0026279162855
496315,860.0,1033.8355779447666,-173.83557794476656
496377,1595.0,1224.3797544569459,370.6202455430541
496411,430.0,689.899541375063,-259.899541375063
496429,750.0,694.0837314800741,55.91626851992589
496440,920.0,1183.7577157171881,-263.75771571718815
496474,1060.0,1227.8173285318446,-167.81732853184462
496584,760.0,982.0068023276125,-222.0068023276125
496599,872.0,893.1104501482716,-21.11045014827164
496626,537.0,636.1022400168731,-99.10224001687311
496906,553.0,658.0087483619736,-105.00874836197363
497147,475.0,575.5753524928022,-100.57535249280215
497226,1275.0,1258.1097631944165,16.890236805583527
497242,395.0,574.184148560881,-179.184148560881
497281,1250.0,1294.800146931018,-44.800146931017935
497299,450.0,673.3495703301307,-223.34957033013075
497338,1455.0,1277.4480592787588,177.55194072124118
497411,754.0,1085.934513351311,-331.9345133513109
497553,705.0,1002.4170535094331,-297.4170535094331
497573,705.0,649.9691712921502,55.030828707849764
497589,935.0,1221.1071700940913,-286.1071700940913
497609,1228.0,1165.7462825172875,62.253717482712545
497615,985.0,1139.36743512659,-154.36743512658995
497616,1140.0,1134.0854987401349,5.914501259865119
497625,992.0,1061.0603804793084,-69.06038047930838
497658,660.0,581.9317438873799,78.06825611262013
497760,1110.0,1204.7574489408412,-94.75744894084119
497826,560.0,713.6138114275855,-153.61381142758546
497902,1094.0,1113.0210455537672,-19.02104555376718
497930,965.0,1111.1980770470088,-146.19807704700884
497966,691.0,768.921797083314,-77.921797083314
498066,754.0,945.5142487808666,-191.51424878086664
498141,425.0,668.1496807798073,-243.14968077980734
498227,705.0,614.4950268201097,90.50497317989027
498254,1191.0,1204.0036343012753,-13.00363430127527
498353,725.0,744.459879870025,-19.45987987002502
498366,639.0,909.0943331255552,-270.0943331255552
498393,640.0,769.2441963482935,-129.24419634829349
498442,816.0,805.6202820254869,10.379717974513142
498458,605.0,765.9690287694309,-160.9690287694309
498472,965.0,1271.914730722258,-306.9147307222579
498479,750.0,1000.9051572141124,-250.90515721411236
498541,655.0,602.1131985537608,52.88680144623925
498566,840.0,1012.8338441737361,-172.8338441737361
498617,1157.0,1004.6844944408241,152.3155055591759
498667,1295.0,1121.8027366728197,173.19726332718028
498841,1014.0,1095.9156858583385,-81.91568585833852
499050,600.0,717.9456067427892,-117.94560674278921
499077,1260.0,1194.5512970203106,65.44870297968941
499134,1083.0,1216.738333240316,-133.73833324031602
499294,594.0,1111.365133905113,-517.365133905113
499328,926.0,1078.9922939305686,-152.99229393056862
499380,970.0,1053.0942917622563,-83.09429176225626
499474,410.0,705.2160713815539,-295.2160713815539
499590,970.0,1188.6274172025085,-218.62741720250847
499636,869.0,949.9465192310954,-80.94651923109541
499641,1133.0,1315.802173506473,-182.80217350647308
499659,990.0,1254.6455910383368,-264.64559103833676
499666,809.0,985.1883087564363,-176.1883087564363
499778,700.0,740.0992819988539,-40.09928199885394
499797,635.0,659.2082944465398,-24.208294446539753
499807,810.0,1119.029500598222,-309.02950059822206
499897,490.0,685.0878347545449,-195.08783475454493
500084,1040.0,1139.2997228481377,-99.29972284813766
500173,852.0,1104.2166121683,-252.2166121682999
500266,625.0,623.4185663548574,1.5814336451426243
500286,1375.0,1349.9807916440232,25.019208355976843
500402,988.0,1279.0748504664525,-291.0748504664525
500561,1235.0,1303.135443342977,-68.13544334297694
500583,708.0,1056.2843253205667,-348.2843253205667
500669,632.0,653.3530253965413,-21.353025396541284
500671,1065.0,1033.6015451060048,31.398454893995222
500782,490.0,760.4503155706108,-270.45031557061077
500795,590.0,706.6417517332269,-116.6417517332269
500857,985.0,1085.7305316961315,-100.7305316961315
500880,738.0,967.3248546297277,-229.32485462972772
500882,765.0,1122.7159699150857,-357.7159699150857
500885,735.0,749.4704458040569,-14.470445804056908
501191,1250.0,1155.9323019936207,94.06769800637926
501195,980.0,1017.6607211613277,-37.66072116132773
501394,870.0,927.6408796217144,-57.64087962171436
501425,1310.0,1292.731933699022,17.268066300978035
501791,797.0,821.1507679672201,-24.150767967220077
501908,426.0,719.5117814898235,-293.51178148982353
501967,584.0,595.188337536496,-11.188337536495965
501993,720.0,1089.8476545280375,-369.84765452803754
502036,1045.0,1209.080601056532,-164.08060105653203
502073,1214.0,957.1904459204876,256.8095540795124
502148,1184.0,1071.759402906853,112.24059709314702
502191,490.0,594.7977708861789,-104.79777088617891
502224,560.0,690.3063721357156,-130.3063721357156
502266,545.0,623.2713257796626,-78.27132577966256
502343,1250.0,1322.2806771029461,-72.28067710294613
502434,955.0,1291.7385525433538,-336.73855254335376
502470,781.0,1008.3108537339778,-227.31085373397775
502484,455.0,700.5216484967145,-245.52164849671453
502557,755.0,760.5438155940316,-5.543815594031571
502579,730.0,731.281601031997,-1.2816010319969564
502655,400.0,741.1384529009688,-341.1384529009688
502665,1175.0,1092.4134384983017,82.58656150169827
502672,1130.0,1212.7774363808494,-82.7774363808494
502726,965.0,781.7932540263369,183.20674597366315
502753,1168.0,1208.6138057599005,-40.613805759900515
502760,473.0,694.8505919350218,-221.85059193502184
502785,749.0,1027.3929281818498,-278.3929281818498
502907,330.0,605.8156474881195,-275.81564748811945
502925,1565.0,1300.1194280909822,264.8805719090178
502968,1005.0,1130.0823242349281,-125.08232423492814
502970,1055.0,1007.4060296261536,47.593970373846446
503010,1093.0,1098.9740780396605,-5.974078039660526
503118,429.0,659.9063983875135,-230.9063983875135
503135,500.0,520.840981953719,-20.84098195371905
503194,922.0,1172.0325993797617,-250.03259937976168
503338,612.0,632.6918644711516,-20.691864471151575
503369,385.0,552.5181395490451,-167.51813954904515
503414,1050.0,995.0544129852112,54.94558701478877
503495,502.0,660.0861054911712,-158.08610549117122
503623,904.0,1095.3274476568943,-191.32744765689426
503696,694.0,701.437378626608,-7.4373786266080515
503751,740.0,913.8665414451885,-173.86654144518855
503762,995.0,1036.0456793097615,-41.045679309761454
503790,1044.0,956.3734294241956,87.62657057580441
503812,675.0,1141.7518685077503,-466.75186850775026
503846,1090.0,991.4374253788862,98.56257462111375
504020,535.0,647.1153547740696,-112.1153547740696
504092,1080.0,1236.333774168919,-156.33377416891904
504145,616.0,608.377544887623,7.622455112376997
504154,650.0,717.8690352262737,-67.8690352262737
504184,948.0,1254.0116126330533,-306.01161263305335
504217,505.0,669.4759649866976,-164.4759649866976
504251,800.0,1212.8298487804807,-412.8298487804807
504287,653.0,703.1985673508027,-50.198567350802705
504334,510.0,618.2392458321178,-108.23924583211783
504338,953.0,1175.4710589734068,-222.4710589734068
504497,910.0,1077.7025623858133,-167.70256238581328
504638,945.0,1081.7566125710996,-136.7566125710996
504657,760.0,1020.7443135082532,-260.7443135082532
504674,611.0,689.6570385912316,-78.65703859123164
504780,792.0,986.4006902018457,-194.4006902018457
504862,610.0,643.5728825742358,-33.57288257423579
504947,926.0,879.8262708221062,46.17372917789385
504958,981.0,1194.1190285757107,-213.11902857571067
504981,455.0,742.6394256615941,-287.63942566159415
504988,800.0,973.473319780383,-173.473319780383
505001,665.0,624.5757219246036,40.42427807539639
505035,1070.0,1097.6451229629588,-27.645122962958794
505055,665.0,838.2724656975971,-173.2724656975971
505063,892.0,624.7103075243994,267.28969247560065
505094,590.0,652.0977357359959,-62.09773573599591
505111,1150.0,1297.84541423744,-147.84541423744008
505275,465.0,655.5778700032685,-190.57787000326846
505346,895.0,1038.4710944224505,-143.4710944224505
505423,610.0,818.6003705762483,-208.60037057624834
505469,610.0,707.2308591887472,-97.23085918874722
505535,675.0,623.9014016396687,51.098598360331266
505597,495.0,939.2031752849783,-444.20317528497833
505654,911.0,1218.936525835077,-307.93652583507696
505679,1340.0,1095.2626956810057,244.73730431899435
505700,655.0,731.3049450929841,-76.3049450929841
505750,865.0,1069.6187504943025,-204.6187504943025
505777,1014.0,1075.886646141914,-61.88664614191407
505788,460.0,742.1694607561872,-282.16946075618716
505824,650.0,702.6420278481875,-52.64202784818747
506023,560.0,524.720398950468,35.27960104953195
506039,945.0,1125.7030416438606,-180.70304164386062
506078,992.0,977.4912629532682,14.508737046731767
506102,556.0,542.834903752284,13.165096247715951
506205,1155.0,918.7975069556678,236.2024930443322
506243,1240.0,1223.002147043057,16.997852956943007
506387,672.0,1084.6032467607772,-412.6032467607772
506397,594.0,635.1222995092244,-41.122299509224376
506502,1230.0,1026.327185438289,203.672814561711
506583,1135.0,1074.8011536549134,60.19884634508662
506683,904.0,1053.5560648742037,-149.55606487420368
506694,690.0,744.762250598779,-54.76225059877902
506723,1155.0,1194.3321873640607,-39.3321873640607
506772,830.0,1036.6893462746486,-206.68934627464864
506784,715.0,645.2818226995452,69.71817730045484
507055,650.0,914.9762402162249,-264.97624021622494
507214,925.0,1153.5382073586718,-228.5382073586718
507296,698.0,696.7277905238018,1.2722094761982135
507320,1300.0,1394.4625404803846,-94.46254048038463
507358,870.0,1135.0479015511007,-265.0479015511007
507419,1338.0,1259.3232957454186,78.67670425458141
507450,1320.0,1225.0245576011741,94.97544239882586
507495,816.0,1054.1046324091149,-238.10463240911486
507511,576.0,697.4836347038678,-121.48363470386778
507522,1220.0,1163.7734222178478,56.22657778215216
507524,605.0,719.8637009873664,-114.86370098736643
507553,650.0,827.2976123361792,-177.2976123361792
507638,1020.0,1085.5449347109245,-65.54493471092451
507740,595.0,558.7580758682043,36.24192413179571
507745,561.0,638.0436641856371,-77.04366418563711
507746,1040.0,1163.2136872531023,-123.21368725310231
507784,1320.0,1183.0057268618377,136.99427313816227
507856,900.0,1018.3748303258361,-118.37483032583611
507884,560.0,535.4648742784991,24.53512572150089
507908,663.0,656.5877236319548,6.412276368045241
507940,985.0,1197.5977942412965,-212.59779424129647
507966,1250.0,1190.920134617408,59.07986538259206
508023,1290.0,1249.2124723097074,40.78752769029256
508101,937.0,830.140118785326,106.85988121467403
508105,740.0,757.3217390446944,-17.321739044694368
508145,635.0,694.9658001159929,-59.96580011599292
508220,667.0,612.0271983645451,54.97280163545486
508348,970.0,1004.3723539234062,-34.372353923406195
508473,745.0,883.2275833333202,-138.22758333332024
508549,863.0,1057.7336724065622,-194.73367240656216
508571,1021.0,1107.8173242404919,-86.81732424049187
508574,865.0,700.8392098674321,164.16079013256785
508604,620.0,586.1469817409529,33.853018259047076
508614,1345.0,1153.6090111822941,191.39098881770587
508617,997.0,1192.5039999565531,-195.50399995655312
508669,980.0,1078.4569469054666,-98.45694690546657
508746,1010.0,1016.7917380546202,-6.791738054620168
508814,583.0,644.6994232774573,-61.6994232774573
508820,955.0,1104.855887252143,-149.85588725214302
508929,1260.0,1110.318792558596,149.681207441404
509013,1005.0,1339.8118667202748,-334.8118667202748
509063,950.0,1129.441879962729,-179.441879962729
509065,870.0,1063.5907763540476,-193.59077635404765
509127,640.0,686.3816734514925,-46.381673451492475
509281,690.0,667.2171322241934,22.782867775806608
509283,1120.0,1313.660627294623,-193.66062729462305
509397,1025.0,1108.3036988698816,-83.3036988698816
509404,265.0,592.6582409959765,-327.6582409959765
509416,1030.0,1120.3340841288298,-90.33408412882977
509533,1330.0,1219.2604674623617,110.7395325376383
509691,1058.0,1141.020140763379,-83.020140763379
509735,1130.0,1103.7665469520362,26.23345304796385
509765,553.0,562.5428608774549,-9.542860877454928
509821,462.0,701.5436220797678,-239.54362207976783
509837,1180.0,1132.506155582435,47.493844417565015
509992,595.0,641.5926788254682,-46.59267882546817
509996,845.0,1114.822198172402,-269.82219817240207
510052,670.0,732.3519232686863,-62.35192326868628
510080,910.0,881.4373733104678,28.56262668953218
510119,890.0,1259.5225728455287,-369.52257284552866
510132,1075.0,1349.8808703088966,-274.88087030889665
510299,1080.0,1052.025880670984,27.974119329016048
510397,1323.0,1342.194074731392,-19.194074731391993
510405,396.0,763.4475367472629,-367.4475367472629
510433,634.0,762.9362248500507,-128.93622485005073
510463,882.0,984.1001393652717,-102.10013936527173
510529,1080.0,1059.1962121913393,20.803787808660672
510557,1175.0,1239.8768894480395,-64.87688944803949
510577,991.0,1102.1003698304748,-111.10036983047485
510624,835.0,905.0857141245629,-70.08571412456286
510631,1045.0,1034.2886348760883,10.711365123911719
510632,1224.0,1291.854184242864,-67.854184242864
510673,825.0,1131.0961274686827,-306.09612746868265
510696,454.0,649.2657954672535,-195.2657954672535
510790,955.0,1102.2793300748826,-147.27933007488264
510824,410.0,769.6264813907629,-359.62648139076293
510851,1025.0,1110.3905694827833,-85.39056948278335
510899,1081.0,1200.4736762912516,-119.47367629125165
510905,1270.0,1121.1679114458996,148.83208855410044
510906,1105.0,1185.2667577524671,-80.26675775246713
510909,1425.0,1241.7057195853477,183.29428041465235
510956,735.0,695.8214400444323,39.17855995556772
511072,560.0,609.03585096412,-49.03585096411996
511083,805.0,731.8287767663738,73.17122323362616
511147,350.0,664.070130303627,-314.070130303627
511215,550.0,563.2812000103694,-13.281200010369389
511372,1085.0,1160.123681558295,-75.12368155829495
511412,610.0,1196.7309304907028,-586.7309304907028
511479,440.0,583.414500434032,-143.414500434032
511526,930.0,670.9063552165311,259.0936447834689
511577,610.0,696.9245273137749,-86.92452731377489
511592,840.0,1132.346787708055,-292.346787708055
511724,890.0,1093.958419146437,-203.9584191464371
511805,525.0,744.9137143795197,-219.91371437951966
511853,290.0,677.8944464020062,-387.8944464020062
511891,1280.0,990.4152786375511,289.58472136244893
511966,980.0,1164.589959747648,-184.58995974764798
511972,635.0,771.195656256146,-136.19565625614598
511991,930.0,1342.9852304949202,-412.9852304949202
512018,1174.0,1216.8478150955616,-42.8478150955616
512034,1007.0,969.1496317895399,37.85036821046015
512048,1470.0,1216.615872498409,253.3841275015909
512069,1200.0,1237.0903258437545,-37.0903258437545
512178,862.0,913.1142303039579,-51.114230303957925
512198,1405.0,1254.4529792761286,150.54702072387136
512236,910.0,1118.5125149161563,-208.5125149161563
512400,615.0,542.4642002696601,72.53579973033993
512422,1470.0,1197.6222686652368,272.3777313347632
512466,675.0,669.118446573726,5.8815534262739675
512532,750.0,1078.8161121896212,-328.8161121896212
512559,855.0,1070.6136650999126,-215.61366509991262
512629,820.0,700.4939285153303,119.50607148466975
512678,1145.0,1059.8461594751743,85.15384052482568
512716,830.0,996.1667212233027,-166.16672122330272
512735,1153.0,1142.1835075969498,10.816492403050233
512774,840.0,1202.8227795732623,-362.8227795732623
512782,1050.0,1221.7135989434914,-171.71359894349143
512821,780.0,998.6190064764414,-218.61900647644143
512879,895.0,1304.0886172647322,-409.0886172647322
513074,1155.0,1216.7348168378626,-61.73481683786258
513216,970.0,1077.542875434706,-107.54287543470605
513439,920.0,1289.2838832280327,-369.28388322803266
513441,765.0,948.5713330514351,-183.5713330514351
513453,810.0,941.5884536640948,-131.5884536640948
513461,904.0,973.7179867079891,-69.7179867079891
513501,885.0,1191.503900397223,-306.5039003972231
513580,840.0,1401.8751049282798,-561.8751049282798
513600,765.0,1037.346360936989,-272.34636093698896
513634,730.0,686.3220016625,43.67799833749996
513712,970.0,1029.4841431728207,-59.48414317282072
513738,1030.0,1034.151366603892,-4.151366603892029
513860,425.0,719.2100098913106,-294.2100098913106
514243,465.0,574.0631679257243,-109.06316792572431
514260,1090.0,1097.5851707909758,-7.585170790975781
514286,928.0,1105.8549175807327,-177.85491758073272
514303,1100.0,1002.7072981671954,97.2927018328046
514347,1175.0,1142.0678803645533,32.932119635446725
514387,1070.0,1036.9539612694755,33.046038730524515
514461,545.0,573.3116711600446,-28.311671160044625
514491,1208.0,1199.0388983293108,8.961101670689231
514599,725.0,705.0557354430217,19.944264556978283
514663,900.0,911.0551724047518,-11.05517240475183
514695,1050.0,1138.0527140845832,-88.05271408458316
514706,1140.0,1334.277792522736,-194.27779252273604
514732,1105.0,1137.696081650571,-32.69608165057093
514753,710.0,617.1470713242783,92.85292867572173
514815,735.0,1136.0188098596213,-401.01880985962134
514851,960.0,964.3393483400762,-4.339348340076185
514930,995.0,1199.663674144729,-204.66367414472893
514941,1087.0,1206.5826802399558,-119.58268023995583
514955,1365.0,1111.2141215596323,253.7858784403677
514991,754.0,859.5060155656394,-105.50601556563936
515047,925.0,1253.3928357391928,-328.39283573919283
515118,605.0,704.8710190366338,-99.87101903663381
515159,783.0,1056.7099960734176,-273.70999607341764
515194,1080.0,1107.4970998064678,-27.49709980646776
515197,876.0,998.6888320982495,-122.68883209824946
515241,804.0,878.4559605168115,-74.4559605168115
515297,741.0,760.7010985776461,-19.70109857764612
515379,1005.0,1106.533660286441,-101.53366028644109
515384,1080.0,1252.139200611915,-172.13920061191493
515439,553.0,740.966939174734,-187.96693917473397
515559,520.0,686.2633199139696,-166.26331991396955
515639,1230.0,1223.5544471631576,6.445552836842353
515740,1270.0,1008.420359887068,261.579640112932
515822,1010.0,1156.697086950272,-146.69708695027202
515850,365.0,610.5382844264457,-245.53828442644567
515875,770.0,672.3306067908208,97.66939320917925
515907,1099.0,1234.198263028083,-135.19826302808292
515941,700.0,687.6654402421693,12.334559757830675
515947,380.0,1034.4046504849766,-654.4046504849766
516059,1145.0,1232.2513069776546,-87.25130697765462
516071,870.0,1003.9769660286728,-133.9769660286728
516114,928.0,703.8142488926161,224.1857511073839
516118,1010.0,1129.7706862174734,-119.77068621747344
516150,790.0,1224.5296243265332,-434.52962432653317
516155,915.0,1083.457391227841,-168.45739122784107
516272,765.0,807.7016654038487,-42.701665403848665
516315,1015.0,1276.8787562370376,-261.8787562370376
516423,685.0,706.781775253264,-21.78177525326396
516446,975.0,1164.8294347887627,-189.82943478876268
516488,760.0,696.3001814313751,63.69981856862489
516547,466.0,1001.5891083441597,-535.5891083441597
516632,435.0,557.2302469475577,-122.2302469475577
516670,478.0,812.3376953446722,-334.33769534467217
516710,1449.0,1305.1708355156381,143.82916448436185
516759,893.0,969.7162981268586,-76.71629812685865
516763,926.0,1036.8691946291585,-110.86919462915853
516915,670.0,1161.1915607480216,-491.19156074802163
516967,1270.0,1264.9388660302009,5.06113396979913
516972,1090.0,1150.6844169641454,-60.684416964145385
516981,1014.0,1040.4328869594092,-26.43288695940919
517040,790.0,995.158733561331,-205.15873356133102
517112,845.0,1033.3730845408772,-188.37308454087724
517146,590.0,725.1334064445492,-135.13340644454922
517237,680.0,669.6391441889276,10.360855811072383
517277,995.0,1022.561751003946,-27.56175100394603
517305,885.0,1329.5971685395548,-444.5971685395548
517394,1235.0,1316.678818421907,-81.67881842190695
517589,535.0,685.332896824162,-150.33289682416205
517751,1120.0,1182.5780916162682,-62.57809161626824
517802,1268.0,1051.7063121818846,216.29368781811536
517804,690.0,652.5273916876989,37.47260831230108
517835,1555.0,1137.3208360526476,417.67916394735244
517903,510.0,738.5744292851359,-228.57442928513592
517942,533.0,652.8791313170146,-119.87913131701464
518063,560.0,667.2444875816115,-107.24448758161145
518107,980.0,1186.6697450276288,-206.66974502762878
518193,630.0,976.269297399056,-346.269297399056
518265,572.0,1023.8859806870227,-451.88598068702265
518309,855.0,1055.1431893683387,-200.14318936833865
518337,495.0,683.1602330889501,-188.16023308895012
518437,485.0,724.3820993232243,-239.38209932322434
518446,1270.0,1253.646414029107,16.353585970892937
518493,810.0,718.101978441096,91.89802155890402
518554,1070.0,1194.5326980963519,-124.53269809635185
518559,1585.0,1333.0123511170225,251.9876488829775
518786,557.0,638.7004313459328,-81.70043134593277
518839,1091.0,848.4278511537215,242.57214884627854
518853,605.0,666.3177906919229,-61.31779069192294
518917,805.0,1020.2310080681941,-215.23100806819411
519275,1325.0,1097.8970217050512,227.1029782949488
519410,570.0,637.4937465968064,-67.49374659680643
519430,1155.0,1157.8579645579737,-2.8579645579736734
519485,835.0,1059.5076960729857,-224.5076960729857
519530,930.0,1145.9513444667555,-215.95134446675547
519587,655.0,717.5052177019262,-62.5052177019262
519614,590.0,678.0580652556403,-88.05806525564026
519626,1380.0,1329.1443507442264,50.85564925577364
519640,1105.0,1038.1094281585813,66.8905718414187
519673,1245.0,1304.0162695574552,-59.01626955745519
519682,904.0,950.8940519052092,-46.89405190520915
519714,870.0,1060.4426221918986,-190.44262219189864
519715,710.0,639.5221994841231,70.47780051587688
519791,1130.0,1283.83052707123,-153.8305270712301
519804,710.0,977.1969006470633,-267.19690064706333
519830,410.0,725.2780500643017,-315.27805006430174
519908,965.0,1041.206580521626,-76.20658052162594
519980,680.0,684.8713723737529,-4.8713723737529335
520000,970.0,1068.5798921530434,-98.57989215304337
520119,820.0,1216.9775966695224,-396.9775966695224
520205,584.0,1053.2599607022137,-469.2599607022137
520286,685.0,575.4422234056334,109.5577765943666
520343,705.0,1036.1981447636879,-331.1981447636879
520361,520.0,759.1032723752753,-239.1032723752753
520380,1845.0,1284.1996624524174,560.8003375475826
520397,641.0,647.8875070426903,-6.887507042690345
520476,670.0,706.3989608465554,-36.39896084655538
520703,1205.0,1132.8313941249382,72.16860587506176
520730,395.0,677.5414126056398,-282.54141260563983
521051,718.0,685.5126350519582,32.48736494804177
521081,1490.0,1220.0351691887681,269.9648308112319
521136,800.0,976.8145157501378,-176.81451575013784
521228,1420.0,1255.6114906529422,164.38850934705783
521261,1135.0,1182.8389874086536,-47.838987408653566
521302,959.0,1032.5435869819169,-73.54358698191686
521351,750.0,1024.6873383343489,-274.68733833434885
521555,895.0,1085.1629210279775,-190.16292102797752
521715,1290.0,1321.7971233040532,-31.79712330405323
521746,915.0,1003.6074795969611,-88.60747959696107
521975,930.0,967.2295412404223,-37.22954124042235
522003,468.0,1101.9795733417614,-633.9795733417614
522098,440.0,546.8877634052012,-106.88776340520121
522144,1227.0,1053.2599607022137,173.74003929778632
522253,695.0,571.5053470156519,123.49465298434814
522275,661.0,674.5532550492945,-13.553255049294535
522307,730.0,832.3307239264749,-102.33072392647489
522407,795.0,1038.1959775539144,-243.19597755391442
522464,833.0,936.2481225575419,-103.24812255754193
522474,490.0,938.9450297195688,-448.94502971956877
522514,600.0,556.2879430563646,43.71205694363539
522535,590.0,744.9916771903811,-154.9916771903811
522549,1050.0,1099.8141822200942,-49.81418222009415
522622,475.0,746.1229950032628,-271.12299500326276
522868,495.0,680.4561336307514,-185.45613363075142
522897,510.0,692.634148769177,-182.63414876917705
522952,1330.0,1369.2415292559474,-39.2415292559474
523090,715.0,1106.232766307571,-391.23276630757096
523212,1190.0,1265.4285831714335,-75.4285831714335
523245,1680.0,1363.9907356273925,316.0092643726075
523377,628.0,628.9986359960303,-0.9986359960303162
523450,1020.0,652.2720321401913,367.7279678598087
523495,800.0,1096.9078768444015,-296.90787684440147
523532,964.0,1005.5271908795228,-41.52719087952278
523680,506.0,731.0977742410331,-225.0977742410331
523909,930.0,1159.458668880789,-229.458668880789
523932,448.0,608.5811002798439,-160.5811002798439
523948,455.0,692.0871499808322,-237.08714998083224
524100,722.0,725.6422157540561,-3.64221575405611
524174,1005.0,984.297844743425,20.702155256574997
524282,1000.0,1262.174832561847,-262.1748325618471
524381,475.0,709.1820444079032,-234.18204440790316
524405,430.0,730.6760203983126,-300.67602039831263
524431,579.0,785.3340973699097,-206.33409736990973
524520,795.0,1085.1960060996792,-290.19600609967915
524611,1072.0,1277.9938801606459,-205.99388016064586
524772,1320.0,1099.9074743391634,220.0925256608366
524797,1145.0,1216.6568244384823,-71.65682443848232
524880,1140.0,1332.524265534447,-192.52426553444707
524996,661.0,704.2175703703127,-43.21757037031273
525022,860.0,1065.280074112383,-205.2800741123831
525024,1115.0,1248.5089743798267,-133.50897437982667
525117,1120.0,1151.624653796598,-31.624653796598068
525187,1110.0,1120.3333502612722,-10.333350261272244
525237,1040.0,1200.880852949371,-160.88085294937105
525244,1060.0,1005.96240470838,54.03759529162005
525259,1080.0,1187.777586058112,-107.77758605811209
525540,865.0,1008.1470813626181,-143.1470813626181
525544,635.0,705.521319069195,-70.52131906919499
525622,1030.0,1083.6524451849898,-53.6524451849898
525637,664.0,763.9129575989211,-99.91295759892114
525698,510.0,744.3572550164394,-234.35725501643935
525719,600.0,700.1486724860108,-100.14867248601081
525799,511.0,755.5779511633671,-244.57795116336706
525873,816.0,1076.166098461347,-260.166098461347
526002,948.0,1188.3772446623257,-240.37724466232567
526048,616.0,1033.726975108244,-417.726975108244
526058,683.0,1076.5488444997443,-393.5488444997443
526112,820.0,1146.544033924515,-326.5440339245149
526297,790.0,811.5487141411311,-21.548714141131086
526314,930.0,1191.3831683396565,-261.38316833965655
526526,1365.0,1262.1223032117675,102.87769678823247
526645,762.0,732.4754194800097,29.52458051999031
526736,1085.0,1245.3147286620408,-160.3147286620408
526737,320.0,648.2787110506928,-328.2787110506928
526754,1735.0,1387.156759580665,347.84324041933496
526940,1230.0,1229.0260424914222,0.9739575085777687
526981,515.0,639.4556893735283,-124.45568937352834
526988,855.0,695.0043398804208,159.99566011957916
527100,600.0,1012.1882051200041,-412.1882051200041
527146,1131.0,930.1485944182319,200.85140558176806
527223,1200.0,1136.8971806837492,63.102819316250816
527330,1290.0,1165.2819049107597,124.71809508924025
527377,1146.0,878.2724431216938,267.72755687830625
527565,535.0,607.7609967196893,-72.76099671968927
527568,580.0,745.2942272409624,-165.2942272409624
527746,910.0,1141.7188266646203,-231.71882666462034
527826,870.0,1194.4045716804678,-324.4045716804678
527836,1020.0,1203.2170522678655,-183.21705226786548
527880,950.0,1185.2288521091953,-235.22885210919526
527883,973.0,990.0313373666771,-17.03133736667712
527912,940.0,1141.9035539975398,-201.9035539975398
527993,450.0,709.1802782514467,-259.1802782514467
528010,685.0,701.6961822571274,-16.69618225712736
528162,837.0,993.497891395154,-156.49789139515406
528185,850.0,1058.5181929286584,-208.51819292865844
528316,816.0,899.3192124379271,-83.31921243792715
528321,530.0,748.7951802116996,-218.79518021169963
528347,550.0,653.7143872777123,-103.71438727771226
528454,1047.0,1084.6206668672187,-37.62066686721869
528552,344.0,513.2458334953633,-169.24583349536329
528585,690.0,779.0811443801605,-89.08114438016048
528619,870.0,740.3507514562216,129.6492485437784
528644,715.0,770.5257606027845,-55.525760602784544
528679,665.0,730.0297485823256,-65.02974858232562
528725,460.0,728.708468892341,-268.708468892341
528774,565.0,619.0266057011048,-54.02660570110481
528851,1030.0,975.5028810014335,54.49711899856652
528884,1390.0,1385.1465606274373,4.8534393725626614
528934,855.0,1090.0364819609094,-235.03648196090944
529002,594.0,725.6422157540561,-131.6422157540561
529102,530.0,806.8735179940595,-276.8735179940595
529121,1025.0,1117.7282076062554,-92.72820760625541
529233,1520.0,1253.7779849091662,266.2220150908338
529281,650.0,724.1228772273489,-74.12287722734891
529329,445.0,1129.033424680983,-684.033424680983
529338,860.0,985.4822852332628,-125.48228523326281
529448,583.0,627.2074889971611,-44.207488997161136
529752,680.0,632.8911149104448,47.1088850895552
529780,1230.0,1221.0379373505948,8.962062649405198
529944,435.0,695.7953127541775,-260.79531275417753
529964,1268.0,1108.2003977444313,159.79960225556874
530072,490.0,689.6175119762776,-199.61751197627757
530243,1180.0,1203.350629876156,-23.350629876156063
530348,893.0,873.3474961526874,19.652503847312573
530474,860.0,1071.57256698325,-211.57256698325
530529,684.0,637.1415754013095,46.858424598690476
530606,1255.0,1276.0847737869874,-21.084773786987398
530649,575.0,774.4260628782454,-199.42606287824538
530712,870.0,778.102078339789,91.89792166021095
530759,700.0,784.1571082229617,-84.15710822296171
530913,1360.0,1342.8626872571701,17.137312742829863
530924,863.0,1047.8202276002276,-184.82022760022755
531219,771.0,678.8401501035581,92.15984989644187
531395,850.0,725.1203705527298,124.87962944727019
531419,640.0,906.8273993984369,-266.8273993984369
531450,1060.0,1141.4595424756158,-81.45954247561576
531522,690.0,669.6597022748549,20.340297725145092
531549,904.0,1059.146476835546,-155.14647683554608
531586,885.0,729.7242548211948,155.2757451788052
531617,690.0,683.8983820550695,6.101617944930467
531700,900.0,1083.6163075486222,-183.61630754862222
531715,990.0,1192.3838585908507,-202.38385859085065
531718,590.0,635.1188305080434,-45.1188305080434
531724,545.0,687.2706709070292,-142.27067090702917
532091,545.0,645.0866934669613,-100.08669346696126
532095,1160.0,1112.766362397717,47.2336376022829
532135,1055.0,1302.3409482816687,-247.34094828166872
532173,470.0,897.1705657007834,-427.1705657007834
532178,730.0,577.502055074555,152.49794492544504
532209,1025.0,1155.79702360202,-130.7970236020201
532269,649.0,773.063150130386,-124.06315013038602
532310,570.0,749.7674630776809,-179.76746307768087
532321,795.0,724.9319398196982,70.06806018030181
532626,545.0,629.5830921917261,-84.58309219172611
532729,680.0,681.172386005541,-1.1723860055409432
532752,800.0,713.534958297991,86.46504170200899
532893,610.0,1216.6146175870338,-606.6146175870338
532910,555.0,604.7018289779671,-49.701828977967125
532955,1425.0,1324.0888375369195,100.91116246308047
532996,1150.0,923.7941659573227,226.20583404267734
533034,1075.0,1089.9334385051104,-14.933438505110416
533081,385.0,541.6272752391749,-156.62727523917488
533084,1230.0,1223.358865600051,6.641134399948896
533137,575.0,691.9645101320294,-116.96451013202943
533212,1175.0,1280.4520198416947,-105.45201984169466
533262,1123.0,791.0182105091641,331.9817894908359
533341,1070.0,1326.3527617993736,-256.35276179937364
533437,890.0,1094.0384571504196,-204.03845715041962
533446,1144.0,1493.2453000146131,-349.2453000146131
533513,560.0,756.5398093516143,-196.53980935161428
533698,1030.0,1224.9130891949142,-194.91308919491416
533786,363.0,1149.1014750214822,-786.1014750214822
533971,474.0,607.7609967196893,-133.76099671968927
533980,740.0,741.7274273917408,-1.7274273917407754
533981,407.0,471.4809844609768,-64.4809844609768
534215,595.0,1034.7502327162847,-439.7502327162847
534251,1130.0,1131.4614285889397,-1.4614285889397252
534304,795.0,692.9159770327831,102.08402296721692
534389,860.0,1049.2062549699558,-189.2062549699558
534468,1330.0,1138.441241097383,191.558758902617
534504,920.0,1183.0539205601613,-263.05392056016126
534518,633.0,677.602711856213,-44.60271185621298
534525,530.0,626.6723445744537,-96.67234457445375
534535,800.0,1145.0754539929733,-345.0754539929733
534602,450.0,639.7783528239255,-189.7783528239255
534618,1385.0,1354.7194005467964,30.28059945320365
534739,1050.0,1204.7578540151796,-154.75785401517965
534773,1170.0,1159.9538109903865,10.0461890096135
534800,727.0,1043.9476550139484,-316.9476550139484
534877,1216.0,1021.3806731283416,194.61932687165836
534924,558.0,765.1620247452793,-207.16202474527927
534965,571.0,709.2695401898156,-138.26954018981564
534978,235.0,756.9511305497912,-521.9511305497912
535047,611.0,764.1102206251403,-153.1102206251403
535130,675.0,716.6615765540478,-41.66157655404777
535176,540.0,511.42264882760037,28.57735117239963
535335,635.0,761.9212917421697,-126.92129174216973
535479,625.0,741.6934640088979,-116.69346400889788
535480,436.0,642.7386907056693,-206.73869070566934
535498,754.0,878.2243618306213,-124.22436183062132
535515,805.0,973.2643222732509,-168.26432227325085
535535,594.0,988.170321668515,-394.17032166851504
535576,860.0,1011.1035342319091,-151.10353423190907
535586,705.0,1156.8869569336705,-451.8869569336705
535709,750.0,828.6759426061416,-78.67594260614158
535729,509.0,562.3239656295442,-53.323965629544205
535759,830.0,1164.3139805723872,-334.3139805723872
535778,430.0,872.6885350183196,-442.6885350183196
535852,895.0,1143.581418005104,-248.58141800510407
535861,435.0,545.0204410737988,-110.02044107379879
535892,660.0,708.6410783359356,-48.64107833593562
535898,515.0,512.003440445452,2.9965595545479573
535920,1140.0,1063.8891088286432,76.1108911713568
535949,1215.0,1238.328751726488,-23.328751726488008
536003,1100.0,1093.0612408590166,6.938759140983393
536214,1040.0,1301.610489009075,-261.6104890090751
536224,525.0,635.9421819273749,-110.94218192737492
536348,1320.0,1049.150567581491,270.84943241850897
536469,540.0,518.0407641149745,21.959235885025464
536478,1055.0,1076.350553482493,-21.35055348249307
536531,1290.0,1324.1083660052025,-34.10836600520247
536674,1125.0,1220.7604414750565,-95.7604414750565
536743,904.0,921.8859706260132,-17.885970626013204
536756,256.0,669.144428987826,-413.144428987826
536821,1055.0,1156.8922973777192,-101.89229737771916
537026,780.0,938.2056264912453,-158.2056264912453
537289,1440.0,1287.7586532841106,152.24134671588945
537330,1266.0,1091.3340483264276,174.6659516735724
537336,682.0,1043.6407466902633,-361.6407466902633
537418,500.0,743.9319192007592,-243.93191920075924
537456,1110.0,1249.3166554211002,-139.31665542110022
537478,580.0,759.2641311583599,-179.26413115835987
537503,440.0,673.1879870763061,-233.18798707630606
537562,1213.0,1180.8611781876466,32.1388218123534
537733,1140.0,1241.6808048246633,-101.68080482466326
537849,550.0,756.064751853846,-206.06475185384602
537867,710.0,851.2566271632971,-141.25662716329714
537921,417.0,638.15441515955,-221.15441515955
538121,1055.0,1134.9245641927205,-79.92456419272048
538196,915.0,1083.7569370594688,-168.75693705946878
538259,545.0,681.1978181876763,-136.19781818767626
538316,1605.0,1045.201029735508,559.798970264492
538355,1340.0,1315.4788704538244,24.521129546175644
538375,925.0,1082.8918213764855,-157.8918213764855
538407,1170.0,1111.105903989098,58.8940960109021
538413,735.0,793.5508875799969,-58.550887579996925
538416,625.0,710.6256182563072,-85.62561825630723
538580,1130.0,1194.1525670084475,-64.15256700844748
538639,630.0,650.6783398127678,-20.67833981276783
538716,1240.0,1293.594308264357,-53.594308264357096
538760,1000.0,1271.3103513857766,-271.3103513857766
538784,995.0,940.2252142857142,54.77478571428583
538832,423.0,640.355420866212,-217.35542086621194
538865,545.0,701.5134104344763,-156.51341043447633
539058,1005.0,1098.3155093889632,-93.31550938896316
539075,1266.0,1118.1873430801202,147.81265691987983
539091,987.0,849.5163217962672,137.48367820373278
539114,1125.0,1111.81326381854,13.186736181459992
539117,680.0,713.8107967151692,-33.810796715169204
539168,749.0,1094.1087173648475,-345.1087173648475
539285,1070.0,1254.6147855174418,-184.61478551744176
539364,1058.0,1233.9386309214103,-175.93863092141032
539379,340.0,673.9336499635644,-333.93364996356445
539419,1080.0,1324.1239858162817,-244.12398581628167
539487,735.0,646.2245953355613,88.77540466443872
539517,1040.0,1094.9555175851667,-54.95551758516672
539539,545.0,692.3798861923572,-147.37988619235716
539552,1195.0,1118.9037299766142,76.09627002338584
539577,880.0,920.7039675833432,-40.70396758334323
539666,1050.0,1203.9375871095779,-153.93758710957786
539714,552.0,575.8852765923783,-23.885276592378318
539852,970.0,1174.4034778672496,-204.40347786724965
539870,1097.0,1127.5873184400657,-30.5873184400657
539880,1125.0,1163.8294705611765,-38.82947056117655
540068,1120.0,1212.9417746309177,-92.94177463091773
540250,1052.0,1178.0504674806862,-126.05046748068617
540285,780.0,943.1085848784849,-163.10858487848486
540298,635.0,694.6670416408282,-59.66704164082819
540326,577.0,722.8241217471982,-145.8241217471982
540490,1054.0,1157.495358441375,-103.49535844137495
540519,485.0,673.7977781055532,-188.79777810555322
540544,1000.0,1293.877263538973,-293.877263538973
540569,605.0,776.5200835645327,-171.52008356453268
540578,840.0,1168.4712968558667,-328.47129685586674
540586,1485.0,1252.5222769651466,232.4777230348534
540822,1280.0,1165.6182136355349,114.38178636446514
540850,965.0,1122.584280670801,-157.58428067080104
540976,783.0,1107.9440405417372,-324.9440405417372
540998,425.0,647.6695462440711,-222.66954624407106
541013,1370.0,1198.5171851220346,171.48281487796544
541110,715.0,1047.1929506458498,-332.1929506458498
541173,530.0,683.065891005416,-153.065891005416
541267,604.0,587.9147350583822,16.085264941617766
541296,600.0,665.4657891317113,-65.46578913171129
541308,545.0,662.886518812961,-117.88651881296096
541570,880.0,1145.1155229763979,-265.11552297639787
541666,505.0,733.2796526064561,-228.27965260645612
541711,605.0,962.9940396808142,-357.99403968081424
541857,1180.0,1242.6611627613222,-62.6611627613222
541858,815.0,827.4943314320338,-12.494331432033846
541889,720.0,1157.9979870597954,-437.9979870597954
542016,1080.0,1208.3568199135946,-128.35681991359456
542148,765.0,894.3217110289228,-129.32171102892278
542155,516.0,699.3461182135793,-183.3461182135793
542166,751.0,1002.4265563462766,-251.42655634627658
542368,830.0,779.196039181827,50.80396081817298
542375,435.0,670.3414251770909,-235.34142517709085
542529,455.0,772.8607293442712,-317.86072934427125
542664,980.0,1475.3656006493504,-495.3656006493504
542709,588.0,582.4590763194176,5.540923680582409
542834,1090.0,955.2488040781711,134.75119592182887
542838,1240.0,1177.9933247351848,62.00667526481516
542863,1000.0,1299.825597555168,-299.8255975551681
542871,1200.0,1059.2253799363048,140.77462006369524
542889,601.0,673.366419144315,-72.36641914431505
542893,550.0,1113.933893475034,-563.933893475034
542939,755.0,724.6252610727114,30.374738927288604
542999,535.0,690.0493294093576,-155.0493294093576
543126,700.0,1040.0276878358447,-340.02768783584474
543159,530.0,626.956072830434,-96.95607283043398
543294,1570.0,1263.677765602427,306.3222343975731
543298,940.0,863.2798655720403,76.72013442795969
543409,1220.0,1222.9457314893318,-2.94573148933182
543647,740.0,709.9746561707753,30.025343829224653
543655,540.0,775.7300352646922,-235.73003526469222
543801,636.0,649.7392318506867,-13.739231850686679
543802,1330.0,1187.4262502836093,142.5737497163907
543861,655.0,652.2808378240137,2.7191621759862983
543904,585.0,603.9228458079763,-18.922845807976273
543969,452.0,596.0234541827314,-144.02345418273137
543974,535.0,739.7424270923763,-204.74242709237626
544234,470.0,772.7056916979351,-302.7056916979351
544317,950.0,1186.2809313949572,-236.28093139495718
544422,835.0,1205.0758584430184,-370.07585844301843
544548,1325.0,1222.1327955033594,102.86720449664062
544637,738.0,1005.3025661150413,-267.30256611504126
544649,981.0,1015.6193261085219,-34.61932610852193
544660,870.0,1173.353638544481,-303.3536385444811
544686,840.0,605.34209279098,234.65790720901998
544690,560.0,698.4695477844442,-138.46954778444422
544734,959.0,1038.5857177314963,-79.58571773149629
544812,1255.0,1270.4864777081575,-15.486477708157508
544889,838.0,1325.3862792048935,-487.3862792048935
544890,845.0,1021.7914515025554,-176.79145150255545
544931,1036.0,1085.2612435911888,-49.26124359118876
545299,806.0,1002.7897307706128,-196.78973077061278
545388,374.0,893.1273395984485,-519.1273395984485
545411,830.0,834.7193566451384,-4.719356645138419
545592,620.0,719.2713916434957,-99.27139164349569
545632,485.0,617.2452358781936,-132.24523587819363
545641,1350.0,1295.2763961291787,54.72360387082131
545701,925.0,971.2101615125542,-46.21016151255424
545719,845.0,747.6166506553516,97.38334934464842
545753,1150.0,1132.6270677241366,17.372932275863377
545769,715.0,738.4820600486656,-23.48206004866563
545793,600.0,898.5193576055841,-298.5193576055841
546098,835.0,710.6188365936488,124.38116340635122
546116,1015.0,1240.613145704324,-225.6131457043241
546161,440.0,569.9399784922756,-129.9399784922756
546279,605.0,730.7555266503066,-125.75552665030659
546301,1325.0,1294.9866347164118,30.0133652835882
546327,1050.0,1114.7541133872899,-64.75411338728986
546328,1160.0,1018.9538890059416,141.04611099405838
546358,614.0,716.0502911660352,-102.05029116603521
546386,675.0,749.903975468907,-74.90397546890699
546475,893.0,1100.569649032283,-207.569649032283
546498,722.0,1038.6129818568359,-316.61298185683586
546500,560.0,723.2945236355719,-163.29452363557186
546709,553.0,744.5585707513094,-191.5585707513094
546747,640.0,690.6972441086936,-50.69724410869355
546818,1279.0,1050.2941619894489,228.70583801055113
546833,1270.0,1244.3071484522945,25.69285154770546
546846,375.0,680.314273180868,-305.314273180868
547176,765.0,1029.6625191798946,-264.6625191798946
547184,555.0,1021.0688690244896,-466.0688690244896
547219,1020.0,1284.3480658579913,-264.3480658579913
547259,752.0,674.8704482765953,77.12955172340469
547346,1356.0,1159.8711737869764,196.12882621302356
547365,875.0,1019.5710659291285,-144.5710659291285
547504,605.0,959.1916320541286,-354.1916320541286
547563,840.0,917.9611938308495,-77.96119383084954
547796,870.0,1089.1434673052206,-219.1434673052206
547829,1252.0,1033.4739743302914,218.5260256697086
547855,415.0,733.0762383167031,-318.0762383167031
547870,975.0,1187.9342966270908,-212.93429662709082
547882,830.0,1083.34077445038,-253.34077445037997
547962,1000.0,974.6123778106404,25.387622189359604
547975,550.0,498.21871027556324,51.78128972443676
548103,1018.0,1116.7301927078972,-98.73019270789723
548110,1205.0,1171.4389766929928,33.56102330700719
548311,450.0,495.86435219189707,-45.86435219189707
548313,695.0,741.2366628182615,-46.23666281826149
548326,1035.0,1077.542875434706,-42.54287543470605
548379,1285.0,1171.0534744471124,113.94652555288758
548391,530.0,692.5172725172584,-162.51727251725845
548445,1455.0,1243.0761533745729,211.92384662542713
548463,830.0,1131.4737043016196,-301.4737043016196
548607,540.0,671.2168591542442,-131.21685915424416
548653,445.0,670.9973014313953,-225.99730143139527
548677,540.0,674.6418254848445,-134.6418254848445
548723,380.0,651.8068328049217,-271.80683280492167
548737,860.0,1308.1360675190917,-448.13606751909174
548912,965.0,1073.9809843662188,-108.98098436621876
549051,925.0,1113.0059967277318,-188.00599672773183
549613,675.0,614.1141030785759,60.88589692142409
549647,725.0,702.3393505421968,22.660649457803174
549684,1190.0,1248.0936397005714,-58.09363970057143
549748,630.0,714.7070161203904,-84.70701612039045
549991,531.0,718.3752322373157,-187.37523223731569
550055,745.0,1243.0759497990887,-498.0759497990887
550190,1113.0,999.1506014703718,113.84939852962816
550394,937.0,1154.4694497193802,-217.46944971938024
550435,1090.0,1090.3347818293264,-0.33478182932640266
550449,1080.0,1203.7348542622906,-123.73485426229058
550476,1065.0,1251.3993005935704,-186.3993005935704
550491,815.0,1005.4987564139424,-190.49875641394237
550562,430.0,644.7669904974565,-214.7669904974565
550681,1180.0,1265.4826517780964,-85.4826517780964
550689,1135.0,1095.6670774830652,39.33292251693479
550900,710.0,1150.7615604702694,-440.7615604702694
550956,495.0,516.4693189284769,-21.469318928476923
551139,816.0,1236.2125710697842,-420.2125710697842
551176,950.0,1122.5292624499716,-172.5292624499716
551249,575.0,679.4448164698398,-104.4448164698398
551318,1075.0,1258.2077878663893,-183.20778786638925
551378,675.0,702.3354683972274,-27.335468397227373
551402,910.0,1189.5563414406224,-279.5563414406224
551484,990.0,1196.2398867136076,-206.23988671360758
551491,615.0,491.678880952381,123.32111904761899
551506,1085.0,1014.1565002851298,70.84349971487018
551936,776.0,968.2369628424991,-192.2369628424991
551964,465.0,620.3402141199599,-155.3402141199599
552001,808.0,770.9668341022563,37.03316589774374
552119,510.0,897.5640992923574,-387.56409929235735
552341,705.0,1137.8625236438945,-432.8625236438945
552390,595.0,736.4323505476992,-141.43235054769923
552413,683.0,673.7857611832916,9.214238816708416
552442,1140.0,1289.4809159898196,-149.48091598981955
552478,1360.0,1361.6539833713764,-1.6539833713763983
552610,766.0,1100.3169099024296,-334.31690990242964
552652,1240.0,1159.0223559355868,80.9776440644132
552689,595.0,609.5176036007315,-14.51760360073149
552724,1180.0,1278.171263894362,-98.17126389436203
552784,1434.0,1112.1101748675574,321.88982513244264
552859,1195.0,1301.4526190093225,-106.45261900932246
552965,560.0,649.5722135392976,-89.57221353929765
553148,470.0,663.8254732787627,-193.82547327876273
553150,1170.0,1056.2193979545748,113.78060204542521
553178,565.0,649.6036676800602,-84.6036676800602
553182,859.0,901.3273734872334,-42.327373487233444
553193,500.0,677.1065984374757,-177.10659843747567
553212,1025.0,1109.4832642206436,-84.4832642206436
553513,930.0,1136.366803273317,-206.36680327331692
553540,967.0,1150.9659376153636,-183.9659376153636
553567,425.0,470.4552420634919,-45.45524206349188
553656,1060.0,1139.5613633041476,-79.56136330414756
553682,1020.0,1013.7031750506653,6.2968249493346775
553700,900.0,918.1116629018584,-18.11166290185838
553729,1215.0,1030.8654855699087,184.13451443009126
553817,1080.0,1084.1083133375016,-4.108313337501613
553984,530.0,600.6629728600416,-70.66297286004158
554027,590.0,666.9119287744765,-76.91192877447645
554038,495.0,781.3050534157609,-286.3050534157609
554116,805.0,726.7596971256897,78.24030287431026
554201,580.0,712.2879431907677,-132.2879431907677
554393,1205.0,1075.195567027533,129.8044329724671
554411,545.0,671.5104337867057,-126.51043378670568
554641,563.0,686.7245506444677,-123.72455064446774
554697,1360.0,1158.244206521335,201.75579347866505
554757,625.0,729.1724521370201,-104.17245213702006
554857,555.0,696.6631828814276,-141.6631828814276
555182,965.0,1046.220659153829,-81.22065915382905
555239,890.0,1179.3265439888953,-289.3265439888953
555253,576.0,616.0353860037917,-40.0353860037917
555294,1225.0,1091.8800497378438,133.11995026215618
555364,600.0,511.9044914474816,88.09550855251842
555365,1020.0,1096.9734260965224,-76.97342609652242
555431,412.0,594.2964107801035,-182.29641078010354
555728,946.0,1179.6694151854574,-233.6694151854574
555839,1146.0,1068.7535952926357,77.24640470736426
556103,937.0,1305.7537857014672,-368.7537857014672
556409,432.0,527.2489497800602,-95.24894978006023
556661,841.0,1054.295927858624,-213.29592785862405
556929,940.0,1209.096674268278,-269.0966742682781
556973,1410.0,1273.3630112580975,136.63698874190254
556986,285.0,738.455273283708,-453.45527328370804
557123,1500.0,1405.4643015788804,94.5356984211196
557187,1155.0,1198.6184414998233,-43.61844149982335
557189,1310.0,1271.0497313102662,38.950268689733775
557298,625.0,724.6758480140737,-99.67584801407372
557532,1020.0,1230.7549591313643,-210.75495913136433
557636,625.0,740.5674435831045,-115.56744358310448
557651,915.0,1014.5707707725405,-99.57077077254053
557671,1020.0,1224.0454522350276,-204.0454522350276
557819,970.0,1180.0442626787844,-210.04426267878443
557823,680.0,728.5255274296885,-48.52552742968851
557896,490.0,613.7127895453789,-123.71278954537888
558108,1130.0,1074.2750923887147,55.72490761128529
558151,1200.0,1184.1546011062012,15.845398893798802
558193,640.0,641.8806851675014,-1.8806851675013831
558276,1135.0,1119.6939028307143,15.30609716928575
558304,1000.0,1055.6916054156711,-55.69160541567112
558337,940.0,1181.0426504020454,-241.0426504020454
558466,440.0,710.7232533658068,-270.72325336580684
558482,1140.0,1165.4656523011079,-25.465652301107866
558596,617.0,713.6819351269394,-96.68193512693938
558678,853.0,1156.0124055157814,-303.01240551578144
558708,335.0,587.1779905979677,-252.17799059796766
558856,1160.0,1058.0959554607762,101.90404453922383
559070,565.0,765.0641183591839,-200.0641183591839
559097,845.0,858.426590855636,-13.42659085563605
559155,840.0,1350.8852332271233,-510.8852332271233
559226,865.0,1068.019860369928,-203.01986036992798
559453,870.0,1041.2086623017278,-171.20866230172783
559494,543.0,582.4093536667078,-39.40935366670783
559743,1150.0,1210.3330031010544,-60.33300310105437
559760,750.0,1008.2662700527918,-258.2662700527918
559828,1020.0,842.1905929263518,177.80940707364823
559837,495.0,562.5757619318663,-67.57576193186628
559851,474.0,749.0407036448851,-275.04070364488507
559885,880.0,1210.5855352475646,-330.5855352475646
560013,755.0,1192.625952294818,-437.62595229481803
560115,493.0,620.4613630567363,-127.46136305673633
560143,680.0,649.6773964224394,30.322603577560585
560182,970.0,1195.7286460980765,-225.72864609807652
560221,1257.0,1019.1344837299106,237.86551627008942
560247,985.0,1128.862000936431,-143.86200093643106
560269,1455.0,1388.2641119896593,66.73588801034066
560410,400.0,759.9087263891892,-359.90872638918916
560440,1005.0,1174.0079815314323,-169.00798153143228
560473,412.0,651.7156637378246,-239.71566373782457
560478,1355.0,1053.1874729604056,301.81252703959444
560548,785.0,965.6587083005664,-180.65870830056645
560674,860.0,1174.0801369548124,-314.08013695481236
560722,1385.0,1344.0299534329579,40.97004656704212
560830,465.0,775.855185386098,-310.855185386098
561111,530.0,769.3518228086616,-239.3518228086616
561138,640.0,683.065891005416,-43.065891005416006
561153,672.0,594.6329289359883,77.36707106401172
561490,940.0,780.4592988127788,159.5407011872212
561670,319.0,704.3982835172555,-385.39828351725555
561672,725.0,684.1641523039675,40.83584769603249
561698,500.0,724.9319398196982,-224.9319398196982
561717,605.0,796.8205891859432,-191.82058918594316
561730,1075.0,1269.7696775248257,-194.76967752482574
561823,460.0,915.3375449392756,-455.33754493927563
561831,820.0,887.7606440133073,-67.76064401330734
561858,630.0,604.1671883525938,25.832811647406174
561884,700.0,634.6409661696291,65.35903383037089
562004,1030.0,1042.2780027706422,-12.27800277064216
562160,1000.0,1057.537581387347,-57.53758138734702
562272,360.0,671.7623087865381,-311.76230878653814
562283,582.0,799.330712777152,-217.33071277715203
562457,620.0,655.998299623091,-35.99829962309104
562504,1265.0,1116.1731243309591,148.82687566904087
562687,1050.0,1267.277597235062,-217.2775972350621
562772,705.0,757.2696495162902,-52.2696495162902
562849,640.0,721.3211094106142,-81.32110941061421
563064,1210.0,1092.573270690976,117.42672930902404
563404,660.0,1222.7138283341274,-562.7138283341274
563437,1101.0,1241.1472086910983,-140.14720869109829
563458,780.0,769.0685038054427,10.931496194557326
563472,970.0,1215.3326127073663,-245.33261270736625
563501,821.0,974.0802837290122,-153.0802837290122
563632,531.0,683.9519178027725,-152.95191780277253
563769,645.0,1268.1348836539037,-623.1348836539037
563793,1091.0,1277.5767040079816,-186.57670400798156
563863,981.0,999.8665006701233,-18.866500670123287
563882,1170.0,1191.3773203227825,-21.377320322782452
563911,960.0,956.8037114076881,3.19628859231193
564173,860.0,1009.0220285854155,-149.02202858541546
564246,930.0,1127.9078601263855,-197.90786012638546
564283,555.0,640.8201515645163,-85.82015156451632
564645,1135.0,1123.6522147370438,11.347785262956222
564726,500.0,739.1404888456556,-239.14048884565557
564840,705.0,600.8696829439356,104.13031705606443
564850,855.0,1142.1345402370994,-287.1345402370994
564854,890.0,759.5565154994598,130.4434845005402
564866,790.0,1110.130224821578,-320.13022482157794
564944,590.0,582.3005242000067,7.699475799993252
564982,615.0,688.6122935936455,-73.61229359364552
565108,500.0,847.2293595486518,-347.2293595486518
565138,861.0,959.6789806866112,-98.67898068661123
565185,590.0,670.1382154649152,-80.13821546491522
565282,1070.0,1193.4134076998248,-123.4134076998248
565461,520.0,771.481217620909,-251.48121762090898
565485,545.0,582.1111613628981,-37.11116136289809
565492,760.0,745.7060658267268,14.293934173273215
565550,510.0,648.6510397941624,-138.65103979416244
565651,1160.0,1257.8985378125672,-97.89853781256716
565731,660.0,704.0023292993378,-44.002329299337816
565802,1024.0,1167.289396102626,-143.28939610262591
565894,760.0,710.8377054716366,49.16229452836342
565939,1155.0,1250.5443676658872,-95.5443676658872
565942,252.0,455.85683561808554,-203.85683561808554
565982,1055.0,1106.505107663676,-51.50510766367597
566131,1240.0,1087.7783391139703,152.22166088602967
566220,970.0,1159.5427024185901,-189.54270241859012
566233,870.0,1068.2003285042279,-198.20032850422785
566300,1010.0,1279.3718435849435,-269.37184358494346
566342,780.0,1090.0158641769629,-310.01586417696285
566394,790.0,1100.0820521848316,-310.0820521848316
566664,871.0,1184.1242490835978,-313.12424908359776
566674,840.0,1032.7686224511565,-192.7686224511565
566723,890.0,1073.074499527708,-183.07449952770799
567024,730.0,587.6439084305388,142.35609156946123
567119,540.0,634.8010525311305,-94.8010525311305
567148,685.0,884.476900687858,-199.476900687858
567193,960.0,1261.9441592329188,-301.94415923291876
567256,771.0,984.4051101930113,-213.4051101930113
567305,410.0,636.7885669864801,-226.78856698648008
567511,720.0,706.5657730821156,13.434226917884416
567583,960.0,1155.7284512156868,-195.72845121568685
567624,716.0,935.6896363017199,-219.68963630171993
567652,799.0,718.1947256564129,80.80527434358714
567992,911.0,1105.8549175807327,-194.85491758073272
568255,655.0,699.5001039849631,-44.50010398496306
568262,515.0,682.1425725184067,-167.14257251840672
568320,585.0,682.2870197634035,-97.28701976340346
568399,1405.0,1116.7702768578583,288.22972314214167
568515,920.0,1047.5590761674039,-127.55907616740387
568576,561.0,737.6655185186631,-176.66551851866313
568621,1110.0,1206.9128976157663,-96.91289761576627
568843,495.0,505.95783874170166,-10.957838741701664
568961,1075.0,1187.930272726634,-112.93027272663403
569010,1400.0,1183.729502519735,216.27049748026502
569098,885.0,1038.3145017262902,-153.31450172629025
569134,485.0,733.0408633842252,-248.0408633842252
569378,842.0,1215.2944872519126,-373.29448725191264
569422,920.0,1117.2124553112574,-197.21245531125737
569454,1171.0,1093.4343306093228,77.56566939067716
569488,1280.0,1299.024153334744,-19.024153334743914
569601,1145.0,1285.0255486801943,-140.02554868019433
569707,775.0,1144.2248815366586,-369.2248815366586
569767,716.0,1019.9152366510458,-303.9152366510458
569808,617.0,748.6015567061403,-131.6015567061403
569861,740.0,960.1556704783807,-220.15567047838067
569947,490.0,1105.0939646241475,-615.0939646241475
570014,495.0,550.6196154086782,-55.619615408678214
570086,515.0,675.22035205091,-160.22035205091004
570238,1010.0,1092.5559738713719,-82.55597387137186
570267,950.0,1050.1843631724312,-100.18436317243118
570381,590.0,596.6664414447957,-6.666441444795737
570465,820.0,890.0802330165999,-70.08023301659989
570575,810.0,1065.280074112383,-255.2800741123831
570660,590.0,667.2747190523377,-77.27471905233767
570699,425.0,533.5135456660248,-108.51354566602481
570768,565.0,586.8855519652099,-21.885551965209856
570786,1065.0,1251.9585361837596,-186.95853618375963
570813,1465.0,1161.8902425162196,303.1097574837804
571132,920.0,1099.5089147385522,-179.50891473855222
571184,1300.0,1297.1313139029248,2.8686860970751695
571258,735.0,972.2529548646974,-237.25295486469736
571302,1195.0,1279.6866830732904,-84.6866830732904
571346,538.0,633.4342880492824,-95.43428804928237
571536,1225.0,1202.0653723592436,22.93462764075639
571544,595.0,661.3114009484226,-66.3114009484226
571600,505.0,722.1078841420073,-217.10788414200726
571606,820.0,717.8746016229721,102.12539837702786
571608,790.0,1091.5501185796065,-301.55011857960653
571738,1070.0,1268.2830879591334,-198.28308795913335
571909,530.0,703.339705457937,-173.33970545793704
571917,1125.0,1249.4685313800876,-124.4685313800876
571999,1400.0,1189.0683447135973,210.9316552864027
572014,405.0,650.6827489755476,-245.6827489755476
572122,362.0,595.63939649489,-233.63939649488998
572131,1058.0,1150.7830745233955,-92.7830745233955
572157,579.0,671.7355409678056,-92.7355409678056
572220,1140.0,1184.7366370247407,-44.73663702474073
572244,771.0,936.6479725892572,-165.64797258925717
572391,815.0,816.9457301347621,-1.9457301347621296
572415,1040.0,869.229335223584,170.77066477641597
572505,683.0,693.1922059901507,-10.192205990150683
572674,1036.0,964.1031533981992,71.8968466018008
572718,867.0,1033.5814318381153,-166.58143183811535
572854,1158.0,1338.7486652944797,-180.74866529447968
572919,889.0,819.0669097551137,69.93309024488633
573008,926.0,839.5469898826847,86.45301011731533
573067,965.0,1003.1223533922907,-38.122353392290734
573080,1263.0,1182.257301616481,80.74269838351893
573129,1035.0,1209.2372531934977,-174.23725319349774
573290,502.0,641.2832751527889,-139.28327515278886
573341,893.0,1126.1934427784004,-233.19344277840037
573363,760.0,1035.3467978118297,-275.3467978118297
573817,655.0,722.9761741020358,-67.97617410203577
573967,1310.0,1311.2219847282797,-1.2219847282797218
573977,1190.0,1304.9237346242744,-114.9237346242744
574053,815.0,748.7941534445222,66.20584655547782
574079,290.0,639.8726687707637,-349.87266877076365
574097,1020.0,984.9483445098559,35.05165549014407
574115,505.0,654.5950999957277,-149.59509999572765
574247,528.0,694.5530939001137,-166.5530939001137
574454,675.0,628.3521177202695,46.64788227973054
574510,617.0,614.2752264413343,2.7247735586656745
574548,1095.0,1087.0516603427009,7.94833965729913
574741,575.0,668.3725155707441,-93.3725155707441
574759,1350.0,1252.9152199104008,97.08478008959923
574765,1225.0,1270.220819618293,-45.220819618293035
574858,830.0,1023.5123751287388,-193.51237512873877
574918,705.0,1081.5787836876764,-376.5787836876764
575226,965.0,1085.8287792826707,-120.82877928267067
575237,740.0,1006.3236095629281,-266.32360956292814
575419,1065.0,1179.9072663186232,-114.90726631862321
575750,650.0,607.8444960938098,42.15550390619023
575859,985.0,1213.7462116080987,-228.74621160809875
575899,948.0,1237.415412261635,-289.4154122616351
575958,616.0,631.4135879020374,-15.41358790203742
576067,960.0,1102.0433420975519,-142.04334209755189
576081,860.0,1163.8087530386351,-303.80875303863513
576091,1130.0,1273.0703663647882,-143.07036636478824
576165,638.0,950.885979549282,-312.88597954928196
576174,795.0,1162.1630003196265,-367.16300031962646
576196,671.0,654.8539013752527,16.14609862474731
576249,525.0,631.3519827521432,-106.35198275214316
576253,1060.0,1019.0574611672412,40.94253883275883
576270,790.0,780.3778734122402,9.622126587759794
576305,1215.0,1111.1827623288943,103.81723767110566
576318,947.0,907.1358285690555,39.86417143094445
576331,725.0,733.1793491121239,-8.179349112123873
576406,950.0,1189.4308140389417,-239.43081403894166
576422,595.0,689.6174967177618,-94.61749671776181
576425,1105.0,1324.2256242936812,-219.22562429368122
576488,390.0,525.7397720418015,-135.73977204180153
576699,400.0,713.262083082111,-313.26208308211096
576796,716.0,1111.4683419502235,-395.4683419502235
576832,390.0,714.9568851414225,-324.9568851414225
576834,655.0,730.9399396793048,-75.93993967930476
577104,1110.0,1204.3829571169988,-94.3829571169988
577154,460.0,775.596405467462,-315.596405467462
577421,1488.0,1084.6645110262364,403.33548897376363
577427,565.0,727.290910311511,-162.29091031151097
577626,1200.0,1061.747824120871,138.25217587912903
577744,760.0,724.5617996139624,35.43820038603758
577806,950.0,1011.600808685654,-61.60080868565399
577816,904.0,1103.7170297719138,-199.71702977191376
577832,860.0,1156.93506074731,-296.93506074731
577891,1010.0,1026.6345575031964,-16.634557503196447
577941,610.0,665.7037399593704,-55.70373995937041
578041,1040.0,1208.482205107058,-168.482205107058
578281,532.0,708.2276016380669,-176.22760163806686
578301,565.0,753.2711659656154,-188.2711659656154
578346,440.0,659.0377225810495,-219.03772258104948
578475,935.0,1002.8733502488033,-67.87335024880326
578641,654.0,535.4628444240947,118.53715557590533
578696,1240.0,1043.195853147509,196.80414685249093
578924,860.0,1118.2789733365967,-258.27897333659666
578948,871.0,929.1337379550831,-58.13373795508312
578964,503.0,575.7424372920945,-72.74243729209445
579113,700.0,1038.4096040431546,-338.40960404315456
579172,620.0,742.4759426743459,-122.4759426743459
579253,935.0,1145.7888148018324,-210.78881480183236
579413,865.0,1194.2500945577174,-329.2500945577174
579499,480.0,661.3644501416701,-181.3644501416701
579828,902.0,1179.513194849822,-277.51319484982196
579846,615.0,749.0256884792109,-134.02568847921088
579932,815.0,776.3348597241811,38.665140275818885
580022,959.0,1036.4476743009934,-77.44767430099341
580283,465.0,519.570994065534,-54.57099406553402
580348,960.0,1037.9215518279593,-77.92155182795932
580424,911.0,1118.3972170300754,-207.39721703007535
580516,932.0,1133.311462938633,-201.31146293863299
580919,1210.0,1359.2143860754945,-149.21438607549453
580950,625.0,998.0298811725598,-373.02988117255984
581404,870.0,886.6121760822884,-16.612176082288443
581874,920.0,1208.821371478781,-288.821371478781
581934,337.0,675.6939574908274,-338.6939574908274
582016,680.0,706.1906419410565,-26.19064194105647
582044,955.0,1050.7479053391887,-95.74790533918872
582104,1091.0,1089.2010460064585,1.798953993541545
582129,1080.0,1225.6772534933493,-145.67725349334933
582203,610.0,697.577017878686,-87.57701787868598
582225,1205.0,1185.9427179285863,19.057282071413738
582424,374.0,635.7824914963138,-261.7824914963138
582502,710.0,740.8494808656526,-30.849480865652595
582506,520.0,656.8216477300269,-136.82164773002694
582602,735.0,712.9843272727273,22.01567272727266
582701,810.0,690.5303792857402,119.4696207142598
582889,1075.0,1062.5238211194048,12.476178880595171
583128,870.0,854.9564213358657,15.043578664134316
583358,1050.0,1303.187993035869,-253.1879930358691
583442,980.0,1241.3837137998541,-261.38371379985415
583484,907.0,1069.2705853733132,-162.27058537331322
583514,370.0,779.6890796639177,-409.6890796639177
583521,790.0,704.5100768007206,85.48992319927936
583585,840.0,1194.4211996445401,-354.42119964454014
583759,1185.0,1030.375668397015,154.62433160298497
583770,520.0,791.9195452939493,-271.91954529394934
583906,765.0,910.274382603237,-145.27438260323697
583966,521.0,758.0404097046263,-237.0404097046263
584204,1100.0,1162.351325438077,-62.35132543807708
584350,1146.0,897.7069416168673,248.2930583831327
584361,1190.0,1387.528661703381,-197.52866170338098
584447,930.0,1268.5864654512245,-338.5864654512245
584837,955.0,1141.853254939551,-186.8532549395511
584838,1075.0,1279.8833464526108,-204.8833464526108
584852,1315.0,1285.00626467277,29.99373532723007
584907,1100.0,1157.1665375062228,-57.16653750622277
585055,1310.0,1348.1070569929761,-38.10705699297614
585091,1125.0,1315.2024083358995,-190.20240833589946
585099,620.0,766.7846221826059,-146.78462218260586
585232,865.0,1028.3969510780685,-163.39695107806847
585247,1155.0,1225.943512905748,-70.9435129057481
585254,1030.0,1036.3982020185174,-6.398202018517395
585653,893.0,840.6215970065685,52.37840299343145
585669,905.0,1004.4070615140795,-99.40706151407949
585684,960.0,1112.4833374288298,-152.48333742882983
585792,498.0,647.6841322171642,-149.68413221716423
585892,780.0,1193.7920928990739,-413.79209289907385
585923,546.0,587.9968002071217,-41.99680020712174
586188,816.0,1070.744293211026,-254.74429321102593
586396,915.0,976.2486762071961,-61.24867620719613
586502,701.0,1007.7705119002967,-306.7705119002967
586512,585.0,685.8744319843588,-100.87443198435881
586532,637.0,702.6897405090524,-65.6897405090524
586600,783.0,928.8165426022881,-145.8165426022881
586739,313.0,681.735221044342,-368.735221044342
586819,1060.0,1326.8215590846567,-266.82155908465666
586972,1020.0,1222.7513324365254,-202.75133243652544
587082,955.0,1277.712829016697,-322.712829016697
587104,1036.0,948.3633667784015,87.63663322159846
587146,871.0,1305.4151825719407,-434.4151825719407
587156,675.0,782.7333204866859,-107.7333204866859
587219,1082.0,1124.9281388677405,-42.92813886774047
587266,563.0,713.763236588835,-150.76323658883496
587556,1138.0,1041.5137953905976,96.48620460940242
587639,1160.0,1059.9070614563477,100.09293854365228
587734,1015.0,1227.735066394795,-212.735066394795
587816,1675.0,1265.0260134658445,409.97398653415553
587834,655.0,679.1796344731022,-24.17963447310217
587863,655.0,726.6715379229654,-71.6715379229654
587872,826.0,916.7589896764688,-90.75898967646879
587939,493.0,602.921672671013,-109.92167267101297
587970,390.0,609.6401611708567,-219.6401611708567
588189,635.0,965.209073397424,-330.20907339742405
588312,756.0,633.3598384839312,122.64016151606882
588571,600.0,732.0077912073755,-132.00779120737548
588641,545.0,690.1401729411111,-145.14017294111113
588728,437.0,724.7040520440449,-287.70405204404494
588783,515.0,1291.0879328051349,-776.0879328051349
588842,1091.0,926.1760201389575,164.82397986104252
588857,735.0,1064.891174330338,-329.8911743303379
589000,1120.0,1121.605164797284,-1.6051647972840328
589076,1140.0,1138.1633246282381,1.836675371761885
589227,1160.0,1269.4824131342114,-109.48241313421136
589314,1014.0,1023.299860144696,-9.299860144696027
589456,635.0,1081.0139760960506,-446.01397609605056
589507,790.0,1232.6998121953459,-442.6998121953459
589814,560.0,660.4428838513246,-100.44288385132461
589906,570.0,561.1403334701698,8.859666529830179
589958,915.0,1189.2538613502422,-274.25386135024223
590055,1340.0,1309.238208316953,30.761791683047022
590071,840.0,976.674216159336,-136.67421615933597
590095,636.0,707.9667161114261,-71.96671611142608
590126,324.0,956.8341334105531,-632.8341334105531
590228,585.0,720.698115153002,-135.69811515300205
590235,575.0,635.992058348005,-60.992058348005
590297,1150.0,1269.7577108675503,-119.75771086755026
590316,740.0,1186.37746117059,-446.3774611705901
590562,705.0,1217.9025284538568,-512.9025284538568
590573,1485.0,1445.487404292851,39.5125957071491
590589,460.0,672.7783905877106,-212.77839058771065
590671,572.0,638.6349981673781,-66.63499816737806
590677,990.0,1101.8510302117668,-111.85103021176678
590812,1085.0,1290.7260841569969,-205.72608415699688
591514,1000.0,1099.4567439452014,-99.45674394520142
591697,920.0,1046.7074948523098,-126.70749485230976
591708,1030.0,1213.4009747878265,-183.4009747878265
591749,550.0,592.1619865462317,-42.161986546231674
591905,570.0,757.465438181656,-187.46543818165605
591940,910.0,1088.1712142795968,-178.17121427959682
592167,420.0,742.51185864343,-322.51185864342995
592184,1190.0,1276.4150595985266,-86.41505959852657
592417,1187.0,1186.0313524240744,0.9686475759256155
592477,1080.0,1123.8047044130763,-43.80470441307625
592532,760.0,957.704563658998,-197.70456365899804
592548,1160.0,1035.67247765304,124.32752234696
592613,685.0,721.6058349685379,-36.60583496853792
592667,842.0,1121.3010306007723,-279.30103060077226
592787,500.0,632.8903665766861,-132.89036657668612
592820,780.0,693.8008287485496,86.19917125145037
592883,1143.0,1279.3647415170517,-136.3647415170517
593044,1420.0,1204.5970052254875,215.40299477451254
593084,838.0,1103.161570834569,-265.1615708345689
593105,860.0,1321.2710412706326,-461.2710412706326
593233,870.0,1063.3789089706254,-193.3789089706254
593309,720.0,627.1358036831402,92.86419631685976
593493,840.0,676.5745847608289,163.42541523917112
593528,880.0,1037.3358134093146,-157.3358134093146
593593,395.0,615.7582886757442,-220.7582886757442
593835,694.0,849.3882809888204,-155.38828098882038
594018,770.0,1098.9355527631478,-328.9355527631478
594218,1050.0,1115.5539678832647,-65.5539678832647
594355,790.0,823.0004506067323,-33.00045060673233
594517,1047.0,1264.964440168557,-217.96444016855708
594691,630.0,634.8672121052236,-4.8672121052236434
594838,937.0,1150.663199260675,-213.6631992606749
594978,450.0,526.0036245703975,-76.0036245703975
595168,1201.0,1232.3154969365817,-31.315496936581667
595228,530.0,713.039818708677,-183.039818708677
595514,774.0,903.8744866679135,-129.87448666791352
595670,1050.0,1038.7316788193996,11.268321180600424
595698,1515.0,1211.8230184501083,303.1769815498917
595862,875.0,1154.0027129922655,-279.0027129922655
595894,495.0,723.3944189848669,-228.3944189848669
595986,1115.0,1206.9126354447965,-91.91263544479648
596084,790.0,904.9047664082578,-114.90476640825784
596375,966.0,1118.2481092675444,-152.24810926754435
596528,560.0,612.1665171339471,-52.16651713394708
596549,500.0,672.9512499882812,-172.95124998828123
596798,510.0,732.5048218629597,-222.50482186295972
596814,1320.0,1209.7387630547562,110.26123694524381
596992,1015.0,1342.3828958675208,-327.3828958675208
597022,535.0,641.9068909077355,-106.90689090773549
597225,625.0,571.2105001085034,53.789499891496575
597242,557.0,693.0558009942893,-136.05580099428926
597326,631.0,671.502808499068,-40.50280849906801
597381,1131.0,1113.3400581244744,17.659941875525647
597529,1240.0,1052.6114254078043,187.3885745921957
597670,1230.0,1348.2874447563536,-118.28744475635358
598036,1095.0,1047.739403309665,47.26059669033498
598150,1135.0,1167.5129387416125,-32.512938741612516
598700,979.0,1058.1424506298863,-79.1424506298863
598764,465.0,614.6412356347457,-149.64123563474573
598856,845.0,1187.6027036780065,-342.6027036780065
598921,1340.0,1269.1780265936752,70.82197340632479
599257,590.0,635.2307363518373,-45.23073635183732
599315,495.0,644.7224813054129,-149.72248130541288
599356,1045.0,997.3373148493752,47.66268515062484
599472,990.0,1020.3735171269427,-30.373517126942716
599499,1110.0,1056.2180344929225,53.78196550707753
599638,628.0,715.4495616175743,-87.44956161757432
599657,555.0,603.4175331744974,-48.41753317449741
600168,450.0,611.7697504758545,-161.7697504758545
600183,1020.0,1366.855574105986,-346.8555741059861
600250,985.0,1159.200714859752,-174.200714859752
600816,495.0,507.6703523205929,-12.670352320592883
600879,1510.0,1228.4147921031126,281.58520789688737
600932,805.0,627.6651555239068,177.33484447609317
600981,545.0,688.3050671336151,-143.30506713361513
601054,890.0,1114.3166754184933,-224.31667541849333
601121,1075.0,1112.5477523010784,-37.54775230107839
601183,1130.0,1038.5711439311754,91.42885606882464
601309,915.0,1062.8034422873511,-147.80344228735112
601346,1235.0,1125.062051283414,109.9379487165861
601512,620.0,695.2187541037654,-75.21875410376538
602034,545.0,680.6947146745113,-135.69471467451126
602186,650.0,897.8118892095462,-247.81188920954617
602753,1520.0,1155.6562852225543,364.3437147774457
602796,1046.0,1043.195853147509,2.8041468524909305
602961,1100.0,887.4616774656342,212.53832253436576
603040,420.0,555.0999351548935,-135.0999351548935
603117,497.0,705.210890219376,-208.21089021937598
603543,558.0,814.0124489601809,-256.0124489601809
603552,1325.0,1309.3846878478628,15.615312152137221
603557,1400.0,1325.2602508629204,74.73974913707957
603683,548.0,643.0989406465205,-95.09894064652053
603733,600.0,790.2947174343245,-190.29471743432453
603942,965.0,1106.7856510751114,-141.78565107511145
603986,1205.0,1291.9196246806598,-86.91962468065981
604080,580.0,673.7728846081133,-93.77288460811326
604168,766.0,993.6132456247639,-227.61324562476386
604342,995.0,1114.2867858999439,-119.28678589994388
604475,520.0,723.5816499187097,-203.58164991870967
604666,590.0,681.9429529819845,-91.94295298198449
604699,904.0,1083.5244131690135,-179.52441316901354
604982,1102.0,1415.1174649384072,-313.11746493840724
605232,669.0,486.1222272251364,182.87777277486362
605385,694.0,762.0578183835979,-68.05781838359792
605389,506.0,659.0096171880581,-153.0096171880581
605649,860.0,604.288321428769,255.711678571231
605723,1140.0,1145.3682659290712,-5.368265929071185
605810,795.0,1138.8084615029927,-343.8084615029927
605915,520.0,555.5371442729829,-35.537144272982914
606039,845.0,1047.5110241874056,-202.5110241874056
606183,1170.0,1324.9881135835951,-154.98811358359512
606395,1205.0,1266.8266857747558,-61.82668577475579
606481,855.0,1109.1125514119685,-254.11255141196852
606509,930.0,1007.7158582285776,-77.71585822857764
606558,443.0,733.8670505734071,-290.86705057340714
606835,860.0,979.4318010765058,-119.43180107650585
606933,1320.0,1326.6288667182532,-6.628866718253221
606979,715.0,738.8358530592361,-23.835853059236115
607127,510.0,586.1296351961875,-76.12963519618745
607315,1050.0,1129.7708418238967,-79.77084182389672
607462,773.0,739.6732070051817,33.326792994818334
607470,1285.0,1385.188025842338,-100.18802584233799
607489,640.0,771.2450404154181,-131.2450404154181
607512,1295.0,1195.4257613559098,99.5742386440902
607583,1094.0,991.707229350177,102.29277064982296
607637,700.0,724.2900175004662,-24.290017500466206
607761,415.0,563.7072567158189,-148.70725671581886
607869,805.0,988.8277676102707,-183.8277676102707
607890,480.0,631.0518025346203,-151.05180253462026
607910,1050.0,1263.3028990701885,-213.30289907018846
608006,420.0,729.5002699949895,-309.5002699949895
608127,675.0,791.7273395029159,-116.72733950291592
608213,990.0,973.863290020248,16.136709979752027
608689,500.0,672.9573128637348,-172.95731286373484
608738,655.0,589.8247388804471,65.17526111955294
609252,860.0,870.1345208095995,-10.134520809599508
609373,580.0,771.037258071263,-191.03725807126295
609519,465.0,683.6567115766909,-218.6567115766909
609590,1045.0,1136.7296945163894,-91.72969451638937
609633,959.0,926.8225770553677,32.177422944632326
609649,540.0,684.5749732079719,-144.57497320797188
610376,474.0,711.526843667953,-237.52684366795302
610635,915.0,1204.7909262018452,-289.7909262018452
611002,590.0,642.5130934414339,-52.51309344143385
611059,650.0,1116.1165487477047,-466.11654874770466
611117,1030.0,950.7126313414254,79.28736865857456
611287,484.0,616.5014766388892,-132.50147663888924
611438,953.0,1227.1746144726578,-274.1746144726578
611462,475.0,541.0920015741664,-66.09200157416637
611747,925.0,981.8866443077749,-56.88664430777487
611775,1025.0,1285.5720743740253,-260.5720743740253
611972,1000.0,1042.7547080498866,-42.75470804988663
612111,635.0,732.4088626586283,-97.40886265862832
612152,725.0,1175.927512319854,-450.92751231985403
612154,720.0,1101.6568017137938,-381.6568017137938
612213,610.0,1120.3813370408363,-510.38133704083634
612277,885.0,1171.5470762026596,-286.5470762026596
612736,585.0,661.6825758088619,-76.68257580886188
612759,855.0,916.4630579969489,-61.46305799694892
612875,550.0,635.658515490144,-85.65851549014405
613045,1344.0,1323.0527225400886,20.947277459911447
613078,995.0,1068.114002626955,-73.11400262695497
613171,436.0,667.9615347605691,-231.96153476056907
613226,545.0,650.2171065955885,-105.21710659558846
613270,855.0,978.9216184777189,-123.92161847771888
613466,840.0,1262.6818243850587,-422.6818243850587
613475,930.0,1014.8148223860234,-84.81482238602337
613883,680.0,1084.4461867329485,-404.4461867329485
614413,1124.0,676.145168367894,447.85483163210597
614559,1110.0,1112.5546115944726,-2.55461159447259
614877,948.0,648.769080936534,299.230919063466
615299,695.0,699.0869817958978,-4.086981795897827
615559,350.0,665.0960082795689,-315.0960082795689
615572,705.0,742.8297224435482,-37.829722443548235
615800,580.0,652.5273916876989,-72.52739168769892
616015,1001.0,1131.609273582676,-130.609273582676
616024,1069.0,1057.6451874168997,11.354812583100284
616045,670.0,724.5223247047569,-54.5223247047569
616077,660.0,606.7717305699903,53.22826943000973
616162,950.0,1069.8645683290424,-119.86456832904241
616343,1690.0,1262.212544761048,427.7874552389519
616390,596.0,799.1865830323927,-203.18658303239272
616412,950.0,1068.7056720918047,-118.70567209180467
616428,1435.0,1222.6313237710724,212.3686762289276
616516,875.0,936.3250390382611,-61.32503903826114
616525,1230.0,1082.372370061304,147.62762993869592
617087,1497.0,1132.3922506638694,364.6077493361306
617088,580.0,744.7581386202671,-164.75813862026712
617571,600.0,798.0749496501464,-198.07494965014644
617906,830.0,1044.1446436875324,-214.14464368753238
617914,451.0,656.6217772027339,-205.62177720273394
617969,970.0,1060.6330197327645,-90.63301973276452
618331,572.0,685.8979088069915,-113.8979088069915
618354,1000.0,1174.043723836375,-174.04372383637497
618637,550.0,735.923570133581,-185.92357013358105
618737,403.0,598.7687981860622,-195.7687981860622
618773,1217.0,1085.445289004803,131.55471099519696
618844,905.0,1036.5361858832166,-131.5361858832166
618929,1040.0,1000.5017079856045,39.498292014395474
618973,1275.0,1164.2772189516288,110.72278104837119
619033,900.0,1089.4456607176298,-189.44566071762983
619035,1140.0,1066.532020711589,73.46797928841102
619040,690.0,705.4365774691631,-15.436577469163126
619220,375.0,719.4828551187943,-344.4828551187943
619243,973.0,1056.836126587122,-83.83612658712195
619251,1320.0,1122.8130974447452,197.18690255525485
619382,845.0,1052.449375394049,-207.44937539404896
619402,1280.0,1238.7184053945255,41.28159460547454
619504,472.0,727.6938276734306,-255.69382767343063
619758,1005.0,1059.2636614250625,-54.26366142506254
620204,775.0,1234.9399289374412,-459.9399289374412
620217,680.0,650.9551479416225,29.0448520583775
620494,985.0,1162.8361315484938,-177.83613154849377
620506,1695.0,1327.9070534610055,367.0929465389945
620624,545.0,782.3369065561278,-237.33690655612781
620666,495.0,569.9474989414865,-74.94749894148651
620738,904.0,1187.304440459388,-283.30444045938793
620775,845.0,942.4998709281513,-97.49987092815127
620929,1020.0,1141.4632630041538,-121.46326300415376
621252,853.0,676.5926379718013,176.4073620281987
621266,790.0,690.1339407892713,99.86605921072874
621422,830.0,793.442730088577,36.557269911422964
621580,335.0,606.0529442531657,-271.0529442531657
621627,426.0,556.3316137897014,-130.33161378970135
621769,1046.0,1105.385507800844,-59.385507800843925
622264,1000.0,1014.9717130785889,-14.971713078588891
622612,665.0,710.3469187106986,-45.34691871069856
622748,425.0,606.8862741479594,-181.8862741479594
622944,1300.0,1171.0534362731814,128.94656372681857
622947,462.0,576.184185463337,-114.18418546333703
623073,550.0,885.5131956533232,-335.51319565332324
623126,1311.0,1161.3199501112774,149.68004988872258
623129,910.0,1200.0957141284848,-290.0957141284848
623234,1088.0,1355.2552701611883,-267.25527016118826
623281,1000.0,1068.0298906804253,-68.0298906804253
623391,780.0,859.3183550786907,-79.31835507869073
623544,400.0,664.5299444979566,-264.52994449795665
623771,1115.0,846.5640291005292,268.4359708994708
623871,1140.0,1116.5563346560848,23.4436653439152
623877,510.0,731.7867240856186,-221.78672408561863
624010,1180.0,1155.7303906230923,24.269609376907738
624148,1190.0,1329.9950582588763,-139.99505825887627
624226,1250.0,1164.4692386440106,85.5307613559894
624385,385.0,697.8205285786503,-312.8205285786503
624416,1010.0,959.2304744327245,50.76952556727554
624655,920.0,1209.1152034939319,-289.11520349393186
624712,630.0,629.2877915712544,0.7122084287456119
624838,1060.0,963.9257890273068,96.07421097269321
624995,959.0,1047.3100489883448,-88.31004898834476
625242,1115.0,1136.3766247329274,-21.37662473292744
625638,1175.0,1143.4978570923631,31.50214290763688
625796,810.0,972.0179439764127,-162.01794397641265
627677,995.0,1090.7679493492749,-95.76794934927489
628278,775.0,772.2387528629298,2.7612471370701996
628311,1110.0,1290.3380578805854,-180.33805788058544
629245,1025.0,1107.4781255553105,-82.4781255553105
629980,1058.0,1324.651164581174,-266.65116458117404
