athlete_id,actual_total_lift,predicted_total_lift,residual
1651,1120.0,1048.4933635230186,71.50663647698138
1668,1035.0,1052.7647527860336,-17.76475278603357
1672,1261.0,1164.0715811371704,96.92841886282963
1750,1163.0,1162.1863431536613,0.8136568463387448
1770,1263.0,1095.4955253161738,167.50447468382617
1772,1357.0,1196.0133871525647,160.98661284743525
1788,1310.0,1275.2137324398147,34.78626756018525
1804,1735.0,1252.1221440451843,482.8778559548157
1808,1878.0,1162.8419471705513,715.1580528294487
1809,1266.0,1011.8190498027097,254.18095019729026
1815,716.0,710.5983355646579,5.401664435342127
1822,1190.0,1028.4366512388394,161.56334876116057
1831,1080.0,998.960261274076,81.03973872592405
1838,1223.0,1214.6034739118904,8.396526088109567
1839,1190.0,1198.394428100066,-8.39442810006608
1854,1042.0,723.388135644012,318.611864355988
1868,1500.0,1203.0778994402563,296.92210055974374
1872,835.0,687.675741705868,147.32425829413205
1879,1263.0,1146.6483480972513,116.3516519027487
1881,810.0,923.742819190578,-113.74281919057796
1884,1113.0,1007.4270117817101,105.57298821828988
1898,1175.0,1086.397941975678,88.6020580243221
1904,675.0,654.7101262733916,20.289873726608448
1909,1045.0,1001.7473138884199,43.25268611158015
1941,714.0,617.8385586028887,96.16144139711128
1948,1000.0,1044.0003551296518,-44.00035512965178
1949,825.0,596.6763190928586,228.32368090714135
1970,915.0,721.5227163705978,193.47728362940222
1975,1281.0,1134.5732730776958,146.42672692230417
1978,1255.0,1200.6203940223616,54.37960597763845
1987,1113.0,980.7516658642852,132.2483341357148
1990,1260.0,1099.5202407304857,160.47975926951426
2016,1499.0,1169.5117311911886,329.4882688088114
2020,1070.0,1004.2662065784175,65.7337934215825
2035,936.0,1000.6919117663979,-64.69191176639788
2044,1352.0,1092.8260745009338,259.1739254990662
2045,1268.0,967.7854917356636,300.21450826433636
2049,985.0,723.9770790176449,261.0229209823551
2050,822.0,646.0067203578304,175.99327964216957
2071,1102.0,1155.790407140872,-53.79040714087205
2100,1520.0,1208.3750087112205,311.6249912887795
2103,1006.0,1158.3003774383367,-152.30037743833668
2109,1383.0,1224.0672924252065,158.93270757479354
2127,1026.0,1096.9481279116474,-70.94812791164736
2129,1219.0,1008.9703024328583,210.02969756714174
2138,1345.0,1260.3690023749969,84.63099762500315
2140,1274.0,1107.794715638962,166.2052843610379
2142,1365.0,1088.7708414988222,276.22915850117784
2149,1380.0,1203.983516951606,176.0164830483941
2152,1511.0,1249.6952993684522,261.3047006315478
2201,915.0,1023.1958167112742,-108.19581671127423
2220,1478.0,1121.5244652566118,356.47553474338815
2223,1418.0,1177.574059735481,240.4259402645191
2237,719.0,609.0406872870983,109.95931271290169
2251,1281.0,1239.2942518014834,41.70574819851663
2273,1185.0,1088.628060075141,96.3719399248589
2276,1169.0,1067.7673382598925,101.23266174010746
2279,1399.0,1202.8308129550542,196.16918704494583
2285,1160.0,1202.7576898629754,-42.75768986297544
2290,915.0,706.5524705666586,208.4475294333414
2291,1300.0,1107.4249348174783,192.5750651825217
2294,1340.0,1160.2193659092904,179.78063409070955
2317,793.0,714.6462897157753,78.35371028422469
2325,1036.0,966.5287025225012,69.47129747749875
2333,1305.0,1182.8789770259166,122.12102297408342
2335,840.0,1103.754990675748,-263.7549906757481
2336,1325.0,1081.3709368409616,243.62906315903842
2344,1246.0,1067.94108200522,178.0589179947799
2381,1165.0,1078.8456200806968,86.15437991930321
2383,1170.0,1091.520695635222,78.47930436477805
2406,950.0,669.0367371587611,280.96326284123893
2414,1270.0,1018.6725887010523,251.3274112989477
2421,1080.0,1130.8352903206676,-50.83529032066758
2428,964.0,1044.927247404827,-80.92724740482709
2433,992.0,1021.9368506959686,-29.936850695968587
2451,941.0,1061.2170884252844,-120.21708842528437
2454,1155.0,1079.3931435256425,75.60685647435753
2463,970.0,1058.0398089874095,-88.03980898740951
2476,1347.0,1212.363448741562,134.63655125843798
2482,1367.0,1143.5762563934798,223.42374360652025
2486,1288.0,1067.491211862483,220.50878813751706
2492,970.0,1054.313648361769,-84.31364836176908
2496,1160.0,1009.0497662419444,150.95023375805556
2503,1085.0,1121.5708265540788,-36.57082655407885
2507,1070.0,969.0989002681164,100.90109973188362
2510,1191.0,1090.954660742977,100.04533925702299
2513,1025.0,1192.463572381237,-167.4635723812371
2514,1325.0,1105.3892320352595,219.6107679647405
2515,1268.0,1224.3241781717047,43.675821828295284
2519,1040.0,743.7488054726043,296.2511945273957
2532,1147.0,1089.7152183313408,57.28478166865921
2540,820.0,720.0480690459932,99.9519309540068
2544,1343.0,1175.948748479184,167.0512515208161
2545,1390.0,1214.739905460616,175.260094539384
2555,1265.0,1187.278486242956,77.72151375704402
2557,800.0,936.8318194327503,-136.8318194327503
2559,1374.0,1112.377229086067,261.622770913933
2566,1340.0,1145.1063781368443,194.89362186315566
2571,1025.0,1102.4717419133785,-77.47174191337854
2602,770.0,647.5298292194609,122.47017078053909
2604,1340.0,1172.3725302374573,167.62746976254266
2609,1005.0,1100.187757793001,-95.18775779300108
2621,1152.0,1164.9721341270101,-12.972134127010122
2625,1195.0,1087.8409794766578,107.15902052334218
2648,1710.0,1245.2152375620985,464.78476243790146
2651,1160.0,1187.673286267503,-27.673286267503045
2667,1190.0,1081.0850073707434,108.91499262925663
2671,1230.0,1099.4874905637705,130.5125094362295
2677,1590.0,1239.2119009235018,350.78809907649816
2683,1110.0,1112.812820659352,-2.812820659351928
2694,1275.0,1200.8492353010165,74.1507646989835
2695,830.0,672.9634196750668,157.0365803249332
2714,1202.0,1101.013164772821,100.98683522717897
2718,1470.0,1143.9744922652344,326.0255077347656
2736,1250.0,1016.002924354899,233.99707564510095
2758,1290.0,1206.4033180991034,83.59668190089656
2764,964.0,989.0882574884988,-25.08825748849881
2765,1202.0,1049.1723121601578,152.82768783984216
2779,871.0,685.65136223084,185.34863776915995
2815,1052.0,1136.2338272359154,-84.23382723591544
2836,1515.0,1225.6864657829908,289.3135342170092
2852,1115.0,939.7378530882529,175.2621469117471
2865,1235.0,1256.9690796306204,-21.9690796306204
2872,941.0,1125.2221427656891,-184.2221427656891
2879,875.0,723.7246179979857,151.27538200201434
2880,770.0,663.8267447757756,106.17325522422436
2884,1675.0,1245.647134108659,429.352865891341
2885,1065.0,1084.6041810955999,-19.60418109559987
2892,1275.0,1232.470936085037,42.52906391496299
2913,1310.0,1199.8281772661549,110.17182273384515
2917,1290.0,1208.4871937550154,81.51280624498463
2941,987.0,713.7624765917046,273.2375234082954
2942,1132.0,720.9355620297479,411.06443797025213
2943,835.0,717.0621103634339,117.93788963656607
2946,675.0,665.1337541776172,9.86624582238278
2961,1400.0,1254.5451417428746,145.45485825712535
2965,1275.0,1161.7718763486037,113.22812365139634
2980,1420.0,1241.2206429888734,178.77935701112665
2993,1216.0,1114.6336713706637,101.3663286293363
3000,1570.0,1175.8607656885292,394.1392343114708
3001,1577.0,1202.8308129550542,374.16918704494583
3003,1195.0,1228.3168454741726,-33.316845474172624
3021,1330.0,1089.1442107526307,240.85578924736933
3039,1465.0,1146.8648252097448,318.1351747902552
3051,1125.0,1066.9670661306716,58.03293386932842
3055,760.0,663.9367139364933,96.06328606350667
3057,1555.0,1244.5753147015378,310.42468529846224
3070,1260.0,1158.8191791209767,101.18082087902326
3076,1475.0,1173.1740098456874,301.82599015431265
3079,1402.0,1247.9072571911447,154.0927428088553
3099,1149.0,1022.9273483430729,126.07265165692706
3128,608.0,622.4678230879463,-14.467823087946272
3180,1315.0,1229.6982894090224,85.30171059097756
3183,1372.0,1122.6171685621457,249.3828314378543
3187,1106.0,996.4764591983736,109.52354080162638
3194,1230.0,1070.5186249040246,159.4813750959754
3213,960.0,741.1903457234522,218.8096542765478
3226,1030.0,968.4868148526059,61.5131851473941
3229,1050.0,707.3791907589167,342.6208092410833
3242,1745.0,1289.2398885091743,455.7601114908257
3246,908.0,936.8318194327503,-28.831819432750308
3253,1395.0,1104.9704604794365,290.0295395205635
3259,1100.0,1051.3207491380354,48.67925086196465
3291,1124.0,1031.3207427554282,92.67925724457177
3298,1050.0,1077.4834665295155,-27.483466529515454
3323,725.0,601.2639410698182,123.7360589301818
3329,1400.0,1170.658515955558,229.34148404444204
3352,1176.0,992.8926513337102,183.1073486662898
3353,1505.0,1147.8872168583,357.1127831417
3374,1220.0,1198.0086438020883,21.991356197911728
3377,1333.0,1143.8310446049904,189.16895539500956
3381,1614.0,1236.5452690108268,377.4547309891732
3390,622.0,599.5456330855662,22.454366914433763
3408,1260.0,1174.1245058421125,85.87549415788749
3414,1200.0,1176.6239192029511,23.37608079704887
3431,1245.0,1051.6846884643014,193.31531153569858
3439,1215.0,1143.0015531537222,71.99844684627783
3451,960.0,956.549088056878,3.450911943122037
3455,1295.0,1094.7560549224236,200.24394507757643
3475,1135.0,1084.0423787157679,50.95762128423212
3481,981.0,1092.3521919006107,-111.3521919006107
3492,865.0,700.1151567460663,164.8848432539337
3531,991.0,981.049102418761,9.950897581239019
3539,1345.0,1222.048697137221,122.9513028627789
3572,1456.0,1206.0041918001561,249.99580819984385
3582,1550.0,1144.2324802152355,405.76751978476454
3610,1329.0,1104.9860966788274,224.01390332117262
3619,970.0,722.4638911438446,247.53610885615535
3632,1141.0,983.095748020549,157.90425197945103
3645,1320.0,1120.8460673182833,199.1539326817167
3650,1600.0,1067.6889489076812,532.3110510923188
3667,1235.0,1171.9775354257858,63.022464574214155
3677,1102.0,1042.332573828544,59.6674261714561
3685,1663.0,1291.0783077226129,371.92169227738714
3694,1135.0,1040.3143844403546,94.68561555964538
3695,795.0,701.8846174238003,93.11538257619975
3699,905.0,1018.0422689583283,-113.04226895832835
3705,997.0,1111.0551347398139,-114.05513473981387
3721,875.0,697.9524718402623,177.04752815973768
3743,1535.0,1221.223093733496,313.77690626650406
3771,1255.0,1259.924311109864,-4.924311109863993
3777,1380.0,1070.1109868108476,309.88901318915237
3797,1060.0,719.1580914383901,340.8419085616099
3810,1475.0,1237.4694748953045,237.53052510469547
3845,1150.0,1069.2493759077158,80.75062409228417
3855,1290.0,1065.4616559602732,224.53834403972678
3859,1457.0,1016.6936056863034,440.3063943136966
3863,1205.0,1137.9525721641833,67.04742783581673
3876,745.0,741.8377918021474,3.1622081978525785
3877,1100.0,1092.9835286367552,7.016471363244818
3879,666.0,633.7513048101083,32.24869518989169
3883,1050.0,981.6319110619904,68.36808893800958
3889,855.0,1104.5612219148782,-249.56122191487816
3903,1220.0,1100.8785858180408,119.12141418195915
3904,1275.0,1110.6919626141307,164.30803738586928
3911,775.0,635.2799255899364,139.7200744100636
3928,1035.0,983.3837871740466,51.616212825953426
3948,1485.0,1098.2601998206603,386.7398001793397
3975,1260.0,1208.5124769755737,51.48752302442631
3982,763.0,701.972486759984,61.02751324001599
3988,1340.0,976.1349161840677,363.8650838159323
4005,1100.0,1126.6061268406925,-26.60612684069247
4006,1430.0,1151.1929684490378,278.80703155096217
4009,1400.0,1117.8740802314276,282.12591976857243
4021,1360.0,1148.0322360158918,211.96776398410816
4068,1255.0,1101.5830698219,153.41693017810007
4076,1345.0,1126.1774617417545,218.82253825824546
4084,1350.0,1249.2873410951272,100.7126589048728
4088,726.0,668.2883749280397,57.71162507196027
4128,959.0,970.967742309563,-11.96774230956305
4130,685.0,713.891124596669,-28.891124596668988
4162,1136.0,1032.2412617281245,103.75873827187547
4164,1170.0,1071.817619720913,98.18238027908706
4165,1360.0,1123.9572747084023,236.04272529159766
4178,750.0,674.827878126146,75.17212187385405
4189,1200.0,1064.986630564419,135.0133694355809
4197,775.0,649.6243296189742,125.37567038102577
4203,1385.0,1200.1194047677975,184.8805952322025
4211,1020.0,1002.6899337726542,17.31006622734583
4224,1245.0,1145.2035789658019,99.79642103419815
4226,1265.0,1088.4162241904878,176.5837758095122
4227,1200.0,1115.1847106631913,84.81528933680875
4231,1356.0,1237.5269755309905,118.47302446900949
4243,990.0,1002.1194252884519,-12.119425288451907
4253,620.0,683.069693810794,-63.06969381079398
4284,1340.0,1106.362220245815,233.63777975418498
4286,1380.0,1155.561432942689,224.43856705731105
4330,1410.0,1199.8049116885727,210.1950883114273
4334,1195.0,985.073781231619,209.92621876838098
4337,1435.0,1181.7770615696302,253.22293843036982
4341,1750.0,1224.2610526372407,525.7389473627593
4358,861.0,717.4700759814378,143.52992401856216
4388,1400.0,1217.8368344105504,182.1631655894496
4395,1159.0,1003.3604368192423,155.6395631807577
4412,1400.0,1101.415338237035,298.58466176296497
4431,1070.0,1057.6896334032049,12.31036659679512
4462,1370.0,1117.0240289310725,252.9759710689275
4478,685.0,667.241739626002,17.75826037399804
4480,840.0,998.6680264062118,-158.66802640621177
4496,751.0,688.3144648372928,62.6855351627072
4508,1289.0,1143.8194049215933,145.18059507840667
4510,620.0,565.8215235251865,54.178476474813465
4515,1275.0,1235.8783743195036,39.121625680496436
4525,995.0,936.05738922186,58.942610778139965
4584,904.0,1019.4993277687189,-115.4993277687189
4611,1265.0,1186.8686809940605,78.13131900593953
4614,810.0,736.9104389819664,73.08956101803358
4619,1230.0,1198.9257682764082,31.074231723591765
4622,885.0,1018.8456366853876,-133.8456366853876
4637,1485.0,1233.2952712181843,251.70472878181567
4660,1347.0,1006.9225314396285,340.07746856037147
4661,975.0,1045.2537586475103,-70.25375864751027
4692,1240.0,1104.5460672515565,135.45393274844355
4702,1224.0,1002.9476757920426,221.05232420795744
4708,1075.0,1238.6945513636808,-163.69455136368083
4714,917.0,731.1551705078318,185.84482949216817
4726,1425.0,1219.2529489988542,205.7470510011458
4733,1265.0,1122.0363452145177,142.96365478548228
4742,1470.0,1270.5132070273803,199.4867929726197
4743,1069.0,1131.3049767821376,-62.3049767821376
4766,945.0,1045.5974484347387,-100.59744843473868
4774,1320.0,1209.9354070312659,110.06459296873413
4784,1500.0,1186.764333518257,313.235666481743
4799,760.0,635.3784121363781,124.62158786362193
4806,1441.0,1168.00029083355,272.99970916645
4812,1689.0,1142.9268230884256,546.0731769115744
4815,1525.0,1269.79161759418,255.20838240581998
4820,1494.0,1196.6987717843272,297.30122821567284
4827,1275.0,1012.921328044377,262.078671955623
4831,1145.0,990.9634962848374,154.03650371516255
4833,1365.0,1105.1065619107885,259.8934380892115
4840,1045.0,1090.5972331287603,-45.59723312876031
4842,1625.0,1181.7475155309655,443.25248446903447
4843,816.0,647.375299200099,168.624700799901
4855,1380.0,1225.09250979515,154.9074902048501
4865,795.0,729.4846072552477,65.51539274475226
4874,1045.0,1125.286172632573,-80.28617263257297
4884,1472.0,1177.9424626570951,294.0575373429049
4894,1270.0,1238.0365319438047,31.963468056195325
4902,1420.0,1236.1353299770856,183.86467002291442
4917,1515.0,1184.7825914731716,330.2174085268284
4920,1325.0,1229.7707020213775,95.22929797862253
4928,930.0,1026.218025105092,-96.21802510509201
4956,680.0,666.432544932036,13.567455067964033
4966,1390.0,1156.8240004760842,233.17599952391583
4977,860.0,980.0894936429488,-120.08949364294881
4984,1025.0,1126.0932493841763,-101.09324938417626
4990,870.0,957.3591074032348,-87.35910740323482
5007,1235.0,1179.9029888925625,55.09701110743754
5018,1150.0,1018.2244988334529,131.7755011665471
5022,1370.0,1259.029909804824,110.970090195176
5042,695.0,670.8827421634527,24.11725783654731
5070,1290.0,1162.0740464450603,127.92595355493972
5078,1115.0,1181.565960756343,-66.56596075634297
5088,814.0,729.5320307617231,84.46796923827685
5091,1160.0,1095.6435014654837,64.35649853451628
5100,1218.0,1041.9820853880715,176.01791461192852
5145,1390.0,1175.0790717567447,214.92092824325528
5156,950.0,1245.8482070657235,-295.8482070657235
5185,1370.0,1163.6927534662857,206.3072465337143
5216,856.0,941.9977248019507,-85.99772480195065
5219,1036.0,1239.6262942908484,-203.62629429084836
5224,1213.0,1248.0710234510134,-35.07102345101339
5229,1415.0,1101.6313734933274,313.3686265066726
5233,942.0,948.5535919390169,-6.553591939016883
5240,1249.0,1124.5293508045995,124.47064919540048
5254,1346.0,1226.5149449013584,119.48505509864162
5283,690.0,703.8284624915176,-13.828462491517598
5287,1380.0,1189.6071975731384,190.39280242686164
5288,920.0,697.4219945683965,222.57800543160351
5315,1245.0,1194.8806460853407,50.119353914659314
5320,1180.0,1130.4915884348252,49.50841156517481
5349,1125.0,1165.4136979896598,-40.413697989659795
5350,1179.0,1192.5568257458735,-13.556825745873539
5402,1367.0,1228.7224862916803,138.2775137083197
5407,1023.0,1078.7493994292124,-55.74939942921242
5410,1485.0,1174.5488204829232,310.45117951707675
5412,1090.0,999.8567141502521,90.14328584974794
5433,1100.0,1143.9813128958112,-43.98131289581124
5435,846.0,687.40319410371,158.59680589629
5441,836.0,679.2457927673079,156.75420723269212
5458,1515.0,1083.3875579957848,431.61244200421515
5461,1440.0,1152.7177836081441,287.28221639185585
5462,1268.0,1114.5748645473668,153.42513545263319
5471,1340.0,1162.4900974823522,177.5099025176478
5502,925.0,1116.9121791601083,-191.91217916010828
5511,1086.0,1059.5042347874025,26.495765212597462
5519,1128.0,1193.2712500706734,-65.27125007067343
5522,960.0,1040.5865566917994,-80.58655669179939
5528,1145.0,1060.369350162474,84.63064983752611
5539,1300.0,1051.1523124610285,248.8476875389715
5542,1080.0,711.1794998342431,368.8205001657569
5550,1580.0,1189.3802696036964,390.61973039630357
5554,1230.0,1146.8648252097448,83.13517479025518
5563,1150.0,1084.1023009679266,65.89769903207343
5570,1000.0,1048.804515637575,-48.80451563757492
5579,1200.0,1003.4437233651474,196.55627663485257
5588,1515.0,1112.543349140792,402.4566508592079
5605,612.0,643.426142330201,-31.426142330200946
5617,1310.0,1115.5155393506864,194.48446064931363
5618,1220.0,1161.4744449355671,58.525555064432865
5623,905.0,697.8216970292992,207.17830297070077
5625,1190.0,1109.3394887217817,80.66051127821834
5632,1290.0,1157.0129967588127,132.98700324118727
5637,1125.0,1078.9439502660102,46.05604973398977
5661,1020.0,733.0559439572091,286.94405604279086
5673,820.0,730.9971198607014,89.00288013929855
5686,1240.0,1074.2482976200802,165.75170237991983
5688,1306.0,1003.0169584396558,302.9830415603442
5699,1140.0,1006.792552412114,133.207447587886
5730,1342.0,1211.773795564168,130.22620443583196
5735,1427.0,1226.9290319560816,200.07096804391836
5755,723.0,632.1679591145897,90.83204088541027
5765,1685.0,744.8362898568115,940.1637101431885
5779,720.0,650.8105428047434,69.18945719525664
5789,745.0,626.1673223876344,118.83267761236561
5792,1060.0,1106.1766128016334,-46.17661280163338
5800,1540.0,1254.3471399588625,285.6528600411375
5809,1349.0,1182.8904126303817,166.10958736961834
5823,885.0,674.6164912663329,210.3835087336671
5825,970.0,682.1589714990421,287.8410285009579
5839,1195.0,1208.9493475946351,-13.949347594635128
5846,1005.0,1029.652335401737,-24.65233540173699
5853,745.0,723.011192727294,21.988807272706026
5858,1290.0,1142.3380039046945,147.66199609530554
5859,1340.0,1186.251624234141,153.748375765859
5899,835.0,734.3081602894401,100.69183971055986
5909,830.0,657.2306884198551,172.76931158014486
5916,1275.0,1153.5368452941916,121.46315470580839
5918,690.0,687.8928795460274,2.107120453972584
5922,915.0,1103.754990675748,-188.7549906757481
5941,1260.0,1214.1740274671445,45.82597253285553
5943,725.0,664.5756743464866,60.42432565351339
5979,980.0,1136.578632172376,-156.57863217237605
5995,1190.0,1168.5284001473992,21.471599852600775
6007,1298.0,1220.334978132112,77.66502186788807
6011,740.0,587.0660931128341,152.9339068871659
6033,680.0,695.1801945794281,-15.180194579428075
6044,1220.0,1151.5566988835815,68.44330111641852
6045,635.0,684.0878503350376,-49.087850335037615
6046,1325.0,1214.4802912682628,110.51970873173718
6057,1110.0,1110.870016629478,-0.8700166294779592
6068,1005.0,1124.0282913738627,-119.02829137386266
6099,1370.0,1183.7401328653932,186.2598671346068
6102,1505.0,1263.7856790291091,241.21432097089087
6112,635.0,593.5962338892947,41.403766110705305
6119,1305.0,1090.471650504633,214.5283494953669
6127,1230.0,1073.5824790430286,156.41752095697143
6133,1140.0,1109.9688352755597,30.03116472444026
6139,970.0,734.6802037431657,235.31979625683425
6140,1110.0,1094.9174949278809,15.082505072119147
6165,1390.0,1200.3017070400647,189.69829295993532
6166,1205.0,1042.9485595679446,162.05144043205541
6180,723.0,689.0975688462447,33.90243115375529
6188,1357.0,1084.0050076281257,272.99499237187433
6198,1035.0,1047.614999504072,-12.614999504072102
6247,811.0,662.0465934669477,148.95340653305232
6282,742.0,645.0535070155462,96.94649298445381
6294,1275.0,1213.4058272320058,61.59417276799422
6303,1310.0,1221.9630522891366,88.03694771086339
6311,1220.0,1174.1689353806776,45.83106461932243
6317,873.0,679.6494446090836,193.35055539091638
6323,1000.0,1194.4432588588409,-194.44325885884086
6339,640.0,623.862453857709,16.137546142290944
6376,970.0,1172.0542583110873,-202.05425831108732
6377,1190.0,1235.93630670175,-45.93630670175003
6408,1300.0,1188.7786587445107,111.22134125548928
6418,1125.0,1011.8784419556932,113.12155804430677
6427,835.0,724.2545772242623,110.74542277573767
6429,1190.0,1049.0009511513088,140.99904884869125
6449,1560.0,1250.1358983294915,309.8641016705085
6453,700.0,722.8156349824858,-22.81563498248579
6462,960.0,984.6440742353049,-24.644074235304856
6467,1300.0,1221.6678990352466,78.33210096475341
6481,1475.0,1245.6838504489485,229.31614955105147
6494,1341.0,1109.7921401804776,231.20785981952235
6509,648.0,634.5895702080825,13.410429791917522
6517,1280.0,1255.616274222034,24.383725777965992
6527,1240.0,1256.5018337283839,-16.501833728383872
6530,925.0,684.1154408800863,240.88455911991366
6534,1085.0,1024.075391722854,60.924608277146035
6568,1470.0,1223.0847665153651,246.91523348463488
6572,1505.0,1099.0503155359856,405.94968446401435
6583,1370.0,1244.0591278244176,125.9408721755824
6596,1389.0,987.8117707748617,401.18822922513834
6597,1200.0,1105.5113306932792,94.4886693067208
6599,1075.0,1145.7796375989317,-70.77963759893169
6603,1531.0,1194.3146179764594,336.68538202354057
6606,1305.0,1110.85833160864,194.1416683913601
6614,1100.0,1003.1445138683849,96.85548613161507
6616,1162.0,1117.894656517262,44.10534348273791
6619,1560.0,1234.280250437376,325.719749562624
6620,1160.0,1050.6945148851619,109.30548511483812
6644,1054.0,992.0186134272273,61.98138657277275
6659,967.0,719.4754760054416,247.52452399455842
6660,1032.0,979.0257238346629,52.97427616533707
6666,1350.0,1159.483768905499,190.5162310945011
6670,1226.0,1166.4037942456248,59.596205754375205
6674,1158.0,1015.4215903337613,142.5784096662387
6689,701.0,648.1417103414318,52.8582896585682
6690,770.0,662.3587912339286,107.64120876607137
6718,1515.0,1182.9619362165927,332.0380637834073
6719,1260.0,1030.6653004168195,229.3346995831805
6737,700.0,646.055134883713,53.94486511628702
6740,1320.0,1154.3058295927628,165.69417040723715
6741,1283.0,1110.2572989950013,172.7427010049987
6759,1080.0,1015.3239929872844,64.67600701271556
6761,983.0,951.5857915235264,31.41420847647362
6763,675.0,710.2845877828278,-35.28458778282777
6768,1210.0,1202.3636868071787,7.636313192821262
6773,1223.0,1088.5260164870147,134.47398351298534
6779,1477.0,1015.2906585962259,461.70934140377415
6783,1133.0,1079.816905438635,53.183094561364896
6787,1140.0,1071.5083760024097,68.4916239975903
6800,1505.0,1234.5563549757562,270.4436450242438
6809,1455.0,1251.6075961006275,203.39240389937254
6817,1135.0,1086.397941975678,48.602058024322105
6821,1060.0,733.016171195501,326.983828804499
6832,1305.0,1231.364076984227,73.63592301577296
6848,1205.0,1021.55236976545,183.44763023455005
6885,1350.0,1115.4860827547604,234.51391724523955
6892,1415.0,1101.1425214432452,313.8574785567548
6894,1260.0,1263.428094529703,-3.428094529703003
6904,1360.0,1149.9833083406475,210.01669165935255
6907,1370.0,1232.1724839399199,137.82751606008014
6923,1259.0,1047.8001067788894,211.19989322111064
6982,1342.0,1134.8860372962577,207.11396270374235
7004,1380.0,1243.035848463916,136.96415153608405
7021,1125.0,1128.8408478453694,-3.8408478453693533
7027,1265.0,1123.3437960219455,141.65620397805446
7028,1265.0,1166.918393403407,98.08160659659302
7033,605.0,545.5064520822235,59.49354791777648
7039,1246.0,1184.5175482521645,61.48245174783551
7042,1470.0,1244.4309958771132,225.56900412288678
7053,1202.0,1085.619861614427,116.38013838557299
7064,1160.0,1149.6688216100356,10.331178389964407
7080,790.0,908.8743622269014,-118.87436222690144
7091,840.0,696.7454114163256,143.25458858367438
7092,943.0,930.0693692509273,12.930630749072748
7096,1455.0,1209.1302227746803,245.8697772253197
7098,695.0,610.7215172825311,84.27848271746893
7114,1058.0,1041.9097474999276,16.090252500072438
7120,922.0,659.5655692097515,262.4344307902485
7122,803.0,721.2595601869518,81.74043981304817
7126,1585.0,1268.0064255678499,316.9935744321501
7128,1290.0,1239.9265478706764,50.07345212932364
7140,665.0,653.8438439078981,11.156156092101924
7157,890.0,700.99762282545,189.00237717455002
7160,1025.0,716.2319168368101,308.7680831631899
7196,700.0,679.9465489608613,20.053451039138736
7211,1005.0,995.8493631411757,9.150636858824328
7227,690.0,610.7703165716512,79.22968342834884
7278,562.0,592.6485495298722,-30.648549529872184
7287,952.0,672.3892238167641,279.6107761832359
7305,1257.0,1171.8503473246044,85.1496526753956
7307,740.0,668.3407870558344,71.65921294416557
7323,1632.0,1067.5620529211735,564.4379470788265
7331,1124.0,1129.4320071365241,-5.432007136524135
7337,830.0,650.7255843576634,179.27441564233663
7338,1080.0,1052.8089428132846,27.191057186715398
7354,1285.0,1114.4845395313373,170.5154604686627
7365,540.0,661.9188446491432,-121.91884464914324
7382,1660.0,1166.9285515896431,493.0714484103569
7459,1113.0,1084.1327431127825,28.867256887217536
7474,750.0,689.8276220455301,60.17237795446988
7477,1396.0,1167.5224945033037,228.47750549669627
7478,944.0,669.8518227074259,274.14817729257413
7488,1300.0,1125.0479953938518,174.9520046061482
7528,624.0,580.8302169827058,43.16978301729421
7542,621.0,687.8963069531828,-66.89630695318283
7550,1362.0,1156.3321173982208,205.66788260177918
7563,975.0,1058.7509525083628,-83.75095250836284
7567,1965.0,1184.0723276224778,780.9276723775222
7571,1237.0,931.4848312709463,305.5151687290537
7572,699.0,675.6021975145711,23.397802485428883
7574,1297.0,1190.1724951983772,106.82750480162281
7581,1480.0,1278.0030798320508,201.99692016794916
7582,1478.0,1055.3438726731356,422.6561273268644
7583,1195.0,1067.1000380883372,127.89996191166279
7588,1261.0,1130.5944786339853,130.40552136601468
7600,539.0,607.4548435748143,-68.45484357481428
7602,779.0,708.9289060590766,70.07109394092345
7604,745.0,631.5166549532754,113.4833450467246
7605,1300.0,1086.948386757179,213.05161324282108
7616,755.0,735.0839137698538,19.91608623014622
7622,1220.0,1253.7312839011531,-33.73128390115312
7633,1225.0,1090.740055200835,134.25994479916494
7643,1260.0,1163.1893646220954,96.81063537790465
7661,1090.0,1118.368776330203,-28.36877633020299
7669,795.0,724.8132821104206,70.18671788957943
7674,1444.0,1003.6633059506214,440.3366940493786
7676,1325.0,1088.6242003458308,236.3757996541692
7678,1200.0,1205.9167930064787,-5.916793006478656
7688,815.0,718.0610583023251,96.93894169767486
7691,953.0,682.840571083934,270.15942891606596
7743,1292.0,1227.6829406507522,64.31705934924776
7746,1105.0,1000.957248898487,104.04275110151298
7759,1135.0,1067.1061731876978,67.89382681230222
7775,760.0,987.4109657298657,-227.41096572986567
7784,1050.0,1110.6556434601798,-60.65564346017982
7795,745.0,670.203614944074,74.79638505592595
7818,1455.0,1226.8030438584403,228.19695614155967
7822,1510.0,1245.7431473712204,264.2568526287796
7868,988.0,1037.4286548298794,-49.428654829879406
7871,849.0,677.7531471895486,171.2468528104514
7887,1147.0,987.4270097420075,159.5729902579925
7889,1286.0,1166.897550793422,119.10244920657806
7901,1465.0,1217.2399567304335,247.7600432695665
7909,1453.0,1234.2233796367307,218.77662036326933
7923,1358.0,1120.681390788213,237.3186092117869
7926,1285.0,1163.9373028821115,121.06269711788855
7930,1375.0,1168.8843267542832,206.11567324571683
7942,760.0,675.184012179981,84.81598782001902
7946,1160.0,1204.12122313213,-44.1212231321299
7980,695.0,650.1348087396841,44.865191260315896
8031,1110.0,1074.4398917210156,35.560108278984444
8033,1405.0,1052.9692713322775,352.03072866772254
8045,1515.0,1189.454058112903,325.5459418870969
8061,1085.0,1042.9635645228182,42.03643547718184
8073,1110.0,1103.449588222802,6.550411777197951
8079,670.0,634.4785774006023,35.52142259939774
8118,593.0,701.1282942958954,-108.12829429589544
8124,1030.0,1031.276445442085,-1.2764454420851052
8132,1246.0,995.0343787806472,250.96562121935278
8138,873.0,724.1602797782456,148.83972022175442
8146,1155.0,1165.8044026822088,-10.804402682208774
8170,538.0,671.1453383761016,-133.14533837610156
8173,1200.0,1017.0741107720601,182.92588922793993
8186,1150.0,1110.576672715376,39.423327284624065
8188,1335.0,1208.72266688971,126.2773331102901
8190,1495.0,1234.869271720929,260.13072827907104
8191,1485.0,1173.3410619458891,311.6589380541109
8192,135.0,1098.5799942041099,-963.5799942041099
8197,1065.0,1026.3311990662294,38.668800933770626
8204,1005.0,1141.1897949789793,-136.1897949789793
8209,1360.0,1141.0142160282132,218.98578397178676
8212,1250.0,1151.2958610948306,98.70413890516943
8214,1018.0,1094.1137041221252,-76.11370412212523
8219,1190.0,1043.5206374674735,146.47936253252647
8228,1240.0,1211.6592742424016,28.34072575759842
8230,1355.0,1099.1743897432148,255.82561025678524
8239,1290.0,1028.0903015867525,261.9096984132475
8241,1120.0,966.791200152788,153.20879984721205
8244,790.0,684.9272368690138,105.07276313098623
8255,1220.0,1091.751816484156,128.24818351584395
8269,970.0,1248.2934421119012,-278.2934421119012
8290,850.0,642.954817216995,207.04518278300498
8301,1300.0,1091.5715420385009,208.42845796149913
8308,1025.0,1000.1106707655246,24.88932923447544
8309,1080.0,1237.7191681780773,-157.71916817807733
8321,1400.0,1215.901202306795,184.09879769320492
8342,995.0,662.7284404400674,332.2715595599326
8373,1375.0,1209.251896994262,165.7481030057379
8381,937.0,940.1360273186538,-3.1360273186537597
8385,1555.0,1298.1628799210707,256.8371200789293
8403,1180.0,1170.8014565269798,9.198543473020209
8420,1030.0,1081.3433231938177,-51.343323193817696
8431,1147.0,967.6864550660164,179.31354493398362
8445,1380.0,1259.9836947011013,120.01630529889871
8463,915.0,661.9759227560972,253.02407724390275
8468,587.0,646.0124664918781,-59.01246649187806
8470,925.0,701.7862386764725,223.21376132352748
8472,515.0,635.1320014045182,-120.13200140451818
8485,1698.0,1242.3756938236056,455.6243061763944
8488,1150.0,1143.9385631564628,6.061436843537194
8496,1480.0,1187.3695874559153,292.6304125440847
8511,514.0,586.173184308919,-72.17318430891896
8537,765.0,714.402761719119,50.597238280881015
8560,1110.0,962.2924307672433,147.70756923275667
8571,1270.0,1054.214145417472,215.78585458252792
8573,1240.0,1129.2496370615095,110.75036293849053
8588,1120.0,982.7512306697187,137.24876933028133
8594,1095.0,1222.991097275638,-127.99109727563791
8614,805.0,971.6710305932487,-166.6710305932487
8618,820.0,609.2626362295017,210.7373637704983
8643,1250.0,1196.8860464794204,53.11395352057957
8655,701.0,589.4884193400507,111.51158065994935
8657,1400.0,1079.552227443691,320.447772556309
8662,1060.0,1021.2011652196395,38.798834780360494
8668,1372.0,1118.1967760610103,253.80322393898973
8676,770.0,690.6998826537433,79.30011734625668
8687,1185.0,1237.5423907169388,-52.542390716938826
8690,1632.0,1200.2109792919157,431.7890207080843
8700,1356.0,1243.2294752289358,112.77052477106417
8720,1130.0,1144.1235188036924,-14.123518803692377
8739,1185.0,1071.1024125135532,113.89758748644681
8757,1350.0,1169.2093519051714,180.7906480948286
8776,765.0,694.5345072945112,70.46549270548883
8796,1312.0,1092.7828174105682,219.2171825894318
8797,1546.0,1151.2048483729998,394.7951516270002
8803,1450.0,1128.095756047283,321.904243952717
8815,1135.0,1187.6372111186786,-52.63721111867858
8826,1209.0,1076.6819069751182,132.31809302488182
8828,849.0,640.4436388688367,208.55636113116327
8833,1047.0,978.9936258997517,68.00637410024831
8835,695.0,644.1350379818181,50.86496201818193
8847,931.0,717.7897195939311,213.21028040606893
8860,1080.0,1074.1276386366972,5.8723613633028435
8861,1411.0,1164.1446714055699,246.85532859443015
8867,1174.0,1233.239903501535,-59.23990350153508
8873,1290.0,1090.5634214190607,199.43657858093934
8875,623.0,643.1611477300423,-20.16114773004233
8877,1103.0,1156.5290323221566,-53.52903232215658
8878,1067.0,1002.527034678079,64.47296532192104
8883,1005.0,1048.997416298179,-43.997416298178905
8896,1550.0,1250.2224516228614,299.7775483771386
8949,1338.0,1054.602060036448,283.39793996355206
8952,730.0,1216.351275121547,-486.3512751215469
8963,1110.0,965.0620245805742,144.9379754194258
8966,878.0,1051.4195154701122,-173.41951547011217
8976,1545.0,1190.024905461573,354.9750945384269
8981,1225.0,1197.8164189825814,27.183581017418646
8984,1250.0,1102.8162642172063,147.18373578279375
8996,1558.0,1155.172115188563,402.8278848114369
9017,830.0,685.8584780043284,144.1415219956716
9051,990.0,1159.6180200080482,-169.61802000804823
9052,1268.0,1008.3324247720168,259.6675752279832
9099,1160.0,1082.5770773004597,77.42292269954032
9101,1210.0,1027.425827127312,182.574172872688
9103,1030.0,1031.5434093177414,-1.543409317741407
9117,1295.0,1101.592025122572,193.40797487742793
9120,1545.0,1200.5524764868082,344.44752351319175
9145,977.0,1137.963595246404,-160.9635952464041
9151,870.0,700.6177635824693,169.38223641753075
9166,970.0,1019.4441772671116,-49.44417726711163
9173,1195.0,1039.023606025985,155.97639397401508
9192,1070.0,1122.889315869399,-52.88931586939907
9197,1282.0,1132.5050047616066,149.49499523839336
9211,1030.0,1138.7076240708504,-108.70762407085044
9233,1360.0,1101.0390843112518,258.9609156887482
9234,789.0,676.7660107835421,112.23398921645787
9301,1220.0,1245.485439387501,-25.485439387500946
9333,710.0,612.8592269803657,97.14077301963425
9350,935.0,661.8670399385938,273.13296006140615
9372,1210.0,1099.7841510511084,110.21584894889156
9377,1334.0,1149.6510831878127,184.34891681218733
9390,1385.0,1206.1722489155038,178.82775108449619
9411,805.0,691.3668544880829,113.63314551191706
9421,1212.0,1133.593541048431,78.406458951569
9474,733.0,703.4851035246597,29.514896475340265
9505,1545.0,1131.2767374462562,413.7232625537438
9521,1286.0,1227.2156075449439,58.78439245505615
9529,582.0,707.6024852138343,-125.60248521383426
9535,1390.0,1055.5087817481924,334.4912182518076
9541,1385.0,1138.987585518953,246.01241448104702
9573,1415.0,1097.1420056352194,317.85799436478055
9583,1102.0,1050.7550597030938,51.24494029690618
9587,1213.0,968.3786562676631,244.62134373233687
9588,841.0,693.7502375748644,147.2497624251356
9624,960.0,665.5243847216689,294.47561527833113
9625,1190.0,1086.8658039725788,103.13419602742124
9637,1110.0,1092.9903255255929,17.00967447440712
9647,1210.0,1223.5118657018609,-13.51186570186087
9649,1180.0,1202.2480095201668,-22.24800952016676
9655,1175.0,1019.6896443553342,155.31035564466583
9660,1245.0,970.9666190617754,274.0333809382246
9663,1136.0,1108.4152191777202,27.584780822279754
9666,980.0,712.2615688400203,267.73843115997965
9667,1210.0,1020.3906925694433,189.60930743055667
9680,770.0,619.515292143346,150.48470785665404
9692,1540.0,1251.0354024013513,288.96459759864865
9699,981.0,956.1521203628683,24.847879637131655
9713,675.0,607.8817565982288,67.11824340177122
9717,621.0,617.8287821231821,3.1712178768178774
9722,1323.0,1124.003153122127,198.99684687787294
9738,775.0,661.5509924407475,113.44900755925255
9748,1040.0,750.9163005813721,289.08369941862793
9764,1602.0,1130.1415648948982,471.85843510510176
9873,1410.0,1232.7992964303248,177.20070356967517
9879,1036.0,1145.3328254629669,-109.33282546296687
9885,832.0,691.5390859124096,140.46091408759037
9890,1220.0,1156.4374926658672,63.56250733413276
9893,725.0,611.4425405864001,113.55745941359987
9903,1411.0,1205.9032047747414,205.09679522525857
9916,1121.0,996.6243571179656,124.37564288203441
9922,730.0,701.321572451508,28.67842754849198
9930,1290.0,1188.4357960959048,101.56420390409517
9931,1310.0,1179.864356464698,130.13564353530205
9954,1425.0,1196.2792260550275,228.7207739449725
9972,1040.0,1097.4426865722803,-57.44268657228031
9981,1362.0,1064.942273500671,297.05772649932896
9984,1535.0,1156.3503680988,378.6496319012001
9987,1275.0,1189.3802696036964,85.61973039630357
9993,838.0,735.3451035147006,102.65489648529945
10019,1250.0,1053.9999753279353,196.00002467206468
10029,1230.0,1102.528614408256,127.47138559174391
10037,1010.0,964.8763690970741,45.123630902925925
10057,870.0,679.7112003947587,190.28879960524125
10078,723.0,670.4696497201895,52.53035027981048
10091,1625.0,1104.7849025311803,520.2150974688197
10092,970.0,989.1494352309634,-19.149435230963377
10093,785.0,1124.7165543366793,-339.71655433667934
10120,1175.0,1101.7315941421025,73.2684058578975
10128,1365.0,1210.6244598095325,154.37554019046752
10130,1160.0,1150.948984130765,9.051015869235016
10134,1535.0,1181.6165040570545,353.3834959429455
10144,675.0,647.2226986386868,27.77730136131322
10171,1300.0,1167.9337833352342,132.06621666476576
10188,795.0,718.9103610609191,76.08963893908094
10201,1330.0,1104.6560795887583,225.3439204112417
10203,1465.0,1209.324404478435,255.6755955215649
10208,1440.0,1226.4799197865034,213.5200802134966
10217,1120.0,986.8926476454062,133.1073523545938
10236,1210.0,1003.0169584396558,206.9830415603442
10243,1160.0,1035.5581828660183,124.44181713398166
10244,1170.0,1076.4711081774803,93.52889182251965
10266,1460.0,1230.6009002679907,229.3990997320093
10279,621.0,626.8222188952524,-5.822218895252377
10293,1225.0,1186.9892356305024,38.010764369497565
10297,1320.0,1212.2772597323774,107.72274026762261
10299,1435.0,1179.9567489259146,255.04325107408545
10313,1515.0,1243.6813424131133,271.31865758688673
10316,635.0,673.5061204496834,-38.50612044968341
10323,895.0,681.7797910150107,213.2202089849893
10358,1060.0,1150.548731595143,-90.54873159514295
10379,1220.0,1099.3043081235594,120.6956918764406
10381,780.0,699.0918468315936,80.90815316840644
10396,945.0,715.3485817351481,229.65141826485194
10456,1130.0,1082.5392129461259,47.46078705387413
10472,900.0,954.393083812745,-54.393083812744976
10477,820.0,655.3484659305714,164.65153406942864
10482,1250.0,1169.8343872861822,80.16561271381784
10488,1085.0,1166.2748308322805,-81.27483083228049
10500,1200.0,1118.2072373462752,81.79276265372482
10505,1046.0,1013.9238932857561,32.076106714243906
10563,1385.0,1191.6248589335707,193.37514106642925
10574,705.0,649.6203210880715,55.37967891192852
10614,955.0,732.21622325512,222.78377674488002
10617,1157.0,1067.3187316086392,89.68126839136085
10632,1195.0,1120.0016597231438,74.9983402768562
10653,1165.0,1125.0426636779655,39.95733632203451
10655,1285.0,1058.7978866025712,226.20211339742877
10661,1040.0,1047.9026454478474,-7.9026454478473624
10684,876.0,576.2405011922399,299.7594988077601
10706,1290.0,1225.9756669869673,64.02433301303267
10754,1050.0,987.9902163716266,62.009783628373384
10773,1180.0,1052.6101816669723,127.38981833302773
10780,1107.0,983.5766420174928,123.42335798250724
10805,1224.0,1026.959383708664,197.04061629133594
10806,1202.0,1128.4347356812477,73.56526431875227
10819,790.0,675.2984834142821,114.70151658571785
10824,1202.0,948.0952433426969,253.9047566573031
10830,1190.0,1049.1723121601578,140.82768783984216
10840,558.0,1059.943586767512,-501.943586767512
10844,1168.0,1005.0236655140454,162.97633448595457
10856,910.0,1187.8101932191787,-277.8101932191787
10858,1045.0,1038.7381904247013,6.261809575298685
10866,1014.0,1047.7399603230594,-33.73996032305945
10878,1231.0,1138.3120097844512,92.68799021554878
10883,1345.0,1184.6077541369302,160.39224586306977
10886,975.0,704.6266808313289,270.37331916867106
10908,1300.0,1171.0630017667565,128.93699823324346
10923,1180.0,1209.351446725015,-29.351446725014966
10926,1175.0,1111.473465680459,63.52653431954104
10928,909.0,1098.6339542815567,-189.63395428155673
10956,1135.0,1066.1693615401744,68.83063845982565
10988,1025.0,1039.4372071370847,-14.43720713708467
10994,736.0,637.9902516193955,98.00974838060449
10998,1350.0,1005.5177144327578,344.48228556724223
11046,860.0,663.3043237232231,196.6956762767769
11053,1250.0,1080.7896457936163,169.21035420638373
11054,1047.0,1010.5191268737653,36.480873126234656
11074,1310.0,1181.174821136247,128.82517886375308
11076,1285.0,1149.2475475883632,135.7524524116368
11087,1350.0,1130.7734226471011,219.22657735289886
11094,931.0,719.4360963226693,211.5639036773307
11098,1490.0,1139.7113930059675,350.28860699403253
11134,1360.0,1163.556660226836,196.4433397731641
11136,1020.0,1097.5174639053876,-77.51746390538756
11167,1245.0,1039.593574732508,205.40642526749207
11169,500.0,627.7818836347387,-127.78188363473873
11171,1040.0,1100.778344326876,-60.778344326876095
11186,1340.0,1145.607773730206,194.39222626979404
11203,1175.0,1165.9415698833689,9.058430116631143
11212,985.0,721.4420076666548,263.55799233334517
11214,1300.0,1017.1212295436678,282.8787704563322
11234,1235.0,1250.9279396085801,-15.927939608580118
11236,1460.0,1155.8359907082502,304.16400929174984
11240,1120.0,1023.5667193086433,96.43328069135669
11260,1360.0,1156.7329522661682,203.26704773383176
11264,1310.0,1207.3887393330838,102.61126066691622
11269,992.0,1073.9158938507135,-81.91589385071347
11274,1205.0,740.233525224203,464.76647477579695
11277,1380.0,1133.8106047157285,246.18939528427154
11279,1040.0,689.9270228597061,350.0729771402939
11326,1130.0,1203.6266296879382,-73.62662968793825
11332,1280.0,1159.7605698034433,120.23943019655667
11339,545.0,665.7518141597459,-120.75181415974589
11346,1180.0,1123.387353665076,56.612646334923966
11350,1275.0,1175.652693457456,99.34730654254395
11358,880.0,711.2341246333173,168.76587536668274
11360,710.0,721.9363125622267,-11.936312562226703
11364,650.0,637.57517272218,12.424827277819986
11387,700.0,623.3783874017223,76.6216125982777
11415,1465.0,1208.4721866672578,256.5278133327422
11438,1080.0,1141.1327805002206,-61.13278050022063
11440,985.0,1212.5722231104123,-227.57222311041232
11463,1085.0,1019.7243097838615,65.27569021613851
11469,1250.0,1125.8005580201723,124.19944197982772
11489,1300.0,1147.3248585375559,152.67514146244412
11490,1220.0,1105.6036757194752,114.39632428052482
11518,1317.0,1097.3228388126456,219.6771611873544
11546,807.0,758.2372070065312,48.76279299346879
11549,1660.0,1192.3263581168721,467.67364188312786
11557,1100.0,1087.894155840417,12.105844159583057
11578,530.0,621.9812724003167,-91.9812724003167
11584,1270.0,1143.5350015090025,126.46499849099746
11586,1350.0,1210.0690644147207,139.93093558527926
11590,1080.0,1220.782459894793,-140.78245989479296
11598,1305.0,1129.1012731359715,175.8987268640285
11611,1150.0,1050.4327795135976,99.56722048640245
11623,1430.0,1184.0979015084722,245.9020984915278
11627,820.0,687.5575988216344,132.44240117836557
11632,1210.0,1240.5390375659385,-30.539037565938543
11652,1315.0,1195.3851450298982,119.61485497010176
11654,1480.0,1232.450749721012,247.54925027898798
11661,1320.0,1112.2003144678224,207.7996855321776
11667,1170.0,1114.0751952606909,55.92480473930914
11672,1520.0,1228.0074820214656,291.99251797853435
11674,920.0,697.9990392639722,222.00096073602776
11690,1090.0,1055.5028618274557,34.49713817254428
11713,655.0,712.3604345807611,-57.36043458076108
11728,926.0,953.8287167623507,-27.828716762350723
11738,1400.0,1186.775032284028,213.22496771597207
11746,1440.0,1195.324471928745,244.67552807125503
11778,1225.0,1099.9778786515888,125.02212134841125
11780,1320.0,1251.7674208690382,68.23257913096177
11785,1510.0,1223.7236033440697,286.2763966559303
11788,1130.0,1122.684919010053,7.315080989947091
11840,1245.0,1229.566059446716,15.433940553283946
11849,1205.0,1211.9424455852436,-6.942445585243604
11858,637.0,690.0552044591642,-53.0552044591642
11867,915.0,695.9942243439102,219.00577565608978
11871,1140.0,1150.5553151312433,-10.555315131243333
11874,1179.0,1094.7180570947532,84.28194290524675
11884,1375.0,1126.5938449042376,248.40615509576241
11893,1040.0,955.1357067114643,84.86429328853569
11897,1160.0,1072.1481864686027,87.85181353139728
11913,1175.0,946.1839224687211,228.8160775312789
11995,745.0,723.4555920392614,21.544407960738567
12007,1160.0,1165.6179184844925,-5.61791848449252
12017,685.0,709.7536013480744,-24.753601348074426
12018,1285.0,1028.5424024876388,256.4575975123612
12033,1440.0,1237.4236886731417,202.57631132685833
12046,1236.0,1106.143915906212,129.856084093788
12057,805.0,656.8094314597213,148.19056854027872
12069,1190.0,1023.3706461805315,166.62935381946852
12077,810.0,690.3784011127711,119.62159888722886
12108,1230.0,1225.471492115198,4.528507884801911
12109,1525.0,1151.9334478373717,373.06655216262834
12129,1310.0,1112.0218485395133,197.97815146048674
12140,1115.0,1159.6808223292162,-44.6808223292162
12143,1285.0,1200.5814919500353,84.41850804996466
12184,710.0,663.5772031000894,46.42279689991062
12211,1159.0,1187.204901239439,-28.204901239439096
12220,37.0,1066.3764100777523,-1029.3764100777523
12231,960.0,1127.4257445711942,-167.42574457119417
12239,880.0,728.8074610874226,151.19253891257745
12249,1210.0,1182.6778329954243,27.322167004575704
12252,790.0,629.0295537331738,160.97044626682623
12263,1100.0,1093.281694524072,6.718305475927991
12264,1260.0,1042.2006486196933,217.7993513803067
12266,1280.0,1163.1656116070262,116.83438839297378
12271,1140.0,1003.896603503544,136.10339649645596
12283,1305.0,1202.241232542246,102.75876745775395
12286,1016.0,1044.8668137962338,-28.866813796233828
12287,660.0,614.3835745172657,45.61642548273426
12298,1130.0,1035.5845853127782,94.41541468722176
12315,1555.0,1189.0741877045323,365.9258122954677
12336,965.0,650.7934130196373,314.20658698036266
12340,1090.0,1033.8778707452661,56.12212925473386
12342,1280.0,1056.5487429965017,223.4512570034983
12351,1355.0,1115.896230786958,239.10376921304191
12405,760.0,697.6131438535054,62.38685614649455
12422,655.0,616.3926122145837,38.607387785416336
12439,1060.0,1010.7024815775075,49.297518422492544
12442,1265.0,1251.94234593332,13.057654066680016
12473,828.0,680.9045307624709,147.09546923752907
12539,1230.0,1126.0400064881073,103.95999351189266
12550,1200.0,1206.3500745612841,-6.350074561284146
12565,1130.0,1108.5158117730336,21.484188226966353
12567,860.0,705.4117376733761,154.58826232662386
12577,1390.0,1222.3135643212504,167.6864356787496
12606,1260.0,1141.6864985419743,118.31350145802571
12609,900.0,709.7540757381092,190.24592426189076
12627,1245.0,1226.6544269615008,18.345573038499197
12629,1080.0,950.2001746839741,129.79982531602593
12639,1150.0,1081.9104263993675,68.08957360063255
12687,1390.0,1020.6574343058478,369.3425656941522
12708,923.0,957.2999089795894,-34.29990897958942
12711,820.0,621.3102472128902,198.6897527871098
12747,750.0,702.7479765074953,47.25202349250469
12768,1220.0,1202.0442748526739,17.95572514732612
12771,1390.0,1172.1309858166069,217.86901418339312
12778,985.0,1095.6435014654837,-110.64350146548372
12781,1505.0,1226.2077057426504,278.79229425734957
12807,752.0,612.268259184502,139.73174081549803
12815,710.0,706.8536134988035,3.1463865011965026
12819,1133.0,1036.8862529125593,96.11374708744074
12824,1270.0,1211.8477909154187,58.15220908458127
12827,605.0,628.9971862649071,-23.9971862649071
12870,693.0,630.2444730414358,62.755526958564246
12882,1215.0,1168.27637913454,46.72362086545991
12891,745.0,674.1513914021939,70.8486085978061
12944,1500.0,1143.5545976204753,356.4454023795247
12946,728.0,1056.422366207412,-328.4223662074121
13072,1110.0,1176.4536103649739,-66.45361036497388
13090,693.0,635.926686277794,57.07331372220597
13104,590.0,653.6122418292571,-63.61224182925707
13105,1215.0,1026.1087083301525,188.89129166984753
13109,1425.0,1193.1183652446043,231.88163475539568
13118,678.0,624.7382842278016,53.261715772198386
13135,1515.0,1057.6460255642764,457.35397443572356
13139,684.0,666.2443042918837,17.755695708116264
13141,757.0,629.8231220162952,127.1768779837048
13160,1229.0,1099.1620190454917,129.83798095450834
13182,1280.0,1205.7465182926132,74.25348170738675
13192,1500.0,1240.6018195650172,259.3981804349828
13199,1075.0,1131.7900731693237,-56.790073169323705
13201,830.0,679.5186591009251,150.4813408990749
13213,1375.0,1202.3447996683133,172.65520033168673
13217,1320.0,1088.628060075141,231.3719399248589
13229,1040.0,1065.1857943125824,-25.185794312582402
13231,1200.0,1115.5688454860333,84.4311545139667
13232,1140.0,1085.9104091018557,54.08959089814425
13254,900.0,723.4544557050956,176.5455442949044
13259,1350.0,1240.6480787348635,109.35192126513653
13283,799.0,690.3843166456086,108.61568335439142
13293,1203.0,1116.0921117494486,86.90788825055142
13298,730.0,690.8717499347605,39.12825006523951
13304,1375.0,1241.3466405936906,133.6533594063094
13329,800.0,1138.7907576963091,-338.79075769630913
13339,727.0,613.7923537644582,113.2076462355418
13346,775.0,627.1908708729937,147.80912912700626
13353,1210.0,1178.460394533483,31.53960546651706
13372,1000.0,630.7338424218577,369.26615757814227
13383,990.0,717.5110446800664,272.48895531993355
13390,1717.0,1169.6282513549043,547.3717486450957
13399,1270.0,967.2334214862475,302.7665785137525
13403,1160.0,1128.0752881111187,31.924711888881347
13427,966.0,721.6256733576851,244.37432664231494
13450,1252.0,1253.2852762917826,-1.2852762917825657
13459,1280.0,1114.1112606092183,165.88873939078167
13463,1240.0,1109.0966154588773,130.9033845411227
13474,1275.0,1190.8252027165486,84.17479728345143
13487,1235.0,1065.884231355318,169.11576864468202
13524,1114.0,1003.7772850135148,110.22271498648524
13526,1010.0,1009.2468024063462,0.7531975936537947
13556,1407.0,1211.1787541898725,195.8212458101275
13561,1005.0,1064.7882339887287,-59.788233988728734
13564,1100.0,1145.111105123944,-45.11110512394407
13588,1338.0,1190.77527626498,147.22472373502
13627,765.0,722.6980315368256,42.301968463174376
13637,1460.0,1116.4287253946504,343.5712746053496
13652,1310.0,1232.3501110027466,77.64988899725336
13654,1166.0,1022.3863371962185,143.6136628037815
13680,845.0,723.3533791255609,121.64662087443912
13681,1095.0,969.9673131888715,125.03268681112854
13698,1708.0,1091.9011316424835,616.0988683575165
13752,1340.0,1114.7179108861046,225.28208911389538
13754,620.0,634.6960315182222,-14.696031518222185
13774,1102.0,1093.898354005819,8.101645994180899
13782,1406.0,1242.6669684061424,163.33303159385764
13786,930.0,934.625707924502,-4.625707924501967
13800,1335.0,1171.2883578980916,163.7116421019084
13803,1232.0,1232.317550328476,-0.31755032847604525
13807,1058.0,610.1212465685425,447.87875343145754
13819,1180.0,1089.6700462899732,90.32995371002676
13841,1380.0,1175.1366721597474,204.86332784025262
13868,800.0,727.9988954366485,72.00110456335153
13889,1552.0,1253.6931256700582,298.3068743299418
13895,990.0,1007.5145721506018,-17.514572150601794
13919,395.0,705.3075242843671,-310.3075242843671
13931,1030.0,1240.7905495585844,-210.79054955858442
13945,1560.0,1235.7040411697553,324.2959588302447
13949,1003.0,987.5989106048743,15.401089395125723
13961,1025.0,983.824128026648,41.175871973351946
13962,890.0,694.5072942979548,195.4927057020452
13971,1325.0,1119.1312565663497,205.86874343365025
14002,1305.0,1074.7761349320922,230.2238650679078
14007,1385.0,1235.8775354524128,149.12246454758724
14018,1530.0,1197.2740477070008,332.7259522929992
14048,1191.0,1078.3638444984267,112.63615550157328
14071,1425.0,1255.965740028354,169.03425997164595
14074,1505.0,1221.3796914428342,283.6203085571658
14080,1190.0,1057.7244892508054,132.2755107491946
14089,1260.0,1121.5252062225795,138.47479377742047
14094,625.0,617.9514819167521,7.048518083247927
14154,1140.0,1165.6937019469663,-25.693701946966257
14155,1050.0,1060.900636129013,-10.900636129013037
14157,1527.0,1224.1398344256354,302.8601655743646
14172,1200.0,1229.7878227053081,-29.787822705308145
14193,1180.0,1231.8518285102389,-51.851828510238875
14227,1085.0,916.5355595753432,168.4644404246568
14232,1010.0,1024.2799513645307,-14.279951364530689
14268,1286.0,1135.955031846467,150.0449681535331
14277,735.0,653.9314853905189,81.0685146094811
14283,940.0,1052.2444961308254,-112.24449613082538
14296,875.0,696.8818169842613,178.11818301573874
14310,840.0,731.1044567032894,108.89554329671057
14338,1292.0,1196.2130034698557,95.78699653014428
14353,1455.0,1190.5247139200808,264.4752860799192
14363,1345.0,1130.708377586853,214.29162241314702
14406,1205.0,1150.5472036870497,54.45279631295034
14416,1110.0,1143.582278057967,-33.58227805796696
14441,1535.0,1255.1998837995898,279.80011620041023
14476,722.0,707.8206707383774,14.17932926162257
14487,505.0,924.4167430456745,-419.4167430456745
14512,1475.0,1178.4333109457598,296.5666890542402
14531,700.0,665.0929256415634,34.9070743584366
14579,1370.0,1222.5647740076365,147.43522599236348
14587,800.0,758.2372070065312,41.76279299346879
14603,650.0,612.8358769532441,37.16412304675589
14605,1170.0,1082.0043493362557,87.9956506637443
14616,575.0,1249.0112380636401,-674.0112380636401
14618,1205.0,1119.2541187014633,85.74588129853669
14622,1325.0,1184.4358247056762,140.56417529432383
14631,745.0,637.775212120796,107.22478787920397
14641,1090.0,1037.2675010403652,52.73249895963477
14646,1550.0,1120.8306459200428,429.1693540799572
14659,630.0,624.4874695417323,5.512530458267747
14687,1031.0,684.7599514835549,346.2400485164451
14731,1600.0,1260.189805955165,339.81019404483504
14739,948.0,1089.901123528563,-141.90112352856295
14753,1230.0,1122.434722798816,107.56527720118402
14794,990.0,1157.9238914488435,-167.9238914488435
14823,710.0,675.2656948806444,34.734305119355554
14848,1180.0,1141.9540081839434,38.045991816056585
14853,1155.0,1145.5162717371059,9.483728262894147
14861,890.0,719.4508608904248,170.5491391095752
14908,1180.0,1026.3889895305128,153.61101046948716
14919,780.0,704.8881053570684,75.11189464293159
14926,1091.0,1005.0236655140454,85.97633448595457
14933,967.0,982.704521578821,-15.704521578820959
14934,736.0,695.5521410086706,40.44785899132944
14964,1225.0,1182.6770982734886,42.32290172651142
14965,1110.0,1190.7875517243654,-80.78755172436536
14976,1630.0,1269.0927381076203,360.90726189237967
15028,1050.0,1015.8991900388887,34.10080996111128
15043,1200.0,1117.3956594057643,82.60434059423574
15045,1385.0,1147.9567574907187,237.0432425092813
15055,1215.0,1036.588514644517,178.4114853554829
15061,870.0,1004.7172237114371,-134.7172237114371
15097,790.0,665.5703109867798,124.42968901322024
15102,1415.0,1146.3957061164945,268.60429388350553
15110,670.0,1092.2586501754452,-422.25865017544515
15149,1540.0,1218.8402378052203,321.15976219477966
15158,1525.0,1233.3307625745756,291.6692374254244
15168,790.0,639.0629533500581,150.93704664994186
15171,890.0,707.6729304792727,182.32706952072726
15173,1730.0,1284.457915469257,445.54208453074307
15182,1057.0,658.6998427870136,398.3001572129864
15189,1295.0,1188.4920372526565,106.50796274734353
15200,1180.0,1049.1439199384406,130.8560800615594
15204,1267.0,1106.8885653036898,160.1114346963102
15208,660.0,676.7397497308255,-16.73974973082545
15210,895.0,706.4535057709539,188.54649422904606
15215,1130.0,1178.8173602068275,-48.817360206827516
15224,1080.0,1115.9295683248515,-35.929568324851516
15247,520.0,599.9230785023793,-79.92307850237933
15253,1266.0,1187.204901239439,78.7950987605609
15267,1124.0,902.1499894750195,221.85001052498046
15296,720.0,717.1347691006318,2.8652308993681572
15297,1145.0,1150.618370496556,-5.618370496556054
15315,805.0,662.3217671513828,142.6782328486172
15333,855.0,657.8506370459505,197.14936295404948
15354,1495.0,1245.7811061136747,249.2188938863253
15358,1440.0,1132.8812025645013,307.11879743549866
15365,1020.0,973.2329144176855,46.76708558231451
15388,1410.0,1115.5493123133979,294.4506876866021
15390,1290.0,1027.971570513705,262.02842948629495
15411,1520.0,1245.5741783665162,274.4258216334838
15414,1490.0,1206.0796478821885,283.9203521178115
15418,1200.0,1082.5770773004597,117.42292269954032
15453,630.0,672.9304063688078,-42.93040636880778
15457,620.0,607.0760214777672,12.923978522232801
15469,855.0,665.2874925415666,189.71250745843338
15472,1055.0,1089.7918590870463,-34.791859087046305
15473,850.0,701.5762076222222,148.42379237777777
15474,1350.0,1183.217582567547,166.78241743245303
15496,1350.0,1211.8127580931805,138.1872419068195
15511,1305.0,1075.1819063640887,229.81809363591128
15528,1420.0,1060.369350162474,359.6306498375261
15551,1234.0,1128.667896281702,105.33210371829796
15561,724.0,704.8885302832026,19.111469716797387
15591,1460.0,1031.8953176607924,428.10468233920756
15599,881.0,1025.816671812602,-144.81667181260195
15601,823.0,710.9403904238899,112.05960957611012
15617,1490.0,1218.2150785842505,271.7849214157495
15618,858.0,672.5170032438238,185.48299675617625
15625,1310.0,1177.4455313545116,132.55446864548844
15636,920.0,1061.1893833800104,-141.18938338001044
15657,1330.0,1160.6365124606623,169.3634875393377
15663,672.0,648.1327512095648,23.867248790435156
15665,905.0,723.2976715898652,181.70232841013478
15712,1626.0,1257.6357552048185,368.36424479518155
15728,1023.0,1101.635801227779,-78.63580122777898
15739,630.0,611.3487338419001,18.65126615809993
15740,1470.0,1249.8620609212696,220.13793907873037
15749,1070.0,1003.2676245160137,66.73237548398629
15762,1095.0,987.3564763661175,107.64352363388252
15766,1277.0,1098.8084778749483,178.19152212505173
15770,1346.0,1194.3297456255832,151.6702543744168
15772,785.0,716.3970451590425,68.60295484095752
15782,1080.0,1024.8564585414706,55.1435414585294
15784,1060.0,1066.5288408235983,-6.52884082359833
15791,1157.0,1164.954942703177,-7.954942703177039
15795,815.0,683.8507803579639,131.1492196420361
15796,855.0,949.2259820923516,-94.22598209235161
15808,1145.0,1135.6721407518498,9.327859248150162
15820,1320.0,1134.6265428153704,185.37345718462961
15862,1295.0,1191.9895237356036,103.0104762643964
15872,850.0,999.8850094778477,-149.8850094778477
15910,1195.0,1166.011756668828,28.988243331172043
15946,980.0,1077.4389145016091,-97.43891450160913
15949,1169.0,994.2084035922152,174.79159640778482
15956,1266.0,1204.960865004773,61.03913499522696
15960,1060.0,979.5923531674075,80.40764683259249
15970,1105.0,1077.7653152294436,27.23468477055644
15973,985.0,667.5036134983702,317.4963865016298
15986,1155.0,1084.7905892660485,70.20941073395147
15991,1110.0,981.5522361035258,128.44776389647416
15994,1210.0,1103.1115293179278,106.88847068207224
16000,775.0,648.5158896376238,126.48411036237621
16043,1205.0,1041.8981186602061,163.10188133979386
16057,1090.0,1096.8056617605175,-6.805661760517523
16073,936.0,980.4398556837709,-44.43985568377093
16086,1400.0,1204.5498091069448,195.45019089305515
16163,1273.0,1247.0460838930856,25.95391610691445
16166,1075.0,1026.0729440378966,48.927055962103395
16189,794.0,671.9827526291687,122.01724737083134
16206,1379.0,1071.7875991660053,307.2124008339947
16213,1135.0,963.0880314153314,171.91196858466856
16250,1223.0,1109.1437156228606,113.85628437713945
16274,1257.0,1069.8882531715408,187.11174682845922
16278,643.0,690.2757466742191,-47.275746674219135
16291,945.0,944.1997097382832,0.800290261716782
16297,1201.0,1210.9263541874006,-9.926354187400648
16304,606.0,695.1452171760653,-89.14521717606533
16319,875.0,625.6257310548061,249.37426894519388
16326,1210.0,1198.098465542404,11.901534457595972
16342,1151.0,1124.0554097709394,26.944590229060623
16355,830.0,677.1160371185886,152.88396288141143
16372,1220.0,1009.5129990528301,210.48700094716992
16427,1005.0,1044.2051292762512,-39.20512927625123
16454,1340.0,1151.4342731330114,188.5657268669886
16455,1170.0,1075.779164872108,94.22083512789209
16487,1200.0,1128.3108357558829,71.68916424411714
16490,760.0,643.5342185387665,116.46578146123352
16504,1340.0,1073.76872930323,266.23127069677
16512,727.0,1218.745967578765,-491.745967578765
16571,705.0,716.7271668952307,-11.727166895230653
16579,835.0,657.3480717433745,177.65192825662552
16580,1345.0,1252.1708267453419,92.82917325465814
16584,1200.0,1127.0600640421972,72.93993595780285
16587,820.0,611.7902792227455,208.20972077725446
16588,720.0,878.0011418103073,-158.00114181030733
16602,1080.0,1189.3650754728164,-109.36507547281644
16615,1248.0,1234.466498335461,13.533501664539017
16625,1545.0,1251.3048448828451,293.69515511715485
16629,1160.0,1070.2786916210998,89.72130837890018
16639,1320.0,1025.4205552871563,294.5794447128437
16680,375.0,1048.4416114236926,-673.4416114236926
16688,1455.0,1280.6126113988832,174.38738860111675
16699,1380.0,1107.0508446493695,272.94915535063046
16708,1120.0,1159.4816036714794,-39.481603671479434
16709,1240.0,1249.0731344758742,-9.073134475874213
16738,826.0,604.4824307228446,221.51756927715542
16739,1190.0,1085.9240218642708,104.0759781357292
16748,1315.0,1175.0177443716568,139.98225562834318
16759,743.0,634.539035347196,108.46096465280402
16764,1570.0,1250.371834799777,319.62816520022307
16778,1378.0,1132.0562191991824,245.94378080081765
16779,1165.0,1007.621646796465,157.37835320353497
16782,1159.0,1119.921401276991,39.07859872300901
16799,700.0,696.7454114163256,3.2545885836743764
16812,890.0,1006.0069507721781,-116.00695077217813
16822,1140.0,1044.2358184040024,95.76418159599757
16835,1325.0,1170.452969811737,154.54703018826308
16850,1210.0,1021.5418488857576,188.45815111424236
16895,970.0,1044.704564546887,-74.70456454688701
16897,1005.0,723.3897380796142,281.6102619203858
16920,825.0,638.9411623668101,186.0588376331899
16923,620.0,671.6597531608343,-51.65975316083427
16933,1130.0,1061.35407600621,68.64592399378989
16936,778.0,700.2665426905584,77.73345730944163
16951,1265.0,1066.863547283318,198.13645271668202
16973,1010.0,707.7468241078788,302.25317589212125
16990,1090.0,1054.3105647689836,35.68943523101643
16993,1225.0,1035.770608768568,189.22939123143192
16994,1720.0,1243.5510573710244,476.4489426289756
17002,1410.0,1197.659625270696,212.3403747293039
17004,1353.0,1224.6342008971367,128.36579910286332
17027,840.0,731.5928004433755,108.4071995566245
17028,735.0,759.2744659313772,-24.27446593137722
17033,1375.0,1222.9867544402894,152.01324555971064
17055,1265.0,1033.1099797326879,231.89002026731214
17080,510.0,623.2560710331305,-113.25607103313052
17086,1335.0,1182.1065661382488,152.8934338617512
17103,922.0,1063.3597045344688,-141.35970453446885
17108,630.0,703.4521130174824,-73.45211301748236
17127,945.0,721.5548578796748,223.44514212032516
17143,1382.0,1240.4005030608778,141.59949693912222
17167,1074.0,1085.241231463825,-11.241231463824988
17169,1485.0,1081.8187927765764,403.1812072234236
17190,825.0,716.3258192974153,108.67418070258475
17196,750.0,696.3601981086827,53.63980189131735
17197,1470.0,1213.416617365219,256.58338263478095
17209,1430.0,1243.035848463916,186.96415153608405
17228,839.0,1023.8918242743963,-184.8918242743963
17232,1300.0,1019.6900961417366,280.3099038582634
17261,715.0,680.9704440582251,34.0295559417749
17264,1155.0,1146.4751356339975,8.524864366002475
17299,1146.0,1157.790294307926,-11.790294307925933
17304,555.0,595.9057991853898,-40.90579918538981
17305,1782.0,1254.4143158624192,527.5856841375808
17306,840.0,747.7883213355922,92.21167866440783
17307,918.0,677.312740044084,240.68725995591603
17324,848.0,709.2612176658077,138.73878233419225
17335,849.0,576.8356964062208,272.1643035937792
17339,860.0,721.5227163705978,138.47728362940222
17353,1215.0,1202.2844181728678,12.715581827132155
17357,1060.0,1055.1650880211191,4.834911978880882
17364,1370.0,1065.6494019143306,304.3505980856694
17365,640.0,640.2947932886058,-0.29479328860577425
17370,798.0,659.2585256050041,138.74147439499586
17389,815.0,633.1943880848199,181.80561191518007
17393,1559.0,1254.4645463305476,304.5354536694524
17412,620.0,679.5559862506885,-59.555986250688534
17432,1350.0,1148.5494065945813,201.45059340541866
17460,1510.0,1158.0287079722818,351.97129202771816
17467,1124.0,1033.9506056532011,90.04939434679886
17501,1205.0,1054.9925015486594,150.00749845134055
17533,1370.0,1276.377227847542,93.62277215245808
17543,825.0,697.084539078049,127.91546092195097
17578,823.0,723.6792269994783,99.32077300052174
17611,1100.0,1023.517346407977,76.48265359202298
17612,1080.0,997.3594407146974,82.64055928530263
17616,1053.0,998.8819955854462,54.11800441455375
17630,1305.0,1150.1752860719128,154.82471392808725
17637,1320.0,1226.9439926405569,93.05600735944313
17659,1195.0,1067.7641376882993,127.23586231170066
17660,1365.0,1238.1360749394998,126.86392506050015
17661,1585.0,1193.8013537334532,391.1986462665468
17673,1062.0,1047.2610840430682,14.738915956931805
17689,734.0,655.5260292078408,78.47397079215921
17704,1043.0,1048.198940604071,-5.198940604070913
17720,540.0,596.1388981829709,-56.138898182970934
17724,1180.0,1121.3207165465117,58.679283453488324
17725,1210.0,1009.2521962498723,200.74780375012767
17735,1255.0,1066.261274383786,188.73872561621397
17753,1280.0,1111.7824912445735,168.21750875542648
17759,1190.0,1204.5290632211445,-14.529063221144497
17769,1537.0,1207.6729193215483,329.3270806784517
17783,887.0,730.9548066200474,156.0451933799526
17787,755.0,649.1325270889317,105.86747291106826
17789,845.0,1020.1539951509332,-175.15399515093316
17805,1035.0,1079.715329003757,-44.715329003757006
17810,920.0,722.3838748960038,197.61612510399618
17835,910.0,938.7333494245015,-28.73334942450151
17848,1205.0,1168.7094248801673,36.29057511983274
17855,1220.0,1019.4076272895384,200.59237271046163
17865,690.0,639.0491173481238,50.95088265187621
17866,825.0,675.4655942340652,149.53440576593482
17878,695.0,688.7302456735481,6.269754326451903
17880,1301.0,1168.5577405236652,132.4422594763348
17918,780.0,619.2215283860185,160.77847161398154
17932,1357.0,1180.829839863762,176.1701601362381
17933,1440.0,1238.1800345383645,201.81996546163555
17941,1220.0,1139.2907801147055,80.70921988529449
17943,1230.0,1218.3399020698155,11.66009793018452
17954,783.0,703.5354969230532,79.46450307694681
17965,1340.0,1231.4661345126938,108.53386548730623
17966,1235.0,1130.9986268563216,104.00137314367839
17974,575.0,657.4037317123848,-82.4037317123848
18018,1345.0,1114.5748645473668,230.42513545263319
18038,1455.0,1240.8721886719748,214.12781132802525
18054,1390.0,1136.1902131251788,253.80978687482116
18058,555.0,687.8587844294259,-132.8587844294259
18059,1446.0,1209.9354070312659,236.06459296873413
18088,1315.0,1209.8488623201733,105.15113767982666
18094,785.0,698.8791660476829,86.12083395231707
18105,1085.0,1083.8656117841017,1.1343882158982979
18107,1480.0,1193.0442165969778,286.9557834030222
18116,635.0,658.8508256746546,-23.85082567465463
18125,1015.0,977.9421975081775,37.057802491822486
18131,751.0,578.5064769074352,172.49352309256483
18137,1295.0,1207.015163883417,87.98483611658298
18152,963.0,670.3961613161123,292.6038386838877
18161,716.0,644.5366765085881,71.46332349141187
18165,1360.0,1175.652693457456,184.34730654254395
18171,1557.0,1267.3855013237135,289.61449867628653
18189,1065.0,978.1889878723218,86.81101212767817
18197,807.0,723.1496378184341,83.85036218156586
18255,825.0,656.396003527833,168.60399647216695
18266,700.0,671.7616720468577,28.23832795314229
18268,860.0,1063.5700848730326,-203.57008487303256
18280,1260.0,1078.2560136265693,181.74398637343074
18286,845.0,684.0973905121841,160.90260948781588
18294,1322.0,1087.8992474080608,234.10075259193923
18296,850.0,722.0395630587406,127.96043694125945
18308,1405.0,1187.6285802693428,217.37141973065718
18342,1420.0,1147.2591692140204,272.7408307859796
18372,755.0,691.592114963051,63.40788503694898
18382,1125.0,1205.7521017718477,-80.75210177184772
18394,895.0,699.9234876828067,195.0765123171933
18403,1250.0,1159.2774001554017,90.72259984459834
18405,1145.0,1046.2841512593168,98.71584874068321
18408,643.0,696.9490310286376,-53.94903102863759
18421,1180.0,1246.8822651139621,-66.88226511396215
18429,1069.0,1144.8486617722524,-75.8486617722524
18441,1215.0,1044.1510664912655,170.8489335087345
18447,1301.0,1160.3948280791433,140.60517192085672
18460,750.0,717.7463549724687,32.25364502753132
18472,1480.0,1093.070456584266,386.9295434157341
18478,1105.0,1108.7875834251583,-3.7875834251583456
18518,1180.0,1227.6548308683855,-47.65483086838549
18520,770.0,697.7864297500815,72.21357024991846
18521,1315.0,1028.0042193871705,286.99578061282955
18538,1415.0,1234.4285447500001,180.57145524999987
18551,1485.0,1161.4566049489076,323.5433950510924
18553,1578.0,1195.1165728763274,382.8834271236726
18555,1070.0,1018.3256404053873,51.674359594612724
18588,1002.0,710.2857691722907,291.71423082770934
18594,814.0,647.9572130148459,166.04278698515407
18602,1063.0,1194.3524107482801,-131.35241074828014
18603,1140.0,1197.1808264143276,-57.18082641432761
18608,1065.0,1190.1496867719266,-125.14968677192655
18631,1380.0,1223.7809054794773,156.21909452052273
18676,1238.0,1168.3803270952544,69.61967290474558
18679,1405.0,1151.5718523882742,253.42814761172576
18686,1490.0,1259.05973679116,230.94026320883995
18691,595.0,672.1253183185976,-77.12531831859758
18704,858.0,712.761735501857,145.23826449814305
18728,1205.0,1013.4918134415266,191.50818655847343
18733,685.0,716.2914055937008,-31.2914055937008
18734,935.0,922.9573131762273,12.04268682377267
18763,1215.0,1012.1673478922156,202.83265210778438
18774,900.0,688.9936282184536,211.00637178154636
18791,811.0,650.2861833930622,160.71381660693783
18859,1050.0,1128.2743578877314,-78.27435788773141
18892,860.0,722.1513936118396,137.84860638816042
18902,1040.0,1035.9061043336117,4.093895666388335
18920,1085.0,1188.5797712994415,-103.57977129944152
18921,870.0,962.9024546214532,-92.90245462145322
18936,1620.0,1249.663604324372,370.33639567562795
18955,690.0,651.7640948770177,38.23590512298233
18964,1030.0,1040.7736010834149,-10.77360108341486
18991,1410.0,1113.3271181019954,296.67288189800456
18995,1404.0,1248.2610424251181,155.73895757488185
19003,992.0,953.2149271146953,38.78507288530466
19008,1305.0,1081.0999669163027,223.90003308369728
19034,855.0,1160.70939021936,-305.7093902193601
19036,920.0,1048.097659483205,-128.097659483205
19048,710.0,696.1947816219721,13.805218378027917
19086,750.0,689.3457364962665,60.654263503733546
19093,1025.0,978.5266450917983,46.47335490820171
19097,650.0,666.2237370022267,-16.2237370022267
19108,1087.0,1081.0217767204172,5.978223279582835
19112,1520.0,1212.938843238669,307.06115676133095
19130,825.0,911.9800393255465,-86.9800393255465
19136,1505.0,1223.0296464097016,281.9703535902984
19153,1124.0,1013.4918134415266,110.50818655847343
19157,1195.0,1023.9614916020549,171.03850839794507
19191,1105.0,1163.7410669816422,-58.741066981642234
19192,730.0,721.136014244683,8.863985755317003
19218,1170.0,1164.418301846029,5.581698153971047
19219,720.0,699.9637483431342,20.03625165686583
19241,814.0,644.1124090730414,169.88759092695864
19269,1345.0,1086.0246636639984,258.97533633600165
19275,845.0,696.596536470201,148.40346352979896
19296,1240.0,1084.265796717691,155.73420328230895
19368,1340.0,1219.5632850815578,120.43671491844225
19380,1290.0,1205.289371032528,84.71062896747208
19393,925.0,722.9115691190399,202.08843088096012
19398,1390.0,1137.5344536023872,252.4655463976128
19403,1290.0,1231.009278726141,58.99072127385898
19417,1334.0,1246.0195176111267,87.98048238887327
19419,1465.0,1227.8715480146564,237.12845198534364
19443,1407.0,1149.6510831878127,257.3489168121873
19444,1080.0,1184.1960079523058,-104.19600795230576
19451,814.0,664.9226552071077,149.0773447928923
19459,933.0,725.3521233563836,207.64787664361643
19472,620.0,671.7991683973976,-51.79916839739758
19485,1205.0,1113.4256452467275,91.57435475327247
19495,1190.0,1012.6314983246801,177.36850167531986
19507,1140.0,1038.8093691899508,101.19063081004924
19509,1210.0,1178.8078283758898,31.192171624110188
19512,901.0,1116.5259040090243,-215.52590400902432
19542,1114.0,1176.638084988895,-62.63808498889489
19566,1445.0,1182.2304005794554,262.76959942054464
19583,1360.0,1217.5078633414769,142.49213665852312
19584,856.0,714.6427940050402,141.35720599495983
19592,860.0,722.9673980842196,137.03260191578045
19597,1317.0,1239.290126614161,77.70987338583905
19599,1370.0,1195.6619403138889,174.33805968611114
19601,1201.0,1212.4069240191213,-11.406924019121334
19627,1235.0,1184.699755900424,50.30024409957605
19639,1160.0,1114.8168435239343,45.18315647606573
19664,760.0,701.3592120468367,58.64078795316334
19676,1570.0,1251.3450018685933,318.6549981314067
19678,670.0,725.6267928747593,-55.6267928747593
19682,685.0,1059.616142612759,-374.61614261275895
19730,1130.0,1006.2138902859151,123.78610971408489
19760,620.0,649.6477330386809,-29.64773303868094
19773,1160.0,1154.955986297238,5.0440137027619585
19804,980.0,1101.281595716323,-121.28159571632295
19813,1135.0,998.9095484212162,136.0904515787838
19845,950.0,721.6995179303458,228.3004820696542
19862,1325.0,1250.8027608972818,74.19723910271819
19891,1450.0,1256.665620767479,193.3343792325211
19904,1032.0,1002.0637988441699,29.936201155830076
19909,895.0,1060.2268026541792,-165.2268026541792
19919,770.0,697.0587223013496,72.94127769865042
19937,640.0,655.0452639126884,-15.04526391268837
19949,1240.0,1171.4405597865466,68.5594402134534
19970,1250.0,1034.795850555664,215.20414944433605
19993,1350.0,1195.094131850815,154.90586814918493
20001,1014.0,1013.2180035584569,0.7819964415431286
20002,875.0,670.3091052906632,204.69089470933682
20041,720.0,656.6913840228435,63.30861597715648
20095,1180.0,1091.671556348154,88.3284436518461
20114,1080.0,972.2758118551725,107.72418814482751
20120,1155.0,1110.5018753881634,44.4981246118366
20122,1160.0,1105.0439234436553,54.95607655634467
20123,1145.0,1063.3894565830142,81.61054341698582
20126,1265.0,1136.4450890589828,128.55491094101717
20153,1005.0,1083.1865502427672,-78.18655024276723
20172,615.0,646.9679362202138,-31.9679362202138
20181,1632.0,1156.3817548379006,475.61824516209936
20183,795.0,647.7492166620057,147.25078333799433
20220,1065.0,1086.0274239788716,-21.02742397887164
20223,1265.0,1202.1760209845459,62.82397901545414
20231,1083.0,1036.9708430820037,46.02915691799626
20238,1235.0,1100.6832645008205,134.31673549917946
20287,1515.0,1138.360300751164,376.639699248836
20293,1230.0,978.5266450917983,251.4733549082017
20301,1335.0,1172.1017435349781,162.89825646502186
20319,1460.0,1050.30628433651,409.6937156634899
20349,1113.0,957.7008842890351,155.29911571096488
20370,1120.0,1163.0947611536803,-43.09476115368034
20392,1085.0,716.6496535439987,368.35034645600126
20404,588.0,683.4890055308164,-95.48900553081637
20421,790.0,1063.7504400435705,-273.7504400435705
20423,1615.0,1231.3971791079434,383.60282089205657
20499,1145.0,1166.0751428353028,-21.075142835302813
20515,1240.0,1232.559101380011,7.440898619988957
20543,1425.0,1166.9740885245274,258.02591147547264
20561,765.0,656.2948358762277,108.7051641237723
20571,1235.0,1131.3470118286525,103.65298817134749
20573,830.0,998.8464154124855,-168.8464154124855
20603,1198.0,1229.46617108745,-31.466171087449993
20622,770.0,695.4973150231039,74.50268497689615
20643,1130.0,1045.0298061172978,84.97019388270223
20646,870.0,1023.3389571100954,-153.3389571100954
20675,790.0,687.9995598368531,102.00044016314689
20676,825.0,632.9254494563172,192.0745505436828
20678,615.0,690.3289309556983,-75.3289309556983
20679,1260.0,1118.3958165317654,141.60418346823462
20690,870.0,730.7973092684264,139.20269073157363
20699,1145.0,1090.853436028435,54.146563971565
20736,700.0,711.2070018092782,-11.207001809278154
20750,710.0,545.3362649018383,164.66373509816174
20781,1195.0,1112.5416340381164,82.4583659618836
20783,1130.0,937.088192629197,192.911807370803
20791,1290.0,1173.6820368886372,116.31796311136281
20793,575.0,665.2085788704525,-90.20857887045247
20796,1350.0,1158.3584203589148,191.64157964108517
20802,1169.0,1134.5622495264838,34.43775047351619
20809,940.0,981.8352265929358,-41.83522659293578
20816,1100.0,1117.3903961014582,-17.390396101458236
20820,740.0,645.8778807935109,94.12211920648906
20827,620.0,559.3421516361351,60.6578483638649
20830,1250.0,1153.8545404080628,96.1454595919372
20845,760.0,718.3220806035388,41.67791939646122
20858,1325.0,1257.9924415523774,67.00755844762261
20873,1355.0,1055.3841294382705,299.6158705617295
20931,1355.0,1207.2657331458788,147.7342668541212
20962,654.0,586.9580911556969,67.04190884430307
20964,870.0,905.2264437172662,-35.22644371726619
20969,1021.0,1110.199268846042,-89.19926884604206
21016,622.0,686.1642876855144,-64.16428768551441
21028,530.0,615.2830496374266,-85.28304963742664
21051,1398.0,1188.9784273983978,209.0215726016022
21075,519.0,682.680568808009,-163.68056880800896
21083,1360.0,1258.258166502673,101.74183349732698
21132,641.0,612.0467667373734,28.953233262626554
21134,795.0,681.5890055984482,113.41099440155176
21150,1075.0,1001.7209815396609,73.2790184603391
21154,753.0,681.8945038063044,71.10549619369556
21155,1435.0,1183.6039516605413,251.39604833945873
21191,1110.0,981.4196881191849,128.5803118808151
21197,663.0,632.4484954604418,30.55150453955821
21200,1325.0,1258.8356939783223,66.1643060216777
21230,1445.0,1167.5224945033037,277.47750549669627
21232,1445.0,1143.6540693411316,301.3459306588684
21235,1240.0,1093.0489985275353,146.95100147246467
21240,755.0,688.3778369160078,66.62216308399218
21256,1135.0,1110.3700202511757,24.629979748824326
21260,1422.0,1189.331628324236,232.6683716757641
21267,945.0,714.9722195267408,230.0277804732592
21290,660.0,702.1823685555427,-42.182368555542666
21336,1100.0,1040.1176364266375,59.882363573362454
21348,1220.0,1214.3500730253575,5.64992697464254
21376,1230.0,1199.8175186739807,30.182481326019342
21453,1131.0,1143.2301743566609,-12.230174356660882
21458,1506.0,1170.1168302565272,335.88316974347276
21469,1257.0,1179.3402321697588,77.65976783024121
21482,848.0,1012.5965397377639,-164.59653973776392
21489,1113.0,1156.0676282047775,-43.06762820477752
21542,1312.0,1187.3210994084914,124.67890059150864
21556,922.0,675.2521975520907,246.7478024479093
21566,1845.0,1045.6028946414187,799.3971053585813
21576,1170.0,1102.4506067648633,67.54939323513668
21577,688.0,616.973314722457,71.02668527754304
21583,1350.0,1170.658515955558,179.34148404444204
21629,1310.0,1130.8603672306892,179.13963276931077
21641,1000.0,1055.4911227381467,-55.491122738146714
21682,975.0,664.333547231047,310.66645276895304
21695,1329.0,1240.7905495585844,88.20945044141558
21707,1360.0,1149.8532081381993,210.1467918618007
21743,1225.0,1091.3678883701168,133.63211162988318
21769,820.0,967.1977674327576,-147.1977674327576
21776,670.0,636.4612871473905,33.53871285260948
21793,1285.0,1167.8554106233503,117.14458937664972
21800,955.0,1060.2559674938534,-105.2559674938534
21834,785.0,720.0190066888688,64.98099331113121
21852,570.0,654.4216525857696,-84.4216525857696
21863,958.0,726.060840766626,231.93915923337397
21866,640.0,690.0651141197457,-50.06511411974566
21868,1233.0,1055.7818932947946,177.2181067052054
21884,1130.0,1096.3023258246324,33.69767417536764
21894,862.0,1167.1444305171362,-305.14443051713624
21913,1065.0,1041.5903806586834,23.409619341316557
21915,504.0,630.7961867538397,-126.79618675383972
21947,1170.0,1020.3208500356402,149.6791499643598
21949,765.0,649.2557293403804,115.74427065961959
21986,805.0,612.9441327026374,192.05586729736262
22070,1220.0,1063.7504400435705,156.2495599564295
22094,1295.0,1245.1636130634388,49.83638693656121
22104,810.0,916.4240250240433,-106.42402502404332
22114,695.0,643.9507346323455,51.04926536765447
22132,1091.0,1015.7045022797366,75.29549772026337
22133,750.0,693.038474021431,56.96152597856894
22157,760.0,1160.3615926071116,-400.36159260711156
22161,1235.0,1129.6959492522228,105.30405074777718
22193,773.0,706.8464657105325,66.15353428946753
22203,1035.0,991.6058936774858,43.394106322514176
22204,740.0,700.9180783274954,39.08192167250456
22207,790.0,690.7252501108134,99.27474988918664
22212,760.0,659.3639286880309,100.63607131196909
22213,620.0,683.9508236704687,-63.95082367046871
22222,1310.0,1259.5335148556824,50.46648514431763
22264,1465.0,1184.995593597802,280.0044064021979
22291,1451.0,1187.6670091595686,263.3329908404314
22292,543.0,706.9013453739168,-163.9013453739168
22296,1165.0,1214.9414550100505,-49.941455010050504
22300,1180.0,1122.5682378639183,57.431762136081716
22321,730.0,615.7463132878097,114.2536867121903
22338,1350.0,1141.2181593812181,208.78184061878187
22340,1093.0,728.3308344053034,364.66916559469655
22359,1215.0,1191.66063767905,23.33936232094993
22360,765.0,721.0879351567394,43.91206484326062
22362,1275.0,1181.0108820351543,93.98911796484572
22385,825.0,715.919124516831,109.08087548316905
22401,1298.0,1095.616900408027,202.38309959197295
22411,915.0,1008.7470827330194,-93.7470827330194
22426,1310.0,1073.7388355288122,236.26116447118784
22448,1369.0,1238.2200399164653,130.77996008353466
22450,1080.0,1234.0024475509608,-154.00244755096082
22465,1010.0,734.2254738308632,275.77452616913683
22475,1325.0,1240.2067012585662,84.79329874143377
22478,705.0,588.150850147847,116.849149852153
22492,1375.0,1070.7312774587988,304.2687225412012
22507,562.0,698.8272768372848,-136.82727683728478
22508,651.0,719.1641478849253,-68.16414788492534
22525,710.0,681.2840787325678,28.715921267432236
22528,1270.0,1238.1360749394998,31.86392506050015
22550,600.0,580.2400744568783,19.759925543121653
22604,770.0,721.7191718569862,48.280828143013764
22606,1170.0,1138.4556115260186,31.54438847398137
22627,940.0,1006.9716259754985,-66.97162597549845
22635,1130.0,1133.4450967307052,-3.445096730705245
22643,840.0,719.5456553707846,120.45434462921537
22655,1330.0,1204.1135823100644,125.88641768993557
22671,725.0,663.3235148929348,61.67648510706522
22689,1590.0,1255.554867549921,334.445132450079
22690,1200.0,1222.8676421981966,-22.867642198196563
22693,870.0,1178.7289629797758,-308.7289629797758
22703,1150.0,1194.9525855481231,-44.952585548123125
22714,710.0,681.7456097961165,28.25439020388353
22733,620.0,610.1920224599098,9.807977540090178
22735,850.0,648.9073780116661,201.09262198833392
22750,720.0,670.1353216230084,49.864678376991606
22772,1195.0,1093.7536542338714,101.24634576612857
22774,955.0,1026.7391202874578,-71.73912028745781
22789,1180.0,1104.3064092337784,75.69359076622163
22802,730.0,611.7840514675826,118.21594853241743
22814,631.0,626.6509950879716,4.349004912028363
22837,1575.0,1209.0974157514543,365.90258424854574
22855,849.0,1057.7830816275925,-208.78308162759254
22866,860.0,679.4372359114412,180.56276408855877
22876,790.0,1085.908133254208,-295.908133254208
22893,625.0,613.8021581864226,11.197841813577384
22914,782.0,620.0438565740728,161.95614342592717
22918,675.0,658.4311059425714,16.568894057428565
22934,743.0,650.9122937354513,92.08770626454873
22943,860.0,700.6177635824693,159.38223641753075
22957,1180.0,1192.1285927553074,-12.128592755307409
22980,1395.0,1247.0460838930856,147.95391610691445
22985,700.0,646.9179330042836,53.082066995716445
22990,1504.0,1162.2298076260447,341.7701923739553
23004,1320.0,1132.232323960643,187.76767603935696
23046,1118.0,1139.4174840221826,-21.417484022182634
23051,840.0,718.2163597328869,121.78364026711313
23066,720.0,621.3404961684707,98.65950383152926
23095,895.0,637.40950027734,257.59049972265996
23098,785.0,636.3174068772646,148.6825931227354
23115,1490.0,960.8324629037128,529.1675370962872
23152,891.0,687.6225004303244,203.3774995696756
23157,1165.0,1184.2184627489464,-19.218462748946422
23191,992.0,1214.33898753433,-222.33898753433004
23202,1750.0,1252.713687885756,497.2863121142441
23215,1375.0,1215.1107971263593,159.88920287364067
23224,1162.0,1084.7885053654948,77.21149463450524
23234,655.0,635.943288766822,19.05671123317802
23262,1290.0,982.9107562983585,307.0892437016415
23275,637.0,700.5739132519243,-63.573913251924296
23299,723.0,707.3598398360706,15.640160163929409
23300,1360.0,1207.0989376455773,152.90106235442272
23318,1095.0,1053.4744083355017,41.52559166449828
23326,1504.0,1101.9229293164076,402.0770706835924
23354,1195.0,1146.036858600902,48.96314139909805
23369,595.0,681.3021102044514,-86.30211020445142
23380,1135.0,1000.105128493229,134.89487150677098
23395,1390.0,1141.0404799993096,248.95952000069042
23421,1110.0,1031.7077190410666,78.29228095893336
23426,1230.0,1107.799078881921,122.2009211180789
23464,1132.0,1111.1976760238515,20.8023239761485
23477,1020.0,1103.2920115718096,-83.29201157180955
23485,683.0,624.3791285900909,58.620871409909114
23490,1020.0,1024.1732411066964,-4.173241106696423
23493,710.0,698.1784553110905,11.821544688909512
23498,1100.0,989.6513314317433,110.3486685682567
23507,1270.0,1154.2458612525743,115.75413874742571
23523,1100.0,989.2201786059301,110.77982139406993
23542,1190.0,1140.6331491286069,49.366850871393126
23594,1070.0,999.8567141502521,70.14328584974794
23600,1240.0,1055.7818932947946,184.2181067052054
23624,1215.0,1112.2122441478969,102.78775585210315
23652,1270.0,1096.4014533291252,173.59854667087484
23665,771.0,1167.9770743291003,-396.97707432910033
23671,1365.0,1116.1676135874047,248.83238641259527
23697,1260.0,1025.7253913439552,234.27460865604485
23713,1420.0,1066.1807284443075,353.81927155569247
23731,1375.0,1159.715448189564,215.28455181043591
23778,1267.0,1126.8771870103997,140.12281298960033
23784,1505.0,1120.8272250126772,384.1727749873228
23794,940.0,716.373046948772,223.62695305122804
23827,1350.0,1203.6266296879382,146.37337031206175
23840,700.0,667.2161572379532,32.78384276204679
23856,953.0,691.8291938135756,261.17080618642444
23894,1140.0,1139.3344374938495,0.6655625061505361
23904,1625.0,1242.9012775915785,382.0987224084215
23918,630.0,680.2813219878086,-50.28132198780861
23923,960.0,1050.241518779245,-90.2415187792451
23927,593.0,604.6819554367654,-11.681955436765406
23934,1490.0,1165.5433138395947,324.4566861604053
23935,1003.0,1201.0753273582068,-198.07532735820678
23940,1333.0,1160.037052719639,172.96294728036105
23967,1010.0,1085.4155761875243,-75.41557618752427
23974,1110.0,977.4547954132016,132.54520458679838
23996,1230.0,1046.5127351881656,183.4872648118344
24002,1350.0,1179.83246734312,170.16753265687998
24005,1445.0,1073.5022391542611,371.49776084573887
24022,1115.0,1117.219694634564,-2.2196946345638935
24047,1440.0,1165.1203286594725,274.87967134052747
24055,750.0,671.8468505323733,78.15314946762669
24058,1281.0,1191.2097805211333,89.79021947886667
24073,700.0,667.2799221903776,32.72007780962235
24080,720.0,652.4953600285077,67.50463997149234
24091,1240.0,1146.9468357167393,93.05316428326068
24102,1007.0,1063.3618297363728,-56.36182973637278
24110,1190.0,1137.3175800955405,52.68241990445949
24113,1600.0,1156.8156482198904,443.18435178010964
24129,650.0,614.9831025127372,35.01689748726278
24156,1645.0,1163.8649741483187,481.13502585168135
24168,980.0,1003.1445138683849,-23.144513868384934
24170,1320.0,1143.5357996816701,176.46420031832986
24178,1130.0,1001.4964400144489,128.50355998555108
24203,882.0,651.2427243648367,230.7572756351633
24216,985.0,1184.9003493863156,-199.9003493863156
24253,1110.0,1103.8482037052804,6.151796294719588
24265,670.0,605.5105473424395,64.48945265756049
24281,830.0,703.8341511367591,126.16584886324085
24298,869.0,711.5535019392908,157.44649806070925
24302,849.0,957.7648271954023,-108.76482719540229
24331,1043.0,1096.1765678095355,-53.17656780953553
24332,1345.0,1115.068303947252,229.93169605274807
24362,690.0,584.3642318134218,105.63576818657816
24366,1035.0,1003.5975994429966,31.402400557003375
24370,1257.0,1196.8387321072073,60.161267892792694
24379,630.0,684.579590386463,-54.579590386462996
24426,1075.0,1023.5471369045124,51.4528630954876
24436,525.0,711.240996582854,-186.240996582854
24462,1000.0,1011.0782304111734,-11.078230411173422
24465,1200.0,1087.8497735086498,112.15022649135017
24480,1376.0,1185.0772289943143,190.92277100568572
24487,1438.0,1143.487743076245,294.5122569237551
24518,655.0,692.9852981577232,-37.98529815772315
24524,1180.0,1118.766748149395,61.23325185060503
24534,610.0,617.1851495051047,-7.185149505104732
24535,1200.0,1150.6775766628132,49.32242333718682
24536,1340.0,1245.7171264622964,94.28287353770361
24539,760.0,689.1375439364856,70.8624560635144
24540,667.0,599.0849249317985,67.91507506820153
24546,1133.0,984.0606746036964,148.93932539630362
24582,880.0,993.857760568864,-113.85776056886402
24585,1190.0,1035.5581828660183,154.44181713398166
24598,1025.0,963.9879700978704,61.0120299021296
24603,1100.0,1073.6945544350515,26.305445564948513
24629,935.0,1059.475285562873,-124.47528556287307
24643,1640.0,1168.0237512827894,471.97624871721064
24649,1345.0,1127.475917234633,217.52408276536698
24653,1200.0,1242.9834841485979,-42.98348414859788
24662,691.0,715.4142315013206,-24.414231501320614
24689,1055.0,1008.0738452456873,46.92615475431273
24702,1080.0,1213.4718943672065,-133.47189436720646
24719,1200.0,1176.3724193664557,23.627580633544312
24731,920.0,712.377164044895,207.62283595510496
24757,835.0,664.1960927177986,170.8039072822014
24772,1438.0,1149.6975913733409,288.30240862665914
24784,1120.0,1067.0139117394003,52.98608826059967
24810,1310.0,1208.973582120629,101.02641787937091
24811,640.0,699.9989742678935,-59.99897426789346
24823,1015.0,1106.9535541165706,-91.95355411657056
24832,1235.0,1053.67864528504,181.32135471496008
24842,1315.0,1223.9252079797207,91.07479202027935
24894,1160.0,1075.4490813604177,84.55091863958228
24908,1230.0,1019.4652015952729,210.5347984047271
24912,870.0,1098.38053627731,-228.38053627731006
24916,1510.0,1248.9105664578078,261.0894335421922
24922,610.0,660.8357395422358,-50.83573954223584
24943,1005.0,1038.758771327181,-33.758771327180966
24955,1290.0,1129.1557399924966,160.8442600075034
24966,1284.0,1203.4578836807223,80.54211631927774
24970,442.0,562.1057297852764,-120.10572978527637
24990,1290.0,1156.793138949733,133.20686105026698
24994,1315.0,949.4966104299424,365.5033895700576
25017,725.0,968.3337208906556,-243.33372089065563
25033,790.0,622.9807271953398,167.0192728046602
25051,1575.0,1196.1249181191222,378.8750818808778
25068,655.0,706.2254097718288,-51.22540977182882
25075,1380.0,1195.853631668838,184.14636833116197
25146,1260.0,1223.0800158896343,36.919984110365704
25155,1220.0,1111.512724632676,108.48727536732395
25176,953.0,708.553514530082,244.446485469918
25190,965.0,717.2684939074777,247.7315060925223
25192,1400.0,1183.864621361744,216.13537863825604
25203,1540.0,1144.739957394002,395.260042605998
25205,930.0,1050.9586331789096,-120.95863317890962
25215,1330.0,1178.6503120391887,151.34968796081125
25229,905.0,702.8970979953698,202.1029020046302
25236,1220.0,1015.0675707654317,204.9324292345683
25247,1180.0,1014.3418238731398,165.6581761268602
25259,770.0,685.0630511732455,84.93694882675447
25290,950.0,675.6594882786387,274.3405117213613
25306,695.0,629.8231220162952,65.1768779837048
25312,1200.0,1200.0058282510463,-0.005828251046295918
25331,1040.0,1161.416883912865,-121.41688391286493
25359,610.0,707.6697392866803,-97.66973928668028
25369,806.0,710.9160884794916,95.08391152050842
25381,1110.0,1073.4747972584819,36.525202741518115
25383,568.0,1137.7490174499546,-569.7490174499546
25393,1170.0,1162.8655811519807,7.1344188480193225
25406,1153.0,1009.805758081098,143.19424191890198
25469,1030.0,1237.317172911428,-207.3171729114281
25478,600.0,709.9447712142684,-109.94477121426837
25483,1070.0,1038.0055494439018,31.994450556098172
25492,708.0,624.6064078963304,83.39359210366956
25506,1172.0,1091.7809256150558,80.21907438494418
25510,690.0,702.0452949278006,-12.045294927800569
25515,1025.0,1195.939232901878,-170.93923290187809
25528,1068.0,711.6786797553973,356.3213202446027
25546,1155.0,1039.6839600423111,115.31603995768887
25554,1245.0,1120.9867354570672,124.0132645429328
25565,1095.0,725.9272573796817,369.0727426203183
25569,1626.0,1207.1641788519628,418.8358211480372
25579,1341.0,1123.4484292160348,217.5515707839652
25580,610.0,710.2804147914383,-100.28041479143826
25603,1190.0,1237.8111542497393,-47.811154249739275
25614,871.0,618.8993123555296,252.10068764447044
25625,1125.0,1038.4698431808988,86.5301568191012
25634,841.0,987.9415412833,-146.9415412833
25639,875.0,1047.15605089081,-172.1560508908101
25656,650.0,663.0998510719853,-13.099851071985313
25674,910.0,718.810752029841,191.18924797015904
25704,1270.0,1051.8092442622071,218.19075573779287
25709,1310.0,1206.495460427299,103.5045395727011
25724,1410.0,1266.2071165255202,143.79288347447982
25729,1202.0,1096.666319759887,105.33368024011293
25779,1355.0,1232.5322909859306,122.46770901406944
25780,1135.0,1124.4490535539,10.550946446099942
25805,1147.0,1185.6784208354686,-38.678420835468614
25817,1500.0,1206.083577936427,293.916422063573
25846,730.0,676.2228279559909,53.77717204400915
25847,948.0,1057.8189842828833,-109.81898428288332
25851,1210.0,1123.9381598334849,86.06184016651514
25893,1378.0,1054.3320889504314,323.6679110495686
25919,1316.0,1141.6092659783665,174.39073402163353
25954,1515.0,1169.2187113537757,345.7812886462243
25965,1014.0,1097.1300045836815,-83.13000458368151
25975,670.0,681.4623203081086,-11.462320308108588
25980,1130.0,1188.656973110816,-58.6569731108159
25989,1020.0,971.7742497185766,48.225750281423416
26014,910.0,653.8276918253356,256.1723081746644
26022,1015.0,1082.45433741157,-67.4543374115699
26023,678.0,639.1732480618026,38.82675193819739
26038,1435.0,1268.6494453234236,166.3505546765764
26069,650.0,681.8363435574571,-31.8363435574571
26075,1160.0,1162.867317877641,-2.8673178776409713
26103,1385.0,1250.9391844935537,134.06081550644626
26153,1180.0,1197.1393050977533,-17.139305097753322
26159,1185.0,1141.1327805002206,43.86721949977937
26162,1380.0,1231.7520015078683,148.24799849213173
26171,726.0,642.9176067114767,83.08239328852335
26198,925.0,641.1993393297503,283.8006606702497
26246,1085.0,1204.446054855989,-119.4460548559889
26254,740.0,638.7548351819414,101.24516481805858
26262,750.0,1072.9174604926445,-322.9174604926445
26303,1140.0,1053.8883156830166,86.11168431698343
26315,1070.0,1101.450779791478,-31.450779791478
26338,695.0,696.6962335548967,-1.6962335548967076
26354,703.0,620.9875862918758,82.0124137081242
26413,1175.0,1090.9192941859003,84.0807058140997
26414,985.0,993.7480106935305,-8.748010693530546
26449,1095.0,1126.254241280455,-31.254241280455062
26452,575.0,646.2087811803613,-71.20878118036126
26468,740.0,662.4511161726541,77.54888382734589
26514,1261.0,1095.0234686898273,165.97653131017273
26536,910.0,707.1235135032905,202.8764864967095
26539,1132.0,1081.742965252906,50.25703474709394
26579,767.0,679.1893009232251,87.81069907677488
26586,1224.0,1029.6417187283594,194.35828127164064
26611,1100.0,1058.370657290523,41.62934270947699
26619,1047.0,1018.5236096905226,28.476390309477438
26634,1110.0,1134.5267431110397,-24.52674311103965
26682,959.0,993.8430665168069,-34.84306651680686
26704,772.0,702.0350351422354,69.96496485776458
26733,1515.0,1215.6833182886057,299.31668171139427
26736,1105.0,1084.9844287380934,20.015571261906643
26739,801.0,682.0270371356108,118.97296286438916
26752,1070.0,1044.6041061832937,25.395893816706348
26765,1225.0,1202.8482044806233,22.15179551937672
26782,739.0,606.5127795607661,132.48722043923385
26789,1280.0,1212.1781566439051,67.82184335609486
26827,745.0,645.1496583897614,99.85034161023862
26831,750.0,650.9028408688016,99.0971591311984
26837,810.0,722.9772522607086,87.02274773929139
26891,1272.0,1219.9350325244354,52.06496747556457
26895,800.0,642.7672137190648,157.23278628093522
26914,1005.0,1188.6437060321834,-183.64370603218345
26928,1240.0,1042.9301970744405,197.06980292555954
26942,855.0,715.4850137398546,139.5149862601454
26992,1153.0,1060.9611934172538,92.03880658274625
27061,723.0,717.3562246986079,5.643775301392111
27065,1320.0,975.6411705934323,344.3588294065677
27074,1040.0,970.6823831920858,69.31761680791419
27088,734.0,641.2128411262929,92.78715887370709
27090,570.0,617.0295844872446,-47.02958448724462
27097,1430.0,1136.1902131251788,293.80978687482116
27099,1300.0,1204.2317514080796,95.76824859192038
27108,1340.0,1133.9567112667924,206.04328873320765
27148,1058.0,1143.9443180964422,-85.9443180964422
27150,1320.0,1109.9688352755597,210.03116472444026
27178,750.0,1001.1486449271265,-251.1486449271265
27196,742.0,662.3587912339286,79.64120876607137
27199,1405.0,1242.6447991584691,162.35520084153086
27214,870.0,1015.5451874927327,-145.54518749273268
27217,1056.0,1226.359648001304,-170.3596480013041
27268,826.0,672.8122868696804,153.1877131303196
27315,1250.0,1021.7518299656259,228.24817003437408
27322,749.0,614.6237153234364,134.3762846765636
27325,638.0,625.4854137830339,12.514586216966109
27331,800.0,648.128417503843,151.87158249615698
27338,900.0,969.5286756142646,-69.52867561426456
27397,1280.0,1113.1084494809375,166.89155051906255
27404,860.0,969.1531616423194,-109.15316164231945
27409,854.0,702.7724519655827,151.22754803441728
27450,988.0,1061.483006755525,-73.48300675552491
27453,1110.0,1141.5267406633016,-31.526740663301553
27455,645.0,710.5935900608538,-65.59359006085378
27461,1090.0,1129.9431323606434,-39.9431323606434
27463,945.0,1020.0198951904864,-75.01989519048641
27497,1010.0,729.4852857873007,280.51471421269935
27501,1190.0,1243.3990305441287,-53.399030544128664
27534,1160.0,1170.00335624166,-10.003356241659958
27543,710.0,646.7459331431469,63.254066856853115
27598,1563.0,1226.359648001304,336.6403519986959
27604,635.0,700.8998957836109,-65.89989578361087
27614,1179.0,1107.3024712769773,71.69752872302274
27622,1130.0,1090.820280671591,39.179719328408964
27626,582.0,686.3473610594635,-104.34736105946354
27627,1170.0,1181.1032305587917,-11.103230558791665
27634,1190.0,1032.3760658309063,157.62393416909367
27672,540.0,664.2401441989591,-124.24014419895911
27723,1325.0,1166.9740885245274,158.02591147547264
27736,575.0,652.5673369740488,-77.56733697404877
27770,876.0,1037.7974574734772,-161.79745747347715
27782,1160.0,1153.9663227097712,6.033677290228752
27793,962.0,1014.1434185765331,-52.14341857653312
27795,795.0,710.8273138554354,84.17268614456464
27834,680.0,698.0353589419005,-18.03535894190054
27857,1040.0,1106.445331882677,-66.44533188267701
27873,1180.0,1079.0318770971564,100.96812290284356
27974,1323.0,1138.6573484639712,184.34265153602882
27983,1635.0,1253.1841799824197,381.81582001758034
27992,1040.0,1151.3680567709798,-111.36805677097982
28003,1545.0,1175.0506929500987,369.94930704990134
28005,1363.0,1237.3498294052588,125.65017059474121
28040,1625.0,1224.0930770023647,400.9069229976353
28053,1290.0,1133.5963788980262,156.40362110197384
28080,1378.0,1189.451233966391,188.5487660336089
28116,835.0,1095.9304464812883,-260.9304464812883
28127,1170.0,1183.5989210828232,-13.598921082823153
28132,819.0,655.4663877326832,163.5336122673168
28138,967.0,724.6463600091369,242.35363999086314
28139,685.0,614.1648280436307,70.83517195636932
28141,1487.0,686.8098098408267,800.1901901591733
28145,1279.0,1147.7441462061565,131.25585379384347
28150,1105.0,1069.3293160662113,35.67068393378872
28151,590.0,666.9950294168457,-76.99502941684568
28166,1058.0,1052.0894565633073,5.910543436692706
28186,564.0,635.1840326670908,-71.18403266709083
28190,1075.0,1100.4378261551094,-25.437826155109406
28196,1040.0,777.2484701229689,262.7515298770311
28221,1305.0,1150.948984130765,154.05101586923502
28222,1295.0,1087.8843954385466,207.11560456145344
28237,770.0,932.0631311837459,-162.0631311837459
28241,851.0,704.4870622158331,146.51293778416687
28303,980.0,1000.957248898487,-20.957248898487023
28322,715.0,686.2325815543377,28.767418445662315
28335,1185.0,1109.5174507135878,75.48254928641222
28343,709.0,707.8141100994649,1.1858899005351304
28347,760.0,625.6362115726813,134.3637884273187
28385,1170.0,1113.476783743097,56.52321625690297
28388,1091.0,1225.62391299249,-134.62391299248998
28396,745.0,688.4746097561168,56.52539024388318
28403,850.0,706.2240620213255,143.7759379786745
28449,1095.0,1228.7936096940875,-133.79360969408754
28456,820.0,675.2885947137479,144.7114052862521
28463,560.0,596.3705954994813,-36.37059549948128
28521,862.0,651.5820128081475,210.4179871918525
28522,1263.0,1075.4490813604177,187.55091863958228
28538,1480.0,1220.3803817283958,259.61961827160417
28549,1090.0,1213.6998029463693,-123.69980294636935
28587,702.0,623.4440525510349,78.55594744896507
28628,1150.0,1053.0167814199804,96.98321858001964
28637,1268.0,1214.3429825157984,53.65701748420156
28668,571.0,608.9766117934122,-37.97661179341219
28669,1110.0,1018.8571195376551,91.14288046234492
28693,1113.0,1077.7653152294436,35.23468477055644
28707,1055.0,967.5765123836126,87.42348761638743
28718,1350.0,1198.1895445425748,151.81045545742518
28719,1120.0,1145.111105123944,-25.11110512394407
28764,1320.0,1060.0864937292672,259.9135062707328
28780,1140.0,1059.122565906043,80.87743409395694
28790,1160.0,1129.880556454179,30.119443545821014
28817,871.0,959.749713742702,-88.74971374270206
28874,1245.0,1040.7523663021948,204.2476336978052
28889,1160.0,1153.7274200075144,6.272579992485589
28890,1090.0,1144.8701274120942,-54.870127412094234
28893,742.0,660.9980231318665,81.00197686813351
28897,1190.0,1096.2116683197967,93.78833168020333
28902,1240.0,1122.8203373911608,117.17966260883918
28944,690.0,699.6785943660683,-9.678594366068296
28978,1285.0,1103.446653295349,181.55334670465095
28997,1485.0,1209.8949632535607,275.1050367464393
29015,505.0,665.6330346047752,-160.63303460477516
29053,1180.0,1127.0150068137166,52.98499318628342
29095,922.0,708.4436655786543,213.5563344213457
29096,765.0,649.6648657768387,115.33513422316128
29122,1525.0,1096.5168301507583,428.4831698492417
29143,1390.0,1190.77527626498,199.22472373502
29151,868.0,694.0418918685214,173.95810813147864
29155,1395.0,1156.8333690677766,238.16663093222337
29197,670.0,648.1467463566404,21.853253643359608
29217,474.0,660.8357395422358,-186.83573954223584
29229,1215.0,1091.8609908099475,123.13900919005255
29239,1255.0,1221.6757252525947,33.3242747474053
29283,1230.0,1223.687789689932,6.31221031006794
29297,800.0,638.4981766283253,161.50182337167473
29329,1135.0,1176.6181360849162,-41.61813608491616
29359,707.0,733.3763119087046,-26.376311908704565
29372,1047.0,1122.5682378639183,-75.56823786391828
29404,773.0,691.9932483326917,81.00675166730832
29488,1430.0,1200.2262007455847,229.77379925441528
29489,995.0,720.629777836358,274.370222163642
29517,1240.0,1142.8610719033861,97.13892809661388
29520,1085.0,971.2660333510174,113.73396664898257
29522,1283.0,1088.6572260045823,194.3427739954177
29580,1158.0,1021.9672701701295,136.0327298298705
29584,741.0,679.6980525820233,61.30194741797675
29598,1109.0,1103.2050531645673,5.794946835432711
29609,1205.0,1185.7936179995665,19.20638200043345
29657,822.0,671.1157215928965,150.88427840710347
29704,1455.0,1171.9662547744513,283.0337452255487
29734,505.0,714.8545412446888,-209.8545412446888
29751,745.0,662.9375978022903,82.06240219770973
29796,1230.0,1033.4599367131818,196.54006328681817
29848,735.0,664.5668265495963,70.43317345040373
29984,1082.0,999.3706342318596,82.62936576814036
29987,610.0,580.1150599973913,29.884940002608687
30031,1000.0,1204.144642689113,-204.14464268911297
30045,1015.0,1151.7147290068556,-136.71472900685558
30062,575.0,685.806720633821,-110.80672063382099
30096,1462.0,1151.0098715390016,310.99012846099845
30108,1385.0,1203.1222722226178,181.87772777738223
30116,1400.0,1246.0097438877854,153.99025611221464
30178,1310.0,1086.2226871568726,223.77731284312745
30187,1370.0,1124.673256537181,245.32674346281897
30189,834.0,617.9143635223028,216.08563647769722
30215,610.0,702.8111865410123,-92.81118654101226
30220,646.0,670.6002068980162,-24.600206898016154
30223,1180.0,1123.567982008708,56.432017991292014
30242,1240.0,1235.1427304899419,4.857269510058131
30257,1065.0,1159.4435122055008,-94.44351220550084
30276,1230.0,1030.8137990999182,199.18620090008176
30283,1150.0,1144.9419791344349,5.05802086556514
30300,940.0,1124.6036966235013,-184.60369662350126
30301,850.0,711.7753922022923,138.22460779770768
30305,645.0,655.1575587624884,-10.157558762488407
30307,920.0,1108.5513022510158,-188.55130225101584
30314,655.0,663.8837303898109,-8.883730389810921
30338,1205.0,1159.7345110197434,45.26548898025658
30347,983.0,702.4347405159392,280.5652594840608
30362,870.0,1040.2787521084174,-170.2787521084174
30375,1255.0,1108.9334170739075,146.06658292609245
30408,1190.0,1220.1212568866074,-30.121256886607398
30441,1545.0,1174.9696838444113,370.0303161555887
30485,1060.0,1043.7853343954575,16.21466560454246
30512,570.0,709.6161359805494,-139.61613598054942
30524,964.0,1076.0167877074957,-112.01678770749572
30532,720.0,602.6691368766074,117.33086312339265
30545,1040.0,739.7701056679672,300.2298943320328
30587,1195.0,1065.341016163806,129.658983836194
30588,1390.0,1147.8872168583,242.1127831417
30592,1160.0,1109.9982104149033,50.00178958509673
30601,950.0,1147.3248585375559,-197.32485853755588
30606,1510.0,1119.6672850514094,390.3327149485906
30612,1435.0,1228.4682392257375,206.53176077426247
30635,1150.0,1155.790407140872,-5.790407140872048
30636,875.0,1162.018190424936,-287.01819042493594
30661,750.0,685.4856453387533,64.51435466124667
30669,1150.0,1079.8649545910298,70.1350454089702
30673,1190.0,1144.5868438892514,45.41315611074856
30679,586.0,1172.8374772151403,-586.8374772151403
30705,1091.0,927.4825274526573,163.51747254734266
30711,750.0,675.262095202471,74.73790479752904
30715,988.0,984.7974269625108,3.2025730374891737
30721,720.0,676.5484575992706,43.45154240072941
30759,840.0,1085.1924573933104,-245.1924573933104
30798,1030.0,1143.76765607033,-113.76765607033008
30803,1495.0,1256.0940300003826,238.90596999961735
30825,1220.0,1093.5627004588341,126.43729954116588
30827,1180.0,1099.9469989495303,80.05300105046967
30841,975.0,1000.3531411752774,-25.353141175277415
30874,1140.0,1119.9168188770002,20.083181122999804
30900,1040.0,1068.473477655787,-28.473477655787065
30919,1150.0,1208.1068034073999,-58.106803407399866
30947,1030.0,1043.0655435125998,-13.065543512599788
30990,1365.0,1194.749428097079,170.2505719029209
30999,1194.0,1116.667843420075,77.33215657992491
31001,1115.0,1132.8093264624881,-17.809326462488116
31016,670.0,691.7803722435716,-21.780372243571605
31023,1120.0,1146.0115809172762,-26.011580917276206
31056,1175.0,1078.5351367278047,96.46486327219532
31111,960.0,951.6928805293729,8.307119470627072
31117,705.0,693.53977337738,11.460226622619984
31153,1286.0,1045.5324515501406,240.46754844985935
31156,650.0,633.8637903404016,16.13620965959842
31183,1240.0,1225.98738901263,14.012610987369953
31188,1185.0,1225.541260461147,-40.541260461146976
31210,1139.0,1039.8659749522596,99.13402504774035
31220,1130.0,1042.772973918495,87.22702608150507
31228,1025.0,1011.3012149981162,13.698785001883834
31242,925.0,1024.6000288982093,-99.6000288982093
31267,1085.0,1026.5126688398284,58.48733116017161
31282,743.0,621.2809201823849,121.71907981761512
31324,825.0,959.2457647928298,-134.24576479282985
31330,590.0,664.994518413892,-74.99451841389202
31358,1365.0,1150.6556949445264,214.34430505547357
31380,970.0,691.2421812432974,278.7578187567026
31385,1170.0,1111.7238528822206,58.276147117779374
31397,705.0,662.399683618711,42.60031638128896
31405,1250.0,1083.6274094156588,166.3725905843412
31409,840.0,1109.952395126546,-269.952395126546
31427,1115.0,1219.2340021294394,-104.23400212943943
31441,1050.0,1041.7980584565971,8.201941543402882
31463,1420.0,1077.7653152294436,342.23468477055644
31470,1054.0,1144.1121567176565,-90.11215671765649
31505,955.0,1067.5503196624102,-112.55031966241017
31517,800.0,888.355930794936,-88.35593079493594
31549,825.0,700.1981337404085,124.80186625959152
31559,788.0,671.0060441904548,116.99395580954524
31574,1130.0,1150.486216023069,-20.48621602306889
31599,1360.0,1106.2420217354813,253.75797826451867
31621,875.0,1022.9780622383136,-147.97806223831356
31626,860.0,981.1238986707567,-121.12389867075672
31629,760.0,1103.456753206809,-343.456753206809
31631,1465.0,1150.7081384153325,314.29186158466746
31632,900.0,1084.6268529631907,-184.6268529631907
31634,1050.0,981.7663669812231,68.23363301877691
31648,985.0,726.1718409677601,258.8281590322399
31708,785.0,714.0576752959856,70.94232470401437
31751,1340.0,1146.5552354238098,193.4447645761902
31757,1433.0,1166.918393403407,266.081606596593
31783,995.0,706.0678500543119,288.93214994568814
31792,1040.0,1171.1885618144925,-131.18856181449246
31795,702.0,646.4677096599999,55.532290340000145
31807,820.0,700.5139039149816,119.4860960850184
31834,1220.0,979.7323392054991,240.2676607945009
31858,1325.0,1195.5863423267056,129.41365767329444
31874,1330.0,1184.2184329740223,145.78156702597767
31954,1256.0,1204.5682118078748,51.43178819212517
31963,660.0,642.0156137596986,17.984386240301433
31984,1390.0,1192.2046064794813,197.7953935205187
32009,1109.0,1131.6026014207214,-22.602601420721385
32021,1180.0,1023.789635349624,156.21036465037605
32028,1320.0,1036.9708430820037,283.02915691799626
32074,545.0,630.300806613651,-85.30080661365105
32099,830.0,1014.4557501897424,-184.4557501897424
32141,738.0,938.8289129829349,-200.82891298293487
32142,1082.0,958.0647034897315,123.93529651026847
32145,955.0,1225.9193365478504,-270.91933654785043
32158,1070.0,1002.636309580465,67.36369041953503
32245,1460.0,1153.7664952105783,306.23350478942166
32250,1274.0,1063.0974579833012,210.90254201669882
32259,1080.0,1027.9585536580114,52.0414463419886
32310,615.0,696.9436024631144,-81.94360246311442
32322,1380.0,1145.5072910859844,234.49270891401557
32343,1070.0,996.8098436859862,73.19015631401385
32359,1408.0,1247.0287205728994,160.97127942710063
32383,730.0,686.3473610594635,43.65263894053646
32385,915.0,960.3826140140095,-45.382614014009505
32391,1030.0,1140.4317445084582,-110.43174450845822
32424,975.0,1116.4284503152135,-141.42845031521347
32453,1425.0,1231.8669986669174,193.13300133308258
32455,1263.0,1144.7479645107196,118.25203548928039
32464,1095.0,1179.383013706908,-84.38301370690806
32470,660.0,628.737381473279,31.262618526720985
32496,1015.0,742.2189795342998,272.7810204657002
32505,960.0,976.7421638906194,-16.742163890619395
32566,690.0,648.8586412347321,41.14135876526791
32632,1118.0,1066.3214494925057,51.678550507494265
32660,714.0,684.6419234277913,29.358076572208688
32666,1285.0,1130.9865695523647,154.0134304476353
32669,912.0,991.6503788823171,-79.65037888231711
32687,600.0,677.6181892718799,-77.61818927187994
32689,1384.0,1127.9869106519939,256.01308934800613
32693,795.0,672.0172424464743,122.98275755352574
32746,931.0,1103.3812850727766,-172.38128507277656
32913,1270.0,1209.8364256496352,60.1635743503648
32921,1008.0,1012.9451044130117,-4.945104413011677
32944,1045.0,1060.1095341526013,-15.109534152601327
32968,900.0,1053.8258517107322,-153.8258517107322
32987,1545.0,1199.3495746875117,345.6504253124883
32998,715.0,600.7133855914306,114.28661440856945
33034,1240.0,1140.1566583265887,99.84334167341126
33043,925.0,1086.397941975678,-161.3979419756779
33063,1124.0,1095.3820152864378,28.617984713562237
33076,985.0,1187.0291391848848,-202.0291391848848
33094,538.0,615.1813682819035,-77.18136828190347
33129,1765.0,1281.5426431472106,483.4573568527894
33133,925.0,885.0903644071951,39.909635592804875
33147,1280.0,1105.9208341790827,174.0791658209173
33153,975.0,1050.4088796810972,-75.40887968109723
33169,1330.0,1244.8003444473784,85.1996555526216
33187,790.0,684.306819417767,105.69318058223303
33241,1240.0,1199.477480163693,40.52251983630708
33246,1350.0,1192.4401816763163,157.55981832368366
33273,1280.0,1050.2830279583397,229.71697204166026
33288,1285.0,1173.8515251543804,111.1484748456196
33335,1330.0,1119.4780054075043,210.52199459249573
33340,900.0,980.9811837583559,-80.98118375835588
33351,720.0,656.4416693202164,63.55833067978358
33392,1091.0,1182.569474098209,-91.56947409820896
33401,870.0,983.0353399606454,-113.03533996064539
33406,745.0,638.391600753466,106.60839924653396
33426,1280.0,1165.7849107001875,114.21508929981246
33439,470.0,647.7192630824969,-177.71926308249692
33440,1105.0,1034.3204684657464,70.67953153425356
33442,626.0,664.4274820389919,-38.42748203899191
33453,1080.0,1021.55236976545,58.44763023455005
33499,875.0,949.9413749117397,-74.94137491173967
33517,715.0,657.5728791972703,57.427120802729746
33531,1330.0,1198.762327788856,131.23767221114394
33589,870.0,715.9343709115566,154.06562908844342
33590,1265.0,990.8938231342971,274.1061768657029
33605,685.0,656.3754463871564,28.624553612843556
33607,1246.0,1089.6670487244835,156.3329512755165
33631,1005.0,1072.5779792715987,-67.57797927159868
33644,722.0,691.7681940215047,30.231805978495345
33673,1050.0,1009.602355374502,40.397644625497946
33678,1246.0,1233.6263280260969,12.373671973903129
33746,1080.0,1069.041465406191,10.958534593808963
33754,982.0,993.840269430682,-11.840269430682042
33771,739.0,650.3163701834135,88.68362981658652
33792,830.0,713.9740408559417,116.02595914405833
33809,650.0,687.6581871034184,-37.65818710341841
33834,720.0,687.8895773309142,32.11042266908578
33844,1250.0,1098.1347168459483,151.86528315405167
33868,640.0,645.4152008886359,-5.415200888635923
33871,795.0,699.2624172860246,95.73758271397537
33880,1030.0,1157.8550629862625,-127.85506298626251
33885,1070.0,1118.5029016733583,-48.50290167335834
33913,1049.0,982.8750955240914,66.12490447590858
33921,780.0,1003.2676245160137,-223.2676245160137
33930,1155.0,1124.725805891237,30.274194108762913
33931,675.0,652.2698639796354,22.730136020364625
33935,1230.0,1228.7088216317702,1.2911783682297937
33954,1360.0,1119.9389531055444,240.06104689445556
34003,1160.0,1144.599005008446,15.400994991553944
34008,1365.0,1142.8537537798031,222.14624622019687
34036,1090.0,1093.5184923115762,-3.5184923115762103
34060,730.0,683.2280810691796,46.77191893082045
34061,1010.0,1084.3798695933815,-74.3798695933815
34090,1000.0,1135.2782993818855,-135.27829938188552
34138,760.0,677.9430939907127,82.05690600928733
34165,1193.0,1171.438203777733,21.56179622226705
34166,890.0,720.3064605360101,169.69353946398985
34182,965.0,694.4887946383845,270.51120536161545
34232,1135.0,1130.1063341296465,4.893665870353516
34233,1356.0,1110.4840862622796,245.51591373772044
34249,800.0,682.6031776711357,117.39682232886435
34251,1467.0,1226.8354935207933,240.1645064792067
34324,1130.0,1073.0462772938754,56.95372270612461
34331,520.0,703.8281597576283,-183.82815975762833
34352,943.0,937.131362910261,5.868637089738968
34358,733.0,607.8578831054728,125.14211689452725
34386,1225.0,1196.5572320755682,28.44276792443179
34395,941.0,695.050131333559,245.94986866644103
34402,1320.0,1150.3435564704027,169.65644352959725
34413,730.0,674.1077180822786,55.89228191772145
34512,880.0,1001.8984440865455,-121.89844408654551
34520,930.0,1025.4666567350396,-95.46665673503958
34530,695.0,716.8981409183019,-21.89814091830192
34560,1220.0,1250.9279396085801,-30.927939608580118
34567,1215.0,1080.6097497035853,134.3902502964147
34600,980.0,1018.883275051873,-38.883275051873056
34613,885.0,677.0411642170744,207.95883578292558
34653,755.0,721.2298152898751,33.77018471012491
34661,1146.0,1210.4585927949897,-64.45859279498973
34724,1220.0,1129.3531303809748,90.64686961902521
34739,1130.0,1043.1462665462336,86.85373345376638
34819,935.0,1077.0516655410872,-142.05166554108723
34860,1145.0,1231.8783450895598,-86.87834508955984
34899,1125.0,1153.7087182832663,-28.708718283266307
34924,1300.0,1199.221670109474,100.77832989052604
34926,730.0,739.8112657821445,-9.81126578214446
34936,725.0,673.835243159083,51.16475684091699
35014,1580.0,1189.6100138826482,390.3899861173518
35029,1060.0,1097.7731565926108,-37.7731565926108
35048,68.0,1096.8361068240642,-1028.8361068240642
35056,1385.0,1202.2198057492415,182.78019425075854
35059,875.0,1197.1775609136362,-322.17756091363617
35073,700.0,708.4757797326195,-8.475779732619458
35075,1076.0,1205.0310690428453,-129.03106904284527
35084,685.0,671.9160830302011,13.083916969798906
35097,830.0,936.4489369251087,-106.44893692510868
35168,815.0,695.8088643931637,119.19113560683627
35227,930.0,961.3026878704014,-31.302687870401428
35234,1160.0,1175.6144209467238,-15.61442094672384
35235,870.0,970.9809887130901,-100.98098871309014
35239,835.0,975.158910520645,-140.158910520645
35250,710.0,677.3888915650016,32.611108434998414
35262,565.0,646.1774945122255,-81.17749451222551
35275,730.0,754.1464029364774,-24.146402936477443
35288,700.0,626.1259252309382,73.87407476906185
35368,1269.0,1148.0806473880596,120.91935261194044
35371,570.0,685.0986509163797,-115.09865091637971
35391,905.0,1167.4176792500677,-262.41767925006775
35400,1050.0,1027.1817813757239,22.818218624276142
35417,1160.0,1144.1824125151327,15.817587484867317
35428,855.0,707.5758113018529,147.42418869814708
35463,1375.0,1208.4253815954762,166.5746184045238
35493,1225.0,1201.6956961297342,23.304303870265812
35502,738.0,651.6203848175458,86.37961518245424
35506,1370.0,1230.704492569928,139.2955074300719
35523,1130.0,1158.8191791209767,-28.81917912097674
35572,1397.0,1219.8449586309341,177.15504136906588
35575,1045.0,1126.3264437249977,-81.32644372499772
35588,700.0,619.744244785144,80.25575521485598
35638,1500.0,1250.4279220187188,249.57207798128115
35652,1152.0,1038.5007357477311,113.49926425226886
35674,940.0,1100.4679366395155,-160.46793663951553
35682,895.0,679.5321287434341,215.4678712565659
35731,1335.0,1151.3405362725723,183.6594637274277
35747,793.0,624.4871606475797,168.51283935242031
35770,1234.0,1006.7955150992744,227.20448490072556
35786,793.0,921.0093560048597,-128.00935600485968
35816,1115.0,1116.6724659568454,-1.6724659568453717
35842,825.0,722.0863955095499,102.9136044904501
35893,1455.0,1200.5548697353518,254.44513026464824
35911,809.0,707.0476274515772,101.95237254842277
35999,672.0,607.2749326528693,64.72506734713068
36058,1140.0,1211.892148407341,-71.89214840734098
36061,882.0,1092.7170830624477,-210.71708306244773
36074,870.0,716.662663689453,153.33733631054702
36076,755.0,715.5481079723677,39.45189202763231
36079,1135.0,1038.7782894455258,96.22171055447416
36084,1270.0,1202.2888850626837,67.71111493731632
36086,795.0,648.3245093549145,146.67549064508546
36093,810.0,711.4774511833923,98.5225488166077
36112,1168.0,1079.3555557282616,88.6444442717384
36116,830.0,712.4525977146176,117.54740228538242
36128,881.0,956.5997782504634,-75.59977825046337
36133,1100.0,1003.0484894708577,96.9515105291423
36229,1332.0,1248.6380507409067,83.36194925909331
36247,840.0,732.2265227799408,107.77347722005925
36285,989.0,684.2378003077786,304.76219969222143
36305,1525.0,1254.5679307872833,270.43206921271667
36315,725.0,690.095353213538,34.90464678646197
36323,1120.0,1040.3698437277783,79.63015627222171
36335,1220.0,1247.4210825105517,-27.42108251055174
36340,1145.0,998.3110548248825,146.6889451751175
36351,1041.0,1124.9678508761197,-83.96785087611966
36376,624.0,629.2288775337212,-5.228877533721175
36394,948.0,697.562679965643,250.43732003435696
36395,914.0,764.8972547721803,149.1027452278197
36415,650.0,688.3799037314706,-38.37990373147056
36425,765.0,660.2576771584108,104.74232284158916
36458,1040.0,1072.4425444737383,-32.44254447373828
36465,1260.0,1214.992318030099,45.00768196990089
36494,1160.0,1112.2360907757727,47.76390922422729
36553,1570.0,1258.677607752445,311.32239224755494
36554,1025.0,1000.4344509654632,24.565549034536843
36588,1237.0,993.9390404757429,243.0609595242571
36592,1098.0,1245.8066349904716,-147.8066349904716
36609,685.0,671.6811053716135,13.318894628386488
36636,1511.0,1162.4358103845295,348.56418961547047
36650,748.0,662.6528943466031,85.34710565339685
36661,1510.0,1251.6075961006275,258.39240389937254
36708,1145.0,1237.1736425060217,-92.17364250602168
36727,950.0,1096.2237623467058,-146.22376234670583
36732,1305.0,1016.5896684318627,288.4103315681373
36734,1038.0,691.3129875130927,346.6870124869073
36784,950.0,1025.661518959545,-75.66151895954499
36837,1310.0,1238.095843650658,71.90415634934197
36838,1402.0,1202.8000835863702,199.1999164136298
36868,992.0,1061.7756900161241,-69.77569001612414
36902,595.0,662.218408205244,-67.21840820524403
36912,1268.0,1125.9464801884321,142.05351981156787
36954,795.0,680.3089274489962,114.6910725510038
36959,1210.0,1080.0764337629216,129.92356623707838
36966,1268.0,1149.9462044750421,118.05379552495788
36974,648.0,704.0760408034482,-56.07604080344822
36975,832.0,707.6302378497629,124.36976215023708
37040,1270.0,1214.0803596811813,55.919640318818665
37102,825.0,1073.008979528514,-248.00897952851392
37112,645.0,728.164911203126,-83.16491120312605
37183,1186.0,1181.0783688468657,4.921631153134285
37201,791.0,995.3385788233486,-204.3385788233486
37231,1190.0,1147.7853845061734,42.214615493826614
37234,1085.0,1159.748051882293,-74.74805188229311
37260,1475.0,1163.864615492481,311.1353845075189
37269,841.0,1022.1114601262504,-181.11146012625045
37285,1205.0,1204.5936245639775,0.40637543602247206
37289,1130.0,1116.5092679931424,13.49073200685757
37295,1157.0,1111.0480841605188,45.95191583948122
37312,1170.0,1184.3954819453763,-14.395481945376332
37320,500.0,613.8938182093038,-113.89381820930384
37322,863.0,697.2481721617107,165.75182783828927
37323,1285.0,1178.8142554366925,106.18574456330748
37334,488.0,667.4324360679269,-179.43243606792691
37356,740.0,660.9324992017897,79.06750079821029
37371,855.0,693.9420247502654,161.05797524973457
37391,950.0,1076.8969937280606,-126.89699372806058
37418,826.0,719.4634833216347,106.53651667836527
37439,1160.0,1015.5895901856856,144.41040981431445
37441,1170.0,1051.8050237024388,118.1949762975612
37466,1290.0,1152.8124832434978,137.1875167565022
37478,1265.0,1103.265421596119,161.73457840388096
37511,675.0,697.9724377086432,-22.972437708643156
37517,1270.0,1130.5612755299176,139.43872447008243
37534,1030.0,994.7398955926021,35.260104407397876
37564,835.0,1030.690727062403,-195.69072706240308
37565,1341.0,1093.571407794877,247.4285922051231
37574,998.0,1105.2018907821082,-107.2018907821082
37590,650.0,581.3594398838869,68.64056011611308
37608,715.0,640.3388387168736,74.66116128312638
37611,1540.0,1240.860898178971,299.13910182102904
37613,1080.0,1018.1127701168265,61.88722988317352
37628,1095.0,1194.729150384823,-99.72915038482301
37645,1000.0,1017.1536206073042,-17.15362060730422
37657,1328.0,1041.589847831826,286.4101521681739
37689,1165.0,1017.55300833715,147.44699166285
37696,800.0,664.9928577885256,135.0071422114744
37740,1320.0,1086.2898295766538,233.7101704233462
37764,1415.0,1130.4057282406677,284.5942717593323
37774,570.0,671.7287996704367,-101.72879967043673
37778,765.0,704.0721698460407,60.92783015395935
37808,850.0,1047.967727137487,-197.96772713748692
37821,1185.0,1136.5011026029656,48.4988973970344
37837,1268.0,1157.7591602172465,110.24083978275348
37841,1010.0,1001.412469173189,8.587530826810962
37856,960.0,990.8559157171326,-30.855915717132575
37905,745.0,605.8417841067626,139.1582158932374
37930,940.0,717.7510915421407,222.24890845785933
37931,1020.0,1048.744952721442,-28.744952721441905
37935,1029.0,1103.456753206809,-74.45675320680903
38058,1319.0,1153.3559773194354,165.6440226805646
38100,1070.0,994.419137960108,75.58086203989205
38138,776.0,694.2195886965052,81.78041130349482
38168,833.0,689.3457364962665,143.65426350373355
38176,1175.0,1150.3495455770208,24.650454422979237
38223,1312.0,1143.5762563934798,168.42374360652025
38228,885.0,681.0909467155834,203.9090532844166
38253,537.0,622.2907590074201,-85.29075900742009
38256,1025.0,970.4460715590898,54.55392844091023
38261,1555.0,1091.3033717810822,463.6966282189178
38264,1312.0,1009.0497662419444,302.95023375805556
38279,926.0,945.567635880851,-19.567635880850958
38287,1000.0,1162.0868170284912,-162.08681702849117
38324,1450.0,1204.0622693605237,245.93773063947629
38333,752.0,688.096789273859,63.90321072614097
38370,1265.0,1126.4399051328085,138.56009486719154
38385,505.0,617.9467886465254,-112.94678864652542
38402,1670.0,1275.7471066239877,394.25289337601225
38408,1168.0,1188.3626738090431,-20.362673809043145
38411,1118.0,982.1698887407458,135.83011125925418
38440,1372.0,1132.5453796327142,239.45462036728577
38458,1205.0,1109.1317785023105,95.86822149768955
38467,1326.0,1112.7327053151716,213.26729468482836
38482,1280.0,1143.5545976204753,136.4454023795247
38489,1067.0,1023.1422834127114,43.857716587288564
38497,1090.0,1226.6924046955571,-136.69240469555712
38517,780.0,761.1248161383637,18.875183861636287
38532,1280.0,1111.2218620584993,168.77813794150075
38546,1062.0,1232.6924720279915,-170.69247202799147
38615,850.0,1140.1132154995162,-290.1132154995162
38616,1285.0,1101.7315941421025,183.2684058578975
38644,1195.0,1199.2189073478391,-4.218907347839149
38645,1465.0,1067.7641376882993,397.23586231170066
38649,615.0,692.91140388148,-77.91140388148006
38653,1230.0,1153.8704807378476,76.12951926215237
38656,1315.0,1245.6602493624969,69.33975063750313
38692,990.0,952.4829523412095,37.51704765879049
38726,1180.0,1255.3620179293173,-75.36201792931729
38743,1055.0,986.0902298516829,68.90977014831708
38747,560.0,614.5406480565488,-54.540648056548775
38748,1205.0,1078.9822193748619,126.01778062513813
38764,683.0,705.0104394124489,-22.01043941244893
38768,1410.0,1250.6533830485914,159.34661695140858
38792,855.0,635.6117252857567,219.38827471424327
38818,1165.0,1021.5418488857576,143.45815111424236
38852,873.0,1055.91708517131,-182.91708517130996
38853,625.0,574.7572927137488,50.242707286251175
38854,1230.0,1175.8523164913759,54.14768350862414
38886,680.0,675.8720924635572,4.127907536442763
38887,1065.0,1021.1593945008998,43.84060549910021
38936,1520.0,1215.7335387955682,304.26646120443183
38994,1030.0,1046.672878108209,-16.672878108209034
39012,1130.0,1007.4126881450077,122.58731185499232
39028,985.0,1075.9073631119425,-90.90736311194246
39051,1665.0,1217.1453926379647,447.85460736203527
39058,1135.0,1206.289614336462,-71.28961433646191
39088,720.0,654.6555170493691,65.34448295063089
39101,1220.0,1240.7107777676852,-20.71077776768516
39107,1210.0,1174.888639460004,35.111360539995985
39123,1179.0,1096.447643148521,82.55235685147909
39143,859.0,759.8350450448634,99.16495495513664
39190,1432.0,1145.3347566326458,286.66524336735415
39243,777.0,984.8784346767709,-207.8784346767709
39277,1200.0,1126.7059836577087,73.29401634229134
39282,872.0,1027.4351187267584,-155.43511872675845
39306,1360.0,1227.5726237191384,132.4273762808616
39326,1488.0,1124.0130316589302,363.98696834106977
39372,1285.0,1159.052330766084,125.94766923391603
39407,1355.0,1168.5662968964687,186.43370310353134
39410,900.0,695.8756070830298,204.12439291697024
39425,1160.0,1059.805405164742,100.19459483525793
39434,1095.0,1001.0845035173631,93.91549648263685
39479,1493.0,1197.9860445392549,295.01395546074514
39490,1003.0,1049.2138534757305,-46.2138534757305
39522,580.0,599.5156854551428,-19.51568545514283
39533,981.0,1061.4130403793483,-80.41304037934833
39548,1325.0,1088.117527163462,236.882472836538
39563,544.0,619.056386706703,-75.05638670670305
39565,1389.0,1253.0118239499507,135.98817605004933
39569,1069.0,962.763137642578,106.23686235742196
39571,802.0,677.014696613073,124.98530338692694
39580,1036.0,1044.4470321328495,-8.447032132849472
39602,827.0,705.7332174911706,121.26678250882935
39640,833.0,689.3312285940233,143.6687714059767
39666,1280.0,1199.659333094463,80.34066690553709
39677,985.0,662.1975142989887,322.8024857010113
39682,1415.0,1200.1549850292477,214.84501497075235
39698,1050.0,1069.7480358382345,-19.7480358382345
39754,1600.0,1259.2095856835463,340.79041431645373
39801,850.0,662.333074093001,187.66692590699904
39967,1275.0,1193.6586658368703,81.34133416312966
39992,1365.0,1209.1657231012011,155.83427689879886
40052,955.0,658.4375147653699,296.5624852346301
40104,1615.0,1261.784908944697,353.215091055303
40133,1250.0,1182.3227344756854,67.67726552431463
40187,830.0,1032.5024171516993,-202.50241715169932
40207,1250.0,1195.3262561351914,54.67374386480856
40259,1095.0,1193.5880944865603,-98.5880944865603
40288,860.0,656.7344681403342,203.26553185966577
40294,615.0,646.079594307893,-31.07959430789299
40296,500.0,609.4038087307978,-109.40380873079778
40322,1300.0,1211.5501011443785,88.44989885562154
40352,1300.0,1146.3664350647143,153.63356493528568
40374,1095.0,1097.1420056352194,-2.142005635219448
40443,1095.0,951.9599398951376,143.0400601048624
40482,910.0,712.9800083742906,197.0199916257094
40506,950.0,731.2629310228776,218.73706897712236
40533,560.0,680.4449350184115,-120.44493501841146
40534,985.0,1058.1342335189975,-73.13423351899746
40600,1405.0,1121.1151023349612,283.8848976650388
40609,1240.0,1126.5186432141477,113.48135678585231
40622,1135.0,1113.2829982365631,21.717001763436883
40660,1030.0,1187.3281770672816,-157.32817706728156
40682,695.0,710.9041246252547,-15.904124625254667
40703,695.0,706.4535057709539,-11.453505770953939
40764,985.0,971.0264896884537,13.973510311546306
40773,905.0,688.6029807458654,216.39701925413465
40785,1130.0,1076.2204344352176,53.77956556478239
40846,1425.0,1248.4260680474983,176.57393195250165
40865,765.0,707.1594418782219,57.840558121778145
40895,1195.0,1074.0774621828398,120.92253781716022
40933,1389.0,1206.083577936427,182.916422063573
40955,1369.0,1137.9578064616287,231.0421935383713
40969,1200.0,1156.0493172310596,43.950682768940396
40986,1110.0,1077.2135854666521,32.78641453334785
41038,1275.0,1117.0964184586007,157.90358154139926
41054,1415.0,1239.539792686601,175.460207313399
41055,1153.0,1158.1907507667106,-5.190750766710607
41075,983.0,703.82458268954,279.17541731046003
41079,690.0,676.8646429787627,13.135357021237269
41114,1270.0,1117.996049368206,152.00395063179394
41118,1305.0,1155.6771344665403,149.32286553345966
41155,1295.0,1239.4174883601702,55.58251163982982
41206,520.0,719.2530081221396,-199.2530081221396
41215,1255.0,1198.8978443070328,56.102155692967244
41223,1330.0,1279.8833815193784,50.11661848062158
41251,970.0,983.8382579826565,-13.8382579826565
41253,721.0,601.3327611500433,119.66723884995668
41291,1055.0,718.6928338563299,336.3071661436701
41324,1365.0,1170.4685799592608,194.53142004073925
41329,910.0,938.7406369182926,-28.74063691829258
41353,1316.0,1153.3317972000714,162.66820279992862
41386,623.0,675.192117245108,-52.192117245107966
41435,1014.0,1084.1327431127825,-70.13274311278246
41438,730.0,576.9375117251716,153.0624882748284
41464,1140.0,1008.642819725824,131.35718027417602
41508,826.0,719.5256682098694,106.47433179013058
41563,970.0,1069.3990665643605,-99.39906656436051
41566,701.0,660.7587839347688,40.24121606523124
41570,980.0,994.6777813666284,-14.677781366628437
41621,1129.0,1089.1978228388275,39.802177161172494
41642,1205.0,1118.681896593857,86.31810340614311
41760,1158.0,1170.7305407641866,-12.730540764186571
41818,1268.0,1171.9953278743344,96.00467212566559
41831,860.0,1016.3862108800672,-156.3862108800672
41892,1160.0,1089.6670487244835,70.3329512755165
41915,1110.0,1103.1717748260987,6.828225173901274
41955,730.0,664.1191925653116,65.88080743468845
41977,1335.0,1229.7707020213775,105.22929797862253
41985,710.0,626.2346844968265,83.7653155031735
41997,1325.0,1150.1426933888797,174.8573066111203
42002,945.0,687.8552157699153,257.1447842300847
42023,1170.0,1179.0361698540123,-9.036169854012314
42086,1140.0,1234.7718904713513,-94.7718904713513
42096,995.0,1242.8065367723314,-247.80653677233136
42105,606.0,607.1142290966859,-1.1142290966859036
42122,775.0,1068.4463650282905,-293.44636502829053
42147,865.0,677.0113883396053,187.98861166039467
42151,630.0,678.5382081073235,-48.5382081073235
42166,1075.0,1204.5563898817263,-129.55638988172632
42195,1425.0,1119.8476239740517,305.15237602594834
42219,1670.0,1296.9844784804625,373.0155215195375
42244,722.0,705.0195491185775,16.980450881422485
42272,735.0,705.6949193647273,29.305080635272702
42275,587.0,600.5069333890397,-13.50693338903966
42282,645.0,616.7172993704831,28.282700629516853
42291,1195.0,1024.26521696586,170.73478303414004
42311,1235.0,1163.5373268450242,71.46267315497585
42347,1680.0,1262.4179794507547,417.58202054924527
42389,1365.0,1198.990891554773,166.00910844522696
42408,1210.0,1163.6738465706774,46.32615342932263
42414,1055.0,1068.9793121711432,-13.979312171143192
42443,1135.0,1064.312936172221,70.68706382777896
42469,1195.0,1121.5460365281301,73.45396347186988
42493,560.0,927.880861992844,-367.88086199284396
42516,1401.0,1226.9240896629312,174.07591033706876
42521,1260.0,921.950207430976,338.049792569024
42542,1190.0,1138.66810491647,51.33189508353007
42547,1320.0,1253.1983568025928,66.8016431974072
42582,695.0,625.322914850709,69.67708514929097
42589,1065.0,1144.7560653901057,-79.75606539010573
42590,715.0,744.9004497635068,-29.9004497635068
42594,1230.0,1177.5151784828504,52.48482151714961
42600,1450.0,1175.0889232488314,274.9110767511686
42607,1005.0,1046.4071824977373,-41.40718249773727
42616,1482.0,1189.9756543157375,292.02434568426247
42622,1395.0,1244.6704813880951,150.32951861190486
42657,535.0,689.535169458813,-154.53516945881302
42666,730.0,635.9263996828427,94.07360031715734
42678,1080.0,1049.9098963925237,30.090103607476294
42689,1065.0,1127.4776147624914,-62.477614762491385
42693,1015.0,745.4157811021805,269.5842188978195
42695,1110.0,1121.5252062225795,-11.525206222579527
42702,1010.0,1139.43925595322,-129.43925595322003
42712,800.0,729.2680446358519,70.73195536414812
42730,1315.0,1011.4381383619759,303.5618616380241
42756,902.0,1016.1553645773325,-114.15536457733253
42775,870.0,973.2705601002564,-103.27056010025638
42821,1210.0,1135.12238229546,74.87761770453994
42831,1060.0,1029.652335401737,30.34766459826301
42881,1185.0,1156.001289896403,28.998710103596977
42888,1070.0,1095.6188953065111,-25.61889530651115
42903,1171.0,1249.1064205502603,-78.10642055026028
42904,1130.0,1060.3007626668282,69.69923733317182
42909,1410.0,1186.2122488812167,223.78775111878326
42951,1185.0,1165.798698317181,19.201301682818894
42965,1285.0,1117.0372810027002,167.96271899729982
42969,870.0,697.5916621513021,172.4083378486979
42991,645.0,661.3900545151248,-16.390054515124802
43010,840.0,700.4511272415581,139.54887275844192
43027,1310.0,1153.0511948968679,156.94880510313214
43053,1285.0,1081.4663289561413,203.5336710438587
43092,1000.0,1062.5435412503048,-62.54354125030477
43105,915.0,1092.087563491622,-177.08756349162195
43127,1300.0,1165.766564675004,134.23343532499598
43154,1014.0,1255.4245098729857,-241.4245098729857
43160,560.0,615.5633762829738,-55.56337628297376
43172,595.0,663.2490167679031,-68.24901676790307
43227,1205.0,1077.6041187642995,127.39588123570047
43257,1051.0,993.9363085819351,57.06369141806488
43310,1565.0,1062.9535709815689,502.0464290184311
43338,622.0,705.8801478694377,-83.88014786943768
43368,812.0,670.2234794391743,141.7765205608257
43417,1128.0,1028.4839706237412,99.51602937625876
43469,906.0,1077.6041187642995,-171.60411876429953
43470,1138.0,1190.0848054496464,-52.08480544964641
43477,884.0,1101.5727533557065,-217.57275335570648
43485,1185.0,1089.716421660536,95.28357833946393
43532,694.0,639.7393235265879,54.260676473412104
43573,1058.0,971.6338305011919,86.36616949880806
43622,1205.0,1254.1000125765117,-49.100012576511745
43625,1060.0,1121.9028107787908,-61.90281077879081
43640,1385.0,1105.7829216516814,279.21707834831864
43657,1147.0,986.2412741709013,160.7587258290987
43699,1391.0,1177.0830292761393,213.9169707238607
43720,580.0,667.2175439216994,-87.21754392169942
43721,1250.0,1129.1557399924966,120.84426000750341
43754,1430.0,1241.9005002368033,188.09949976319672
43796,1320.0,1130.0775883538295,189.92241164617053
43807,683.0,711.7494494124877,-28.749449412487706
43825,1070.0,1182.0190269690925,-112.01902696909247
43852,1315.0,1179.9543927183952,135.04560728160482
43866,665.0,699.8498113963302,-34.84981139633021
43881,865.0,741.8143163996942,123.18568360030577
43953,995.0,1066.4913791241554,-71.4913791241554
44001,600.0,659.9466505693886,-59.94665056938857
44040,970.0,1083.6862405233708,-113.68624052337077
44051,530.0,636.3928640062848,-106.39286400628475
44073,1090.0,1204.0537240571125,-114.0537240571125
44090,1450.0,1158.7622691781212,291.2377308218788
44101,1035.0,1119.050353067002,-84.0503530670021
44102,710.0,623.3901642881933,86.60983571180668
44191,790.0,660.1785006853809,129.82149931461913
44212,1097.0,1121.316151979932,-24.3161519799321
44229,1055.0,1035.384514171519,19.61548582848104
44240,1279.0,1052.6652294062444,226.3347705937556
44250,595.0,665.5753716215498,-70.57537162154983
44284,725.0,692.4930796179073,32.506920382092744
44291,870.0,947.2536537018951,-77.25365370189513
44298,1050.0,1141.5126661499494,-91.51266614994938
44306,1125.0,1196.98882750435,-71.98882750434996
44322,710.0,695.1801945794281,14.819805420571925
44331,1300.0,1222.5135833495217,77.4864166504783
44338,850.0,714.8197454064294,135.18025459357057
44440,895.0,1020.412761514523,-125.41276151452303
44445,1306.0,1099.9520772982148,206.04792270178518
44481,470.0,708.978726516211,-238.97872651621105
44488,590.0,621.8845548650086,-31.884554865008568
44515,538.0,933.7512522305806,-395.7512522305806
44520,880.0,719.9413101503629,160.05868984963706
44527,1342.0,1138.71258926456,203.28741073544006
44593,1235.0,1184.2576934495933,50.74230655040674
44616,821.0,683.9203389272199,137.07966107278014
44651,1020.0,1067.491211862483,-47.49121186248294
44671,640.0,658.2419974336276,-18.241997433627603
44708,925.0,1024.8705554002036,-99.87055540020356
44743,610.0,695.6133456664222,-85.61334566642222
44748,848.0,1060.2479126364728,-212.24791263647285
44788,1200.0,1003.2676245160137,196.7323754839863
44793,1515.0,1240.9507812375573,274.0492187624427
44794,690.0,681.6262873463255,8.373712653674488
44831,1140.0,1123.0718205638716,16.928179436128403
44871,1370.0,1111.9866050917694,258.01339490823057
44886,875.0,959.6874591793833,-84.68745917938327
44911,1100.0,1072.712494423291,27.28750557670901
44929,1147.0,1124.2467104381178,22.753289561882184
44953,1075.0,1241.856714508045,-166.8567145080449
44963,1473.0,1116.9776535890755,356.02234641092446
44976,1265.0,1195.853631668838,69.14636833116197
44989,1545.0,1201.3446409838753,343.65535901612475
44993,1020.0,1008.1446261836068,11.85537381639324
45014,1260.0,1208.8721786002652,51.127821399734785
45047,1180.0,1166.5460176460851,13.453982353914853
45050,1215.0,1065.7333950517955,149.26660494820453
45067,1007.0,1010.6067558845978,-3.60675588459776
45086,1240.0,1110.4945780021196,129.50542199788038
45107,1470.0,1175.408876729015,294.591123270985
45173,1230.0,1085.9104091018557,144.08959089814425
45193,1110.0,990.9111198112118,119.08888018878815
45195,1175.0,1135.6721407518498,39.32785924815016
45205,1260.0,1071.2920300141025,188.70796998589753
45211,750.0,682.748403856209,67.25159614379095
45224,888.0,724.610662990692,163.38933700930795
45267,680.0,690.095353213538,-10.095353213538033
45281,900.0,720.67007063281,179.32992936718995
45334,720.0,612.366809821516,107.63319017848403
45342,880.0,1044.937118232302,-164.93711823230205
45346,1260.0,1132.521933820094,127.47806617990591
45350,615.0,597.0274557030177,17.972544296982278
45372,785.0,659.2182239095335,125.78177609046645
45377,985.0,983.3450101187832,1.6549898812168067
45382,1009.0,717.3833338316093,291.6166661683907
45491,1015.0,711.9286083582047,303.07139164179534
45530,1505.0,1160.3042016757804,344.6957983242196
45548,1400.0,1163.243986378635,236.7560136213649
45583,635.0,667.6823316252494,-32.68233162524939
45660,835.0,696.4752562956788,138.52474370432117
45661,430.0,576.3561316354564,-146.35613163545645
45674,1730.0,1103.8482037052804,626.1517962947196
45684,1513.0,1208.8461528044347,304.1538471955653
45692,1120.0,1102.7237502191829,17.276249780817125
45731,942.0,1134.9730999019728,-192.97309990197277
45745,902.0,1091.0894363415728,-189.08943634157276
45799,1286.0,1127.5230167885563,158.47698321144367
45855,580.0,554.2173616124888,25.782638387511156
45863,1000.0,1059.6462854565837,-59.646285456583655
45891,865.0,1204.683357499893,-339.68335749989296
45903,1179.0,1117.7465833082315,61.25341669176851
45921,590.0,631.6558061541042,-41.6558061541042
45960,1210.0,1079.148043472584,130.85195652741595
45983,1478.0,1243.9846479907083,234.01535200929175
45989,1495.0,1248.6055289554774,246.39447104452256
45996,1020.0,728.7180090152125,291.2819909847875
46000,1005.0,967.0812237889139,37.91877621108608
46016,985.0,1020.9560089042866,-35.95600890428659
46059,825.0,665.6377122706081,159.36228772939194
46087,1080.0,1132.4676540600597,-52.46765406005966
46093,750.0,702.8111865410123,47.18881345898774
46117,1060.0,1169.8178003503192,-109.8178003503192
46121,1020.0,937.8360602821095,82.16393971789046
46122,1130.0,1112.5535901252206,17.44640987477942
46160,825.0,1051.0845784971318,-226.08457849713182
46234,737.0,658.9510260164642,78.0489739835358
46237,1190.0,1076.961717889628,113.03828211037194
46369,723.0,1035.464125432004,-312.46412543200404
46415,1380.0,1258.3053361877232,121.69466381227676
46423,770.0,1096.479922657815,-326.479922657815
46524,1115.0,1164.2375307511168,-49.237530751116765
46535,1280.0,1193.4036883489991,86.59631165100086
46561,890.0,948.143159266526,-58.14315926652603
46630,733.0,689.166110763532,43.83388923646805
46650,1450.0,1049.1439199384406,400.8560800615594
46684,955.0,949.1985578151186,5.801442184881353
46688,1605.0,1060.7069331878363,544.2930668121637
46689,1215.0,1177.2950089703072,37.70499102969279
46714,1260.0,1210.566813025253,49.43318697474706
46719,1035.0,1177.3858066768676,-142.38580667686756
46728,1283.0,1103.693909378693,179.30609062130702
46731,1620.0,1258.1083404241165,361.8916595758835
46775,1410.0,1074.2735026606463,335.7264973393537
46815,1058.0,1071.0808673382098,-13.080867338209828
46840,528.0,686.2920897627932,-158.29208976279324
46866,1020.0,1001.8408548994631,18.159145100536875
46922,1127.0,1064.7288560620561,62.27114393794386
46948,970.0,1032.1087792848923,-62.10877928489231
46972,616.0,627.3955140975147,-11.395514097514706
47006,1190.0,1195.1165728763274,-5.116572876327382
47007,950.0,976.3211248730996,-26.32112487309962
47020,749.0,690.8754373505305,58.12456264946945
47069,778.0,968.0056111176441,-190.0056111176441
47147,1145.0,1092.3547088072476,52.64529119275244
47193,1293.0,1209.1762561125502,83.82374388744984
47223,905.0,709.488412242438,195.51158775756198
47226,1115.0,1196.8887405469466,-81.88874054694656
47258,1245.0,1225.2391407754099,19.76085922459015
47310,1045.0,1000.7654007561885,44.234599243811545
47364,955.0,710.7627442974942,244.23725570250576
47394,795.0,660.6995038320472,134.30049616795282
47419,685.0,657.6489916425121,27.3510083574879
47439,1140.0,1057.4456687841603,82.55433121583974
47462,715.0,646.0692090192558,68.93079098074418
47518,720.0,652.2392155927879,67.7607844072121
47542,713.0,675.4326518360915,37.56734816390849
47547,1200.0,1138.22032517451,61.77967482549002
47551,1180.0,1150.8829160094479,29.117083990552146
47563,1375.0,1134.7531408935888,240.2468591064112
47626,640.0,632.0719650740708,7.9280349259291825
47628,610.0,642.2889231049346,-32.28892310493461
47657,1215.0,1151.3667671627463,63.63323283725367
47666,1484.0,1189.7354711190574,294.26452888094263
47683,465.0,619.1604675279186,-154.16046752791863
47685,1060.0,1014.8726975662751,45.127302433724935
47700,780.0,706.9400842615664,73.05991573843357
47702,1048.0,1024.4925238469468,23.507476153053176
47722,575.0,654.5377099927521,-79.53770999275207
47731,1090.0,1072.2207973433879,17.779202656612142
47743,1290.0,1119.9245015470283,170.07549845297171
47765,785.0,718.5574466071023,66.44255339289771
47770,1035.0,719.1613515045777,315.83864849542226
47772,1222.0,1093.6021279517129,128.39787204828713
47814,1438.0,1154.8226365473445,283.1773634526555
47816,1082.0,1062.09344473812,19.90655526187993
47869,985.0,1048.1596049061309,-63.15960490613088
47880,1403.0,1255.4691855922051,147.53081440779488
47894,1210.0,1186.2753250453052,23.72467495469482
47900,970.0,976.0808021600903,-6.080802160090343
47905,655.0,681.8675494769997,-26.86754947699967
47914,975.0,1036.1006801606816,-61.10068016068158
47917,685.0,684.5919935447137,0.4080064552863405
47919,1270.0,1103.265421596119,166.73457840388096
47935,867.0,687.1277753100574,179.87222468994264
47947,815.0,681.3683994609355,133.6316005390645
47972,1109.0,1144.191108260022,-35.19110826002202
47985,1239.0,1067.7297753844227,171.27022461557726
47989,1219.0,1171.52051680958,47.47948319042007
48039,597.0,688.496618594607,-91.49661859460696
48047,1130.0,1053.8028186055046,76.19718139449537
48095,1385.0,1264.7970148435563,120.20298515644367
48096,685.0,631.7444269807681,53.25557301923186
48115,1455.0,1152.7823384416424,302.2176615583576
48182,775.0,673.9493410879899,101.05065891201014
48246,970.0,1105.0020727230578,-135.00207272305784
48254,690.0,660.5129433718242,29.487056628175765
48276,535.0,610.6358377029885,-75.63583770298851
48296,660.0,596.935067370527,63.06493262947299
48309,890.0,1175.683687176387,-285.6836871763869
48317,1295.0,1113.8274494132677,181.1725505867323
48341,645.0,626.7324720832975,18.267527916702534
48387,1375.0,1184.2184329740223,190.78156702597767
48399,995.0,761.9412473962699,233.0587526037301
48456,775.0,705.7736088741809,69.22639112581908
48498,885.0,1113.2054957019586,-228.20549570195863
48514,1085.0,1039.724186862898,45.27581313710198
48579,735.0,978.4877162804764,-243.48771628047643
48615,1395.0,1230.1254190067548,164.87458099324522
48632,645.0,624.205988594504,20.794011405496008
48685,1377.0,1183.820493164459,193.1795068355409
48770,795.0,702.7724519655827,92.22754803441728
48790,1460.0,1182.5948835542285,277.40511644577145
48800,1250.0,1144.7479645107196,105.25203548928039
48834,1163.0,1064.2066676430477,98.7933323569523
48882,1335.0,1248.7160045529386,86.28399544706144
48900,850.0,980.5056331694083,-130.50563316940827
48930,165.0,1163.741913740616,-998.7419137406159
48947,1175.0,1001.9313778417402,173.0686221582598
48991,1120.0,1044.7498159402078,75.25018405979222
49019,1041.0,1204.171944311012,-163.1719443110121
49039,930.0,1001.3067176980545,-71.30671769805451
49090,1255.0,1099.1874283110687,155.81257168893126
49131,1001.0,1224.0040647677038,-223.00406476770377
49183,700.0,649.9472784427782,50.052721557221844
49194,1400.0,1112.5951570742434,287.4048429257566
49259,1075.0,1033.188577048869,41.81142295113091
49294,889.0,1090.4519684105037,-201.4519684105037
49296,1595.0,1240.088364538285,354.9116354617149
49308,1040.0,1290.6343349978863,-250.6343349978863
49310,1325.0,1126.231771996995,198.7682280030051
49323,900.0,949.4759131054427,-49.475913105442714
49339,1090.0,1166.9740885245274,-76.97408852452736
49351,745.0,676.8107429449109,68.18925705508912
49361,1075.0,1090.9778843996305,-15.977884399630511
49373,1090.0,1162.8770743104149,-72.87707431041486
49383,1510.0,1212.961615770108,297.038384229892
49407,1150.0,969.4700832033674,180.52991679663262
49415,1481.0,1249.769985064663,231.23001493533707
49442,1030.0,1100.0451550051393,-70.04515500513935
49470,1690.0,1210.8031687112032,479.19683128879683
49498,1309.0,1063.264997111839,245.73500288816103
49539,983.0,871.7474254013287,111.25257459867134
49629,935.0,1037.7801248828887,-102.78012488288869
49637,661.0,707.2880535230989,-46.28805352309894
49714,600.0,627.0423169838767,-27.04231698387673
49746,1225.0,1078.9615570988017,146.03844290119832
49747,1435.0,1299.1926329308758,135.8073670691242
49767,930.0,983.1946381693243,-53.19463816932432
49772,1245.0,1147.4623204360669,97.53767956393312
49788,1200.0,1215.0775606120922,-15.077560612092157
49834,1010.0,1055.7099756248926,-45.70997562489265
49876,1165.0,1042.561662103074,122.43833789692599
49898,1160.0,1251.3282887228975,-91.32828872289747
49909,843.0,713.4455533030249,129.5544466969751
49939,780.0,642.6632072260488,137.33679277395117
49980,1105.0,1074.9875262153107,30.01247378468929
50008,1217.0,1060.900636129013,156.09936387098696
50022,1350.0,1130.2867090905588,219.71329090944118
50034,1235.0,1014.8669387612674,220.13306123873258
50045,955.0,1069.034614280009,-114.03461428000901
50089,1086.0,1050.6511899046932,35.34881009530682
50130,780.0,680.7540180133739,99.24598198662613
50159,579.0,580.5554721524403,-1.5554721524403021
50173,1360.0,1139.7920542038294,220.20794579617063
50175,980.0,1078.4622097275167,-98.46220972751667
50186,1310.0,1157.2469174094313,152.75308259056874
50251,1121.0,1091.936645001667,29.063354998332898
50263,655.0,638.5883700095114,16.411629990488564
50334,1125.0,1006.2494331943728,118.75056680562716
50341,725.0,676.019806906192,48.980193093808
50431,700.0,653.1405651967694,46.859434803230556
50493,884.0,660.5812374306054,223.41876256939463
50523,665.0,705.9205235879475,-40.920523587947514
50526,1030.0,1176.5260937319129,-146.52609373191285
50550,1280.0,1110.2836129689297,169.71638703107033
50554,1360.0,1251.3394570361943,108.66054296380571
50601,895.0,683.0154420696228,211.98455793037715
50603,1360.0,1154.7221552505687,205.27784474943132
50604,808.0,752.9126796478529,55.08732035214712
50624,775.0,701.972486759984,73.02751324001599
50657,1425.0,1163.798785288985,261.2012147110149
50674,1265.0,1042.9682461444881,222.03175385551185
50713,640.0,638.1572106449191,1.8427893550808676
50718,1158.0,1166.625637831758,-8.625637831758013
50741,1240.0,1226.198218449772,13.801781550228043
50781,1190.0,1244.5519701254975,-54.55197012549752
50814,990.0,1026.8750864799383,-36.87508647993832
50826,785.0,706.4123031048123,78.58769689518772
50843,995.0,1218.0741237329762,-223.0741237329762
50847,975.0,979.0776487355844,-4.077648735584376
50858,608.0,639.0634498299438,-31.063449829943806
50874,1100.0,997.2152194278694,102.78478057213056
50892,1169.0,1094.5458648898325,74.4541351101675
50920,990.0,1082.3237861272273,-92.32378612722732
50962,726.0,673.9493410879899,52.050658912010135
50976,1415.0,1212.5933260204597,202.4066739795403
50990,855.0,728.2179915454566,126.78200845454342
51036,1110.0,1185.9450082791823,-75.94500827918228
51067,1295.0,1015.0175469149323,279.98245308506773
51068,570.0,702.0887384751979,-132.08873847519794
51083,909.0,665.0276310250993,243.97236897490075
51091,882.0,902.3603647713827,-20.360364771382706
51103,1395.0,1106.1535062168655,288.8464937831345
51113,1210.0,1145.6564490632957,64.34355093670433
51127,1370.0,1227.729211326795,142.27078867320506
51152,1160.0,1168.3293547946096,-8.329354794609571
51171,670.0,626.1457455553052,43.85425444469479
51206,920.0,1004.0219449456032,-84.0219449456032
51273,1069.0,1013.4135844539239,55.58641554607607
51274,1200.0,1162.9241557917394,37.075844208260605
51282,1191.0,968.0085208696083,222.99147913039167
51293,1400.0,984.825011294017,415.17498870598297
51367,875.0,1184.2916241212267,-309.29162412122673
51411,635.0,665.5019930064129,-30.50199300641293
51426,807.0,690.7682312435943,116.2317687564057
51443,1250.0,1034.1205719162467,215.87942808375328
51453,1160.0,1248.1575011274003,-88.15750112740034
51456,1238.0,1195.1531457682695,42.846854231730504
51468,1110.0,1073.883986240088,36.11601375991199
51493,730.0,714.6027945141072,15.397205485892755
51501,865.0,984.7767778565743,-119.77677785657431
51502,1410.0,1187.0291391848848,222.9708608151152
51556,1060.0,1199.94592013974,-139.9459201397401
51562,1268.0,1098.7552601642246,169.24473983577536
51566,980.0,1138.4942931619291,-158.49429316192914
51597,878.0,646.771211293849,231.22878870615102
51672,570.0,620.310260323044,-50.31026032304396
51679,452.0,723.467453630611,-271.467453630611
51742,875.0,723.98842613386,151.01157386614
51805,1070.0,1155.0619245001926,-85.06192450019262
51830,1340.0,1070.484141224332,269.515858775668
51838,1479.0,1200.887123731009,278.11287626899093
51857,1210.0,966.8307452935283,243.16925470647175
51912,1102.0,1107.3777947570932,-5.37779475709317
51935,725.0,683.7885752070626,41.21142479293735
51954,1605.0,1221.009304996308,383.99069500369205
51975,1055.0,947.722740001884,107.27725999811605
51990,790.0,663.0053992400872,126.99460075991283
51995,1320.0,1176.4877187579307,143.51228124206932
52148,1373.0,1165.043543019459,207.9564569805409
52160,1455.0,1157.4441237061383,297.55587629386173
52178,716.0,701.9604835944937,14.039516405506333
52183,904.0,1134.2486238473218,-230.24862384732182
52221,1210.0,1230.976187297904,-20.976187297904062
52309,610.0,709.7665327970007,-99.76653279700065
52412,625.0,689.3614810193255,-64.36148101932554
52416,675.0,684.2529718220179,-9.252971822017912
52424,1080.0,1207.8909218133197,-127.89092181331966
52533,1035.0,719.6134449900685,315.3865550099315
52546,1300.0,1165.8044026822088,134.19559731779123
52549,352.0,1119.4054106532728,-767.4054106532728
52567,1330.0,1086.7039033312537,243.29609666874626
52576,1105.0,1041.6301655170212,63.36983448297883
52634,1025.0,1020.4038167284066,4.596183271593418
52675,1450.0,1201.7877768632047,248.21222313679527
52680,1550.0,1185.3286635172328,364.6713364827672
52711,1145.0,1064.6728910517152,80.32710894828483
52729,1005.0,1021.2041884145649,-16.204188414564896
52764,1250.0,1043.33109102956,206.66890897044004
52821,530.0,644.9875178616771,-114.98751786167713
52838,1145.0,1097.1420056352194,47.85799436478055
52861,710.0,695.092392976248,14.907607023752007
52887,1444.0,1233.3326102949416,210.66738970505844
52903,1118.0,1154.443635637748,-36.443635637748
52908,1170.0,1124.9547436125567,45.04525638744326
52930,635.0,605.0179753013721,29.982024698627924
52940,1045.0,717.7592086081635,327.2407913918365
53079,646.0,606.2428621720276,39.75713782797243
53084,644.0,675.6594882786387,-31.65948827863872
53117,885.0,946.5933120491693,-61.5933120491693
53132,890.0,1180.5103468463356,-290.51034684633555
53134,1030.0,1084.975977330475,-54.97597733047496
53190,791.0,699.8498113963302,91.15018860366979
53214,1448.0,1104.828325160865,343.171674839135
53218,1295.0,1240.748137484046,54.25186251595392
53347,1070.0,1245.990844261959,-175.99084426195896
53350,880.0,716.2401737923396,163.75982620766035
53386,640.0,726.6431543448806,-86.6431543448806
53410,790.0,705.2252593089884,84.77474069101163
53411,860.0,901.3013774363773,-41.301377436377265
53439,1205.0,1097.8997780865493,107.1002219134507
53448,1055.0,1138.7074699692905,-83.70746996929051
53506,1045.0,985.880038910571,59.11996108942901
53555,1560.0,1255.4691855922051,304.5308144077949
53608,1160.0,1134.540687382051,25.45931261794908
53643,1150.0,1022.1114601262504,127.88853987374955
53648,1240.0,1111.329848157036,128.67015184296406
53659,1290.0,1149.3978602244533,140.60213977554668
53690,976.0,939.7047903761919,36.29520962380809
53697,640.0,669.9441917144692,-29.944191714469184
53698,1125.0,1120.1497464308502,4.8502535691498
53715,1537.0,1205.9167930064787,331.08320699352134
53720,1080.0,1214.170325012921,-134.170325012921
53721,1268.0,1248.539614744204,19.460385255795927
53731,1455.0,1201.1757168672461,253.82428313275386
53737,1245.0,1277.082621812951,-32.08262181295095
53778,540.0,621.2144647381191,-81.21446473811909
53835,1325.0,1152.6213172138519,172.37868278614815
53867,1120.0,1107.3930694037217,12.60693059627829
53897,511.0,610.2303478708335,-99.2303478708335
53912,890.0,953.6844452452123,-63.68444524521226
53925,1312.0,1175.1191838193645,136.88081618063552
53965,1124.0,1235.3467848290272,-111.34678482902723
53973,1282.0,1123.1148841649833,158.88511583501668
53986,733.0,967.0869495410335,-234.0869495410335
53998,968.0,1007.5499782590275,-39.54997825902751
54068,921.0,1012.461381285289,-91.46138128528901
54108,1036.0,1225.062184491843,-189.06218449184303
54129,1433.0,1146.8342258824653,286.16577411753474
54149,1312.0,1173.840881190343,138.159118809657
54165,1075.0,997.2203959157783,77.77960408422166
54175,811.0,684.0936063364925,126.90639366350752
54186,695.0,686.9135704162585,8.086429583741506
54233,1085.0,1176.8421840048757,-91.84218400487566
54247,1410.0,1194.7276399574337,215.27236004256633
54275,595.0,700.1804088419809,-105.18040884198092
54336,717.0,720.6750979048774,-3.6750979048773615
54353,1125.0,1234.918174709508,-109.9181747095081
54442,785.0,634.7269678235649,150.2730321764351
54447,1003.0,1053.6208599745241,-50.62085997452414
54486,885.0,1129.2364625883824,-244.23646258838244
54492,1025.0,1070.8639739341152,-45.863973934115165
54497,1030.0,1113.157593613856,-83.15759361385608
54509,1231.0,1071.8905405633943,159.10945943660568
54518,732.0,697.5153908508638,34.48460914913619
54572,952.0,687.9995598368531,264.0004401631469
54599,1135.0,1086.4081320822254,48.59186791777461
54619,1655.0,1232.2705562724466,422.7294437275534
54677,1279.0,1084.1327431127825,194.86725688721754
54699,550.0,604.2988617838054,-54.298861783805364
54705,1215.0,1138.2289444517883,76.77105554821173
54724,690.0,640.1924325259286,49.80756747407145
54738,888.0,1080.93949440854,-192.93949440853999
54739,1265.0,1226.2751078096978,38.72489219030217
54742,1257.0,1147.8872168583,109.11278314169999
54759,595.0,640.3862585596918,-45.38625855969178
54763,727.0,677.0272237886758,49.97277621132423
54766,1125.0,1089.6670487244835,35.33295127551651
54799,870.0,1011.8854985892193,-141.8854985892193
54803,880.0,669.1531029650777,210.84689703492234
54931,1725.0,1252.9027084676275,472.09729153237254
54980,910.0,676.9576816060394,233.0423183939606
55054,1245.0,1127.526748949834,117.47325105016603
55056,1120.0,1154.851948348012,-34.851948348012
55062,1170.0,1058.5062252831667,111.49377471683329
55073,1050.0,1026.4987720653048,23.50122793469518
55074,1400.0,1220.0860906336466,179.91390936635344
55118,1380.0,1150.309876219927,229.690123780073
55156,1644.0,1233.385934394766,410.6140656052339
55185,1025.0,1052.6684533477392,-27.66845334773916
55228,615.0,680.3080244445932,-65.30802444459323
55235,990.0,980.2393756629978,9.760624337002241
55269,882.0,1103.8482037052804,-221.8482037052804
55351,1056.0,1145.7780523639121,-89.77805236391214
55392,1301.0,1174.3645308971445,126.6354691028555
55407,1255.0,1122.906958027019,132.09304197298093
55426,1390.0,1107.6671142153161,282.33288578468387
55432,833.0,930.4385419282011,-97.43854192820106
55458,1005.0,1036.871292652377,-31.87129265237695
55549,1230.0,1095.6591877523322,134.34081224766783
55561,1157.0,1245.3011714946172,-88.30117149461717
55598,910.0,992.2627113679317,-82.26271136793173
55602,805.0,727.7709981059056,77.22900189409438
55653,1150.0,1238.480945465532,-88.48094546553193
55663,649.0,1011.4980754607616,-362.4980754607616
55695,675.0,652.5873503875387,22.412649612461337
55704,715.0,651.7892155556002,63.21078444439979
55745,1225.0,1244.4436515797593,-19.443651579759262
55746,1045.0,939.978986086323,105.02101391367705
55757,1065.0,1118.2037829237017,-53.20378292370174
55759,705.0,661.5465491286791,43.45345087132091
55764,950.0,981.305066894463,-31.30506689446304
55839,1425.0,1180.3606551482246,244.63934485177538
55855,1136.0,1056.522915847084,79.47708415291595
55889,1555.0,1240.8629369656433,314.13706303435674
55894,1482.0,1244.572478120884,237.42752187911606
55897,1200.0,1117.0208702332043,82.97912976679572
55924,1415.0,1225.471492115198,189.5285078848019
55943,660.0,675.7001931642183,-15.700193164218263
55978,690.0,658.9517275610881,31.04827243891191
56042,1090.0,1148.3624227647063,-58.36242276470625
56074,890.0,1172.0008320272777,-282.00083202727774
56075,1495.0,1198.5160363336145,296.48396366638553
56081,1565.0,1222.991097275638,342.0089027243621
56094,1462.0,1184.1127742338817,277.88722576611826
56114,970.0,1155.061273165718,-185.06127316571792
56116,603.0,628.0519486381909,-25.05194863819088
56147,535.0,605.8851323351257,-70.88513233512572
56175,264.0,1034.7353550303048,-770.7353550303048
56180,1021.0,1147.5259194796652,-126.52591947966516
56212,710.0,656.0745695735798,53.925430426420235
56213,1180.0,1034.1601268387149,145.83987316128514
56229,700.0,689.7151999528846,10.284800047115368
56236,1125.0,1209.1762561125502,-84.17625611255016
56265,1195.0,1113.1697280744554,81.8302719255446
56286,1080.0,1147.8872168583,-67.88721685830001
56373,1181.0,1012.6445190555729,168.3554809444271
56380,875.0,943.8533463940016,-68.85334639400162
56395,1270.0,1232.5344841379392,37.46551586206078
56401,980.0,945.1634530992969,34.83654690070307
56411,1100.0,1124.8272497657674,-24.82724976576742
56417,1020.0,1081.8773880377414,-61.87738803774141
56424,1165.0,1252.3294756560904,-87.32947565609038
56446,1105.0,1193.8909038331776,-88.89090383317762
56508,1255.0,1100.0332770412385,154.96672295876147
56553,1365.0,1088.628060075141,276.3719399248589
56567,690.0,725.8763694209972,-35.87636942099721
56716,1245.0,1233.5494558090652,11.450544190934806
56718,1040.0,1063.907875334342,-23.907875334341952
56719,980.0,715.3909818377496,264.60901816225044
56730,1085.0,1087.0679495021054,-2.067949502105421
56741,745.0,698.1934435832218,46.80655641677822
56756,893.0,702.9594162440534,190.0405837559466
56763,1035.0,1116.3583473355998,-81.35834733559977
56770,1146.0,1200.3663027581895,-54.36630275818948
56772,1026.0,1019.7222861838086,6.277713816191408
56822,1280.0,1238.0835164229002,41.916483577099825
56833,762.0,677.0784953494164,84.92150465058364
56842,1185.0,1092.7372853906302,92.26271460936982
56865,675.0,717.7797787222809,-42.77977872228087
56880,1420.0,1172.2710357372898,247.72896426271018
56918,1281.0,1120.681390788213,160.3186092117869
56926,1555.0,1248.2192643992319,306.78073560076814
56935,1235.0,1139.9527718675713,95.0472281324287
56948,1036.0,1048.2129199244296,-12.21291992442957
56960,1295.0,1227.2998153403187,67.70018465968133
56979,1060.0,1158.8191791209767,-98.81917912097674
56983,905.0,1046.6349234499037,-141.63492344990368
57028,822.0,654.5747926992444,167.42520730075557
57100,840.0,678.1273984136576,161.8726015863424
57122,787.0,732.3754803669416,54.62451963305841
57138,748.0,700.4306036347497,47.56939636525033
57153,934.0,727.146391301068,206.85360869893202
57165,1120.0,1231.8002321380227,-111.8002321380227
57186,680.0,706.0961042859242,-26.096104285924184
57270,885.0,1066.1207783334933,-181.12077833349326
57306,1090.0,1095.4955253161738,-5.495525316173826
57310,645.0,671.7240959002867,-26.72409590028667
57317,1200.0,1113.4317462452009,86.56825375479912
57337,565.0,674.9739690470694,-109.97396904706943
57356,1425.0,1182.8616417828034,242.13835821719658
57359,595.0,595.8676048273337,-0.8676048273337074
57363,1480.0,1134.3584490534836,345.6415509465164
57373,1145.0,1019.1302796037332,125.86972039626676
57376,910.0,1182.1044435326546,-272.1044435326546
57399,1300.0,1262.0222641612881,37.97773583871185
57424,728.0,660.5781800564396,67.42181994356042
57428,1320.0,1162.0237828922934,157.9762171077066
57430,980.0,737.9909414002178,242.00905859978218
57441,1015.0,954.1811623788979,60.81883762110215
57468,1455.0,1189.709090214912,265.29090978508793
57530,655.0,684.6451271222645,-29.645127122264512
57532,575.0,681.1563984950169,-106.1563984950169
57553,960.0,988.8583228713866,-28.858322871386576
57589,1370.0,1091.9709836149436,278.02901638505637
57602,740.0,666.1401170265741,73.8598829734259
57653,750.0,722.8501930252467,27.149806974753346
57655,735.0,710.4595188639328,24.54048113606723
57684,890.0,710.7588170393813,179.24118296061874
57713,1215.0,1075.1031220304983,139.8968779695017
57729,645.0,710.9548508118404,-65.9548508118404
57738,670.0,625.3956063341606,44.60439366583944
57761,1300.0,1221.9630522891366,78.03694771086339
57780,645.0,695.8756070830298,-50.87560708302976
57807,1170.0,1051.8600675829794,118.13993241702065
57810,1515.0,1289.5987523326125,225.40124766738745
57815,755.0,674.126341124863,80.87365887513704
57820,945.0,1154.5607227179783,-209.56072271797825
57825,765.0,710.5325164485644,54.467483551435635
57855,1550.0,1245.751716541266,304.248283458734
57867,1420.0,1195.9702932038385,224.02970679616146
57904,753.0,618.7833832895393,134.2166167104607
57922,880.0,974.5528175806545,-94.5528175806545
57947,1160.0,1082.9262159183008,77.07378408169916
57983,980.0,1031.2722817125054,-51.272281712505446
58012,1390.0,1226.785253734112,163.21474626588792
58034,950.0,1173.5316907327758,-223.53169073277581
58042,1450.0,1137.2952024185138,312.7047975814862
58045,1323.0,1047.2586756853998,275.7413243146002
58083,1315.0,1074.658957343005,240.3410426569949
58117,836.0,951.1182410877614,-115.11824108776136
58428,1310.0,1128.771423899184,181.2285761008161
58433,997.0,1128.7382480715885,-131.7382480715885
58450,926.0,1225.789798392763,-299.78979839276303
58470,1489.0,1234.9852740063309,254.01472599366912
58475,630.0,649.5206580862716,-19.520658086271624
58485,1030.0,1081.1622356421894,-51.162235642189444
58496,775.0,631.5859431825604,143.4140568174396
58509,1070.0,1232.096792003805,-162.09679200380492
58511,738.0,1051.707831198536,-313.70783119853604
58527,1003.0,1055.696116203493,-52.69611620349292
58541,992.0,1089.7918590870463,-97.7918590870463
58549,1164.0,985.5479364972248,178.45206350277522
58550,1054.0,975.6788642865482,78.32113571345178
58646,1005.0,1178.387191289912,-173.38719128991193
58658,720.0,654.9552732914359,65.0447267085641
58715,1245.0,1250.0117579227297,-5.011757922729657
58789,1123.0,1187.568907471416,-64.56890747141597
58793,965.0,1028.7353633621524,-63.735363362152384
58853,1030.0,1019.4652015952729,10.534798404727098
58874,937.0,980.5653576044558,-43.56535760445581
58902,1219.0,1136.6326498864075,82.36735011359247
58962,1060.0,1229.566059446716,-169.56605944671605
58976,456.0,704.2301437045212,-248.2301437045212
59048,960.0,993.6076844490834,-33.60768444908342
59066,680.0,707.2031517788513,-27.203151778851293
59096,649.0,608.3501853599607,40.64981464003927
59142,605.0,1033.186542597488,-428.1865425974879
59214,978.0,1135.3675044244517,-157.36750442445168
59218,970.0,1123.9572747084023,-153.95727470840234
59305,560.0,693.5833485820274,-133.58334858202738
59306,955.0,1019.8013463422755,-64.80134634227545
59360,1279.0,980.9811837583559,298.0188162416441
59366,1107.0,1222.6911672786,-115.6911672786
59413,705.0,652.2532913065813,52.74670869341867
59468,1230.0,1123.5197073074803,106.4802926925197
59471,1210.0,1244.4387766013551,-34.43877660135513
59493,770.0,1130.3801018854176,-360.3801018854176
59508,985.0,1041.000793975125,-56.00079397512491
59520,665.0,661.0047749831567,3.9952250168432784
59678,780.0,1111.7824912445735,-331.7824912445735
59719,1300.0,1200.792773890865,99.20722610913504
59720,1300.0,1150.7340663738782,149.26593362612175
59818,1473.0,1124.2970319591325,348.7029680408675
59860,1220.0,1233.3986467064153,-13.39864670641532
59868,535.0,703.9765217866318,-168.9765217866318
59888,735.0,629.7443149876476,105.25568501235239
59899,1345.0,1045.0997786512226,299.90022134877745
59936,780.0,683.714027028605,96.28597297139504
59949,1120.0,1138.8584239978532,-18.85842399785315
60020,1202.0,1183.3713459669643,18.628654033035673
60045,1165.0,1160.2644547757238,4.735545224276166
60055,1220.0,1075.1539402746573,144.84605972534268
60060,435.0,599.3128234548653,-164.31282345486534
60076,890.0,716.8628907020454,173.13710929795457
60090,1440.0,1152.6794227425103,287.32057725748973
60098,705.0,648.6437203399718,56.356279660028235
60146,1185.0,1174.6385477629585,10.361452237041476
60158,710.0,677.6477590946437,32.352240905356325
60196,995.0,1051.5093997782872,-56.50939977828716
60269,1445.0,1154.679036692961,290.32096330703894
60290,1285.0,908.9577823994824,376.0422176005176
60305,925.0,967.9504783637187,-42.95047836371873
60320,575.0,637.7175838070857,-62.7175838070857
60382,1086.0,1003.4724974980383,82.52750250196175
60440,719.0,642.570480015087,76.42951998491299
60526,1540.0,1228.3557237914213,311.64427620857873
60553,1280.0,1242.8884953563143,37.11150464368575
60563,1245.0,1183.5803717704648,61.41962822953519
60569,990.0,690.0849192765425,299.91508072345755
60571,870.0,1032.821845546905,-162.82184554690502
60574,823.0,920.7500658033754,-97.75006580337538
60659,900.0,956.1521203628683,-56.152120362868345
60709,1110.0,1070.4989691698145,39.50103083018553
60713,1050.0,1188.171779071256,-138.17177907125597
60743,1368.0,1097.9621291482824,270.03787085171757
60779,933.0,1098.9653286592359,-165.96532865923587
60835,1080.0,1066.3764100777523,13.623589922247675
60845,1180.0,947.829398755954,232.170601244046
60999,1100.0,1172.9485792317364,-72.9485792317364
61002,1140.0,1085.8393184999327,54.16068150006731
61131,1445.0,1136.2171681190912,308.7828318809088
61189,1052.0,717.6922881867062,334.30771181329385
61274,970.0,1093.9089179224375,-123.90891792243747
61327,815.0,1026.1087083301525,-211.10870833015247
61328,920.0,1130.5622712492805,-210.56227124928046
61361,1052.0,1010.4591649651303,41.5408350348697
61396,1145.0,1240.860898178971,-95.86089817897096
61471,1380.0,1230.8234373747985,149.17656262520154
61473,1390.0,1245.420256102286,144.57974389771402
61504,1180.0,1037.2640167409706,142.73598325902935
61540,975.0,1064.379623951609,-89.37962395160889
61579,1280.0,1206.8830161603464,73.11698383965359
61617,1205.0,1070.539774136258,134.46022586374193
61650,1080.0,1061.9639527523154,18.036047247684564
61682,1555.0,1251.9682759586256,303.03172404137445
61840,1310.0,1214.9711530345235,95.02884696547653
61849,1049.0,1085.5623162569962,-36.562316256996155
61860,1020.0,1274.1641289474867,-254.1641289474867
61888,802.0,717.7299312590492,84.27006874095082
61906,735.0,691.1245615029948,43.875438497005234
61942,720.0,644.2212714845477,75.77872851545226
61986,1205.0,1213.981432468402,-8.98143246840209
61996,492.0,655.5844880781269,-163.58448807812692
62011,470.0,603.4406024810463,-133.4406024810463
62018,560.0,673.9749463856579,-113.97494638565786
62027,1070.0,1072.564743385175,-2.5647433851750066
62091,1205.0,1242.5055213882993,-37.50552138829926
62105,615.0,645.5290535892827,-30.52905358928274
62120,1025.0,1077.5791421512815,-52.57914215128153
62130,1050.0,998.8165499965389,51.183450003461076
62230,1345.0,1177.407592046454,167.59240795354594
62293,525.0,702.824565982152,-177.82456598215197
62310,1130.0,1004.6410432841952,125.35895671580477
62326,1215.0,1154.77514194475,60.224858055250024
62409,1130.0,1028.5642679952998,101.43573200470018
62416,1505.0,1007.3803103358533,497.6196896641467
62420,1015.0,1075.7761360495106,-60.77613604951057
62432,1570.0,1269.3396329768448,300.66036702315523
62489,1195.0,1181.5465005658461,13.453499434153855
62514,1455.0,1186.4340497858725,268.5659502141275
62554,1105.0,738.7087687141498,366.29123128585024
62556,1470.0,1163.5373268450242,306.46267315497585
62598,630.0,695.5058559935497,-65.50585599354974
62628,1335.0,1233.982437174568,101.01756282543192
62676,1090.0,1099.4082339216113,-9.408233921611327
62690,905.0,1009.2389964614949,-104.23899646149493
62795,530.0,628.4290982895712,-98.42909828957124
62834,1415.0,1251.0019457026633,163.9980542973367
62874,1175.0,1191.1164533054796,-16.11645330547958
62910,649.0,617.2106697839951,31.78933021600494
62928,1165.0,1239.2853697205658,-74.28536972056577
62939,1040.0,970.8224501184754,69.17754988152456
62960,710.0,612.2980749378067,97.70192506219325
62980,1159.0,1134.8910147707616,24.108985229238442
63000,1080.0,982.4154175864186,97.58458241358142
63058,1821.0,1213.7179408491634,607.2820591508366
63061,900.0,756.8578875181385,143.14211248186155
63062,1100.0,1043.8725140705535,56.12748592944649
63134,1485.0,1188.0863841174591,296.91361588254085
63179,1015.0,1055.2636542836017,-40.26365428360168
63183,1120.0,1132.5643378922653,-12.564337892265257
63188,590.0,678.6076383469755,-88.60763834697548
63238,890.0,912.7628900196031,-22.762890019603105
63257,900.0,1094.5333268186164,-194.5333268186164
63278,601.0,637.2963239483271,-36.296323948327085
63289,1545.0,1140.356016968504,404.64398303149596
63376,835.0,1007.294498520411,-172.29449852041103
63435,1110.0,1042.6117742062686,67.38822579373141
63506,545.0,560.1776137466545,-15.177613746654515
63597,650.0,705.7242406562817,-55.72424065628172
63601,730.0,650.1626497927416,79.8373502072584
63695,180.0,960.6099030432,-780.6099030432
63739,630.0,690.4372745908581,-60.437274590858124
63777,1463.0,1257.458179088857,205.54182091114308
63807,1186.0,1071.9030792027515,114.09692079724846
63827,945.0,1026.1087083301525,-81.10870833015247
63836,665.0,586.1503472817216,78.84965271827843
63911,825.0,726.8244134946736,98.17558650532635
63949,671.0,633.8566924488858,37.14330755111416
64054,815.0,708.410621237013,106.58937876298705
64084,1120.0,934.9999713487117,185.0000286512883
64176,1235.0,1127.783253966012,107.2167460339881
64177,1157.0,1029.834026892677,127.165973107323
64218,1020.0,1004.8210631989261,15.17893680107386
64253,941.0,992.7057111553924,-51.70571115539235
64268,829.0,914.7953800665232,-85.7953800665232
64328,904.0,942.3134441979951,-38.31344419799507
64406,1411.0,1123.7902550334536,287.2097449665464
64426,665.0,702.9009626136842,-37.900962613684214
64446,665.0,646.4677096599999,18.532290340000145
64536,1030.0,1219.6996524513304,-189.6996524513304
64554,666.0,643.9464922805596,22.053507719440404
64641,710.0,688.2503944959178,21.749605504082183
64681,1085.0,955.6593747832085,129.34062521679152
64685,675.0,632.0485346784487,42.95146532155127
64770,1145.0,1243.5239258851254,-98.52392588512544
64832,1165.0,1030.9015627394504,134.09843726054964
64872,925.0,705.3224893204033,219.6775106795967
64925,588.0,617.2418633384355,-29.24186333843545
64938,1250.0,1162.5239131278734,87.47608687212664
64963,1055.0,1086.3082756274378,-31.30827562743775
64987,1330.0,1174.488017526415,155.51198247358502
65001,1160.0,1019.2780646953229,140.72193530467712
65009,1260.0,1128.4258217807978,131.57417821920217
65013,678.0,666.1819391258049,11.818060874195112
65030,985.0,962.5153321470597,22.484667852940333
65057,1030.0,1023.2499371048066,6.750062895193423
65166,1102.0,1138.9004251535223,-36.90042515352229
65183,710.0,590.9790438461955,119.02095615380449
65209,825.0,674.9490755472685,150.05092445273146
65232,1150.0,1157.1675557446197,-7.167555744619676
65296,1540.0,1195.684675435565,344.31532456443506
65299,926.0,1086.4592613332977,-160.45926133329772
65354,750.0,1074.8891623162685,-324.88916231626854
65358,1475.0,1199.739170500689,275.26082949931106
65389,1136.0,1125.7878021394488,10.212197860551214
65414,1135.0,1046.039680949854,88.96031905014593
65420,1560.0,1229.724584862399,330.27541513760093
65482,1225.0,1172.9485792317364,52.0514207682636
65576,910.0,1045.5481244802488,-135.54812448024882
65597,1190.0,1164.7636133076794,25.236386692320593
65602,1080.0,1056.458180025652,23.541819974348073
65661,1000.0,1054.5830747086295,-54.58307470862951
65665,1275.0,1184.3503538048312,90.64964619516877
65685,1080.0,1025.3565315861424,54.64346841385759
65727,690.0,714.9879077939324,-24.987907793932436
65840,650.0,694.6702731551226,-44.67027315512257
65883,620.0,663.3963505794619,-43.39635057946191
65914,1070.0,985.8805596398629,84.1194403601371
65982,1000.0,1112.7488033747327,-112.74880337473269
66019,948.0,981.9618204417036,-33.961820441703594
66031,965.0,1157.2106760640359,-192.21067606403585
66056,990.0,1014.5776286340191,-24.577628634019106
66074,1025.0,1021.5418488857576,3.458151114242355
66075,1165.0,1166.4334652120704,-1.4334652120703595
66103,1150.0,1092.9494084970272,57.05059150297279
66137,1390.0,1232.6154540218276,157.38454597817235
66268,740.0,686.5861344646205,53.4138655353795
66357,980.0,1013.2138014489375,-33.21380144893749
66389,931.0,724.2877902485336,206.7122097514664
66390,1100.0,1237.6192677834451,-137.61926778344514
66417,1285.0,1105.1219309292633,179.87806907073673
66443,1360.0,1138.0053856409022,221.9946143590978
66471,1255.0,1167.8672698254238,87.13273017457618
66498,745.0,663.2116753692121,81.78832463078788
66506,1290.0,1079.2023828105075,210.79761718949248
66727,1175.0,1018.177917703662,156.82208229633795
66754,1190.0,1201.1285862635675,-11.128586263567513
66780,1115.0,1045.2859238139167,69.71407618608328
66812,655.0,682.6228836074201,-27.622883607420135
66831,678.0,637.0434539545613,40.9565460454387
66841,1345.0,1261.0370208510376,83.9629791489624
66868,600.0,623.317544301623,-23.317544301623002
66873,945.0,992.4389467579203,-47.43894675792035
66899,750.0,1048.3602950518166,-298.3602950518166
66924,590.0,698.6541764425041,-108.65417644250408
66960,1240.0,1192.7342702121357,47.2657297878643
67054,988.0,1158.9885001138987,-170.98850011389868
67161,1360.0,1107.675190595123,252.324809404877
67173,550.0,690.340604462245,-140.34060446224498
67225,880.0,1138.0734702687896,-258.0734702687896
67232,1000.0,1068.1531087265203,-68.15310872652026
67289,913.0,966.2605875955919,-53.260587595591915
67331,1050.0,1089.6700462899732,-39.67004628997324
67339,1151.0,1150.2448572553724,0.7551427446276193
67559,730.0,676.9369281865067,53.06307181349325
67614,985.0,1000.8933300885179,-15.893330088517928
67616,620.0,646.0651570020128,-26.065157002012825
67793,975.0,1061.7756900161241,-86.77569001612414
67800,1225.0,1114.5748645473668,110.42513545263319
67842,1155.0,1214.1740274671445,-59.17402746714447
67854,1305.0,1098.0075478887184,206.99245211128164
67901,780.0,954.1811623788979,-174.18116237889785
67927,749.0,1203.4529209633565,-454.4529209633565
67999,1149.0,1091.273479293635,57.72652070636491
68024,1470.0,1195.7206863695872,274.27931363041284
68089,670.0,700.2436465130658,-30.243646513065755
68173,665.0,700.498543161018,-35.498543161018006
68267,880.0,1171.448957283953,-291.44895728395295
68324,1420.0,1253.1668876247386,166.8331123752614
68325,1190.0,1082.9032793704075,107.09672062959248
68331,740.0,619.2679319589043,120.73206804109566
68343,695.0,710.0830956558798,-15.083095655879788
68365,775.0,710.2050217453401,64.7949782546599
68477,775.0,718.3363959641443,56.663604035855656
68576,790.0,659.4123618199775,130.5876381800225
68578,1125.0,1146.5230524003157,-21.52305240031569
68646,945.0,1064.032426745446,-119.03242674544595
68661,1180.0,1189.5010089963027,-9.501008996302744
68698,1180.0,1143.8742074701943,36.12579252980572
68772,1345.0,1228.1712458520842,116.82875414791579
68805,1440.0,1197.8482135603851,242.15178643961485
68827,1180.0,1110.9305855158332,69.06941448416683
68834,1050.0,1008.2560191032989,41.743980896701146
68843,589.0,632.7672270254969,-43.767227025496936
68898,975.0,1108.1241910055357,-133.12419100553575
68908,1075.0,1055.4854603382578,19.51453966174222
68931,880.0,1136.4622836718245,-256.4622836718245
68932,620.0,1071.2972790964452,-451.2972790964452
68938,995.0,1031.5565257829612,-36.55652578296122
68983,971.0,1216.2603590773488,-245.26035907734877
68988,623.0,663.2522416982258,-40.252241698225816
69095,1100.0,1042.6117742062686,57.38822579373141
69123,631.0,702.7724519655827,-71.77245196558272
69126,805.0,706.410453554418,98.58954644558196
69152,670.0,630.1111409491444,39.88885905085556
69159,1235.0,1204.6799917305514,30.320008269448635
69181,930.0,1150.027381910716,-220.02738191071603
69187,1260.0,1138.509012802976,121.49098719702397
69250,1375.0,1189.8585499600597,185.1414500399403
69320,600.0,720.8306830448205,-120.83068304482049
69337,1370.0,1236.5709224857928,133.42907751420717
69393,1325.0,1253.573129707611,71.42687029238891
69443,830.0,977.953749935648,-147.95374993564803
69507,1000.0,1068.0413005529394,-68.04130055293945
69526,430.0,593.332984498586,-163.33298449858603
69562,780.0,719.2737893318103,60.72621066818965
69576,616.0,621.8845548650086,-5.8845548650085675
69578,1205.0,1141.0706982015465,63.92930179845348
69644,1020.0,1024.7641958609936,-4.7641958609935955
69718,640.0,633.6006653868918,6.399334613108181
69724,640.0,716.958694792652,-76.95869479265195
69733,1075.0,1160.1533294775058,-85.15332947750585
69745,1060.0,1049.8509575063777,10.149042493622346
69769,1003.0,1158.0305407012129,-155.03054070121289
69795,1130.0,1191.768606545459,-61.76860654545908
69871,1294.0,1233.716109284212,60.28389071578795
69883,935.0,1008.6196916923773,-73.61969169237727
69899,1060.0,1057.589705642037,2.410294357963039
69972,1315.0,1117.4120025661496,197.58799743385043
70068,1085.0,1192.914674643302,-107.91467464330208
70081,721.0,652.5873503875387,68.41264961246134
70104,1326.0,1138.3389769989974,187.6610230010026
70174,580.0,685.5442299087435,-105.54422990874355
70251,1460.0,1193.0994181980752,266.9005818019248
70290,950.0,975.2826641454624,-25.282664145462377
70295,550.0,573.6807904024896,-23.680790402489606
70326,1235.0,1238.0689110321434,-3.0689110321434327
70356,1070.0,935.9416807580598,134.05831924194024
70357,845.0,964.3402592473129,-119.34025924731293
70408,815.0,732.713644384498,82.28635561550198
70445,1175.0,1126.0594813690145,48.94051863098548
70482,603.0,699.7140562671199,-96.71405626711987
70506,875.0,942.3795754026079,-67.37957540260788
70532,500.0,682.1542068973882,-182.15420689738824
70549,926.0,1070.2826469723188,-144.28264697231884
70560,1425.0,1130.6752855486056,294.32471445139436
70817,920.0,1116.3583473355998,-196.35834733559977
70860,958.0,944.0808452679702,13.919154732029824
70932,1040.0,1046.6804685361512,-6.680468536151238
71011,1035.0,1186.6465802124587,-151.64658021245873
71065,670.0,694.5673323934647,-24.567332393464653
71125,1169.0,1121.7425302574943,47.25746974250569
71215,805.0,991.228469638095,-186.22846963809502
71216,613.0,676.6438526352213,-63.643852635221265
71276,860.0,731.9670822435168,128.03291775648324
71328,1140.0,1077.8322736089951,62.16772639100486
71396,785.0,645.8410160794119,139.15898392058807
71408,1205.0,1163.461620959647,41.53837904035299
71438,1290.0,1010.0581306171139,279.9418693828861
71508,1412.0,1205.8649578165268,206.13504218347316
71544,729.0,662.6599370965876,66.34006290341244
71571,1140.0,1117.0980657714508,22.90193422854918
71619,955.0,1155.0148058301759,-200.01480583017587
71629,615.0,641.755232068941,-26.75523206894104
71642,485.0,586.0195446829529,-101.01954468295287
71676,1080.0,1118.9745161526898,-38.97451615268983
71691,1135.0,1194.6385937836217,-59.63859378362167
71720,1205.0,1135.0500116354242,69.9499883645758
71725,960.0,999.3235818609024,-39.323581860902436
71780,1430.0,1237.4575874034913,192.5424125965087
71794,1010.0,1232.7154122158674,-222.71541221586745
71825,1335.0,1128.0977305408887,206.90226945911127
71873,1300.0,1207.269605555533,92.73039444446704
71907,1420.0,1230.8322649231504,189.16773507684957
71965,1320.0,1225.2321889947248,94.76781100527523
71977,655.0,618.9656991768167,36.034300823183344
72031,980.0,1076.710192074327,-96.7101920743271
72048,625.0,625.0436259164483,-0.043625916448263524
72109,665.0,696.4230354145169,-31.423035414516903
72151,1165.0,1080.2304711514357,84.76952884856428
72160,430.0,593.8301266599718,-163.83012665997182
72171,1330.0,1107.9707771130918,222.0292228869082
72290,1320.0,1088.628060075141,231.3719399248589
72293,1065.0,1058.984991673308,6.015008326691941
72316,1430.0,1152.8455526970922,277.1544473029078
72317,1320.0,1154.617135400681,165.38286459931896
72338,1325.0,1233.9928622223983,91.00713777760166
72367,1025.0,1197.1348742325342,-172.13487423253423
72382,690.0,662.2677758690675,27.732224130932536
72390,1220.0,1193.4352238228241,26.564776177175872
72406,1075.0,1091.9925698613658,-16.992569861365837
72490,1235.0,1188.061759637959,46.938240362040915
72492,890.0,973.0434704062163,-83.04347040621633
72511,541.0,585.9657224859335,-44.9657224859335
72582,695.0,679.6494446090836,15.350555390916384
72594,1217.0,1167.6378707691945,49.36212923080552
72659,1275.0,1046.4826305806155,228.51736941938452
72704,1400.0,1237.360704595505,162.639295404495
72711,930.0,1050.4793161279501,-120.47931612795014
72750,1190.0,1114.2001406498707,75.79985935012928
72772,1050.0,1100.1635817762137,-50.16358177621373
72798,915.0,693.7186495951324,221.28135040486757
72807,893.0,992.1944418254756,-99.19444182547556
72842,1200.0,1211.2845270247437,-11.284527024743738
72919,1370.0,1195.1521159708934,174.84788402910658
72931,1100.0,1214.1740274671445,-114.17402746714447
72935,728.0,701.1211768663321,26.87882313366788
72947,560.0,692.475488611039,-132.47548861103905
73050,810.0,977.4547954132016,-167.45479541320162
73077,1144.0,1164.462145037375,-20.462145037374967
73124,948.0,980.1380248097323,-32.138024809732315
73140,892.0,940.1672390718534,-48.16723907185337
73146,1275.0,1253.1167604450893,21.883239554910688
73186,981.0,986.160720630749,-5.160720630748983
73296,955.0,1170.4198601109495,-215.41986011094946
73307,1505.0,1244.737337501942,260.26266249805803
73396,715.0,602.8920779188088,112.10792208119119
73541,995.0,1097.0794669541156,-102.07946695411556
73629,560.0,713.4128684773037,-153.41286847730373
73681,585.0,695.1832529493348,-110.18325294933481
73741,1170.0,1167.0482485315197,2.9517514684803245
73795,725.0,638.1194228394688,86.88057716053117
73804,1160.0,1150.4489173255884,9.551082674411646
73847,1290.0,1151.1704649882477,138.82953501175234
73891,1345.0,1149.2475475883632,195.7524524116368
73966,950.0,910.4536302187792,39.54636978122085
74032,620.0,649.5751140157902,-29.575114015790177
74040,1190.0,1048.8889606179714,141.1110393820286
74063,1100.0,1226.2751078096978,-126.27510780969783
74127,905.0,691.9649249062634,213.03507509373662
74129,1130.0,1083.0356695465653,46.96433045343474
74192,590.0,693.6771527734907,-103.67715277349066
74193,1080.0,1179.3467261401304,-99.34672614013039
74209,940.0,1140.9337281346986,-200.93372813469864
74221,1005.0,1082.6147836399082,-77.61478363990818
74226,540.0,669.9635819851818,-129.9635819851818
74234,645.0,687.2145344895418,-42.21453448954185
74298,1020.0,733.2275677195014,286.7724322804986
74299,1158.0,1126.8695686282258,31.130431371774193
74348,1335.0,1277.0833126506811,57.91668734931886
74377,535.0,662.605844634125,-127.60584463412499
74391,1190.0,1111.0551347398139,78.94486526018613
74412,1315.0,1061.356595189958,253.64340481004206
74424,730.0,715.1748884494509,14.825111550549082
74449,1130.0,1107.0655095826621,22.934490417337884
74508,915.0,972.0318090153509,-57.03180901535086
74551,1250.0,1182.698161314551,67.30183868544896
74559,1179.0,1068.4514795308671,110.54852046913288
74617,1245.0,1052.2499526338856,192.75004736611436
74633,580.0,649.0173107284089,-69.01731072840892
74756,1080.0,1114.5748645473668,-34.574864547366815
74757,615.0,696.4230354145169,-81.4230354145169
74779,1040.0,1228.3168454741726,-188.31684547417262
74811,1520.0,1212.2137048259929,307.78629517400714
74921,871.0,1061.4635026224407,-190.46350262244073
74933,1520.0,1226.8263956055061,293.17360439449385
74960,875.0,946.3815977480552,-71.38159774805524
75055,778.0,991.0379930838076,-213.03799308380758
75061,985.0,1043.7795097927783,-58.7795097927783
75071,959.0,975.590943388063,-16.59094338806301
75148,1458.0,1133.961904543115,324.038095456885
75174,920.0,1072.2993770202559,-152.29937702025586
75314,508.0,639.5738915422395,-131.5738915422395
75327,1157.0,1134.519296482931,22.48070351706906
75397,442.0,598.6063402845683,-156.60634028456832
75403,926.0,948.7487690442562,-22.748769044256164
75484,970.0,1027.0015271117848,-57.00152711178475
75505,910.0,716.231854608692,193.76814539130805
75529,705.0,711.3978626824694,-6.397862682469395
75540,635.0,740.0130800293841,-105.01308002938413
75600,733.0,713.4128684773037,19.587131522696268
75617,675.0,632.9734699357692,42.02653006423077
75663,660.0,635.5575547536952,24.44244524630483
75687,605.0,693.7803601140251,-88.78036011402514
75695,675.0,728.8074610874226,-53.80746108742255
75727,805.0,692.4012313493433,112.59876865065667
75760,710.0,922.4455470555309,-212.44554705553094
75763,1120.0,1161.3935778891105,-41.393577889110475
75828,684.0,660.8852349968423,23.114765003157686
75916,1330.0,1142.6926294319992,187.3073705680008
75958,675.0,659.7148986070237,15.285101392976344
75996,1090.0,1078.8696282678432,11.130371732156846
76017,910.0,1039.8912041718281,-129.89120417182812
76179,1091.0,946.9334796698878,144.0665203301122
76234,948.0,1021.8086609017214,-73.8086609017214
76239,1280.0,1052.2978041071128,227.70219589288718
76266,915.0,1190.883308207733,-275.8833082077331
76501,815.0,717.4732287038012,97.52677129619883
76518,1045.0,1178.9305279230261,-133.93052792302615
76564,1030.0,1003.7901867403602,26.20981325963976
76588,691.0,664.1463840161296,26.85361598387044
76642,960.0,1100.422729567921,-140.4227295679209
76651,1323.0,1228.0862267702569,94.91377322974313
76677,582.0,690.2085417161679,-108.20854171616793
76704,1190.0,1173.4999922212337,16.500007778766303
76715,1245.0,1125.5353232411862,119.46467675881377
76777,595.0,685.8858758660328,-90.88587586603285
76859,735.0,614.3482053746415,120.65179462535855
76876,1150.0,1098.2936670275963,51.70633297240374
77066,890.0,733.6389499239749,156.3610500760251
77106,1190.0,1088.1476073323365,101.85239266766348
77173,665.0,655.1780281876376,9.821971812362449
77226,1180.0,1123.567982008708,56.432017991292014
77390,525.0,570.5117071506832,-45.51170715068315
77408,740.0,943.9116240817877,-203.91162408178775
77419,575.0,626.0519898989562,-51.05198989895621
77459,1265.0,1179.1775317047584,85.8224682952416
77520,930.0,1177.685499872684,-247.68549987268398
77563,570.0,621.8515328165466,-51.85153281654664
77618,1100.0,1111.347754424437,-11.347754424436971
77628,1160.0,1181.7554446801391,-21.755444680139135
77657,1430.0,1220.304141395848,209.6958586041519
77684,1190.0,981.305066894463,208.69493310553696
77700,1030.0,974.489686582741,55.510313417259
77715,1145.0,1220.0279481734256,-75.02794817342556
77748,985.0,1089.9499056481038,-104.94990564810382
77761,613.0,645.6996910939479,-32.69969109394788
77832,1175.0,1097.5659831890675,77.43401681093246
77911,950.0,1008.9703024328583,-58.97030243285826
77923,1205.0,1040.5865566917994,164.4134433082006
77956,860.0,948.7541812809701,-88.7541812809701
78048,804.0,1127.6513118522078,-323.65131185220775
78098,642.0,679.1535750446867,-37.153575044686704
78101,1100.0,1058.0346337271135,41.96536627288651
78200,1315.0,1112.2711246849665,202.72887531503352
78268,787.0,1047.8212585335857,-260.8212585335857
78272,680.0,632.3120384324095,47.68796156759049
78391,926.0,963.8009995262911,-37.80099952629109
78401,1275.0,1251.7874798781681,23.212520121831858
78448,793.0,1053.9699025200637,-260.96990252006367
78523,942.0,1095.8392850904083,-153.83928509040834
78553,1090.0,1055.1259829877147,34.87401701228532
78570,867.0,707.0898969030728,159.91010309692717
78579,488.0,646.2988281111889,-158.29882811118887
78629,524.0,615.3919844400572,-91.39198444005717
78716,1295.0,1133.7916794250116,161.20832057498842
78772,1310.0,1241.5175826068519,68.48241739314813
78821,1290.0,1236.601097525531,53.39890247446897
78838,555.0,644.9856535210836,-89.98565352108358
78855,1090.0,1105.9208341790827,-15.920834179082703
78879,920.0,1029.3905685743507,-109.39056857435071
78885,1100.0,1100.2610269577392,-0.2610269577392046
78896,745.0,1044.2596625093074,-299.2596625093074
78919,1115.0,1041.977867858603,73.02213214139692
78923,1250.0,1252.9140180443983,-2.91401804439829
78981,550.0,608.2112497816147,-58.2112497816147
78985,1265.0,1186.2753250453052,78.72467495469482
78996,1080.0,1148.8101471467871,-68.81014714678713
79011,980.0,1080.1049002381221,-100.10490023812213
79037,1130.0,1107.1060583214755,22.89394167852447
79052,720.0,699.3686882433066,20.631311756693435
79095,1045.0,1127.3866143331772,-82.38661433317725
79175,1130.0,1073.0246111971294,56.97538880287061
79216,840.0,960.2407577986864,-120.24075779868645
79241,759.0,951.067441669326,-192.06744166932594
79266,900.0,723.1496378184341,176.85036218156586
79285,565.0,671.7419402759614,-106.74194027596138
79343,770.0,988.1853308949244,-218.1853308949244
79387,720.0,642.551404438695,77.44859556130496
79398,745.0,707.401572098708,37.598427901291984
79439,1309.0,1195.7625707439008,113.23742925609918
79457,1050.0,1184.8397793940828,-134.83977939408283
79483,1135.0,1147.288078393,-12.288078392999978
79707,780.0,950.9603396310836,-170.96033963108357
79726,580.0,676.1495363378402,-96.14953633784023
79762,1020.0,956.5273816232152,63.472618376784794
79787,630.0,658.4041334995936,-28.404133499593627
79817,465.0,665.5477162907175,-200.54771629071752
79843,1045.0,1085.6739366329552,-40.67393663295525
79917,1113.0,1036.877480522999,76.1225194770011
79919,540.0,648.8586412347321,-108.85864123473209
79941,1170.0,1117.219694634564,52.78030536543611
79981,980.0,1068.0338928294977,-88.03389282949774
80026,670.0,698.7599321312582,-28.75993213125821
80061,795.0,973.0438488957681,-178.04384889576806
80066,765.0,952.2022672304099,-187.20226723040992
80097,1130.0,1025.3123841166826,104.68761588331745
80194,1080.0,1238.3043338286282,-158.30433382862816
80234,1390.0,1236.971614891268,153.02838510873198
80327,1420.0,1203.5166078142097,216.4833921857903
80344,754.0,637.2159564299858,116.7840435700142
80400,555.0,662.9109113930415,-107.91091139304149
80605,1265.0,1177.8690071736041,87.13099282639587
80635,765.0,634.0985622501881,130.90143774981186
80722,1204.0,1139.6140469991692,64.3859530008308
80850,954.0,1236.571042174556,-282.57104217455594
80856,630.0,697.1543666869364,-67.15436668693644
80934,1115.0,1157.928232808305,-42.92823280830498
80964,965.0,987.2220820074482,-22.222082007448194
81072,1036.0,1137.0876647675188,-101.08766476751885
81101,1020.0,1064.53340894964,-44.533408949640034
81134,735.0,590.1727441344071,144.82725586559286
81175,655.0,718.0144858603238,-63.014485860323816
81194,1220.0,1082.2837103495729,137.71628965042714
81209,1352.0,1047.9477814950162,304.0522185049838
81234,705.0,698.9723045217122,6.0276954782877965
81361,1030.0,1047.193976968874,-17.19397696887404
81380,630.0,582.16761502855,47.83238497144998
81416,645.0,671.4691624387967,-26.46916243879673
81444,1180.0,1063.1573267902534,116.84267320974664
81445,1445.0,1136.6329593080345,308.3670406919655
81616,1515.0,1163.2606426375417,351.73935736245835
81643,1003.0,1173.7880903404373,-170.7880903404373
81711,1420.0,1181.374309100133,238.6256908998671
81743,1543.0,1189.6145444641868,353.3854555358132
81814,710.0,682.8287193215868,27.171280678413154
81815,1400.0,1193.7519128331937,206.24808716680627
81935,720.0,687.9995598368531,32.00044016314689
81993,1115.0,949.5994124732911,165.40058752670893
82023,1020.0,1139.9800794627179,-119.98007946271787
82086,1015.0,974.8267241563136,40.17327584368638
82119,1275.0,1062.191329540924,212.80867045907598
82196,612.0,610.4605381860445,1.5394618139555405
82239,1225.0,1166.4037942456248,58.596205754375205
82245,1045.0,1204.144642689113,-159.14464268911297
82309,1010.0,1170.827287973646,-160.82728797364598
82317,665.0,625.4077598162454,39.5922401837546
82425,1280.0,1227.1135598136786,52.88644018632135
82432,784.0,696.0571179776197,87.94288202238033
82483,1395.0,1198.503323433773,196.49667656622705
82497,1130.0,948.4953700641748,181.50462993582516
82523,875.0,1212.1781566439051,-337.17815664390514
82628,1315.0,1168.359340636369,146.6406593636309
82638,920.0,698.0440062304292,221.9559937695708
82642,1640.0,1231.0735490523598,408.9264509476402
82708,430.0,619.9759100452382,-189.97591004523815
82761,1210.0,1179.3402321697588,30.659767830241208
82817,1275.0,1018.7766626141753,256.2233373858247
82818,1705.0,1226.1443009394136,478.8556990605864
82879,985.0,1055.7263846932192,-70.72638469321919
82922,1195.0,1085.9104091018557,109.08959089814425
82941,1300.0,1103.809361454736,196.19063854526394
82961,1183.0,1154.0454754867826,28.954524513217393
83020,995.0,1067.7776762335343,-72.7776762335343
83254,1555.0,1255.1297979419055,299.8702020580945
83333,1165.0,1044.8047091064414,120.19529089355865
83439,670.0,688.9390319243341,-18.93903192433413
83601,1020.0,1278.459388903831,-258.45938890383104
83607,1036.0,982.1698887407458,53.83011125925418
83802,1350.0,1178.6766600317392,171.32333996826083
83883,779.0,687.6853803477858,91.31461965221422
83987,1014.0,1069.8256237401217,-55.82562374012173
83994,711.0,715.8231151784563,-4.823115178456305
84022,1110.0,1120.090366775642,-10.090366775641996
84282,1407.0,1223.0850351017525,183.9149648982475
84384,1535.0,1124.7231129332586,410.27688706674144
84554,1245.0,1196.0429652263717,48.957034773628266
84688,1566.0,1265.1112998022886,300.8887001977114
84788,1040.0,1041.9959678123962,-1.9959678123962021
84850,1285.0,1090.403674696205,194.59632530379508
84899,1460.0,1259.9214446723731,200.07855532762687
84908,1080.0,1048.1036676265335,31.89633237346652
84914,1056.0,1038.2761450668754,17.723854933124585
85101,1345.0,1120.8697240051392,224.13027599486077
85175,1250.0,1204.9066499148748,45.09335008512517
85230,1160.0,1147.333592638549,12.666407361451093
85262,1075.0,952.5463810379583,122.45361896204167
85431,1330.0,1200.524436552296,129.47556344770396
85507,1548.0,1213.1363545851864,334.8636454148136
85548,1215.0,1226.436243474652,-11.436243474651974
85778,790.0,726.8226985773281,63.17730142267192
85903,1125.0,1029.435994145243,95.56400585475694
85979,741.0,646.7508748067874,94.24912519321265
86049,870.0,976.1260155122033,-106.12601551220325
86110,1020.0,1063.4545636915777,-43.45456369157773
86155,1105.0,1081.4093813903391,23.59061860966085
86225,1290.0,1030.0889479394848,259.9110520605152
86255,1150.0,1197.6158462809822,-47.61584628098217
86261,1405.0,1198.2321628032068,206.76783719679315
86285,1330.0,1245.101067009878,84.89893299012192
86297,1260.0,1237.149245527696,22.85075447230406
86337,1110.0,1153.685042223704,-43.68504222370393
86431,985.0,715.434044361482,269.56595563851795
86435,660.0,705.0459311189829,-45.045931118982935
86443,1440.0,1171.6561808340705,268.3438191659295
86485,945.0,1120.4389812619227,-175.43898126192266
86620,1480.0,1202.1181290163051,277.88187098369485
86638,1025.0,1002.8229341992411,22.177065800758896
86722,745.0,715.0873594553092,29.912640544690817
86736,1285.0,1192.7480174217856,92.25198257821444
86738,1310.0,1085.0849720853596,224.9150279146404
86828,430.0,649.8258169474849,-219.8258169474849
86877,1595.0,1198.4001788013488,396.59982119865117
86895,1120.0,1228.9946965003132,-108.99469650031324
86906,645.0,689.7738387492323,-44.773838749232254
86922,665.0,710.1000774872418,-45.10007748724183
86975,1285.0,1189.401409750969,95.59859024903108
86987,1197.0,1081.3014369284385,115.69856307156147
87000,1385.0,1155.561432942689,229.43856705731105
87053,720.0,666.704516421882,53.295483578118024
87073,545.0,627.7477764797704,-82.74777647977044
87102,911.0,720.0787327763179,190.9212672236821
87105,776.0,708.0998818619416,67.90011813805836
87121,1310.0,1177.9131277319211,132.08687226807888
87136,921.0,685.7047090907655,235.2952909092345
87138,740.0,645.8496187182809,94.15038128171909
87177,625.0,655.2155760088325,-30.2155760088325
87267,660.0,697.7864297500815,-37.78642975008154
87270,1040.0,1030.1419295040403,9.858070495959737
87285,650.0,690.7499603276177,-40.749960327617714
87386,1030.0,1119.9995850126475,-89.99958501264746
87394,680.0,720.6750979048774,-40.67509790487736
87404,995.0,1069.7046735030533,-74.7046735030533
87424,790.0,1042.561662103074,-252.561662103074
87450,1325.0,1209.4183073401484,115.58169265985157
87454,940.0,1011.8612232657714,-71.8612232657714
87546,1210.0,1121.5043450346936,88.49565496530636
87558,1100.0,1154.5705340351249,-54.570534035124865
87586,1270.0,1014.3569692939604,255.64303070603955
87612,995.0,721.0208323934386,273.9791676065614
87629,1375.0,1242.291588307998,132.70841169200207
87671,765.0,714.0264467745936,50.97355322540636
87698,900.0,1148.324535076507,-248.3245350765069
87707,1609.0,1260.091248065548,348.9087519344521
87715,1190.0,1125.0107480582064,64.98925194179355
87798,1030.0,1239.6262942908484,-209.62629429084836
87830,1465.0,1073.1324042195238,391.8675957804762
87840,1395.0,1186.8936112170904,208.10638878290956
87871,665.0,658.6597153593386,6.340284640661366
87880,1245.0,1248.2454555367085,-3.245455536708505
87886,790.0,700.2144677104857,89.78553228951432
87913,1130.0,1165.9996443891418,-35.99964438914185
87914,1235.0,1174.1248649712345,60.8751350287655
87951,917.0,729.400292981942,187.59970701805798
87956,1185.0,1113.1451638687495,71.85483613125052
88302,1184.0,1174.3228803704683,9.677119629531717
88327,735.0,680.847916203114,54.15208379688602
88344,680.0,626.9244997970509,53.075500202949115
88421,950.0,969.4784114907671,-19.478411490767144
88429,930.0,1058.7248758244248,-128.72487582442477
88437,948.0,718.1557028324099,229.84429716759007
88493,840.0,1130.673520217205,-290.6735202172049
88501,775.0,635.7202020336423,139.2797979663577
88516,1250.0,1171.3869630274226,78.61303697257745
88598,1235.0,1188.287847133494,46.7121528665059
88620,1180.0,1107.413529727323,72.58647027267693
88622,696.0,681.766222648139,14.233777351861022
88681,985.0,1041.3585460996321,-56.35854609963212
88701,593.0,685.2386050770132,-92.23860507701318
88720,1160.0,1195.0607145690885,-35.06071456908853
88765,1456.0,1179.119659232827,276.88034076717304
88776,1355.0,1166.3560136557712,188.64398634422878
88828,1327.0,1215.4136272580465,111.58637274195348
88872,710.0,636.2638075468678,73.73619245313216
88886,1255.0,1091.73915394329,163.26084605671008
88912,470.0,603.2763229258912,-133.27632292589124
88915,890.0,1025.8582619549866,-135.85826195498657
88917,1224.0,1119.7637896550007,104.23621034499934
88926,699.0,653.7417721484064,45.258227851593574
88958,711.0,644.455910669992,66.54408933000798
89012,1375.0,1120.8158457092895,254.18415429071047
89044,930.0,1061.85611257965,-131.85611257965002
89066,1275.0,1113.1305039796744,161.86949602032564
89086,865.0,698.5067733040029,166.49322669599712
89118,1265.0,1189.0798974687787,75.92010253122135
89125,650.0,681.6610538841986,-31.661053884198623
89141,902.0,1066.7280991690006,-164.72809916900064
89157,755.0,732.855553865173,22.144446134827035
89308,720.0,663.5394877028722,56.46051229712782
89323,1140.0,1171.6523231427175,-31.652323142717478
89324,1425.0,1182.7651566165844,242.23484338341564
89374,1335.0,1167.8339204327517,167.1660795672483
89390,1195.0,1023.410431904357,171.58956809564302
89402,750.0,922.3505497844926,-172.3505497844926
89434,1100.0,1107.1353448415643,-7.135344841564347
89512,813.0,712.3489520835279,100.65104791647207
89513,1170.0,1072.2989077996178,97.70109220038216
89521,1310.0,1156.5146976664532,153.48530233354677
89575,630.0,629.7459752754199,0.25402472458006287
89588,750.0,615.4615775233772,134.53842247662283
89594,1355.0,1184.2184329740223,170.78156702597767
89597,1100.0,1165.6179184844925,-65.61791848449252
89604,1140.0,992.7394875769751,147.26051242302492
89653,720.0,690.340604462245,29.659395537755017
89660,705.0,637.0787249740531,67.9212750259469
89752,1060.0,697.4339977413696,362.5660022586304
89833,995.0,1037.038873008161,-42.03887300816109
89836,1075.0,1154.3585214003638,-79.35852140036377
89898,1300.0,1153.5309336968799,146.46906630312014
89943,870.0,732.4015015591905,137.59849844080952
89965,800.0,688.1121211333656,111.88787886663442
90069,910.0,1045.3073215656843,-135.30732156568433
90208,846.0,647.2847983334889,198.71520166651112
90263,735.0,712.9500811180865,22.049918881913527
90269,1040.0,1215.668950719308,-175.668950719308
90323,887.0,1046.9667985971657,-159.96679859716573
90355,1356.0,1106.9346939205052,249.0653060794948
90393,1185.0,1033.994367417489,151.005632582511
90425,900.0,983.2585059533417,-83.25850595334168
90444,1035.0,727.2675956151684,307.7324043848316
90480,785.0,675.8948746326082,109.10512536739179
90484,950.0,1104.618822133755,-154.61882213375497
90565,840.0,759.7070592932182,80.29294070678179
90569,530.0,710.4829344458111,-180.4829344458111
90580,1100.0,1001.6769367979116,98.3230632020884
90740,695.0,603.4650591260993,91.53494087390072
90853,1445.0,1294.4109748012959,150.58902519870412
90916,671.0,719.7159079311986,-48.71590793119856
90925,1240.0,1244.5410452539722,-4.541045253972243
90944,1275.0,1204.8433700992093,70.15662990079068
91023,750.0,668.4965268337587,81.50347316624129
91069,1370.0,1105.708488505376,264.29151149462405
91192,1160.0,1190.2033294968062,-30.20332949680619
91284,790.0,1106.0592000341157,-316.05920003411575
91361,985.0,1013.1882198956976,-28.188219895697557
91387,1114.0,1091.9185315434454,22.081468456554603
91395,815.0,960.0296218583774,-145.02962185837737
91541,1150.0,972.4676154699009,177.53238453009908
91545,1455.0,1202.2037955015423,252.79620449845766
91616,1155.0,1272.4994248522698,-117.49942485226984
91628,1395.0,1252.491846084645,142.50815391535502
91655,893.0,687.8760475613662,205.12395243863375
91714,1125.0,1121.4072183544545,3.5927816455455286
91781,1760.0,1223.8872818367204,536.1127181632796
91828,1312.0,1113.575717531821,198.42428246817894
91856,1090.0,1060.2842660854676,29.715733914532393
91870,1415.0,1115.0399930594742,299.9600069405258
91875,1070.0,1060.2479126364728,9.752087363527153
91906,1515.0,1174.3638655862042,340.63613441379584
91909,827.0,664.4274820389919,162.5725179610081
91980,1115.0,1071.8875363906993,43.112463609300676
91999,1065.0,1247.03304901138,-182.03304901137994
92004,1385.0,1147.65713848262,237.34286151738002
92013,1369.0,1132.9303993713577,236.06960062864232
92084,1113.0,993.2027943806565,119.79720561934346
92091,1387.0,1207.4119865872497,179.58801341275034
92152,965.0,982.5910899656407,-17.591089965640663
92193,793.0,1056.7093317400115,-263.7093317400115
92243,1070.0,976.4066259659882,93.59337403401184
92287,825.0,943.3695702228886,-118.36957022288857
92294,1411.0,934.5733243778466,476.4266756221534
92318,1081.0,979.3038130422606,101.69618695773943
92399,1095.0,953.3979515280287,141.60204847197133
92417,1070.0,1211.052023304323,-141.05202330432303
92460,1149.0,985.477921634549,163.52207836545097
92463,1310.0,1173.6893413764585,136.31065862354149
92488,859.0,916.4044787054662,-57.404478705466204
92517,995.0,1021.1043583511116,-26.104358351111614
92549,1180.0,1103.6496336669486,76.3503663330514
92553,1110.0,1190.0848054496464,-80.08480544964641
92614,1345.0,1208.383645064433,136.61635493556696
92621,745.0,693.6168689739706,51.383131026029446
92644,1200.0,1093.0193622784973,106.98063772150272
92669,840.0,981.096560611436,-141.09656061143596
92678,776.0,630.5798835371395,145.4201164628605
92770,1180.0,1109.2894457028508,70.7105542971492
92785,650.0,684.2529999134791,-34.25299991347913
92862,1310.0,1087.545170298626,222.4548297013739
92871,1213.0,1096.3586824907175,116.64131750928254
92900,825.0,698.5577547579423,126.44224524205765
92904,1344.0,1194.8081863163495,149.19181368365048
93001,1239.0,1130.667630066118,108.33236993388209
93071,991.0,936.3301942777766,54.66980572222337
93089,1230.0,1128.5677461566127,101.43225384338734
93099,1210.0,1209.221709652061,0.7782903479389915
93141,1250.0,1097.0018862796003,152.99811372039972
93188,1420.0,1097.0819354341995,322.9180645658005
93192,1047.0,1077.604530398158,-30.604530398157976
93193,650.0,711.3533419340738,-61.353341934073796
93244,985.0,974.966646277647,10.033353722353013
93254,965.0,1021.214985509812,-56.21498550981198
93274,1170.0,1093.0015009613162,76.9984990386838
93358,1460.0,1167.6761054745405,292.32389452545954
93414,1028.0,1071.6974858618073,-43.69748586180731
93432,975.0,988.6412027090118,-13.64120270901185
93438,1149.0,1080.862884490264,68.13711550973608
93530,1050.0,1025.1028282673499,24.897171732650122
93549,835.0,1087.985370738807,-252.98537073880698
93550,1070.0,1093.6391971759385,-23.639197175938534
93563,1150.0,1025.1272986138717,124.87270138612826
93588,875.0,697.3794262550659,177.62057374493406
93597,1375.0,1206.051004863861,168.94899513613905
93621,1258.0,1022.3054580476864,235.69454195231356
93635,785.0,719.3631857170129,65.63681428298707
93647,874.0,1048.1479924580867,-174.14799245808672
93677,1257.0,1120.6905387036165,136.30946129638346
93717,1080.0,1170.374205360772,-90.37420536077207
93751,840.0,1007.141402212177,-167.141402212177
93758,1030.0,987.6324412935917,42.36755870640832
93779,1400.0,1210.5693457826262,189.43065421737379
93885,1230.0,1209.1060654808346,20.89393451916544
93893,1335.0,1147.5892379416523,187.4107620583477
93894,1400.0,1153.8545404080628,246.1454595919372
93931,1080.0,1112.7488033747327,-32.74880337473269
93977,1270.0,1252.5106288839283,17.489371116071652
93999,1345.0,1131.9327999374257,213.06720006257433
94014,882.0,1067.281255654524,-185.2812556545241
94025,995.0,1011.5822358960163,-16.5822358960163
94116,740.0,715.2089927516568,24.79100724834325
94163,1155.0,1114.0049121961324,40.99508780386759
94187,1020.0,1188.6432701214426,-168.64327012144258
94251,625.0,881.5804396588906,-256.58043965889055
94257,1385.0,1109.8439117802761,275.15608821972387
94366,1085.0,1196.808072015497,-111.80807201549692
94377,1188.0,1178.3479409295476,9.652059070452424
94391,1235.0,1108.6636777597946,126.33632224020539
94411,1240.0,1259.2877439796112,-19.28774397961115
94431,1468.0,1233.9382480903776,234.06175190962244
94466,1115.0,1058.554794449629,56.44520555037093
94472,955.0,1083.6274094156588,-128.6274094156588
94474,1070.0,984.1178017873269,85.88219821267307
94503,775.0,1093.81329843119,-318.8132984311901
94530,915.0,1104.451867107205,-189.4518671072051
94560,1335.0,1246.414734109289,88.58526589071107
94581,1306.0,1121.4124424914862,184.58755750851378
94582,1147.0,1068.1647913171155,78.83520868288451
94626,1130.0,1076.2532313352533,53.746768664746696
94632,1030.0,980.2608678677233,49.73913213227672
94649,1030.0,971.3822827987511,58.617717201248865
94681,1202.0,1055.0888889128814,146.91111108711857
94809,1284.0,1091.9680455869634,192.0319544130366
94812,795.0,724.976066282637,70.02393371736298
94813,905.0,969.6620400351004,-64.6620400351004
94815,1545.0,1257.9463377538536,287.05366224614636
94821,875.0,1156.8685606350004,-281.86856063500045
94840,1020.0,1064.3618833622688,-44.36188336226883
94866,655.0,696.2719138132297,-41.27191381322973
94902,1135.0,1014.4679691254432,120.53203087455677
94927,1351.0,1188.8443670369884,162.1556329630116
94960,1263.0,1081.1024578946315,181.89754210536853
95034,920.0,1183.4054971994606,-263.40549719946057
95062,1280.0,1104.573349106982,175.42665089301795
95063,1190.0,1108.0864870690602,81.91351293093976
95072,1400.0,1111.1564337955929,288.8435662044071
95081,1456.0,1203.099180886869,252.9008191131311
95118,1155.0,1200.105292739134,-45.10529273913403
95127,1350.0,1208.8400271990172,141.1599728009828
95137,965.0,724.2411685493154,240.75883145068462
95145,1409.0,1233.0191238903226,175.9808761096774
95158,680.0,593.388664920796,86.61133507920397
95161,700.0,688.496618594607,11.503381405393043
95172,1014.0,1159.261485722252,-145.26148572225202
95211,1210.0,1055.0158835810214,154.9841164189786
95226,801.0,650.2448633425457,150.75513665745427
95227,1130.0,1057.1780434373354,72.82195656266458
95243,1191.0,1041.9225018464692,149.07749815353077
95251,1303.0,1223.4004292848529,79.59957071514714
95259,1405.0,1216.3294132649332,188.67058673506676
95316,1179.0,1136.0498353954372,42.950164604562815
95327,1080.0,1059.881661072083,20.118338927916966
95350,861.0,726.5630814385809,134.43691856141913
95357,1415.0,1228.3827079473936,186.61729205260644
95385,505.0,596.4306985958929,-91.43069859589286
95448,1140.0,1253.7632662238027,-113.7632662238027
95472,815.0,693.2081405726839,121.79185942731613
95485,970.0,952.3453218161443,17.654678183855708
95506,1160.0,1166.011756668828,-6.011756668827957
95542,1155.0,1080.330398724322,74.6696012756779
95560,675.0,688.0748664603416,-13.074866460341582
95572,810.0,712.7364488912477,97.26355110875227
95593,1180.0,990.6466200412956,189.3533799587044
95597,1430.0,1183.6959385928003,246.3040614071997
95611,1095.0,1019.3680474906051,75.63195250939486
95635,780.0,693.9939262746641,86.00607372533591
95665,1185.0,1010.1449197386936,174.8550802613064
95686,1290.0,1208.9486374225485,81.05136257745153
95700,1110.0,1154.0840800531353,-44.08408005313527
95715,490.0,961.6927057465906,-471.6927057465906
95727,1020.0,1091.1680282686111,-71.16802826861112
95730,1098.0,1024.6588279277175,73.34117207228246
95738,1450.0,1187.3990921280065,262.6009078719935
95750,1170.0,1086.9577419323678,83.04225806763225
95758,1120.0,1061.5267447878784,58.47325521212156
95803,850.0,1050.3103119373673,-200.31031193736726
95829,1335.0,1111.376831185125,223.62316881487504
95856,1240.0,1054.5038123592076,185.4961876407924
95866,770.0,685.0630511732455,84.93694882675447
95886,1289.0,1179.7337703224307,109.2662296775693
95892,1763.0,1099.7967129044544,663.2032870955456
95903,715.0,661.3306395828039,53.66936041719612
95909,1085.0,1050.6297310827167,34.37026891728328
95916,1205.0,1178.5429431987927,26.457056801207273
95944,725.0,672.9613053658411,52.0386946341589
95946,635.0,734.9200448303487,-99.92004483034873
95947,760.0,664.1293592811234,95.87064071887664
95954,1185.0,1188.1965135378455,-3.196513537845476
95958,789.0,681.3713258632364,107.6286741367636
95959,1275.0,1128.6593870924871,146.34061290751288
95962,1301.0,1135.6325453745585,165.3674546254415
95963,1411.0,1229.776806358227,181.22319364177292
95964,925.0,1094.8153490672346,-169.8153490672346
95976,980.0,944.38315195597,35.61684804403001
95981,1110.0,1166.9740885245274,-56.97408852452736
95983,678.0,651.0454844965822,26.954515503417838
95997,1102.0,946.9879312913826,155.01206870861745
95999,1110.0,682.6628271696004,427.3371728303996
96004,1230.0,1120.1437150627496,109.8562849372504
96006,1345.0,1238.2144520202885,106.78554797971151
96038,600.0,706.1799395435196,-106.1799395435196
96040,850.0,1018.3535224793965,-168.35352247939647
96049,1210.0,1138.7899084435628,71.21009155643719
96102,1365.0,1117.8472715224684,247.15272847753158
96114,995.0,704.0057755052594,290.9942244947406
96123,830.0,1217.8368344105504,-387.8368344105504
96131,1195.0,1237.193210546652,-42.193210546651926
96133,965.0,1023.2759833611723,-58.27598336117228
96158,1213.0,1214.7735307444182,-1.7735307444181672
96160,1190.0,1192.1527183911583,-2.1527183911582597
96161,1334.0,1143.9603545556042,190.03964544439577
96167,1070.0,1138.868277323664,-68.86827732366396
96205,1262.0,1031.2709487377836,230.72905126221644
96213,573.0,693.7803601140251,-120.78036011402514
96222,1235.0,1249.475785324594,-14.475785324593971
96232,1334.0,1133.1254917477386,200.87450825226142
96280,1065.0,1108.1282803814915,-43.12828038149155
96286,1460.0,1002.1482985883126,457.8517014116874
96305,1285.0,1207.3586729367178,77.64132706328223
96310,1750.0,1255.0782809481686,494.92171905183136
96379,1390.0,1141.2233802498647,248.7766197501353
96408,971.0,708.5451463329596,262.4548536670404
96447,585.0,703.441616644135,-118.44161664413502
96457,1127.0,1113.8274494132677,13.172550586732314
96545,1020.0,1061.2222523678827,-41.222252367882675
96554,1190.0,1075.9571023001376,114.04289769986235
96558,1045.0,1148.2790359800067,-103.27903598000671
96563,1295.0,1257.1044826702168,37.89551732978316
96582,1197.0,1176.695432474094,20.304567525905895
96612,721.0,635.699890929371,85.30010907062899
96626,1534.0,1217.2399567304335,316.7600432695665
96643,1265.0,1081.312616028648,183.6873839713519
96646,1047.0,1103.5523463155907,-56.55234631559074
96674,1452.0,1190.8867314082381,261.1132685917619
96677,1050.0,1163.4023889574996,-113.40238895749962
96690,835.0,593.6630497727741,241.33695022722588
96700,1137.0,1219.4833269922012,-82.48332699220123
96737,1315.0,1120.9317519017497,194.06824809825025
96744,760.0,705.1881102822674,54.81188971773258
96783,838.0,644.6772676696609,193.32273233033914
96788,1372.0,1135.2299129569903,236.77008704300965
96792,838.0,972.1990309655489,-134.1990309655489
96803,560.0,636.0352304210096,-76.0352304210096
96805,790.0,611.548374368766,178.45162563123404
96816,873.0,708.0998818619416,164.90011813805836
96847,770.0,689.0378522715719,80.96214772842814
96856,1170.0,1035.7094123459967,134.29058765400328
96860,793.0,955.1786946175753,-162.17869461757527
96867,1010.0,1085.169269318349,-75.16926931834905
96894,1310.0,1196.2591978902826,113.74080210971738
96899,1298.0,1221.3069574314472,76.69304256855276
96918,1060.0,1010.9466720562875,49.053327943712475
96924,1240.0,1172.1719236435765,67.82807635642348
96982,1150.0,1071.817619720913,78.18238027908706
96986,1466.0,1157.721268980507,308.2787310194931
96993,1090.0,1075.9166911043349,14.08330889566514
96999,1240.0,1206.8979809620837,33.10201903791631
97000,1570.0,1226.377127845693,343.62287215430706
97001,1191.0,1155.2329111424192,35.7670888575808
97007,1208.0,1149.9611760460016,58.03882395399842
97027,520.0,724.4632095009215,-204.4632095009215
97034,990.0,1130.468150988571,-140.4681509885711
97040,1470.0,1228.5852242795067,241.41477572049325
97043,1300.0,1216.3638447945384,83.63615520546159
97074,640.0,644.5349661317033,-4.5349661317033
97082,1150.0,1028.3183975550005,121.6816024449995
97108,1110.0,1230.8006022025095,-120.80060220250948
97119,870.0,1081.0042329117243,-211.00423291172433
97158,1036.0,1019.0951278939892,16.90487210601077
97159,970.0,1068.1349498863551,-98.13494988635512
97169,920.0,980.8954176448261,-60.895417644826125
97208,1356.0,1194.4434023924355,161.55659760756453
97219,1455.0,1152.1801825770185,302.8198174229815
97251,1478.0,1214.8585125733473,263.1414874266527
97252,621.0,1245.089119416034,-624.089119416034
97265,720.0,711.283204880124,8.716795119875997
97272,1310.0,1124.6952360009184,185.30476399908162
97279,1063.0,1077.3967898716237,-14.396789871623696
97327,1003.0,1107.1323873505041,-104.13238735050413
97333,885.0,1024.843130602514,-139.84313060251407
97360,865.0,1153.3098328685167,-288.30983286851665
97362,990.0,1014.4551805356331,-24.455180535633076
97372,1195.0,1054.9075074682569,140.09249253174312
97403,1345.0,1231.6775339156102,113.32246608438982
97415,887.0,1031.6792183185694,-144.67921831856938
97469,870.0,985.073781231619,-115.07378123161902
97489,1530.0,1248.7411334128162,281.2588665871838
97492,1150.0,1174.3638655862042,-24.363865586204156
97505,687.0,582.1433304414043,104.85666955859574
97543,1290.0,1228.4787823672955,61.52121763270452
97550,1197.0,1081.7226529348925,115.2773470651075
97568,1010.0,1249.304589594811,-239.30458959481098
97575,1550.0,1215.021549932196,334.97845006780403
97600,1598.0,1057.7093275652076,540.2906724347924
97622,1555.0,1243.3366182838718,311.66338171612824
97628,887.0,923.1353829033175,-36.13538290331746
97634,600.0,656.1642038277827,-56.16420382778267
97635,732.0,994.7864659322607,-262.78646593226074
97644,1102.0,1009.5696237780946,92.43037622190536
97669,745.0,732.4869634470507,12.513036552949302
97686,915.0,938.2015287553288,-23.20152875532881
97693,535.0,635.6679856053905,-100.66798560539053
97710,1020.0,1007.2195849331073,12.780415066892715
97716,1450.0,1276.8358230371252,173.16417696287476
97724,1045.0,1109.383857292545,-64.38385729254492
97725,1275.0,1175.0220846711488,99.97791532885117
97744,1495.0,1232.3569056040187,262.6430943959813
97769,1191.0,1021.7671418525792,169.23285814742076
97772,1206.0,1096.9481279116474,109.05187208835264
97774,730.0,683.137423942497,46.86257605750302
97779,865.0,674.2313650170025,190.76863498299747
97781,1120.0,1088.249513533218,31.750486466781922
97785,1155.0,1270.5093035117802,-115.50930351178022
97817,775.0,683.0548355688795,91.94516443112047
97830,727.0,933.0232580235127,-206.02325802351265
97835,700.0,694.4336900060403,5.566309993959749
97845,660.0,944.1175514896327,-284.11755148963266
97851,730.0,726.0652879293398,3.9347120706602254
97852,1325.0,1151.5917513586207,173.40824864137926
97861,1438.0,1212.724438176563,225.2755618234371
97869,1170.0,1218.7544319141027,-48.754431914102724
97907,1080.0,1114.808919656086,-34.80891965608589
97932,1091.0,1092.126110438186,-1.1261104381860605
97969,1118.0,1035.943878138794,82.05612186120607
98004,1084.0,1021.8925542722708,62.107445727729214
98013,1036.0,1176.5583229135568,-140.55832291355682
98019,1164.0,1079.16864644693,84.8313535530699
98020,1495.0,1066.9098732132086,428.0901267867914
98023,625.0,692.4715705745161,-67.47157057451614
98024,1350.0,1234.6350536678756,115.36494633212442
98027,610.0,677.6437166253627,-67.64371662536269
98034,1460.0,1189.323646225229,270.6763537747711
98038,1280.0,1115.224902380698,164.77509761930196
98094,1170.0,1077.7653747865343,92.23462521346573
98097,1019.0,981.212650446021,37.78734955397897
98103,1168.0,1155.3552555544816,12.644744445518427
98120,840.0,727.5714959589573,112.42850404104274
98145,870.0,996.2255970887458,-126.22559708874576
98155,1400.0,1270.1253755996574,129.87462440034255
98162,1050.0,1143.7750336811887,-93.77503368118869
98190,770.0,711.3197911209077,58.68020887909233
98268,992.0,1200.9306866854904,-208.9306866854904
98270,1102.0,1119.0371072322873,-17.037107232287326
98272,1113.0,1119.3323252399668,-6.332325239966849
98298,635.0,709.9769569142054,-74.9769569142054
98301,930.0,1057.589705642037,-127.58970564203696
98304,960.0,1128.4849299888006,-168.48492998880056
98309,670.0,625.757105523878,44.242894476122046
98319,1100.0,1110.4291038761457,-10.429103876145746
98321,766.0,994.5493061612931,-228.5493061612931
98335,954.0,1052.0894565633073,-98.0894565633073
98350,1405.0,1134.7572312019731,270.2427687980269
98363,975.0,1141.3216980164514,-166.32169801645136
98365,826.0,1033.186542597488,-207.18654259748791
98407,1255.0,1111.7465661957513,143.25343380424874
98440,1341.0,1073.0645911975384,267.93540880246155
98454,1565.0,1238.024176755559,326.975823244441
98481,977.0,691.0515413128519,285.9484586871481
98492,1279.0,1280.1488689354267,-1.1488689354266626
98501,850.0,968.6685722248436,-118.66857222484362
98545,1325.0,1125.5527634469124,199.44723655308758
98575,775.0,1102.7727963962743,-327.7727963962743
98577,1070.0,1098.5449377132247,-28.544937713224726
98581,905.0,1024.2107573275666,-119.21075732756663
98599,953.0,1006.796887510316,-53.79688751031597
98623,550.0,650.3533062714891,-100.35330627148915
98624,1343.0,1132.7115707403796,210.28842925962044
98630,1282.0,1163.0583557775838,118.94164422241624
98636,1370.0,1139.2907801147055,230.7092198852945
98641,1030.0,979.460415469868,50.53958453013195
98645,800.0,657.7342702042728,142.26572979572722
98661,1010.0,961.5085831778438,48.491416822156225
98667,1360.0,1101.5261568925325,258.4738431074675
98676,1165.0,1035.4324274410521,129.56757255894786
98678,1090.0,1194.0187139167138,-104.01871391671375
98686,1435.0,1186.004217496473,248.99578250352693
98688,1075.0,1022.1524597437025,52.84754025629752
98692,915.0,735.7112932502891,179.28870674971085
98696,917.0,1048.5277176762959,-131.52771767629588
98710,1260.0,1179.9226867448638,80.07731325513623
98729,890.0,1098.035538037669,-208.03553803766908
98735,1440.0,1144.4040884667843,295.5959115332157
98737,1231.0,1068.0123758056536,162.98762419434638
98753,1110.0,1208.6670833251892,-98.6670833251892
98766,1315.0,1177.601741569237,137.398258430763
98770,620.0,709.1750751170191,-89.1750751170191
98784,525.0,601.9416785438307,-76.94167854383068
98818,1275.0,1067.8978203955128,207.10217960448722
98841,565.0,659.8501299837417,-94.85012998374168
98853,1115.0,1181.0266334025923,-66.02663340259232
98864,710.0,720.2100980046089,-10.21009800460888
98879,995.0,740.1891580526853,254.81084194731466
98888,775.0,621.9325134657706,153.06748653422937
98895,1360.0,1198.1356288470688,161.8643711529312
98921,1098.0,1040.6850210928078,57.3149789071922
98946,1220.0,996.3583564419076,223.64164355809237
98947,1395.0,1156.7329522661682,238.26704773383176
98955,1310.0,1066.516789538524,243.4832104614759
98960,1555.0,1098.743377424875,456.256622575125
99053,1340.0,1052.4828307557539,287.51716924424613
99069,1021.0,1121.9706202398502,-100.97062023985018
99116,1008.0,1009.7477421121723,-1.7477421121723182
99118,1575.0,1295.4906635383654,279.5093364616346
99121,1230.0,982.0653821056535,247.9346178943465
99164,950.0,708.296765379326,241.70323462067404
99245,1195.0,1024.819948698277,170.1800513017231
99246,1003.0,1091.6551237668812,-88.65512376688116
99249,1090.0,1086.1551491673902,3.8448508326098363
99325,1010.0,1033.9154202286277,-23.91542022862768
99334,1452.0,1213.1754462881452,238.82455371185483
99385,1300.0,1181.8985688314162,118.10143116858376
99401,1225.0,1012.0449018598781,212.9550981401219
99403,1565.0,1191.8701239883803,373.1298760116197
99484,820.0,747.4988927993273,72.50110720067266
99488,1345.0,1234.4722450123477,110.52775498765232
99490,1065.0,1099.7585478826334,-34.758547882633366
99508,1178.0,1023.1296256128674,154.87037438713264
99523,1300.0,1188.5567298289818,111.44327017101818
99532,745.0,1073.7415903980839,-328.7415903980839
99565,1090.0,1130.7390760218059,-40.739076021805886
99571,940.0,1099.9403662594973,-159.9403662594973
99572,1310.0,1131.46061709216,178.53938290784004
99580,1330.0,1122.01235285144,207.98764714855997
99597,730.0,736.2011366706563,-6.201136670656297
99611,1090.0,1138.4880072327287,-48.488007232728705
99650,1095.0,1081.239362209734,13.760637790265946
99659,1170.0,1150.456001020001,19.54399897999906
99683,1418.0,1109.8965692225909,308.10343077740913
99694,1289.0,1205.6568638823505,83.34313611764946
99695,1312.0,1207.4062773641267,104.59372263587329
99713,1180.0,1080.579365057723,99.42063494227705
99714,893.0,992.2961125703893,-99.29611257038925
99729,785.0,637.0905795724287,147.90942042757126
99738,942.0,990.2177906067566,-48.21779060675658
99754,1193.0,1183.882556513436,9.11744348656407
99755,848.0,1042.9635645228182,-194.96356452281816
99762,875.0,954.7572755354809,-79.75727553548086
99808,1550.0,1016.6566415166618,533.3433584833382
99825,1195.0,1162.5239131278734,32.47608687212664
99830,1180.0,1174.8902789480342,5.109721051965835
99842,785.0,667.9967959290678,117.00320407093216
99856,755.0,672.4945288954494,82.50547110455057
99943,1240.0,1160.0244302346737,79.97556976532633
99960,790.0,653.986376210555,136.01362378944498
99964,1115.0,1229.0080405659721,-114.00804056597212
99980,1405.0,1255.4190704394557,149.5809295605443
99997,1180.0,1080.1720673921152,99.8279326078848
100003,1185.0,1060.871886292714,124.12811370728605
100005,1150.0,1085.969382539772,64.03061746022809
100007,1080.0,1154.0684886396257,-74.06848863962568
100036,600.0,708.6263766978647,-108.62637669786466
100043,680.0,697.7864297500815,-17.78642975008154
100049,1030.0,1041.6169831548875,-11.61698315488752
100066,1210.0,1236.403840846839,-26.403840846839103
100078,1508.0,1108.0864870690602,399.91351293093976
100091,1185.0,1067.3553169015834,117.64468309841664
100097,795.0,719.340506870485,75.659493129515
100123,555.0,600.1440779688676,-45.14407796886758
100133,1080.0,1106.1796937766164,-26.179693776616432
100140,1070.0,1081.3597167464059,-11.359716746405866
100142,826.0,681.0801644909202,144.9198355090798
100164,660.0,706.826946473357,-46.826946473357
100185,945.0,1127.8467654800604,-182.8467654800604
100207,640.0,711.2104699605619,-71.21046996056191
100233,1260.0,1184.3881872368056,75.6118127631944
100243,1390.0,1092.7372853906302,297.2627146093698
100252,1551.0,1267.066510040266,283.93348995973406
100265,1260.0,1214.2853345041988,45.71466549580123
100269,1210.0,1200.9919709694216,9.008029030578427
100291,990.0,1029.834026892677,-39.834026892677
100311,953.0,1022.1077339477974,-69.10773394779744
100314,1125.0,1013.4210932198885,111.57890678011154
100322,948.0,1041.787678034042,-93.78767803404207
100353,565.0,668.3194460418798,-103.31944604187981
100402,1140.0,1134.0295025567948,5.970497443205204
100430,810.0,701.8118246305607,108.18817536943925
100433,970.0,1095.5407840800158,-125.54078408001578
100479,840.0,1043.268662704113,-203.268662704113
100496,1080.0,1023.0101608503979,56.98983914960206
100506,845.0,960.3100244692472,-115.3100244692472
100513,935.0,1158.2876295702335,-223.28762957023355
100564,1292.0,1192.83022539314,99.16977460686007
100570,1070.0,1106.362220245815,-36.362220245815024
100581,1020.0,1020.549480561866,-0.5494805618659484
100582,1050.0,1219.4833269922012,-169.48332699220123
100610,925.0,1184.8966284140688,-259.8966284140688
100611,926.0,1108.1055569990087,-182.10555699900874
100612,1391.0,1247.2559787712871,143.74402122871288
100633,827.0,944.4871055093633,-117.48710550936335
100638,765.0,665.8476197555894,99.15238024441055
100658,855.0,658.3340046781773,196.66599532182272
100685,945.0,1130.26455968928,-185.26455968928008
100695,970.0,1048.7491296881892,-78.74912968818921
100706,1181.0,1059.531213549742,121.468786450258
100733,1220.0,1206.6715181618101,13.328481838189873
100753,1255.0,1230.6457669326146,24.354233067385394
100755,600.0,678.7703594447001,-78.77035944470015
100760,1335.0,1184.3508816224507,150.64911837754926
100769,930.0,1108.0864870690602,-178.08648706906024
100793,710.0,696.3940926703958,13.605907329604179
100795,1280.0,1173.2815894527369,106.71841054726315
100802,510.0,645.1158463410877,-135.11584634108772
100813,1010.0,973.0962395326485,36.9037604673515
100846,805.0,904.2908243857296,-99.2908243857296
100875,1291.0,1240.8585521201603,50.14144787983969
100876,660.0,711.6047793668114,-51.604779366811385
100886,660.0,715.0374725400357,-55.03747254003565
100889,1058.0,1043.465618552511,14.534381447489068
100892,1500.0,1228.5081911294642,271.4918088705358
100902,1370.0,1192.4014025596437,177.59859744035634
100914,981.0,1156.6738880072355,-175.67388800723552
100915,1150.0,1046.7646916206747,103.23530837932526
100918,1286.0,1162.7548652046407,123.24513479535926
100935,937.0,1104.573349106982,-167.57334910698205
100957,1032.0,1095.7594759895335,-63.759475989533485
100997,811.0,608.7529061439423,202.24709385605775
101020,1400.0,1160.4615789404795,239.5384210595205
101032,970.0,1055.7736623607366,-85.77366236073658
101036,1320.0,1071.9375463406657,248.06245365933432
101039,1085.0,1140.5203679251315,-55.520367925131495
101041,1000.0,1034.6024643859266,-34.60246438592662
101057,1490.0,1097.2328328965577,392.76716710344226
101069,870.0,692.934510057663,177.06548994233697
101086,1113.0,1074.6953555069756,38.3046444930244
101090,1345.0,1206.9037874891014,138.09621251089857
101110,1130.0,1170.3035737310877,-40.30357373108768
101127,1356.0,1186.4916365757203,169.50836342427965
101132,619.0,697.5388250302981,-78.53882503029809
101146,370.0,642.2706776474141,-272.2706776474141
101147,1280.0,1128.3391544884291,151.66084551157087
101149,1275.0,1141.5709033778676,133.42909662213242
101151,1055.0,1102.045794144389,-47.04579414438899
101164,608.0,686.9207773185606,-78.92077731856057
101172,1286.0,1211.8407669883784,74.15923301162161
101197,750.0,675.7182441738115,74.28175582618849
101198,1090.0,1048.813590273797,41.18640972620301
101208,981.0,714.5082625023324,266.4917374976676
101216,1105.0,990.1484298849323,114.85157011506772
101220,735.0,717.9013814879145,17.098618512085523
101229,610.0,664.7811334377626,-54.781133437762605
101250,1380.0,1117.2324612131858,262.76753878681416
101260,545.0,705.304871573643,-160.30487157364303
101290,1185.0,1201.7485810178273,-16.74858101782729
101294,1422.0,1236.7703510231688,185.2296489768312
101299,1150.0,1124.478898361427,25.5211016385731
101309,1590.0,1278.7820070148812,311.2179929851188
101311,1030.0,1292.3434575841088,-262.3434575841088
101338,940.0,682.3031477731242,257.69685222687576
101354,1215.0,1097.663979560213,117.33602043978703
101397,1125.0,687.6891055062565,437.3108944937435
101405,1040.0,1115.9832317314942,-75.98323173149424
101433,1025.0,1085.23101844818,-60.231018448180066
101439,710.0,710.7049140075172,-0.7049140075172318
101446,510.0,648.8509649971179,-138.8509649971179
101470,725.0,631.7521339699716,93.24786603002838
101477,1050.0,1036.1074468135707,13.892553186429268
101482,1169.0,1080.0267309462845,88.97326905371551
101483,1246.0,1227.835417796535,18.164582203464988
101496,1175.0,1238.2841679133603,-63.28416791336031
101502,1325.0,1246.2284968557506,78.77150314424944
101529,1415.0,1259.098027326329,155.90197267367103
101544,925.0,1111.7824912445735,-186.78249124457352
101586,970.0,1152.0860070043202,-182.0860070043202
101623,1112.0,1215.2474170895948,-103.24741708959482
101640,1180.0,1091.348889293552,88.65111070644798
101644,948.0,1009.4009659071386,-61.400965907138584
101650,771.0,953.1499981081568,-182.14999810815675
101674,1268.0,1191.8013380887005,76.1986619112995
101688,1420.0,1241.845180856482,178.1548191435179
101697,1389.0,1012.2211865105621,376.7788134894379
101704,945.0,966.8117360643696,-21.811736064369597
101713,623.0,701.2464608999028,-78.24646089990279
101717,1124.0,1164.5963485292675,-40.596348529267516
101719,721.0,731.8814579284011,-10.881457928401119
101722,1058.0,1050.1848155992313,7.815184400768658
101724,854.0,717.360197001694,136.63980299830598
101725,1444.0,1235.227355245911,208.77264475408901
101744,618.0,689.8016164652265,-71.80161646522652
101748,1202.0,1058.984991673308,143.01500832669194
101767,948.0,730.0941910730814,217.90580892691855
101777,681.0,585.0447268422972,95.95527315770278
101806,942.0,1247.2559787712871,-305.2559787712871
101872,1213.0,1020.0662921294478,192.9337078705522
101877,776.0,691.8268438900898,84.17315610991022
101888,937.0,1067.933666449999,-130.933666449999
101899,815.0,1007.3240713960146,-192.32407139601457
101906,860.0,970.0813319599292,-110.08133195992923
101912,1257.0,1139.2577506234538,117.74224937654617
101922,1358.0,1163.84692491277,194.15307508723004
101957,959.0,997.2482188012447,-38.24821880124466
101976,1488.0,1163.2302473565796,324.76975264342036
101979,1224.0,1183.460225364822,40.53977463517799
102009,1110.0,1032.8007499603948,77.1992500396052
102015,865.0,1032.3336581354918,-167.33365813549176
102030,1342.0,1191.66063767905,150.33936232094993
102062,1250.0,1119.982053301982,130.01794669801802
102063,1160.0,1133.0180239233314,26.981976076668616
102064,1120.0,1154.385890799673,-34.38589079967301
102090,992.0,1032.3608245488642,-40.36082454886423
102119,1000.0,1089.7790887885258,-89.77908878852577
102125,705.0,645.8455092218185,59.154490778181525
102163,1237.0,1008.642819725824,228.35718027417602
102168,1400.0,1198.2459658079135,201.75403419208646
102169,538.0,665.614571391377,-127.61457139137701
102177,1329.0,1102.6377785814507,226.36222141854932
102185,1147.0,1197.8538081239708,-50.85380812397079
102187,948.0,1137.362020390038,-189.36202039003797
102192,1076.0,1136.1307388680898,-60.13073886808979
102197,1060.0,1079.4774253869691,-19.477425386969117
102255,1095.0,1164.469662945843,-69.46966294584308
102280,1080.0,1050.6297310827167,29.370268917283283
102295,670.0,654.8971432325618,15.102856767438197
102297,894.0,708.6263766978647,185.37362330213534
102320,630.0,671.2803060828323,-41.28030608283234
102331,1380.0,1085.9694622256952,294.0305377743048
102336,1060.0,1093.375498527499,-33.375498527499076
102361,940.0,1026.8793833870263,-86.87938338702634
102370,875.0,1028.5032134642797,-153.50321346427972
102371,1235.0,1237.2857230624277,-2.285723062427678
102377,1315.0,1086.3879992383168,228.61200076168325
102384,1360.0,1121.084102530885,238.91589746911495
102409,555.0,677.6010664981062,-122.6010664981062
102415,684.0,725.1309103748931,-41.13091037489312
102416,1230.0,1152.0464403463102,77.95355965368981
102462,1515.0,1235.2689259596425,279.7310740403575
102467,750.0,707.7063277402344,42.29367225976557
102487,1410.0,1248.4878613331532,161.5121386668468
102501,1150.0,1232.7428110427588,-82.74281104275883
102525,1155.0,1118.1522180000761,36.84778199992388
102559,970.0,1142.1988471964594,-172.19884719645938
102583,1375.0,1260.7730651738773,114.22693482612272
102590,1350.0,1172.2238254420333,177.77617455796667
102593,614.0,666.4553557295227,-52.455355729522694
102597,1445.0,1283.724311377623,161.27568862237695
102601,1370.0,1172.6848306914844,197.31516930851558
102602,1163.0,1043.3541644725285,119.64583552747149
102630,1430.0,1179.7175697262257,250.28243027377425
102661,1222.0,1122.6171685621457,99.38283143785429
102663,703.0,671.2547603694999,31.745239630500123
102669,770.0,701.8078688146346,68.19213118536538
102670,654.0,610.6551581071438,43.34484189285615
102672,1225.0,1172.765067545693,52.234932454307
102681,1045.0,1003.8001662429384,41.19983375706158
102685,935.0,1028.8248671869362,-93.82486718693622
102707,1464.0,1238.1909198445783,225.80908015542173
102753,610.0,687.1269452590718,-77.12694525907182
102760,1475.0,1148.7674945574595,326.2325054425405
102765,1342.0,1143.549058602484,198.4509413975161
102772,1145.0,1029.9650059331036,115.03499406689639
102788,1365.0,1232.7890444561142,132.2109555438858
102838,1195.0,1249.0221708612355,-54.02217086123551
102839,662.0,594.1167955701517,67.88320442984832
102857,1025.0,980.5840293011767,44.415970698823344
102859,1160.0,1025.5681547532356,134.4318452467644
102868,1175.0,1132.4707580937245,42.5292419062755
102894,1245.0,1107.1739059490112,137.8260940509888
102906,1375.0,1186.5959438958366,188.40405610416337
102914,1595.0,1283.1275482844972,311.87245171550285
102918,930.0,996.9034513518292,-66.90345135182918
102920,850.0,670.3572640676169,179.64273593238306
102962,1160.0,1111.9940729679658,48.00592703203415
102974,1045.0,1222.1313053950316,-177.13130539503163
102979,505.0,935.8247658944324,-430.8247658944324
102983,1000.0,724.8116335064038,275.18836649359616
102984,1000.0,1118.6990227045892,-118.6990227045892
103009,1375.0,1207.8636483197026,167.13635168029737
103011,966.0,977.8015447012564,-11.801544701256375
103019,565.0,657.8779802702695,-92.87798027026952
103022,1070.0,1081.805958701969,-11.805958701969075
103052,1105.0,1190.2036871803616,-85.20368718036161
103088,1469.0,1236.2273812447613,232.77261875523868
103090,1475.0,1179.4016981420323,295.5983018579677
103096,1215.0,1167.9615586159043,47.03844138409568
103103,1440.0,1262.4925158307205,177.50748416927945
103110,1346.0,1188.6103704807801,157.38962951921985
103113,490.0,646.4677096599999,-156.46770965999985
103126,1240.0,1203.9712986715003,36.028701328499665
103143,865.0,743.0515639345945,121.94843606540553
103159,760.0,703.5222890384223,56.47771096157771
103171,1380.0,1163.9386744435799,216.06132555642012
103175,1160.0,1029.821868412995,130.17813158700505
103176,865.0,698.9705644996681,166.02943550033194
103180,770.0,721.2115982128332,48.78840178716678
103207,1060.0,1146.315633024732,-86.31563302473205
103226,1145.0,1159.7128518534505,-14.712851853450502
103249,855.0,939.6202480713284,-84.62024807132843
103256,1305.0,1242.0602107095015,62.93978929049854
103267,715.0,651.7255905483688,63.274409451631186
103311,1060.0,1075.1355031474745,-15.135503147474537
103363,1220.0,1253.563858481792,-33.56385848179207
103366,950.0,1092.0551231332795,-142.0551231332795
103367,1060.0,1009.2552772513336,50.74472274866639
103373,710.0,710.3090387504711,-0.3090387504711316
103389,1030.0,715.7372242759229,314.2627757240771
103417,1370.0,1220.6968227846678,149.3031772153322
103420,1105.0,1150.456001020001,-45.45600102000094
103428,500.0,732.4589170192019,-232.45891701920186
103493,1140.0,1116.974692319391,23.025307680609103
103504,1020.0,1032.0810071093356,-12.081007109335587
103533,755.0,708.7791981595265,46.22080184047354
103539,1325.0,1217.9610730984011,107.03892690159887
103548,850.0,695.4476279254355,154.55237207456446
103565,1350.0,1185.1726606710724,164.82733932892756
103571,871.0,1126.5440794744566,-255.54407947445657
103590,610.0,655.4816426164122,-45.48164261641216
103595,1110.0,1093.3107072383452,16.68929276165477
103602,1000.0,1043.5546441414906,-43.5546441414906
103607,999.0,1059.943586767512,-60.94358676751199
103612,880.0,1069.2753843776402,-189.2753843776402
103618,755.0,709.5594123719025,45.440587628097546
103620,1130.0,1078.4142994851986,51.585700514801374
103626,738.0,1023.5486635727447,-285.54866357274466
103632,857.0,662.03726839721,194.96273160278997
103634,1230.0,1223.4434739610601,6.5565260389398645
103650,600.0,735.4805563294545,-135.48055632945454
103665,990.0,1083.2165340856468,-93.2165340856468
103672,1050.0,1049.6427748411518,0.35722515884822315
103683,800.0,691.6173691231618,108.38263087683822
103691,1025.0,1070.4989691698145,-45.49896916981447
103718,635.0,666.9436758716934,-31.943675871693358
103720,920.0,721.1192784348999,198.8807215651001
103728,920.0,718.5552213262669,201.44477867373314
103780,950.0,723.2914285073097,226.70857149269034
103797,1037.0,721.7749220733951,315.22507792660485
103803,940.0,987.6272482911613,-47.62724829116132
103808,580.0,711.8118244596768,-131.8118244596768
103816,620.0,665.911011075579,-45.91101107557904
103830,1120.0,1140.3855947441918,-20.38559474419185
103835,1165.0,1086.4433016367925,78.55669836320749
103875,890.0,681.8710270169968,208.12897298300322
103918,1410.0,1252.5932470000776,157.40675299992245
103923,705.0,708.2831686983576,-3.283168698357599
103935,860.0,712.2862568748403,147.71374312515968
103950,1465.0,1218.3297481300935,246.67025186990645
103970,1165.0,1112.812820659352,52.18717934064807
104044,1275.0,981.0903560641009,293.9096439358991
104045,900.0,1017.3474961529203,-117.34749615292026
104075,636.0,712.0115297893896,-76.01152978938956
104087,665.0,711.0123704851244,-46.01237048512439
104097,1125.0,1139.4174840221826,-14.417484022182634
104100,1268.0,1044.3845777661318,223.61542223386823
104101,1360.0,1176.1109068792732,183.88909312072678
104110,1045.0,1165.8044026822088,-120.80440268220877
104117,1365.0,1198.804845492542,166.19515450745803
104120,1047.0,1085.9744119658833,-38.97441196588329
104125,1345.0,1199.138161950632,145.8618380493681
104136,555.0,608.2700012878292,-53.270001287829245
104145,732.0,634.2670496668411,97.7329503331589
104165,1279.0,1142.1676401305774,136.8323598694226
104172,545.0,691.2421812432974,-146.2421812432974
104181,1017.0,1236.0112904217465,-219.01129042174648
104191,813.0,679.3055512009189,133.6944487990811
104192,820.0,1031.6998978864578,-211.69989788645785
104204,1387.0,1237.9749208664011,149.02507913359887
104208,625.0,648.4121988570952,-23.412198857095177
104212,1120.0,1173.7010157256152,-53.70101572561521
104215,720.0,620.7943561843987,99.20564381560132
104223,1085.0,1151.9786602324314,-66.97866023243137
104241,1150.0,1099.7841510511084,50.21584894889156
104256,1165.0,1053.6340409593784,111.36595904062165
104265,1070.0,1139.5515664393297,-69.55156643932969
104283,945.0,1050.8715712263424,-105.87157122634244
104287,1300.0,1118.5413353934744,181.45866460652564
104292,1195.0,1250.125915806662,-55.12591580666208
104293,1165.0,1201.843047521048,-36.84304752104799
104307,705.0,683.2010480598318,21.798951940168195
104314,1145.0,1056.5575546865564,88.44244531344361
104318,915.0,1255.0273330472714,-340.02733304727144
104321,707.0,714.875802208813,-7.8758022088129565
104338,1370.0,1242.9298073372934,127.07019266270663
104345,800.0,687.2758705310717,112.72412946892825
104346,955.0,1119.4287350548868,-164.42873505488683
104347,1190.0,1182.1893968750458,7.810603124954241
104365,1025.0,1038.9838089443901,-13.983808944390148
104375,1125.0,1147.7487629711936,-22.748762971193628
104376,1135.0,1099.1058872807153,35.89411271928475
104382,1465.0,1175.7682366372826,289.2317633627174
104391,1415.0,1150.5553151312433,264.44468486875667
104401,515.0,709.6233664278826,-194.62336642788262
104407,1360.0,1211.1764303163973,148.82356968360273
104423,1335.0,1180.7345628272294,154.2654371727706
104426,1030.0,1243.4013419348562,-213.4013419348562
104428,1270.0,1161.5755428682546,108.42445713174538
104447,2367.0,666.0976017894852,1700.9023982105148
104450,730.0,720.2813891584472,9.718610841552845
104453,1010.0,1186.251624234141,-176.251624234141
104467,880.0,725.5543287309999,154.44567126900006
104475,1110.0,964.2997455698791,145.70025443012094
104505,998.0,728.31760565176,269.68239434824
104507,880.0,1000.2126457790893,-120.21264577908926
104513,1344.0,1242.578442247327,101.42155775267292
104519,1340.0,1144.2944726701362,195.7055273298638
104533,1220.0,1169.0506050031724,50.94939499682755
104548,1385.0,1087.9884825110448,297.0115174889552
104552,1390.0,1201.4508426066498,188.54915739335024
104556,1320.0,1213.705921639825,106.29407836017504
104581,1120.0,1261.5885569427915,-141.58855694279146
104584,1045.0,1067.2700860377315,-22.270086037731517
104597,1160.0,1061.483006755525,98.51699324447509
104599,900.0,1022.5261842269533,-122.52618422695332
104627,1282.0,1216.1790864322843,65.8209135677157
104642,1375.0,1222.5591773231922,152.44082267680778
104659,835.0,731.8302349189321,103.16976508106791
104680,1256.0,1174.2575314415976,81.74246855840238
104681,802.0,677.6198979913773,124.38010200862266
104689,1525.0,1278.6698712202212,246.33012877977876
104712,940.0,1083.7148661087433,-143.7148661087433
104727,1180.0,1095.8176738018658,84.1823261981342
104741,1130.0,1199.7617972149856,-69.76179721498556
104757,1270.0,1154.3089234928752,115.69107650712476
104761,965.0,1229.7031688354527,-264.70316883545274
104762,795.0,728.1581420987983,66.8418579012017
104769,1169.0,1048.8186973959234,120.18130260407656
104777,1200.0,1207.098688555898,-7.098688555897979
104779,701.0,649.0173107284089,51.982689271591084
104790,1235.0,1118.8227286806589,116.17727131934112
104791,1370.0,1274.24087865843,95.75912134157011
104809,1301.0,1101.2311246090892,199.7688753909108
104816,1225.0,1212.0375175942252,12.962482405774836
104823,960.0,1090.9408460066088,-130.9408460066088
104832,1355.0,1227.9971221421374,127.00287785786259
104852,1225.0,1081.4169901392265,143.58300986077347
104856,1205.0,1166.848227445167,38.15177255483309
104858,1010.0,1068.3974890245354,-58.39748902453539
104871,1580.0,1259.029909804824,320.970090195176
104890,1445.0,1269.5098985139352,175.49010148606476
104898,1035.0,1049.3238014628898,-14.323801462889833
104915,540.0,1108.512302127434,-568.5123021274339
104920,590.0,649.1478978206579,-59.14789782065793
104922,857.0,710.685494779195,146.31450522080502
104936,870.0,1028.9793426077472,-158.97934260774718
105003,670.0,671.7240959002867,-1.7240959002866703
105004,1269.0,1160.083821887919,108.91617811208107
105010,1110.0,1046.5127351881656,63.48726481183439
105015,825.0,742.3046045806369,82.69539541936308
105038,1250.0,1125.7285225365367,124.27147746346327
105052,932.0,1248.6685060862144,-316.6685060862144
105062,895.0,696.0953535959951,198.9046464040049
105071,1090.0,1136.8004928086389,-46.800492808638865
105072,1155.0,1165.3124721277063,-10.312472127706314
105082,975.0,1089.1195177435422,-114.11951774354225
105087,1015.0,1214.394552786212,-199.394552786212
105098,1400.0,1256.4047149291139,143.59528507088612
105101,1435.0,1117.2658697449262,317.73413025507375
105108,849.0,709.2152192994699,139.78478070053006
105113,1047.0,1026.1087083301525,20.891291669847533
105134,1268.0,1163.6927534662857,104.3072465337143
105180,885.0,665.99749229306,219.00250770694004
105181,1415.0,1143.3678725571338,271.63212744286625
105204,1485.0,1267.9093494690871,217.09065053091285
105220,1050.0,1139.3344374938495,-89.33443749384946
105223,1205.0,1184.3487655155755,20.65123448442455
105288,1315.0,1129.9197651695315,185.0802348304685
105298,1295.0,1204.171944311012,90.82805568898789
105309,1250.0,1198.737164544773,51.262835455227105
105312,585.0,638.1372466582491,-53.13724665824907
105326,1000.0,723.5640664795357,276.43593352046435
105341,710.0,646.305931331439,63.694068668561044
105348,480.0,703.9334983736965,-223.93349837369647
105356,1060.0,1144.2403443114117,-84.24034431141172
105377,875.0,724.5950100425275,150.40498995747248
105378,1187.0,1184.0052238169023,2.994776183097656
105389,550.0,675.3969523649299,-125.39695236492992
105394,570.0,603.5324903274125,-33.53249032741246
105426,715.0,748.8827064405615,-33.88270644056149
105429,1220.0,1018.4188723148229,201.58112768517708
105439,1157.0,1055.8355329490282,101.16446705097178
105460,870.0,953.4533799981343,-83.45337999813432
105462,1120.0,1069.3166484461476,50.68335155385239
105475,1215.0,1126.7909821490941,88.20901785090587
105495,815.0,1075.214655143852,-260.21465514385204
105533,710.0,647.6588214494567,62.341178550543304
105534,1475.0,1228.3735404014706,246.62645959852944
105538,1206.0,1219.9929592111632,-13.992959211163225
105555,1270.0,1078.9822193748619,191.01778062513813
105563,970.0,1139.6255607993085,-169.62556079930846
105569,1205.0,1175.3818109134475,29.618189086552547
105596,1110.0,1203.6269716363752,-93.62697163637517
105602,1120.0,1016.6566415166618,103.34335848333819
105613,895.0,968.7068645605837,-73.70686456058365
105656,950.0,1144.6724664264343,-194.6724664264343
105682,1100.0,1065.5268268845948,34.47317311540519
105689,970.0,1121.8882079204263,-151.88820792042634
105709,1464.0,1134.550129523274,329.4498704767259
105724,741.0,661.9724423223192,79.02755767768076
105740,1445.0,1163.9866130968664,281.01338690313355
105742,695.0,611.0162390733918,83.98376092660817
105776,770.0,662.9487450447386,107.05125495526136
105801,585.0,670.3496542610554,-85.34965426105543
105803,910.0,975.1851255723533,-65.18512557235329
105805,897.0,944.974385699282,-47.97438569928204
105823,720.0,646.771211293849,73.22878870615102
105855,1020.0,1260.344918474175,-240.34491847417507
105883,1330.0,1296.0936173774148,33.90638262258517
105895,1180.0,1192.4102132330236,-12.410213233023569
105898,1065.0,1184.2184329740223,-119.21843297402233
105903,1030.0,1015.0090017689752,14.990998231024832
105934,1125.0,1167.4632277514256,-42.46322775142562
105966,981.0,1012.4536936077451,-31.453693607745095
105978,1219.0,1140.4937119091044,78.50628809089562
105986,1075.0,1196.7637206958432,-121.76372069584318
106004,1196.0,1063.4102190220656,132.58978097793442
106009,530.0,598.334801205943,-68.334801205943
106015,600.0,624.1873294833224,-24.1873294833224
106016,955.0,1034.9593685612958,-79.95936856129583
106034,1150.0,1147.9460454392497,2.0539545607502987
106039,719.0,701.3781489159471,17.621851084052878
106062,590.0,698.0754597551595,-108.0754597551595
106064,809.0,682.9686819633986,126.03131803660142
106079,1280.0,1037.708742913684,242.2912570863159
106104,1190.0,1094.42983477097,95.57016522902995
106121,797.0,669.787908414609,127.21209158539102
106138,705.0,696.9001175564792,8.099882443520755
106142,1330.0,1216.5868753754994,113.4131246245006
106154,1015.0,1200.8944195241945,-185.89441952419452
106176,515.0,622.0889737948015,-107.08897379480152
106186,849.0,1020.6245152416818,-171.62451524168182
106194,1272.0,1124.7873528173347,147.21264718266525
106198,1090.0,1061.7756900161241,28.224309983875855
106202,1340.0,1203.999544017545,136.00045598245492
106205,960.0,1122.1835754177932,-162.18357541779324
106233,1146.0,1169.3050278607373,-23.305027860737255
106251,985.0,1103.1579662536901,-118.15796625369012
106254,1361.0,1072.6996105131343,288.3003894868657
106258,1235.0,1140.1476181427854,94.8523818572146
106263,830.0,728.9014016559132,101.09859834408678
106276,1110.0,1177.3841404631153,-67.38414046311527
106297,1485.0,1070.922834431242,414.0771655687579
106307,710.0,637.063370495056,72.936629504944
106329,1075.0,1060.369350162474,14.630649837526107
106333,750.0,660.4899217294603,89.51007827053968
106338,1410.0,1285.3866685815947,124.61333141840532
106349,1060.0,1027.777843917508,32.22215608249189
106371,1415.0,1116.1225240537933,298.8774759462067
106381,718.0,651.0568821455499,66.94311785445007
106408,1102.0,1041.1871392727162,60.812860727283805
106428,1080.0,1106.8697659118388,-26.86976591183884
106476,804.0,716.4236998453631,87.5763001546369
106481,1280.0,1102.0643162782958,177.9356837217042
106491,1307.0,1145.7081779567866,161.29182204321341
106499,743.0,673.9493410879899,69.05065891201014
106523,965.0,1093.0276360314979,-128.02763603149788
106540,1181.0,1249.0386301228405,-68.03863012284046
106547,1129.0,1007.8057234311262,121.19427656887376
106575,1330.0,1072.7200125458664,257.27998745413356
106576,370.0,559.7824698809694,-189.78246988096942
106592,1130.0,1175.1024733609615,-45.10247336096154
106593,1344.0,1185.8535504603692,158.1464495396308
106600,668.0,651.5056574448978,16.494342555102207
106613,1235.0,1080.4055174715215,154.59448252847847
106617,1170.0,1087.0103159400035,82.98968405999653
106641,1425.0,1202.1335905140634,222.86640948593663
106652,1605.0,1219.183176828704,385.81682317129594
106655,1440.0,1224.7954524746988,215.20454752530122
106672,1201.0,1094.014045415807,106.985954584193
106740,933.0,1137.6774311693655,-204.6774311693655
106773,1190.0,1187.1260491155126,2.8739508844873853
106775,787.0,1038.825251967397,-251.82525196739698
106782,1415.0,1239.094416842595,175.9055831574051
106793,1036.0,993.9462306923774,42.05376930762259
106820,1340.0,1225.939353473268,114.06064652673194
106866,925.0,720.3224606750564,204.6775393249436
106878,319.0,644.0323341508301,-325.03233415083014
106882,1103.0,1140.0015098455408,-37.001509845540795
106900,798.0,1151.785886612396,-353.7858866123961
106903,930.0,1086.5007113351742,-156.50071133517417
106919,915.0,1119.7686231441146,-204.7686231441146
106961,1231.0,1214.394552786212,16.60544721378801
106981,643.0,600.356263964896,42.643736035103984
107013,954.0,930.5934534829304,23.406546517069614
107027,1047.0,1097.902553316366,-50.90255331636604
107051,1080.0,1117.894656517262,-37.89465651726209
107079,1116.0,1062.1049271687393,53.89507283126068
107107,1146.0,1205.6687663970238,-59.668766397023774
107137,1058.0,1104.9704604794365,-46.9704604794365
107146,1098.0,1037.505670921571,60.49432907842902
107147,1367.0,1224.772831044364,142.227168955636
107173,1193.0,1135.6325453745585,57.367454625441496
107185,1146.0,1199.3738067064128,-53.37380670641278
107248,1135.0,1110.922670902445,24.077329097555094
107252,1268.0,1065.0357277680296,202.96427223197043
107266,484.0,606.1925593050137,-122.19255930501367
107268,964.0,1078.9654852343556,-114.96548523435558
107286,1079.0,1056.6065872927675,22.393412707232528
107307,992.0,1152.577320191038,-160.5773201910381
107341,1025.0,698.01919078968,326.98080921032
107345,1185.0,1101.148890154324,83.85110984567609
107380,1080.0,1187.72021617289,-107.7202161728901
107392,920.0,1114.8168435239343,-194.81684352393427
107406,895.0,1060.2206938896386,-165.2206938896386
107411,639.0,668.4467389468182,-29.446738946818186
107423,831.0,665.3633121245671,165.63668787543293
107426,1124.0,1087.3083903470977,36.69160965290234
107439,1209.0,1107.4235846782922,101.57641532170783
107460,904.0,1107.4446790437783,-203.44467904377825
107466,800.0,676.291456501699,123.70854349830097
107484,735.0,645.1624957126061,89.83750428739393
107491,765.0,725.3065867964635,39.693413203536466
107512,940.0,1057.0871699318059,-117.08716993180587
107560,1610.0,1234.7757885634567,375.2242114365433
107562,1305.0,1150.2174624393404,154.78253756065965
107567,1120.0,1132.190771451075,-12.19077145107508
107572,1290.0,1167.9480300384257,122.05196996157429
107589,1052.0,1014.5676672824701,37.4323327175299
107633,1352.0,1243.1880189331112,108.81198106688885
107637,760.0,679.352727464102,80.64727253589797
107640,1071.0,1238.5837662015633,-167.58376620156332
107648,1257.0,1107.8579879551933,149.14201204480673
107674,1305.0,1084.1083748079714,220.89162519202864
107675,665.0,615.9386768154969,49.06132318450307
107697,882.0,971.1956847113969,-89.1956847113969
107714,1047.0,1001.1486449271265,45.8513550728735
107723,1160.0,1147.8872168583,12.112783141699992
107729,1158.0,1082.4035282074674,75.59647179253261
107740,840.0,715.4273237810011,124.57267621899894
107768,1164.0,1160.8786468968665,3.121353103133515
107772,815.0,1098.8062248744961,-283.80622487449614
107776,665.0,639.822887735924,25.17711226407596
107785,955.0,1222.9814080035494,-267.9814080035494
107791,981.0,1060.2206938896386,-79.2206938896386
107798,740.0,709.4020757381093,30.59792426189074
107800,655.0,696.0892559517677,-41.089255951767655
107810,426.0,558.3878701746394,-132.38787017463937
107831,804.0,636.7115694494521,167.2884305505479
107846,1145.0,1118.0598832966566,26.940116703343392
107847,1047.0,1115.2523678378006,-68.25236783780065
107850,1225.0,1263.784610263366,-38.78461026336595
107855,750.0,720.2570257157055,29.74297428429452
107857,506.0,673.1544899165849,-167.1544899165849
107877,670.0,725.4660792777546,-55.4660792777546
107895,734.0,896.100621834904,-162.10062183490402
107918,948.0,1037.0235292712352,-89.02352927123525
107937,1225.0,1175.0177443716568,49.98225562834318
107954,776.0,619.6640560488286,156.33594395117143
107960,1323.0,1225.1215907201856,97.87840927981438
107964,681.0,689.0684167755337,-8.068416775533706
107976,960.0,1094.71752503434,-134.71752503434004
107997,1015.0,998.1305982836399,16.86940171636013
108000,1124.0,1066.9139593965733,57.08604060342668
108003,1170.0,936.5926336568766,233.40736634312339
108016,1110.0,1190.5819222435516,-80.58192224355162
108042,1367.0,1211.9721550577708,155.0278449422292
108043,690.0,669.3158939339903,20.68410606600969
108053,1405.0,1194.9525855481231,210.04741445187688
108054,745.0,725.2254576068673,19.77454239313272
108066,1059.0,1058.3413617099125,0.6586382900875378
108068,1538.0,1212.7073992697367,325.2926007302633
108093,1257.0,1055.1759377561198,201.82406224388023
108097,730.0,707.6125613288874,22.38743867111259
108109,1248.0,1086.020254429261,161.97974557073894
108119,1200.0,1166.918393403407,33.08160659659302
108126,1525.0,1165.6242082768167,359.3757917231833
108139,820.0,1044.7089057287294,-224.7089057287294
108158,510.0,702.8111865410123,-192.81118654101226
108161,1209.0,996.5923632026185,212.40763679738154
108175,1142.0,1069.5140214862065,72.4859785137935
108188,995.0,1010.0133701228655,-15.013370122865467
108212,1325.0,1198.7022933967519,126.29770660324812
108215,1350.0,1135.5323733917533,214.46762660824675
108226,1440.0,1240.0680477295627,199.93195227043725
108233,1035.0,1059.755128558941,-24.755128558940896
108246,915.0,692.6308527658958,222.36914723410416
108251,655.0,640.0031304782817,14.996869521718281
108258,753.0,678.933536548985,74.06646345101501
108274,1376.0,1158.2436178611147,217.75638213888533
108281,1157.0,1205.3724260069432,-48.372426006943215
108320,788.0,717.1121949500573,70.8878050499427
108329,1020.0,1076.9131805452191,-56.91318054521912
108357,855.0,725.0115291973393,129.9884708026607
108361,820.0,728.6482614877416,91.35173851225841
108364,617.0,636.2638075468678,-19.263807546867838
108371,1160.0,1033.5832421347257,126.41675786527435
108381,540.0,716.960990092995,-176.96099009299496
108411,700.0,624.8150624928867,75.18493750711332
108430,655.0,695.1627325707565,-40.162732570756475
108433,1000.0,1075.95449940527,-75.9544994052701
108441,745.0,702.9594162440534,42.040583755946614
108448,810.0,678.2962687984684,131.70373120153158
108471,1421.0,1173.0047782924426,247.99522170755745
108497,861.0,748.9800043454775,112.01999565452252
108499,655.0,690.9759632492134,-35.97596324921335
108508,1050.0,957.9340189285692,92.06598107143077
108510,1245.0,1158.5228003249474,86.47719967505259
108511,590.0,621.060005558668,-31.060005558667967
108512,1305.0,1173.9770522717308,131.02294772826917
108514,565.0,723.9239004012483,-158.92390040124826
108515,1535.0,971.2954715362234,563.7045284637766
108550,705.0,704.2418839686142,0.758116031385839
108554,1250.0,1138.1516826495533,111.84831735044668
108573,1030.0,990.2103872018926,39.78961279810744
108586,680.0,644.3975860849018,35.60241391509817
108589,1190.0,1202.541401884337,-12.541401884336892
108596,930.0,1041.134566249759,-111.13456624975902
108602,1085.0,973.8947609561644,111.10523904383558
108606,710.0,671.5235854011454,38.4764145988546
108614,960.0,1066.582826624164,-106.582826624164
108632,1305.0,1090.8348092646418,214.16519073535824
108638,1170.0,1092.8462078483788,77.15379215162125
108652,925.0,692.2973450794653,232.70265492053466
108670,1090.0,1250.1853788733697,-160.1853788733697
108681,855.0,681.4801879685667,173.51981203143328
108719,882.0,1011.8681547414171,-129.86815474141713
108725,985.0,952.6759592862251,32.324040713774934
108732,1170.0,1049.2169213760897,120.78307862391034
108765,895.0,679.9278549818041,215.0721450181959
108783,849.0,1040.8465097657054,-191.84650976570538
108817,1140.0,1174.7319683200562,-34.73196832005624
108818,1295.0,1116.147265428178,178.8527345718221
108826,472.0,645.0989186856108,-173.09891868561078
108843,1055.0,973.0434704062163,81.95652959378367
108844,950.0,1112.5034907854424,-162.5034907854424
108861,540.0,639.9955054016002,-99.99550540160021
108865,1030.0,1027.049697509144,2.9503024908560747
108889,1160.0,1076.553945774309,83.44605422569089
108905,1238.0,1105.1219309292633,132.87806907073673
108939,975.0,1099.1471623634766,-124.14716236347658
108955,1220.0,1181.8398601196413,38.160139880358656
108956,1405.0,1132.2926420073677,272.7073579926323
108975,1321.0,1240.2312639033926,80.76873609660743
108977,1160.0,1164.3171973511212,-4.3171973511211945
108980,1195.0,1197.965541773207,-2.965541773206951
109006,579.0,613.6537306263864,-34.65373062638639
109007,818.0,649.5982300166401,168.40176998335994
109021,1190.0,1097.5355945088254,92.4644054911746
109033,900.0,654.2799732932663,245.72002670673373
109052,1045.0,1124.6757234548145,-79.67572345481449
109061,1205.0,1093.1034514079092,111.89654859209077
109070,665.0,701.6136466108487,-36.61364661084872
109111,1150.0,1246.3211943146187,-96.32119431461865
109121,1140.0,1226.6587838605396,-86.65878386053964
109144,1065.0,1034.9164192706753,30.083580729324694
109155,788.0,663.8481712743538,124.15182872564617
109174,1300.0,1196.4108648674246,103.5891351325754
109175,1190.0,1116.0056675380752,73.99433246192484
109196,675.0,682.9553098569545,-7.9553098569545
109208,465.0,687.5206635139112,-222.52066351391124
109211,1210.0,1159.0643265755634,50.93567342443657
109221,950.0,1042.6117742062686,-92.61177420626859
109227,1355.0,1196.808072015497,158.19192798450308
109252,725.0,713.067019498929,11.932980501071029
109286,875.0,1145.727960624149,-270.7279606241491
109299,1250.0,1211.1847722044213,38.81522779557872
109304,1200.0,1241.6250628296011,-41.62506282960112
109333,1445.0,1187.4301714075846,257.56982859241543
109365,1130.0,1117.5074479625825,12.492552037417454
109384,975.0,1001.4964400144489,-26.496440014448922
109386,724.0,671.4572630588457,52.54273694115432
109396,1220.0,1163.7152635699476,56.28473643005236
109403,1230.0,1033.1000679020208,196.89993209797922
109472,950.0,1219.0022597725697,-269.0022597725697
109496,1315.0,1263.543063387814,51.45693661218593
109507,765.0,726.8924172860272,38.10758271397276
109539,1125.0,1228.263578451808,-103.26357845180792
109540,1220.0,1174.5488204829232,45.45117951707675
109566,1135.0,962.0097061425797,172.99029385742028
109570,1410.0,1185.261429679293,224.7385703207069
109572,870.0,1017.2244917201597,-147.22449172015968
109580,860.0,718.7247540218569,141.27524597814306
109592,760.0,954.2052481644238,-194.20524816442378
109610,1260.0,1210.7524563691227,49.24754363087732
109620,1400.0,1246.9870906739914,153.01290932600864
109647,570.0,672.6621738641749,-102.66217386417486
109649,1170.0,1208.225648122907,-38.22564812290693
109674,1535.0,1266.7942405642448,268.2057594357552
109696,1390.0,1178.2286010018147,211.7713989981853
109704,910.0,723.5942152542743,186.40578474572567
109709,970.0,1093.8269160295201,-123.82691602952013
109722,1135.0,1025.7916768932553,109.20832310674473
109766,920.0,692.0774465688202,227.92255343117984
109784,805.0,716.3879241852892,88.6120758147108
109794,830.0,716.0705910177568,113.92940898224322
109803,1430.0,1235.4305235871095,194.56947641289048
109820,975.0,974.6391729590207,0.3608270409793022
109830,1460.0,1256.6424908371914,203.35750916280858
109865,885.0,605.7785974447418,279.22140255525824
109867,1301.0,1163.2302473565796,137.76975264342036
109871,995.0,696.8234986055489,298.17650139445107
109875,1350.0,1243.5797820683363,106.42021793166373
109900,1255.0,1152.2219027361161,102.77809726388386
109904,1125.0,1168.5222910267566,-43.52229102675665
109931,726.0,656.671860372196,69.32813962780403
109967,1340.0,1094.0917889188245,245.90821108117552
109987,1255.0,1184.9626259066335,70.03737409336645
109993,1585.0,1184.8050530811236,400.19494691887644
109994,1160.0,1113.6702015964881,46.32979840351186
110006,835.0,688.7209467741994,146.27905322580057
110009,1065.0,1112.5977649593688,-47.59776495936876
110018,1225.0,1214.3288016401953,10.671198359804748
110028,845.0,953.1352057943226,-108.13520579432259
110075,575.0,618.0631705658699,-43.06317056586988
110081,1020.0,1218.9772808044559,-198.97728080445586
110102,686.0,703.6859235788196,-17.685923578819597
110112,1005.0,1033.472598394707,-28.472598394706893
110117,686.0,671.741013274207,14.258986725792965
110147,1580.0,1226.1535371283358,353.84646287166424
110157,1352.0,1171.5799667199913,180.42003328000874
110163,1250.0,1250.281219033882,-0.2812190338820528
110171,795.0,704.4892946372149,90.51070536278507
110178,1090.0,1013.7484196929197,76.2515803070803
110184,1680.0,1278.1302655732325,401.86973442676754
110204,795.0,670.1369776646446,124.86302233535537
110205,1350.0,1128.1100063199763,221.88999368002374
110208,1030.0,711.8679599720797,318.1320400279203
110221,685.0,686.3473610594635,-1.3473610594635375
110222,1260.0,1081.4270194503688,178.5729805496312
110240,1150.0,1101.0482136914068,48.95178630859323
110245,1420.0,1220.451361102915,199.54863889708508
110252,1230.0,1073.9070906284762,156.09290937152377
110254,1210.0,1230.226615060228,-20.226615060227914
110268,815.0,726.6427483838945,88.35725161610549
110272,1055.0,1064.2066676430477,-9.206667643047695
110274,1089.0,1030.061652447559,58.93834755244097
110283,845.0,725.8169679411138,119.18303205888617
110293,555.0,619.7825306789517,-64.78253067895173
110305,1120.0,1019.661851969153,100.33814803084704
110326,1100.0,970.0208732448277,129.97912675517227
110349,1280.0,1131.4875598703352,148.5124401296648
110368,1105.0,1215.6418841738225,-110.64188417382252
110392,1607.0,1226.040102282571,380.95989771742893
110410,1220.0,1213.4058272320058,6.594172767994223
110429,1080.0,957.355815339767,122.64418466023301
110430,632.0,686.5900064682621,-54.59000646826212
110442,1080.0,1121.9754598962443,-41.975459896244274
110472,1090.0,1131.4400993717377,-41.44009937173769
110503,462.0,592.9555876626689,-130.9555876626689
110515,1100.0,1113.2978410550168,-13.297841055016761
110522,1165.0,1104.4743845182668,60.52561548173321
110537,740.0,717.5600325646664,22.439967435333642
110539,770.0,719.6526625779177,50.34733742208232
110540,625.0,728.738923229154,-103.73892322915401
110551,1250.0,1019.7222861838086,230.2777138161914
110554,1335.0,1122.0986954635105,212.90130453648953
110562,1335.0,1206.1782459473613,128.82175405263865
110564,590.0,697.4729468210105,-107.47294682101051
110567,1095.0,1109.7056751334076,-14.705675133407567
110577,855.0,992.2730457940856,-137.27304579408565
110601,895.0,1087.732263353309,-192.732263353309
110608,860.0,1101.4715787163552,-241.47157871635522
110619,1230.0,1177.1489418536457,52.85105814635426
110637,905.0,1089.928367646784,-184.92836764678395
110643,845.0,688.6123359356502,156.3876640643498
110651,728.0,704.114225488994,23.885774511006048
110680,1055.0,1085.8118567188437,-30.81185671884373
110697,1520.0,1207.1690039703128,312.8309960296872
110704,1100.0,1070.0653599515063,29.934640048493748
110730,733.0,645.8048136543268,87.19518634567316
110731,1405.0,1242.0376058361517,162.96239416384833
110768,845.0,714.2906760843332,130.7093239156668
110769,1045.0,943.1304453954388,101.86955460456124
110776,1375.0,1233.9470989271895,141.05290107281053
110782,1180.0,1113.854278087923,66.14572191207708
110786,1210.0,1119.5646673669146,90.43533263308541
110791,1165.0,1170.7305407641866,-5.730540764186571
110800,1080.0,1193.7097880350318,-113.7097880350318
110806,520.0,662.504045009214,-142.504045009214
110814,810.0,971.941503780277,-161.941503780277
110833,770.0,720.7955437985484,49.20445620145165
110836,1008.0,1227.333400607893,-219.33340060789305
110859,1090.0,1113.2685181064062,-23.26851810640619
110886,1040.0,1017.445216700319,22.55478329968105
110934,1005.0,1135.140412266674,-130.14041226667405
110973,1435.0,1183.5822176093873,251.41778239061273
110999,1515.0,1179.8898973843773,335.11010261562274
111024,1605.0,1229.8759492438296,375.1240507561704
111037,1245.0,1124.7231129332586,120.27688706674144
111058,790.0,1011.6669808918004,-221.66698089180045
111085,598.0,693.2309684387957,-95.23096843879568
111104,1220.0,1123.6221970564304,96.37780294356958
111110,1490.0,1248.6687082456504,241.33129175434965
111112,1095.0,1152.0011204794487,-57.00112047944867
111126,1210.0,1115.1023054471013,94.89769455289866
111142,1375.0,1168.0562292957254,206.94377070427458
111144,740.0,958.8320637236538,-218.83206372365385
111147,1367.0,1109.2203985702827,257.77960142971733
111167,485.0,673.3027933904291,-188.3027933904291
111177,1300.0,1168.6544664680305,131.34553353196952
111186,920.0,1114.2663415678994,-194.26634156789942
111188,1455.0,1093.0835028542335,361.91649714576647
111191,700.0,593.4820709982298,106.5179290017702
111198,1540.0,1236.4380121093209,303.5619878906791
111204,485.0,644.3785416981674,-159.3785416981674
111211,802.0,704.3266699043421,97.67333009565789
111214,1040.0,1011.8784419556932,28.121558044306767
111219,1095.0,1118.622013501363,-23.62201350136297
111249,765.0,717.235587428826,47.764412571174034
111252,830.0,1004.6410432841952,-174.64104328419523
111257,700.0,701.8741756848452,-1.874175684845227
111270,535.0,585.5774031078628,-50.57740310786278
111275,761.0,638.9150740020932,122.0849259979068
111277,1220.0,1093.5184923115762,126.48150768842379
111278,1345.0,1152.0579041729088,192.94209582709118
111285,835.0,736.8836307911105,98.11636920888952
111292,760.0,697.8339299588633,62.16607004113666
111294,1010.0,1085.5150772286295,-75.51507722862948
111297,750.0,670.2621741018506,79.73782589814937
111322,594.0,716.9141900552614,-122.91419005526143
111325,955.0,715.4216636498636,239.5783363501364
111353,1470.0,1248.4939645721104,221.50603542788963
111371,1244.0,1219.7099401322223,24.2900598677777
111372,1250.0,1216.3867103897348,33.613289610265156
111391,1355.0,1172.369312624578,182.63068737542199
111393,895.0,703.4164681535955,191.58353184640453
111425,610.0,702.980857631344,-92.98085763134395
111460,562.0,677.9975385372713,-115.99753853727134
111473,770.0,728.7739088529524,41.226091147047555
111534,1065.0,1048.5226892094624,16.477310790537558
111536,800.0,1132.1449398424288,-332.1449398424288
111541,845.0,723.9922494705467,121.00775052945335
111552,790.0,983.9405976982587,-193.94059769825867
111574,1540.0,1285.058474301001,254.94152569899893
111587,1250.0,1137.0961928366592,112.90380716334084
111596,819.0,645.5652702784957,173.43472972150425
111613,1205.0,1117.8472715224684,87.15272847753158
111645,1310.0,1127.3807993231994,182.61920067680057
111651,721.0,738.7325313774057,-17.732531377405735
111654,605.0,729.923328517997,-124.92332851799699
111664,974.0,1000.1132437803412,-26.113243780341236
111680,545.0,606.4621057871375,-61.46210578713749
111690,1110.0,1109.2203985702827,0.7796014297173315
111695,1325.0,1227.6829406507522,97.31705934924776
111698,1030.0,1065.769309757644,-35.769309757643896
111702,1117.0,1185.8712935219767,-68.87129352197667
111710,815.0,684.8944248154202,130.10557518457983
111711,1080.0,1008.8772719557127,71.12272804428733
111715,1310.0,1252.8858331231866,57.11416687681344
111720,900.0,946.96951390055,-46.969513900550055
111739,1202.0,1228.892041225848,-26.89204122584806
111748,668.0,598.5650519496143,69.43494805038574
111749,999.0,733.2118949791819,265.7881050208181
111762,1150.0,1134.9060043677916,15.093995632208362
111792,710.0,608.9247446303111,101.07525536968888
111805,1200.0,1196.9977986734013,3.0022013265986516
111811,1135.0,1040.0150924914249,94.98490750857513
111821,950.0,1171.9953278743344,-221.9953278743344
111826,1113.0,1044.1826201008719,68.81737989912813
111854,1140.0,1181.5136806566425,-41.513680656642464
111870,1409.0,1201.382748517263,207.61725148273695
111880,630.0,721.648372054568,-91.64837205456797
111885,594.0,689.9567952728825,-95.95679527288246
111888,1290.0,1190.011075050709,99.988924949291
111894,876.0,1011.8784419556932,-135.87844195569323
111899,860.0,727.5123667003667,132.48763329963333
111922,1210.0,1151.2699734006512,58.730026599348776
111926,712.0,652.6045723544202,59.395427645579844
111945,1235.0,1093.0015009613162,141.9984990386838
111952,1395.0,1225.62391299249,169.37608700751002
111954,1325.0,1123.382037558301,201.6179624416991
111974,980.0,1031.5270474700585,-51.527047470058505
111993,1046.0,1001.3155997638762,44.68440023612379
112003,605.0,698.0053393576876,-93.0053393576876
112049,760.0,727.9090123005066,32.09098769949344
112064,585.0,679.7309344350796,-94.73093443507958
112074,555.0,619.5650104818678,-64.56501048186783
112107,890.0,1000.6019393602135,-110.60193936021346
112121,1095.0,1145.154596071068,-50.154596071068
112143,750.0,697.4505860676279,52.54941393237209
112162,1340.0,1212.8824486224685,127.11755137753153
112184,1345.0,1147.8872168583,197.1127831417
112199,1285.0,1238.0666316278666,46.93336837213337
112227,1300.0,1167.284593874011,132.71540612598892
112229,1260.0,1072.0131372531375,187.98686274686247
112230,1035.0,964.7824931563752,70.21750684362485
112238,738.0,955.7600973347774,-217.76009733477736
112240,1110.0,1190.0050571072743,-80.0050571072743
112255,1140.0,1151.2742100750888,-11.274210075088831
112257,890.0,1063.694726164855,-173.69472616485496
112258,1080.0,1058.0016091381115,21.998390861888538
112261,870.0,987.8747460109719,-117.87474601097188
112324,475.0,709.3715711014032,-234.37157110140322
112345,1435.0,1268.1143799379968,166.88562006200323
112364,921.0,733.8832943263644,187.11670567363558
112366,717.0,626.5400496263229,90.45995037367709
112373,680.0,640.6353473559697,39.36465264403034
112383,1025.0,1109.8779542627199,-84.87795426271987
112389,1390.0,1183.8628776955693,206.1371223044307
112390,895.0,1057.2497691491676,-162.2497691491676
112430,1010.0,1131.3984507028242,-121.39845070282422
112431,627.0,715.3758330832899,-88.37583308328988
112476,1190.0,1109.2203985702827,80.77960142971733
112488,760.0,707.2166742909814,52.78332570901864
112493,1070.0,1134.4155434107763,-64.41554341077631
112505,1285.0,1152.5545235401605,132.44547645983948
112508,1030.0,1072.3703490501762,-42.37034905017617
112534,870.0,1110.611910502781,-240.61191050278103
112546,840.0,933.8594628094983,-93.85946280949827
112566,1170.0,1112.4268416531033,57.57315834689666
112577,720.0,978.4462424030456,-258.44624240304563
112590,675.0,688.249816540759,-13.249816540758957
112599,1140.0,1147.5844667423296,-7.584466742329596
112615,895.0,1218.6268749589872,-323.6268749589872
112622,710.0,735.0858158507315,-25.08581585073148
112637,1140.0,1153.8172913582762,-13.81729135827618
112644,615.0,621.3102472128902,-6.310247212890204
112676,1285.0,1214.3762081890109,70.62379181098913
112699,752.0,699.918790707936,52.081209292064045
112702,981.0,686.3589114250248,294.64108857497524
112714,576.0,579.4816498995326,-3.481649899532613
112743,1150.0,989.0882574884988,160.9117425115012
112755,1180.0,1162.3997965964256,17.60020340357437
112763,410.0,660.488811648743,-250.48881164874297
112772,800.0,701.62245467518,98.37754532481995
112782,1084.0,1134.5005903905528,-50.500590390552816
112784,1230.0,1062.3081497627281,167.69185023727186
112793,760.0,697.9586075964721,62.04139240352788
112814,8.0,1060.2479126364728,-1052.2479126364728
112819,900.0,979.1837127689604,-79.18371276896039
112826,820.0,715.3799913390961,104.62000866090386
112829,890.0,709.0282321120706,180.97176788792945
112831,520.0,648.9972704872458,-128.99727048724583
112841,1050.0,1215.5900882976318,-165.59008829763184
112843,705.0,728.772437472443,-23.772437472443016
112888,980.0,1056.1278644195274,-76.12786441952744
112912,610.0,674.442321771066,-64.44232177106596
112929,1310.0,1240.5816029904383,69.41839700956166
112942,1235.0,1065.724896260253,169.275103739747
113009,755.0,1008.4212541033629,-253.4212541033629
113032,870.0,617.3961298935694,252.60387010643058
113068,890.0,715.6512609721608,174.3487390278392
113078,960.0,1002.636309580465,-42.63630958046497
113079,695.0,557.4624629643372,137.5375370356628
113080,887.0,704.0149491468293,182.98505085317072
113092,855.0,1085.3403327522897,-230.34033275228967
113105,610.0,635.9869922801109,-25.98699228011094
113122,770.0,709.7697756892421,60.230224310757876
113143,650.0,692.4541129888057,-42.45411298880572
113173,826.0,973.6268441449505,-147.6268441449505
113187,1240.0,1214.0908906575341,25.909109342465854
113195,1280.0,1201.1132553653117,78.88674463468828
113200,1102.0,1111.344009007887,-9.344009007887053
113204,810.0,685.5159504679146,124.48404953208535
113210,1350.0,1126.1966351338283,223.8033648661717
113231,835.0,732.0098792028178,102.99012079718216
113283,937.0,736.6091318176826,200.39086818231738
113290,590.0,619.061418294696,-29.061418294695955
113293,889.0,689.0162910672345,199.98370893276547
113314,713.0,720.113071506763,-7.113071506763049
113338,862.0,721.6164392357944,140.38356076420564
113344,1285.0,1200.9542558416488,84.04574415835123
113384,1301.0,1072.089508571158,228.91049142884208
113398,726.0,618.1345895407213,107.86541045927868
113402,1020.0,1181.565960756343,-161.56596075634297
113430,1105.0,1210.414176664762,-105.41417666476195
113437,1190.0,977.014525938524,212.985474061476
113442,1040.0,1073.688601523588,-33.68860152358798
113446,580.0,615.9151668699101,-35.91516686991008
113453,616.0,665.9471596218161,-49.94715962181613
113471,890.0,986.2342258220477,-96.23422582204773
113478,1165.0,1189.3436159634791,-24.343615963479124
113484,1000.0,976.0657796508281,23.934220349171937
113498,1655.0,1186.6843408943407,468.3156591056593
113536,1295.0,1182.933270604393,112.0667293956069
113544,1305.0,1221.7500681722295,83.24993182777052
113581,960.0,1045.2840819559033,-85.28408195590328
113589,1315.0,1073.33245002845,241.66754997155
113597,993.0,669.5586786157472,323.4413213842528
113616,980.0,1161.0344781151025,-181.0344781151025
113617,460.0,680.6569757893474,-220.65697578934737
113625,1080.0,1104.2885635782472,-24.28856357824725
113640,1210.0,1172.7063131581654,37.29368684183464
113659,1000.0,958.5206983657979,41.4793016342021
113680,940.0,1182.381725842561,-242.38172584256108
113698,1370.0,1168.8361860373927,201.16381396260726
113702,1000.0,1121.9612699768222,-121.96126997682222
113784,1150.0,1055.469255930683,94.53074406931705
113786,732.0,706.6126383627638,25.387361637236154
113788,1085.0,1013.81376641651,71.18623358348998
113828,1135.0,1022.2548885120714,112.74511148792863
113834,1522.0,1279.826115589469,242.17388441053095
113843,1300.0,1139.2499369605891,160.75006303941086
113857,1020.0,724.134401447474,295.86559855252597
113879,720.0,705.1786828755983,14.82131712440173
113889,1150.0,1181.5311775493133,-31.53117754931327
113896,775.0,1105.008546589646,-330.0085465896459
113904,1320.0,1209.5184487175395,110.48155128246049
113906,1285.0,1226.968383002791,58.031616997209085
113909,462.0,588.7746207235441,-126.7746207235441
113910,612.0,730.3893025986939,-118.38930259869392
113932,682.0,668.7822778582988,13.217722141701188
113967,1230.0,1203.6269716363752,26.373028363624826
113987,725.0,669.1691006507567,55.83089934924328
113989,710.0,714.4340651333713,-4.434065133371291
113995,420.0,608.5150756429106,-188.51507564291057
113999,615.0,969.1718089349177,-354.17180893491775
114006,1225.0,1177.2157021695155,47.78429783048455
114023,635.0,710.9847851885596,-75.98478518855961
114030,950.0,1239.2549480212704,-289.25494802127037
114041,782.0,715.474467617229,66.52553238277096
114049,1183.0,1207.6953344318515,-24.695334431851506
114058,893.0,702.8027006154808,190.19729938451917
114062,690.0,1232.6341270058472,-542.6341270058472
114076,1370.0,1171.0062618892696,198.99373811073042
114092,790.0,714.9904774182658,75.00952258173425
114095,1305.0,1128.628954385222,176.37104561477804
114096,735.0,694.1401411944388,40.8598588055612
114106,1045.0,1123.2293076190115,-78.22930761901148
114110,1010.0,1248.312226798787,-238.31222679878692
114120,1594.0,1186.1809966025887,407.8190033974113
114134,1047.0,1089.8175950769394,-42.81759507693937
114144,810.0,682.710672364551,127.28932763544901
114145,960.0,982.2832188856124,-22.283218885612428
114154,1000.0,971.5928815562925,28.40711844370753
114155,620.0,615.5025009205805,4.497499079419526
114183,590.0,674.77179401955,-84.77179401955004
114219,1295.0,1164.801527247883,130.1984727521169
114235,1090.0,1118.3471415076056,-28.347141507605556
114243,1535.0,1076.317544639438,458.682455360562
114244,1115.0,1106.8463508042073,8.153649195792696
114271,1190.0,1088.628060075141,101.3719399248589
114274,1045.0,1126.5938449042376,-81.59384490423759
114283,1115.0,1092.5959605988742,22.40403940112583
114298,1475.0,1047.6854008255239,427.31459917447614
114301,1091.0,1139.725786468598,-48.72578646859802
114333,1460.0,1262.6650091623203,197.3349908376797
114343,1020.0,1060.704144120677,-40.70414412067703
114358,1152.0,1081.1825953730208,70.81740462697917
114390,1257.0,1241.3024188808513,15.697581119148708
114391,724.0,681.9324445183165,42.067555481683485
114417,800.0,1045.217582600118,-245.21758260011802
114423,950.0,992.5876832732797,-42.58768327327971
114432,797.0,715.279570836171,81.72042916382895
114438,1000.0,1076.980846071284,-76.98084607128408
114451,723.0,702.5570352770978,20.44296472290216
114516,1265.0,1078.2107769754427,186.78922302455726
114524,1140.0,1068.772148596267,71.22785140373298
114536,1102.0,1245.523211424048,-143.523211424048
114564,1036.0,1058.984991673308,-22.98499167330806
114573,1276.0,1180.2586312747728,95.74136872522718
114607,920.0,1087.9767370856848,-167.97673708568482
114625,693.0,582.022930557881,110.97706944211905
114634,640.0,671.2448037220544,-31.24480372205437
114660,1259.0,1154.309043343803,104.69095665619693
114661,1157.0,1080.1743998316479,76.82560016835214
114670,1304.0,1197.8108113812102,106.18918861878979
114695,1019.0,1060.369350162474,-41.36935016247389
114696,820.0,642.2133593397327,177.78664066026727
114700,1125.0,1215.3212301968379,-90.32123019683786
114733,1213.0,1185.5343895220058,27.465610477994232
114740,690.0,690.1328864882214,-0.13288648822140203
114752,981.0,1168.1330957401087,-187.13309574010873
114770,1040.0,1046.7978236879221,-6.7978236879221186
114771,1008.0,1087.0067569309522,-79.00675693095218
114794,789.0,710.4828182070717,78.51718179292834
114802,1003.0,724.302575409635,278.697424590365
114828,959.0,1156.9869626318712,-197.98696263187117
114839,985.0,982.1743650504452,2.8256349495547965
114846,921.0,1119.98735842179,-198.98735842179008
114854,1305.0,1230.5542565381825,74.44574346181753
114862,1020.0,1122.6629472967982,-102.66294729679817
114881,680.0,684.5858407826183,-4.585840782618334
114898,1332.0,1236.8794861818512,95.12051381814877
114922,1201.0,1102.9564863596454,98.0435136403546
114925,1124.0,1223.1467719720258,-99.14677197202582
114927,1135.0,1236.8699607726264,-101.86996077262643
114949,1150.0,1029.4702504147626,120.52974958523737
114961,1127.0,1071.0307765482946,55.969223451705375
114972,1270.0,1043.29228972748,226.70771027252
114974,967.0,1077.5859881828624,-110.58598818286237
114989,1216.0,1097.036782542359,118.9632174576409
114991,633.0,701.6549114430552,-68.6549114430552
115011,750.0,709.6851222561677,40.31487774383231
115021,930.0,1038.549719304041,-108.54971930404099
115076,1331.0,1291.9595577567507,39.040442243249345
115078,940.0,1052.2475204241805,-112.2475204241805
115104,374.0,700.9731369035195,-326.9731369035195
115119,450.0,648.8586412347321,-198.8586412347321
115131,1165.0,1012.7302037938208,152.2697962061792
115134,1360.0,1181.6317161256402,178.3682838743598
115139,910.0,714.691920822104,195.30807917789605
115161,540.0,627.8618956125545,-87.86189561255446
115188,616.0,590.5194082189225,25.480591781077464
115193,1255.0,1205.2769057729104,49.72309422708963
115207,515.0,658.5994400461141,-143.59944004611407
115211,585.0,641.2999214517051,-56.29992145170513
115214,1146.0,1136.077257631975,9.922742368024956
115234,935.0,1050.9426788676396,-115.94267886763964
115237,660.0,668.1096500109047,-8.109650010904716
115244,1320.0,1116.9999806892683,203.00001931073166
115260,1315.0,1126.271998689888,188.72800131011195
115265,1350.0,1183.4522340665462,166.54776593345377
115271,660.0,990.5404583337171,-330.5404583337171
115296,791.0,702.297838870007,88.70216112999299
115330,825.0,681.6800937719121,143.31990622808792
115334,970.0,689.0124753357863,280.98752466421365
115347,495.0,612.5893514637222,-117.58935146372221
115348,1295.0,1054.313648361769,240.68635163823092
115353,1020.0,1105.4751803884685,-85.47518038846852
115362,1422.0,1188.8746904072414,233.12530959275864
115391,766.0,721.723970756129,44.276029243870994
115396,910.0,1023.5381240278923,-113.53812402789231
115415,1319.0,1140.1132154995162,178.88678450048383
115464,815.0,665.7752846605908,149.22471533940916
115524,1155.0,1064.6896690772714,90.31033092272855
115530,1230.0,1210.9217341459146,19.07826585408543
115606,1395.0,1082.300995408021,312.699004591979
115615,1290.0,1184.8397793940828,105.16022060591717
115631,1380.0,1163.7152635699476,216.28473643005236
115636,805.0,711.613152561138,93.38684743886199
115640,670.0,706.4520243200502,-36.452024320050214
115657,1000.0,1152.8290925328001,-152.82909253280013
115660,1047.0,1090.4961203387022,-43.49612033870221
115692,1540.0,1233.716789426958,306.28321057304197
115694,750.0,978.1516319491162,-228.15163194911622
115697,1300.0,1086.0098203712423,213.9901796287577
115716,652.0,718.5199906197454,-66.51999061974539
115734,1430.0,1114.9108257156943,315.0891742843057
115746,1202.0,1066.4416687325713,135.55833126742868
115747,590.0,711.7627257771052,-121.76272577710517
115748,798.0,1054.57783695221,-256.57783695220996
115782,1130.0,1084.6041810955999,45.39581890440013
115805,400.0,670.8312845108743,-270.8312845108743
115825,1319.0,1125.5244733180896,193.47552668191042
115842,1280.0,1158.1739804460328,121.82601955396717
115844,920.0,1126.5186432141477,-206.5186432141477
115846,1102.0,1181.3314897759403,-79.33148977594033
115847,945.0,1126.254628441583,-181.254628441583
115858,810.0,1146.7173683210563,-336.71736832105626
115862,1201.0,1264.7970148435563,-63.797014843556326
115888,1170.0,1223.1429604145894,-53.142960414589425
115897,1490.0,1110.410285874064,379.5897141259361
115900,1140.0,1103.4592625702412,36.54073742975879
115914,900.0,1101.031600926392,-201.031600926392
115918,1065.0,1063.6478479377492,1.3521520622507524
115954,1165.0,1182.1082061068198,-17.108206106819807
115959,1170.0,1151.3811401805772,18.618859819422823
115975,970.0,1182.4416355987594,-212.44163559875938
115988,635.0,695.9419156256783,-60.94191562567835
116014,1170.0,1133.8758161554317,36.12418384456828
116019,1290.0,1060.2707089292953,229.72929107070468
116058,925.0,1146.02600277668,-221.0260027766799
116059,740.0,1005.811551369762,-265.811551369762
116066,1055.0,1148.5917194905683,-93.59171949056827
116073,1065.0,1118.6766429159889,-53.67664291598885
116084,1160.0,1105.9000757063186,54.0999242936814
116086,1020.0,1053.457845018785,-33.457845018785065
116119,1110.0,1075.8692120232415,34.130787976758484
116123,555.0,684.3024254459533,-129.3024254459533
116124,950.0,969.9255005530802,-19.925500553080155
116170,1105.0,1200.5814919500353,-95.58149195003534
116194,852.0,696.9084415614659,155.0915584385341
116196,1180.0,1224.9056328049132,-44.90563280491324
116226,761.0,711.6743521108739,49.32564788912612
116263,1070.0,1157.6805495988667,-87.68054959886672
116265,1120.0,1148.225101105933,-28.225101105932936
116272,735.0,723.6613074550712,11.33869254492879
116278,1070.0,1097.6250611332432,-27.625061133243207
116281,1082.0,1179.9153734377603,-97.91537343776031
116283,950.0,925.0317794749207,24.968220525079346
116284,1505.0,1157.5388557946408,347.46114420535923
116287,1268.0,1168.5574863626339,99.44251363736612
116314,925.0,1057.6875761433575,-132.68757614335755
116319,1200.0,1085.8123681544116,114.18763184558838
116324,790.0,706.5632282830992,83.43677171690081
116429,1135.0,1072.3063428543253,62.693657145674706
116453,1198.0,1144.3925496461268,53.60745035387322
116471,815.0,930.7053025292798,-115.70530252927983
116475,920.0,1136.545784179538,-216.54578417953803
116497,506.0,591.4001194572435,-85.40011945724348
116510,915.0,1073.7704556037772,-158.77045560377724
116530,1060.0,1022.5399790775757,37.46002092242429
116574,575.0,666.821451825372,-91.82145182537204
116620,981.0,1157.9477247903264,-176.94772479032645
116624,1052.0,1047.8650251441056,4.13497485589437
116635,620.0,689.3457364962665,-69.34573649626645
116654,1160.0,1196.884662446552,-36.884662446552056
116664,1160.0,1100.9520236264764,59.047976373523625
116671,815.0,989.0175529269146,-174.01755292691462
116690,790.0,700.8683001391456,89.13169986085438
116711,590.0,641.5760092395353,-51.576009239535324
116728,1185.0,971.5131191798317,213.48688082016827
116730,1047.0,1245.411987385319,-198.41198738531898
116741,1036.0,1007.6685969745232,28.33140302547679
116756,825.0,715.9225912329838,109.07740876701621
116761,1180.0,1080.5871344671668,99.41286553283317
116768,544.0,659.8581571403012,-115.85815714030116
116803,705.0,708.1538203559405,-3.1538203559405247
116808,680.0,712.9487794428871,-32.948779442887144
116826,1120.0,1100.3990304517306,19.600969548269404
116834,1080.0,1010.4591649651303,69.5408350348697
116837,1270.0,1122.1224513079737,147.87754869202627
116872,690.0,704.0149491468293,-14.01494914682928
116877,585.0,696.0676171710703,-111.06761717107031
116908,1570.0,1218.0027569160607,351.99724308393934
116915,1200.0,1177.96561106551,22.034388934489925
116927,1300.0,1095.6820742134971,204.31792578650288
116929,1175.0,1159.0975933335033,15.902406666496745
116936,1220.0,1153.2454463343872,66.75455366561278
116941,896.0,1143.487743076245,-247.4877430762449
116953,1290.0,1238.1360749394998,51.86392506050015
116954,740.0,736.8184514059881,3.181548594011929
116975,470.0,715.5818450999069,-245.5818450999069
116981,1350.0,1166.9309744316865,183.06902556831346
117017,1365.0,1108.731021682252,256.26897831774795
117039,1025.0,1149.9828211365757,-124.9828211365757
117041,545.0,696.0935607893094,-151.09356078930944
117047,1080.0,1044.6041061832937,35.39589381670635
117054,1240.0,1157.5385416804897,82.46145831951026
117057,920.0,709.5551580879994,210.44484191200058
117063,845.0,714.5467709618662,130.45322903813383
117067,595.0,635.8018153210335,-40.80181532103347
117074,1170.0,1148.4107994459646,21.589200554035415
117088,1000.0,1096.397228177153,-96.39722817715301
117106,1058.0,1095.7516737382,-37.7516737382
117122,921.0,722.7715423605867,198.22845763941325
117134,1200.0,1136.6589537711302,63.3410462288698
117143,430.0,604.979244800915,-174.979244800915
117200,1020.0,1030.326546122248,-10.326546122247919
117208,575.0,643.6317036907507,-68.63170369075067
117212,975.0,1111.1969138916284,-136.19691389162836
117219,867.0,710.8030255208548,156.19697447914518
117230,948.0,1212.1392042337868,-264.1392042337868
117244,1015.0,1041.2360195185604,-26.236019518560397
117258,800.0,696.3093124533109,103.6906875466891
117270,1180.0,1192.9208757320093,-12.920875732009335
117273,1335.0,1219.6197909299663,115.38020907003374
117276,1085.0,1069.2872624297024,15.712737570297577
117280,670.0,655.4781607235401,14.5218392764599
117299,1115.0,1130.2361605812068,-15.236160581206832
117306,1120.0,1047.88292645541,72.11707354459008
117327,1030.0,1206.1382938569352,-176.1382938569352
117351,1380.0,1138.8386348426973,241.16136515730273
117383,1297.0,1130.800663228444,166.1993367715561
117401,775.0,696.2852718462897,78.71472815371033
117411,790.0,1058.0035316499543,-268.0035316499543
117444,1115.0,1219.7938160104202,-104.79381601042019
117454,895.0,957.164543712377,-62.16454371237705
117459,860.0,693.1939520872875,166.80604791271253
117496,686.0,664.4258067195525,21.574193280447503
117511,1270.0,1102.868658776194,167.13134122380598
117528,690.0,660.5909434897164,29.409056510283563
117570,1120.0,1214.419305190666,-94.41930519066591
117572,1205.0,1098.9143981293905,106.08560187060948
117588,890.0,946.96951390055,-56.969513900550055
117598,1320.0,1181.650991318021,138.34900868197906
117601,782.0,649.4240907239961,132.57590927600393
117604,820.0,697.7657879105334,122.23421208946661
117650,1180.0,1016.9239572664993,163.07604273350069
117652,1051.0,1074.5186977699027,-23.5186977699027
117679,775.0,679.2334390075813,95.7665609924187
117684,583.0,580.5338320519544,2.4661679480456087
117690,855.0,711.9755611483929,143.0244388516071
117695,950.0,1120.521458403807,-170.52145840380695
117721,535.0,624.4708534712988,-89.47085347129882
117737,1120.0,1042.054064530519,77.9459354694809
117746,865.0,1035.7260702740687,-170.72607027406866
117754,945.0,1232.1712171956565,-287.1712171956565
117763,1390.0,1260.3504479023964,129.64955209760365
117774,980.0,1032.27497753462,-52.27497753461989
117803,1000.0,1205.0423354646284,-205.04233546462842
117806,1370.0,1218.745967578765,151.25403242123502
117844,870.0,1021.5418488857576,-151.54184888575764
117856,1080.0,1009.6921597986546,70.30784020134536
117866,1088.0,1099.411440655444,-11.41144065544404
117870,1190.0,1108.679468386996,81.32053161300405
117871,1050.0,1170.1425202582247,-120.14252025822475
117897,772.0,675.4681797676296,96.53182023237036
117900,632.0,614.4431424661148,17.55685753388525
117912,1245.0,1158.3003774383367,86.69962256166332
117917,730.0,711.2342398259176,18.765760174082402
117933,1230.0,1235.2333220338128,-5.233322033812783
117936,1221.0,1168.6384606673619,52.36153933263813
117949,925.0,1097.1420056352194,-172.14200563521945
117961,710.0,695.6667140874637,14.333285912536326
117963,945.0,1089.9960247136453,-144.99602471364528
117984,1405.0,1200.804157906962,204.19584209303798
117990,561.0,689.5931952413873,-128.59319524138732
118009,800.0,709.7131443395007,90.28685566049933
118016,1160.0,1194.8620750944012,-34.862075094401234
118033,1036.0,1200.9295434401508,-164.92954344015084
118034,1265.0,1167.8546513814033,97.1453486185967
118036,1274.0,1153.3893732595366,120.61062674046343
118066,1380.0,1198.804845492542,181.19515450745803
118072,591.0,671.0578270477467,-80.05782704774674
118074,1086.0,1207.4062773641267,-121.40627736412671
118096,495.0,683.7144565133395,-188.71445651333954
118105,530.0,623.4181088727784,-93.41810887277836
118110,780.0,737.010540821905,42.98945917809499
118121,515.0,666.0057965720899,-151.00579657208993
118130,1195.0,1183.6051772223996,11.394822777600439
118136,1115.0,1124.2464570790469,-9.246457079046877
118163,1165.0,1146.5952492928695,18.40475070713046
118181,745.0,572.0771265238833,172.9228734761167
118188,1169.0,1036.8687892954447,132.13121070455531
118197,930.0,736.2794441611992,193.7205558388008
118200,1220.0,1197.6757672612716,22.32423273872837
118226,1235.0,1194.1305245508681,40.86947544913187
118237,827.0,992.8926513337102,-165.8926513337102
118241,640.0,611.3946251154647,28.60537488453531
118247,1140.0,1098.7265434277613,41.27345657223873
118278,1205.0,1069.2982978713176,135.70170212868243
118283,1094.0,1045.2440723642437,48.75592763575628
118304,598.0,632.9734699357692,-34.97346993576923
118324,970.0,1066.9864753335232,-96.98647533352323
118349,1157.0,954.7200876076613,202.2799123923387
118408,784.0,709.4387142215005,74.5612857784995
118429,1135.0,1093.5627004588341,41.437299541165885
118450,1160.0,1111.120239880946,48.879760119054026
118452,970.0,1192.5147533897948,-222.5147533897948
118483,940.0,1041.2376742913032,-101.23767429130316
118489,1420.0,1215.7653955890603,204.2346044109397
118510,1047.0,1156.2803828421434,-109.28038284214335
118521,1551.0,1105.0028573257796,445.9971426742204
118524,680.0,661.7542335627288,18.245766437271186
118526,1422.0,1245.5594969307908,176.44050306920917
118560,1095.0,1146.3473724383175,-51.34737243831751
118566,1010.0,1091.8081619793923,-81.80816197939225
118567,1225.0,1249.2702904195849,-24.270290419584853
118577,735.0,657.6067687064867,77.39323129351328
118622,1160.0,1045.1344913788066,114.86550862119338
118642,1225.0,1110.4213400442814,114.57865995571865
118645,545.0,649.8576058617203,-104.85760586172034
118659,1175.0,1040.6117880352563,134.38821196474373
118661,473.0,722.1865826716789,-249.18658267167893
118662,750.0,723.1182994080247,26.881700591975346
118672,705.0,722.6801694585763,-17.6801694585763
118710,670.0,674.2928090051803,-4.292809005180288
118718,1135.0,1185.3286635172328,-50.328663517232826
118722,1155.0,1132.876651962882,22.12334803711792
118752,692.0,714.8440651906603,-22.84406519066033
118773,1120.0,1163.0947611536803,-43.09476115368034
118778,526.0,587.2914452807713,-61.29144528077131
118803,870.0,978.8530849337511,-108.85308493375112
118817,861.0,1028.8836857458252,-167.88368574582523
118821,1040.0,1018.7330792142325,21.266920785767525
118837,915.0,946.0784741462927,-31.078474146292706
118842,1095.0,1043.3987159845733,51.6012840154267
118845,1095.0,1033.5832421347257,61.41675786527435
118852,1230.0,1104.5460672515565,125.45393274844355
118861,1390.0,1194.3199135413918,195.68008645860823
118873,1665.0,1259.649069694514,405.3509303054859
118877,1245.0,1090.8685170569483,154.13148294305165
118909,545.0,586.5452701647595,-41.54527016475947
118915,585.0,649.2641386608487,-64.26413866084874
118926,1240.0,1212.74204109379,27.25795890620998
118939,1075.0,1102.1843852762688,-27.184385276268813
118944,683.0,641.5685768256844,41.43142317431557
118946,1257.0,1051.0406629119896,205.95933708801044
118994,695.0,1010.3235193931512,-315.3235193931512
119025,480.0,645.8829651777212,-165.8829651777212
119056,963.0,728.4479015132013,234.55209848679874
119062,1305.0,1142.0672333605676,162.93276663943243
119066,1280.0,1231.158172553686,48.84182744631403
119075,1107.0,1201.6319468805132,-94.63194688051317
119079,1323.0,1048.2291184283104,274.77088157168964
119094,776.0,710.1697160242453,65.8302839757547
119107,900.0,678.4364706402785,221.56352935972154
119114,920.0,1143.6719575577172,-223.67195755771718
119115,1190.0,1243.6893775923852,-53.6893775923852
119123,895.0,1092.6051972407947,-197.60519724079472
119169,570.0,572.4369589063408,-2.4369589063408057
119187,595.0,735.90617170572,-140.90617170572
119188,1290.0,1201.0100991725965,88.98990082740352
119202,1620.0,1182.6322983036384,437.36770169636156
119271,1515.0,1237.134479146014,277.865520853986
119293,1460.0,1259.7814018544302,200.21859814556979
119301,1400.0,1221.7619273249982,178.23807267500183
119349,879.0,939.5480090380426,-60.54800903804255
119352,800.0,1084.816493632442,-284.81649363244196
119406,818.0,747.3216953060779,70.67830469392209
119407,840.0,1003.4724974980383,-163.47249749803825
119451,635.0,640.9671596662852,-5.96715966628517
119462,1235.0,1145.1546789509343,89.84532104906566
119471,970.0,1206.961311453608,-236.961311453608
119538,700.0,697.9021999248977,2.0978000751023274
119568,819.0,1007.6134157128951,-188.61341571289506
119573,1255.0,1179.496517661473,75.50348233852696
119576,575.0,674.5629342762803,-99.56293427628032
119578,1225.0,1234.7718904713513,-9.771890471351298
119603,1125.0,1200.3962054554895,-75.39620545548951
119618,1135.0,1090.931936204484,44.06806379551608
119633,1205.0,1065.110691122708,139.88930887729202
119666,577.0,613.8021581864226,-36.802158186422616
119702,630.0,690.095353213538,-60.09535321353803
119704,580.0,632.061708123936,-52.061708123936
119717,735.0,666.8544401693565,68.14555983064349
119718,950.0,1144.1824125151327,-194.18241251513268
119725,525.0,668.4965268337587,-143.4965268337587
119750,1525.0,1179.5907586122482,345.40924138775176
119755,1175.0,1138.353308900028,36.64669109997203
119762,1266.0,1088.163653548118,177.83634645188204
119768,575.0,688.7179513065141,-113.71795130651412
119861,1295.0,1143.582278057967,151.41772194203304
119869,1170.0,1177.3735253093596,-7.373525309359593
119871,675.0,667.5579491411221,7.442050858877906
119872,830.0,869.5235534769064,-39.523553476906386
119888,755.0,1095.0234686898273,-340.02346868982727
119893,1145.0,1176.2095023563663,-31.20950235636633
119898,750.0,1013.0347210588718,-263.0347210588718
119901,1215.0,1232.904066712641,-17.904066712640997
119911,630.0,672.9655656278645,-42.96556562786452
119915,875.0,722.3752646832962,152.62473531670378
119937,1180.0,1080.5610564742194,99.43894352578059
119963,1125.0,1097.849503440371,27.15049655962889
119970,870.0,681.1599805613768,188.84001943862324
119983,1521.0,1235.6735795031138,285.32642049688616
120031,605.0,642.9966393828101,-37.996639382810145
120069,1025.0,719.2128425739735,305.7871574260265
120075,725.0,648.8586412347321,76.14135876526791
120126,926.0,1078.5148793672493,-152.51487936724925
120158,643.0,652.8500150493644,-9.850015049364401
120167,1422.0,1231.619275679995,190.3807243200049
120177,925.0,719.5121144259591,205.4878855740409
120183,1385.0,1064.8108453996826,320.18915460031735
120187,953.0,702.6159386880847,250.38406131191527
120189,1240.0,1243.7900224895536,-3.790022489553621
120217,1367.0,1139.3344374938495,227.66556250615054
120229,432.0,701.2223070566891,-269.22230705668915
120243,661.0,694.0982560302843,-33.09825603028435
120248,1085.0,1121.3620391793852,-36.36203917938519
120267,1047.0,1094.1111659990245,-47.11116599902448
120269,981.0,1153.076656650847,-172.0766566508471
120273,941.0,1031.6602225271083,-90.66022252710832
120306,1279.0,1158.2971998095602,120.7028001904398
120313,1100.0,1120.3313789408144,-20.331378940814375
120329,903.0,689.1305126840748,213.8694873159252
120331,1240.0,1068.7470818159609,171.25291818403912
120337,918.0,1050.6297310827167,-132.62973108271672
120348,575.0,700.4837289063423,-125.48372890634232
120359,1010.0,691.9809804839037,318.01901951609625
120361,1345.0,1056.8235863571042,288.1764136428958
120364,466.0,648.7799016263381,-182.77990162633807
120372,1180.0,1018.0380735446447,161.9619264553553
120419,480.0,669.5939104239819,-189.59391042398192
120438,826.0,1055.4339759823938,-229.4339759823938
120439,1272.0,1091.73915394329,180.26084605671008
120442,725.0,729.0181032964043,-4.01810329640432
120450,1565.0,1115.0391676918605,449.9608323081395
120542,1060.0,952.4335375877397,107.56646241226031
120582,1124.0,1070.669601341507,53.330398658493095
120584,1075.0,1070.8965031046425,4.103496895357466
120607,615.0,629.1733659133638,-14.173365913363796
120613,965.0,1155.1253105839846,-190.12531058398463
120618,930.0,1111.051115812504,-181.0511158125039
120622,1135.0,1125.0103952493912,9.989604750608805
120625,950.0,962.8398520978302,-12.839852097830203
120631,450.0,578.8252373759893,-128.82523737598933
120635,1000.0,944.075786664576,55.92421333542404
120646,1069.0,1194.8650865838658,-125.86508658386583
120652,1040.0,1157.4798997804676,-117.47989978046758
120662,970.0,1111.331733233185,-141.3317332331851
120701,1172.0,1240.3615837302991,-68.36158373029912
120725,650.0,689.1809175304509,-39.18091753045087
120753,662.0,985.4907589019633,-323.4907589019633
120780,1124.0,1124.8780845447657,-0.8780845447656702
120792,700.0,678.345736913173,21.654263086826973
120795,1040.0,1058.5062252831667,-18.506225283166714
120826,1180.0,1104.2885635782472,75.71143642175275
120871,1150.0,1063.0032576711365,86.99674232886355
120883,785.0,748.8231373504037,36.17686264959627
120917,965.0,1010.5367547827965,-45.53675478279649
120949,475.0,634.6096071147605,-159.60960711476048
120964,1344.0,1278.9781237519671,65.02187624803287
120980,1175.0,1071.6025057303,103.39749426970002
120986,1250.0,1160.8245001691525,89.17549983084746
121005,1412.0,1216.9576362271036,195.04236377289635
121006,1200.0,1052.3664283247513,147.63357167524873
121009,1210.0,1190.5086203665892,19.491379633410816
121032,571.0,602.8209368388189,-31.820936838818852
121067,1480.0,1247.9239901872777,232.0760098127223
121071,1180.0,1055.6232352365407,124.37676476345928
121088,1680.0,1172.768516739808,507.2314832601919
121098,955.0,944.2092285621762,10.790771437823764
121099,606.0,666.5192924576571,-60.519292457657116
121101,885.0,668.4947742372393,216.5052257627607
121105,980.0,981.9740456409695,-1.974045640969507
121107,1231.0,1153.7237299965675,77.2762700034325
121119,1175.0,1117.2324612131858,57.76753878681416
121124,1014.0,1064.1629066191422,-50.16290661914218
121147,1270.0,1222.246870311707,47.75312968829303
121170,860.0,1085.8293520725967,-225.82935207259675
121171,727.0,601.2794043391395,125.72059566086045
121212,910.0,1124.7231129332586,-214.72311293325856
121279,760.0,971.0157196301167,-211.01571963011668
121290,990.0,1015.5895901856856,-25.58959018568555
121336,833.0,712.0137344394748,120.98626556052523
121337,775.0,682.4193355381825,92.58066446181749
121352,849.0,1127.526748949834,-278.526748949834
121356,1010.0,1136.4557889582932,-126.45578895829317
121370,849.0,1096.1765678095355,-247.17656780953553
121381,790.0,677.0203240277953,112.97967597220475
121391,1069.0,1200.3425192871534,-131.34251928715344
121409,840.0,1170.1430566710442,-330.1430566710442
121410,1310.0,1019.2631018927502,290.7368981072498
121411,1415.0,1131.241415232825,283.7585847671751
121417,1220.0,1188.1747162512222,31.825283748777792
121491,1100.0,1006.931141455968,93.06885854403197
121500,677.0,606.0544814435134,70.9455185564866
121518,1039.0,1185.172859913925,-146.1728599139251
121551,697.0,660.3869187102437,36.61308128975634
121625,716.0,668.1079015501258,47.8920984498742
121630,1120.0,1153.5368452941916,-33.53684529419161
121654,825.0,694.2143274627321,130.78567253726794
121656,960.0,1077.4834665295155,-117.48346652951545
121659,570.0,684.915802902641,-114.91580290264096
121669,960.0,1078.0504836727928,-118.05048367279278
121676,595.0,966.5473569827572,-371.54735698275715
121680,1020.0,725.6564010789677,294.34359892103225
121692,550.0,691.6173691231618,-141.61736912316178
121718,632.0,618.3899543156803,13.610045684319743
121720,755.0,719.666506513474,35.33349348652598
121742,960.0,992.9323139430268,-32.93231394302677
121792,782.0,707.5851470651891,74.41485293481094
121828,1218.0,1147.6009411333844,70.39905886661563
121833,550.0,710.670611623039,-160.670611623039
121834,1265.0,1062.4406848138349,202.55931518616512
121848,1505.0,1110.9606068403232,394.0393931596768
121883,503.0,695.9543658752752,-192.95436587527524
121885,1522.0,1244.7645211993338,277.2354788006662
121918,990.0,957.9007749423072,32.09922505769282
121978,739.0,702.8111865410123,36.18881345898774
121986,1157.0,1020.5039901352374,136.49600986476264
122019,612.0,686.0470623184452,-74.04706231844523
122061,893.0,965.7124655609946,-72.71246556099459
122066,1168.0,1269.2988042287418,-101.2988042287418
122071,449.0,579.9101150479651,-130.91011504796506
122108,1156.0,1189.8353775832904,-33.83537758329044
122117,610.0,700.5739132519243,-90.5739132519243
122136,1091.0,1033.005266910065,57.994733089934925
122168,1010.0,1037.876818190075,-27.876818190075028
122194,435.0,706.0678500543119,-271.06785005431186
122223,800.0,987.0389736025332,-187.03897360253325
122262,1003.0,1063.2972206398094,-60.29722063980944
122311,725.0,719.594029797025,5.405970202975027
122326,1370.0,1071.8659509740087,298.1340490259913
122331,850.0,958.188230972068,-108.18823097206803
122342,1104.0,1070.1491041243657,33.85089587563425
122404,1440.0,1207.015163883417,232.98483611658298
122418,760.0,701.2089985803849,58.7910014196151
122433,1030.0,1144.1136154693545,-114.1136154693545
122436,910.0,1089.7250061693528,-179.7250061693528
122438,1105.0,1038.8677452655584,66.13225473444163
122448,1440.0,1156.7497545533174,283.2502454466826
122456,1389.0,1289.5439984350378,99.45600156496221
122478,1075.0,993.2356721653512,81.76432783464884
122489,940.0,1014.7160262983454,-74.71602629834535
122498,1045.0,1098.140556422834,-53.140556422833924
122536,860.0,667.9967959290678,192.00320407093216
122537,1306.0,997.8164722850555,308.1835277149445
122546,1040.0,1237.6476590389793,-197.64765903897933
122599,1107.0,1177.3858066768676,-70.38580667686756
122602,1005.0,733.1603651174088,271.8396348825912
122611,730.0,700.9870132869308,29.012986713069154
122625,575.0,607.2318710848742,-32.23187108487423
122642,1230.0,1205.289371032528,24.710628967472076
122643,1250.0,1081.7103319078408,168.28966809215922
122652,1295.0,1239.3996319197724,55.600368080227554
122657,590.0,628.4290982895712,-38.42909828957124
122686,1065.0,983.930757484724,81.06924251527596
122695,1171.0,989.0799159088841,181.92008409111588
122702,1205.0,1223.7809054794773,-18.78090547947727
122703,1286.0,1077.0586783861472,208.94132161385278
122739,660.0,624.8177169363091,35.182283063690875
122751,690.0,690.5904205273463,-0.5904205273462821
122766,815.0,1042.300557886491,-227.3005578864911
122782,1140.0,1087.4070054339077,52.59299456609233
122790,1222.0,1282.6569102777767,-60.65691027777666
122812,745.0,734.125598337085,10.874401662915034
122816,965.0,715.2480066074078,249.75199339259223
122850,1035.0,1019.9662979992977,15.033702000702306
122854,850.0,1000.6240949819586,-150.6240949819586
122868,530.0,588.7526199709677,-58.75261997096766
122881,1230.0,1231.3425855082912,-1.3425855082912221
122921,1280.0,1052.4218328212837,227.57816717871628
122938,585.0,641.6609212660612,-56.66092126606122
122964,1482.0,1250.564170471415,231.43582952858492
122969,1050.0,966.2605875955919,83.73941240440809
122982,985.0,913.4472547073389,71.55274529266114
122997,749.0,1060.9867743539473,-311.98677435394734
123000,1340.0,1049.1605582755358,290.8394417244642
123011,1455.0,1243.7490605218488,211.25093947815117
123012,861.0,731.9670822435168,129.03291775648324
123028,665.0,632.0661012333117,32.933898766688344
123060,920.0,1135.528411524434,-215.52841152443398
123063,670.0,691.4264990250864,-21.4264990250864
123077,1680.0,1252.1642217589115,427.8357782410885
123089,725.0,698.985646260868,26.014353739132048
123091,1130.0,1094.570802786555,35.42919721344492
123106,694.0,694.3025558043612,-0.3025558043611909
123133,804.0,958.1948791920142,-154.19487919201424
123150,1155.0,1212.8241948372895,-57.8241948372895
123172,703.0,721.9879049612592,-18.987904961259233
123173,730.0,1153.284761198517,-423.2847611985169
123185,1220.0,1095.275337965947,124.72466203405293
123193,685.0,665.3633121245671,19.636687875432926
123205,590.0,635.943288766822,-45.94328876682198
123217,815.0,706.4897834200294,108.51021657997057
123219,901.0,1022.1988132819425,-121.19881328194253
123222,590.0,651.185603212442,-61.18560321244195
123261,1020.0,1081.0850073707434,-61.08500737074337
123262,1210.0,1212.512970791039,-2.5129707910389243
123276,1290.0,1191.9985960729098,98.00140392709022
123297,1200.0,1222.5647740076365,-22.564774007636515
123345,785.0,696.8181484586295,88.18185154137052
123365,1212.0,1026.5126688398284,185.4873311601716
123385,1279.0,1127.6513118522078,151.34868814779225
123419,875.0,728.2627142610112,146.73728573898882
123427,1155.0,1125.5583143208823,29.441685679117654
123455,782.0,1073.155867202213,-291.1558672022129
123477,1230.0,1256.2942257377827,-26.294225737782654
123486,746.0,701.2613123588312,44.73868764116878
123490,781.0,1030.1419295040403,-249.14192950404026
123501,720.0,654.9894856752408,65.01051432475924
123505,645.0,675.863781987049,-30.863781987049038
123512,825.0,995.4711584424472,-170.47115844244718
123513,1300.0,1184.327141747616,115.672858252384
123524,1375.0,1149.4727812584856,225.5272187415144
123532,535.0,689.3457364962665,-154.34573649626645
123541,657.0,652.5873503875387,4.412649612461337
123551,1340.0,1158.7625031486755,181.23749685132452
123630,1168.0,1000.7640096631272,167.23599033687276
123706,866.0,1136.545784179538,-270.54578417953803
123751,1265.0,1186.7781119880467,78.2218880119533
123753,760.0,1045.9119976785628,-285.9119976785628
123773,575.0,594.7013654348291,-19.701365434829086
123780,1036.0,985.5472954686753,50.452704531324684
123805,530.0,716.121856514377,-186.121856514377
123838,1065.0,1165.9323004938433,-100.93230049384329
123839,615.0,545.5122200718474,69.48777992815258
123861,928.0,703.799043951348,224.20095604865196
123889,1370.0,1124.2179650808653,245.78203491913473
123891,1110.0,1183.884043868347,-73.88404386834691
123900,1201.0,1024.5415577299582,176.45844227004181
123939,810.0,747.3307486329898,62.66925136701025
123968,1160.0,730.4698678286569,429.5301321713431
123979,1390.0,1214.4640549737073,175.53594502629267
124014,1000.0,725.8449436407843,274.1550563592157
124077,1285.0,1210.0016308183874,74.99836918161259
124105,725.0,686.4435392419724,38.55646075802758
124111,755.0,675.5320453839465,79.46795461605348
124137,1205.0,1119.1793647351299,85.82063526487013
124139,775.0,715.7718957532567,59.22810424674333
124168,1200.0,1163.5373268450242,36.462673154975846
124187,570.0,921.3992631816238,-351.39926318162384
124203,820.0,720.9869362739155,99.01306372608451
124225,757.0,681.0390558298201,75.96094417017991
124232,1010.0,1070.2121562269072,-60.212156226907155
124262,1440.0,1157.6526963867725,282.3473036132275
124272,1255.0,1191.6805065526494,63.319493447350624
124348,1200.0,1239.5530585979575,-39.55305859795749
124352,530.0,695.4285711002143,-165.4285711002143
124353,996.0,1024.1732411066964,-28.173241106696423
124360,1136.0,1025.5196726993975,110.48032730060254
124369,705.0,673.1815779984113,31.818422001588715
124374,489.0,611.8068922320668,-122.80689223206684
124392,1220.0,1238.5536050473406,-18.553605047340625
124395,808.0,705.0112086626443,102.98879133735568
124401,1105.0,1032.4449553505772,72.55504464942283
124406,1260.0,1168.5084761421783,91.49152385782168
124413,860.0,701.6005756660312,158.3994243339688
124445,1310.0,1247.2209636564194,62.77903634358063
124478,785.0,675.9440250794055,109.05597492059451
124550,1091.0,1082.9722563333428,8.027743666657216
124578,1190.0,1225.1293477197796,-35.12934771977962
124579,550.0,701.972486759984,-151.972486759984
124622,1250.0,1065.1857943125824,184.8142056874176
124651,1080.0,1199.687871047846,-119.6878710478461
124671,756.0,708.1135306745799,47.88646932542008
124678,1010.0,1184.6060671985042,-174.6060671985042
124692,1410.0,1215.4901242634412,194.5098757365588
124711,1355.0,1179.739781485977,175.2602185140231
124734,1252.0,1140.7602366801484,111.23976331985159
124756,1187.0,1082.43052395234,104.56947604765992
124776,975.0,891.7229657725808,83.27703422741922
124784,1522.0,1228.0937661416665,293.9062338583335
124841,634.0,672.3501513315446,-38.350151331544566
124874,926.0,720.4272486809382,205.5727513190618
124887,1246.0,1096.3586824907175,149.64131750928254
124892,1284.0,1153.3298176417948,130.67018235820524
124931,616.0,933.7055205927306,-317.70552059273064
124932,1170.0,1147.4350471745645,22.564952825435512
124936,680.0,682.3832618078615,-2.3832618078614587
125002,970.0,1071.6195721760423,-101.61957217604231
125019,1230.0,1156.8177806863291,73.18221931367088
125041,1390.0,1213.5450262842614,176.45497371573856
125056,760.0,696.6446263774595,63.35537362254047
125066,655.0,721.278443830519,-66.278443830519
125069,1220.0,1061.7756900161241,158.22430998387586
125085,1155.0,1159.3716069937002,-4.371606993700198
125102,1330.0,1150.0555445823163,179.94445541768368
125138,1289.0,1172.5914793687964,116.4085206312036
125164,510.0,672.0635426647323,-162.06354266473227
125181,1000.0,1202.2198057492415,-202.21980574924146
125191,1260.0,1165.9516141240338,94.04838587596623
125192,1150.0,731.8798455837388,418.12015441626124
125201,1105.0,1163.0786940828307,-58.07869408283068
125216,1260.0,1111.4732659600436,148.5267340399564
125232,1470.0,1253.9533572278879,216.04664277211214
125234,1205.0,1097.3841337142126,107.61586628578743
125261,970.0,714.6391561564399,255.36084384356013
125263,965.0,1036.871292652377,-71.87129265237695
125268,720.0,711.1407499647421,8.859250035257901
125272,1230.0,1093.8530510997018,136.14694890029818
125278,835.0,725.6565109309544,109.34348906904563
125283,1080.0,1243.5510573710244,-163.5510573710244
125293,992.0,1196.1333154608549,-204.13331546085487
125324,705.0,634.0756693521686,70.92433064783143
125365,964.0,1117.9229005360696,-153.92290053606962
125370,1185.0,1159.543039213021,25.456960786978925
125374,721.0,679.3398944733453,41.66010552665466
125380,1415.0,1230.3605880511705,184.63941194882955
125384,1194.0,1249.306437078746,-55.30643707874606
125393,635.0,667.6316185658856,-32.63161856588556
125394,1140.0,1051.5093997782872,88.49060022171284
125423,940.0,1128.2074147640897,-188.20741476408966
125447,1530.0,1142.6758857067468,387.32411429325316
125458,860.0,1052.2747387464835,-192.27473874648354
125461,760.0,686.1360550258719,73.86394497412812
125527,1055.0,1151.3774219351826,-96.37742193518261
125528,1310.0,1119.7013979536164,190.29860204638362
125543,970.0,1148.8188788391683,-178.8188788391683
125554,1150.0,1178.3479409295476,-28.347940929547576
125561,1380.0,1259.751802993487,120.24819700651301
125595,425.0,588.6210326159439,-163.62103261594393
125602,580.0,644.0873595478263,-64.08735954782628
125626,1630.0,1134.5271194583186,495.47288054168143
125638,860.0,712.11334849144,147.88665150856002
125645,840.0,703.2179260499063,136.78207395009372
125651,738.0,1069.2217579561618,-331.2217579561618
125668,1285.0,1120.4520490654772,164.54795093452276
125676,1169.0,993.840269430682,175.15973056931796
125724,1120.0,1038.2335363660013,81.76646363399868
125741,1230.0,1195.6302128048537,34.36978719514627
125749,595.0,622.2604583248282,-27.260458324828164
125772,1015.0,1074.32490882949,-59.324908829489914
125778,560.0,685.5473019876704,-125.54730198767038
125779,566.0,936.3493520816742,-370.34935208167417
125804,1260.0,1199.4134817844053,60.58651821559465
125869,1167.0,1102.8364460374473,64.16355396255267
125873,940.0,958.8561727481762,-18.856172748176164
125904,1080.0,1219.0906893053625,-139.0906893053625
125936,1350.0,1096.0307872756857,253.96921272431427
125943,846.0,715.2714696974111,130.72853030258887
125966,940.0,1060.1843894260392,-120.18438942603916
125981,595.0,672.9692706015707,-77.96927060157066
125988,549.0,657.5312724554449,-108.53127245544488
126020,685.0,626.4067084884831,58.593291511516895
126065,554.0,635.5763694476195,-81.57636944761953
126074,1085.0,1014.4679691254432,70.53203087455677
126081,1312.0,1157.928232808305,154.07176719169502
126097,994.0,1016.5650219224945,-22.565021922494452
126142,500.0,668.8810694364408,-168.88106943644084
126153,1540.0,1195.140510308858,344.859489691142
126175,1232.0,1069.169826970646,162.830173029354
126179,950.0,1135.166380823419,-185.1663808234191
126183,1090.0,975.4472229014146,114.55277709858535
126194,1075.0,1121.5708265540788,-46.57082655407885
126205,899.0,1140.5167854598576,-241.5167854598576
126244,1031.0,1107.9641442182901,-76.96414421829013
126245,1135.0,1105.1092515882237,29.890748411776258
126270,1102.0,1230.9104693035465,-128.9104693035465
126272,664.0,666.3102674306415,-2.3102674306414883
126291,870.0,933.6329541526854,-63.63295415268544
126312,1075.0,1074.8891623162685,0.11083768373146086
126321,1115.0,1117.105737409905,-2.105737409905032
126326,1060.0,1119.6097241374691,-59.60972413746913
126334,1170.0,1247.8984405134788,-77.89844051347882
126339,825.0,725.5971179512328,99.4028820487672
126393,920.0,1126.8815776034055,-206.8815776034055
126407,810.0,597.3524733714677,212.64752662853232
126411,1165.0,1044.2005689006241,120.79943109937585
126419,1325.0,1104.8751604665201,220.12483953347987
126468,630.0,652.6640632906093,-22.664063290609306
126495,785.0,724.5034735509703,60.496526449029716
126497,680.0,1197.378853259825,-517.3788532598251
126524,1260.0,1128.095756047283,131.90424395271702
126530,1300.0,1148.0498458223406,151.95015417765944
126561,964.0,689.4420525012347,274.5579474987653
126575,492.0,694.8972865882077,-202.89728658820775
126585,380.0,614.1455064622509,-234.14550646225086
126605,690.0,954.0571096559954,-264.0571096559954
126620,785.0,710.141234225781,74.85876577421902
126621,970.0,1028.706002033164,-58.70600203316394
126637,490.0,599.2349301518823,-109.23493015188228
126666,1085.0,1137.9343675772857,-52.934367577285684
126689,675.0,718.5988914624778,-43.59889146247781
126714,1022.0,1120.511390897875,-98.51139089787489
126722,1169.0,1098.6630126024386,70.33698739756142
126771,670.0,676.0368936431786,-6.036893643178587
126809,1545.0,1054.6640555155218,490.3359444844782
126831,1170.0,1181.5136806566425,-11.513680656642464
126841,1105.0,1052.965824334321,52.03417566567896
126887,1065.0,1130.6984239800295,-65.69842398002947
126892,1100.0,1190.4141593618515,-90.41415936185149
126914,790.0,657.5644715826068,132.43552841739324
126915,730.0,695.6545323868824,34.34546761311765
126925,865.0,704.310079592398,160.68992040760202
126931,855.0,1150.7104608676193,-295.7104608676193
126996,665.0,673.9532324128061,-8.953232412806074
127009,1265.0,1127.9607249109001,137.03927508909987
127028,1055.0,1096.7669423052835,-41.766942305283465
127042,1143.0,1242.5131971060443,-99.51319710604434
127052,1240.0,1150.5814889814192,89.41851101858083
127053,904.0,1130.7818760624154,-226.78187606241545
127070,1005.0,1140.6534318687327,-135.6534318687327
127087,1115.0,1123.1190304269487,-8.119030426948711
127111,1280.0,1104.3667552040972,175.63324479590278
127157,668.0,690.56124932064,-22.561249320639945
127192,1150.0,1111.4512283856302,38.5487716143698
127219,672.0,707.2892211496973,-35.289221149697255
127318,1225.0,1157.6493309648881,67.35066903511188
127360,780.0,701.1561387732453,78.84386122675471
127371,665.0,672.8122868696804,-7.812286869680406
127373,893.0,1099.1058872807153,-206.10588728071525
127393,1110.0,1205.104414476965,-95.10441447696508
127402,1047.0,1098.6630126024386,-51.663012602438585
127421,1169.0,981.2849523996073,187.71504760039272
127434,675.0,712.7988509426661,-37.79885094266615
127479,984.0,1087.1236525829004,-103.12365258290038
127522,985.0,1145.5421681410378,-160.5421681410378
127529,985.0,1099.1058872807153,-114.10588728071525
127557,1205.0,1107.7189879571126,97.28101204288737
127565,1025.0,1143.4733012463976,-118.47330124639757
127570,1055.0,1001.2235633214709,53.77643667852908
127576,1410.0,1195.0541300159168,214.94586998408317
127578,1400.0,1304.4433074655408,95.55669253445922
127598,1610.0,1263.3764323405198,346.62356765948016
127601,645.0,627.544098840854,17.455901159146038
127627,1395.0,1254.6806443964965,140.31935560350348
127628,1535.0,1251.39033336998,283.60966663002
127632,1135.0,1148.5796783389796,-13.579678338979647
127668,837.0,717.6417267887873,119.35827321121269
127680,1317.0,1080.8408414767734,236.15915852322655
127701,1235.0,1155.0221295168474,79.97787048315263
127751,560.0,725.4885656753536,-165.48856567535358
127752,565.0,616.0746983343178,-51.07469833431776
127768,1385.0,1222.0513642604842,162.9486357395158
127769,1105.0,1087.6783654410951,17.32163455890486
127825,805.0,672.2982871849075,132.7017128150925
127832,875.0,1111.7824912445735,-236.78249124457352
127838,1000.0,1047.124732225725,-47.12473222572498
127850,905.0,1239.8744381884671,-334.87443818846714
127855,1205.0,1010.4222389695968,194.57776103040317
127875,640.0,708.7415461263594,-68.74154612635937
127880,602.0,625.1117125522262,-23.11171255222621
127882,1105.0,1205.865893841961,-100.865893841961
127910,1060.0,1104.3511860340009,-44.351186034000875
127922,1465.0,1264.0717503033663,200.92824969663366
127945,675.0,687.4813216583498,-12.48132165834977
127963,1050.0,1115.7402430386946,-65.74024303869464
127984,1135.0,1163.8078381854864,-28.80783818548639
127996,1045.0,1182.05924756928,-137.05924756927993
128000,455.0,614.6354252722884,-159.63542527228844
128006,830.0,699.9080332007668,130.0919667992332
128023,1035.0,1164.7790598772124,-129.77905987721238
128024,1070.0,1121.1151023349612,-51.11510233496119
128051,1510.0,1237.6166294759098,272.3833705240902
128066,700.0,687.8786387188941,12.12136128110592
128097,950.0,1117.6500414273805,-167.65004142738053
128135,925.0,668.4352759348226,256.5647240651774
128157,1030.0,1217.3240322075926,-187.3240322075926
128178,1180.0,1241.7849269984456,-61.7849269984456
128208,885.0,717.9505225530477,167.04947744695232
128222,1213.0,1067.7249176510188,145.2750823489812
128234,765.0,615.9809000684816,149.01909993151844
128235,630.0,658.9645174842827,-28.964517484282737
128270,1000.0,1136.4450890589828,-136.44508905898283
128282,1330.0,1117.0830298385372,212.9169701614628
128284,555.0,635.8520000937335,-80.85200009373352
128288,826.0,1144.9995340587132,-318.99953405871315
128302,755.0,975.1256010523634,-220.12560105236344
128303,1485.0,1145.44791506542,339.5520849345801
128317,606.0,703.4505036606216,-97.45050366062162
128319,1020.0,1107.886719744528,-87.88671974452791
128339,1040.0,1066.928558708691,-26.92855870869107
128379,800.0,1130.8375140122926,-330.83751401229256
128381,770.0,691.0515413128519,78.9484586871481
128386,955.0,1140.5480097268605,-185.54800972686053
128392,802.0,653.7844765739835,148.2155234260165
128398,630.0,626.1598376997059,3.8401623002940823
128434,782.0,1169.819975838712,-387.819975838712
128482,1320.0,1221.1357925256175,98.86420747438251
128484,630.0,623.8085007280994,6.191499271900625
128491,574.0,657.331388770517,-83.33138877051704
128498,1105.0,1113.1443518124565,-8.144351812456534
128526,713.0,661.637164609922,51.362835390077976
128555,790.0,726.104946483045,63.895053516955045
128588,560.0,631.6678254641778,-71.66782546417778
128627,1375.0,1091.5524072565083,283.44759274349167
128634,1755.0,1237.6072638304004,517.3927361695996
128641,1380.0,1181.9694148958138,198.03058510418623
128660,835.0,724.558140888466,110.44185911153397
128668,442.0,678.6550637697875,-236.6550637697875
128677,1270.0,1172.3047510750919,97.69524892490813
128698,665.0,932.0491957969316,-267.0491957969316
128708,930.0,1123.1001432414303,-193.10014324143026
128711,1255.0,1118.7141878036407,136.2858121963593
128723,1209.0,1080.9120003711694,128.08799962883063
128728,1135.0,1191.6805065526494,-56.680506552649376
128733,1128.0,1097.8321611833444,30.167838816655603
128764,870.0,1161.2583614545365,-291.2583614545365
128774,705.0,677.5035951668458,27.4964048331542
128779,920.0,713.1629483964664,206.8370516035336
128781,815.0,1061.1700900523458,-246.1700900523458
128782,1137.0,1212.90850928407,-75.90850928407008
128856,1205.0,1173.1178838221877,31.88211617781235
128867,1510.0,1179.119659232827,330.88034076717304
128899,1085.0,1021.5418488857576,63.458151114242355
128906,1010.0,1237.2721139007642,-227.27211390076423
128916,670.0,704.6726375568197,-34.67263755681972
128917,771.0,707.2155609225608,63.784439077439174
128924,699.0,1181.5838480213379,-482.5838480213379
128937,1211.0,972.7689931307599,238.2310068692401
128938,960.0,1098.7739750257822,-138.7739750257822
128970,890.0,1008.6787819273446,-118.67878192734463
129008,1030.0,1020.2288270316308,9.771172968369228
129022,1020.0,1173.0415808639827,-153.04158086398274
129029,735.0,667.5887887030143,67.4112112969857
129068,1010.0,1057.7977362045187,-47.79773620451874
129072,705.0,699.2621751932083,5.73782480679165
129111,1341.0,1212.999936064796,128.00006393520403
129116,1120.0,1085.3403327522897,34.65966724771033
129139,825.0,695.3371416219446,129.66285837805538
129140,490.0,613.1905161207658,-123.19051612076578
129143,1382.0,1113.2197490454123,268.7802509545877
129173,1120.0,1125.1344758262755,-5.134475826275548
129181,590.0,692.9166177442438,-102.91661774424381
129187,1080.0,1054.9925015486594,25.007498451340552
129247,1332.0,1137.862823227111,194.137176772889
129251,1073.0,1006.4525183466804,66.54748165331955
129267,660.0,646.9860409240481,13.013959075951902
129320,897.0,1019.2599617909062,-122.25996179090623
129375,628.0,657.1089106910123,-29.108910691012284
129382,775.0,1016.2280374177845,-241.22803741778455
129386,1275.0,1164.9633245915475,110.03667540845254
129388,831.0,1002.9347775183679,-171.93477751836792
129434,893.0,1092.3064341175364,-199.30643411753636
129453,689.0,719.4353443425504,-30.435344342550366
129487,1005.0,1138.3652883474103,-133.36528834741034
129512,690.0,669.7569741175893,20.243025882410734
129522,715.0,711.7591573496236,3.2408426503764076
129543,1440.0,1230.5195410135307,209.48045898646933
129547,748.0,732.7820143101966,15.217985689803413
129555,490.0,623.1735580892284,-133.17355808922844
129559,1169.0,1071.0307765482946,97.96922345170537
129590,459.0,1096.2129473990967,-637.2129473990967
129604,650.0,674.965515918021,-24.96551591802097
129636,1405.0,1201.8259104671297,203.1740895328703
129645,780.0,646.9941532864182,133.00584671358183
129660,704.0,687.3571253337918,16.642874666208172
129679,910.0,1036.6233487236832,-126.6233487236832
129733,900.0,1144.7406383603438,-244.74063836034384
129735,755.0,646.9885954302035,108.01140456979647
129749,1257.0,1126.1674806085555,130.83251939144452
129766,663.0,603.8828012524873,59.1171987475127
129778,1345.0,1220.9197097419342,124.08029025806582
129813,1113.0,987.2220820074482,125.7779179925518
129854,1060.0,742.5647477942169,317.43525220578306
129871,1070.0,1014.5274832776289,55.4725167223711
129877,680.0,712.3493255697238,-32.34932556972376
129884,1100.0,1165.4136979896598,-65.4136979896598
129895,980.0,1038.5517939757651,-58.55179397576512
129905,492.0,582.7484967088327,-90.7484967088327
129916,727.0,671.1989348030639,55.801065196936065
129922,655.0,614.5499882873391,40.45001171266085
129932,950.0,1256.1467994416666,-306.14679944166664
129958,640.0,628.2343346779707,11.76566532202935
129967,833.0,730.0238227436863,102.97617725631369
129994,995.0,986.9112567817797,8.088743218220316
130001,1010.0,1110.7597589230793,-100.75975892307929
130002,721.0,705.02444463686,15.97555536313996
130015,750.0,722.6016424165325,27.398357583467487
130064,1070.0,1129.3531303809748,-59.35313038097479
130080,1125.0,1015.6819328802502,109.3180671197498
130089,1390.0,1219.0479765893617,170.95202341063828
130104,1220.0,1195.0443546369359,24.95564536306415
130138,1170.0,1141.9105140206073,28.089485979392748
130147,675.0,670.7007206554206,4.299279344579418
130148,1495.0,1149.6510831878127,345.3489168121873
130151,816.0,730.1854387414502,85.81456125854982
130169,641.0,608.7529061439423,32.247093856057745
130172,957.0,1068.7382426304448,-111.7382426304448
130187,420.0,602.4392144047627,-182.43921440476265
130226,855.0,1012.3480942366489,-157.34809423664888
130277,837.0,993.840269430682,-156.84026943068204
130298,1269.0,1140.8389233364435,128.1610766635565
130333,1150.0,993.614490884907,156.385509115093
130341,880.0,677.6181892718799,202.38181072812006
130347,1433.0,1194.8081863163495,238.19181368365048
130367,1030.0,1087.32986289564,-57.32986289563996
130385,930.0,1072.7200125458664,-142.72001254586644
130386,925.0,1051.6727045003754,-126.6727045003754
130398,550.0,567.3448287948387,-17.34482879483869
130403,719.0,652.010997194851,66.98900280514897
130456,895.0,1173.4074235318665,-278.40742353186647
130457,772.0,684.4426411176762,87.5573588823238
130482,725.0,681.8336752348878,43.16632476511222
130517,950.0,1066.634086362672,-116.63408636267195
130520,885.0,710.2808590569654,174.71914094303463
130580,760.0,692.7111423769201,67.28885762307993
130640,1040.0,1167.9615586159043,-127.96155861590432
130646,1130.0,1166.011756668828,-36.01175666882796
130648,1079.0,1099.7406499105434,-20.740649910543425
130674,900.0,999.9412870179627,-99.94128701796274
130682,1040.0,1072.4766994458228,-32.47669944582276
130736,995.0,1005.3419858022103,-10.341985802210274
130740,550.0,612.905066735752,-62.90506673575203
130744,1210.0,1176.1686346950944,33.8313653049056
130749,440.0,677.9002794761807,-237.90027947618069
130763,659.0,593.8345336911766,65.1654663088234
130777,980.0,1012.854256339641,-32.85425633964098
130801,720.0,651.6893946602446,68.3106053397554
130803,1310.0,1238.4948257465862,71.50517425341377
130841,1165.0,1080.1078421818174,84.89215781818257
130876,830.0,720.5519586116249,109.44804138837515
130911,1035.0,1092.1998149522842,-57.199814952284214
130932,1150.0,1238.0320076737494,-88.03200767374938
130935,1210.0,1119.8356319567324,90.16436804326759
130947,1065.0,1240.9999923318846,-175.99999233188464
130957,1320.0,1195.3706781531637,124.62932184683632
130984,1525.0,1296.0639964594259,228.93600354057412
131045,460.0,591.5058929109003,-131.50589291090034
131057,1112.0,1130.034546020852,-18.034546020852076
131063,1155.0,1029.0483289836216,125.95167101637844
131068,1320.0,1218.5469327609783,101.45306723902172
131110,1060.0,1145.1767978702262,-85.17679787022621
131130,670.0,632.7996561162716,37.20034388372835
131156,1130.0,1096.9509979393565,33.04900206064349
131164,885.0,731.0949943867331,153.9050056132669
131169,1499.0,1128.4564677854366,370.54353221456336
131197,815.0,1067.6927179722495,-252.6927179722495
131214,620.0,629.0032270413817,-9.003227041381706
131222,1020.0,1062.5639735256893,-42.563973525689335
131237,1070.0,1173.0731935566428,-103.07319355664276
131266,661.0,666.4972828104667,-5.497282810466686
131396,1290.0,1149.019590337628,140.98040966237204
131419,728.0,689.3920146759172,38.60798532408285
131423,1058.0,959.4919603158373,98.50803968416267
131433,1415.0,1187.0752605709379,227.92473942906213
131438,1530.0,1260.6761149822723,269.32388501772766
131491,1255.0,1258.4833222222662,-3.4833222222662243
131530,1003.0,1080.6097497035853,-77.6097497035853
131535,1080.0,1082.9262159183008,-2.9262159183008407
131538,1000.0,1095.8284303627745,-95.8284303627745
131547,930.0,1249.0386301228405,-319.03863012284046
131557,440.0,570.1487314588237,-130.1487314588237
131583,1120.0,1085.1422625926796,34.85773740732043
131585,1136.0,1147.72536208117,-11.725362081170033
131629,1040.0,1193.6919991451016,-153.6919991451016
131645,740.0,593.2450563920381,146.75494360796188
131647,909.0,1183.119473052377,-274.1194730523771
131657,605.0,724.2253903791114,-119.22539037911145
131658,815.0,1037.3119159811263,-222.31191598112628
131713,471.0,595.4370748658708,-124.43707486587084
131741,1010.0,1080.7076090882078,-70.70760908820785
131776,780.0,727.3512039710221,52.64879602897793
131786,1090.0,1103.1101673830765,-13.110167383076487
131791,550.0,663.5669936675135,-113.56699366751354
131806,595.0,622.1435685953833,-27.14356859538327
131810,565.0,705.1347607054723,-140.13476070547233
131811,730.0,698.00821673773,31.99178326227002
131844,1260.0,1138.8634910465923,121.13650895340766
131845,1560.0,1259.867495659162,300.13250434083807
131856,1110.0,1157.9477247903264,-47.94772479032645
131877,905.0,1028.5965602182896,-123.5965602182896
131881,1450.0,1136.0367342809027,313.9632657190973
131884,560.0,700.9731369035195,-140.9731369035195
131905,700.0,689.6458561186492,10.354143881350751
131915,640.0,630.1111409491444,9.888859050855558
131928,1226.0,1231.3914449643535,-5.391444964353468
131942,845.0,698.3223142636427,146.67768573635726
131947,725.0,718.1871678936582,6.81283210634183
131958,1065.0,1196.1333154608549,-131.13331546085487
131995,1147.0,1148.4312346851316,-1.4312346851315851
132026,624.0,706.3515116448164,-82.35151164481636
132049,720.0,688.7558767245358,31.244123275464176
132051,810.0,1125.8185798845652,-315.8185798845652
132069,850.0,999.0031978989263,-149.00319789892626
132072,575.0,613.2943169197657,-38.29431691976572
132084,700.0,705.5255639436399,-5.525563943639895
132087,1295.0,1161.6074625266158,133.3925374733842
132092,565.0,1003.1900399383032,-438.19003993830324
132097,990.0,718.8155105311396,271.1844894688604
132101,1275.0,1235.3823343134652,39.61766568653479
132102,1163.0,1208.6922700220262,-45.69227002202615
132144,960.0,1090.2128271692009,-130.21282716920086
132155,712.0,1189.3826521552226,-477.38265215522256
132170,962.0,1048.9670041263462,-86.96700412634618
132172,788.0,706.2200880600915,81.77991193990852
132184,1425.0,1223.4643725673905,201.53562743260954
132197,1385.0,1183.3503527206635,201.64964727933648
132207,1345.0,1219.7432138703016,125.25678612969841
132211,1130.0,1119.7120004900896,10.287999509910378
132212,1050.0,1039.5460370092874,10.453962990712625
132213,933.0,1146.8866315368264,-213.88663153682637
132240,1315.0,1186.272291994168,128.72770800583203
132288,1215.0,1097.8743733288354,117.12562667116458
132382,1055.0,1109.8906088346087,-54.890608834608656
132398,945.0,1027.112219405523,-82.11221940552309
132408,550.0,693.1973693885111,-143.1973693885111
132532,895.0,725.8925119533395,169.10748804666048
132560,1295.0,1143.071213748601,151.92878625139906
132592,790.0,1004.9688427291147,-214.96884272911473
132612,1445.0,1157.3181387428363,287.68186125716375
132615,1510.0,1184.300394526027,325.69960547397295
132623,775.0,733.9270017474068,41.07299825259315
132639,665.0,952.2451133508521,-287.2451133508521
132676,745.0,716.1578090825001,28.84219091749992
132683,1205.0,1202.096543820256,2.9034561797438982
132728,1050.0,1112.5142051217906,-62.51420512179061
132729,865.0,741.2888751875249,123.71112481247508
132767,1039.0,1057.9013585992311,-18.901358599231116
132782,1281.0,1255.349962342443,25.65003765755705
132830,1620.0,1144.7551084426414,475.24489155735864
132922,1015.0,1124.9851187626941,-109.98511876269413
132924,990.0,1229.423356632283,-239.423356632283
132970,816.0,1067.106435606371,-251.10643560637095
132987,1475.0,1199.4383896562595,275.56161034374054
133007,800.0,683.8838573047917,116.11614269520828
133017,605.0,641.1362621579666,-36.1362621579666
133021,1000.0,1139.1472525550337,-139.14725255503367
133028,1140.0,1038.2534960213081,101.74650397869186
133035,1100.0,1169.7504231934065,-69.7504231934065
133046,655.0,671.7265555411948,-16.726555541194784
133047,580.0,673.3831392526434,-93.38313925264345
133066,1080.0,1039.023606025985,40.97639397401508
133070,1175.0,1058.6960587248236,116.30394127517638
133094,1095.0,1183.3503527206635,-88.35035272066352
133107,1145.0,1105.1219309292633,39.87806907073673
133115,640.0,693.3857027724612,-53.38570277246117
133146,660.0,650.8027214010546,9.197278598945445
133151,1300.0,1177.9309347009007,122.0690652990993
133164,1345.0,1113.7584609680919,231.24153903190813
133181,875.0,1172.9550224560005,-297.9550224560005
133182,465.0,671.0578270477467,-206.05782704774674
133211,990.0,1071.3183000465067,-81.31830004650669
133224,930.0,940.9697649829479,-10.969764982947936
133238,750.0,714.7379635395598,35.262036460440186
133259,755.0,668.4341966373197,86.5658033626803
133269,895.0,990.2103872018926,-95.21038720189256
133274,1280.0,1083.6274094156588,196.3725905843412
133313,740.0,676.6876677737739,63.31233222622609
133332,1010.0,1062.22171760257,-52.221717602569925
133397,1095.0,1072.50480632612,22.495193673880067
133411,635.0,659.8800895150348,-24.880089515034797
133416,778.0,714.8036794035429,63.1963205964571
133422,754.0,722.6883079981557,31.311692001844335
133426,945.0,1038.5517939757651,-93.55179397576512
133434,990.0,1204.155936805027,-214.15593680502707
133436,1025.0,1075.1031220304983,-50.1031220304983
133448,890.0,736.3209621751749,153.67903782482506
133463,1345.0,1177.1722300950175,167.82776990498246
133465,1049.0,1065.7867185866571,-16.786718586657116
133466,1130.0,1219.4254951268617,-89.42549512686173
133496,990.0,731.256445813608,258.743554186392
133513,1155.0,1158.8191791209767,-3.8191791209767416
133547,995.0,1070.6327862365774,-75.63278623657743
133560,529.0,672.6642954489823,-143.66429544898233
133569,440.0,598.745663842001,-158.74566384200102
133576,1055.0,1256.5333696804425,-201.53336968044255
133599,595.0,699.5432423911114,-104.54324239111145
133604,982.0,1165.7768554802724,-183.7768554802724
133611,1540.0,1222.898157736334,317.10184226366596
133622,670.0,662.333074093001,7.66692590699904
133639,1275.0,1075.3395339348297,199.66046606517034
133642,1045.0,1126.0400064881073,-81.04000648810734
133643,1180.0,1141.9792701915767,38.02072980842331
133671,895.0,616.5017208287119,278.4982791712881
133686,798.0,1042.4047445719564,-244.40474457195637
133709,1010.0,1042.9161158784907,-32.9161158784907
133714,705.0,704.9948651953299,0.005134804670092308
133719,1260.0,1191.9985960729098,68.00140392709022
133735,1390.0,1251.4888541042617,138.5111458957383
133765,1192.0,1223.0592800367267,-31.059280036726705
133769,513.0,696.7493850613141,-183.74938506131411
133842,1373.0,1111.6349521422667,261.3650478577333
133875,760.0,646.2803248792358,113.71967512076424
133906,1140.0,1045.8670439423818,94.13295605761823
133941,1135.0,1163.6927534662857,-28.692753466285694
133953,1025.0,1223.2440877144668,-198.2440877144668
133961,1445.0,1122.4893972034336,322.51060279656645
134053,1058.0,1002.636309580465,55.36369041953503
134067,1295.0,1232.785364068599,62.21463593140106
134076,1050.0,723.6854760245052,326.3145239754948
134082,740.0,1031.4984268076319,-291.49842680763186
134118,1059.0,1070.0522077976652,-11.052207797665233
134124,1103.0,1111.5642097353823,-8.564209735382292
134143,520.0,609.1096189998166,-89.10961899981658
134148,1245.0,1172.8461830501412,72.15381694985876
134188,875.0,1043.9971563360232,-168.99715633602318
134197,840.0,717.3481456064271,122.65185439357288
134203,1030.0,1102.1992752285762,-72.1992752285762
134221,950.0,1038.2311855630633,-88.23118556306326
134227,1090.0,1131.7461297140349,-41.74612971403485
134231,760.0,667.1367290791886,92.86327092081137
134258,1355.0,1191.038658890518,163.96134110948196
134275,1080.0,1158.3475894395117,-78.3475894395117
134297,515.0,605.7642339367144,-90.76423393671439
134304,910.0,737.9874412786946,172.01255872130537
134308,1040.0,1167.9344018270408,-127.9344018270408
134312,660.0,635.0592173174645,24.94078268253554
134316,1253.0,1233.734191167827,19.26580883217298
134318,615.0,705.2982744843223,-90.29827448432229
134363,1325.0,1168.4124722752058,156.5875277247942
134410,980.0,1129.1062179980256,-149.1062179980256
134444,1014.0,1135.4963299166664,-121.49632991666635
134462,1157.0,972.2698767405715,184.73012325942852
134473,1405.0,679.7065386569994,725.2934613430006
134477,745.0,729.3002622412475,15.699737758752462
134478,1065.0,1140.6816716339176,-75.68167163391763
134496,560.0,641.5685768256844,-81.56857682568443
134512,1296.0,1240.935276656816,55.064723343183914
134547,690.0,631.5639072308956,58.43609276910445
134557,827.0,973.9364937009215,-146.93649370092146
134605,830.0,1006.1689696584842,-176.16896965848423
134606,1235.0,1169.7198889812266,65.28011101877337
134622,1065.0,1135.2729188714488,-70.27291887144884
134656,613.0,659.6148227509356,-46.61482275093556
134676,805.0,722.7618003271643,82.23819967283566
134685,1160.0,1135.9179396291177,24.082060370882346
134703,692.0,663.6193059456357,28.380694054364312
134713,795.0,718.3936302046811,76.60636979531887
134721,975.0,985.2128708612478,-10.21287086124778
134723,1175.0,1092.1580290855295,82.8419709144705
134746,990.0,1059.7973289847394,-69.79732898473935
134750,767.0,678.597156485266,88.40284351473395
134766,1275.0,1157.29941681713,117.7005831828701
134799,1190.0,1162.4456088103705,27.55439118962954
134806,870.0,958.276655706126,-88.27665570612601
134813,674.0,659.6466823817816,14.353317618218398
134817,796.0,702.7349077907409,93.26509220925914
134823,1125.0,1261.9012561912275,-136.9012561912275
134829,449.0,588.5128810221719,-139.51288102217188
134839,940.0,756.8578875181385,183.14211248186155
134863,1035.0,983.161869183299,51.83813081670098
134871,1215.0,1141.1327805002206,73.86721949977937
134891,1200.0,989.5398922005453,210.4601077994547
134911,1423.0,1220.9950382540148,202.00496174598516
134933,445.0,595.7943160508737,-150.7943160508737
134963,843.0,686.5055690840625,156.49443091593753
134987,1100.0,1105.238191698231,-5.238191698231049
135007,860.0,997.2102562840367,-137.21025628403675
135011,873.0,737.167650568587,135.83234943141304
135033,1000.0,1127.430340058578,-127.43034005857794
135068,480.0,665.8345855350436,-185.83458553504363
135102,1335.0,1139.7825575628358,195.2174424371642
135103,1014.0,1024.2297484658345,-10.229748465834518
135120,748.0,716.1910412651304,31.808958734869634
135130,785.0,702.8111865410123,82.18881345898774
135135,1080.0,1092.5695495477567,-12.569549547756651
135145,606.0,680.0812125258203,-74.08121252582032
135162,1425.0,1240.0108888930015,184.9891111069985
135220,532.0,662.4097811298928,-130.40978112989285
135230,1320.0,1261.4766446889298,58.52335531107019
135292,605.0,581.7837162439718,23.216283756028247
135321,775.0,1129.9528922549978,-354.9528922549978
135325,1120.0,1044.6871317516798,75.31286824832023
135327,1440.0,1247.5292598105566,192.4707401894434
135361,958.0,1063.3618297363728,-105.36182973637278
135388,860.0,1093.4664674756189,-233.46646747561886
135399,1014.0,1062.6169669102535,-48.616966910253495
135427,963.0,1082.29432015029,-119.2943201502901
135496,970.0,1075.8318588388177,-105.83185883881765
135516,723.0,647.8134693094371,75.1865306905629
135538,980.0,1089.6700462899732,-109.67004628997324
135539,992.0,1121.231253458209,-129.23125345820904
135544,1162.0,1230.8424105433678,-68.8424105433678
135552,920.0,1086.9287680325062,-166.92876803250624
135556,915.0,981.5529006304575,-66.55290063045754
135562,1036.0,980.6391616411587,55.360838358841306
135585,870.0,709.0916877120809,160.9083122879191
135590,1325.0,1170.3812552466186,154.6187447533814
135610,800.0,700.0361617013701,99.96383829862987
135646,1270.0,1230.3320327886215,39.66796721137848
135663,710.0,737.9909414002178,-27.99094140021782
135677,785.0,717.2514256828439,67.74857431715611
135692,870.0,1126.5186432141477,-256.5186432141477
135696,1340.0,1166.7586356747702,173.24136432522982
135703,1185.0,1072.2602837886088,112.73971621139117
135720,1168.0,1189.8568607934792,-21.8568607934792
135728,185.0,1073.6317933035273,-888.6317933035273
135750,1215.0,1019.77082296932,195.22917703068003
135758,1280.0,1094.4050974967013,185.59490250329873
135780,1140.0,1189.6177175738717,-49.61771757387169
135814,1224.0,1116.997719240335,107.00228075966493
135838,1005.0,1063.263997702804,-58.26399770280409
135843,838.0,722.5711425253538,115.42885747464618
135844,830.0,685.5578685771986,144.44213142280137
135928,1000.0,1033.9820239159715,-33.98202391597147
135941,1010.0,1117.8634857765019,-107.86348577650188
135970,730.0,726.0920625719923,3.907937428007699
135971,1072.0,1125.7145092549474,-53.714509254947416
136014,600.0,613.8100712368574,-13.810071236857425
136017,910.0,979.5346490136237,-69.53464901362372
136048,765.0,693.9856364323268,71.01436356767317
136089,1415.0,1264.0717503033663,150.92824969663366
136108,643.0,659.5267230785655,-16.52672307856551
136110,992.0,1065.7093478481997,-73.70934784819974
136114,1390.0,1184.3487655155755,205.65123448442455
136124,1120.0,1041.6972710042846,78.30272899571537
136128,1150.0,1139.8212541242601,10.178745875739878
136154,865.0,1145.9272133416102,-280.92721334161024
136188,1375.0,1229.310776191681,145.68922380831896
136266,1210.0,1117.6221311591503,92.37786884084971
136267,1120.0,1068.7354075715773,51.2645924284227
136288,965.0,1077.816648452796,-112.81664845279602
136306,565.0,625.1043324254324,-60.1043324254324
136344,860.0,1054.313648361769,-194.31364836176908
136368,885.0,729.2540690261749,155.74593097382512
136376,1460.0,1135.0853911163058,324.9146088836942
136378,1130.0,1024.207166670958,105.79283332904197
136437,1065.0,1122.3365151528305,-57.33651515283054
136500,750.0,1134.790671640183,-384.79067164018306
136537,1250.0,1166.003261339311,83.99673866068906
136610,571.0,1039.6257749762015,-468.62577497620146
136613,980.0,1045.2147054805448,-65.21470548054481
136627,1410.0,1199.221670109474,210.77832989052604
136634,430.0,1153.8628551684021,-723.8628551684021
136640,1170.0,1087.5954774159486,82.40452258405139
136667,1235.0,1231.7201850743015,3.2798149256984743
136688,731.0,724.3094934511073,6.690506548892699
136700,1020.0,1050.3037636517083,-30.303763651708323
136710,1060.0,1048.0315646909164,11.968435309083588
136732,965.0,1099.641483758511,-134.64148375851096
136734,1020.0,1140.324653877962,-120.32465387796196
136741,1227.0,1019.5939999054691,207.4060000945309
136742,475.0,595.6775474690132,-120.67754746901323
136750,661.0,715.6797194828569,-54.679719482856854
136753,1120.0,1062.9127386633781,57.08726133662185
136809,1035.0,942.7348476069652,92.26515239303478
136818,1165.0,1090.812373299378,74.1876267006221
136845,1230.0,1215.8601294451282,14.139870554871777
136855,1360.0,1234.1121298284481,125.88787017155187
136857,1510.0,1250.2265017622808,259.7734982377192
136860,895.0,1161.1468637561056,-266.14686375610563
136883,765.0,728.759078610429,36.240921389570985
136933,1415.0,1261.034203133548,153.9657968664519
136941,1030.0,1109.0966154588773,-79.0966154588773
136984,1470.0,1133.5351748335966,336.46482516640344
136987,990.0,1155.6771344665403,-165.67713446654034
137036,570.0,702.8111865410123,-132.81118654101226
137074,853.0,1253.635902739154,-400.63590273915406
137100,1113.0,1132.3471084309217,-19.347108430921708
137108,864.0,1099.1471623634766,-235.14716236347658
137115,640.0,672.5975471623211,-32.59754716232112
137128,1157.0,1021.3213957956629,135.67860420433715
137158,940.0,1232.8087836582213,-292.8087836582213
137191,1420.0,1236.328502759737,183.67149724026308
137280,910.0,1242.3861630270885,-332.3861630270885
137373,450.0,641.6579297451455,-191.65792974514545
137383,1335.0,1112.9341677080183,222.06583229198168
137384,840.0,718.6028605691446,121.39713943085542
137389,876.0,704.8300968741949,171.16990312580515
137439,1290.0,1112.765091433769,177.23490856623107
137488,1070.0,1101.2104204225636,-31.21042042256363
137495,715.0,725.6635308427819,-10.663530842781938
137577,950.0,1253.598654502146,-303.598654502146
137584,950.0,1106.5338660297257,-156.5338660297257
137589,1080.0,1023.5681926143836,56.431807385616366
137666,1115.0,992.6369685700196,122.36303142998042
137669,978.0,964.9624398969685,13.037560103031524
137675,1260.0,1266.1560808797406,-6.156080879740557
137686,587.0,697.0370736520657,-110.03707365206571
137697,1545.0,1227.815344879159,317.18465512084094
137699,1390.0,1210.2219545438581,179.77804545614185
137713,1260.0,1213.6125044998582,46.38749550014177
137737,785.0,1100.0775092423098,-315.0775092423098
137791,1070.0,1048.9363565579954,21.063643442004604
137799,1140.0,1110.454367831572,29.54563216842803
137802,1110.0,1117.0914626811725,-7.091462681172516
137860,1325.0,1148.7296526181872,176.27034738181283
137874,685.0,681.9375473257099,3.062452674290057
137886,1010.0,1165.7420582978673,-155.7420582978673
137908,617.0,697.0046805563303,-80.0046805563303
137915,820.0,689.7334887755809,130.2665112244191
137956,1350.0,1122.6492346734592,227.3507653265408
137984,755.0,713.8771169823563,41.122883017643744
138054,950.0,1032.1250042962106,-82.12500429621059
138055,1280.0,1235.2611973633825,44.73880263661749
138080,1480.0,1188.3695946705,291.63040532950004
138142,1095.0,1100.1066946222777,-5.1066946222777005
138181,1340.0,1225.1538388082529,114.84616119174711
138205,715.0,644.1861309783046,70.81386902169538
138218,610.0,724.7139595776848,-114.71395957768482
138252,1475.0,1145.111105123944,329.88889487605593
138270,598.0,698.985646260868,-100.98564626086795
138274,1290.0,1215.3212301968379,74.67876980316214
138281,732.0,683.072994235127,48.927005764873
138308,770.0,632.1705296734584,137.82947032654158
138326,1003.0,1008.8941520476649,-5.894152047664875
138361,1050.0,1147.038260407452,-97.03826040745207
138362,870.0,1133.2086771214213,-263.20867712142126
138363,1090.0,1178.5429431987927,-88.54294319879273
138419,730.0,642.6878572594661,87.31214274053389
138467,1135.0,1241.8126597203955,-106.81265972039546
138474,1260.0,1039.1380924829257,220.86190751707431
138475,1138.0,722.3917614176239,415.6082385823761
138503,1487.0,1202.800172791688,284.19982720831194
138534,1170.0,1251.2435899206816,-81.24358992068164
138572,335.0,676.3180826070624,-341.31808260706237
138600,980.0,1006.7399403862072,-26.739940386207195
138625,485.0,666.704516421882,-181.70451642188198
138626,560.0,601.6358652119502,-41.635865211950204
138632,1115.0,1000.3531411752774,114.64685882472259
138635,1120.0,1054.9925015486594,65.00749845134055
138665,1430.0,1268.7485111740561,161.25148882594385
138674,1615.0,1183.9826752790807,431.0173247209193
138684,655.0,727.0488965367107,-72.04889653671069
138685,1470.0,1233.9484513533312,236.05154864666883
138688,1110.0,1101.355672523664,8.644327476336002
138791,650.0,947.2927626606762,-297.2927626606762
138860,550.0,709.1386554230354,-159.1386554230354
138876,1014.0,1096.6532770675335,-82.65327706753351
138892,1308.0,1016.6566415166618,291.3433584833382
138923,877.0,1043.7894490502172,-166.78944905021717
138936,920.0,1047.9477814950162,-127.94778149501622
138963,1036.0,1191.7786730336113,-155.7786730336113
138971,990.0,1133.8387590948046,-143.83875909480457
138977,484.0,697.7967445172992,-213.7967445172992
138998,1123.0,1223.9716993185002,-100.97169931850021
139001,826.0,1008.020971315847,-182.02097131584696
139036,1000.0,971.635672106961,28.36432789303899
139037,1151.0,1029.7404812996335,121.25951870036647
139043,665.0,652.0637199687085,12.936280031291517
139071,1128.0,993.7419546818945,134.25804531810547
139079,960.0,695.707631441707,264.292368558293
139119,950.0,1022.0493952075692,-72.0493952075692
139130,794.0,708.4609536359584,85.53904636404161
139149,1230.0,1189.3674168684247,40.6325831315753
139206,1100.0,1031.4617289470013,68.53827105299865
139243,1147.0,1042.365178313332,104.63482168666792
139246,1385.0,1247.688038598707,137.31196140129305
139259,725.0,649.6918086275908,75.30819137240917
139294,615.0,627.547552098322,-12.547552098321944
139308,1179.0,1188.8266405179147,-9.826640517914711
139330,910.0,1096.9695000745367,-186.96950007453665
139348,1400.0,1116.667843420075,283.3321565799249
139359,1015.0,1002.142036653223,12.857963346776955
139374,990.0,1102.6764141914916,-112.67641419149163
139382,530.0,593.0286386121802,-63.0286386121802
139408,970.0,1221.6147234572618,-251.6147234572618
139476,920.0,1161.028742446036,-241.02874244603595
139487,1300.0,1127.9759356022112,172.02406439778883
139508,1191.0,1178.5429431987927,12.457056801207273
139524,895.0,702.6413552517084,192.35864474829157
139554,650.0,1090.1865441990576,-440.1865441990576
139573,1240.0,1228.9394522223672,11.060547777632792
139576,900.0,1150.3506013383442,-250.35060133834418
139602,1235.0,1233.9863586601675,1.0136413398324748
139661,1300.0,1206.7814315099686,93.21856849003143
139671,1095.0,1002.7721119075622,92.22788809243775
139682,850.0,722.3327936765523,127.66720632344766
139746,1180.0,1170.1516448982484,9.848355101751622
139768,1160.0,1117.0980657714508,42.90193422854918
139820,600.0,696.299649864883,-96.29964986488301
139822,626.0,633.1996446838104,-7.1996446838104475
139834,1180.0,1077.6556716582943,102.3443283417057
139839,945.0,722.5697470034809,222.43025299651913
139878,1135.0,1137.671450604313,-2.671450604312895
139881,800.0,720.7864001402547,79.21359985974527
139885,1030.0,1006.1198170343673,23.880182965632684
139918,1160.0,1226.5526476275945,-66.55264762759452
139920,950.0,1227.987556306992,-277.987556306992
139965,1195.0,1239.872029074839,-44.87202907483902
139999,566.0,702.7724519655827,-136.77245196558272
140026,1133.0,1158.9207063506103,-25.920706350610317
140030,510.0,669.1636812025919,-159.16368120259187
140035,645.0,726.2492723289625,-81.24927232896255
140044,580.0,707.502332116432,-127.50233211643194
140088,1240.0,1134.2005307178322,105.79946928216782
140129,830.0,726.5788041662744,103.42119583372562
140139,1510.0,1171.9888979100583,338.0111020899417
140214,735.0,707.1170645836554,27.882935416344594
140231,1190.0,1236.7539746901734,-46.753974690173436
140238,512.0,693.8411625433451,-181.84116254334515
140239,1495.0,1228.143625035735,266.8563749642649
140259,620.0,696.3697617919267,-76.36976179192675
140299,886.0,995.7121343449643,-109.71213434496428
140315,340.0,671.0578270477467,-331.05782704774674
140317,1045.0,1159.1640595004687,-114.16405950046874
140321,861.0,1144.5304318418798,-283.5304318418798
140322,865.0,1021.6477659297,-156.64776592969997
140323,1200.0,1093.4574461973743,106.54255380262566
140326,840.0,670.1369776646446,169.86302233535537
140364,1190.0,963.896409228829,226.10359077117096
140389,915.0,974.6271914501548,-59.62719145015478
140402,1360.0,1081.429175986283,278.5708240137169
140417,1248.0,1206.0910039216278,41.90899607837218
140428,752.0,687.6267495160547,64.3732504839453
140431,1201.0,1219.626963950932,-18.626963950931895
140455,1224.0,1116.667843420075,107.33215657992491
140458,582.0,611.8176490691546,-29.81764906915464
140462,1058.0,1070.4827266818415,-12.482726681841541
140474,1003.0,1096.1765678095355,-93.17656780953553
140507,1047.0,1105.1092515882237,-58.10925158822374
140533,840.0,1059.9476220398435,-219.9476220398435
140544,1169.0,1111.344009007887,57.65599099211295
140570,1043.0,1070.1474274849854,-27.14742748498543
140577,1870.0,1109.3748042659804,760.6251957340196
140584,878.0,729.8985652234576,148.10143477654242
140617,895.0,933.2731596977184,-38.27315969771837
140626,1160.0,1107.840587781949,52.1594122180511
140633,1043.0,1092.7170830624477,-49.71708306244773
140646,650.0,741.3321923441727,-91.33219234417265
140658,625.0,689.3457364962665,-64.34573649626645
140680,825.0,992.2627113679317,-167.26271136793173
140715,1065.0,1124.1463785218486,-59.146378521848646
140751,1014.0,982.0154261285555,31.984573871444468
140760,1320.0,1274.3754445248403,45.624555475159696
140781,698.0,689.2313609697767,8.768639030223312
140796,695.0,670.2621741018506,24.737825898149367
140806,1195.0,1202.5918542524937,-7.591854252493704
140865,785.0,701.7024941327219,83.29750586727812
140871,840.0,978.5266450917983,-138.5266450917983
140872,1480.0,1150.309876219927,329.690123780073
140907,285.0,613.3681601453395,-328.3681601453395
140915,1218.0,1040.9570619900767,177.04293800992332
140917,741.0,710.275198195887,30.724801804112985
140943,755.0,662.2734872269265,92.72651277307352
140980,1315.0,1191.915758378661,123.08424162133906
141002,1030.0,1038.8677452655584,-8.86774526555837
141020,710.0,682.5761452145849,27.423854785415074
141026,805.0,992.490510026368,-187.49051002636804
141067,605.0,595.9057991853898,9.09420081461019
141113,786.0,701.3058580458315,84.69414195416846
141126,591.0,714.4879834070049,-123.48798340700489
141169,1320.0,1107.5630351542325,212.43696484576753
141175,1007.0,1215.5574627446224,-208.5574627446224
141189,735.0,678.2418067803017,56.75819321969834
141191,620.0,987.663155682504,-367.663155682504
141265,1165.0,1200.4547361630796,-35.45473616307959
141269,1115.0,1155.4399949414592,-40.43999494145919
141290,645.0,704.2310772312994,-59.23107723129942
141291,1040.0,1050.3240626609927,-10.324062660992695
141304,1191.0,1084.6320179953668,106.36798200463318
141372,1160.0,1080.5533692310707,79.44663076892925
141378,1340.0,1180.8465184005659,159.15348159943414
141398,965.0,1150.3029432674948,-185.3029432674948
141433,800.0,1069.3990665643605,-269.3990665643605
141498,1200.0,1089.116667500745,110.88333249925495
141499,850.0,1044.8131470821202,-194.81314708212017
141501,1315.0,1286.7793118006866,28.220688199313372
141502,1030.0,1129.1194161473438,-99.11941614734383
141518,1195.0,1225.3161552403453,-30.316155240345324
141551,810.0,730.8494933030788,79.15050669692118
141635,515.0,658.2088347139627,-143.2088347139627
141654,1735.0,1062.9402233242802,672.0597766757198
141657,975.0,1106.0744669112034,-131.07446691120344
141680,775.0,1146.5230524003157,-371.5230524003157
141714,1195.0,1167.9770743291003,27.022925670899667
141760,1140.0,1204.369419920192,-64.36941992019206
141782,1256.0,1221.7725656891416,34.22743431085837
141787,566.0,704.3013990453998,-138.30139904539976
141790,920.0,977.4547954132016,-57.45479541320162
141793,793.0,982.7512306697187,-189.75123066971867
141803,940.0,1017.8990276153215,-77.89902761532153
141824,1180.0,1204.0279122545687,-24.02791225456872
141838,580.0,704.4311240048897,-124.43112400488974
141841,710.0,708.1939937774383,1.8060062225616775
141854,1280.0,1207.357975603977,72.64202439602309
141865,963.0,1105.7610623611065,-142.7610623611065
141892,575.0,652.7324544063038,-77.73245440630376
141903,697.0,620.960109087978,76.03989091202197
141912,958.0,958.140986198141,-0.14098619814103586
141913,1250.0,1257.6789739741673,-7.67897397416732
141919,730.0,715.6255037758475,14.374496224152495
141920,1215.0,1194.7694783779914,20.23052162200861
141932,875.0,734.7668205307195,140.23317946928046
141951,645.0,690.952799963099,-45.95279996309898
141966,1010.0,1123.1170428184507,-113.11704281845073
142001,1170.0,1199.655960210946,-29.655960210945977
142013,1075.0,1215.914675824986,-140.91467582498603
142021,1485.0,1213.3966556788369,271.60334432116315
142051,835.0,1069.5075806476286,-234.50758064762863
142059,1410.0,1234.308562764278,175.6914372357221
142122,830.0,700.9313261210388,129.06867387896125
142129,825.0,682.2638314360454,142.7361685639546
142136,480.0,696.4339197520297,-216.43391975202974
142141,1455.0,1228.8084121692252,226.19158783077478
142149,1135.0,1211.32958035606,-76.32958035605998
142161,1190.0,1144.1824125151327,45.81758748486732
142185,1055.0,1132.6435525292331,-77.64355252923315
142218,1285.0,1251.615408107361,33.38459189263904
142259,541.0,599.3438377639973,-58.34383776399727
142266,1135.0,1174.5610546065568,-39.56105460655681
142310,1240.0,1127.4523249732695,112.54767502673053
142313,1020.0,1144.449302475938,-124.44930247593811
142318,965.0,1045.9011957928708,-80.9011957928708
142319,1295.0,1202.0078234207635,92.99217657923646
142419,1170.0,1103.8482037052804,66.15179629471959
142440,1320.0,1131.8565432102412,188.14345678975883
142446,1085.0,1013.838433024858,71.16156697514202
142493,1080.0,1131.811921660509,-51.811921660508915
142560,1000.0,1033.3059836540688,-33.30598365406877
142561,1192.0,1092.7469059916127,99.25309400838728
142563,960.0,656.7658633759327,303.23413662406733
142600,998.0,986.1111643442641,11.888835655735875
142605,735.0,663.1906759635174,71.80932403648262
142606,838.0,721.2104646009045,116.78953539909548
142607,1280.0,1224.4248839622946,55.57511603770536
142610,909.0,963.8220883090266,-54.82208830902664
142678,1105.0,1108.0864870690602,-3.08648706906024
142741,830.0,1132.6923576017361,-302.69235760173615
142752,1160.0,1051.937981108794,108.06201889120598
142770,935.0,1057.589705642037,-122.58970564203696
142808,865.0,684.1653004805886,180.8346995194114
142816,1515.0,1257.8280572710237,257.1719427289763
142865,1400.0,1085.3615819282197,314.6384180717803
142901,1335.0,1256.853088152627,78.14691184737308
142906,8.0,654.879130694224,-646.879130694224
142921,1180.0,1131.756028793961,48.24397120603908
142955,1265.0,1247.8598240256104,17.14017597438965
142986,910.0,1035.0617353713403,-125.06173537134032
142990,630.0,669.7729773903203,-39.77297739032031
142997,1122.0,1118.8617902781089,3.138209721891144
143045,1125.0,993.5541843885994,131.44581561140058
143129,1001.0,1187.2707799800985,-186.2707799800985
143130,1275.0,1165.5559215604535,109.4440784395465
143137,895.0,998.1403634293431,-103.1403634293431
143166,1135.0,987.7736873801175,147.2263126198825
143196,770.0,705.8458608111048,64.15413918889521
143223,937.0,1041.6878542250984,-104.68785422509836
143233,550.0,626.2053157206324,-76.20531572063237
143244,1065.0,1124.6068335949149,-59.60683359491486
143246,1040.0,1010.0814141515865,29.9185858484135
143249,1632.0,1095.0234686898273,536.9765313101727
143257,955.0,1066.785569308095,-111.78556930809509
143262,1080.0,965.551044485522,114.44895551447803
143269,1367.0,1083.6692698252848,283.3307301747152
143273,1065.0,1200.1267115570329,-135.12671155703288
143276,1550.0,1254.1569942662163,295.8430057337837
143297,859.0,1124.6186934573998,-265.6186934573998
143323,965.0,1113.0701100163265,-148.07011001632645
143338,565.0,584.820801294946,-19.820801294946023
143340,1170.0,1196.4925079219172,-26.492507921917195
143341,1140.0,1132.0075364645688,7.99246353543117
143354,640.0,628.1329999172949,11.86700008270509
143374,1175.0,1244.1620963591852,-69.16209635918517
143396,850.0,1026.1087083301525,-176.10870833015247
143407,1035.0,1101.4406500055163,-66.44065000551632
143433,570.0,665.1050144778598,-95.10501447785975
143443,950.0,1096.9204805280015,-146.92048052800146
143473,740.0,677.2635555780752,62.73644442192483
143476,1340.0,1229.7707020213775,110.22929797862253
143519,1110.0,1095.0234686898273,14.976531310172732
143522,780.0,634.7735514884465,145.22644851155349
143531,1470.0,1170.0072286757631,299.99277132423686
143541,790.0,727.2624276721978,62.73757232780224
143569,1210.0,1270.3782881479276,-60.378288147927606
143593,1047.0,1070.6268903881778,-23.6268903881778
143608,750.0,1203.038102556035,-453.038102556035
143625,1420.0,1233.117475007823,186.88252499217697
143662,1390.0,1209.3838463433035,180.6161536566965
143668,506.0,610.1397410827417,-104.1397410827417
143675,860.0,687.5711487785311,172.4288512214689
143693,1105.0,1146.8648252097448,-41.86482520974482
143715,1120.0,1075.1031220304983,44.8968779695017
143723,1163.0,1082.466656219769,80.53334378023101
143814,1125.0,933.0613580146888,191.93864198531116
143836,675.0,695.6170386165638,-20.617038616563832
143838,1375.0,1250.7196689107377,124.28033108926229
143901,1160.0,1192.1779346170736,-32.17793461707356
143934,1265.0,1090.6648647419222,174.3351352580778
143964,1012.0,966.8976344946484,45.1023655053516
143968,1280.0,1121.5252062225795,158.47479377742047
143995,860.0,942.051463164541,-82.05146316454102
144005,935.0,1166.0994171125467,-231.0994171125467
144067,1154.0,696.0454622695962,457.9545377304038
144070,990.0,1143.2301743566609,-153.23017435666088
144077,1335.0,1129.5429533403003,205.4570466596997
144083,974.0,620.799447053996,353.200552946004
144118,1011.0,1187.5864583790292,-176.58645837902918
144154,603.0,610.6759407820764,-7.675940782076395
144167,910.0,1246.2888420456336,-336.2888420456336
144183,425.0,631.0271332817147,-206.02713328171467
144187,638.0,1084.6612395137956,-446.66123951379564
144231,790.0,696.9192830966713,93.08071690332872
144253,707.0,687.431829809811,19.568170190188994
144286,1485.0,1199.138161950632,285.8618380493681
144319,1025.0,1016.683773068351,8.316226931648998
144365,725.0,624.2838044917374,100.71619550826256
144366,1100.0,1097.2577959404296,2.7422040595704402
144374,1005.0,1073.4176225669028,-68.41762256690276
144384,605.0,652.1703827178172,-47.17038271781723
144409,765.0,604.5584047865481,160.44159521345193
144433,1030.0,1227.013572147688,-197.0135721476879
144461,1147.0,1100.5978318993978,46.40216810060224
144469,1282.0,1169.514115505491,112.48588449450904
144470,1570.0,1238.616752497392,331.3832475026079
144486,665.0,691.4509861715484,-26.45098617154838
144491,992.0,1195.7625707439008,-203.76257074390082
144497,1360.0,1240.1472596774045,119.85274032259554
144520,756.0,728.2418339703188,27.758166029681206
144548,1240.0,1128.6284518630869,111.37154813691313
144562,1335.0,1154.1635434555083,180.83645654449174
144563,1435.0,1177.388562175652,257.61143782434806
144572,980.0,1257.4681357406332,-277.4681357406332
144582,790.0,726.3691020694274,63.63089793057259
144636,1125.0,1141.948868850451,-16.948868850450935
144639,1356.0,1188.7789963640096,167.22100363599043
144642,1045.0,1220.1783209245204,-175.17832092452045
144649,400.0,587.7409602364424,-187.74096023644245
144650,535.0,654.2105111720028,-119.21051117200284
144659,1010.0,1128.2911615815935,-118.29116158159354
144660,990.0,996.4746215554391,-6.474621555439057
144703,492.0,707.8141100994649,-215.81411009946487
144709,1350.0,1146.0962055510724,203.90379444892756
144719,1315.0,1186.034111644225,128.96588835577495
144751,840.0,1090.2756552982391,-250.27565529823914
144752,640.0,698.075078142415,-58.07507814241501
144772,850.0,1089.6047008698736,-239.60470086987357
144774,675.0,715.0786270782606,-40.07862707826064
144776,1226.0,1183.0843831913946,42.915616808605364
144777,865.0,753.1681934889203,111.83180651107966
144789,1270.0,1167.5174344450893,102.4825655549107
144798,1070.0,1076.5657833991304,-6.565783399130396
144809,1220.0,1254.9507439863387,-34.95074398633869
144814,1480.0,1194.466102029988,285.53389797001205
144820,1235.0,1099.018940854915,135.98105914508506
144835,1169.0,1228.5081911294642,-59.508191129464194
144842,1090.0,1085.0702778366644,4.929722163335555
144847,1030.0,1095.6435014654837,-65.64350146548372
144868,1195.0,1237.309956565789,-42.30995656578898
144882,1235.0,1240.7356393189912,-5.735639318991161
145040,584.0,650.2856094986043,-66.28560949860434
145057,505.0,628.605175763529,-123.60517576352902
145067,866.0,1051.5241422715496,-185.52414227154964
145073,865.0,687.8069310785176,177.19306892148245
145105,1400.0,1255.4514100790586,144.54858992094137
145113,564.0,682.8287193215868,-118.82871932158685
145150,1355.0,1083.723930185468,271.2760698145321
145154,695.0,695.7823037652639,-0.7823037652639186
145174,1290.0,1187.7753743453663,102.22462565463366
145187,600.0,658.2142472913038,-58.214247291303764
145215,699.0,655.6131133265263,43.38688667347367
145230,1080.0,1198.232256028743,-118.232256028743
145262,510.0,746.1841082986467,-236.18410829864672
145268,568.0,618.6622644341892,-50.66226443418918
145321,1075.0,1119.9245015470283,-44.924501547028285
145343,1345.0,1092.6453989126012,252.3546010873988
145360,495.0,597.6500652776713,-102.65006527767127
145396,1250.0,1098.9500549434097,151.04994505659033
145410,737.0,1253.0118239499507,-516.0118239499507
145430,1054.0,1112.598410634317,-58.598410634316906
145435,1042.0,1142.1793367518421,-100.17933675184213
145467,1410.0,1211.6612784799215,198.33872152007848
145498,1070.0,1005.7955362065735,64.2044637934265
145518,525.0,573.6180970534479,-48.618097053447855
145521,985.0,1107.4289066272554,-122.4289066272554
145541,1025.0,1092.6453989126012,-67.6453989126012
145553,1140.0,1114.3747905599603,25.625209440039725
145554,999.0,973.1667827746761,25.833217225323892
145582,740.0,696.6666953454702,43.3333046545298
145621,1150.0,1178.8580107040405,-28.858010704040453
145695,1195.0,1182.195764729718,12.804235270282106
145746,1055.0,984.2453921052881,70.75460789471185
145760,1315.0,1188.7786587445107,126.22134125548928
145766,760.0,1055.6433070221467,-295.6433070221467
145772,480.0,732.476263895554,-252.47626389555398
145774,620.0,673.3980845987498,-53.39808459874985
145779,1030.0,1027.0831279309684,2.9168720690315695
145786,445.0,691.6173691231618,-246.61736912316178
145807,1415.0,1174.6769020037486,240.32309799625136
145824,795.0,708.2334526231002,86.76654737689978
145844,875.0,1192.0706300820495,-317.07063008204955
145851,1220.0,1282.3718400678795,-62.371840067879475
145863,1160.0,1204.434189067812,-44.434189067811985
145885,1025.0,1041.8891422785134,-16.889142278513418
145886,910.0,984.0774360045739,-74.07743600457388
145911,657.0,715.2372431509629,-58.237243150962854
145924,1307.0,1249.2538938685057,57.746106131494344
145944,700.0,721.6119982429217,-21.611998242921686
145973,1230.0,1236.8396860234666,-6.839686023466584
146003,1220.0,1153.5368452941916,66.46315470580839
146007,1280.0,1157.2061397740551,122.79386022594485
146011,810.0,871.3447183977521,-61.344718397752104
146031,755.0,739.5761991021967,15.42380089780329
146035,565.0,616.2771763129826,-51.27717631298265
146052,870.0,1037.593666070157,-167.59366607015704
146117,765.0,691.2358996852457,73.76410031475427
146138,507.0,590.0389119328861,-83.0389119328861
146152,1580.0,1238.0684339650056,341.9315660349944
146166,1015.0,925.8609972152352,89.13900278476478
146191,920.0,1046.1666032699898,-126.16660326998976
146200,750.0,704.8204034928982,45.17959650710179
146211,950.0,1002.2102100070105,-52.21021000701046
146214,990.0,947.722740001884,42.27725999811605
146220,630.0,705.9200848465539,-75.92008484655389
146221,675.0,695.6103625052056,-20.610362505205558
146244,1358.0,1041.2368258928166,316.76317410718343
146265,1170.0,1162.1291963243466,7.870803675653406
146295,1145.0,1186.565477604027,-41.56547760402691
146321,1455.0,1204.4964967957262,250.50350320427378
146338,735.0,689.8665784143793,45.13342158562068
146348,781.0,718.5029949309785,62.4970050690215
146350,1015.0,1162.8135607106321,-147.81356071063215
146354,1365.0,1249.504247883442,115.49575211655792
146374,360.0,699.9080332007668,-339.9080332007668
146378,1540.0,1284.2856132134264,255.71438678657364
146385,930.0,1032.8585140189969,-102.85851401899686
146397,550.0,641.6841689776267,-91.68416897762665
146429,1160.0,1158.7796516089606,1.2203483910393516
146434,1397.0,1275.2422217117796,121.75777828822038
146448,1470.0,1259.0711187146549,210.92888128534514
146480,848.0,729.6527444104627,118.34725558953733
146489,775.0,711.6202438209938,63.37975617900622
146495,460.0,604.6127718749672,-144.61277187496717
146571,1020.0,1147.621771222289,-127.621771222289
146572,610.0,688.8932193347613,-78.89321933476128
146583,1050.0,1018.6206410273437,31.37935897265629
146593,885.0,713.599451496112,171.400548503888
146594,790.0,674.6891769816358,115.3108230183642
146597,1405.0,1246.5167735080943,158.48322649190573
146663,740.0,727.4326843075426,12.567315692457441
146672,1260.0,1180.699550837047,79.3004491629531
146694,695.0,712.6776310954654,-17.677631095465358
146705,1065.0,1084.6873169855849,-19.687316985584857
146710,331.0,678.0899457819668,-347.0899457819668
146712,368.0,671.2821593769426,-303.28215937694256
146719,1322.0,1108.45924508805,213.54075491195
146724,1119.0,1203.8118123904742,-84.81181239047419
146744,880.0,722.7883991827737,157.21160081722633
146762,810.0,722.7271202712379,87.27287972876206
146802,1255.0,1223.7210487860211,31.27895121397887
146864,1060.0,1144.7155283973705,-84.71552839737046
146893,600.0,608.9328761596529,-8.932876159652892
146895,750.0,750.3716784778037,-0.3716784778036981
146921,1366.0,1237.3888253631267,128.61117463687333
146932,1411.0,1197.8423916464476,213.1576083535524
147020,1462.0,1172.7247816870952,289.2752183129048
147028,1320.0,1247.389275259164,72.61072474083608
147029,1043.0,1139.3364298710344,-96.3364298710344
147069,933.0,1075.9907359773722,-142.9907359773722
147100,1320.0,1127.2227474621102,192.7772525378898
147106,465.0,592.8701714348828,-127.87017143488276
147148,1170.0,1139.9966997081092,30.00330029189081
147152,1110.0,1134.2934577584558,-24.293457758455816
147158,1223.0,1197.940788365409,25.059211634591065
147177,585.0,643.7977484994253,-58.797748499425325
147224,1085.0,1199.2177005930457,-114.21770059304572
147283,280.0,559.4484698306054,-279.4484698306054
147286,780.0,703.4063052025766,76.59369479742338
147295,1365.0,1212.978823059855,152.0211769401451
147347,1235.0,1113.6009761114801,121.39902388851988
147356,615.0,685.65136223084,-70.65136223084005
147363,616.0,714.8197454064294,-98.81974540642943
147370,1110.0,1157.0979123723143,-47.09791237231434
147412,795.0,716.412481362691,78.58751863730902
147433,1075.0,1053.2074785910463,21.79252140895369
147454,981.0,993.6820636086959,-12.682063608695898
147458,960.0,667.9468840918989,292.05311590810106
147462,1095.0,1260.5441365482654,-165.54413654826544
147464,1238.0,1039.955500512574,198.04449948742604
147469,895.0,1135.0500116354242,-240.0500116354242
147478,755.0,732.3599112259745,22.640088774025457
147492,620.0,705.1056107321617,-85.10561073216172
147505,905.0,1244.870880781172,-339.870880781172
147513,510.0,618.9436887630939,-108.94368876309386
147526,1395.0,1237.7298619591395,157.2701380408605
147529,1150.0,1191.447867700268,-41.447867700268034
147544,1300.0,1058.3213361401345,241.67866385986554
147547,988.0,985.9810800285134,2.018919971486639
147562,860.0,725.5134916862813,134.48650831371867
147584,590.0,702.7724519655827,-112.77245196558272
147587,540.0,675.6594882786387,-135.65948827863872
147600,1130.0,1240.5926174066262,-110.59261740662623
147609,700.0,700.9731369035195,-0.973136903519503
147620,1420.0,1222.4607426451025,197.53925735489747
147652,910.0,1228.6833684625194,-318.6833684625194
147654,555.0,691.2421812432974,-136.2421812432974
147655,750.0,915.2937589237249,-165.2937589237249
147657,940.0,1002.1164790736894,-62.11647907368945
147663,685.0,676.0074685810915,8.99253141890847
147671,1120.0,1095.0614923905357,24.938507609464295
147689,695.0,685.8557647385999,9.144235261400127
147692,760.0,721.5442987223114,38.455701277688604
147701,1215.0,1063.5089742181026,151.4910257818974
147742,875.0,659.1445825383264,215.8554174616736
147767,1285.0,1165.9872241978549,119.01277580214514
147770,1445.0,1188.2240548031587,256.77594519684135
147787,500.0,671.7265555411948,-171.72655554119478
147791,550.0,690.1557315866071,-140.1557315866071
147836,1210.0,1016.109648919223,193.890351080777
147838,1240.0,1142.5772292732754,97.4227707267246
147877,1230.0,1127.526748949834,102.47325105016603
147878,616.0,621.5209125557786,-5.5209125557786365
147889,1235.0,1256.6005933844465,-21.600593384446483
147948,1325.0,1230.0857161103042,94.91428388969575
147963,1030.0,1199.0769765701025,-169.0769765701025
147973,887.0,1042.1632773117608,-155.1632773117608
147995,1340.0,1259.0553889767364,80.94461102326363
148002,925.0,1026.8422631155684,-101.84226311556836
148011,1200.0,1231.8286134842922,-31.82861348429219
148037,1287.0,1142.6043473013615,144.39565269863851
148044,1405.0,1236.9011244235753,168.0988755764247
148050,1000.0,1250.3293705823758,-250.32937058237576
148062,880.0,727.3687095222283,152.6312904777717
148064,1440.0,1157.7642914575868,282.23570854241325
148077,965.0,1066.225520365541,-101.22552036554089
148096,1102.0,999.3287948116829,102.67120518831712
148106,1245.0,1054.184621226979,190.81537877302094
148138,1173.0,977.5429925359541,195.4570074640459
148184,1331.0,942.8793203475689,388.12067965243114
148190,704.0,744.0071345792749,-40.00713457927486
148198,923.0,762.9672915084504,160.03270849154956
148250,1385.0,1228.0421475882235,156.95785241177646
148258,1069.0,1096.1765678095355,-27.176567809535527
148316,955.0,1164.0996089198702,-209.0996089198702
148317,1260.0,1231.887047518089,28.112952481910952
148332,635.0,746.1512039762363,-111.15120397623627
148403,365.0,666.8819202137686,-301.8819202137686
148408,564.0,596.1885340424323,-32.18853404243225
148440,1065.0,1072.2207973433879,-7.220797343387858
148451,1130.0,1202.2759515278783,-72.2759515278783
148491,1095.0,1185.3190749505852,-90.31907495058522
148511,930.0,994.7648468166683,-64.7648468166683
148525,1115.0,1156.5303684074538,-41.53036840745381
148532,1095.0,1020.5429017018713,74.4570982981287
148537,775.0,708.283243541679,66.71675645832102
148538,1070.0,1094.7242766283487,-24.72427662834866
148556,1220.0,1216.6567783438095,3.343221656190508
148623,981.0,1130.4151071160907,-149.41510711609067
148627,1265.0,1109.5385502702638,155.46144972973616
148631,1109.0,1170.7305407641866,-61.73054076418657
148641,770.0,641.942274627925,128.05772537207497
148680,1110.0,1079.8137743337843,30.186225666215705
148682,632.0,704.6249856679332,-72.62498566793317
148698,1040.0,1066.0266416342236,-26.02664163422355
148725,1240.0,1192.914674643302,47.08532535669792
148744,660.0,643.9425073493701,16.05749265062991
148763,1040.0,1098.9056157775706,-58.905615777570574
148785,1160.0,1110.8609542535396,49.1390457464604
148803,985.0,1236.8396860234666,-251.83968602346658
148804,1308.0,1127.126757436081,180.8732425639189
148810,853.0,704.4210125886403,148.57898741135966
148818,1050.0,1058.2479517305355,-8.247951730535533
148826,1375.0,1207.5305443064544,167.46945569354557
148833,865.0,742.9251579782172,122.07484202178284
148840,800.0,1061.2287047257714,-261.2287047257714
148871,1180.0,1128.2409910559395,51.7590089440605
148909,1235.0,1146.8648252097448,88.13517479025518
148937,560.0,687.9581910636305,-127.95819106363047
148939,585.0,679.0829115171084,-94.08291151710841
148941,1110.0,1129.6619559890562,-19.661955989056196
148956,700.0,606.8877906286162,93.11220937138376
148960,942.0,1246.1308998302534,-304.1308998302534
148969,910.0,1082.1920131856032,-172.19201318560317
149025,1060.0,1247.0287205728994,-187.02872057289937
149054,1165.0,1076.8749343696861,88.12506563031388
149060,1394.0,1162.0799645003428,231.92003549965716
149065,985.0,1116.196424509293,-131.1964245092929
149078,730.0,687.4155168410704,42.58448315892963
149081,1160.0,1114.6108314544756,45.3891685455244
149139,490.0,671.700686584783,-181.70068658478306
149154,1047.0,1199.126955499764,-152.1269554997641
149227,1228.0,1185.1572357903715,42.84276420962851
149252,621.0,1114.808919656086,-493.8089196560859
149269,1014.0,1094.0917889188245,-80.09178891882448
149274,1095.0,1064.213044167569,30.786955832430976
149285,1069.0,1038.825251967397,30.17474803260302
149289,1040.0,1107.1055074295978,-67.10550742959776
149315,1130.0,1111.4263502069582,18.573649793041795
149351,530.0,704.0149491468293,-174.01494914682928
149359,726.0,656.334586009362,69.66541399063794
149420,1090.0,1154.743979424056,-64.74397942405608
149434,1091.0,985.073781231619,105.92621876838098
149465,1099.0,963.8096066577185,135.19039334228148
149474,865.0,717.3957243339163,147.6042756660837
149499,500.0,583.2051001810279,-83.20510018102789
149504,861.0,970.5018911768556,-109.50189117685557
149506,1532.0,1198.1356288470688,333.8643711529312
149575,520.0,687.9995598368531,-167.9995598368531
149581,1435.0,1229.7871912112982,205.21280878870175
149619,1110.0,1109.7921401804776,0.20785981952235488
149639,1040.0,1220.7410395427248,-180.74103954272482
149694,1079.0,1083.708363678633,-4.708363678633077
149721,795.0,665.6456682354251,129.3543317645749
149737,835.0,1074.1079657535392,-239.10796575353925
149760,1030.0,947.0062154560903,82.99378454390967
149764,1140.0,1135.7119627637583,4.288037236241735
149767,745.0,735.0839137698538,9.91608623014622
149772,1345.0,1119.7221140124536,225.27788598754637
149779,710.0,659.4659766573325,50.534023342667524
149790,1058.0,1111.412590448923,-53.41259044892308
149820,512.0,630.7017863782078,-118.70178637820777
149861,1150.0,1160.0028505147593,-10.002850514759302
149884,937.0,718.8821796122168,218.11782038778324
149898,1140.0,1096.8348401530534,43.16515984694661
149911,1010.0,1083.8345807051394,-73.83458070513939
149919,435.0,701.6068065175056,-266.60680651750556
149960,765.0,923.648537533217,-158.648537533217
149980,1090.0,1222.2359315656724,-132.23593156567244
149984,717.0,639.7393235265879,77.2606764734121
149986,948.0,999.7350909612852,-51.73509096128521
150009,1210.0,1127.021022958614,82.97897704138609
150080,952.0,1198.804845492542,-246.80484549254197
150106,1120.0,1062.6883835775882,57.31161642241182
150110,1060.0,1140.2697064264953,-80.2697064264953
150114,1165.0,1134.789772907744,30.21022709225599
150124,1165.0,1078.6409575662965,86.35904243370351
150137,1210.0,1065.9775375935883,144.0224624064117
150141,525.0,595.8676048273337,-70.86760482733371
150158,1253.0,1064.0442663750923,188.95573362490768
150223,1224.0,1171.0151899811315,52.98481001886853
150234,1047.0,1078.2535064599097,-31.25350645990966
150243,1145.0,1022.4681093331951,122.53189066680488
150252,615.0,627.7827099739213,-12.782709973921328
150288,570.0,699.8498113963302,-129.8498113963302
150299,1050.0,1250.207676835943,-200.20767683594295
150311,650.0,623.0706856727654,26.92931432723458
150321,1050.0,1027.6830427756631,22.316957224336875
150336,925.0,1111.000075589631,-186.00007558963102
150371,1285.0,1214.3500730253575,70.64992697464254
150403,823.0,1019.3836779606172,-196.3836779606172
150404,773.0,661.8122333965006,111.18776660349943
150465,1245.0,1235.93630670175,9.063693298249973
150540,1190.0,1037.123223753396,152.8767762466041
150575,1270.0,1181.3039653161952,88.69603468380478
150587,1235.0,1223.1617911261656,11.838208873834446
150593,810.0,699.8641634107619,110.13583658923812
150599,946.0,1068.8409656635488,-122.84096566354879
150623,665.0,632.8890638250869,32.11093617491315
150708,1042.0,1112.4407268963666,-70.44072689636664
150715,400.0,1204.467027873025,-804.467027873025
150745,595.0,693.9475444431756,-98.94754444317562
150750,975.0,1123.9777686504049,-148.97776865040487
150786,1069.0,1071.1072221339862,-2.10722213398617
150809,696.0,677.4229923563154,18.577007643684624
150817,805.0,707.0958665930343,97.90413340696568
150843,575.0,721.0490764816195,-146.04907648161952
150900,1370.0,1167.547704649454,202.4522953505459
150901,1330.0,1240.748137484046,89.25186251595392
150940,960.0,1053.60047518463,-93.60047518463011
150959,1221.0,1173.7882050907576,47.21179490924237
150977,775.0,700.3242293172028,74.67577068279718
150983,1175.0,1073.543134279343,101.4568657206571
151004,1080.0,1295.3408832542175,-215.3408832542175
151028,420.0,693.1973693885111,-273.1973693885111
151041,840.0,1031.0801132859197,-191.08011328591965
151042,880.0,979.5923531674075,-99.59235316740751
151085,1505.0,1250.72738071651,254.27261928349003
151116,810.0,1007.4126881450077,-197.41268814500768
151120,630.0,697.9273456654555,-67.9273456654555
151130,930.0,1126.8176025400444,-196.8176025400444
151145,1045.0,1244.1620963591852,-199.16209635918517
151148,685.0,693.8304567772379,-8.830456777237941
151178,955.0,719.3729047799161,235.6270952200839
151182,1135.0,1009.8731776422861,125.12682235771388
151195,1060.0,1126.6054781543298,-66.60547815432983
151236,1305.0,1220.6062866601471,84.39371333985287
151252,1225.0,1199.4014562025313,25.598543797468665
151381,1245.0,1076.8481742271529,168.15182577284713
151398,1133.0,1047.9477814950162,85.05221850498378
151410,926.0,1074.2932408465153,-148.29324084651535
151420,1318.0,1224.7286705455228,93.27132945447715
151424,1270.0,1192.4015528773718,77.59844712262816
151477,878.0,985.8935392127291,-107.89353921272914
151479,915.0,1115.6299168653327,-200.6299168653327
151480,795.0,676.1894201283899,118.81057987161012
151486,915.0,1040.355130517566,-125.35513051756607
151506,720.0,958.5118232578898,-238.51182325788977
151527,1075.0,1021.8118812374009,53.18811876259906
151539,785.0,708.0252756238069,76.97472437619308
151585,1035.0,1034.2583400545059,0.7416599454941206
151602,450.0,566.1518043720566,-116.15180437205663
151639,835.0,933.1196456869789,-98.11964568697886
151656,1065.0,1127.5280465666058,-62.52804656660578
151658,810.0,704.4955625634695,105.50443743653045
151660,1175.0,1003.2670070859646,171.73299291403544
151666,620.0,700.9731369035195,-80.9731369035195
151668,1135.0,720.0734834765451,414.9265165234549
151670,1470.0,1199.564995936824,270.43500406317594
151706,1355.0,1236.2340867322732,118.76591326772677
151715,725.0,713.5316936351073,11.468306364892669
151725,810.0,699.03910796246,110.96089203754002
151785,599.0,635.2723113735269,-36.27231137352692
151798,708.0,721.9132093160205,-13.91320931602047
151825,950.0,1156.9902203353004,-206.99022033530036
151837,770.0,625.0360052141203,144.96399478587966
151853,955.0,726.3776240766504,228.62237592334964
151870,1116.0,1182.0697133332792,-66.0697133332792
151889,600.0,687.9559416063269,-87.95594160632686
151924,590.0,668.1087246935042,-78.1087246935042
151969,940.0,1236.403840846839,-296.4038408468391
151990,990.0,688.6718356948769,301.3281643051231
151997,632.0,674.8031286328144,-42.80312863281438
152036,520.0,960.6249467154385,-440.62494671543845
152054,1205.0,1130.468150988571,74.5318490114289
152100,1045.0,1094.63656677313,-49.63656677312997
152132,620.0,710.6565640540364,-90.65656405403638
152147,565.0,691.4509861715484,-126.45098617154838
152185,1340.0,1294.5388621818668,45.46113781813324
152191,440.0,706.2254097718288,-266.2254097718288
152211,1255.0,1196.4925079219172,58.507492078082805
152218,930.0,1048.2253810652828,-118.22538106528282
152253,375.0,688.4166157957541,-313.41661579575407
152285,1350.0,1069.3990665643605,280.6009334356395
152293,1025.0,1157.8374663095094,-132.8374663095094
152311,1513.0,1218.7544319141027,294.2455680858973
152329,520.0,688.7871537084661,-168.78715370846612
152334,1060.0,1083.6274094156588,-23.627409415658803
152347,1225.0,1164.8406578381973,60.15934216180267
152379,950.0,1132.6862017334117,-182.68620173341174
152384,1135.0,1209.6778385832697,-74.6778385832697
152389,1011.0,1090.3601070073016,-79.36010700730162
152470,1355.0,1254.6152839566464,100.38471604335359
152482,850.0,729.7182075628712,120.28179243712884
152530,1334.0,1202.8000835863702,131.1999164136298
152536,703.0,718.2441547289377,-15.244154728937701
152537,1087.0,1081.2267504735814,5.773249526418567
152589,937.0,1091.5715420385009,-154.57154203850087
152592,725.0,695.2089135463762,29.791086453623848
152610,1496.0,1142.221468586578,353.7785314134219
152623,580.0,645.1869303186833,-65.18693031868327
152650,1100.0,1106.3719734224946,-6.371973422494648
152665,1350.0,1231.0653951541055,118.93460484589446
152677,485.0,675.4326518360915,-190.4326518360915
152717,580.0,682.8479584448254,-102.8479584448254
152772,804.0,720.5791873314778,83.42081266852222
152798,804.0,664.0670417083222,139.93295829167778
152805,1050.0,1140.5665452935625,-90.56654529356251
152893,1000.0,1034.1333805264906,-34.133380526490555
152964,635.0,721.5434731103612,-86.54347311036122
152971,950.0,1168.5577405236652,-218.5577405236652
152999,725.0,701.6136466108487,23.38635338915128
153008,970.0,1214.3118759571519,-244.31187595715187
153033,965.0,1086.6132271173121,-121.61322711731214
153035,1155.0,1128.095756047283,26.904243952717025
153066,1179.0,1131.1198636944955,47.88013630550449
153069,1338.0,1131.1952640676748,206.80473593232523
153154,1125.0,1101.0591850127953,23.940814987204703
153218,820.0,717.690672460433,102.309327539567
153248,785.0,1063.8311167826291,-278.8311167826291
153314,760.0,972.3827138917609,-212.3827138917609
153359,1049.0,1065.696778031878,-16.69677803187801
153374,1005.0,1032.5366037530912,-27.536603753091185
153407,920.0,1026.3981223211479,-106.39812232114787
153447,772.0,667.385596063591,104.61440393640896
153521,1130.0,1056.370739747078,73.629260252922
153565,1110.0,1103.6030277772022,6.396972222797785
153583,1179.0,1130.2753689482704,48.7246310517296
153585,1070.0,1203.0041846634326,-133.00418466343262
153611,772.0,717.4711561768437,54.52884382315631
153651,625.0,652.5873503875387,-27.587350387538663
153686,600.0,689.3077525735114,-89.30775257351138
153688,1202.0,1147.353448743639,54.64655125636091
153705,495.0,589.1223014721768,-94.12230147217679
153719,1190.0,1192.3824864433068,-2.3824864433067887
153742,1230.0,1072.0308837000673,157.9691162999327
153774,860.0,714.4139082561098,145.58609174389017
153777,1110.0,1177.3424964026565,-67.34249640265648
153793,505.0,686.6678367752908,-181.66783677529077
153796,1355.0,1253.470657917202,101.52934208279794
153826,800.0,666.840528464429,133.15947153557102
153857,1090.0,1111.933941685213,-21.933941685213085
153863,880.0,936.056671525335,-56.05667152533499
153972,660.0,701.2808740430356,-41.280874043035624
154008,1040.0,1080.579365057723,-40.57936505772295
154037,1048.0,708.4576903249109,339.5423096750891
154038,1270.0,1185.8497705356622,84.15022946433783
154050,855.0,712.5125303321176,142.48746966788235
154055,770.0,687.3515021949986,82.6484978050014
154080,1235.0,1060.972127711198,174.02787228880197
154095,1025.0,1011.7253689668615,13.274631033138462
154116,890.0,1023.1958167112742,-133.19581671127423
154123,570.0,692.6221603940232,-122.62216039402324
154151,1003.0,1171.619091168678,-168.6190911686781
154166,900.0,1081.8773880377414,-181.8773880377414
154189,450.0,604.979244800915,-154.979244800915
154195,825.0,734.2435523234158,90.75644767658423
154206,1060.0,1052.8636997563985,7.136300243601454
154236,729.0,961.2370872677047,-232.23708726770474
154268,725.0,647.1308565907906,77.86914340920941
154291,730.0,977.8527353621785,-247.85273536217846
154317,1170.0,1192.2461302792806,-22.246130279280578
154324,460.0,642.5123271343198,-182.51232713431978
154368,1340.0,1161.970926373533,178.02907362646692
154376,915.0,1201.48618222968,-286.48618222968
154380,1120.0,1185.261429679293,-65.26142967929309
154472,895.0,699.8498113963302,195.1501886036698
154481,960.0,1051.5143813757286,-91.51438137572859
154490,750.0,733.0310489252801,16.96895107471994
154510,1025.0,1050.4559626710395,-25.455962671039515
154516,990.0,1123.8366045238677,-133.83660452386766
154527,775.0,1097.3125968632403,-322.3125968632403
154529,756.0,697.3000912102387,58.69990878976125
154559,725.0,680.7258499985365,44.274150001463454
154593,1120.0,1126.3619725087892,-6.361972508789222
154617,1241.0,1126.961434186105,114.03856581389505
154620,1090.0,1153.3672410325084,-63.367241032508446
154639,960.0,950.7825842978469,9.217415702153062
154646,980.0,1173.75540509216,-193.7554050921599
154731,900.0,1090.880620258071,-190.88062025807108
154743,1570.0,1230.1015199949813,339.89848000501865
154768,510.0,658.2088347139627,-148.2088347139627
154778,675.0,624.9933653728663,50.006634627133735
154846,1055.0,1129.2996946585167,-74.29969465851673
154872,1000.0,736.5210324909526,263.4789675090474
154874,675.0,649.888514535753,25.11148546424704
154898,805.0,957.6372185913738,-152.63721859137377
154900,1215.0,734.436820671151,480.56317932884895
154921,955.0,1125.6531758518913,-170.65317585189132
154964,1035.0,999.9642181302692,35.03578186973084
154975,1255.0,1200.2789667212664,54.72103327873356
154982,1195.0,1248.2010006516095,-53.20100065160955
155029,675.0,692.7913158195638,-17.791315819563806
155079,995.0,947.5439499279514,47.45605007204858
155094,1036.0,1104.1953725892881,-68.19537258928813
155099,1135.0,1137.8882493609265,-2.8882493609264657
155151,1191.0,1202.6609659484232,-11.660965948423154
155167,1466.0,1047.4234486480493,418.5765513519507
155172,1295.0,1122.7008789861536,172.2991210138464
155190,628.0,694.0628701798955,-66.06287017989553
155198,1160.0,1198.705193829501,-38.70519382950101
155200,1130.0,1093.361453443711,36.63854655628893
155236,539.0,596.1461754919535,-57.1461754919535
155240,1140.0,1115.6159189363973,24.384081063602707
155250,855.0,1003.4724974980383,-148.47249749803825
155262,1550.0,1258.9471122677473,291.05288773225266
155271,1315.0,1143.6913688425377,171.3086311574623
155284,711.0,718.6537201441797,-7.653720144179715
155291,611.0,582.3470447136807,28.652955286319298
155336,1150.0,1231.1962311646337,-81.19623116463367
155362,1012.0,1095.0234686898273,-83.02346868982727
155409,620.0,645.4041930034035,-25.40419300340352
155455,1050.0,1136.0020091110498,-86.0020091110498
155469,1260.0,1163.5373268450242,96.46267315497585
155563,790.0,743.9504485740099,46.0495514259901
155650,745.0,708.266120869935,36.73387913006502
155673,1475.0,1247.5578692196514,227.44213078034863
155721,715.0,719.5456553707846,-4.54565537078463
155738,1130.0,1230.210450999635,-100.21045099963499
155762,1180.0,1130.104770140599,49.89522985940107
155789,931.0,943.8112000700394,-12.811200070039376
155806,1065.0,1111.2587714943284,-46.25877149432836
155813,1395.0,1235.094087951107,159.90591204889301
155841,1490.0,1237.149498001314,252.850501998686
155842,1230.0,1156.0001228029403,73.99987719705973
155843,715.0,739.8307441609894,-24.83074416098941
155884,765.0,702.3675035523846,62.63249644761538
155901,545.0,656.5562045984909,-111.55620459849092
155905,716.0,670.7969604746567,45.20303952534334
155914,1130.0,967.8340708835254,162.16592911647456
155922,1025.0,1068.655260130371,-43.65526013037106
155970,670.0,630.4343472918155,39.56565270818453
155975,725.0,707.9064179897334,17.093582010266573
155988,1220.0,1081.2386466659082,138.76135333409184
156072,615.0,672.9304063688078,-57.93040636880778
156093,1020.0,974.2363711679541,45.763628832045924
156136,586.0,683.1321354745758,-97.13213547457576
156223,1320.0,1242.7026623742522,77.29733762574779
156235,1021.0,1193.8502065993205,-172.85020659932047
156239,1230.0,1079.7164180341003,150.28358196589966
156287,761.0,696.3746845292357,64.62531547076435
156301,1411.0,1156.6738880072355,254.32611199276448
156352,1091.0,992.3518644238844,98.64813557611558
156353,1000.0,1053.3349342644492,-53.3349342644492
156355,1191.0,1143.6054083027257,47.394591697274336
156358,1369.0,1080.5610564742194,288.4389435257806
156370,605.0,652.6619313254891,-47.66193132548915
156391,533.0,661.7576503934474,-128.75765039344742
156396,470.0,693.1575834601666,-223.15758346016662
156453,883.0,750.1471362010074,132.85286379899264
156488,682.0,684.9206950243088,-2.9206950243087704
156491,1092.0,1003.6004034679139,88.3995965320861
156494,715.0,649.1584756755959,65.84152432440408
156507,885.0,660.9124119797812,224.08758802021885
156509,965.0,1196.3261697290106,-231.32616972901064
156510,615.0,668.4341966373197,-53.4341966373197
156514,795.0,681.840004571968,113.15999542803195
156521,1004.0,995.7268632794659,8.273136720534126
156546,1230.0,1040.7523663021948,189.2476336978052
156562,621.0,705.0544834085247,-84.05448340852467
156576,1282.0,1171.8572908420329,110.14270915796715
156581,1170.0,1084.4543605040726,85.54563949592739
156597,605.0,701.6136466108487,-96.61364661084872
156637,670.0,689.7334887755809,-19.733488775580895
156653,550.0,736.9275842493887,-186.9275842493887
156684,1213.0,1123.0899601448168,89.91003985518319
156715,704.0,678.0611557820924,25.93884421790756
156728,1175.0,1177.7601812927785,-2.7601812927784977
156746,1480.0,1264.9180742244703,215.08192577552973
156787,1157.0,1158.969767289028,-1.9697672890279136
156845,1140.0,1247.3112773934488,-107.31127739344879
156890,725.0,712.8696097918989,12.130390208101062
156925,1168.0,1220.0740353769154,-52.07403537691539
156973,735.0,678.6788097677739,56.32119023222606
156984,780.0,727.2308802932689,52.76911970673109
157002,1090.0,1092.7372853906302,-2.737285390630177
157024,700.0,706.201183840385,-6.201183840385056
157034,580.0,974.8262423707761,-394.8262423707761
157077,1100.0,1020.6574343058478,79.3425656941522
157085,1315.0,1088.6242003458308,226.3757996541692
157088,1130.0,1042.7364474750023,87.26355252499775
157092,850.0,982.4247500294312,-132.42475002943115
157104,350.0,668.5120189308234,-318.5120189308234
157171,1055.0,1050.6019003595393,4.398099640460714
157179,1250.0,1148.8000150466296,101.1999849533704
157211,825.0,672.8442263037994,152.15577369620064
157253,1720.0,1186.775032284028,533.2249677159721
157292,920.0,1024.2517480255833,-104.25174802558331
157357,1065.0,1150.1742222934347,-85.1742222934347
157402,1060.0,1198.804845492542,-138.80484549254197
157403,570.0,702.3716522670755,-132.37165226707555
157414,1310.0,1224.5658286400312,85.43417135996879
157430,491.0,586.3871725347543,-95.38717253475431
157444,1515.0,1184.3605095107084,330.6394904892916
157459,785.0,683.8914425679964,101.10855743200364
157478,638.0,706.4343974028111,-68.4343974028111
157521,740.0,697.7967445172992,42.2032554827008
157600,679.0,602.8557981518757,76.14420184812434
157626,1495.0,1250.6700837571939,244.32991624280612
157630,670.0,949.86635086401,-279.86635086401
157646,1150.0,1040.5607831268514,109.43921687314855
157662,1180.0,1249.3786966112525,-69.37869661125251
157670,1290.0,1251.2646946186942,38.73530538130581
157702,1135.0,1216.2603590773488,-81.26035907734877
157744,1490.0,1205.1217790382618,284.8782209617382
157759,1380.0,1233.7829618157082,146.21703818429182
157809,930.0,1166.6665493060627,-236.66654930606273
157850,1390.0,1104.2628057214708,285.73719427852916
157890,1025.0,1107.7822600840461,-82.78226008404613
157947,1502.0,1200.5548697353518,301.44513026464824
157968,793.0,982.7238830957924,-189.72388309579242
158052,1440.0,1144.6453178587371,295.35468214126286
158053,897.0,990.603692094773,-93.60369209477301
158141,1165.0,1229.2512565577874,-64.25125655778743
158155,1068.0,1092.179955274864,-24.179955274863914
158159,1015.0,1100.6832645008205,-85.68326450082054
158260,795.0,723.8443803656221,71.1556196343779
158264,1445.0,1212.0538654421896,232.9461345578104
158282,1168.0,1089.7312979832018,78.26870201679822
158313,870.0,708.4413327213714,161.5586672786286
158330,820.0,972.1805112741825,-152.18051127418255
158366,625.0,700.7438026734603,-75.74380267346032
158409,1180.0,1115.8412478234268,64.15875217657322
158466,1325.0,1170.4638677967641,154.53613220323587
158489,505.0,743.7488054726043,-238.74880547260432
158493,475.0,610.7495424719305,-135.74954247193045
158533,570.0,888.3910460859878,-318.3910460859878
158583,665.0,626.8780175317894,38.121982468210604
158589,960.0,713.9820099846035,246.01799001539655
158592,1107.0,1191.8013380887005,-84.8013380887005
158598,1320.0,1257.6141662292537,62.38583377074633
158601,1334.0,1179.6787899676362,154.32121003236375
158619,1120.0,1207.7844531006144,-87.78445310061443
158625,1130.0,1047.9477814950162,82.05221850498378
158656,1120.0,980.7063514317684,139.29364856823156
158665,965.0,1135.166244474086,-170.16624447408594
158714,780.0,694.2011885977118,85.79881140228815
158720,600.0,706.826946473357,-106.826946473357
158823,1270.0,1162.51975500533,107.4802449946701
158835,1425.0,1226.088111276291,198.9118887237089
158858,460.0,592.2957465101172,-132.29574651011717
158880,1110.0,1245.9567240095814,-135.95672400958142
158902,1170.0,1121.9538262076321,48.04617379236788
158918,1005.0,1035.3193758783907,-30.3193758783907
158919,1010.0,1092.5741931062323,-82.57419310623231
158930,660.0,710.6306768205482,-50.63067682054816
158935,1040.0,1044.9495982230846,-4.949598223084649
158977,860.0,1071.3147847627113,-211.31478476271127
158996,1135.0,1007.886794530147,127.11320546985303
159018,1105.0,1045.8925709614966,59.10742903850337
159089,826.0,1126.711878083015,-300.7118780830151
159094,1200.0,985.7101930315237,214.28980696847634
159096,830.0,1061.8795045836787,-231.87950458367868
159157,495.0,617.7880215412821,-122.78802154128209
159166,850.0,648.8586412347321,201.1413587652679
159196,1052.0,1079.1876543093758,-27.18765430937583
159225,1375.0,1115.9276531666183,259.07234683338174
159256,830.0,990.8772008284989,-160.87720082849887
159270,1213.0,1106.926934025211,106.07306597478896
159280,661.0,690.0110196654975,-29.011019665497543
159321,1197.0,1237.9330256048713,-40.93302560487132
159330,820.0,1106.1099710723895,-286.1099710723895
159343,805.0,692.2826425338707,112.71735746612933
159354,1225.0,1232.5846926156555,-7.584692615655513
159387,1350.0,1230.4856972710254,119.5143027289746
159395,1020.0,1086.304581183006,-66.3045811830059
159405,1180.0,1236.2845737746106,-56.284573774610635
159462,810.0,1137.5306525068852,-327.5306525068852
159521,578.0,665.2775847948429,-87.27758479484294
159567,1100.0,1059.727645767722,40.272354232278076
159645,1225.0,1123.9572747084023,101.04272529159766
159658,950.0,993.2344363626689,-43.23443636266893
159667,675.0,664.6578319926051,10.34216800739489
159678,1025.0,1172.2710357372898,-147.27103573728982
159698,1289.0,1228.829522896746,60.170477103253916
159707,940.0,1112.5631822154678,-172.5631822154678
159718,1091.0,1196.8026490826646,-105.80264908266463
159727,1060.0,1102.0173106262052,-42.017310626205244
159744,870.0,1008.4198617416884,-138.41986174168835
159769,1515.0,1245.523211424048,269.476788575952
159779,970.0,1086.6571606300115,-116.6571606300115
159801,1060.0,1050.6945148851619,9.30548511483812
159840,1080.0,1187.8649663226297,-107.8649663226297
159859,475.0,709.1526527071925,-234.1526527071925
159862,890.0,951.517455282791,-61.51745528279105
159878,750.0,706.826946473357,43.173053526643
159895,920.0,1116.366157257546,-196.3661572575461
159903,1130.0,1083.8234209219884,46.17657907801163
159927,1328.0,1234.6395848084132,93.36041519158675
159956,1010.0,1137.0495543820286,-127.04955438202865
159962,1135.0,1086.069983184262,48.9300168157381
159989,715.0,701.7526084886148,13.247391511385217
159992,645.0,701.6136466108487,-56.61364661084872
160001,889.0,999.263957226991,-110.26395722699101
160068,940.0,999.6661937549152,-59.666193754915184
160070,1435.0,1229.776806358227,205.22319364177292
160082,618.0,697.0876215866037,-79.08762158660375
160115,1190.0,1142.8790329707983,47.120967029201665
160121,660.0,629.3055250497771,30.69447495022291
160146,950.0,1044.2213852199236,-94.2213852199236
160180,1110.0,1073.6146880228935,36.38531197710654
160190,1030.0,1103.9068368802632,-73.9068368802632
160204,1070.0,1084.9147944708002,-14.914794470800189
160209,597.0,703.8864541318937,-106.88645413189374
160224,670.0,638.0414787402974,31.958521259702593
160272,930.0,1233.224923497092,-303.22492349709205
160310,1323.0,1107.113909465323,215.8860905346769
160332,1480.0,1253.1983568025928,226.8016431974072
160342,695.0,692.0745246158423,2.9254753841577212
160359,1140.0,1163.9386744435799,-23.938674443579885
160369,758.0,903.6891024893636,-145.68910248936356
160384,500.0,627.1908708729937,-127.19087087299374
160398,1113.0,1247.5758119685675,-134.57581196856745
160415,763.0,1173.2250407421839,-410.22504074218386
160427,1010.0,986.5640847393962,23.435915260603792
160431,539.0,642.3714787185633,-103.37147871856325
160490,926.0,1034.270420695044,-108.2704206950441
160498,857.0,1001.7231841330661,-144.72318413306607
160524,775.0,967.5148544361949,-192.51485443619492
160581,680.0,687.7026000155562,-7.702600015556186
160591,1155.0,1249.2538938685057,-94.25389386850566
160640,1130.0,1196.884662446552,-66.88466244655206
160655,620.0,711.8123972445177,-91.81239724451768
160658,990.0,1116.8965651306432,-126.89656513064324
160662,1310.0,1218.0299685467805,91.97003145321946
160684,1230.0,1199.906836775135,30.093163224865066
160710,720.0,698.8740648936389,21.125935106361112
160783,1280.0,1221.2225243630191,58.77747563698085
160794,1100.0,1123.4091255234425,-23.409125523442526
160804,1300.0,1081.0200388857331,218.97996111426687
160915,1400.0,1176.8355659661954,223.16443403380458
160951,955.0,1110.6402805161335,-155.64028051613354
160989,1050.0,1031.6976862551603,18.302313744839694
161047,1150.0,1073.0216429426303,76.97835705736975
161094,1325.0,1135.973909108148,189.02609089185194
161103,1145.0,1083.6274094156588,61.3725905843412
161119,1030.0,1137.8127888486924,-107.81278884869243
161222,1100.0,1243.5510573710244,-143.5510573710244
161254,1080.0,1156.6953907378777,-76.69539073787769
161256,880.0,1141.6826030513548,-261.6826030513548
161257,1165.0,992.8429976617772,172.1570023382228
161263,1315.0,1116.9026855770803,198.09731442291968
161361,1200.0,1059.943586767512,140.056413232488
161372,975.0,1177.4327796073014,-202.43277960730143
161443,1185.0,1163.086049411283,21.913950588716943
161457,1245.0,1220.7410395427248,24.25896045727518
161462,710.0,728.9903333307273,-18.990333330727253
161480,1180.0,1124.1446677635213,55.855332236478716
161482,1435.0,1130.468150988571,304.5318490114289
161501,610.0,627.7919092201134,-17.79190922011344
161502,607.0,635.3020508725517,-28.302050872551717
161504,690.0,932.2923059189513,-242.29230591895134
161531,1234.0,1160.3324244843654,73.66757551563455
161550,1195.0,1112.2588482309702,82.74115176902978
161608,1000.0,1041.6195593833606,-41.61955938336064
161610,1255.0,1124.1830061981188,130.81699380188115
161616,1155.0,1086.726767968474,68.27323203152605
161671,1130.0,1168.5084761421783,-38.508476142178324
161731,1185.0,1224.6342008971367,-39.63420089713668
161742,790.0,1029.3459246218458,-239.34592462184582
161774,1080.0,1068.2209547810012,11.779045218998817
161777,900.0,1041.6301655170212,-141.63016551702117
161810,705.0,660.1913020333297,44.80869796667025
161819,1168.0,1111.0551347398139,56.944865260186134
161854,1320.0,1105.5959748242244,214.4040251757756
161862,960.0,1183.185609457194,-223.185609457194
161877,850.0,1064.7270741311042,-214.72707413110425
161882,815.0,707.5244999703388,107.47550002966125
161890,1115.0,1079.3944065141932,35.60559348580682
161891,1230.0,1128.3158982703892,101.6841017296108
161933,653.0,942.551630617436,-289.551630617436
161985,675.0,928.5972235537904,-253.5972235537904
161994,885.0,1007.1522803604452,-122.15228036044516
162011,880.0,1071.178068009046,-191.178068009046
162021,651.0,680.2892395547012,-29.289239554701226
162049,653.0,666.043503855462,-13.04350385546195
162066,1325.0,1250.9974728809773,74.00252711902272
162112,610.0,649.5781401332042,-39.578140133204215
162156,940.0,1098.8084778749483,-158.80847787494827
162164,1380.0,1280.8529853627988,99.14701463720121
162209,950.0,1228.9394522223672,-278.9394522223672
162211,1150.0,1090.1773300175005,59.82266998249952
162243,645.0,625.627928572094,19.372071427906008
162257,1245.0,1238.865570003459,6.13442999654103
162287,1394.0,1181.1815527826984,212.81844721730158
162306,675.0,724.621002387839,-49.621002387838985
162445,550.0,662.2564562379275,-112.25645623792752
162477,1320.0,1219.0212146108222,100.9787853891778
162491,1210.0,982.1168410728174,227.88315892718265
162552,880.0,1007.621646796465,-127.62164679646503
162575,1010.0,1153.1435251013345,-143.1435251013345
162587,970.0,1004.7053591458814,-34.7053591458814
162608,680.0,629.2485975172912,50.75140248270884
162668,1250.0,1093.1061964841856,156.8938035158144
162703,765.0,717.363020951465,47.636979048534954
162731,820.0,643.7165282577663,176.2834717422337
162764,610.0,596.2722109779608,13.727789022039246
162769,850.0,708.4580029523022,141.5419970476978
162783,915.0,997.9580949036431,-82.95809490364309
162807,790.0,1026.0466536868942,-236.04665368689416
162834,875.0,720.2159856489241,154.78401435107594
162905,680.0,676.0776615011627,3.922338498837348
162929,775.0,714.9191264830157,60.0808735169843
162958,1122.0,1111.1784740402331,10.82152595976686
162963,1180.0,1211.8626222392063,-31.862622239206303
163001,720.0,1006.6039214343989,-286.6039214343989
163057,1040.0,1009.2552772513336,30.74472274866639
163080,8.0,1201.0100991725965,-1193.0100991725965
163157,490.0,1109.7107720410206,-619.7107720410206
163188,1141.0,1010.9956347054379,130.00436529456215
163307,1201.0,1093.9089179224375,107.09108207756253
163312,1135.0,1152.471689699523,-17.47168969952304
163319,867.0,1095.3893838988502,-228.38938389885016
163332,1182.0,1132.6862017334117,49.313798266588265
163364,931.0,1048.2129199244296,-117.21291992442957
163379,1117.0,1159.7848685091599,-42.78486850915988
163392,1425.0,1169.819975838712,255.18002416128797
163396,716.0,698.4910765881342,17.508923411865794
163494,970.0,988.6400820193693,-18.640082019369288
163510,1125.0,1018.9194396242774,106.0805603757226
163538,1130.0,1139.8033865109603,-9.803386510960308
163561,1085.0,1111.5084802399308,-26.508480239930805
163566,1100.0,1131.8565432102412,-31.85654321024117
163594,719.0,692.9703244867037,26.029675513296297
163674,1205.0,1047.673490006977,157.3265099930229
163682,815.0,1199.576178244712,-384.5761782447121
163683,1010.0,1140.2442635707018,-130.24426357070183
163709,560.0,727.8715345557281,-167.8715345557281
163739,670.0,660.0157683334427,9.98423166655732
163763,595.0,673.9044011264394,-78.90440112643944
163768,1145.0,1153.7857901245902,-8.785790124590221
163771,665.0,635.2754750543902,29.7245249456098
163831,1245.0,1145.7103717784578,99.28962822154222
163873,600.0,668.9425964726742,-68.94259647267415
163876,1190.0,1153.8055659923207,36.19443400767932
163882,730.0,639.4133066081926,90.58669339180744
163898,750.0,688.0057118915565,61.99428810844347
163904,965.0,980.0894936429488,-15.08949364294881
163913,772.0,680.3754395286176,91.62456047138244
163933,1125.0,1184.4462282396216,-59.44622823962163
163968,900.0,1025.2133243090395,-125.21332430903954
164000,1223.0,1047.9161316639115,175.08386833608847
164019,1050.0,1092.326041040442,-42.32604104044208
164126,690.0,724.575621738457,-34.575621738457016
164133,1280.0,1199.221670109474,80.77832989052604
164158,1475.0,1224.4852354806196,250.51476451938038
164171,881.0,977.4547954132016,-96.45479541320162
164236,965.0,1035.3327597439488,-70.33275974394883
164253,1370.0,1211.052023304323,158.94797669567697
164270,800.0,696.7364583083472,103.26354169165279
164383,1225.0,1113.7489976499708,111.25100235002924
164413,1090.0,1101.2451046318308,-11.245104631830827
164416,1270.0,1201.2372543640233,68.76274563597667
164420,1043.0,1099.1471623634766,-56.14716236347658
164435,775.0,712.1987335646062,62.80126643539381
164445,590.0,659.0958411993576,-69.09584119935755
164451,1380.0,1072.4950687896119,307.5049312103881
164477,800.0,1214.427637853889,-414.4276378538891
164516,1265.0,1164.3155949744607,100.68440502553926
164521,900.0,1101.3747037276946,-201.37470372769462
164533,1175.0,971.7473170365614,203.2526829634386
164539,839.0,766.0567315932285,72.9432684067715
164611,965.0,1151.3774219351826,-186.3774219351826
164629,1375.0,1109.1288490649658,265.87115093503417
164643,510.0,1237.6072638304004,-727.6072638304004
164684,1010.0,1145.3882401386518,-135.38824013865178
164688,770.0,695.1642107947144,74.83578920528555
164689,800.0,722.6262753115624,77.37372468843762
164696,970.0,1004.7468109084796,-34.746810908479574
164712,1055.0,1126.0400064881073,-71.04000648810734
164731,890.0,1083.6616929148595,-193.6616929148595
164747,1158.0,1202.6881477210495,-44.68814772104952
164757,885.0,1082.4677336759166,-197.46773367591663
164778,1015.0,694.6234412107628,320.37655878923715
164854,935.0,1162.9050962772924,-227.9050962772924
164930,1510.0,1238.6837039679158,271.3162960320842
164951,1260.0,1224.3597399606597,35.64026003934032
164965,1130.0,1128.2348134611245,1.7651865388754686
165077,1187.0,1130.3910939425866,56.60890605741338
165107,962.0,1064.8739526182878,-102.87395261828783
165115,745.0,709.8450618498086,35.154938150191356
165117,1035.0,1084.6566472749728,-49.656647274972784
165166,1155.0,1106.793345555624,48.206654444376
165234,990.0,1144.026310491711,-154.026310491711
165338,1241.0,1198.2216460084085,42.77835399159153
165378,487.0,683.2280810691796,-196.22808106917955
165424,975.0,1103.9220336130334,-128.92203361303336
165495,860.0,900.8154260191995,-40.81542601919955
165549,580.0,671.0578270477467,-91.05782704774674
165592,860.0,961.134982032849,-101.13498203284905
165597,1070.0,1187.204901239439,-117.2049012394391
165613,660.0,682.0746776708406,-22.07467767084063
165630,1110.0,1176.3568558850625,-66.35685588506249
165631,550.0,653.3149002844217,-103.3149002844217
165649,1090.0,1224.3842306932695,-134.3842306932695
165668,910.0,1249.8769812680637,-339.8769812680637
165694,780.0,693.7091209083349,86.29087909166515
165711,1310.0,1211.1699139554914,98.83008604450856
165725,1270.0,1183.198597260664,86.80140273933603
165726,950.0,1003.5805370351608,-53.58053703516077
165764,741.0,696.833844555884,44.16615544411604
165769,1070.0,1211.6018373639852,-141.60183736398517
165775,677.0,705.9540698761077,-28.954069876107724
165785,920.0,1027.2456531039475,-107.24565310394746
165843,1195.0,1125.9024402439857,69.09755975601433
165855,905.0,1089.0324554080469,-184.03245540804687
165894,345.0,671.3713709992692,-326.3713709992692
165986,505.0,639.7573449462402,-134.7573449462402
165993,890.0,1035.295209919689,-145.2952099196889
166015,1190.0,1188.7288615587725,1.2711384412275493
166027,1120.0,1121.5450376514102,-1.5450376514102118
166067,812.0,935.6607561258974,-123.66075612589736
166079,1056.0,1231.8831616277675,-175.88316162776755
166089,1310.0,1234.1053577902887,75.89464220971126
166140,871.0,1020.6040069241443,-149.6040069241443
166143,705.0,1009.6762181711215,-304.6762181711215
166151,1060.0,1103.4672961881627,-43.46729618816266
166227,1069.0,1037.7994078969164,31.200592103083636
166269,511.0,690.5383339216346,-179.5383339216346
166297,969.0,1122.5682378639183,-153.56823786391828
166299,1410.0,1235.4394179698686,174.5605820301314
166399,1091.0,1119.5652440599008,-28.565244059900806
166400,970.0,958.5118232578898,11.488176742110227
166406,771.0,977.2388051219804,-206.23880512198036
166429,1145.0,1036.6911758998365,108.30882410016352
166434,1078.0,1111.344009007887,-33.34400900788705
166437,1345.0,1185.9576055312577,159.04239446874226
166441,810.0,719.9245792028154,90.07542079718462
166568,900.0,1047.9477814950162,-147.94778149501622
166577,705.0,747.0829104716445,-42.08291047164448
166585,1185.0,1167.1377211445179,17.862278855482145
166612,820.0,970.9695680911038,-150.96956809110384
166625,785.0,967.083648167276,-182.083648167276
166667,569.0,595.2899315869713,-26.289931586971306
166747,710.0,696.5476946401521,13.452305359847855
166761,740.0,710.5767376439273,29.423262356072655
166781,815.0,730.6402768367395,84.35972316326047
166818,1160.0,1106.362220245815,53.637779754184976
166820,485.0,604.5442037512436,-119.54420375124357
166859,365.0,638.853257271182,-273.853257271182
166868,1030.0,1140.356016968504,-110.35601696850404
166876,1225.0,1208.0969094871075,16.903090512892504
166888,615.0,656.2848338913969,-41.28483389139694
166895,685.0,641.6314453665367,43.368554633463305
166907,726.0,608.582726939318,117.41727306068196
166919,830.0,903.2136241057444,-73.21362410574443
166926,680.0,692.4715705745161,-12.471570574516136
166932,970.0,1142.2867873763985,-172.28678737639848
166964,1120.0,1247.3924833083356,-127.39248330833561
166967,1190.0,1071.1807664363298,118.8192335636702
166974,860.0,1126.3862640273155,-266.3862640273155
166994,1000.0,1166.4420824556598,-166.44208245565983
167006,964.0,1116.8426620503496,-152.84266205034965
167011,1036.0,1142.3889593917206,-106.38895939172062
167076,1020.0,1172.0246949965137,-152.02469499651374
167081,1000.0,1168.8685087472786,-168.8685087472786
167091,1310.0,1257.9474317168779,52.05256828312213
167108,952.0,1146.6234613919046,-194.62346139190458
167124,710.0,682.2376624170637,27.76233758293631
167128,720.0,694.7537249188567,25.246275081143267
167141,610.0,676.9196991734016,-66.91969917340157
167224,1250.0,1077.8356673815658,172.16433261843417
167247,727.0,1184.2999549821538,-457.29995498215385
167272,1060.0,1112.2122441478969,-52.212244147896854
167293,749.0,948.254672699857,-199.254672699857
167312,667.0,620.9461355669127,46.053864433087256
167370,755.0,715.386046511446,39.61395348855399
167435,1276.0,1132.9303993713577,143.06960062864232
167476,810.0,1073.5824790430286,-263.58247904302857
167501,860.0,945.5617790149745,-85.56177901497449
167506,980.0,1150.0341723674426,-170.03417236744258
167519,715.0,675.8207386615667,39.17926133843332
167555,554.0,654.2960159403212,-100.29601594032124
167576,1175.0,1113.6960045589547,61.303995441045345
167605,1060.0,1234.0671613277611,-174.06716132776114
167631,950.0,1051.7879452032948,-101.78794520329484
167660,447.0,563.0688976991165,-116.06889769911652
167728,945.0,1147.8872168583,-202.8872168583
167754,1405.0,1217.8368344105504,187.1631655894496
167763,990.0,1110.9305855158332,-120.93058551583317
167766,1323.0,1208.1762187214442,114.82378127855577
167796,1041.0,1085.5912518875077,-44.591251887507724
167799,641.0,622.7069122601373,18.2930877398627
167862,975.0,1034.1168187967442,-59.116818796744155
167879,1160.0,1106.3336390312713,53.66636096872867
167887,1590.0,1146.697910962943,443.30208903705693
167922,725.0,1123.5038590206132,-398.50385902061316
167930,1245.0,1095.700653273996,149.29934672600393
167940,604.0,640.2456723101985,-36.24567231019853
168011,543.0,710.534459939437,-167.53445993943706
168026,655.0,671.7265555411948,-16.726555541194784
168031,1050.0,1001.383973528599,48.61602647140103
168046,635.0,699.9286874588958,-64.92868745889575
168054,1220.0,1226.6700809123508,-6.670080912350841
168098,1110.0,946.245572984454,163.75442701554596
168148,1020.0,1153.9601685302882,-133.96016853028823
168151,830.0,1023.789635349624,-193.78963534962395
168195,1047.0,1067.0537216825826,-20.05372168258259
168241,645.0,684.6752426352501,-39.67524263525013
168262,785.0,688.9349863571045,96.06501364289545
168265,475.0,654.9896509491355,-179.98965094913547
168308,1110.0,1079.517785356215,30.482214643785028
168324,740.0,717.8808956224027,22.119104377597296
168349,1190.0,1125.5255666723854,64.47443332761463
168403,1100.0,1218.0963723449358,-118.09637234493584
168428,1300.0,1182.6042378257307,117.3957621742693
168434,1325.0,1192.707170626228,132.29282937377207
168455,1050.0,1208.2303942649469,-158.23039426494688
168492,1275.0,1075.8848118517806,199.11518814821943
168524,540.0,725.4292505950758,-185.4292505950758
168621,1140.0,1177.7723023986023,-37.77230239860228
168636,667.0,676.8494967003577,-9.84949670035769
168641,677.0,643.5869938016718,33.41300619832816
168665,715.0,688.990322376792,26.00967762320795
168682,930.0,1102.7882866789041,-172.78828667890411
168754,675.0,715.285081563398,-40.285081563397966
168762,595.0,684.915802902641,-89.91580290264096
168768,583.0,630.8291004500202,-47.82910045002018
168783,705.0,684.0744763527181,20.92552364728192
168813,1163.0,1202.371360380229,-39.37136038022891
168815,1395.0,1210.8586156973406,184.1413843026594
168879,1185.0,1114.4171518938897,70.5828481061103
168887,1325.0,1249.1555628793662,75.84443712063376
168959,1000.0,1136.2325170416575,-136.2325170416575
168963,595.0,673.5186563929252,-78.51865639292521
169012,707.0,653.9689142025646,53.03108579743537
169085,778.0,974.5541214002623,-196.55412140026226
169110,776.0,1089.6670487244835,-313.6670487244835
169115,1390.0,1230.8006022025095,159.19939779749052
169208,1095.0,1206.582046112917,-111.58204611291694
169241,1544.0,1200.491125521206,343.50887447879404
169268,920.0,1038.6818346563923,-118.68183465639231
169353,658.0,716.012007314219,-58.01200731421898
169378,655.0,646.9860409240481,8.013959075951902
169474,1155.0,1123.0616333809717,31.93836661902833
169582,1210.0,1060.3723988640406,149.62760113595937
169668,609.0,701.0165934427204,-92.01659344272036
169682,820.0,718.670073781564,101.32992621843596
169691,700.0,731.3652754937608,-31.365275493760805
169710,1150.0,1144.7479645107196,5.252035489280388
169778,584.0,622.5582874087421,-38.5582874087421
169782,1285.0,1170.1425202582247,114.85747974177525
169802,1395.0,1245.7061992987524,149.29380070124762
169811,730.0,717.7324605808437,12.267539419156265
169822,1125.0,1006.3972806034392,118.60271939656081
169876,533.0,671.6607291357243,-138.6607291357243
169878,1310.0,1179.0361698540123,130.96383014598769
169912,940.0,1047.9477814950162,-107.94778149501622
169913,1290.0,1174.9101579493313,115.08984205066872
169940,870.0,1111.269967581785,-241.26996758178507
169990,1050.0,1127.2584533181,-77.25845331810001
170004,1125.0,1182.8328291857015,-57.832829185701485
170017,730.0,1022.1805021761932,-292.18050217619316
170038,584.0,712.1060219774872,-128.10602197748722
170056,730.0,656.3731577932897,73.62684220671031
170102,695.0,719.7695385026744,-24.769538502674436
170104,835.0,933.6010452505271,-98.60104525052714
170150,770.0,1019.0362439878529,-249.0362439878529
170164,1145.0,1106.2420217354813,38.75797826451867
170169,1200.0,1249.8049206237677,-49.80492062376766
170220,1323.0,1093.9089179224375,229.09108207756253
170222,570.0,655.4838438356393,-85.48384383563928
170224,925.0,1014.1326934465734,-89.1326934465734
170244,1540.0,1240.0984913221246,299.9015086778754
170245,930.0,1094.6011782779567,-164.6011782779567
170247,465.0,705.3658836906984,-240.3658836906984
170260,990.0,1065.696778031878,-75.69677803187801
170263,1380.0,1226.1270299487658,153.87297005123423
170313,970.0,1103.7959883624908,-133.7959883624908
170315,1207.0,1203.5729236287918,3.427076371208159
170321,935.0,1089.1699669427057,-154.16996694270574
170330,370.0,614.1721677171437,-244.17216771714368
170335,1000.0,709.860345944023,290.13965405597696
170340,560.0,620.0996122567927,-60.09961225679274
170409,1090.0,1198.4559025612393,-108.45590256123933
170437,1335.0,1238.9885750985245,96.0114249014755
170460,1120.0,1083.0013283191238,36.998671680876214
170472,567.0,686.5996973478692,-119.59969734786921
170531,1301.0,1149.119520155963,151.88047984403693
170595,885.0,1020.6296616808521,-135.6296616808521
170604,1036.0,1150.456001020001,-114.45600102000094
170730,725.0,668.7935514093666,56.206448590633386
170751,1030.0,1087.3083903470977,-57.30839034709766
170783,720.0,658.8039679434568,61.19603205654323
170789,565.0,666.6394063558998,-101.63940635589984
170833,992.0,1014.3418238731398,-22.341823873139788
170852,1340.0,1129.709798011929,210.29020198807098
170854,1050.0,976.1607612964759,73.83923870352407
170891,920.0,1052.320999100358,-132.320999100358
170903,1060.0,1068.1349498863551,-8.134949886355116
170911,955.0,1058.246015973032,-103.24601597303194
170918,1280.0,1084.9045303301789,195.0954696698211
170920,1180.0,1155.31042413028,24.6895758697201
170928,1115.0,1020.2345431617797,94.7654568382203
170936,1035.0,1222.5135833495217,-187.5135833495217
171012,900.0,1117.0090860627245,-217.00908606272446
171014,805.0,690.8117413539294,114.18825864607061
171036,1040.0,1143.5173496069974,-103.51734960699741
171049,600.0,671.6675166825617,-71.66751668256165
171068,1540.0,1243.3636419786717,296.6363580213283
171074,1000.0,1000.9818491942857,-0.9818491942857008
171075,1090.0,1066.1693615401744,23.83063845982565
171093,665.0,676.2052274270986,-11.205227427098635
171122,1015.0,1020.6296616808521,-5.629661680852109
171244,1215.0,1233.2419653383922,-18.24196533839222
171283,1036.0,1178.1678527538868,-142.1678527538868
171345,795.0,718.0879837706193,76.9120162293807
171360,575.0,645.4410718946037,-70.44107189460374
171409,620.0,708.8248163409522,-88.82481634095222
171410,673.0,641.5685768256844,31.43142317431557
171416,1080.0,1173.8531873945599,-93.85318739455988
171467,710.0,993.2729087718632,-283.2729087718632
171501,895.0,946.5467393157959,-51.54673931579589
171504,840.0,690.1726082906603,149.82739170933974
171514,1117.0,1142.3016456557227,-25.301645655722723
171525,645.0,696.9490310286376,-51.94903102863759
171594,889.0,1019.5413549864039,-130.54135498640392
171622,1071.0,1084.3585138295607,-13.358513829560707
171634,780.0,717.4381953250793,62.56180467492072
171639,860.0,699.2247535316108,160.77524646838924
171645,1320.0,1210.8893363341078,109.11066366589216
171694,500.0,716.5753067497577,-216.57530674975771
171765,1208.0,1178.7183106677853,29.281689332214683
171806,1270.0,1126.5189003250423,143.4810996749577
171817,1190.0,1195.363096131068,-5.363096131068005
171818,1120.0,1140.0127473957964,-20.012747395796396
171857,1070.0,1150.309876219927,-80.30987621992699
171895,785.0,714.4340651333713,70.56593486662871
171907,735.0,718.2738523744719,16.726147625528142
171947,1485.0,1259.2877439796112,225.71225602038885
171953,1430.0,1199.7617972149856,230.23820278501444
171976,1100.0,961.5432672798911,138.4567327201089
172012,804.0,1119.7124499678318,-315.71244996783184
172026,606.0,703.5354969230532,-97.53549692305319
172107,1035.0,1063.4050111797358,-28.405011179735766
172118,1130.0,1173.1310119998095,-43.131011999809516
172228,845.0,987.7736873801175,-142.7736873801175
172240,955.0,1167.9770743291003,-212.97707432910033
172271,1060.0,1035.295209919689,24.704790080311113
172299,990.0,1149.6688216100356,-159.6688216100356
172311,310.0,633.4216577121049,-323.4216577121049
172315,1135.0,1060.9106349240933,74.0893650759067
172323,910.0,1062.1438418496195,-152.14384184961955
172342,1170.0,1185.7896029604037,-15.789602960403727
172360,1130.0,1089.8175950769394,40.18240492306063
172368,1395.0,1173.4071164398274,221.5928835601726
172380,1125.0,1139.5816200511392,-14.581620051139225
172386,1205.0,1168.678995154463,36.32100484553689
172405,1000.0,1168.5626493562397,-168.56264935623972
172411,585.0,576.6546365641117,8.345363435888316
172412,455.0,666.6185402553142,-211.6185402553142
172417,816.0,947.7355353455487,-131.73553534554867
172437,960.0,1203.055916774687,-243.05591677468692
172539,1086.0,1169.4387464122465,-83.43874641224647
172568,640.0,664.5070715717006,-24.507071571700635
172650,835.0,710.0072556613918,124.99274433860819
172663,1115.0,1036.3182032908555,78.68179670914446
172702,620.0,614.8559220147131,5.144077985286913
172718,975.0,1027.8578526676738,-52.8578526676738
172839,1165.0,1121.5252062225795,43.47479377742047
172885,732.0,915.53103816741,-183.53103816740997
172932,860.0,1145.2375162308672,-285.2375162308672
172949,675.0,649.6734142951432,25.326585704856825
172971,1375.0,1151.697354116398,223.30264588360205
172985,940.0,1182.988264162356,-242.98826416235602
173018,1145.0,1152.6535505689637,-7.6535505689637375
173026,570.0,643.7099863996881,-73.70998639968809
173032,950.0,745.5894483501241,204.41055164987586
173097,630.0,685.5745922861881,-55.574592286188135
173133,965.0,1046.4746374800163,-81.47463748001633
173142,1015.0,721.6155016615392,293.38449833846084
173151,1230.0,1036.2710273179812,193.72897268201882
173215,1170.0,1028.8089336085236,141.1910663914764
173221,992.0,963.1444132019103,28.85558679808969
173237,985.0,1112.4268416531033,-127.42684165310334
173247,1210.0,1160.131896035929,49.868103964071
173311,1290.0,1191.6214367422028,98.37856325779717
173314,1020.0,1125.0001799638098,-105.00017996380984
173373,615.0,678.924339174597,-63.92433917459698
173390,630.0,636.3694346960172,-6.3694346960171515
173410,1205.0,1199.3464258021634,5.653574197836633
173422,1410.0,1245.0386924791146,164.96130752088538
173463,585.0,632.6296619227408,-47.62966192274075
173483,790.0,709.1958740054274,80.80412599457259
173487,550.0,683.6968085392294,-133.69680853922944
173540,990.0,1042.6153725027343,-52.61537250273432
173557,970.0,987.6833477058872,-17.683347705887172
173559,450.0,705.4242828032948,-255.42428280329477
173609,1055.0,1060.2979763281808,-5.297976328180766
173613,678.0,652.2177969934988,25.782203006501163
173615,1095.0,1135.2697228057743,-40.269722805774336
173660,1121.0,1255.3620179293173,-134.3620179293173
173674,904.0,1027.4372518923174,-123.43725189231736
173802,1003.0,1062.6169669102535,-59.616966910253495
173849,1151.0,1104.3572988052674,46.64270119473258
173853,850.0,1124.5758029330545,-274.57580293305455
173871,1100.0,1217.2610822766103,-117.2610822766103
173872,650.0,696.1337201934438,-46.133720193443764
173891,1301.0,1216.9206804043781,84.07931959562188
173977,730.0,916.246494667947,-186.246494667947
173994,975.0,1078.0832701542902,-103.08327015429018
174069,1175.0,1050.776978989016,124.22302101098398
174101,742.0,667.5178117413623,74.48218825863773
174146,1145.0,1112.9475013531035,32.05249864689654
174162,1031.0,1188.2238737524513,-157.22387375245125
174182,1105.0,1146.8633012846797,-41.863301284679665
174183,1080.0,1142.358264314116,-62.35826431411601
174206,590.0,669.3158939339903,-79.31589393399031
174239,1487.0,1211.22108102304,275.7789189769601
174360,950.0,1018.528984411613,-68.52898441161301
174384,1290.0,1154.3208202448116,135.67917975518844
174415,1212.0,985.477921634549,226.52207836545097
174430,1080.0,1198.323621908683,-118.32362190868298
174439,950.0,946.1635627645754,3.836437235424569
174452,1210.0,962.7267472258084,247.27325277419163
174460,1091.0,1033.8102471063903,57.18975289360969
174474,815.0,695.8594480023056,119.14055199769439
174521,733.0,601.0104406906423,131.98955930935767
174527,1372.0,1057.5941154055695,314.4058845944305
174546,980.0,961.579118345163,18.42088165483699
174575,980.0,1060.6244579279746,-80.62445792797462
174586,1136.0,942.1607309327533,193.83926906724673
174629,1085.0,1190.6328750453597,-105.6328750453597
174630,636.0,706.1035859803567,-70.10358598035668
174643,1252.0,1115.3199913431067,136.68000865689328
174670,1257.0,1062.3834872788402,194.61651272115978
174699,900.0,1064.2143042953642,-164.21430429536417
174707,1021.0,1158.3562795896096,-137.35627958960958
174816,1036.0,1130.468150988571,-94.4681509885711
174890,716.0,971.1956847113969,-255.1956847113969
174925,1140.0,1033.899017121021,106.10098287897904
174984,980.0,1009.9324737698809,-29.932473769880858
175010,885.0,1001.0010966085667,-116.00109660856674
175037,1070.0,1138.3731304898079,-68.37313048980786
175038,886.0,696.8181484586295,189.18185154137052
175062,1250.0,1125.3402739835153,124.65972601648468
175093,1240.0,1095.2286230440739,144.77137695592614
175099,870.0,1012.070780255757,-142.07078025575697
175100,1480.0,1225.1686369692109,254.83136303078913
175186,630.0,684.5200792002656,-54.52007920026563
175217,680.0,646.4677096599999,33.532290340000145
175323,1310.0,1177.407592046454,132.59240795354594
175417,1070.0,1050.397569806618,19.602430193381906
175439,930.0,699.5418231889114,230.4581768110886
175533,1405.0,1291.6228091868093,113.37719081319074
175541,1310.0,1119.9245015470283,190.07549845297171
175750,1171.0,1144.1657372055101,26.83426279448986
175779,1625.0,1200.0681794085278,424.93182059147216
175785,1095.0,1046.5323256137412,48.46767438625875
175877,490.0,639.4783763640372,-149.47837636403722
175892,935.0,1064.2143042953642,-129.21430429536417
175902,800.0,703.1819546743327,96.8180453256673
175920,710.0,736.0100268880666,-26.01002688806659
175930,965.0,705.0383611889625,259.96163881103746
175975,952.0,1161.5706924966837,-209.5706924966837
175976,655.0,708.4943172829705,-53.49431728297054
176037,776.0,697.4708856267346,78.52911437326543
176123,1255.0,1195.5858140314601,59.41418596853987
176130,920.0,1077.463892542896,-157.46389254289602
176169,507.0,559.9509414580806,-52.95094145808059
176210,1010.0,1227.400787605527,-217.40078760552706
176211,546.0,718.8562904228623,-172.85629042286234
176223,1070.0,1230.405292724816,-160.40529272481604
176272,1160.0,994.5233788942754,165.47662110572458
176288,970.0,1032.3860670911301,-62.386067091130144
176358,950.0,1065.9849436901961,-115.98494369019613
176361,935.0,737.7544399988545,197.24556000114546
176373,1198.0,1107.0990347971697,90.90096520283032
176417,1090.0,1178.6554092296726,-88.65540922967261
176437,1210.0,1224.3278045285062,-14.327804528506249
176475,996.0,1232.8799472169062,-236.8799472169062
176477,1005.0,1018.2680124550435,-13.268012455043504
176489,800.0,901.7767213760999,-101.77672137609989
176556,940.0,1145.6213714090015,-205.62137140900154
176648,981.0,1046.7651770979733,-65.76517709797326
176707,745.0,675.0922849217333,69.90771507826673
176742,1255.0,1087.3556107370673,167.6443892629327
176851,583.0,695.9930961594804,-112.99309615948039
176870,1378.0,1206.6707869114566,171.32921308854338
176880,661.0,692.8754881762815,-31.875488176281465
176892,1080.0,1227.4111424372634,-147.41114243726338
176930,999.0,1099.6813362897608,-100.6813362897608
176960,926.0,958.4036715288017,-32.40367152880174
177085,954.0,1239.9219518826449,-285.92195188264486
177118,795.0,1003.6550818045798,-208.65508180457982
177123,1220.0,1174.3907357251578,45.60926427484219
177200,1024.0,1154.9934949445935,-130.99349494459352
177201,825.0,722.4638911438446,102.53610885615535
177204,407.0,637.5002145118726,-230.50021451187263
177257,975.0,1171.4120010953202,-196.4120010953202
177302,1000.0,1085.3403327522897,-85.34033275228967
177322,950.0,1106.9477714611605,-156.94777146116053
177325,1060.0,1227.6243023607897,-167.62430236078967
177378,1090.0,1183.217582567547,-93.21758256754697
177413,705.0,677.3316792072811,27.668320792718873
177441,1290.0,1062.186921880506,227.8130781194941
177478,770.0,994.6779583920217,-224.67795839202165
177521,1135.0,1088.0086393995969,46.99136060040314
177604,895.0,962.6134367884795,-67.61343678847948
177630,935.0,968.6214145129633,-33.62141451296327
177635,1091.0,1003.8207319618933,87.17926803810667
177762,1150.0,1249.4045220485734,-99.40452204857343
177786,1160.0,1104.2114016574303,55.788598342569685
177821,1040.0,1176.8872177158385,-136.88721771583846
177828,908.0,701.886001834174,206.11399816582605
177839,1205.0,1116.4740818127593,88.52591818724068
177858,420.0,698.7435925074519,-278.7435925074519
177872,645.0,697.3000912102387,-52.30009121023875
177915,1505.0,1201.3228174947153,303.6771825052847
177942,1320.0,1139.3364298710344,180.6635701289656
177944,1255.0,1194.5656925856365,60.4343074143635
177960,612.0,650.423889746913,-38.423889746913005
178078,935.0,718.3119465273518,216.68805347264822
178113,930.0,941.8826582331318,-11.882658233131792
178114,555.0,691.1661683431273,-136.1661683431273
178135,760.0,634.8004158447569,125.19958415524309
178153,770.0,687.0099493244426,82.99005067555743
178175,871.0,1169.106557617917,-298.1065576179169
178198,1325.0,1219.026598203433,105.97340179656703
178295,845.0,1110.3509724579835,-265.3509724579835
178314,936.0,1179.4647736409727,-243.46477364097268
178321,760.0,701.0630430706711,58.93695692932886
178337,965.0,976.5417164032946,-11.541716403294572
178344,955.0,914.1394644772311,40.86053552276894
178357,642.0,603.4650591260993,38.53494087390072
178422,576.0,722.947290369591,-146.94729036959097
178497,641.0,641.6283768656515,-0.6283768656514894
178502,1150.0,1124.5751164030992,25.424883596900827
178511,1065.0,1111.0551347398139,-46.055134739813866
178515,1105.0,1096.3286699925848,8.671330007415236
178521,1425.0,1198.3828164075667,226.61718359243332
178529,930.0,982.9107562983585,-52.91075629835848
178571,825.0,718.7949066102505,106.20509338974955
178583,1305.0,1021.861242185434,283.138757814566
178589,655.0,683.6160149257396,-28.61601492573959
178648,830.0,1059.4808099325696,-229.48080993256963
178660,1105.0,1055.3480196119383,49.6519803880617
178694,860.0,1110.5432580573463,-250.5432580573463
178749,1050.0,1125.0383312641957,-75.03833126419568
178787,1150.0,1004.6276300648698,145.37236993513022
178824,830.0,689.3457364962665,140.65426350373355
178825,1330.0,1256.0039120531485,73.9960879468515
178874,849.0,720.7728381385214,128.22716186147863
178933,1058.0,1069.3990665643605,-11.39906656436051
178971,1305.0,1163.9386744435799,141.06132555642012
178979,1539.0,1261.664126960507,277.335873039493
179019,1450.0,1227.9768717262552,222.02312827374476
179043,1230.0,1183.5372200776262,46.462779922373784
179097,605.0,634.1771391356906,-29.177139135690595
179107,635.0,689.3457364962665,-54.345736496266454
179160,770.0,1136.2338272359154,-366.23382723591544
179192,775.0,735.8675365081507,39.13246349184931
179216,1125.0,1213.297897131796,-88.29789713179593
179258,1565.0,1187.9308521511145,377.06914784888545
179270,1035.0,1204.1545399685417,-169.1545399685417
179275,870.0,1048.8877492947124,-178.88774929471242
179276,1020.0,973.4707524729977,46.529247527002326
179304,1175.0,1220.0912875073795,-45.09128750737955
179311,680.0,1045.8326462797186,-365.8326462797186
179376,955.0,1190.7033367916144,-235.70333679161445
179435,1125.0,1252.9682119395886,-127.96821193958863
179467,510.0,632.7323501458197,-122.73235014581974
179493,680.0,719.5806944705204,-39.58069447052037
179560,749.0,956.0169802590462,-207.01698025904625
179607,555.0,693.7163650398448,-138.71636503984485
179621,667.0,730.5891401505002,-63.58914015050016
179633,690.0,905.351066291645,-215.351066291645
179656,1170.0,1205.7822689311588,-35.7822689311588
179675,535.0,605.1427358976556,-70.1427358976556
179701,1155.0,1202.0868124529761,-47.08681245297612
179714,1075.0,1041.7992315172994,33.200768482700596
179753,1085.0,1150.94667972175,-65.94667972174989
179778,1020.0,1141.5817108936028,-121.5817108936028
179812,450.0,694.236577345802,-244.23657734580195
179819,760.0,1119.7120004900896,-359.7120004900896
179824,992.0,1120.6841942220601,-128.6841942220601
179888,670.0,1166.007136960341,-496.0071369603411
179921,743.0,589.6478958703344,153.35210412966558
179939,835.0,723.7395653880309,111.26043461196912
179945,1360.0,1075.8435024847174,284.1564975152826
179963,905.0,894.7412227570622,10.258777242937754
179973,355.0,592.8545438200312,-237.85454382003115
179994,815.0,680.836847582121,134.16315241787902
180040,675.0,680.7377925018445,-5.737792501844524
180071,880.0,734.9187120117308,145.0812879882692
180121,860.0,1143.1534084445577,-283.1534084445577
180137,785.0,981.3897835317496,-196.38978353174957
180180,1055.0,1107.6300678247455,-52.63006782474554
180202,1260.0,1038.8498561560646,221.15014384393544
180218,480.0,623.9793614394838,-143.9793614394838
180233,620.0,604.088758489106,15.911241510894001
180270,1385.0,1256.6830004274434,128.3169995725566
180303,750.0,671.3177909088871,78.6822090911129
180340,1058.0,1096.1765678095355,-38.17656780953553
180360,1045.0,1128.4520700456967,-83.4520700456967
180418,695.0,648.2291356667954,46.7708643332046
180429,980.0,731.1473894886867,248.8526105113133
180467,1060.0,1166.645840143229,-106.64584014322895
180470,1102.0,1137.5031511062002,-35.50315110620022
180516,1265.0,1147.3818951155572,117.6181048844428
180594,1190.0,968.0401260826793,221.9598739173207
180597,1135.0,1055.696116203493,79.30388379650708
180614,755.0,943.1756210268667,-188.17562102686668
180617,1185.0,1252.7833078949657,-67.78330789496567
180626,600.0,668.2920878452996,-68.29208784529965
180627,1215.0,1100.5047079769874,114.49529202301255
180635,758.0,728.6342671203768,29.365732879623238
180637,1045.0,1142.8765003450367,-97.87650034503667
180672,1385.0,1150.7071791664537,234.29282083354633
180686,970.0,1169.149176155979,-199.14917615597892
180711,770.0,732.5380469062678,37.46195309373218
180720,700.0,696.0892559517677,3.9107440482323454
180757,877.0,680.7333815650605,196.26661843493946
180851,935.0,1053.6681532131724,-118.66815321317245
180860,1135.0,1233.868778930041,-98.86877893004089
180916,800.0,1041.665745828129,-241.66574582812905
180923,760.0,691.8290453427802,68.1709546572198
180980,1170.0,1050.2363232226828,119.76367677731719
180990,1220.0,1237.4143655932655,-17.41436559326553
181010,1255.0,1147.8843672154783,107.11563278452172
181016,850.0,1008.7533925999714,-158.75339259997145
181022,1305.0,1174.0203619860063,130.97963801399374
181076,1095.0,1134.4155434107763,-39.41554341077631
181078,600.0,700.9731369035195,-100.9731369035195
181097,730.0,646.6545724335585,83.34542756644146
181130,735.0,778.5988442952618,-43.598844295261756
181146,1095.0,1048.2784786570967,46.721521342903316
181179,1035.0,1090.8685170569483,-55.86851705694835
181212,1365.0,1211.5597252894765,153.44027471052345
181221,990.0,981.305066894463,8.694933105536961
181249,1030.0,1103.1158707997358,-73.11587079973583
181282,1170.0,1237.9164754449766,-67.91647544497664
181299,430.0,700.0149959831012,-270.01499598310124
181319,1055.0,1196.2452516043672,-141.24525160436724
181324,700.0,692.3753682911126,7.624631708887364
181327,790.0,978.4319894212958,-188.43198942129584
181339,665.0,641.1350779544407,23.864922045559297
181402,860.0,1009.4929344797415,-149.4929344797415
181403,693.0,614.416828209865,78.583171790135
181419,1180.0,1126.2736572107617,53.72634278923829
181450,517.0,680.0780003179925,-163.07800031799252
181474,1055.0,1020.6886283338297,34.31137166617032
181557,1090.0,1031.4437515351792,58.55624846482078
181579,985.0,1045.7562981926496,-60.75629819264964
181621,745.0,720.2916432003459,24.708356799654098
181652,1400.0,1241.436113216309,158.56388678369103
181667,970.0,1189.5423762418227,-219.5423762418227
181675,1250.0,1157.3243779937586,92.67562200624138
181677,420.0,654.7101262733916,-234.71012627339155
181705,615.0,727.3957094432661,-112.39570944326613
181718,780.0,687.1240166059791,92.87598339402086
181750,615.0,705.1035985024263,-90.10359850242628
181767,560.0,1010.9833642193037,-450.98336421930367
181785,990.0,1124.6088852821465,-134.6088852821465
181791,1350.0,1251.3450018685933,98.65499813140673
181838,1220.0,1102.4399518521857,117.56004814781431
181910,711.0,706.0526667201008,4.947333279899226
181942,1050.0,1009.1161888116891,40.883811188310915
181948,805.0,957.9380588077662,-152.9380588077662
181969,677.0,681.9079093432497,-4.907909343249685
181974,551.0,677.7860597767219,-126.78605977672191
181986,1130.0,1195.1165728763274,-65.11657287632738
182073,860.0,1020.1135374354255,-160.11353743542554
182167,624.0,639.2386273716623,-15.238627371662346
182232,1205.0,1196.4947717187842,8.50522828121575
182239,1350.0,1228.172469419372,121.82753058062804
182264,1172.0,982.4332749605622,189.56672503943776
182336,1014.0,1097.8908668457416,-83.89086684574158
182360,1113.0,1186.343214626495,-73.34321462649496
182407,1212.0,1000.9674083225644,211.03259167743556
182420,762.0,626.4067084884831,135.5932915115169
182432,1240.0,1145.0002549190315,94.99974508096852
182435,1120.0,1190.0457260295177,-70.04572602951771
182439,915.0,1177.530442742546,-262.53044274254603
182457,585.0,661.5794903708951,-76.57949037089509
182485,860.0,948.8639965970992,-88.86399659709923
182538,990.0,1050.0329129144404,-60.03291291444043
182540,1025.0,979.3964078360992,45.60359216390077
182557,1003.0,1252.6868391884102,-249.6868391884102
182603,1120.0,1104.553792802827,15.446207197172953
182609,1265.0,1178.975892806797,86.02410719320301
182622,465.0,612.2310838015956,-147.23108380159556
182631,1200.0,1044.027752274463,155.97224772553704
182676,790.0,708.0084578358494,81.99154216415059
182678,715.0,694.2540944509134,20.745905549086615
182706,1005.0,1182.4552107169027,-177.45521071690268
182714,1255.0,1063.6478479377492,191.35215206225075
182721,1091.0,1140.7602366801484,-49.76023668014841
182746,675.0,699.1465529974319,-24.146552997431854
182771,845.0,682.1529883792231,162.84701162077693
182782,1145.0,1201.4269015107323,-56.42690151073225
182816,1270.0,1256.7322856327335,13.267714367266535
182849,1125.0,1063.0680425752962,61.931957424703796
182877,920.0,963.7526161447444,-43.752616144744366
182884,1025.0,1069.1838117635302,-44.18381176353023
182909,530.0,635.9425780803299,-105.9425780803299
182958,1320.0,1173.1547670643558,146.84523293564416
183000,487.0,632.0589812988859,-145.0589812988859
183017,730.0,701.5290410434561,28.470958956543882
183049,1015.0,1112.5947728400486,-97.59477284004856
183117,580.0,632.7643390573429,-52.76433905734291
183168,935.0,1212.9464493196347,-277.94644931963467
183302,20.0,1063.7240017864117,-1043.7240017864117
183331,1260.0,1239.0102387979248,20.989761202075215
183358,1010.0,1008.0115342125896,1.988465787410405
183362,715.0,715.7663399152037,-0.76633991520373
183408,1130.0,1065.696778031878,64.30322196812199
183420,760.0,677.3565964184637,82.64340358153629
183424,1100.0,1227.1900399024926,-127.19003990249257
183505,735.0,638.1848121988238,96.8151878011762
183565,1405.0,1291.2645271540578,113.73547284594224
183635,840.0,1044.4353659153892,-204.43536591538918
183638,705.0,683.3229228754492,21.677077124550806
183651,1280.0,1220.334978132112,59.66502186788807
183657,1120.0,1085.5881748062927,34.41182519370727
183660,420.0,641.3591052777836,-221.35910527778356
183675,932.0,719.0711737392278,212.9288262607722
183677,800.0,1046.4225135018364,-246.42251350183642
183686,635.0,655.9603203234717,-20.960320323471706
183687,770.0,702.1101459227067,67.88985407729331
183712,640.0,689.1671368857226,-49.167136885722584
183715,1195.0,1242.0612823673061,-47.06128236730615
183717,1310.0,1268.5389272716793,41.46107272832069
183729,455.0,700.5739132519243,-245.5739132519243
183741,962.0,1038.9531707109466,-76.95317071094655
183809,770.0,728.759078610429,41.240921389570985
183817,1275.0,1262.7653717384353,12.234628261564694
183847,1070.0,1208.5346981116388,-138.53469811163882
183863,626.0,685.5026934421089,-59.50269344210892
183886,620.0,710.5422305206567,-90.54223052065674
183888,735.0,689.0124753357863,45.98752466421365
183890,1070.0,1153.6784075688433,-83.67840756884334
183916,1140.0,1084.6248623157924,55.37513768420763
183930,1350.0,1151.9455841382403,198.0544158617597
183931,996.0,982.2483891844462,13.751610815553818
183961,730.0,682.5714303019944,47.42856969800562
184011,590.0,667.8695917241223,-77.8695917241223
184023,1070.0,1219.4833269922012,-149.48332699220123
184052,600.0,612.835811998678,-12.835811998677968
184062,790.0,1047.6854008255239,-257.68540082552386
184080,855.0,721.4795186531835,133.5204813468165
184087,782.0,680.339663643158,101.66033635684198
184115,545.0,641.9881879238359,-96.98818792383588
184142,700.0,716.1955104396328,-16.195510439632812
184218,1320.0,1242.1904207699563,77.80957923004371
184241,855.0,705.543854292959,149.45614570704095
184284,1058.0,1063.4102190220656,-5.410219022065576
184288,1540.0,1222.0853399780003,317.9146600219997
184333,925.0,1184.4586577096316,-259.45865770963155
184506,1375.0,1219.909505013499,155.09049498650097
184523,1120.0,1156.561114740481,-36.56111474048089
184538,660.0,627.2840707477715,32.715929252228534
184639,613.0,678.747543557615,-65.74754355761502
184694,1150.0,1164.219157089702,-14.219157089702094
184716,1365.0,1110.611910502781,254.38808949721897
184719,990.0,1092.7372853906302,-102.73728539063018
184784,1115.0,1243.1767968306056,-128.17679683060555
184820,1120.0,1181.2941426135515,-61.29414261355146
184849,1435.0,1228.5852242795067,206.41477572049325
184867,1285.0,1166.646125885377,118.35387411462307
184888,1410.0,1240.8310684351004,169.1689315648996
184908,974.0,1060.900636129013,-86.90063612901304
184931,975.0,977.4179235405212,-2.417923540521201
184948,725.0,699.8498113963302,25.15018860366979
185019,880.0,931.3214391211391,-51.321439121139065
185071,1220.0,1165.3305816802256,54.66941831977442
185092,1400.0,1224.0681894820355,175.93181051796455
185172,1320.0,1228.4644704623136,91.53552953768644
185216,1115.0,1188.869570848946,-73.86957084894607
185240,1182.0,1123.481263205281,58.51873679471896
185300,1035.0,1183.8772157996996,-148.87721579969957
185314,750.0,666.957983169802,83.04201683019801
185391,635.0,670.8312845108743,-35.8312845108743
185452,538.0,676.2228279559909,-138.22282795599085
185472,980.0,1147.740113949235,-167.7401139492349
185563,1285.0,1154.1499467968536,130.85005320314644
185576,1180.0,1213.2973715798566,-33.297371579856645
185582,1600.0,1196.6575471609638,403.34245283903624
185585,1020.0,956.8107756416252,63.18922435837476
185588,1141.0,1046.2778944142553,94.72210558574466
185591,910.0,1042.2210620127473,-132.22106201274732
185643,1355.0,1149.6688216100356,205.3311783899644
185701,905.0,1050.8076805019293,-145.80768050192933
185736,935.0,978.8550243353134,-43.855024335313374
185794,1240.0,1106.6896886685647,133.3103113314353
185831,1010.0,1152.1341617303617,-142.1341617303617
185845,1265.0,1154.3205957160612,110.67940428393877
185850,840.0,1200.2542669825077,-360.2542669825077
185862,1405.0,1225.7255508070414,179.27444919295863
185959,990.0,1045.4787216882194,-55.478721688219366
185979,596.0,668.8026679380405,-72.80266793804049
186007,850.0,1032.267878175386,-182.26787817538593
186034,753.0,1111.5642097353823,-358.5642097353823
186063,455.0,712.0575445787597,-257.0575445787597
186089,675.0,934.7186636119206,-259.71866361192065
186098,930.0,1222.9809243179757,-292.9809243179757
186172,560.0,691.9445945119867,-131.94459451198668
186247,1185.0,1099.5123118895126,85.4876881104874
186340,715.0,687.3856577376703,27.61434226232973
186392,900.0,1001.4623962937766,-101.46239629377658
186412,970.0,1089.6059856906813,-119.60598569068134
186417,1181.0,1127.787264097996,53.21273590200394
186449,1005.0,1187.673286267503,-182.67328626750304
186487,810.0,702.1004472992421,107.89955270075791
186537,740.0,630.487669479017,109.51233052098303
186545,680.0,725.8158222824923,-45.81582228249226
186557,1230.0,1222.4623996694952,7.537600330504802
186562,1410.0,1137.1669107870703,272.83308921292974
186572,735.0,731.5298306175952,3.4701693824048334
186589,980.0,1014.1326934465734,-34.1326934465734
186591,740.0,659.4659766573325,80.53402334266752
186642,404.0,693.1429616752135,-289.14296167521354
186682,1200.0,1135.9759327610468,64.0240672389532
186705,1065.0,1123.6934484918645,-58.6934484918645
186724,1350.0,1181.2941426135515,168.70585738644854
186730,1415.0,1183.7597273088757,231.24027269112435
186737,1195.0,1233.3951971119075,-38.395197111907464
186743,1250.0,1182.8511062287378,67.14889377126224
186784,1580.0,1160.9779395463613,419.0220604536387
186803,1000.0,1160.8614723740516,-160.86147237405157
186809,1425.0,1064.5478424093833,360.4521575906167
186880,985.0,746.6820265757497,238.31797342425034
186907,1240.0,1054.313648361769,185.68635163823092
186936,580.0,712.2366077546371,-132.23660775463713
187019,1245.0,1213.4952879823243,31.50471201767573
187039,1145.0,1223.2749586316165,-78.27495863161653
187044,1295.0,1203.166640015077,91.83335998492294
187050,808.0,629.3471042710928,178.6528957289072
187075,1280.0,1125.370070412316,154.62992958768405
187139,1205.0,1127.15349044517,77.84650955482994
187144,1070.0,1071.7042644594053,-1.7042644594052945
187166,595.0,735.4381306122542,-140.4381306122542
187168,1220.0,1187.7131798308153,32.28682016918469
187268,563.0,661.5246452301196,-98.52464523011963
187362,699.0,679.633398280779,19.366601719220967
187372,1025.0,1013.4041667657984,11.595833234201564
187381,1380.0,1215.7077557354069,164.29224426459314
187385,695.0,703.208150259239,-8.208150259239005
187391,1055.0,1042.9682461444881,12.031753855511852
187466,1400.0,1230.5014913182904,169.4985086817096
187519,1000.0,1139.186073354487,-139.186073354487
187568,440.0,1192.1997000178753,-752.1997000178753
187584,1260.0,1212.2772597323774,47.72274026762261
187585,720.0,713.0924706536359,6.907529346364072
187589,700.0,644.7830214435758,55.21697855642424
187670,669.0,653.4240837059461,15.575916294053854
187685,670.0,741.6504376275539,-71.65043762755386
187733,580.0,662.7691740762123,-82.76917407621227
187754,1455.0,1243.7249414759765,211.2750585240235
187841,712.0,653.6591105666791,58.340889433320854
187852,550.0,647.251845891804,-97.25184589180401
187874,1380.0,1242.1545360800105,137.84546391998947
187884,1280.0,1230.082443948245,49.9175560517549
187886,690.0,1140.4102053543916,-450.41020535439156
187889,520.0,632.7224729336482,-112.72247293364819
187909,1335.0,1192.9668378472584,142.03316215274162
187925,835.0,1018.6630318128886,-183.66303181288856
187958,1070.0,1100.1538697675483,-30.153869767548258
187985,355.0,675.0095530415055,-320.00955304150546
187998,817.0,664.7921375962455,152.20786240375446
188020,1040.0,1073.0525662703267,-33.05256627032668
188036,1035.0,973.4176462536265,61.58235374637354
188092,1180.0,1075.8318588388177,104.16814116118235
188171,1325.0,1137.6207505765747,187.37924942342534
188176,573.0,643.6393146646121,-70.63931466461213
188195,1365.0,1213.6398334475548,151.3601665524452
188207,510.0,609.6094191883674,-99.60941918836738
188227,983.0,986.242545205333,-3.2425452053330446
188253,570.0,692.6193018842739,-122.61930188427391
188316,955.0,1121.6679469871017,-166.6679469871017
188329,1246.0,1190.7159479060656,55.284052093934406
188331,794.0,712.7955138153181,81.20448618468185
188367,585.0,691.9932483326917,-106.99324833269168
188387,570.0,709.7248558089238,-139.72485580892385
188419,1180.0,1080.9496294538276,99.05037054617242
188420,675.0,958.9098761972056,-283.90987619720556
188483,1050.0,1250.0777894575206,-200.07778945752057
188494,695.0,623.2351931598159,71.76480684018406
188697,880.0,1193.0501050278683,-313.0501050278683
188726,655.0,697.5799127913987,-42.57991279139867
188752,1320.0,1188.595000275613,131.40499972438693
188757,970.0,1093.234742097063,-123.23474209706296
188759,1380.0,1246.0160711381277,133.9839288618723
188781,1467.0,1201.1766728842986,265.82332711570143
188782,1300.0,1051.1511582744495,248.84884172555053
188825,1100.0,1121.8575306476048,-21.85753064760479
188839,640.0,635.9894286689865,4.010571331013466
188859,680.0,646.9311106175219,33.06888938247812
188862,635.0,720.6274412931722,-85.62744129317218
188888,1010.0,1097.0715673722066,-87.07156737220657
188903,1070.0,1148.2548721768164,-78.25487217681643
188915,450.0,702.7724519655827,-252.77245196558272
188941,1186.0,1037.7181736008931,148.28182639910688
188952,1170.0,1088.721468579154,81.2785314208461
188961,655.0,712.7393558808367,-57.73935588083668
189024,1115.0,1096.9795627546698,18.020437245330186
189060,500.0,616.0925998470179,-116.09259984701794
189073,613.0,698.8272768372848,-85.82727683728478
189089,1030.0,1062.0295353485114,-32.029535348511445
189153,1005.0,1056.266847144132,-51.26684714413204
189191,605.0,607.9696686922116,-2.9696686922115987
189347,900.0,1006.1050123296945,-106.10501232969455
189447,505.0,662.2140604255536,-157.2140604255536
189458,1140.0,1226.6669229561949,-86.66692295619487
189511,1065.0,1150.7104608676193,-85.7104608676193
189525,950.0,1159.3268345719764,-209.3268345719764
189545,925.0,1064.5478424093833,-139.5478424093833
189559,960.0,1077.8322736089951,-117.83227360899514
189583,1045.0,1171.6750028994932,-126.67500289949317
189595,765.0,993.2077883457449,-228.20778834574492
189609,900.0,1017.2928790005423,-117.29287900054226
189643,1125.0,1116.9026855770803,8.09731442291968
189676,1280.0,1201.722754817752,78.27724518224795
189690,1279.0,1138.4857585336822,140.5142414663178
189747,1025.0,1207.324361099965,-182.32436109996502
189772,1160.0,1159.3809841720279,0.6190158279721345
189777,1025.0,1062.981525181696,-37.98152518169604
189832,915.0,954.9027559266636,-39.902755926663644
189895,900.0,1055.9674849296966,-155.96748492969664
189901,1169.0,1093.5627004588341,75.43729954116588
189913,1338.0,1224.4777326352305,113.5222673647695
189931,804.0,1159.6715423088904,-355.67154230889037
189977,981.0,1170.7305407641866,-189.73054076418657
189985,1058.0,1148.4973900061696,-90.49739000616955
190049,1069.0,1087.539662059363,-18.53966205936308
190098,1277.0,1083.177764755002,193.82223524499796
190157,1078.0,1083.9659958439836,-5.965995843983592
190173,970.0,941.6512398499596,28.348760150040448
190190,533.0,672.5111349071293,-139.5111349071293
190198,1345.0,1078.3174569340028,266.68254306599715
190311,860.0,1049.1048122185985,-189.10481221859845
190320,840.0,691.7118712637292,148.28812873627078
190352,615.0,666.5344912560523,-51.53449125605232
190357,925.0,1054.3758136156553,-129.37581361565526
190385,730.0,621.5259627772813,108.47403722271872
190404,1191.0,1171.5672386814297,19.43276131857033
190448,575.0,705.5268140513133,-130.5268140513133
190460,1113.0,1094.71752503434,18.282474965659958
190466,1477.0,1190.870070224314,286.1299297756859
190492,955.0,1239.0855292497392,-284.08552924973924
190499,593.0,644.449918390955,-51.44991839095496
190532,1345.0,1220.020582741431,124.9794172585689
190546,1170.0,1027.3440028191953,142.65599718080466
190553,868.0,994.9175284864759,-126.91752848647593
190556,1220.0,1066.1332768823095,153.86672311769053
190561,1334.0,1075.1031220304983,258.8968779695017
190653,1295.0,1207.5967245274448,87.40327547255515
190686,1060.0,961.4059564752004,98.59404352479964
190852,1058.0,1156.7329522661682,-98.73295226616824
190915,1055.0,1013.4311066503839,41.56889334961613
190924,646.0,1068.7328030231092,-422.7328030231092
190954,1473.0,1220.439182435739,252.56081756426101
190967,1085.0,722.3713605537413,362.6286394462587
190998,1185.0,1050.4793161279501,134.52068387204986
191052,980.0,1007.4045561889877,-27.404556188987726
191055,702.0,974.4023839834939,-272.4023839834939
191091,1630.0,1257.9340988545246,372.06590114547544
191095,810.0,696.3081017409153,113.69189825908472
191107,855.0,657.3109567348934,197.68904326510665
191168,970.0,1194.348330518382,-224.348330518382
191218,720.0,970.3830062472024,-250.3830062472024
191230,1170.0,1078.2556439191078,91.7443560808922
191243,1130.0,1057.5418760018104,72.45812399818965
191344,875.0,1168.5577405236652,-293.5577405236652
191388,1180.0,1024.3573448021966,155.64265519780338
191423,750.0,715.6613579506006,34.33864204939937
191440,1231.0,1094.7242766283487,136.27572337165134
191465,885.0,1075.199249756487,-190.199249756487
191484,500.0,690.0159902218262,-190.0159902218262
191527,975.0,1096.7688496499582,-121.76884964995816
191558,540.0,620.334605703348,-80.33460570334796
191603,1120.0,1132.5323776308876,-12.532377630887595
191622,961.0,1080.23703244723,-119.23703244722992
191654,690.0,676.957507153127,13.04249284687296
191658,1050.0,1138.8406458170182,-88.84064581701818
191663,1205.0,1081.5491394216306,123.45086057836943
191695,1535.0,1214.5302049894447,320.46979501055534
191736,940.0,1026.6646390536357,-86.66463905363571
191851,767.0,622.759348015674,144.24065198432595
191890,1380.0,1161.3935778891105,218.60642211088953
192001,1335.0,1122.4045973166537,212.59540268334626
192168,1142.0,1070.6268903881778,71.3731096118222
192215,845.0,1109.9688352755597,-264.96883527555974
192220,1420.0,1116.9026855770803,303.0973144229197
192312,1510.0,1223.0401009962775,286.9598990037225
192343,1200.0,1123.9572747084023,76.04272529159766
192347,820.0,997.7445607630613,-177.74456076306126
192370,1080.0,1085.8216237247282,-5.82162372472817
192397,810.0,1081.1700575441857,-271.17005754418574
192459,525.0,598.248765064388,-73.24876506438795
192462,975.0,1033.9379409427156,-58.93794094271561
192469,860.0,1107.3261783663745,-247.3261783663745
192491,1210.0,1183.8783701959278,26.1216298040722
192611,517.0,645.1158463410877,-128.11584634108772
192689,1120.0,1138.2644675248348,-18.2644675248348
192757,725.0,707.8989686284546,17.101031371545446
192772,1015.0,1218.7544319141027,-203.75443191410272
192784,1425.0,1235.0039427292497,189.99605727075027
192831,790.0,1022.4543812310691,-232.45438123106908
192848,1430.0,1066.0853507986071,363.9146492013929
192879,615.0,711.6952896732105,-96.69528967321048
192951,1035.0,1149.4001350064789,-114.40013500647888
192954,550.0,712.6909542724092,-162.69095427240916
192959,1050.0,1188.1426329822025,-138.14263298220249
192974,560.0,702.9483792838539,-142.9483792838539
192978,775.0,689.4626588558089,85.53734114419115
193023,860.0,922.9167944802092,-62.916794480209205
193126,740.0,694.1438090447614,45.85619095523862
193178,510.0,696.4230354145169,-186.4230354145169
193180,728.0,1100.3112876709151,-372.31128767091514
193185,1005.0,1108.757503526694,-103.75750352669411
193187,610.0,691.0885929586419,-81.08859295864193
193215,1140.0,1130.104770140599,9.89522985940107
193220,985.0,996.92978772258,-11.929787722580045
193228,1020.0,1036.1845664941216,-16.184566494121555
193242,1240.0,1236.359326106393,3.6406738936070724
193245,1050.0,1155.553208618529,-105.55320861852897
193261,959.0,1051.010804340615,-92.0108043406151
193307,981.0,1027.5588155386974,-46.558815538697445
193362,1430.0,1211.973941499172,218.02605850082796
193376,959.0,1091.5956925960982,-132.59569259609816
193417,885.0,1019.8013463422755,-134.80134634227545
193423,491.0,674.9635949309356,-183.96359493093564
193512,595.0,615.6384172276623,-20.63841722766233
193513,1130.0,1149.6593431570261,-19.659343157026115
193524,1050.0,1176.7859959887899,-126.78599598878986
193536,990.0,1049.6662000611066,-59.666200061106565
193727,1005.0,961.8399339311677,43.16006606883229
193778,435.0,634.9780587031267,-199.97805870312675
193819,1228.0,1088.3963124580082,139.6036875419918
193869,1255.0,1136.5011026029656,118.4988973970344
193874,745.0,641.530522371901,103.46947762809896
193958,635.0,622.184257110334,12.815742889666012
193973,650.0,1219.3369350767646,-569.3369350767646
194033,570.0,606.0523959790723,-36.052395979072344
194035,1160.0,1209.2781784775125,-49.27817847751248
194099,1325.0,1241.404261477941,83.59573852205904
194118,960.0,1093.8072505015864,-133.8072505015864
194157,730.0,708.2334526231002,21.76654737689978
194184,680.0,718.86224010132,-38.862240101320026
194223,864.0,1100.799469966282,-236.799469966282
194276,510.0,660.64089970559,-150.64089970558996
194345,1047.0,1096.1765678095355,-49.17656780953553
194355,648.0,725.8299323652906,-77.82993236529057
194356,520.0,724.9993138817778,-204.99931388177777
194433,1140.0,1085.5468860573308,54.45311394266923
194480,525.0,721.614723196863,-196.614723196863
194536,1367.0,1213.363892595249,153.6361074047511
194567,815.0,1090.2118797137525,-275.2118797137525
194613,1330.0,1184.564862891417,145.43513710858292
194700,1240.0,1160.2046924632682,79.7953075367318
194748,617.0,709.2584381544557,-92.25843815445569
194763,1003.0,982.3662235055602,20.633776494439758
194801,541.0,636.5344514505317,-95.53445145053172
194813,1120.0,1192.0614339421807,-72.06143394218066
194858,915.0,1065.2244079823781,-150.22440798237812
194896,1010.0,1154.9998719927496,-144.9998719927496
194960,1220.0,1077.3372233686705,142.6627766313295
194998,1265.0,1121.6408477728187,143.3591522271813
195003,1365.0,1195.8337700970576,169.1662299029424
195046,715.0,720.188942494169,-5.188942494169055
195086,1183.0,1068.3342649918225,114.66573500817753
195106,585.0,603.6332529583402,-18.633252958340222
195108,1079.0,1028.6389767096057,50.361023290394314
195132,1050.0,1186.6975107531218,-136.69751075312183
195134,1030.0,1040.9728926879504,-10.972892687950434
195141,651.0,682.6082007489437,-31.60820074894366
195165,740.0,1154.2604832432062,-414.2604832432062
195202,1150.0,1051.5093997782872,98.49060022171284
195235,1183.0,1146.0915243849952,36.90847561500482
195239,1025.0,993.3566359513445,31.643364048655485
195251,1185.0,1188.7307015783633,-3.7307015783633233
195273,1435.0,1236.1381829485526,198.86181705144736
195368,1580.0,1244.6459567830043,335.3540432169957
195452,1145.0,1153.5368452941916,-8.536845294191608
195600,559.0,912.3607311583717,-353.36073115837166
195694,870.0,1177.2157021695155,-307.21570216951545
195756,1325.0,1280.2999247276832,44.70007527231678
195776,610.0,919.5433788037126,-309.5433788037126
195781,1195.0,1045.5191707910574,149.48082920894262
195819,991.0,1032.4495624996043,-41.449562499604326
195862,1091.0,1096.2773142094668,-5.277314209466795
195871,650.0,696.0368933987056,-46.036893398705615
195873,1390.0,1267.3062390995003,122.69376090049968
195915,1242.0,1121.3217813059314,120.67821869406862
195984,1037.0,1105.1812945342263,-68.18129453422625
195999,620.0,674.6733990501536,-54.67339905015365
196010,740.0,676.4349236805789,63.56507631942111
196044,725.0,1132.0075364645688,-407.00753646456883
196067,1020.0,1150.9552620606655,-130.95526206066552
196069,1030.0,1183.1024204966927,-153.10242049669273
196128,505.0,676.2173877704361,-171.21738777043606
196159,1215.0,1108.262411676804,106.73758832319595
196167,1030.0,1173.248573220658,-143.24857322065805
196198,1365.0,1173.4764970655388,191.52350293446125
196218,375.0,591.2381780239033,-216.2381780239033
196401,716.0,1041.730669813505,-325.7306698135051
196442,1113.0,1038.7782894455258,74.22171055447416
196528,990.0,1105.1219309292633,-115.12193092926327
196559,253.0,619.5746825201065,-366.57468252010653
196584,1095.0,1081.2357934465174,13.764206553482609
196603,670.0,694.5520085125999,-24.552008512599855
196690,1234.0,1191.0325020575895,42.967497942410546
196729,500.0,647.879126910342,-147.87912691034205
196785,985.0,1057.2674249038434,-72.26742490384345
196808,795.0,717.3260829123237,77.67391708767627
196844,1352.0,1242.0337419818457,109.96625801815435
196859,830.0,690.9910725938051,139.00892740619486
196975,1235.0,1114.8980998745035,120.10190012549651
196982,1360.0,1228.9394522223672,131.0605477776328
197042,930.0,1042.829276548425,-112.82927654842501
197073,1035.0,1024.2297484658345,10.770251534165482
197139,1170.0,1151.6990025999787,18.300997400021288
197166,562.0,714.2955316294085,-152.29553162940852
197179,805.0,1026.1031776462687,-221.1031776462687
197216,1455.0,1165.6291238162785,289.3708761837215
197257,1180.0,1089.2046316571902,90.79536834280975
197287,1310.0,1169.2444687624215,140.75553123757845
197331,1505.0,1138.0014451501595,366.9985548498405
197335,890.0,1080.4366515448066,-190.43665154480664
197339,665.0,645.1158463410877,19.884153658912282
197408,640.0,711.7291223126537,-71.72912231265366
197448,1357.0,1113.5845228991532,243.41547710084683
197496,1010.0,1154.3311940993317,-144.3311940993317
197516,1120.0,1003.1445138683849,116.85548613161507
197520,755.0,641.325024960974,113.67497503902598
197531,870.0,996.1901437818098,-126.19014378180975
197532,1110.0,1220.4258960933792,-110.42589609337915
197537,1120.0,1229.7707020213775,-109.77070202137747
197549,865.0,970.2267597174973,-105.22675971749732
197574,777.0,748.3551253469111,28.64487465308889
197578,835.0,635.8264372050616,199.17356279493845
197594,1220.0,1205.5200112060706,14.479988793929351
197635,865.0,722.7911921621208,142.20880783787925
197641,1110.0,1058.1553302037237,51.84466979627632
197740,1240.0,1180.9357105744311,59.06428942556886
197852,460.0,660.0157683334427,-200.01576833344268
197858,940.0,1088.0690340563112,-148.06903405631124
197906,670.0,690.9516921260114,-20.95169212601138
197933,1230.0,1108.2326890562197,121.76731094378033
197951,1275.0,1166.8205096328281,108.17949036717187
197960,1040.0,1151.0031796006153,-111.00317960061534
197979,1110.0,1244.0898888052816,-134.0898888052816
198012,495.0,687.9995598368531,-192.9995598368531
198033,900.0,741.1280036994004,158.87199630059956
198230,1025.0,1034.860087901551,-9.860087901550969
198292,795.0,1026.39238773552,-231.39238773552006
198297,1222.0,1089.508230392329,132.4917696076709
198342,975.0,1054.313648361769,-79.31364836176908
198356,970.0,1081.9230002493105,-111.92300024931046
198357,980.0,1079.9980373862973,-99.99803738629726
198360,590.0,685.4308262898868,-95.4308262898868
198415,1130.0,1197.0459131845319,-67.04591318453186
198489,1280.0,1257.0646138682384,22.93538613176156
198491,980.0,944.2207632620219,35.77923673797807
198587,1280.0,1143.8582075577172,136.14179244228285
198612,1200.0,1272.5405020584462,-72.54050205844624
198621,770.0,731.4081265223892,38.59187347761076
198630,750.0,669.3161528130116,80.68384718698837
198646,750.0,712.6511680847821,37.34883191521794
198691,540.0,676.5798464885453,-136.5798464885453
198693,750.0,683.2823263596424,66.71767364035759
198788,1050.0,1096.9564976193458,-46.95649761934578
198848,1195.0,1193.7500346317145,1.2499653682855296
198913,860.0,1232.0939951633795,-372.09399516337953
198975,1415.0,1257.4426662979195,157.55733370208054
198994,634.0,711.5108614878095,-77.5108614878095
198995,605.0,713.4128684773037,-108.41286847730373
199031,1045.0,1054.9925015486594,-9.992501548659448
199050,1310.0,1189.116417154458,120.88358284554192
199081,710.0,640.1090504401209,69.89094955987912
199087,690.0,1018.663758455364,-328.663758455364
199096,1102.0,1093.5627004588341,8.437299541165885
199112,955.0,1034.397962486695,-79.39796248669495
199135,1200.0,1237.5075398489516,-37.50753984895164
199297,387.0,722.0417382329672,-335.0417382329672
199345,1010.0,976.1417838259213,33.858216174078734
199375,1010.0,1086.3082756274378,-76.30827562743775
199383,979.0,1147.4697664621679,-168.46976646216785
199443,981.0,1123.5038590206132,-142.50385902061316
199489,1260.0,1234.3510728739561,25.648927126043873
199516,893.0,1156.9396408922232,-263.9396408922232
199633,600.0,664.5391563965634,-64.53915639656338
199668,900.0,1041.758465665519,-141.758465665519
199716,745.0,724.1223389859462,20.877661014053842
199736,900.0,1203.1222722226178,-303.12227222261777
199755,625.0,711.248437992831,-86.24843799283099
199826,815.0,1104.8659070546566,-289.86590705465665
199852,480.0,716.4036651291955,-236.40366512919547
199871,970.0,1112.8032895456402,-142.80328954564015
199899,720.0,705.3059003103597,14.694099689640325
199901,600.0,655.4349252677216,-55.43492526772161
199907,1345.0,1084.5714438151472,260.4285561848528
199919,1046.0,1159.3174075036177,-113.31740750361769
200006,590.0,700.8184262657628,-110.81842626576281
200029,980.0,1032.2130783483487,-52.213078348348745
200047,849.0,1053.30555341556,-204.3055534155601
200169,1065.0,1109.4462473769736,-44.44624737697359
200191,1080.0,1226.9530051830538,-146.95300518305385
200192,689.0,722.0416946135931,-33.04169461359311
200247,465.0,565.4044331750661,-100.40443317506606
200314,825.0,995.7791488741296,-170.77914887412965
200318,990.0,1054.100025365213,-64.10002536521301
200332,1115.0,1131.2765124236616,-16.276512423661643
200366,1250.0,1243.5235418947427,6.476458105257279
200369,595.0,629.5270402649431,-34.52704026494314
200373,1201.0,1115.3671492261121,85.63285077388787
200468,735.0,946.5377778352931,-211.53777783529313
200480,1105.0,1010.1449197386936,94.8550802613064
200555,1480.0,1213.2235200453258,266.7764799546742
200559,1345.0,1166.4465435388054,178.55345646119463
200569,952.0,1036.1542543723565,-84.15425437235649
200579,955.0,1054.9925015486594,-99.99250154865945
200656,1145.0,1103.8482037052804,41.15179629471959
200671,1170.0,1146.4904357402163,23.5095642597837
200679,690.0,703.2049817061227,-13.20498170612268
200728,910.0,998.5133914834055,-88.51339148340548
200736,1000.0,1076.7585224044699,-76.75852240446989
200776,1125.0,1082.3616468643456,42.63835313565437
200840,695.0,680.6670085320034,14.332991467996635
200895,1570.0,1269.4045168322536,300.59548316774635
200971,1060.0,1093.212531688012,-33.21253168801195
201000,1130.0,1104.7515803436518,25.248419656348233
201040,1305.0,1122.0704960115677,182.92950398843232
201117,1075.0,1065.696778031878,9.303221968121989
201150,1295.0,1209.6459240834945,85.35407591650551
201185,625.0,738.7915907495335,-113.7915907495335
201284,635.0,1001.7617197772167,-366.76171977721674
201307,1430.0,1279.0081284552214,150.99187154477863
201317,944.0,1067.7847604955712,-123.78476049557116
201391,720.0,716.9520094602063,3.047990539793659
201455,1113.0,1107.1323873505041,5.867612649495868
201460,1440.0,1248.090923780106,191.9090762198939
201466,964.0,1073.0204614740892,-109.02046147408919
201482,545.0,691.876684100125,-146.87668410012498
201487,850.0,973.7683425946186,-123.76834259461862
201530,580.0,675.6654335047443,-95.66543350474433
201590,1330.0,1171.0789167059263,158.9210832940737
201686,1110.0,1234.4808876301431,-124.48088763014312
201743,675.0,690.1239666159596,-15.123966615959603
201772,430.0,602.2475095015458,-172.24750950154578
201774,715.0,687.8928795460274,27.107120453972584
201826,1201.0,1077.6041187642995,123.39588123570047
201832,1200.0,1066.760829623248,133.2391703767521
201874,910.0,1071.180633670599,-161.18063367059904
201911,705.0,717.2445733464715,-12.244573346471498
202070,1440.0,1054.9197677174345,385.0802322825655
202076,740.0,722.8570081228197,17.142991877180293
202117,910.0,971.8306458381364,-61.830645838136434
202122,810.0,728.1237172077182,81.87628279228181
202130,795.0,937.5689649712949,-142.56896497129492
202259,1150.0,1129.9708751693186,20.02912483068144
202318,520.0,620.4547343653052,-100.45473436530517
202334,475.0,689.0342407571866,-214.03424075718658
202376,1400.0,1175.9873833096306,224.01261669036944
202405,1085.0,1169.4560879915625,-84.45608799156253
202502,595.0,709.7543058787285,-114.75430587872847
202615,1245.0,1175.5000664631411,69.49993353685886
202645,905.0,933.814071458108,-28.814071458107946
202722,770.0,718.3581625184809,51.64183748151913
202820,1240.0,1193.0444804802528,46.95551951974721
202830,1300.0,1317.1275532733625,-17.127553273362537
202839,1345.0,1245.502950461888,99.49704953811192
202840,830.0,1097.8848894296068,-267.8848894296068
202934,1160.0,1122.179228518394,37.820771481606016
202958,1600.0,1275.1600935289234,324.8399064710766
202974,630.0,656.3513313931223,-26.351331393122337
203045,770.0,1036.8905765465022,-266.8905765465022
203056,1230.0,1275.887337393947,-45.887337393947064
203063,920.0,922.9283318593436,-2.9283318593436434
203141,1201.0,1191.8576989996204,9.142301000379575
203289,565.0,614.1721677171437,-49.17216771714368
203324,1210.0,1262.9630085577396,-52.96300855773961
203361,1025.0,1050.2246845628952,-25.224684562895163
203408,785.0,694.876794629813,90.12320537018695
203478,1202.0,1082.220696778914,119.77930322108591
203565,910.0,1106.664512532581,-196.66451253258106
203606,595.0,943.5696475583957,-348.5696475583957
203619,1220.0,1082.0992319034708,137.9007680965292
203665,505.0,641.3999822364527,-136.39998223645273
203793,1047.0,955.0867196246583,91.91328037534174
203814,847.0,1120.9623830598098,-273.9623830598098
203824,780.0,666.4397485283376,113.56025147166235
203855,839.0,704.6282857679363,134.3717142320637
203877,771.0,720.8813373415402,50.11866265845981
203931,961.0,1081.0607594568928,-120.06075945689281
203959,1165.0,1188.8178119774768,-23.817811977476822
203970,577.0,737.010540821905,-160.010540821905
204013,1285.0,1250.4671618373973,34.53283816260273
204075,860.0,1091.6541402488617,-231.65414024886172
204098,705.0,674.9490755472685,30.050924452731465
204102,1055.0,1067.9199490253088,-12.919949025308824
204108,1320.0,1227.123106520293,92.87689347970695
204138,1020.0,763.2311360691151,256.7688639308849
204180,855.0,699.8498113963302,155.1501886036698
204247,710.0,669.273743467697,40.726256532302955
204275,1145.0,1213.7612678452153,-68.76126784521534
204296,970.0,1069.7042611552615,-99.70426115526152
204314,935.0,1028.1718664285002,-93.17186642850015
204402,1216.0,1234.0459145583588,-18.045914558358845
204406,730.0,695.0157830771849,34.98421692281511
204460,1300.0,1222.246870311707,77.75312968829303
204483,1045.0,1121.5708265540788,-76.57082655407885
204507,1005.0,1087.3202435161934,-82.32024351619339
204515,570.0,592.3207005166036,-22.32070051660355
204533,985.0,1163.1569077169174,-178.15690771691743
204541,613.0,635.8637036040917,-22.86370360409171
204580,1030.0,1080.3838749769482,-50.383874976948164
204615,960.0,1134.0129505324833,-174.01295053248327
204620,1020.0,1049.3238014628898,-29.323801462889833
204623,840.0,1282.6562546736734,-442.6562546736734
204642,785.0,698.8740648936389,86.12593510636111
204694,1218.0,1200.8669689512565,17.133031048743533
204724,1370.0,1249.680895705824,120.31910429417599
204737,1370.0,1123.4756560189785,246.5243439810215
204778,430.0,702.7920480558475,-272.79204805584754
204810,1907.0,1245.387360229575,661.612639770425
204871,1290.0,1187.7131798308153,102.2868201691847
204889,1065.0,1108.2326890562197,-43.23268905621967
204945,1257.0,1065.2278677250035,191.77213227499647
205014,1300.0,1239.7741384911517,60.22586150884831
205021,760.0,715.5509369239543,44.44906307604572
205033,1090.0,1039.023606025985,50.97639397401508
205122,480.0,653.4085567139554,-173.40855671395536
205128,975.0,1126.1232391900123,-151.12323919001233
205144,1305.0,1255.4794560025214,49.520543997478626
205182,1520.0,1206.9601326068077,313.03986739319225
205277,1245.0,1113.7530251235694,131.2469748764306
205304,1370.0,1212.6400780360211,157.35992196397888
205314,970.0,1066.1785262391631,-96.17852623916315
205327,905.0,1063.0032576711365,-158.00325767113645
205357,1425.0,1114.1423196368482,310.85768036315176
205390,480.0,1082.4677336759166,-602.4677336759166
205422,1180.0,1189.9155373787635,-9.915537378763474
205424,891.0,1063.0032576711365,-172.00325767113645
205425,930.0,1135.012033258527,-205.01203325852703
205448,1370.0,1242.657530776034,127.34246922396596
205456,1055.0,1095.8944468798393,-40.89444687983928
205488,610.0,662.3075929471785,-52.30759294717848
205586,1257.0,1186.1021975833287,70.89780241667131
205624,668.0,698.2275115734468,-30.227511573446805
205708,1390.0,1135.9898525825306,254.0101474174694
205715,760.0,683.7572037586219,76.24279624137807
205727,1075.0,1222.5647740076365,-147.56477400763652
205745,1415.0,1291.6841841504506,123.31581584954938
205782,915.0,988.6116282436623,-73.61162824366227
205795,995.0,1059.2124555168793,-64.21245551687934
205801,950.0,1137.3963418178855,-187.3963418178855
205839,1100.0,1249.2864801118308,-149.28648011183077
205862,1130.0,1175.3509677973698,-45.350967797369776
205914,1205.0,1087.732263353309,117.26773664669099
205938,650.0,677.0812441645315,-27.08124416453154
205999,1410.0,1244.4594397794388,165.54056022056125
206032,740.0,703.9470288546211,36.05297114537893
206085,1124.0,1229.599749532671,-105.59974953267101
206174,660.0,738.1253141344854,-78.1253141344854
206206,850.0,703.6013820179863,146.39861798201366
206256,650.0,704.3241174846065,-54.32411748460652
206345,990.0,1018.363372578349,-28.363372578348958
206347,1450.0,1159.892961011587,290.107038988413
206354,1155.0,1020.4433936998047,134.5566063001953
206390,935.0,1111.87747603306,-176.87747603306002
206400,1405.0,1204.144642689113,200.85535731088703
206410,1180.0,1175.237313414372,4.762686585627989
206428,1095.0,1050.2614155874717,44.738584412528326
206430,755.0,688.4462144854926,66.55378551450735
206482,935.0,689.6424490672891,245.35755093271086
206521,771.0,700.7020191215448,70.29798087845518
206540,890.0,1058.1553302037237,-168.15533020372368
206545,1014.0,1179.379651433473,-165.3796514334731
206548,743.0,712.5163718993412,30.483628100658848
206551,1140.0,1223.4673833672066,-83.4673833672066
206637,755.0,717.2594846938866,37.740515306113366
206667,1100.0,1172.342455186066,-72.34245518606599
206676,855.0,992.6948071248239,-137.6948071248239
206681,830.0,904.1301337297373,-74.13013372973728
206712,615.0,690.7538198565682,-75.75381985656816
206725,1075.0,1237.0537033251414,-162.05370332514144
206731,1345.0,1107.602696732797,237.39730326720291
206744,1060.0,1091.1100281028223,-31.110028102822298
206820,534.0,728.4558964557017,-194.4558964557017
206833,496.0,590.2498306190237,-94.24983061902367
206922,1055.0,1094.3197425254432,-39.31974252544319
206960,482.0,632.2776729416786,-150.2776729416786
206996,434.0,635.0595776294308,-201.0595776294308
207181,1199.0,1006.1689696584842,192.83103034151577
207193,1200.0,1146.8525874798113,53.14741252018871
207210,1003.0,709.6233664278826,293.3766335721174
207218,1135.0,1134.9730999019728,0.026900098027226704
207224,900.0,661.6729352651787,238.3270647348213
207233,440.0,684.5031572199207,-244.5031572199207
207375,1090.0,1136.4450890589828,-46.44508905898283
207395,1341.0,1145.2014056009723,195.7985943990277
207410,1145.0,1086.0877365813087,58.91226341869128
207428,1230.0,1230.6457669326146,-0.645766932614606
207480,1060.0,1083.0431492725222,-23.043149272522214
207497,1220.0,1264.3204496831343,-44.32044968313426
207596,1050.0,1079.7177660051818,-29.71776600518183
207599,1100.0,1131.102950994945,-31.102950994945104
207600,1073.0,1061.85611257965,11.143887420349984
207694,520.0,595.2499822088638,-75.2499822088638
207712,1380.0,1218.9549258031957,161.0450741968043
207800,930.0,969.1025973322907,-39.10259733229066
207825,994.0,1039.7497001867623,-45.74970018676231
207843,600.0,696.5129061536699,-96.51290615366986
207850,1379.0,1192.7907532012935,186.20924679870654
207853,945.0,1187.9118649007705,-242.91186490077052
207898,1000.0,1071.1072221339862,-71.10722213398617
207927,1140.0,1035.295209919689,104.70479008031111
207930,605.0,697.8216970292992,-92.82169702929923
207989,680.0,647.7658103500314,32.234189649968584
208004,820.0,1114.4029875173928,-294.40298751739283
208021,518.0,640.2739913948108,-122.27399139481076
208032,1245.0,1095.9368114673955,149.0631885326045
208082,1010.0,1074.9515909754011,-64.95159097540113
208164,1335.0,1118.6766429159889,216.32335708401115
208176,1280.0,1217.2374531468258,62.76254685317417
208203,923.0,714.4196574198971,208.58034258010287
208213,390.0,1001.2099132016483,-611.2099132016483
208249,1335.0,1236.1040162615957,98.89598373840431
208253,665.0,659.7707302805715,5.229269719428544
208306,1455.0,1270.4617513614894,184.5382486385106
208314,460.0,616.4220804417918,-156.42208044179176
208331,855.0,1070.757642537213,-215.7576425372131
208353,684.0,970.3113449481847,-286.3113449481847
208389,1005.0,1121.5252062225795,-116.52520622257953
208396,580.0,707.1195259120726,-127.11952591207262
208400,1115.0,1079.4721409835183,35.52785901648167
208411,1160.0,1060.5100246952265,99.48997530477345
208422,815.0,1026.4018781087052,-211.4018781087052
208477,900.0,705.3497716861228,194.65022831387716
208501,505.0,629.0243250879302,-124.02432508793015
208522,1020.0,1128.6055587903602,-108.60555879036019
208638,849.0,1018.0496506258694,-169.0496506258694
208690,1270.0,1134.8329444105816,135.1670555894184
208702,1230.0,1153.3098328685167,76.69016713148335
208721,1185.0,1261.9012561912275,-76.9012561912275
208739,585.0,712.8876584912515,-127.8876584912515
208821,1065.0,990.2103872018926,74.78961279810744
208833,910.0,1017.5104805659787,-107.5104805659787
208895,1020.0,1042.9643867660543,-22.964386766054304
208917,1045.0,992.4062107594004,52.59378924059956
208956,1465.0,1259.0711187146549,205.92888128534514
208964,910.0,946.6530829762116,-36.653082976211635
209010,1390.0,1259.270212164149,130.72978783585108
209056,1100.0,1055.4553527332248,44.5446472667752
209074,1185.0,1035.9061043336117,149.09389566638833
209139,723.0,677.1770594195741,45.82294058042589
209152,1210.0,1138.8315272115697,71.16847278843034
209217,660.0,706.0415236466386,-46.04152364663855
209270,950.0,1093.6367610619777,-143.63676106197772
209296,1540.0,1125.3868058300395,414.6131941699605
209311,622.0,686.6142995454398,-64.61429954543985
209446,681.0,621.3163894968839,59.68361050311614
209452,1105.0,1262.1184615144825,-157.11846151448253
209459,1410.0,1138.3415342918906,271.65846570810936
209552,925.0,1039.2129726511876,-114.21297265118756
209566,585.0,601.7195017106999,-16.719501710699888
209573,900.0,1065.1920221641442,-165.1920221641442
209591,1008.0,1212.897806687255,-204.89780668725507
209627,666.0,607.6391761522228,58.36082384777717
209688,935.0,1197.5830655518598,-262.5830655518598
209698,1120.0,1146.5590914607085,-26.559091460708487
209779,1400.0,1258.8524600449955,141.1475399550045
209781,715.0,673.2753782187115,41.72462178128853
209840,1150.0,1245.2601008839113,-95.26010088391126
209899,765.0,729.234831879482,35.765168120517956
209986,830.0,988.981801556714,-158.981801556714
210005,1195.0,1229.9656650662262,-34.965665066226165
210036,1060.0,1129.2706272616158,-69.2706272616158
210247,1080.0,1178.6012626632687,-98.6012626632687
210263,566.0,616.4935227461539,-50.49352274615387
210274,1145.0,1084.8729179802406,60.12708201975943
210310,1210.0,1127.5026680633425,82.49733193665747
210375,595.0,724.6883386452122,-129.68833864521218
210377,1565.0,1239.9923076370742,325.0076923629258
210425,625.0,626.7324720832975,-1.7324720832974663
210452,1180.0,930.5269205167482,249.4730794832518
210470,1320.0,1168.3077627361047,151.69223726389532
210519,1127.0,1089.0843639741897,37.91563602581027
210525,1005.0,1039.867201711783,-34.86720171178308
210530,860.0,1081.1744911227438,-221.1744911227438
210562,720.0,712.5949419206004,7.405058079399623
210641,1020.0,997.0979447078425,22.902055292157456
210652,1250.0,1224.3924037188535,25.60759628114647
210656,560.0,699.9286874588958,-139.92868745889575
210751,1445.0,1126.9200136440597,318.07998635594026
210761,530.0,709.7764552302499,-179.7764552302499
210846,1150.0,1148.1810245440872,1.8189754559127778
211011,600.0,679.2380947589315,-79.23809475893154
211078,1045.0,996.2412143189986,48.75878568100143
211176,1130.0,1083.1362739675308,46.86372603246923
211219,875.0,1003.1445138683849,-128.14451386838493
211346,490.0,681.3620084580508,-191.3620084580508
211588,1210.0,1116.0556387044953,93.94436129550468
211615,80.0,1078.6389001455123,-998.6389001455123
211918,765.0,676.8646429787627,88.13535702123727
211977,924.0,1158.3333773497166,-234.33337734971656
211987,932.0,1016.6530719789818,-84.65307197898176
212001,1175.0,1181.637571137429,-6.637571137428949
212055,981.0,1050.6297310827167,-69.62973108271672
212066,840.0,689.9558359126211,150.04416408737893
212094,1350.0,1213.4510124426763,136.5489875573237
212167,716.0,1067.96541214625,-351.96541214624995
212231,1280.0,1067.9646535504442,212.03534644955585
212244,1070.0,1093.4746692113615,-23.474669211361515
212262,1076.0,1112.377229086067,-36.37722908606702
212476,882.0,1011.4598228469171,-129.45982284691706
212496,1003.0,1060.5100246952265,-57.51002469522655
212566,950.0,1155.72863448123,-205.72863448123007
212667,1040.0,1085.6830480362357,-45.68304803623573
212702,1070.0,1022.2145539943658,47.785446005634185
212750,680.0,955.591509792323,-275.591509792323
212772,680.0,669.5088702037864,10.491129796213613
212911,1112.0,1160.7658793231694,-48.76587932316943
212917,1175.0,1194.5945904440346,-19.594590444034566
212918,1182.0,1119.8485486677073,62.15145133229271
212921,760.0,678.838505140738,81.161494859262
213021,1265.0,1096.4693359990556,168.5306640009444
213233,320.0,665.4357922601644,-345.43579226016436
213316,915.0,1086.6368995809755,-171.63689958097552
213490,750.0,698.537028046299,51.46297195370096
213550,1245.0,1274.8608530556173,-29.860853055617326
213582,1127.0,1134.989379759342,-7.989379759342
213743,1130.0,1052.6928528975234,77.30714710247662
213982,760.0,1146.7755116089293,-386.77551160892926
214006,1120.0,1189.509872373834,-69.50987237383401
214016,1078.0,1110.9976682578001,-32.997668257800115
214024,838.0,1071.2710199383503,-233.27101993835026
214030,1170.0,1038.4632010887326,131.5367989112674
214125,1435.0,1216.3476441566609,218.65235584333914
214181,1180.0,1133.5540257953476,46.44597420465243
214246,1145.0,1080.6752961793648,64.32470382063525
214295,1232.0,1115.714673669117,116.28532633088298
214316,695.0,688.4965062725215,6.503493727478485
214326,926.0,1091.0767695843442,-165.07676958434422
214395,1290.0,1249.9866574114747,40.01334258852535
214397,1316.0,1211.8477909154187,104.15220908458127
214411,1190.0,1161.463375027274,28.53662497272603
214514,1120.0,1084.9147944708002,35.08520552919981
214565,1245.0,1112.0100893505814,132.98991064941856
214590,995.0,1094.0717101521795,-99.07171015217955
214598,948.0,697.6846649630563,250.31533503694368
214778,820.0,1077.463892542896,-257.463892542896
214829,1105.0,1250.6571775548944,-145.65717755489436
214988,1080.0,1205.7521017718477,-125.75210177184772
215084,1081.0,1115.5603631064043,-34.56036310640434
215234,790.0,702.836275937757,87.16372406224298
215251,1210.0,1126.7466474355963,83.25335256440371
215339,1090.0,1016.5995265023829,73.4004734976171
215393,1370.0,1187.6278943382283,182.37210566177168
215396,1025.0,1148.1560456513093,-123.15604565130934
215402,1090.0,1214.5803825040941,-124.58038250409413
215416,955.0,1022.7138046748405,-67.7138046748405
215417,1010.0,1034.705857228719,-24.70585722871897
215548,1740.0,1248.5340962630391,491.46590373696085
215562,620.0,723.1257550077244,-103.12575500772436
215566,813.0,1001.9023494198714,-188.90234941987137
215811,1240.0,1134.3584490534836,105.64155094651642
215888,948.0,984.472180821973,-36.472180821972984
215902,900.0,1064.916987534752,-164.91698753475202
215943,1301.0,1008.6787819273446,292.32121807265537
215975,1100.0,1080.5034150102367,19.496584989763278
216074,1150.0,1230.3425657953833,-80.34256579538328
216101,855.0,1075.3036351497994,-220.30363514979945
216339,970.0,1146.5718853367978,-176.57188533679778
216383,1090.0,1073.0204614740892,16.97953852591081
216428,1155.0,1098.0562260368074,56.9437739631926
216446,1129.0,1189.9986333633935,-60.99863336339354
216586,1150.0,1123.4313507233687,26.568649276631277
216660,1390.0,1211.2790170864394,178.72098291356065
216744,970.0,915.714447441979,54.28555255802098
216778,1365.0,1135.9858154224576,229.01418457754244
216841,1091.0,991.1140261040819,99.88597389591814
216881,1210.0,1235.3036015722175,-25.30360157221753
216935,1444.0,1055.696116203493,388.3038837965071
216959,1370.0,1120.5298199176154,249.47018008238456
217163,1895.0,1131.204910997602,763.7950890023981
217300,1145.0,1200.423657324566,-55.423657324565966
217385,977.0,1211.2518656148086,-234.2518656148086
217404,1166.0,1130.3693734660364,35.63062653396355
217486,1476.0,1249.7467567252406,226.25324327475937
217563,1190.0,1079.3883346784173,110.61166532158268
217634,850.0,1159.8411436597598,-309.84114365975984
217658,1422.0,1162.8875717845551,259.1124282154449
217680,1740.0,1228.2014343203875,511.79856567961247
217711,1133.0,1012.7034989383632,120.29650106163683
217744,550.0,637.2963239483271,-87.29632394832709
217795,1220.0,1201.1409311366874,18.859068863312586
217980,1086.0,1153.3502322269399,-67.35023222693985
218111,1499.0,1175.7178642881092,323.28213571189076
218426,1105.0,1134.8306846362984,-29.83068463629843
218465,750.0,742.2729817189377,7.727018281062328
218657,1100.0,1099.701176246968,0.2988237530319111
218676,1460.0,1253.6965677991027,206.3034322008973
218815,1130.0,1163.8398783129749,-33.83987831297486
218868,1315.0,1102.5541679660032,212.4458320339968
218946,1270.0,1200.9271066192432,69.0728933807568
218951,1240.0,1140.247693531824,99.7523064681759
219046,1015.0,1044.4885195678316,-29.488519567831645
219066,510.0,674.748450554427,-164.748450554427
219110,1252.0,1103.4852596625738,148.51474033742625
219193,1215.0,1180.7345628272294,34.26543717277059
219210,1260.0,1137.2182684055274,122.7817315944726
219501,898.0,714.4027458510635,183.59725414893649
219506,1280.0,1252.8858331231866,27.114166876813442
219731,755.0,693.6574971352702,61.342502864729795
219858,840.0,736.4510243951446,103.5489756048554
220040,1260.0,1232.9334483246084,27.066551675391565
220105,1200.0,1240.1423935874816,-40.14239358748159
220122,797.0,672.9967269874443,124.00327301255572
220145,620.0,672.1283336353187,-52.128333635318654
220151,1090.0,1179.3467261401304,-89.34672614013039
220329,1335.0,1128.0911893946652,206.9088106053348
220333,1250.0,1125.5004709299888,124.49952907001125
220336,866.0,974.0910540511978,-108.09105405119783
220391,700.0,700.5242433457001,-0.5242433457001425
220473,1000.0,1066.7679552450543,-66.76795524505428
220541,900.0,1014.7061635352345,-114.70616353523451
220551,1135.0,1119.6861660117565,15.31383398824346
220565,1090.0,1059.6504501007976,30.34954989920243
220825,1245.0,1156.0187355009405,88.98126449905953
220891,1040.0,964.6990418662696,75.30095813373043
220903,1200.0,1200.4890880277796,-0.4890880277796441
220988,1470.0,1255.1477189179564,214.85228108204365
221002,900.0,1059.7598340617226,-159.7598340617226
221084,1246.0,1166.5865442489694,79.4134557510306
221115,505.0,706.6049581903447,-201.60495819034475
221132,1040.0,1138.6172838830048,-98.6172838830048
221224,1110.0,1061.9566617664643,48.04333823353568
221303,1140.0,1179.1651119593023,-39.165111959302294
221381,988.0,968.5557703071852,19.444229692814815
221514,1160.0,1171.7372030717056,-11.737203071705608
221549,1790.0,1102.6764141914916,687.3235858085084
221697,1179.0,987.2054491169775,191.79455088302245
222054,1120.0,1133.6764767812788,-13.67647678127878
222099,900.0,1031.7916610595441,-131.79166105954414
222240,1180.0,1084.8726978449429,95.12730215505712
222251,1240.0,1101.388060209798,138.6119397902021
222279,856.0,1053.4620942366876,-197.46209423668756
222346,1375.0,1235.4960197313762,139.50398026862376
222485,1165.0,1228.1770948612457,-63.17709486124568
222710,1220.0,1199.8579560196483,20.142043980351673
222829,1165.0,1127.0805387591577,37.91946124084234
222867,970.0,1062.5973637047935,-92.59736370479345
222951,1030.0,1173.2677103672754,-143.2677103672754
223034,556.0,618.5337845026276,-62.533784502627555
223223,890.0,887.9663549005942,2.033645099405817
223231,1057.0,1174.7530642815095,-117.75306428150952
223232,1385.0,1263.0510995658437,121.94890043415626
223352,1378.0,1023.1090869291795,354.8909130708205
223413,646.0,672.6677785974654,-26.66777859746537
223472,1275.0,1109.994557724484,165.0054422755161
223483,1091.0,973.227541058873,117.77245894112696
223567,640.0,615.4034628949435,24.59653710505654
223774,895.0,725.6736204602036,169.32637953979645
223787,1226.0,1186.486648415526,39.513351584474094
223887,1041.0,1023.0778317250489,17.922168274951105
223916,1020.0,1144.3963226119738,-124.3963226119738
223997,1080.0,1186.0864834060499,-106.08648340604987
224063,1085.0,1200.1233750896756,-115.12337508967562
224127,1095.0,1152.7086230302157,-57.708623030215676
224337,1065.0,1004.6509322574595,60.349067742540456
224359,950.0,1044.5403072441138,-94.54030724411382
224408,1080.0,1119.126291482858,-39.12629148285805
224574,580.0,680.5979615601947,-100.59796156019468
224582,700.0,715.0892216876641,-15.089221687664121
224704,1200.0,1034.808325170444,165.19167482955595
224720,1043.0,967.0513484244293,75.9486515755707
224857,1125.0,1117.2595148915345,7.740485108465464
224877,1323.0,1225.4756450508055,97.5243549491945
224878,1020.0,1083.5875504975068,-63.587550497506754
224899,1102.0,1091.6541402488617,10.345859751138278
225011,645.0,701.9953329547269,-56.995332954726905
225118,1170.0,1146.3347648087338,23.66523519126622
225189,1230.0,1207.015163883417,22.984836116582983
225216,889.0,1150.309876219927,-261.309876219927
225286,987.0,665.2115091417056,321.7884908582944
225335,1080.0,1160.083821887919,-80.08382188791893
225411,1105.0,1165.876714203245,-60.876714203245
225509,1400.0,1096.7134766319539,303.2865233680461
225588,1510.0,1110.0628121282784,399.93718787172156
225658,1460.0,1269.2405595968128,190.75944040318723
225673,1420.0,1198.4890588530707,221.51094114692933
225717,1100.0,1140.471224677448,-40.471224677447935
225761,1307.0,1074.9433410225602,232.05665897743984
225789,1096.0,1029.9734107386857,66.02658926131426
225816,1091.0,1141.5285344277527,-50.528534427752675
225896,1145.0,1247.040669051713,-102.04066905171294
225937,577.0,733.3947369754558,-156.39473697545577
225960,1545.0,1264.2659801824689,280.73401981753113
226089,1105.0,1116.9614864451573,-11.961486445157334
226122,1180.0,1203.313236918039,-23.31323691803891
226143,1125.0,1210.8291791644717,-85.82917916447173
226152,730.0,743.3864379067832,-13.386437906783158
226164,470.0,726.9126627762039,-256.9126627762039
226177,1256.0,1159.1362833872026,96.86371661279736
226213,1250.0,1193.1522341641303,56.84776583586972
226223,1375.0,1178.947470473031,196.052529526969
226225,1325.0,1242.9860188254286,82.01398117457143
226229,1112.0,1100.872364794265,11.127635205735032
226259,1050.0,1109.7042477457333,-59.704247745733255
226271,727.0,690.3135084512547,36.686491548745266
226286,455.0,609.4458887928561,-154.44588879285607
226298,661.0,1097.902553316366,-436.90255331636604
226482,880.0,688.4356836953976,191.56431630460236
226528,672.0,579.9459414559295,92.05405854407047
226647,755.0,654.0134710156967,100.98652898430328
226657,1587.0,1048.6426017981687,538.3573982018313
226674,950.0,992.9038992373873,-42.90389923738735
226681,1340.0,1245.303282873481,94.69671712651893
226690,1335.0,1158.4020519278397,176.5979480721603
226754,1250.0,1126.8344861593775,123.16551384062245
226809,670.0,647.3951265728869,22.604873427113148
226873,1470.0,1249.4923662814845,220.50763371851554
226999,1190.0,1167.4400021459373,22.559997854062658
227024,1245.0,1214.5876766272286,30.412323372771425
227065,1105.0,1090.2500450204614,14.749954979538643
227079,1190.0,1183.3350820894439,6.664917910556142
227086,738.0,984.1803857268762,-246.18038572687624
227207,1580.0,1147.68788778746,432.3121122125399
227220,1210.0,1175.2009848413356,34.79901515866436
227266,1135.0,984.8613108797618,150.13868912023815
227290,1014.0,1140.5078576469996,-126.50785764699958
227466,1060.0,1103.6361119180342,-43.6361119180342
227468,1014.0,1014.2142648313356,-0.21426483133564034
227491,1290.0,1179.2910287045963,110.70897129540367
227498,638.0,621.3102472128902,16.689752787109796
227617,1168.0,1080.936164570211,87.06383542978892
227671,1330.0,1194.2788584498874,135.72114155011263
227680,1168.0,1114.1877455538865,53.81225444611346
227706,1220.0,1266.3644566033356,-46.36445660333561
227743,870.0,735.1920249432001,134.80797505679993
227772,804.0,1064.5575844929692,-260.5575844929692
227826,1100.0,1117.6875518032816,-17.68755180328162
227846,720.0,678.5893897874495,41.41061021255052
227902,904.0,1026.3171772842281,-122.31717728422814
228018,816.0,981.165474776477,-165.16547477647703
228077,885.0,963.4136803245201,-78.4136803245201
228092,1217.0,1147.3003300776859,69.69966992231411
228158,1317.0,1088.8872440288264,228.11275597117356
228163,672.0,656.426935432024,15.573064567975962
228165,1000.0,1098.568734852626,-98.568734852626
228169,1060.0,1285.6202928293649,-225.62029282936487
228250,696.0,624.1771808219656,71.82281917803436
228296,535.0,634.0027333663099,-99.00273336630994
228322,950.0,1079.046860260391,-129.04686026039099
228339,1130.0,1199.44800237687,-69.44800237686991
228526,1180.0,1168.27637913454,11.723620865459907
228601,1069.0,1033.5022531234497,35.49774687655031
228609,1280.0,1184.0996301625164,95.9003698374836
228617,1268.0,1091.3130856810772,176.68691431892285
228633,1087.0,1088.4556936289816,-1.455693628981635
228768,580.0,742.7635926994877,-162.76359269948773
228918,1680.0,1211.32958035606,468.67041964394
228944,1135.0,1264.8843946491077,-129.88439464910766
228947,650.0,683.8048599351766,-33.80485993517664
229092,1085.0,1048.4179173292678,36.582082670732234
229103,710.0,627.3742881098748,82.62571189012522
229186,1245.0,1132.2858591396457,112.71414086035429
229262,1032.0,1067.5994869928606,-35.59948699286065
229288,779.0,716.413670621387,62.58632937861296
229392,1155.0,1070.9675352659467,84.03246473405329
229398,860.0,989.9142185873984,-129.9142185873984
229482,830.0,1096.764748152026,-266.76474815202596
229496,1075.0,1042.5721577116121,32.427842288387865
229701,680.0,659.2006091381782,20.79939086182185
229796,660.0,678.3849782805613,-18.384978280561313
229833,1179.0,1148.3914838160827,30.608516183917345
229841,820.0,1121.8250149518547,-301.82501495185466
229844,746.0,684.9150092741068,61.08499072589325
230036,1230.0,1159.4816036714794,70.51839632852057
230043,611.0,1241.2570496281032,-630.2570496281032
230044,957.0,976.7809259539791,-19.780925953979136
230045,1036.0,1099.426102013433,-63.42610201343291
230189,793.0,1080.7230460268781,-287.72304602687814
230217,995.0,956.3081095537751,38.691890446224875
230235,725.0,591.8561912963428,133.1438087036572
230266,950.0,1153.0377899294558,-203.0377899294558
230307,890.0,1010.4591649651303,-120.4591649651303
230408,1200.0,1195.9956224246534,4.0043775753465525
230424,1015.0,1169.1517681500625,-154.15176815006248
230450,629.0,707.6174186237836,-78.61741862378358
230540,1070.0,1176.7736970665503,-106.77369706655031
230573,838.0,977.9530433361823,-139.9530433361823
230596,1430.0,1248.3354171555952,181.66458284440478
230697,1155.0,1201.5770834991206,-46.57708349912059
230739,1202.0,1030.3112436374117,171.68875636258826
230774,1190.0,1229.7672873195486,-39.767287319548586
230791,630.0,667.8080641226006,-37.808064122600626
230803,1060.0,1110.0365919572469,-50.036591957246856
230833,605.0,715.0913549363454,-110.0913549363454
230903,1265.0,1206.8830161603464,58.116983839653585
230925,1285.0,1171.7649525403808,113.23504745961918
230950,1345.0,1213.5770693178172,131.42293068218282
230991,1400.0,1188.5871417960773,211.41285820392272
231036,1080.0,1238.8199260977344,-158.81992609773442
231037,750.0,736.3447052753846,13.655294724615374
231056,1230.0,1109.1437156228606,120.85628437713945
231158,1155.0,997.1246356632079,157.87536433679213
231339,1250.0,1015.8094190315833,234.19058096841673
231358,1030.0,1143.2078984497773,-113.2078984497773
231409,1290.0,1185.8665550558644,104.13344494413559
231459,1300.0,1116.4554017971261,183.54459820287389
231515,765.0,731.3977779339575,33.602222066042486
231526,513.0,672.9743679502386,-159.97436795023862
231572,1225.0,1164.0652553805858,60.93474461941423
231581,767.0,715.0281232144268,51.97187678557316
231618,1155.0,1235.6092765785759,-80.60927657857587
231691,1205.0,1082.9987902877347,122.00120971226534
231828,1135.0,1108.3060329584853,26.693967041514725
231835,1210.0,1168.9187632167936,41.08123678320635
231858,1025.0,1097.7293621008132,-72.7293621008132
231978,1420.0,1284.0763673343108,135.92363266568918
232120,1105.0,1144.65091611654,-39.650916116539975
232145,1050.0,991.2749700552969,58.725029944703124
232182,981.0,1022.970701815404,-41.97070181540403
232193,1351.0,1230.9599678901084,120.04003210989163
232199,1045.0,1062.2320992955035,-17.23209929550353
232210,926.0,982.4473788928144,-56.44737889281441
232226,956.0,686.7291664252745,269.27083357472554
232349,691.0,690.4544781553828,0.5455218446171557
232404,1165.0,1096.6916093883947,68.30839061160532
232455,1285.0,1244.3491093732337,40.65089062676634
232475,1260.0,1227.1526733714586,32.847326628541396
232497,959.0,997.7007359137652,-38.70073591376524
232570,1117.0,1161.6833430641423,-44.683343064142264
232603,1285.0,1230.3757897698188,54.624210230181234
232658,1185.0,1216.8357639535498,-31.83576395354976
232690,1250.0,1229.8426017745824,20.157398225417637
232712,1270.0,1228.2113968175313,41.788603182468705
232730,878.0,992.3873303551832,-114.38733035518317
232763,930.0,1154.9592472669253,-224.95924726692533
232789,1026.0,1019.7222861838086,6.277713816191408
232790,1084.0,1095.7703381073736,-11.770338107373618
232805,740.0,703.6024364426569,36.39756355734312
232826,1515.0,1233.9270525713318,281.07294742866816
232830,1255.0,1261.593973291369,-6.593973291368911
232867,705.0,660.162948714606,44.837051285393954
232870,1330.0,1147.5896569509807,182.41034304901927
232946,1130.0,1242.4574877085658,-112.45748770856585
232968,1310.0,1217.274111302986,92.72588869701394
232986,1080.0,1118.6886257427373,-38.68862574273726
233026,788.0,968.7205952934903,-180.7205952934903
233098,830.0,636.3092394024499,193.69076059755014
233119,1136.0,1142.8586417069412,-6.858641706941171
233212,1415.0,1252.700160023538,162.29983997646195
233218,1035.0,1056.6749350752723,-21.674935075272288
233268,1120.0,988.0996807646751,131.9003192353249
233285,1045.0,1071.085733297882,-26.085733297881916
233399,965.0,980.7277646218794,-15.727764621879373
233445,1130.0,1197.783862666487,-67.78386266648704
233497,1215.0,1213.1650030705887,1.834996929411318
233505,1058.0,1227.9912731056827,-169.9912731056827
233508,1040.0,1012.192747249706,27.80725275029397
233536,1590.0,1292.5626852614437,297.4373147385563
233542,1125.0,1100.92893715207,24.07106284793008
233574,1090.0,1080.837061097337,9.162938902662972
233585,912.0,953.7706211984492,-41.77062119844925
233619,1070.0,1027.0357099388257,42.964290061174324
233631,1370.0,1179.0520879807837,190.94791201921635
233661,820.0,1091.9680455869634,-271.9680455869634
233674,1180.0,1213.7704795131915,-33.7704795131915
233758,900.0,1071.1294035512171,-171.12940355121714
233769,1865.0,1209.804196521431,655.1958034785689
233780,1335.0,1144.152061991372,190.84793800862803
233816,771.0,1002.636309580465,-231.63630958046497
233828,1224.0,1141.9781633682205,82.02183663177948
233831,1340.0,1188.9671334417205,151.03286655827947
233849,1170.0,1181.5311775493133,-11.53117754931327
233855,1312.0,1176.2802752755479,135.71972472445213
233901,1495.0,1220.983221309256,274.0167786907441
233911,1310.0,1191.7010956562126,118.2989043437874
233926,849.0,718.7307362276714,130.2692637723286
233959,935.0,731.4160877438361,203.5839122561639
233972,1115.0,1146.7830381464535,-31.783038146453464
233996,755.0,670.6328404391217,84.36715956087835
234004,1170.0,1191.5496978053084,-21.54969780530837
234057,793.0,730.4170390871027,62.582960912897306
234089,700.0,711.9174471243297,-11.91744712432967
234111,1195.0,1184.2724996947468,10.727500305253216
234137,1170.0,1126.4372247917993,43.56277520820072
234147,882.0,700.4441092282759,181.55589077172408
234155,780.0,746.9980777156669,33.00192228433309
234162,1105.0,1058.0071115602757,46.99288843972431
234179,1144.0,1174.9230044115916,-30.92300441159159
234206,755.0,663.4173171983365,91.58268280166351
234266,1228.0,1112.4366940110299,115.56330598897011
234291,610.0,720.558743799686,-110.558743799686
234292,1290.0,1182.2922186028177,107.70778139718232
234296,905.0,986.6542068265596,-81.65420682655963
234303,1430.0,1234.2004945807923,195.79950541920766
234312,765.0,716.3428609694657,48.65713903053427
234319,1245.0,1124.9923053237462,120.00769467625378
234341,1295.0,1130.800663228444,164.1993367715561
234350,930.0,1110.3173465169475,-180.3173465169475
234386,1250.0,1121.2091079201653,128.79089207983475
234422,1312.0,1240.860898178971,71.13910182102904
234432,1290.0,1059.0047217232432,230.99527827675684
234449,1455.0,1211.4429200068505,243.5570799931495
234452,1201.0,1222.3886639351397,-21.388663935139675
234490,1255.0,1220.0843087081394,34.91569129186064
234514,1087.0,1176.4443742411938,-89.44437424119383
234548,1135.0,1128.7414660280947,6.258533971905308
234564,999.0,967.0812237889139,31.918776211086083
234613,1075.0,1207.4506878004759,-132.45068780047586
234622,1130.0,1201.8815246282168,-71.88152462821677
234632,1745.0,1152.4631413034192,592.5368586965808
234660,884.0,897.8008090678335,-13.800809067833484
234771,750.0,936.2574267612404,-186.25742676124037
234782,585.0,642.4757920785099,-57.475792078509926
234796,695.0,681.8240340059684,13.175965994031571
234805,1295.0,1254.031271845799,40.96872815420102
234819,1182.0,1195.7101804286299,-13.710180428629883
234840,1155.0,1063.6374856991838,91.3625143008162
234898,1411.0,1207.5151578644397,203.48484213556026
234931,1036.0,1085.1197302226572,-49.119730222657154
234949,585.0,650.7178669852898,-65.71786698528979
234960,754.0,665.3633121245671,88.63668787543293
234992,585.0,638.7053331467962,-53.70533314679619
235003,725.0,701.4319990346402,23.56800096535983
235004,715.0,726.1720883631226,-11.172088363122612
235018,910.0,1069.788947578207,-159.78894757820694
235026,1135.0,1236.3246927751059,-101.32469277510586
235032,1170.0,1145.9554017550458,24.04459824495416
235054,825.0,732.8025549732904,92.1974450267096
235056,810.0,967.3692938449075,-157.36929384490747
235075,690.0,696.5301561492181,-6.530156149218101
235091,1250.0,1192.5760030555905,57.42399694440951
235105,670.0,640.0300948915475,29.969905108452508
235136,785.0,717.9609878099561,67.03901219004388
235145,1183.0,1212.1759368293845,-29.175936829384455
235200,1225.0,1165.8633010260824,59.136698973917646
235207,1150.0,1226.027351249651,-76.02735124965102
235215,1543.0,1254.3013313788374,288.6986686211626
235225,1600.0,1102.7325164188578,497.2674835811422
235255,573.0,643.9959593588791,-70.99595935887908
235331,1030.0,943.466086510086,86.53391348991397
235377,900.0,1178.7247124783455,-278.7247124783455
235438,1047.0,1145.1484263425182,-98.14842634251818
235539,850.0,703.2479783682547,146.75202163174527
235550,1100.0,1040.1182009110516,59.881799088948355
235580,970.0,1073.3878451916435,-103.38784519164346
235599,915.0,1212.8834420068401,-297.88344200684014
235606,1080.0,1057.9823426707896,22.01765732921035
235618,910.0,1221.9394542464593,-311.93945424645926
235626,1307.0,1149.4485639520308,157.55143604796922
235652,1465.0,1241.8227450738395,223.17725492616046
235712,1222.0,1170.4761559852413,51.52384401475865
235717,780.0,906.2476491372518,-126.24764913725176
235718,1185.0,1152.2799969043979,32.720003095602124
235786,745.0,664.7854521710003,80.21454782899968
235837,1052.0,979.6583644730605,72.34163552693951
235889,1090.0,1148.5586849188826,-58.55868491888259
235890,1165.0,1182.6505798684595,-17.650579868459545
235892,750.0,994.3869683320934,-244.38696833209337
235931,522.0,693.4018294844645,-171.40182948446454
235953,1124.0,1077.6249779505952,46.37502204940483
236013,1136.0,1122.1390336697377,13.860966330262272
236016,880.0,707.0022448772983,172.99775512270173
236053,1000.0,1103.9808390657213,-103.98083906572128
236085,1284.0,1239.1488612124626,44.851138787537366
236097,455.0,616.0912256490675,-161.0912256490675
236115,793.0,707.004617766072,85.99538223392801
236138,890.0,1100.688131305536,-210.688131305536
236148,1050.0,1165.0320609117996,-115.03206091179959
236149,710.0,684.9912613888353,25.008738611164745
236161,1155.0,1115.3982150686343,39.60178493136573
236170,860.0,1183.882556513436,-323.88255651343593
236185,1223.0,1202.2561600977187,20.743839902281252
236191,1009.0,1013.1343497508944,-4.134349750894444
236218,1125.0,1123.653987704634,1.3460122953661084
236233,875.0,1053.6922349234635,-178.6922349234635
236265,760.0,683.2448071657994,76.75519283420056
236323,830.0,1065.8541952717992,-235.8541952717992
236351,980.0,1233.5811105566233,-253.58111055662334
236361,1160.0,1182.7284828910913,-22.72848289109129
236370,1210.0,1174.4827526741592,35.5172473258408
236386,1160.0,1150.4223577335702,9.577642266429848
236402,725.0,673.1169517440587,51.883048255941276
236413,734.0,653.7612646321141,80.23873536788585
236421,1037.0,1071.5384299118916,-34.538429911891626
236423,687.0,691.56056939127,-4.560569391269951
236430,959.0,1097.3399863915124,-138.3399863915124
236432,1019.0,1019.5851780602356,-0.5851780602356484
236461,1005.0,1005.4594573684443,-0.45945736844430485
236483,1047.0,1097.352062158647,-50.35206215864696
236495,935.0,993.5812164494228,-58.581216449422755
236507,1169.0,1187.53175451069,-18.531754510690007
236572,761.0,697.6622089712079,63.33779102879214
236601,985.0,1042.1421280788495,-57.14212807884951
236694,1240.0,1190.5670948939833,49.43290510601673
236729,1300.0,1141.3337760486618,158.66622395133822
236817,882.0,1113.0077873890684,-231.00778738906843
236850,1045.0,1097.2326407523199,-52.23264075231987
236856,1320.0,1180.5566737026172,139.44332629738278
236871,815.0,719.7523184939226,95.24768150607736
236909,1030.0,1070.9892173071812,-40.98921730718121
236915,650.0,1153.2518237411641,-503.2518237411641
236948,960.0,944.6334192341913,15.366580765808749
236970,964.0,1130.800663228444,-166.8006632284439
237033,716.0,729.2064563592162,-13.20645635921619
237051,820.0,662.9882456773473,157.01175432265268
237075,624.0,643.9480547403574,-19.948054740357406
237106,1130.0,1272.9189488268275,-142.91894882682755
237133,820.0,694.4448777076619,125.55512229233807
237136,1400.0,1158.6460834695029,241.35391653049714
237157,820.0,724.4415022106888,95.55849778931122
237173,795.0,654.2180175087183,140.78198249128172
237174,705.0,699.7349066084992,5.265093391500841
237199,1107.0,1177.3424964026565,-70.34249640265648
237263,1050.0,1159.2705773761252,-109.27057737612517
237266,850.0,1113.806807087375,-263.8068070873751
237285,1195.0,1141.5709033778676,53.42909662213242
237293,1285.0,1111.1894381067848,173.8105618932152
237313,980.0,1162.617608855091,-182.61760885509102
237322,1234.0,1114.1965856072816,119.80341439271842
237391,760.0,727.0087202899169,32.99127971008306
237428,865.0,1001.0548111582015,-136.05481115820146
237434,605.0,644.5443223537627,-39.54432235376271
237441,950.0,1137.4880631480569,-187.48806314805688
237442,957.0,1059.3679820416257,-102.36798204162574
237526,775.0,1086.3082756274378,-311.30827562743775
237543,1165.0,1209.9921349677998,-44.99213496779976
237545,1045.0,1112.2533695864965,-67.25336958649655
237547,1030.0,1088.6982892798471,-58.69828927984713
237550,944.0,1019.0956033934559,-75.09560339345592
237551,803.0,659.4305022197755,143.56949778022454
237555,1035.0,1031.2244714649323,3.7755285350676786
237559,1025.0,1039.4777643602088,-14.477764360208766
237580,1265.0,1146.4346009512415,118.56539904875854
237584,1375.0,1220.0844856540787,154.91551434592134
237625,800.0,734.0743315269704,65.92566847302965
237653,1055.0,1238.2372275623932,-183.23722756239317
237661,1090.0,1061.329651557307,28.67034844269301
237669,1340.0,1148.1213656509922,191.87863434900783
237735,1380.0,1181.6991769525785,198.30082304742155
237775,605.0,681.0799495032347,-76.07994950323473
237778,555.0,731.7627636920267,-176.76276369202674
237814,510.0,622.9705103644243,-112.97051036442429
237846,1150.0,1133.3890729987752,16.61092700122481
237856,1330.0,1251.3556775302045,78.6443224697955
237879,685.0,665.4300919797894,19.56990802021062
237886,1090.0,1111.000075589631,-21.000075589631024
237896,805.0,704.0099412282435,100.99005877175648
237897,990.0,1194.2896821439874,-204.28968214398742
237903,645.0,610.9592252656719,34.040774734328124
237916,1061.0,1114.929278752429,-53.9292787524289
237925,1050.0,1163.7410669816422,-113.74106698164223
237934,980.0,1176.561394071782,-196.56139407178193
237946,1295.0,1214.3357553589155,80.66424464108445
237956,1380.0,1267.5248129720558,112.47518702794423
237958,1015.0,1144.7966270399875,-129.79662703998747
238009,1091.0,927.684417331377,163.31558266862305
238059,555.0,646.9533850541281,-91.95338505412815
238105,845.0,1006.9656074123766,-161.96560741237658
238144,1356.0,1233.4405833095134,122.55941669048661
238157,745.0,647.876241076181,97.12375892381897
238171,1274.0,1152.3165382727373,121.68346172726274
238195,1260.0,1264.118556949882,-4.118556949882077
238208,1090.0,729.6774993408493,360.3225006591507
238215,1395.0,1226.5859603875826,168.41403961241735
238220,980.0,1027.7494270722598,-47.74942707225978
238234,1300.0,1187.5920031459796,112.40799685402044
238262,995.0,1146.9876662067463,-151.98766620674633
238279,970.0,1150.5736833846665,-180.57368338466654
238295,1490.0,1244.6671801619696,245.33281983803045
238324,1290.0,1179.8605773067402,110.1394226932598
238332,605.0,722.0636151086053,-117.06361510860529
238352,585.0,711.703845373759,-126.70384537375901
238360,645.0,723.0181068325089,-78.01810683250892
238371,900.0,714.9881475847523,185.01185241524774
238372,985.0,723.0222221962604,261.9777778037396
238412,885.0,738.7256221828055,146.27437781719448
238442,650.0,728.5875840167873,-78.58758401678733
238453,845.0,734.8111678005102,110.18883219948975
238476,770.0,725.4263055074653,44.57369449253474
238489,1260.0,1241.0461290951455,18.95387090485451
238495,1091.0,1152.040278782662,-61.04027878266197
238501,680.0,623.7090707062711,56.29092929372894
238514,1102.0,1204.005366769816,-102.00536676981596
238515,985.0,1066.0203393513361,-81.02033935133613
238541,793.0,635.5575547536952,157.44244524630483
238637,1310.0,1240.9901426150939,69.00985738490613
238671,930.0,712.5563396301648,217.44366036983524
238692,1126.0,1185.2552249822622,-59.255224982262234
238706,440.0,595.58856333651,-155.58856333651
238773,805.0,737.8490086419151,67.15099135808487
238799,795.0,712.1650823668854,82.83491763311463
238805,1200.0,1234.2293118377042,-34.229311837704245
238835,940.0,1116.8157275977248,-176.81572759772484
238842,1130.0,1209.8928172740568,-79.89281727405682
238846,1485.0,1234.8398785230108,250.16012147698916
238854,1295.0,1197.4189716502133,97.58102834978672
238860,212.0,691.8389748252021,-479.83897482520206
238871,601.0,635.3549368952305,-34.35493689523048
238899,758.0,729.628357008979,28.371642991020963
238902,1530.0,1145.5883026279732,384.41169737202677
238914,945.0,678.747543557615,266.252456442385
238917,914.0,940.4594146186163,-26.45941461861628
238948,745.0,692.0263533915276,52.97364660847245
238964,1345.0,1071.4938835416556,273.5061164583444
238966,1184.0,1119.0288409770553,64.97115902294468
238993,1124.0,1108.3060329584853,15.693967041514725
239006,1346.0,1188.0760076555414,157.9239923444586
239023,1495.0,1092.3368604312216,402.66313956877843
239059,945.0,1087.678331985077,-142.67833198507697
239086,1130.0,1154.1838149907298,-24.183814990729843
239100,570.0,724.4230141290359,-154.4230141290359
239129,1180.0,1025.8409272254319,154.15907277456813
239139,780.0,711.8373569918722,68.16264300812782
239142,760.0,670.0903298440538,89.90967015594617
239146,1210.0,1173.134767480584,36.86523251941594
239157,605.0,671.5973836637254,-66.5973836637254
239174,1305.0,1135.9073804808747,169.09261951912526
239242,1335.0,1134.560695065473,200.43930493452694
239257,1050.0,976.5182111432933,73.48178885670666
239302,820.0,1082.2837103495729,-262.28371034957286
239316,875.0,690.9773178960713,184.02268210392867
239353,1179.0,1160.184268592143,18.8157314078569
239454,915.0,1128.2743578877314,-213.2743578877314
239473,1020.0,1121.3751257214144,-101.3751257214144
239475,1010.0,1153.8241459729156,-143.82414597291563
239476,810.0,686.8575109269868,123.14248907301317
239479,720.0,680.016718800342,39.983281199657995
239506,845.0,716.6855929217028,128.31440707829722
239512,1080.0,1153.0479695547485,-73.04796955474853
239536,440.0,696.214458723041,-256.21445872304105
239538,1245.0,1124.5945839144852,120.40541608551484
239542,705.0,668.6218658351049,36.37813416489507
239551,740.0,730.3331523692166,9.666847630783423
239556,1175.0,1213.3240965555924,-38.324096555592405
239570,725.0,704.6961648589873,20.303835141012655
239580,1165.0,1126.714590954873,38.285409045126926
239583,660.0,953.8226696674195,-293.8226696674195
239596,1069.0,1074.0529464399253,-5.052946439925336
239606,1260.0,1213.4188751189865,46.581124881013466
239611,675.0,705.7578412777318,-30.757841277731814
239624,775.0,1198.6162633665322,-423.61626336653217
239642,1135.0,1074.9538859563052,60.04611404369484
239645,510.0,699.1183844582516,-189.11838445825163
239672,720.0,596.7736605907023,123.22633940929768
239715,1320.0,1267.3416484207305,52.65835157926949
239717,1240.0,1114.7625152080557,125.23748479194433
239755,1420.0,1238.3033244160217,181.69667558397828
239758,1055.0,1121.807481415249,-66.80748141524896
239817,988.0,1150.8126466778804,-162.81264667788037
239819,975.0,1235.2155955092771,-260.21559550927714
239848,945.0,1056.6717494123786,-111.67174941237863
239853,1455.0,1194.6205309446366,260.3794690553634
239902,605.0,655.9590214016031,-50.95902140160308
239932,1665.0,1278.3083119527755,386.6916880472245
239951,931.0,955.8232552873644,-24.823255287364418
239978,1082.0,1205.3871270774343,-123.38712707743434
240012,685.0,706.3688262529508,-21.36882625295084
240015,1095.0,1065.8930420539111,29.10695794608887
240027,1150.0,1236.9462283859896,-86.94622838598957
240047,675.0,724.1291283698749,-49.129128369874934
240142,790.0,680.9489188649725,109.05108113502752
240182,730.0,705.1718247886344,24.828175211365647
240202,1050.0,1178.5115884996283,-128.51158849962826
240206,1450.0,1141.3048179193054,308.6951820806946
240223,1360.0,1209.183981436741,150.81601856325892
240234,1160.0,1133.6934124427698,26.30658755723016
240245,715.0,722.7344806202641,-7.734480620264094
240247,1100.0,1201.5522688415792,-101.55226884157923
240256,805.0,715.6775273710057,89.32247262899432
240299,959.0,1156.0922526924112,-197.0922526924112
240305,1100.0,1194.8673917596757,-94.86739175967568
240319,1430.0,1279.2133813263158,150.7866186736842
240322,695.0,692.6360406812412,2.363959318758816
240332,905.0,1128.1879628689387,-223.1879628689387
240348,692.0,692.4541129888057,-0.4541129888057185
240363,862.0,1180.9238875651085,-318.92388756510854
240389,825.0,624.7194752696589,200.28052473034109
240426,1040.0,1188.839751487074,-148.83975148707395
240435,524.0,695.6479762363326,-171.64797623633262
240457,1355.0,1245.791989976525,109.20801002347503
240459,635.0,622.1986651328228,12.801334867177161
240497,639.0,703.3000036986218,-64.30000369862182
240521,525.0,708.2916800788762,-183.2916800788762
240528,585.0,666.2526743825663,-81.25267438256628
240568,992.0,1018.9034003553844,-26.903400355384406
240588,981.0,969.4029143193584,11.597085680641612
240656,1040.0,1203.6843685663987,-163.6843685663987
240661,1080.0,1050.0906272725508,29.90937272744918
240685,760.0,720.6327139468887,39.36728605311134
240706,1140.0,1163.2116537794764,-23.211653779476364
240717,683.0,682.191744768063,0.8082552319369825
240725,1150.0,1222.8094300773528,-72.80943007735277
240783,1150.0,1257.362903512684,-107.36290351268394
240821,786.0,657.7082348163842,128.29176518361578
240893,659.0,590.6442346425316,68.35576535746839
240919,577.0,704.0590938406416,-127.0590938406416
240948,1670.0,1265.038717745967,404.961282254033
241003,1385.0,1194.5721723302015,190.4278276697985
241070,645.0,686.4689619576244,-41.4689619576244
241112,550.0,703.8864541318937,-153.88645413189374
241124,1363.0,1082.9722563333428,280.0277436666572
241193,1125.0,1152.953197845026,-27.953197845025898
241204,1130.0,1215.6258298693217,-85.6258298693217
241228,1014.0,1094.0605793984591,-80.06057939845914
241230,855.0,711.6977206704349,143.30227932956507
241273,1246.0,1175.0130767106625,70.98692328933748
241283,1057.0,994.7648468166683,62.235153183331704
241304,1055.0,1185.1484951858124,-130.1484951858124
241315,912.0,1250.0092778085586,-338.00927780855864
241322,1000.0,1239.1291806039947,-239.12918060399466
241369,1320.0,1271.095500147657,48.90449985234295
241383,670.0,952.6555064271968,-282.65550642719677
241391,1045.0,1007.621646796465,37.37835320353497
241412,767.0,655.6445704390209,111.35542956097913
241417,1165.0,1290.3310740634615,-125.33107406346153
241428,1036.0,1016.6566415166618,19.343358483338193
241436,1520.0,1238.637411282395,281.3625887176049
241459,645.0,678.2638233308414,-33.26382333084143
241473,920.0,681.0882671172226,238.91173288277741
241506,915.0,991.285996348025,-76.28599634802504
241603,1290.0,1182.9618607154666,107.03813928453337
241626,750.0,711.3554049432715,38.64459505672846
241635,1049.0,1188.4472032731621,-139.44720327316213
241642,1241.0,1193.1319105042408,47.86808949575925
241654,1260.0,1126.467210144398,133.532789855602
241661,605.0,632.0570374090362,-27.057037409036184
241669,1190.0,1120.1323775742949,69.86762242570512
241692,851.0,641.5760092395353,209.42399076046468
241716,1185.0,1138.1187672410897,46.8812327589103
241724,1300.0,1172.7501672158685,127.24983278413151
241763,1213.0,1120.7225751470942,92.27742485290582
241787,1365.0,1279.6429413703415,85.35705862965847
241802,560.0,717.356570138962,-157.35657013896196
241865,1280.0,1133.5754731154227,146.4245268845773
241872,955.0,1088.324394351301,-133.32439435130095
241880,1420.0,1259.1897726385005,160.81022736149953
241882,592.0,706.3359768110947,-114.33597681109472
241908,1135.0,1171.649585677832,-36.649585677831965
241924,745.0,634.2915472237445,110.70845277625551
241957,1060.0,1109.673246795117,-49.67324679511694
241963,1170.0,1152.4738169366972,17.526183063302824
241972,1305.0,1238.4404775715223,66.55952242847775
242002,694.0,681.4757674665186,12.524232533481381
242019,1301.0,1110.5337133259757,190.46628667402433
242029,1160.0,1224.792002713114,-64.79200271311402
242080,1488.0,1027.2402658322108,460.75973416778925
242124,1055.0,1054.0742154265965,0.9257845734034618
242128,1245.0,1174.1656711482806,70.83432885171942
242136,805.0,683.3489727143019,121.65102728569809
242144,755.0,1022.6054575309156,-267.6054575309156
242179,1035.0,1055.2416417815382,-20.241641781538192
242184,830.0,1060.7521268497355,-230.75212684973553
242211,882.0,699.8945351780791,182.10546482192092
242255,1300.0,1105.5608537909911,194.43914620900887
242298,1140.0,1213.4930105685532,-73.49301056855325
242323,786.0,682.2725733907116,103.72742660928839
242334,1120.0,1207.862549608945,-87.86254960894507
242365,981.0,1162.7848543364123,-181.7848543364123
242400,1001.0,1096.1765678095355,-95.17656780953553
242419,1115.0,1072.8167722515695,42.183227748430454
242422,1135.0,1179.02366056828,-44.02366056828009
242478,1136.0,1104.5460672515565,31.45393274844355
242493,1150.0,1042.1543875929494,107.84561240705057
242541,1225.0,1119.7709750919282,105.22902490807178
242590,950.0,1099.882568660893,-149.88256866089296
242597,882.0,1071.282079265729,-189.28207926572895
242652,1260.0,1128.9153186426306,131.0846813573694
242666,728.0,1024.6500913817708,-296.65009138177084
242686,1370.0,1266.1079174881356,103.89208251186437
242699,1071.0,1231.0358490363565,-160.03584903635647
242703,1045.0,1191.3819912063163,-146.38199120631634
242716,1165.0,1143.9890035788592,21.010996421140817
242733,745.0,717.7559283596133,27.244071640386665
242747,715.0,702.4875715101556,12.51242848984441
242781,695.0,736.6334976645512,-41.633497664551214
242799,1290.0,1230.1203913700542,59.87960862994578
242812,543.0,719.8894555398861,-176.88945553988606
242871,1240.0,1074.1964894076,165.80351059240002
242885,825.0,654.4171565975715,170.58284340242847
242983,710.0,707.0696304769126,2.9303695230873927
243003,1030.0,1096.1541714485754,-66.15417144857543
243016,756.0,666.3806324947225,89.61936750527752
243024,821.0,687.2626328425765,133.73736715742348
243041,700.0,699.4071555135441,0.5928444864558742
243054,1355.0,1172.5914793687964,182.4085206312036
243058,830.0,727.249657957874,102.75034204212602
243068,929.0,972.9097929595363,-43.909792959536276
243073,1405.0,1191.6873673068976,213.3126326931024
243166,1092.0,1015.4255153028888,76.57448469711119
243193,1535.0,1196.8607871941567,338.1392128058433
243204,694.0,711.1817347897792,-17.18173478977917
243209,1047.0,1061.642985620175,-14.642985620175068
243235,535.0,646.4881219911512,-111.48812199115116
243236,925.0,1134.6250391417684,-209.6250391417684
243240,1300.0,1038.0048969568863,261.99510304311366
243247,750.0,709.9318567105761,40.068143289423915
243268,805.0,1019.9529710511088,-214.95297105110876
243295,1320.0,1096.5573750713468,223.44262492865323
243312,1410.0,1237.7204136403773,172.27958635962273
243319,1270.0,1209.5225355402465,60.47746445975349
243334,808.0,966.6477966173354,-158.64779661733542
243406,1423.0,1116.6724659568454,306.3275340431546
243437,1200.0,1116.3107294887593,83.6892705112407
243456,720.0,716.4420285150777,3.557971484922291
243485,738.0,695.0296709382847,42.97032906171535
243487,695.0,646.1190408924767,48.88095910752327
243519,980.0,1099.9637936917386,-119.9637936917386
243558,546.0,708.2494815585835,-162.2494815585835
243615,750.0,685.276017797413,64.72398220258697
243617,992.0,1080.4571863200147,-88.45718632001467
243659,535.0,700.7655546301072,-165.7655546301072
243663,1360.0,1094.5692470409904,265.4307529590096
243670,1200.0,1008.6511513178319,191.34884868216807
243708,1223.0,1100.9769379015916,122.02306209840845
243763,769.0,1020.9819229034304,-251.98192290343036
243799,1070.0,1109.9346461934133,-39.9346461934133
243855,1300.0,1191.732781389404,108.26721861059605
243857,530.0,697.3306776936047,-167.33067769360468
243883,940.0,1244.2693076422172,-304.2693076422172
243943,1140.0,1157.9111000573153,-17.911100057315252
243946,575.0,647.5777154942832,-72.57771549428321
243966,970.0,999.854833770242,-29.854833770241953
243974,890.0,1055.0337379157932,-165.03373791579315
244008,1190.0,1072.034144886714,117.9658551132859
244019,800.0,654.0599476362253,145.94005236377473
244022,555.0,657.953294848612,-102.95329484861202
244030,710.0,669.6119806703745,40.388019329625536
244057,1140.0,1234.9684349482068,-94.96843494820678
244070,500.0,658.8092194670858,-158.80921946708577
244072,1250.0,1224.2994349491034,25.700565050896557
244134,627.0,641.4396659177812,-14.439665917781213
244151,1169.0,1093.9283879725945,75.07161202740554
244204,513.0,685.7263155652442,-172.72631556524425
244212,1460.0,1222.043648620488,237.95635137951194
244269,1047.0,1093.0489985275353,-46.04899852753533
244277,900.0,1118.5763986754228,-218.57639867542275
244306,1085.0,1067.3450702171108,17.654929782889212
244389,715.0,694.05784207333,20.942157926670006
244402,1245.0,1274.325024669846,-29.325024669846016
244450,1085.0,1096.636379885861,-11.63637988586106
244485,1470.0,1217.592573639046,252.4074263609541
244504,1418.0,1031.4208233543013,386.5791766456987
244520,805.0,1149.3170493836933,-344.3170493836933
244523,1365.0,1212.788165998819,152.21183400118093
244531,1455.0,1130.4222866287073,324.5777133712927
244568,1126.0,1105.7798254874342,20.22017451256579
244597,955.0,1232.8134844387516,-277.81348443875163
244626,1042.0,1155.8880575559,-113.8880575559001
244698,1115.0,1021.5540091465303,93.44599085346965
244713,706.0,712.8960539610833,-6.896053961083339
244762,1145.0,1204.063897920055,-59.06389792005507
244768,1125.0,1114.8797964841892,10.120203515810772
244781,980.0,1087.451771215987,-107.45177121598704
244785,1315.0,1039.879703991714,275.120296008286
244789,755.0,697.2799878829616,57.720012117038436
244842,1105.0,1022.8508416747467,82.14915832525332
244855,585.0,623.253304298294,-38.25330429829398
244862,485.0,644.380938762034,-159.38093876203402
244880,1605.0,1277.6195795401372,327.38042045986276
244917,1370.0,1181.499945493382,188.50005450661797
244946,1570.0,1147.760453453186,422.2395465468139
244989,733.0,714.2906894630431,18.709310536956878
245004,1310.0,1250.770108021124,59.22989197887591
245008,870.0,964.6941772445,-94.6941772445
245078,1475.0,1203.5591166824179,271.4408833175821
245083,551.0,709.6130312606598,-158.6130312606598
245113,935.0,1089.8100680060957,-154.81006800609566
245130,570.0,685.3962767467523,-115.39627674675228
245131,620.0,641.8218587243587,-21.821858724358663
245144,1130.0,1112.4473676228504,17.55263237714962
245171,1005.0,1097.6466731107566,-92.64667311075664
245189,855.0,717.7998499829785,137.20015001702154
245193,530.0,650.9270321593697,-120.92703215936967
245205,948.0,1166.311354789391,-218.3113547893911
245209,660.0,704.4781074687662,-44.47810746876621
245260,1460.0,1179.3688600570085,280.63113994299147
245271,1480.0,1193.6903382322037,286.30966176779634
245281,1090.0,920.136278087112,169.86372191288797
245332,950.0,1064.8759612699473,-114.87596126994731
245336,1230.0,1112.1031111744453,117.8968888255547
245354,1150.0,1191.012887677746,-41.012887677745994
245390,830.0,657.2964274624205,172.70357253757948
245392,1091.0,1138.3402164002293,-47.34021640022934
245432,1286.0,1082.14551036258,203.8544896374201
245467,663.0,641.1629054698872,21.837094530112836
245485,1105.0,1008.6960570609529,96.30394293904715
245501,1380.0,1256.7620085589792,123.23799144102077
245517,546.0,622.8302125180376,-76.83021251803757
245522,930.0,1019.1304923499812,-89.13049234998118
245553,1334.0,1179.6077176086976,154.3922823913024
245608,750.0,685.233193563065,64.76680643693498
245625,1610.0,1231.8585338958842,378.1414661041158
245628,800.0,692.0888824359614,107.91111756403859
245634,800.0,936.9009223890669,-136.90092238906686
245655,1270.0,1156.814820535788,113.18517946421207
245672,1270.0,1251.4770989687136,18.522901031286438
245694,501.0,642.908232057963,-141.908232057963
245704,740.0,623.8667497878041,116.13325021219589
245705,925.0,1083.6521392145044,-158.65213921450436
245767,835.0,710.6332999370236,124.3667000629764
245783,785.0,678.9344636866471,106.06553631335294
245824,580.0,739.2491317112846,-159.24913171128458
245851,1145.0,1122.274401417918,22.725598582082057
245869,870.0,994.8086817137496,-124.80868171374959
245892,1050.0,1156.0005879111468,-106.0005879111468
245911,1160.0,1064.772148950118,95.22785104988202
245934,1315.0,1119.5063545316625,195.4936454683375
245967,585.0,704.0099412282435,-119.00994122824352
245981,920.0,693.5546850722441,226.44531492775593
246059,1240.0,1221.9035247061213,18.09647529387871
246065,1350.0,1206.4777107341615,143.52228926583848
246075,1290.0,1269.6632599595587,20.336740040441327
246099,1115.0,1239.3230575605037,-124.32305756050368
246142,766.0,1033.0217399658875,-267.0217399658875
246155,905.0,1062.0295353485114,-157.02953534851144
246183,980.0,1154.1635434555083,-174.16354345550826
246197,1480.0,1244.8119527074919,235.18804729250814
246199,1155.0,1172.904673864596,-17.904673864595907
246224,561.0,711.9937395811726,-150.99373958117258
246272,1155.0,1145.9601337835334,9.039866216466635
246289,545.0,678.2639724437064,-133.2639724437064
246334,1240.0,1142.8133405865055,97.18665941349445
246335,715.0,683.2437405844657,31.75625941553426
246374,1290.0,1244.4828766329874,45.51712336701257
246431,990.0,1073.6151517652143,-83.61515176521425
246437,950.0,718.4907521389283,231.50924786107169
246439,845.0,733.3150343487208,111.68496565127919
246460,832.0,684.0758830434846,147.92411695651538
246525,1495.0,1242.1435007831603,252.85649921683967
246547,880.0,721.6029954486905,158.39700455130946
246552,1370.0,1239.9354283054674,130.06457169453256
246560,686.0,724.5599359037908,-38.5599359037908
246605,485.0,658.8570047045969,-173.85700470459687
246619,940.0,1078.4884550600548,-138.48845506005478
246674,1350.0,1159.5595247256265,190.4404752743735
246680,890.0,1165.2417978753695,-275.24179787536946
246727,1124.0,1065.9939223489184,58.00607765108157
246760,970.0,1134.2465323026292,-164.24653230262925
246766,1210.0,1064.1410982027517,145.85890179724834
246772,893.0,1060.4145168065206,-167.41451680652062
246843,1173.0,1071.9375463406657,101.06245365933432
246875,535.0,691.208867770971,-156.20886777097098
246907,685.0,606.7827506720183,78.21724932798168
246916,615.0,729.2778071221452,-114.27780712214519
246918,720.0,730.1806436209652,-10.180643620965157
246934,695.0,609.4847741013668,85.51522589863316
246971,660.0,615.9522988762334,44.047701123766615
246985,1274.0,1210.2043732340505,63.795626765949464
247046,1091.0,1158.1455838010681,-67.14558380106814
247047,1425.0,1270.2190210879155,154.7809789120845
247055,948.0,1003.5458416559243,-55.54584165592428
247060,845.0,683.2577349421947,161.7422650578053
247074,1090.0,1051.4900732466886,38.50992675331145
247081,760.0,971.6145944277118,-211.61459442771184
247085,992.0,1017.5145330308661,-25.51453303086612
247101,1047.0,1106.87836354651,-59.878363546509945
247131,950.0,1112.5416340381164,-162.5416340381164
247145,1170.0,1216.6222178356338,-46.62221783563382
247151,685.0,739.4657472551845,-54.46574725518451
247155,665.0,1013.9126943484532,-348.9126943484532
247201,1142.0,1096.3586824907175,45.641317509282544
247205,834.0,729.9970539066283,104.00294609337175
247226,1147.0,1104.2336404031691,42.76635959683085
247273,711.0,696.2787803997792,14.72121960022082
247282,1091.0,1116.6724659568454,-25.67246595684537
247361,979.0,988.5091297602635,-9.509129760263477
247494,1045.0,1082.220696778914,-37.22069677891409
247514,948.0,978.6976997275498,-30.697699727549775
247517,882.0,1023.2070023079773,-141.2070023079773
247538,1400.0,1079.4699101370434,320.53008986295663
247551,1070.0,1074.3744361223537,-4.3744361223537
247557,1257.0,1131.0083206798593,125.99167932014075
247574,1270.0,1131.5334950576025,138.46650494239748
247601,660.0,679.8925380809109,-19.892538080910867
247624,1080.0,1172.540955615753,-92.54095561575309
247639,1081.0,1071.6043181949724,9.395681805027607
247645,745.0,747.2097450130532,-2.2097450130531797
247712,1301.0,1233.7365362841379,67.26346371586214
247715,634.0,608.0852802185377,25.91471978146228
247718,1080.0,1095.0130253109112,-15.013025310911189
247745,1108.0,1062.981525181696,45.01847481830396
247785,1091.0,1083.5625860711355,7.437413928864544
247793,1389.0,1106.2453265830532,282.75467341694684
247830,1230.0,1103.8771469104465,126.12285308955347
247840,1047.0,1132.1017203789636,-85.10172037896359
247849,846.0,1184.3881872368056,-338.3881872368056
247914,1120.0,1185.0723509938166,-65.0723509938166
247951,1221.0,1237.317172911428,-16.317172911428088
248015,1289.0,1160.4142121511068,128.58578784889323
248017,1010.0,1118.5763986754228,-108.57639867542275
248039,815.0,696.7446806973903,118.25531930260968
248047,670.0,689.3204931140556,-19.32049311405558
248055,975.0,1158.6902643980766,-183.69026439807658
248056,1131.0,1245.2485867352066,-114.24858673520657
248110,1328.0,1060.369350162474,267.6306498375261
248158,992.0,1073.9336050223528,-81.93360502235282
248173,701.0,648.072924782611,52.92707521738896
248257,1147.0,1001.7030525553456,145.2969474446544
248265,1014.0,1093.5627004588341,-79.56270045883412
248318,515.0,712.2540558630118,-197.25405586301179
248321,1470.0,1127.6488104457578,342.3511895542422
248343,970.0,914.9072448572259,55.09275514277408
248377,848.0,988.1135561982965,-140.11355619829646
248382,880.0,694.8698949238562,185.13010507614376
248392,1025.0,1071.7875991660053,-46.78759916600529
248419,1003.0,1113.3317864566022,-110.33178645660223
248451,1070.0,1048.3617343051212,21.638265694878783
248503,1330.0,1109.9660391064933,220.03396089350667
248531,1169.0,1062.3920936381558,106.60790636184424
248535,1005.0,721.2527474555203,283.7472525444797
248540,639.0,621.9494712220483,17.05052877795174
248563,679.0,722.95952118013,-43.95952118012997
248564,1097.0,1203.9323417089925,-106.93234170899245
248580,695.0,694.323712532157,0.6762874678430535
248692,1573.0,1215.3296827187157,357.67031728128427
248745,893.0,997.4949447931052,-104.49494479310522
248810,1287.0,1005.7185879273967,281.2814120726033
248817,553.0,688.890343976822,-135.890343976822
248835,952.0,1100.799469966282,-148.799469966282
248857,1265.0,1084.8623365805304,180.13766341946962
248892,765.0,657.961163574065,107.03883642593496
248982,729.0,959.8125916150556,-230.81259161505557
248983,930.0,1016.4512316905603,-86.45123169056035
248999,620.0,707.2765105571981,-87.2765105571981
249021,1176.0,1193.3316255810917,-17.331625581091657
249030,1164.0,1081.1384940753908,82.86150592460922
249066,1179.0,1198.4126655767982,-19.41266557679819
249112,1152.0,1028.3824818512483,123.61751814875174
249120,610.0,702.2648207944092,-92.26482079440916
249140,865.0,1061.7543515158375,-196.75435151583747
249218,970.0,1169.7208565072117,-199.7208565072117
249232,1125.0,1129.5834014933157,-4.583401493315705
249254,1158.0,1108.3915412506392,49.60845874936081
249288,957.0,1031.8037617281245,-74.80376172812453
249304,865.0,626.1457455553052,238.8542544446948
249342,580.0,612.5339699294459,-32.5339699294459
249344,1445.0,1274.5908393838524,170.40916061614757
249469,510.0,652.9986921059999,-142.9986921059999
249529,1095.0,1080.7895810170348,14.210418982965166
249533,1000.0,1098.8747477378433,-98.87474773784334
249553,790.0,701.9977763239486,88.00222367605136
249557,740.0,996.6575512051911,-256.6575512051911
249606,1030.0,1203.41092104868,-173.41092104867994
249610,665.0,634.7324154691919,30.267584530808108
249625,1495.0,1288.1504676199233,206.84953238007665
249631,930.0,730.6260298266333,199.37397017336673
249660,1069.0,1020.0287920431315,48.97120795686851
249665,1385.0,1079.5829941453303,305.4170058546697
249677,640.0,684.8754351099907,-44.87543510999069
249689,890.0,714.7343853340365,175.26561466596354
249771,1015.0,1246.7866066209378,-231.78660662093785
249774,1065.0,1247.4001891895887,-182.40018918958867
249825,1200.0,1052.9800113604583,147.01998863954168
249866,850.0,1069.7724736489367,-219.77247364893674
249895,740.0,714.6863419742172,25.313658025782843
250015,785.0,730.6563305728769,54.34366942712313
250084,1200.0,1011.8944814440736,188.10551855592644
250127,1290.0,1209.221709652061,80.77829034793899
250136,815.0,652.2626436270401,162.73735637295988
250151,755.0,666.7727122930222,88.22728770697779
250167,887.0,954.0716065440403,-67.07160654404026
250174,1280.0,1264.4499847605134,15.550015239486584
250193,1165.0,1221.3857749597307,-56.385774959730725
250207,870.0,1121.751783965225,-251.75178396522506
250216,1230.0,1137.5122936352695,92.48770636473046
250283,791.0,664.9446751638501,126.05532483614991
250301,1620.0,1283.8868745327336,336.1131254672664
250310,548.0,698.8740648936389,-150.8740648936389
250390,915.0,1154.3208202448116,-239.32082024481156
250425,500.0,671.1404483250526,-171.1404483250526
250439,1230.0,1216.001743576255,13.998256423745033
250457,830.0,909.7229377856039,-79.7229377856039
250486,1168.0,1093.8269160295201,74.17308397047987
250511,915.0,1202.858360851185,-287.8583608511849
250515,1125.0,1243.8143390954608,-118.81433909546081
250520,1133.0,1141.305099419022,-8.305099419022099
250526,815.0,1147.0260343109537,-332.0260343109537
250537,1009.0,1053.0648909150827,-44.06489091508274
250538,805.0,715.1526957799317,89.84730422006828
250541,881.0,1049.3678199621793,-168.36781996217928
250580,770.0,726.3267135589216,43.6732864410784
250619,1180.0,1107.231067893619,72.76893210638104
250628,450.0,703.7904485236882,-253.79044852368816
250670,1345.0,1142.8572092599486,202.1427907400514
250717,1265.0,1125.8284040132316,139.17159598676835
250728,1000.0,1110.790546214162,-110.79054621416208
250755,781.0,732.3667742518898,48.63322574811025
250757,1620.0,1258.7760358542241,361.2239641457759
250761,1325.0,720.220746541024,604.779253458976
250794,1220.0,1130.2867090905588,89.71329090944118
250866,1525.0,1236.2091098976352,288.79089010236476
250925,1095.0,1083.605976626148,11.394023373851951
250951,1285.0,1150.0868685593227,134.91313144067726
251005,960.0,1023.0515127202664,-63.05151272026637
251017,1200.0,1126.5618266620863,73.43817333791367
251055,1050.0,1108.1564476425483,-58.1564476425483
251064,650.0,656.3720559609175,-6.372055960917464
251118,625.0,678.9964852418202,-53.99648524182021
251127,562.0,707.6302378497629,-145.63023784976292
251162,1219.0,1106.8442216863043,112.15577831369569
251240,560.0,714.8505146828134,-154.85051468281335
251268,1127.0,958.940663678441,168.05933632155904
251283,1055.0,1188.88370308523,-133.88370308523008
251289,1310.0,1227.4911603916948,82.50883960830515
251309,642.0,734.8843848046615,-92.88438480466152
251313,555.0,624.5215817994621,-69.52158179946207
251366,965.0,1025.0804658463367,-60.080465846336665
251387,560.0,617.8924689123595,-57.892468912359504
251419,758.0,720.108574753812,37.891425246187964
251479,1180.0,1158.6920790296922,21.307920970307805
251489,778.0,728.7248400874358,49.27515991256416
251497,1495.0,1249.4511801113335,245.54881988866646
251546,1425.0,1150.9096547362817,274.0903452637183
251558,785.0,722.3612028214415,62.63879717855855
251590,890.0,749.4043288111751,140.5956711888249
251612,553.0,682.1504756005742,-129.15047560057417
251662,1155.0,1287.2927913489495,-132.29279134894955
251671,785.0,677.9467347398765,107.05326526012345
251689,1280.0,1077.5777821139077,202.4222178860923
251781,1030.0,1090.9778843996305,-60.97788439963051
251800,1246.0,1111.7787869325603,134.22121306743975
251840,524.0,720.5995507878985,-196.59955078789847
251865,685.0,704.4892946372149,-19.489294637214925
251885,815.0,687.2145344895418,127.78546551045815
251905,1010.0,1129.803496679086,-119.80349667908604
251985,755.0,711.4236328180698,43.57636718193021
251999,914.0,981.4390359521295,-67.43903595212953
252042,1058.0,1182.9032477227177,-124.90324772271765
252128,955.0,1222.7042231445637,-267.7042231445637
252187,992.0,993.2729087718632,-1.2729087718631718
252198,1315.0,1227.173983783055,87.82601621694494
252204,1110.0,1256.3902990054257,-146.39029900542573
252207,1205.0,1083.8241975294827,121.17580247051728
252248,1040.0,1291.0783077226129,-251.07830772261286
252266,855.0,733.7202985052776,121.27970149472242
252267,1190.0,1214.8365879754974,-24.836587975497423
252273,1470.0,1255.816815722763,214.18318427723693
252282,1030.0,987.5869899364073,42.41301006359265
252299,662.0,698.0368986989926,-36.03689869899256
252300,765.0,687.6267495160547,77.3732504839453
252317,1303.0,1248.8069925038826,54.19300749611739
252329,1010.0,1119.5757857908293,-109.57578579082929
252355,1520.0,1260.219459195293,259.780540804707
252376,690.0,705.0807545196099,-15.080754519609854
252417,1210.0,1090.7503654555792,119.24963454442081
252441,667.0,715.0869313535272,-48.086931353527234
252447,880.0,709.9356608202512,170.0643391797488
252463,1267.0,1157.8395141748047,109.16048582519534
252472,1120.0,1131.364486078145,-11.364486078145092
252484,1160.0,1048.2789063175933,111.72109368240672
252490,965.0,1106.150045580534,-141.15004558053397
252523,810.0,1023.5785293942484,-213.57852939424845
252530,1396.0,1204.0360986565806,191.96390134341937
252536,990.0,1134.0042513702178,-144.00425137021784
252541,820.0,708.2842808065601,111.7157191934399
252551,1000.0,1052.8689177987656,-52.86891779876555
252579,550.0,668.7367843821411,-118.73678438214108
252583,475.0,657.7342702042728,-182.73427020427278
252618,1390.0,1188.54018028091,201.4598197190901
252626,1085.0,1082.7995542150645,2.200445784935482
252628,765.0,691.4179943650635,73.58200563493654
252640,1260.0,1244.7360097168419,15.263990283158137
252663,565.0,680.3887883102503,-115.38878831025033
252743,1420.0,1154.1690899819187,265.83091001808134
252806,842.0,714.7322760684024,127.26772393159763
252820,830.0,718.3221024241899,111.6778975758101
252872,765.0,743.8241742144438,21.175825785556185
252876,990.0,1057.3299345282608,-67.32993452826076
252912,1020.0,1131.9327999374257,-111.93279993742567
252924,845.0,1141.0978075317846,-296.0978075317846
252927,630.0,651.789138383413,-21.789138383413047
252991,1090.0,1126.2666988276462,-36.26669882764622
253013,1110.0,1095.1019321000408,14.898067899959187
253022,555.0,714.355895938321,-159.35589593832105
253056,1380.0,1233.779743562956,146.2202564370441
253071,890.0,696.8667993450971,193.1332006549029
253183,1210.0,1147.4252732998027,62.57472670019729
253207,1230.0,1125.2957596024169,104.70424039758313
253212,975.0,1080.2415267525114,-105.24152675251139
253214,1165.0,1095.0611819506373,69.93881804936268
253227,1540.0,1043.0558976918774,496.94410230812264
253251,820.0,701.0165934427204,118.98340655727964
253336,880.0,945.8528905498778,-65.85289054987777
253337,1145.0,1063.5501662723507,81.44983372764932
253361,1285.0,1128.429425481595,156.570574518405
253367,1175.0,1084.852337311823,90.14766268817698
253418,845.0,697.0253483943414,147.97465160565855
253453,495.0,713.0060797708813,-218.00607977088134
253459,987.0,1061.410567241258,-74.41056724125792
253503,965.0,1122.5576088615123,-157.55760886151234
253553,545.0,713.0170090591668,-168.01700905916675
253572,1205.0,1221.603099066067,-16.60309906606699
253573,645.0,713.8867329474144,-68.88673294741443
253580,1500.0,1271.1276351262554,228.87236487374457
253621,720.0,710.2850823709424,9.714917629057595
253623,75.0,1182.0971256981193,-1107.0971256981193
253632,984.0,1041.0661765420507,-57.0661765420507
253642,1355.0,1234.6955718385786,120.30442816142136
253655,715.0,689.9507740489105,25.04922595108951
253689,1385.0,1266.1498571643249,118.85014283567511
253731,1260.0,1215.5499794108725,44.45002058912746
253811,955.0,960.9394668722201,-5.939466872220123
253862,755.0,722.2439514191835,32.75604858081647
253863,710.0,706.1460116495082,3.853988350491818
253864,1200.0,1250.137250410697,-50.137250410697106
253877,1115.0,1275.2137324398147,-160.21373243981475
253937,1170.0,1079.9008986356646,90.09910136433541
253949,955.0,1111.089032862942,-156.08903286294208
253959,1000.0,708.1542792287814,291.84572077121857
253988,975.0,1081.9788322454217,-106.9788322454217
253993,1495.0,1253.7357108235606,241.26428917643943
254033,1240.0,1052.6294485492385,187.37055145076147
254061,1020.0,1261.2569883560623,-241.25698835606227
254063,1340.0,1219.937909478787,120.0620905212129
254134,593.0,686.3180506505179,-93.31805065051788
254151,675.0,656.1908068925368,18.809193107463216
254197,789.0,1207.0273216692824,-418.0273216692824
254214,628.0,708.1623759596997,-80.16237595969972
254219,1330.0,1134.9614080231916,195.03859197680845
254233,765.0,715.1534041722372,49.846595827762826
254239,750.0,739.274509006087,10.725490993913013
254313,880.0,732.5940824952851,147.40591750471492
254316,838.0,1048.043279046852,-210.04327904685192
254331,992.0,1088.3081414249039,-96.30814142490385
254347,700.0,687.963669182152,12.036330817848011
254367,1215.0,1247.333912296719,-32.33391229671906
254412,950.0,1086.8905574286896,-136.8905574286896
254413,1394.0,1121.879269638017,272.1207303619831
254492,1240.0,1172.314661834121,67.6853381658791
254511,668.0,614.1721677171437,53.82783228285632
254609,461.0,678.8969883631114,-217.8969883631114
254703,1110.0,1168.252730128421,-58.252730128421035
254738,880.0,715.7656569473875,164.23434305261253
254743,550.0,699.8356413027835,-149.83564130278353
254772,760.0,693.2629533551176,66.73704664488241
254779,678.0,705.8801478694377,-27.88014786943768
254957,1157.0,1146.6338216897054,10.366178310294572
254967,1168.0,1078.1234101711648,89.87658982883522
254983,758.0,645.0552868832144,112.94471311678558
255011,490.0,664.8686706188516,-174.86867061885164
255025,932.0,989.5458313313086,-57.54583133130859
255137,1355.0,1255.487800439239,99.51219956076102
255163,1585.0,1133.081501476963,451.918498523037
255197,1372.0,1255.2334988683403,116.76650113165965
255243,1110.0,1120.136332684521,-10.136332684520994
255274,985.0,1075.9435077846872,-90.9435077846872
255312,1215.0,1234.4364287653464,-19.436428765346363
255340,1020.0,976.8412506364721,43.15874936352793
255386,834.0,671.8187808451095,162.18121915489053
255479,595.0,625.5306970192692,-30.530697019269155
255509,951.0,1094.8310330831182,-143.8310330831182
255547,750.0,657.0036819141085,92.99631808589152
255600,620.0,656.7375951968093,-36.73759519680925
255624,1047.0,1040.3257219533548,6.674278046645213
255641,1425.0,1204.7733147400206,220.22668525997938
255713,742.0,719.1024063828913,22.89759361710867
255726,1035.0,1056.124860296176,-21.12486029617594
255762,560.0,732.219616501619,-172.21961650161904
255767,838.0,726.743095127202,111.25690487279803
255772,560.0,633.5080611847897,-73.50806118478965
255798,1685.0,1251.0744369272372,433.92556307276277
255806,720.0,654.7387273163386,65.26127268366145
255886,615.0,697.943159575245,-82.94315957524498
255940,795.0,1066.7179590902256,-271.7179590902256
255964,770.0,725.1674292797828,44.83257072021718
255985,1380.0,1238.7566087001915,141.24339129980854
255989,1220.0,1213.0130514073248,6.986948592675162
256055,910.0,993.5300470062923,-83.5300470062923
256076,845.0,712.0247272310656,132.97527276893436
256122,895.0,1017.3993263041026,-122.3993263041026
256135,998.0,635.5740868066624,362.4259131933376
256230,585.0,685.498768849684,-100.49876884968398
256274,970.0,990.1062303734354,-20.106230373435437
256342,660.0,717.1547595757246,-57.1547595757246
256370,915.0,1073.3094834219332,-158.30948342193324
256497,1270.0,1238.3274593572744,31.672540642725608
256511,840.0,656.5142559502711,183.48574404972885
256531,1190.0,1098.30594203759,91.69405796240994
256566,708.0,685.7297640520705,22.27023594792945
256610,1150.0,1043.978996774572,106.0210032254281
256720,665.0,718.4676133276968,-53.46761332769677
256735,1430.0,1153.643383227128,276.35661677287203
256760,790.0,713.9341993120972,76.06580068790277
256773,906.0,975.693996306997,-69.69399630699695
256784,740.0,651.9971300690254,88.00286993097461
256785,1160.0,1194.6124403452732,-34.61244034527317
256796,801.0,660.2700632693319,140.7299367306681
256814,1255.0,1240.6592975030926,14.340702496907397
256830,1590.0,1257.8197236566236,332.18027634337636
256883,905.0,1123.950588210084,-218.9505882100841
256936,1215.0,1073.416662816812,141.58333718318795
256948,1205.0,1235.3036015722175,-30.30360157221753
256950,860.0,981.3345370123333,-121.33453701233327
256955,1155.0,1047.6931800852565,107.30681991474353
256978,1115.0,955.4714341225882,159.52856587741178
256996,981.0,1158.3645742154251,-177.36457421542514
257013,945.0,1086.484910525737,-141.48491052573695
257099,1060.0,1188.1483122369145,-128.14831223691453
257125,720.0,655.7867151856894,64.21328481431055
257142,805.0,717.4141636589733,87.58583634102672
257144,905.0,727.3116818550878,177.68831814491216
257146,1136.0,1193.0313276058073,-57.03132760580729
257203,1055.0,1035.0975981460026,19.90240185399739
257211,1387.0,1080.347012940975,306.652987059025
257243,820.0,1072.1288725683066,-252.12887256830663
257256,1115.0,1201.330241330081,-86.33024133008098
257281,685.0,753.027149939811,-68.02714993981101
257285,1030.0,1106.0774222482898,-76.07742224828985
257352,838.0,692.183990360698,145.81600963930202
257361,1020.0,1150.182338636626,-130.1823386366259
257368,765.0,1088.3987991928113,-323.39879919281134
257439,555.0,643.2421252820478,-88.24212528204782
257503,1240.0,1075.49178580341,164.50821419658996
257517,1105.0,1045.4746338630284,59.52536613697157
257528,555.0,727.1278390948886,-172.1278390948886
257536,1020.0,1057.4908871627463,-37.490887162746276
257567,383.0,602.6697727470889,-219.66977274708893
257605,600.0,715.1228294888175,-115.1228294888175
257679,1080.0,1018.711472185379,61.288527814621034
257690,1370.0,1113.8269473042237,256.1730526957763
257701,1070.0,1179.532936900313,-109.53293690031296
257721,765.0,644.0781544977684,120.92184550223158
257730,1050.0,1189.5263057409531,-139.52630574095315
257732,1121.0,1229.451533713448,-108.45153371344804
257748,1380.0,1117.2276096974917,262.77239030250826
257766,1240.0,1109.5985172020294,130.40148279797063
257814,1080.0,1112.6547722158639,-32.654772215863886
257891,1110.0,1137.2964468591535,-27.296446859153548
257893,1120.0,1067.49441077603,52.50558922396999
257896,1406.0,1221.8792223163732,184.12077768362678
257903,905.0,1112.3849027451715,-207.38490274517153
257934,1015.0,1244.9219688603016,-229.9219688603016
257953,1435.0,1247.9045389087444,187.09546109125563
257971,617.0,710.5271553284315,-93.52715532843149
258111,1070.0,1072.089508571158,-2.0895085711579213
258113,1136.0,1222.5135833495217,-86.5135833495217
258148,1186.0,1149.6668325470976,36.333167452902444
258176,542.0,559.1798793875624,-17.179879387562437
258236,856.0,1015.5937737310662,-159.59377373106622
258251,1145.0,1167.7983355267215,-22.79833552672153
258270,970.0,1148.7674945574595,-178.7674945574595
258336,895.0,1062.6467888714706,-167.64678887147056
258355,1365.0,1130.2608297019144,234.73917029808558
258427,1175.0,1215.333514653785,-40.33351465378496
258447,1229.0,1030.7984260157632,198.2015739842368
258488,900.0,1222.223873927055,-322.2238739270549
258624,1204.0,1130.3439794936592,73.65602050634084
258652,1530.0,1192.8470384665684,337.1529615334316
258706,790.0,726.4532632267749,63.54673677322512
258717,540.0,710.80002293895,-170.80002293894995
258727,1025.0,1243.2558776619865,-218.25587766198646
258731,710.0,723.1613896384478,-13.161389638447758
258764,1245.0,1170.06873837655,74.93126162344993
258801,1490.0,1250.72738071651,239.27261928349003
258824,1100.0,1229.5842950193623,-129.58429501936234
258848,860.0,720.6767559347223,139.32324406527766
258955,1290.0,1148.4268866715092,141.57311332849076
258959,727.0,680.5459432214279,46.45405677857207
258989,578.0,1074.5228710861695,-496.5228710861695
259018,815.0,746.8628717392004,68.13712826079961
259035,590.0,664.3754202894312,-74.37542028943119
259059,1120.0,1197.4079820007994,-77.4079820007994
259074,1070.0,1134.795873977139,-64.79587397713908
259087,950.0,1081.883982274287,-131.88398227428706
259151,1115.0,1070.1957311110505,44.80426888894954
259178,1060.0,1046.8801583988632,13.11984160113684
259208,960.0,712.907312492031,247.092687507969
259246,1155.0,1039.5291446189312,115.47085538106876
259268,1260.0,1038.9838089443901,221.01619105560985
259346,810.0,690.6418060936325,119.35819390636755
259360,770.0,1046.8530654541976,-276.8530654541976
259391,616.0,620.2939466854791,-4.2939466854791135
259427,603.0,765.1126135751566,-162.11261357515662
259434,1055.0,1118.1592931483879,-63.15929314838786
259435,1160.0,1071.8196767961622,88.18032320383782
259457,1205.0,1189.2321108900112,15.7678891099888
259464,1335.0,1090.0198625283133,244.9801374716867
259494,542.0,606.6122018041195,-64.61220180411954
259501,670.0,666.7239079214606,3.2760920785393637
259572,690.0,726.7970599574386,-36.79705995743859
259649,959.0,1006.5763445374864,-47.57634453748642
259722,610.0,689.2221620945977,-79.2221620945977
259729,615.0,706.1681007663149,-91.16810076631486
259730,675.0,706.1799395435196,-31.179939543519595
259752,1330.0,1230.000986272684,99.99901372731597
259771,1030.0,1183.5253561263544,-153.52535612635438
259776,1219.0,1195.3621070181898,23.637892981810182
259840,620.0,723.0500746045058,-103.05007460450577
259878,1157.0,1173.4764970655388,-16.47649706553875
259949,1115.0,1144.064074499307,-29.064074499307026
259959,607.0,636.2545682611491,-29.254568261149075
259992,1076.0,1113.6071039835115,-37.60710398351148
259996,926.0,1021.6366225022007,-95.63662250220068
260002,1069.0,1008.2125707934824,60.78742920651757
260103,1250.0,1180.7953556852165,69.20464431478354
260328,1075.0,1102.4831684526646,-27.483168452664586
260361,926.0,1080.1621938596045,-154.16219385960449
260422,1220.0,1119.510616193746,100.48938380625395
260462,1165.0,1171.513024595831,-6.513024595830984
260470,1106.0,1280.6664786838942,-174.66647868389418
260508,970.0,997.7646855674485,-27.76468556744851
260532,1160.0,1192.5223402491,-32.5223402490999
260573,545.0,590.6831059826749,-45.683105982674874
260606,1480.0,1111.1512619980722,368.8487380019278
260663,995.0,1092.177986028192,-97.17798602819198
260695,940.0,1150.8843221309153,-210.88432213091528
260717,685.0,723.5313340156066,-38.5313340156066
260722,725.0,749.3734283432506,-24.373428343250566
260929,905.0,747.687622019395,157.312377980605
261095,535.0,712.7292362116923,-177.7292362116923
261135,795.0,722.9160663575635,72.08393364243648
261149,665.0,736.7267249988234,-71.72672499882344
261192,715.0,720.2821938898819,-5.28219388988191
261240,600.0,643.5859350560514,-43.585935056051426
261271,665.0,684.3024254459533,-19.302425445953304
261290,670.0,732.1527804466657,-62.1527804466657
261371,1310.0,1231.085624100322,78.9143758996779
261409,1445.0,1234.433699076021,210.56630092397904
261443,1120.0,1100.7476835818338,19.252316418166174
261552,970.0,994.7012393501428,-24.701239350142828
261571,950.0,1102.2312569386745,-152.2312569386745
261581,915.0,981.5360023483013,-66.53600234830128
261635,1040.0,1107.129044323148,-67.12904432314804
261714,1074.0,1146.0782850925023,-72.07828509250226
261730,672.0,922.9111939782665,-250.9111939782665
261802,904.0,1148.0444150255603,-244.04441502556028
261808,1105.0,1109.6982842409836,-4.698284240983639
261883,624.0,646.34433491798,-22.34433491797995
261973,650.0,686.2245059416248,-36.224505941624784
262020,1250.0,1117.7810813813478,132.2189186186522
262222,680.0,660.6924030849378,19.307596915062163
262229,955.0,1137.725749626259,-182.7257496262589
262272,955.0,994.713048268554,-39.71304826855396
262301,1275.0,1159.0945994618085,115.90540053819154
262322,1135.0,1150.0414314178263,-15.041431417826288
262585,1103.0,1156.07450089227,-53.07450089226995
262588,1050.0,1158.4020519278397,-108.4020519278397
262589,835.0,707.3992411163916,127.60075888360836
262618,1226.0,1138.278048452564,87.72195154743599
262648,1450.0,1258.1938702645346,191.80612973546545
262649,485.0,664.7780337942227,-179.77803379422267
262683,1095.0,1162.1216429668575,-67.12164296685751
262727,1135.0,1249.504247883442,-114.50424788344208
262741,1290.0,1181.9541520414668,108.04584795853316
262746,835.0,671.1490789113883,163.8509210886117
262807,1005.0,1250.6267669822137,-245.62676698221367
262816,1060.0,987.0399252161089,72.96007478389106
262837,990.0,1121.0023317950836,-131.0023317950836
262877,725.0,732.0037088635671,-7.0037088635671125
262879,1257.0,623.9774140461,633.0225859539
262936,838.0,1060.176540826707,-222.17654082670697
262945,1575.0,1195.6132739234877,379.38672607651233
262956,895.0,1044.9354613711141,-149.93546137111412
263001,1240.0,1152.1388616138108,87.86113838618917
263031,1310.0,1147.8679311675407,162.13206883245925
263033,1287.0,1070.5616647688214,216.4383352311786
263061,1295.0,1108.6059820964306,186.39401790356942
263088,1126.0,1119.6229591711199,6.377040828880126
263234,490.0,1146.399985333093,-656.3999853330929
263268,1335.0,1105.8938339059878,229.10616609401222
263323,1180.0,1230.226615060228,-50.226615060227914
263329,1085.0,1135.5080827966945,-50.50808279669445
263349,1335.0,1181.2224780029799,153.77752199702013
263360,1060.0,1076.6847815135648,-16.684781513564758
263398,990.0,1055.8281838823207,-65.82818388232067
263418,620.0,698.2602778580091,-78.26027785800909
263432,1352.0,1193.8286909228436,158.17130907715637
263461,904.0,1159.982909337197,-255.98290933719704
263486,1140.0,1043.0409347548657,96.9590652451343
263567,975.0,1179.35622311985,-204.35622311985003
263664,770.0,665.9314214129408,104.06857858705916
263680,549.0,614.4227978363209,-65.42279783632091
263747,760.0,705.5607930229371,54.439206977062895
263789,1005.0,1046.547547349116,-41.54754734911603
263807,1058.0,1173.080794724164,-115.08079472416398
263822,1224.0,1205.30040759054,18.69959240945991
263836,820.0,724.6498203876066,95.35017961239339
263875,860.0,732.3482388765073,127.65176112349275
263880,1120.0,1126.2570052078054,-6.257005207805378
263916,745.0,735.4299534333276,9.570046566672431
263932,1215.0,1202.1994438885583,12.800556111441665
264020,1078.0,1086.827768718103,-8.827768718103016
264050,495.0,615.5847822823719,-120.58478228237186
264055,760.0,992.2269008330148,-232.22690083301484
264078,1380.0,1271.2113685945467,108.78863140545332
264123,595.0,655.0682364582204,-60.06823645822044
264126,1080.0,1255.8591017221408,-175.85910172214085
264187,1300.0,1246.9202573684736,53.079742631526415
264199,1249.0,1236.7117965447496,12.288203455250368
264262,1105.0,1067.556346427675,37.44365357232505
264324,690.0,716.0668672121749,-26.066867212174884
264451,1010.0,1221.1858023407008,-211.18580234070077
264474,1228.0,1212.0000518854715,15.999948114528479
264475,654.0,655.1314812449463,-1.131481244946258
264586,1464.0,1077.7443497180102,386.2556502819898
264605,1014.0,1020.7909117763348,-6.790911776334838
264677,981.0,1138.5566017407798,-157.5566017407798
264711,1282.0,1195.175233065286,86.82476693471403
264747,663.0,722.8388183966897,-59.8388183966897
264785,1090.0,1003.7901867403602,86.20981325963976
264786,1500.0,1136.8712482203387,363.12875177966134
264796,804.0,695.7323534048597,108.26764659514026
264807,970.0,1041.8965930652769,-71.89659306527687
264809,1190.0,1125.898430808216,64.10156919178394
264840,1075.0,1152.7254676080017,-77.72546760800174
264856,1345.0,1117.5609318514016,227.43906814859838
264873,910.0,911.4752392365601,-1.4752392365601281
264892,1095.0,1127.7705811519916,-32.770581151991564
264965,1035.0,1100.14841782796,-65.14841782795997
264967,1480.0,1217.418861902774,262.5811380972259
265014,1166.0,1095.7550310086745,70.24496899132555
265023,740.0,1098.4018344381561,-358.40183443815613
265036,1050.0,1065.2278677250035,-15.227867725003534
265049,628.0,707.6729304792727,-79.67293047927274
265177,622.0,676.8107429449109,-54.810742944910885
265195,937.0,1019.0817621250993,-82.08176212509932
265228,1115.0,1073.6045914829565,41.395408517043506
265293,475.0,1071.5853495433025,-596.5853495433025
265324,905.0,730.5041713640044,174.49582863599562
265403,1060.0,1024.8789280499852,35.121071950014766
265429,1035.0,1128.2562918750536,-93.25629187505365
265472,1263.0,1202.0394861454927,60.960513854507326
265545,1235.0,1192.3284405034383,42.67155949656171
265559,1215.0,1272.4994248522698,-57.49942485226984
265617,1060.0,1266.8864578680718,-206.88645786807183
265649,820.0,710.3263164071327,109.67368359286729
265678,752.0,654.4878500046335,97.51214999536649
265716,1224.0,1075.8550562905862,148.14494370941384
265720,597.0,721.7045995018675,-124.7045995018675
265742,1210.0,1110.7240018347275,99.27599816527254
265786,825.0,988.604999024124,-163.60499902412403
265793,1246.0,1186.0043137337386,59.99568626626137
265797,1190.0,1192.0693476419017,-2.069347641901686
265798,700.0,663.890326504491,36.109673495509014
265800,1325.0,1165.2302230087255,159.7697769912745
265805,555.0,586.9011570424897,-31.90115704248967
265831,1375.0,1183.5803717704648,191.4196282295352
265878,1395.0,1246.3355664488327,148.66443355116735
265947,510.0,616.4140915028972,-106.41409150289724
265984,1240.0,1135.0261944020797,104.97380559792032
265991,1102.0,1216.3417772550208,-114.34177725502082
266042,665.0,630.6393062952014,34.360693704798564
266087,1070.0,1137.8223336094104,-67.8223336094104
266106,621.0,695.8756070830298,-74.87560708302976
266120,1142.0,1261.724686157806,-119.72468615780599
266148,700.0,1077.6010879161615,-377.60108791616153
266156,1260.0,1145.5164779012928,114.48352209870723
266162,1260.0,1159.0371475272757,100.96285247272431
266176,690.0,977.9774337588227,-287.9774337588227
266260,800.0,697.3351991271771,102.66480087282287
266283,635.0,656.7350048527358,-21.735004852735756
266318,995.0,1205.7548384131605,-210.75483841316054
266334,1310.0,1137.9155720653607,172.08442793463928
266343,595.0,665.247618367075,-70.247618367075
266371,1037.0,1135.1348923856112,-98.13489238561124
266380,855.0,698.9930235201821,156.00697647981792
266384,1040.0,1024.403667708831,15.596332291168892
266406,800.0,1022.5432099477034,-222.54320994770342
266488,855.0,688.2708687611093,166.72913123889066
266505,875.0,720.9996070138429,154.00039298615707
266525,750.0,653.4399154357668,96.5600845642332
266645,890.0,1083.1724950677976,-193.17249506779763
266662,935.0,727.7219907815737,207.2780092184263
266688,670.0,714.9136211809532,-44.913621180953214
266705,1210.0,999.2847357985993,210.71526420140071
266731,1515.0,1277.385300618381,237.61469938161895
266794,1020.0,1119.413630822533,-99.41363082253292
266798,1025.0,947.5403604036151,77.45963959638493
266809,1105.0,1103.466866890124,1.533133109875962
266811,922.0,1087.2270233192464,-165.22702331924643
266829,885.0,1018.6864012605776,-133.68640126057755
266977,911.0,1009.2610868819605,-98.26108688196052
266995,1200.0,1176.6182750938833,23.381724906116688
267024,1275.0,1192.9814312804385,82.01856871956147
267025,1020.0,1049.2645804433294,-29.26458044332935
267067,1665.0,1220.801058324436,444.1989416755639
267074,1170.0,1159.8772753733074,10.122724626692616
267107,710.0,720.3214615957718,-10.32146159577178
267114,1330.0,1277.8063938708756,52.19360612912442
267172,650.0,708.598931015726,-58.59893101572595
267231,657.0,677.1840890946858,-20.18408909468576
267246,820.0,679.9556160058861,140.0443839941139
267248,881.0,1071.133880026694,-190.133880026694
267283,680.0,979.9304080744365,-299.9304080744365
267318,1409.0,1075.6667726944668,333.3332273055332
267329,682.0,662.737157621396,19.262842378603978
267406,1322.0,1143.5077975424106,178.49220245758943
267433,1370.0,1228.1927134967702,141.80728650322976
267496,759.0,627.3194758827333,131.6805241172667
267604,959.0,1110.2692400102,-151.26924001020006
267643,782.0,1113.009353781158,-331.0093537811581
267685,1335.0,1204.0521518293563,130.94784817064374
267709,1220.0,1146.036701773293,73.96329822670691
267710,620.0,671.4095129978809,-51.40951299788094
267720,1201.0,1033.186542597488,167.81345740251209
267791,980.0,1086.151397186591,-106.15139718659111
267833,1271.0,1189.6506704412388,81.34932955876116
267835,1334.0,1202.2888850626837,131.71111493731632
267933,1315.0,1212.5035858964877,102.49641410351228
267949,923.0,1070.1732454026212,-147.1732454026212
268027,1060.0,1221.0657701681764,-161.0657701681764
268032,590.0,739.9590023500608,-149.9590023500608
268059,535.0,703.1943606089527,-168.1943606089527
268060,935.0,1030.127104471904,-95.12710447190398
268082,1005.0,1126.0995930745794,-121.09959307457939
268123,995.0,1093.3645830096066,-98.36458300960658
268189,1020.0,1136.0367342809027,-116.03673428090269
268199,1105.0,1100.3929496823466,4.607050317653375
268313,1430.0,1232.3732932543578,197.6267067456422
268329,840.0,1019.4986501609969,-179.49865016099693
268348,1000.0,1077.463577638711,-77.46357763871106
268375,1600.0,1209.2781784775125,390.7218215224875
268464,745.0,1148.2294911795707,-403.2294911795707
268590,815.0,703.1511414933701,111.84885850662988
268602,719.0,689.5931952413873,29.40680475861268
268624,620.0,703.1859638581293,-83.1859638581293
268675,1070.0,1120.7318714072542,-50.731871407254175
268677,1215.0,1141.569568227704,73.43043177229606
268740,1060.0,1184.652374884645,-124.65237488464504
268757,1370.0,1112.5161581430198,257.48384185698023
268777,1225.0,1249.1251868255274,-24.125186825527408
268791,1260.0,1071.0940378939258,188.90596210607418
268830,1190.0,1237.4236886731417,-47.42368867314167
268863,1110.0,1174.874696014112,-64.87469601411203
268877,980.0,1080.6219183808346,-100.62191838083459
268882,1160.0,1053.9813622577913,106.01863774220874
268898,595.0,702.040237103016,-107.04023710301601
268927,812.0,1165.129771341082,-353.129771341082
268966,587.0,650.5917845062448,-63.591784506244835
269023,1097.0,1011.4039118035001,85.59608819649986
269040,594.0,648.3933890037066,-54.3933890037066
269074,1050.0,1274.606807977204,-224.60680797720397
269123,1175.0,1240.3251081171227,-65.32510811712268
269132,1135.0,1212.3504564843531,-77.35045648435312
269163,1195.0,1175.8228880448949,19.177111955105147
269194,1245.0,1138.9863050888616,106.01369491113837
269204,735.0,687.8606996382432,47.139300361756796
269210,1345.0,1184.1051964709427,160.8948035290573
269222,885.0,1243.8127196629764,-358.8127196629764
269229,1425.0,1229.3274748233669,195.67252517663314
269237,783.0,963.5318273240578,-180.53182732405776
269296,1160.0,1105.6005491891272,54.39945081087285
269318,745.0,721.1759478931397,23.824052106860336
269359,835.0,714.8536404996801,120.14635950031993
269411,1027.0,1033.245601720724,-6.245601720723926
269462,700.0,716.9085690863268,-16.908569086326793
269463,1110.0,1093.0419502735897,16.95804972641031
269487,1040.0,1093.3378427036866,-53.33784270368665
269506,1365.0,1133.3611854690942,231.63881453090585
269512,610.0,1011.5019019891166,-401.5019019891166
269523,960.0,1028.1294921967062,-68.12949219670622
269549,705.0,725.1614276504189,-20.161427650418887
269566,1352.0,1257.2250177039327,94.77498229606726
269595,890.0,719.4968322285001,170.50316777149988
269597,900.0,1057.4557213787696,-157.45572137876957
269662,550.0,638.0503023112448,-88.05030231124476
269671,1050.0,1189.958958091311,-139.95895809131093
269702,670.0,710.1631684025372,-40.16316840253717
269742,695.0,708.8054779260773,-13.805477926077288
269815,1522.0,1216.5508935043395,305.44910649566054
269831,905.0,1002.9695867254854,-97.96958672548544
269870,966.0,1209.9903747682156,-243.9903747682156
269873,1290.0,1191.6101784287039,98.38982157129612
269947,870.0,1154.9180391588468,-284.9180391588468
269999,1136.0,1005.9435991258516,130.05640087414838
270043,963.0,991.5455030869001,-28.545503086900112
270109,616.0,727.1712962245069,-111.17129622450693
270119,1345.0,1164.0311877642343,180.96881223576565
270197,1010.0,1099.1317553706217,-89.1317553706217
270210,1100.0,1029.8541081114388,70.14589188856121
270291,1225.0,1124.4663808651724,100.53361913482763
270293,620.0,706.7309942033618,-86.73099420336177
270302,1370.0,1220.4595937376807,149.54040626231927
270350,1045.0,1026.1635217576859,18.836478242314115
270454,1315.0,1213.041353100856,101.95864689914401
270496,1090.0,1160.8808898264342,-70.88088982643421
270518,1270.0,1217.4814671989898,52.518532801010224
270531,560.0,720.0450963149974,-160.0450963149974
270538,638.0,1075.0895673034074,-437.0895673034074
270586,1050.0,1109.4923008301596,-59.49230083015959
270602,550.0,637.3118332863781,-87.31183328637815
270691,720.0,688.0342691087006,31.96573089129936
270722,1145.0,1159.3378038449948,-14.337803844994824
270771,1060.0,1033.6671501312153,26.332849868784706
270803,665.0,658.670316833036,6.329683166963946
270820,1310.0,1236.6602957988302,73.33970420116975
270860,1225.0,1233.5811105566233,-8.581110556623344
270915,1120.0,1159.9768573368774,-39.9768573368774
270972,860.0,1072.888412836438,-212.88841283643796
270982,1102.0,1229.9441487318973,-127.94414873189726
271004,975.0,987.0419523334167,-12.041952333416702
271030,950.0,724.8266354055481,225.17336459445187
271056,1215.0,1136.9750191879068,78.02498081209319
271111,610.0,676.221910317356,-66.22191031735599
271189,890.0,1008.6174906823212,-118.6174906823212
271206,1080.0,1109.1437156228606,-29.143715622860555
271511,1154.0,1134.8939507974164,19.106049202583563
271584,1100.0,1194.3925239139421,-94.39252391394211
271732,687.0,692.6360406812412,-5.636040681241184
271832,1371.0,1222.2081668759465,148.79183312405348
271842,880.0,712.8250252654216,167.17497473457843
271876,1118.0,1155.891033633911,-37.89103363391109
271878,1135.0,1216.057031803571,-81.05703180357091
271938,1220.0,1095.1019321000408,124.89806789995919
272022,475.0,661.6338912538309,-186.63389125383094
272036,700.0,690.3176609927295,9.682339007270457
272048,948.0,1087.2499911907257,-139.24999119072572
272056,1355.0,1218.2756381789977,136.72436182100228
272066,930.0,1165.8674057082742,-235.8674057082742
272087,915.0,1097.1286771469208,-182.12867714692084
272319,690.0,656.9452897849615,33.05471021503854
272342,1145.0,1155.7546744752585,-10.754674475258525
272422,995.0,1011.8854985892193,-16.88549858921931
272435,730.0,710.0685150081309,19.93148499186907
272515,695.0,707.4467017566566,-12.44670175665658
272531,1120.0,1246.5494766547347,-126.54947665473469
272570,910.0,898.8251870633654,11.174812936634567
272575,555.0,671.200410802488,-116.20041080248802
272587,740.0,708.9006335550579,31.09936644494212
272632,705.0,697.9021999248977,7.097800075102327
272635,1450.0,1239.3879237139795,210.6120762860205
272645,1228.0,1230.5576705071135,-2.557670507113471
272663,920.0,1224.2282764184442,-304.22827641844424
272686,643.0,606.366763313814,36.633236686186024
272690,665.0,594.8900510827901,70.10994891720986
272712,680.0,734.2545386879996,-54.25453868799957
272727,1065.0,1120.2492432687418,-55.24924326874179
272729,1155.0,1258.2314649917114,-103.23146499171139
272756,970.0,971.700628254373,-1.7006282543729867
272761,829.0,699.4038601073144,129.59613989268564
272815,840.0,1040.881017170993,-200.8810171709929
272869,1032.0,1075.398317902228,-43.39831790222797
272880,765.0,909.1555924851963,-144.15559248519628
272895,903.0,1170.2152360835557,-267.21523608355574
272934,558.0,612.9430146957264,-54.94301469572645
272970,930.0,1239.784936502191,-309.78493650219093
272974,1300.0,1237.5269755309905,62.47302446900949
273140,1155.0,1252.0073233630344,-97.0073233630344
273163,1130.0,1122.3549147243946,7.645085275605425
273209,930.0,979.8467076537484,-49.84670765374835
273252,540.0,681.6770479264992,-141.6770479264992
273254,905.0,1010.8575807565466,-105.85758075654655
273289,550.0,600.7168662060305,-50.716866206030545
273290,977.0,1195.9503699833776,-218.95036998337764
273340,580.0,685.1686093558991,-105.1686093558991
273358,1360.0,1235.6620236688984,124.33797633110157
273363,765.0,681.4440110690708,83.55598893092917
273427,795.0,711.9337079690063,83.06629203099374
273463,1330.0,1255.1111155431886,74.88888445681141
273468,835.0,934.198819615939,-99.19881961593899
273497,910.0,1096.279902545122,-186.279902545122
273537,910.0,1092.3532342448823,-182.3532342448823
273548,526.0,657.7342702042728,-131.73427020427278
273573,981.0,1107.0178352563742,-126.01783525637416
273594,835.0,1012.1498870616097,-177.14988706160966
273614,705.0,700.0914337802976,4.908566219702379
273620,1301.0,1090.7124024456407,210.2875975543593
273649,795.0,1106.4859187267982,-311.4859187267982
273678,585.0,617.9738162486531,-32.973816248653065
273702,762.0,730.5627639606231,31.4372360393769
273705,1005.0,1091.8678480812298,-86.8678480812298
273723,770.0,632.3146966291658,137.68530337083416
273757,758.0,719.1678551278113,38.83214487218868
273988,930.0,718.9565540246072,211.04344597539284
274017,1105.0,1038.173734454019,66.82626554598096
274046,675.0,668.9397002982753,6.060299701724716
274072,1086.0,1060.369350162474,25.630649837526107
274154,1010.0,1116.1431292169084,-106.14312921690839
274238,1054.0,1150.4786095165985,-96.47860951659845
274268,1280.0,1233.3637744897753,46.636225510224676
274278,705.0,704.2811474060187,0.7188525939812962
274368,750.0,920.6511672520825,-170.65116725208247
274374,475.0,693.2120553208422,-218.21205532084218
274423,1060.0,1013.8872634421084,46.112736557891594
274444,1238.0,1104.4615822408546,133.53841775914543
274454,885.0,702.0953761994839,182.9046238005161
274474,560.0,716.8962537032099,-156.89625370320994
274478,645.0,707.0169064218373,-62.01690642183735
274538,1265.0,1128.429425481595,136.570574518405
274546,850.0,923.9731062092558,-73.97310620925577
274555,733.0,696.392722224064,36.60727777593604
274574,735.0,1019.6774344888039,-284.6774344888039
274591,1150.0,1120.4247134330421,29.575286566957857
274610,940.0,1076.2170225772343,-136.21702257723427
274622,1300.0,1208.3826591013599,91.61734089864012
274630,740.0,633.6625679229867,106.33743207701332
274649,1040.0,1116.6583442879282,-76.65834428792823
274685,1124.0,979.45683270368,144.54316729632
274694,800.0,652.3027317283504,147.6972682716496
274715,780.0,1041.1740535896856,-261.1740535896856
274746,845.0,1148.4530314613526,-303.45303146135257
274761,760.0,672.607652372384,87.392347627616
274793,600.0,624.6088853652059,-24.60888536520588
274800,765.0,676.2344992675887,88.76550073241128
274830,1140.0,1202.2576734218062,-62.2576734218062
274858,590.0,722.8187324514844,-132.81873245148438
274894,1091.0,1050.8645977860344,40.13540221396556
274926,770.0,716.5463637386629,53.453636261337124
274934,1080.0,1175.227038156246,-95.22703815624595
274951,1200.0,1144.3980361414024,55.60196385859763
275045,569.0,654.901037176248,-85.901037176248
275095,1200.0,1190.573363863601,9.426636136399111
275108,990.0,1189.3669765006744,-199.36697650067435
275109,585.0,663.8516404473943,-78.85164044739429
275126,1257.0,1131.153155417554,125.84684458244601
275260,855.0,983.7302454628418,-128.73024546284182
275328,1400.0,1134.2189515147431,265.78104848525686
275357,937.0,1060.5503002705157,-123.55030027051566
275389,1120.0,1125.4003148506417,-5.400314850641735
275422,682.0,690.294158129652,-8.294158129652033
275470,1275.0,1269.8937943668234,5.106205633176614
275541,959.0,1089.9899759161883,-130.9899759161883
275583,950.0,1252.4820095155092,-302.48200951550916
275643,625.0,719.8652459437939,-94.86524594379387
275653,1199.0,1034.2650848184608,164.73491518153924
275669,910.0,1007.3843619896232,-97.38436198962324
275680,790.0,706.0024601201438,83.99753987985616
275682,1040.0,1278.5386310600024,-238.53863106000244
275692,1045.0,1095.9592216327194,-50.95922163271939
275728,1495.0,1122.0216352766138,372.9783647233862
275732,1080.0,1232.8799472169062,-152.8799472169062
275743,1115.0,1069.4274797058197,45.57252029418032
275773,895.0,973.271257054526,-78.27125705452602
275853,690.0,667.7018716032237,22.298128396776292
275884,1030.0,1133.6741933294,-103.67419332939994
275919,1415.0,1205.2115734019574,209.78842659804263
275968,1105.0,1295.0718300492479,-190.07183004924786
275997,926.0,989.8722839072034,-63.87228390720338
276055,790.0,731.6710524624635,58.328947537536465
276261,1010.0,1181.0267204629008,-171.0267204629008
276267,930.0,1012.6614604355267,-82.66146043552669
276297,910.0,1086.5696299638687,-176.5696299638687
276298,920.0,1222.4856309063005,-302.48563090630046
276306,1015.0,1075.8936257956814,-60.89362579568137
276310,990.0,1231.3434501753904,-241.34345017539044
276351,950.0,1093.3358557865758,-143.33585578657585
276379,1065.0,1099.6185607972473,-34.618560797247255
276407,980.0,1138.5629896228725,-158.56298962287246
276415,795.0,1121.632104806471,-326.63210480647103
276462,975.0,1064.5247533012464,-89.52475330124639
276470,1145.0,1116.3090062166411,28.690993783358863
276475,775.0,725.2864481617743,49.713551838225726
276527,1300.0,1275.0379992151109,24.962000784889142
276544,1140.0,1196.2762523468507,-56.2762523468507
276571,791.0,726.6925332886103,64.30746671138968
276597,1425.0,1167.1921307608347,257.80786923916526
276619,937.0,1086.3082756274378,-149.30827562743775
276676,1115.0,1143.7369358361702,-28.736935836170233
276699,1152.0,1230.0141282556697,-78.01412825566968
276703,1060.0,1056.3213975075116,3.6786024924883804
276726,961.0,1028.8753099963624,-67.87530999636238
276735,905.0,1059.531213549742,-154.531213549742
276760,970.0,1011.6546098401035,-41.65460984010349
276827,840.0,757.3757342636231,82.62426573637686
276833,1055.0,1137.4626890280401,-82.46268902804013
276954,1370.0,1072.538023027688,297.46197697231196
277005,1335.0,1247.2383169321215,87.7616830678785
277012,610.0,752.6389382336479,-142.63893823364788
277080,660.0,625.9668955037345,34.03310449626554
277089,975.0,1065.5611948197457,-90.56119481974565
277172,860.0,1117.2074320598806,-257.2074320598806
277220,1350.0,1183.7049779494496,166.29502205055041
277308,1275.0,1278.1710919255108,-3.1710919255108365
277314,910.0,714.6068863016652,195.3931136983348
277341,1285.0,1182.353645781929,102.64635421807111
277359,1370.0,1101.9760139612388,268.0239860387612
277380,1177.0,1078.469916310178,98.53008368982205
277436,1015.0,1124.2640024114335,-109.26400241143347
277471,790.0,723.2718968980848,66.72810310191517
277555,1285.0,1133.0391127365217,151.9608872634783
277596,980.0,1216.7344721207462,-236.7344721207462
277689,1285.0,1140.2639000716426,144.73609992835736
277695,445.0,663.8683809347547,-218.86838093475467
277812,1336.0,1220.3298069362834,115.67019306371662
277817,550.0,629.2179583483154,-79.21795834831539
277822,1100.0,1136.3349748085964,-36.33497480859637
277841,1124.0,1035.6869112167892,88.31308878321079
277926,874.0,638.1339660120587,235.86603398794125
277963,1060.0,956.8893621805379,103.11063781946211
278002,971.0,1051.2451972358524,-80.2451972358524
278025,1025.0,1040.4823000295596,-15.48230002955961
278043,800.0,1118.5640178311905,-318.56401783119054
278107,1235.0,1169.8610308410694,65.13896915893065
278137,565.0,622.1799073546957,-57.17990735469573
278144,710.0,680.4124121724401,29.5875878275599
278145,840.0,1090.7435598674947,-250.7435598674947
278160,700.0,720.200767458497,-20.200767458497012
278161,930.0,1135.3383497162695,-205.33834971626948
278192,1260.0,1146.2850193320921,113.71498066790787
278205,1240.0,1150.9414671453724,89.05853285462763
278222,1380.0,1292.4939380897624,87.50606191023758
278230,675.0,736.844684807919,-61.84468480791895
278269,782.0,1169.318528202847,-387.3185282028469
278284,1405.0,1189.3493155126694,215.65068448733064
278315,780.0,720.0101959929158,59.98980400708422
278326,1389.0,1176.4409235231456,212.55907647685444
278355,720.0,671.4210213187544,48.578978681245644
278401,659.0,718.1302952749597,-59.130295274959735
278412,1280.0,1171.1559779570496,108.84402204295043
278434,1102.0,1147.091150134706,-45.09115013470591
278436,877.0,1112.5951662083844,-235.5951662083844
278505,870.0,711.2874528274148,158.71254717258523
278528,469.0,600.120968237639,-131.12096823763898
278531,695.0,638.6299759439879,56.370024056012085
278556,974.0,1062.7563344680111,-88.75633446801112
278569,1157.0,1099.5118415394618,57.488158460538216
278650,1185.0,1166.5450045531347,18.45499544686527
278652,579.0,706.7531767688263,-127.75317676882628
278685,1305.0,1133.1166905569567,171.88330944304334
278716,1105.0,1164.788832240794,-59.78883224079391
278755,1032.0,1081.3014369284385,-49.301436928438534
278758,1320.0,1138.3637892316844,181.63621076831555
278788,1185.0,1071.8138552595228,113.18614474047718
278826,1070.0,1051.4801785264542,18.51982147354579
278874,1215.0,1119.2587086416324,95.74129135836756
278896,660.0,713.9964691359199,-53.99646913591994
278897,910.0,1103.6030277772022,-193.60302777720221
278939,805.0,753.211724922643,51.78827507735696
278958,680.0,726.658821880063,-46.65882188006299
278965,990.0,1161.2287047364077,-171.22870473640774
278977,583.0,712.2987971956869,-129.29879719568692
278980,1270.0,1228.5237989599152,41.47620104008479
279028,1230.0,1230.2057865827587,-0.2057865827587193
279077,1330.0,1125.0031149274344,204.99688507256565
279089,524.0,698.9819303891722,-174.98193038917225
279100,704.0,601.2668721387823,102.73312786121767
279103,1230.0,1113.872992857187,116.127007142813
279123,935.0,1087.4695881841676,-152.4695881841676
279392,539.0,682.9121466171958,-143.91214661719584
279428,770.0,703.1188872153289,66.88111278467113
279437,970.0,974.5541214002623,-4.554121400262261
279442,1400.0,1208.5033475506473,191.49665244935272
279448,1260.0,1219.326881279839,40.67311872016103
279451,725.0,662.6318527328865,62.3681472671135
279489,775.0,681.0159469340317,93.98405306596828
279500,385.0,612.809213723428,-227.809213723428
279525,1190.0,1278.047860663361,-88.047860663361
279529,1060.0,1030.8741121893459,29.12588781065415
279564,960.0,1205.1348161669307,-245.1348161669307
279583,500.0,661.2130595274617,-161.21305952746172
279607,1120.0,1081.1622356421894,38.837764357810556
279661,808.0,1078.1180252626973,-270.1180252626973
279666,799.0,1050.859929951826,-251.85992995182596
279741,810.0,729.1131014760592,80.88689852394077
279779,865.0,973.5407908470767,-108.54079084707666
279840,899.0,920.586993526251,-21.586993526251035
279849,615.0,725.0088036468849,-110.00880364688487
279880,1020.0,1129.0045754718772,-109.00457547187716
279905,715.0,671.1425586769558,43.85744132304421
279929,1035.0,683.4973981199391,351.50260188006087
279952,885.0,953.6755189647927,-68.67551896479267
279978,505.0,718.1943933692992,-213.19439336929918
279979,1245.0,1155.2238882542956,89.77611174570438
279987,1125.0,1155.2439041213029,-30.243904121302876
280094,615.0,639.415611735791,-24.415611735791003
280161,1100.0,1187.5899140058066,-87.58991400580658
280176,733.0,697.7270244611935,35.27297553880646
280189,1160.0,1160.8074136690916,-0.8074136690916021
280205,920.0,695.7323534048597,224.26764659514026
280409,750.0,717.3804141546946,32.61958584530544
280425,870.0,1072.418621434753,-202.41862143475305
280437,1055.0,1065.88830826703,-10.88830826702997
280483,1021.0,1195.0043987225797,-174.0043987225797
280501,1040.0,1230.226615060228,-190.2266150602279
280515,780.0,719.4199353831729,60.580064616827144
280582,656.0,640.4282817425716,15.571718257428415
280715,1142.0,1005.7124269129172,136.28757308708282
280740,945.0,1138.5867277997302,-193.58672779973017
280742,960.0,1096.6141847870545,-136.61418478705446
280800,445.0,627.5776366724201,-182.5776366724201
280824,960.0,1191.2830945255287,-231.28309452552867
280835,915.0,1090.954660742977,-175.954660742977
280840,1570.0,1277.6931747993178,292.30682520068217
280884,664.0,698.8276084206452,-34.82760842064522
280913,900.0,711.505453910228,188.49454608977203
280933,1102.0,1057.8958390368618,44.104160963138156
280947,1030.0,1057.1330446918735,-27.133044691873465
280968,940.0,730.6532009109842,209.3467990890158
280987,690.0,667.3831550781583,22.616844921841675
281024,790.0,722.4647870467525,67.53521295324754
281069,1190.0,1211.4224382035898,-21.422438203589763
281111,1475.0,1143.8918370439094,331.1081629560906
281112,791.0,923.8288275348486,-132.82882753484864
281135,725.0,703.3400448876484,21.659955112351554
281149,628.0,705.248827921198,-77.24882792119797
281213,855.0,986.8695894635497,-131.8695894635497
281289,1090.0,1221.8588333807672,-131.85883338076724
281292,1375.0,1246.7531466962803,128.24685330371972
281337,1015.0,728.0802849678497,286.9197150321503
281346,741.0,694.2623788075375,46.737621192462484
281349,1225.0,1248.9421139719334,-23.942113971933395
281430,620.0,729.1790128734209,-109.1790128734209
281439,420.0,611.5970833982843,-191.59708339828433
281449,720.0,740.9194995982035,-20.919499598203515
281465,610.0,655.2004004169089,-45.200400416908906
281622,1015.0,1077.6768921737626,-62.67689217376255
281653,1130.0,1242.2355388367832,-112.23553883678323
281806,725.0,719.0311431937741,5.968856806225858
281820,1045.0,1101.6236818467287,-56.62368184672869
281828,1275.0,1203.313236918039,71.68676308196109
281859,1071.0,1106.559461432692,-35.55946143269193
281877,565.0,753.3222555629791,-188.32225556297908
281915,950.0,1054.765228955178,-104.76522895517792
281922,1387.0,1163.5183345275045,223.48166547249548
281928,1305.0,1218.7393199951307,86.2606800048693
281940,440.0,603.3923052524751,-163.39230525247513
281957,870.0,1095.0503596808153,-225.0503596808153
282014,876.0,1066.5378618536809,-190.53786185368085
282029,1185.0,1056.5119518749982,128.4880481250018
282038,1213.0,1167.0237283493475,45.97627165065251
282043,1041.0,1174.9382764689617,-133.9382764689617
282053,677.0,691.4785905536813,-14.478590553681329
282083,528.0,662.2605378511753,-134.2605378511753
282095,996.0,940.5226941609264,55.47730583907355
282114,830.0,691.0501231419313,138.9498768580687
282220,1141.0,1222.734768319736,-81.73476831973608
282271,850.0,1017.0446483834318,-167.04464838343176
282353,637.0,590.7145592696711,46.2854407303289
282395,960.0,1131.7461297140349,-171.74612971403485
282422,1003.0,1086.2581956387771,-83.25819563877712
282427,1210.0,1194.8538231988725,15.146176801127467
282469,1160.0,1181.76102960165,-21.76102960165008
282539,745.0,723.2106796197174,21.78932038028256
282578,1490.0,1243.4013419348562,246.5986580651438
282583,757.0,724.9034380208282,32.09656197917184
282590,1520.0,1252.9857799838182,267.01422001618175
282598,900.0,1043.377948491654,-143.37794849165402
282599,1205.0,1069.3161737274647,135.68382627253527
282676,815.0,872.6105341032384,-57.610534103238365
282725,440.0,672.5778016889839,-232.57780168898387
282753,1155.0,1285.5969949934274,-130.59699499342742
282772,1040.0,1129.2706272616158,-89.2706272616158
282776,727.0,676.3115622963564,50.68843770364356
282782,1210.0,1204.8234400188892,5.176559981110813
282814,610.0,700.8683001391456,-90.86830013914562
282821,1060.0,1152.7823663078184,-92.78236630781839
282858,606.0,676.6056903470012,-70.6056903470012
282867,665.0,739.8911424367568,-74.89114243675681
282868,838.0,949.5994124732911,-111.59941247329107
282882,590.0,689.8658066989598,-99.86580669895977
282899,1220.0,1221.6017694644734,-1.6017694644733638
282928,780.0,735.3876068499152,44.61239315008481
282962,663.0,728.9059753021579,-65.90597530215791
282966,880.0,1043.0083133857054,-163.00831338570538
282976,1435.0,1262.5599887668413,172.44001123315866
283023,623.0,602.2861614948172,20.71383850518282
283059,1485.0,1248.8897211257388,236.1102788742612
283081,910.0,932.0990840935186,-22.099084093518627
283208,680.0,714.0067522377518,-34.00675223775181
283215,653.0,700.6949924840939,-47.69499248409386
283220,1065.0,1089.8995766327964,-24.899576632796425
283232,1093.0,1164.116473232751,-71.1164732327511
283273,1190.0,1058.1782523586749,131.82174764132515
283306,730.0,684.1061939543335,45.89380604566645
283330,1010.0,1068.0102434673122,-58.01024346731219
283331,1100.0,1167.0510036431015,-67.05100364310147
283332,590.0,706.7650672573978,-116.76506725739785
283346,700.0,755.5484014130965,-55.548401413096485
283358,1175.0,1083.2394050913529,91.76059490864714
283362,1170.0,1144.928346910744,25.07165308925596
283378,720.0,714.1072383183424,5.892761681657589
283449,735.0,699.0076455597384,35.99235444026158
283484,1075.0,1076.5778810396653,-1.5778810396652716
283501,970.0,753.8979077417406,216.1020922582594
283537,1120.0,1117.171675359432,2.8283246405680984
283541,1120.0,1111.708827453825,8.291172546174948
283627,690.0,647.2579058921617,42.742094107838284
283715,1150.0,1183.1694471613193,-33.16944716131934
283737,926.0,977.484065924054,-51.48406592405399
283767,750.0,716.2401737923396,33.75982620766035
283788,915.0,927.580806687047,-12.580806687047016
283894,1245.0,1246.997120802512,-1.9971208025119722
283936,1190.0,1181.0382433113175,8.961756688682499
283995,655.0,714.5557646383559,-59.55576463835587
284061,871.0,1072.838706042163,-201.83870604216304
284127,944.0,1122.5285034850476,-178.52850348504762
284167,765.0,1054.2100861815168,-289.2100861815168
284225,1175.0,1128.2939453510737,46.70605464892628
284260,560.0,677.3707087331271,-117.37070873312712
284282,1210.0,1225.738937436687,-15.73893743668691
284297,770.0,684.1154408800863,85.88455911991366
284304,1010.0,1187.867193664672,-177.86719366467196
284319,1076.0,1059.9265484920368,16.073451507963227
284358,975.0,1069.1535185720427,-94.15351857204269
284360,705.0,677.9555162889557,27.044483711044336
284370,1270.0,1167.0287732772658,102.97122672273417
284394,1490.0,1130.3008752374144,359.6991247625856
284395,780.0,699.457920026205,80.54207997379501
284410,790.0,733.9529689242459,56.04703107575415
284429,1155.0,1178.98356149994,-23.983561499939924
284450,560.0,653.3926580184084,-93.39265801840838
284452,1285.0,1247.3422094017048,37.65779059829515
284470,765.0,727.7725398057264,37.22746019427359
284494,1246.0,1140.103830215468,105.89616978453205
284568,1335.0,1254.7822108958346,80.21778910416538
284582,655.0,617.3552042214408,37.64479577855923
284625,1480.0,1290.2565209124807,189.7434790875193
284689,1060.0,1113.923213663465,-53.92321366346505
284728,1285.0,1079.8812732342255,205.11872676577445
284822,1325.0,1230.9813786391571,94.01862136084287
284834,1010.0,1128.209419880941,-118.20941988094091
284843,825.0,1018.2475285665423,-193.24752856654231
284876,1660.0,1295.8550605996036,364.1449394003964
284879,1380.0,1256.970706264356,123.02929373564393
284902,1208.0,1123.184933926676,84.81506607332403
284904,1160.0,1216.0486484054015,-56.048648405401536
284916,940.0,1148.2701683427513,-208.27016834275128
285015,906.0,1046.891228955956,-140.89122895595597
285016,1235.0,1228.4742797057113,6.525720294288703
285017,849.0,717.370837664409,131.629162335591
285038,1202.0,1116.0637996742537,85.93620032574631
285076,705.0,716.0572303372229,-11.057230337222904
285103,963.0,1072.5643202727667,-109.56432027276674
285134,1050.0,1191.676844969752,-141.67684496975198
285161,981.0,1019.6593094576675,-38.65930945766752
285165,1021.0,1140.059077524426,-119.0590775244259
285209,1113.0,1168.5577405236652,-55.55774052366519
285247,1160.0,1212.429794340456,-52.429794340456056
285289,746.0,694.8043369152423,51.19566308475771
285339,925.0,724.6435162375737,200.35648376242625
285367,710.0,726.1853762011935,-16.18537620119355
285394,1070.0,1211.3169578201105,-141.31695782011047
285440,1325.0,1045.200813937051,279.79918606294905
285480,735.0,997.876849764302,-262.87684976430205
285505,1035.0,1187.1259396374385,-152.12593963743848
285533,1554.0,1077.7874965339176,476.21250346608235
285562,1113.0,1201.2138013521248,-88.21380135212485
285563,1170.0,1128.6666654207193,41.333334579280745
285570,1430.0,1279.2725754012356,150.7274245987644
285571,1280.0,1137.945335560927,142.0546644390729
285612,665.0,696.6665014627315,-31.666501462731503
285618,1125.0,1031.8935002411508,93.10649975884917
285620,737.0,638.6382582663401,98.36174173365987
285711,800.0,734.7018108127237,65.29818918727631
285726,631.0,722.0076131475745,-91.00761314757449
285730,660.0,697.6664753052464,-37.66647530524642
285749,1015.0,1173.3849439284447,-158.38494392844473
285766,1390.0,1231.9386801977807,158.06131980221926
285771,558.0,693.6377104818945,-135.6377104818945
285798,1160.0,1089.3610700396384,70.63892996036157
285839,687.0,711.3479028698666,-24.34790286986663
285876,930.0,975.9592582122655,-45.95925821226547
286002,595.0,646.8863592473549,-51.8863592473549
286030,670.0,638.6216997647962,31.378300235203824
286035,870.0,1049.3607330505963,-179.3607330505963
286062,1041.0,1122.2251575698976,-81.22515756989765
286176,495.0,659.0225620785676,-164.0225620785676
286219,1082.0,1181.4513060810498,-99.45130608104978
286237,440.0,1067.7997804474157,-627.7997804474157
286448,1300.0,1188.472071189658,111.52792881034202
286451,1290.0,1267.1208722894644,22.879127710535613
286552,1415.0,1139.277856262824,275.7221437371761
286563,849.0,702.3851532931145,146.6148467068855
286675,645.0,686.4624661540504,-41.46246615405039
286763,1246.0,1130.0455300442463,115.95446995575367
286839,1013.0,1205.9167930064787,-192.91679300647866
286921,1085.0,1073.7837932317607,11.216206768239317
286951,880.0,1245.3320514055913,-365.3320514055913
286973,615.0,617.6798026435384,-2.6798026435384372
286982,1140.0,1030.4416812600475,109.55831873995248
286988,990.0,1199.9956572230067,-209.99565722300667
287008,720.0,732.6394109639483,-12.639410963948308
287100,1545.0,1224.8291717946354,320.1708282053646
287232,1130.0,1180.451649013905,-50.4516490139049
287253,575.0,664.0356970196004,-89.03569701960043
287263,965.0,1124.4305325571604,-159.4305325571604
287379,1355.0,1208.4447088908514,146.55529110914858
287414,1097.0,1075.9181658313544,21.081834168645628
287447,1120.0,1142.420752423701,-22.42075242370106
287458,905.0,1061.4203774147402,-156.4203774147402
287688,1095.0,1014.7438800383633,80.25611996163673
287722,975.0,1047.4333532738292,-72.4333532738292
287734,981.0,1081.8219486407884,-100.82194864078838
287786,570.0,714.3118237277602,-144.31182372776016
287788,755.0,685.6872626563865,69.31273734361355
287815,840.0,704.6004632193076,135.39953678069242
287823,1135.0,1108.1722690771694,26.827730922830597
287892,1200.0,1224.785124020885,-24.78512402088495
287926,1025.0,1092.6453989126012,-67.6453989126012
287969,845.0,1059.9237714328576,-214.92377143285762
287984,945.0,1151.2713611795766,-206.27136117957662
288003,1060.0,1081.5249221378497,-21.52492213784967
288012,995.0,1130.3454094197573,-135.3454094197573
288042,1047.0,1242.9184801811273,-195.91848018112728
288056,760.0,670.9893524132408,89.0106475867592
288071,840.0,684.6951862169581,155.30481378304194
288083,1115.0,716.9897354604427,398.0102645395573
288104,925.0,1090.0884323381981,-165.08843233819812
288177,1150.0,1080.2710731929358,69.72892680706423
288185,882.0,943.0310967689256,-61.031096768925636
288197,1305.0,1221.730183359463,83.2698166405371
288220,1422.0,1184.3993736573052,237.6006263426948
288225,970.0,1197.3149438525231,-227.31494385252313
288250,970.0,1051.0749397219727,-81.07493972197267
288259,1336.0,1239.5981452015942,96.4018547984058
288356,1305.0,1238.0689110321434,66.93108896785657
288372,1365.0,1238.7552510740138,126.24474892598619
288410,1140.0,1099.5089052190162,40.49109478098376
288445,905.0,1125.4276988164434,-220.42769881644335
288482,1155.0,1040.493002123491,114.5069978765091
288521,710.0,679.2231201071185,30.77687989288154
288556,620.0,658.943610217057,-38.94361021705697
288579,1080.0,1057.5941154055695,22.405884594430518
288639,1058.0,1045.6046776040846,12.3953223959154
288641,439.0,644.4640300857142,-205.46403008571417
288645,860.0,752.5472658142095,107.45273418579052
288676,1058.0,1093.0015009613162,-35.0015009613162
288779,1195.0,1220.8051723410997,-25.805172341099706
288838,1268.0,1097.3409531708057,170.65904682919427
288839,850.0,676.3731313733074,173.6268686266926
288905,1620.0,1201.7188664372288,418.2811335627712
288940,1215.0,1235.0026375720443,-20.00263757204425
288958,608.0,632.4234442680234,-24.423444268023445
289010,788.0,725.5147822769679,62.485217723032065
289055,710.0,737.420727339411,-27.420727339410973
289060,855.0,1090.171332983039,-235.17133298303906
289103,745.0,683.0967710886695,61.90322891133053
289106,1054.0,1101.2311246090892,-47.23112460908919
289125,1010.0,998.8234017786859,11.176598221314066
289210,1120.0,1097.3409531708057,22.659046829194267
289215,1100.0,1235.3998517014375,-135.39985170143746
289328,955.0,1221.6830863297394,-266.68308632973935
289369,895.0,730.9586427736093,164.0413572263907
289413,790.0,675.2050566264065,114.79494337359347
289463,1224.0,1159.4073452878376,64.59265471216236
289496,1146.0,1045.9844468958265,100.01555310417348
289593,1230.0,1262.6342974276831,-32.63429742768312
289703,615.0,640.4642092221709,-25.464209222170894
289710,1560.0,1156.2306977260484,403.76930227395155
289745,1185.0,1233.782602520744,-48.78260252074392
289785,1255.0,1092.4417897434862,162.5582102565138
289814,760.0,1025.8510880655228,-265.85108806552284
289827,1009.0,723.4503066313326,285.54969336866736
289839,784.0,1052.325407063763,-268.3254070637629
289973,1315.0,1133.1730407623227,181.82695923767733
289996,1130.0,1126.9743932141478,3.025606785852233
289998,1125.0,1195.369850706954,-70.36985070695391
290037,1200.0,1081.3014369284385,118.69856307156147
290087,941.0,1125.888341319718,-184.88834131971794
290101,1430.0,1220.706965409351,209.29303459064909
290139,905.0,1186.257547049464,-281.25754704946394
290143,1010.0,1132.5266812787388,-122.5266812787388
290201,1110.0,1122.852396049143,-12.852396049142953
290236,1058.0,928.6175727557006,129.38242724429938
290282,618.0,726.125095983491,-108.12509598349095
290325,670.0,1060.469931384567,-390.46993138456696
290384,680.0,722.8187324514844,-42.81873245148438
290393,1138.0,1179.3402321697588,-41.34023216975879
290517,1100.0,1071.4255955396738,28.57440446032615
290523,1433.0,1236.072145858406,196.92785414159403
290536,585.0,640.7172923106692,-55.71729231066922
290587,890.0,699.9865039737301,190.01349602626988
290626,750.0,690.0337136013289,59.96628639867106
290653,905.0,1084.444951672688,-179.44495167268792
290679,1470.0,1256.8640259809608,213.13597401903917
290741,545.0,718.1969771569585,-173.1969771569585
290755,755.0,707.4773442091746,47.52265579082541
290820,1220.0,1108.8798945775127,111.12010542248731
290840,970.0,1064.9013249393358,-94.90132493933584
290842,1250.0,1216.481084610033,33.518915389967106
290846,725.0,709.459463722988,15.540536277012052
290854,725.0,717.0728259425362,7.927174057463844
290870,535.0,704.7961990080439,-169.7961990080439
290887,760.0,701.6536776904176,58.34632230958243
290891,1140.0,1147.4995054790402,-7.499505479040181
291041,1115.0,1054.6805777525085,60.3194222474915
291131,1160.0,1180.5048578650226,-20.504857865022586
291148,995.0,1011.8445524711098,-16.84455247110975
291183,668.0,619.100460403219,48.89953959678098
291211,600.0,678.3072099110966,-78.3072099110966
291221,545.0,564.1783473524002,-19.178347352400237
291377,904.0,978.8122683314369,-74.81226833143694
291460,813.0,715.5825294913479,97.41747050865206
291478,625.0,703.3259561459772,-78.32595614597722
291488,650.0,1094.582687954166,-444.582687954166
291516,1095.0,1091.927717709777,3.072282290223029
291555,1288.0,1061.25507367895,226.7449263210499
291572,816.0,1003.2285233638518,-187.22852336385176
291738,520.0,1236.0980460123837,-716.0980460123837
291809,851.0,662.2788268224373,188.72117317756272
291885,1120.0,1227.623348062009,-107.62334806200897
291944,1086.0,1239.977375828519,-153.97737582851892
291955,1175.0,1273.3507046004147,-98.3507046004147
292029,985.0,1005.694310200502,-20.694310200501945
292085,745.0,980.6647892268567,-235.66478922685667
292216,785.0,722.5685702687354,62.43142973126464
292238,650.0,654.8140525874358,-4.814052587435754
292239,1370.0,1170.09552079396,199.90447920603992
292284,1000.0,1114.7179108861046,-114.71791088610462
292324,992.0,1133.112818538066,-141.112818538066
292394,720.0,614.0079492130939,105.99205078690613
292584,434.0,635.090087830905,-201.09008783090496
292658,1219.0,1124.2168980554225,94.78310194457754
292711,700.0,992.2819945874226,-292.28199458742256
292808,1245.0,1039.7733600032768,205.22663999672318
292816,890.0,1179.1559725685827,-289.1559725685827
292869,930.0,1184.902589987509,-254.90258998750892
292870,1120.0,1226.2008566563654,-106.20085665636543
292888,1205.0,1262.8013017130925,-57.80130171309247
292895,1170.0,1190.5315921510014,-20.531592151001405
293008,592.0,719.4347739725764,-127.43477397257641
293067,620.0,739.5467321914723,-119.5467321914723
293096,937.0,1121.9820713129404,-184.98207131294043
293187,1306.0,1054.3758136156553,251.62418638434474
293231,870.0,1004.709386446385,-134.709386446385
293293,685.0,1027.5564686868815,-342.55646868688154
293422,1460.0,1022.090840691053,437.909159308947
293423,849.0,1063.0032576711365,-214.00325767113645
293428,765.0,722.8093499218284,42.19065007817164
293473,570.0,623.0780418806177,-53.07804188061766
293548,755.0,677.6358737538905,77.36412624610955
293575,925.0,1086.6777851799934,-161.6777851799934
293580,750.0,1136.568156878802,-386.56815687880203
293589,410.0,689.3191902654934,-279.3191902654934
293691,970.0,1134.127896168401,-164.1278961684011
293695,1080.0,1228.636684516655,-148.6366845166549
293740,1130.0,1216.8774901246202,-86.87749012462018
293799,910.0,1064.890165048263,-154.89016504826304
293931,1250.0,1181.7895505559782,68.21044944402183
293938,716.0,654.1508680166553,61.849131983344705
293984,1180.0,1191.780484119493,-11.78048411949294
294147,615.0,714.6949871371579,-99.69498713715791
294157,1525.0,1224.2486592517923,300.75134074820767
294159,1186.0,1053.2937759788697,132.7062240211303
294178,1290.0,1189.199633978557,100.8003660214431
294322,1010.0,1196.7374149128466,-186.7374149128466
294371,980.0,1216.7773666218775,-236.7773666218775
294401,1135.0,1067.6439979432253,67.35600205677474
294404,495.0,563.1821068255707,-68.18210682557071
294406,1123.0,1185.494489796885,-62.49448979688509
294413,1155.0,1174.0830768749004,-19.08307687490037
294459,1294.0,1069.916297054616,224.08370294538395
294551,1060.0,1058.7530006722936,1.2469993277063622
294619,1114.0,1034.1834517234024,79.81654827659759
294628,640.0,628.846047539258,11.153952460741948
294643,865.0,1194.9686812546283,-329.96868125462834
294679,915.0,969.831356139197,-54.831356139197055
294695,895.0,1131.703525420103,-236.703525420103
294797,1053.0,1055.861595319541,-2.8615953195410384
294830,1045.0,1120.5417402209405,-75.54174022094048
294843,1045.0,1094.5274305889234,-49.52743058892338
294933,1020.0,1160.578813542451,-140.57881354245092
294949,930.0,1011.3154589082119,-81.3154589082119
295013,1435.0,1262.751946355741,172.24805364425902
295042,970.0,952.79842636322,17.20157363678004
295148,805.0,701.7181193955547,103.28188060444529
295166,1230.0,1229.4458499495972,0.5541500504027681
295211,760.0,750.0079855703677,9.992014429632263
295226,1335.0,1268.8903369111652,66.10966308883485
295233,660.0,700.3242293172028,-40.32422931720282
295279,1060.0,1059.2972670487654,0.7027329512345659
295318,849.0,1035.0712120590654,-186.07121205906537
295326,1267.0,1091.6476096440483,175.35239035595168
295408,758.0,730.1110958749478,27.88890412505225
295464,1370.0,1241.6840350834705,128.31596491652954
295532,770.0,986.5256666908531,-216.5256666908531
295610,805.0,1034.3989234884002,-229.39892348840021
295645,1520.0,1280.0588403001434,239.9411596998566
295664,1265.0,1211.8148008690775,53.185199130922456
295700,720.0,689.169223993427,30.830776006573046
295747,900.0,1097.8743733288354,-197.87437332883542
295825,540.0,697.7422416792136,-157.74224167921363
295859,550.0,661.3246859547419,-111.32468595474188
295860,1255.0,1173.4757173481646,81.52428265183539
295863,1280.0,1175.2212133850464,104.77878661495356
295934,1315.0,1234.2454703430046,80.75452965699537
295936,1050.0,1153.9601685302882,-103.96016853028823
295988,1145.0,1160.083821887919,-15.08382188791893
296019,1213.0,1096.4128673293092,116.58713267069083
296155,1090.0,1141.6289850686017,-51.62898506860165
296254,1072.0,928.8489655876924,143.15103441230758
296418,1110.0,1207.7754951310887,-97.77549513108875
296477,1095.0,1263.6548457443441,-168.65484574434413
296497,1138.0,1177.3569786995765,-39.35697869957653
296575,1325.0,1223.3484297321966,101.65157026780344
296591,865.0,1069.9559826640061,-204.95598266400611
296606,900.0,988.2614986760004,-88.26149867600043
296726,820.0,1134.854521407549,-314.8545214075491
296727,1275.0,1097.6977146835875,177.3022853164125
296878,860.0,1171.2396133980974,-311.2396133980974
296895,705.0,952.796940891527,-247.79694089152702
296908,545.0,624.4321462942071,-79.43214629420709
296919,710.0,739.2352663058093,-29.23526630580932
297062,580.0,1069.4525240895941,-489.45252408959414
297141,1020.0,1091.938602665975,-71.93860266597494
297206,1250.0,1075.539802278361,174.4601977216389
297247,1160.0,1197.6837880523722,-37.683788052372165
297252,560.0,696.3111715717588,-136.3111715717588
297260,1035.0,1023.2425462293161,11.757453770683924
297351,1115.0,1137.5051024876389,-22.50510248763885
297382,1295.0,1247.7023267666432,47.29767323335682
297418,615.0,630.4849930259657,-15.48499302596565
297437,1127.0,1050.9918612427366,76.0081387572634
297501,527.0,657.9677950483377,-130.96779504833773
297570,705.0,942.9291549530539,-237.92915495305385
297621,715.0,734.2462417656227,-19.2462417656227
297655,1035.0,1069.8035980395225,-34.80359803952251
297710,1185.0,1031.8427921011428,153.15720789885722
297842,870.0,1196.5572320755682,-326.5572320755682
297860,1512.0,1265.8300129835523,246.16998701644775
297974,960.0,1144.8551270795888,-184.85512707958878
298107,1275.0,1248.3960869996588,26.60391300034121
298141,845.0,725.9280111376597,119.07198886234028
298166,935.0,752.2975806116916,182.70241938830839
298193,1185.0,1212.1422350438445,-27.142235043844494
298204,1425.0,1243.0997115176021,181.90028848239785
298263,605.0,721.2545072911469,-116.25450729114687
298275,1210.0,1192.0404430387662,17.95955696123383
298350,560.0,619.2037845026276,-59.20378450262763
298439,1100.0,1077.1662262986576,22.833773701342352
298443,1415.0,1202.8663916439423,212.13360835605772
298446,1460.0,1213.6096667347485,246.39033326525146
298497,645.0,636.4193706703707,8.580629329629346
298534,730.0,679.1340141098469,50.86598589015307
298535,1330.0,1139.0785751950916,190.92142480490838
298551,1175.0,1143.7389220295781,31.261077970421866
298578,657.0,714.5584216468943,-57.55842164689432
298583,1100.0,1178.2873920879022,-78.28739208790216
298591,1150.0,1095.6286027792196,54.37139722078041
298598,785.0,717.819376360491,67.18062363950901
298679,1130.0,1097.017377396715,32.98262260328511
298734,870.0,699.2099528994164,170.7900471005836
298841,1290.0,1202.832566506828,87.16743349317198
298872,827.0,993.5369587839326,-166.53695878393262
298910,893.0,1090.9020905849243,-197.90209058492428
298945,746.0,695.5231361924152,50.47686380758478
299030,1135.0,1166.5485322326401,-31.548532232640127
299035,595.0,731.9411606574789,-136.94116065747892
299175,796.0,1182.9032477227177,-386.90324772271765
299176,1014.0,1108.1232690793463,-94.1232690793463
299195,1070.0,1051.9946843775488,18.005315622451235
299206,705.0,686.4215314298983,18.578468570101677
299239,680.0,736.0503795138407,-56.05037951384065
299257,1125.0,1114.6296529508284,10.370347049171642
299291,1040.0,1047.7343848993587,-7.734384899358702
299306,900.0,1105.8609670011754,-205.86096700117537
299423,1140.0,1019.5413725075097,120.45862749249034
299526,848.0,703.662406838263,144.337593161737
299527,1620.0,1198.0743058435396,421.9256941564604
299611,1072.0,1076.366109110759,-4.366109110758998
299621,1270.0,1071.7681323442687,198.23186765573132
299647,1047.0,1064.042485530942,-17.04248553094203
299654,1140.0,1140.9829956031538,-0.9829956031537677
299705,1217.0,1107.3114541062046,109.68854589379544
299726,502.0,652.0158388812505,-150.0158388812505
299730,1010.0,1211.1364004498867,-201.13640044988665
299836,1028.0,971.8266558021023,56.17334419789768
299869,665.0,699.809591500388,-34.809591500388024
299891,1250.0,1150.7312605372263,99.26873946277374
299915,970.0,992.4204678563406,-22.420467856340565
299942,930.0,686.7698787896132,243.23012121038676
299987,930.0,1121.2036987955069,-191.20369879550685
300018,624.0,671.5019584124367,-47.50195841243669
300019,485.0,721.1775475896435,-236.1775475896435
300153,773.0,642.0509897242061,130.94901027579385
300155,1025.0,1230.5056461992274,-205.50564619922739
300212,945.0,1089.580559554381,-144.5805595543809
300215,670.0,646.7578401692793,23.242159830720652
300231,1175.0,1118.1433433105324,56.85665668946763
300239,720.0,692.0382824778364,27.961717522163553
300245,827.0,1093.0489985275353,-266.04899852753533
300252,620.0,670.9266991425043,-50.926699142504276
300264,710.0,690.9249415789328,19.075058421067183
300294,1330.0,1194.2399260930251,135.76007390697487
300312,695.0,684.4930382526893,10.506961747310697
300318,740.0,671.6066700828907,68.39332991710933
300337,700.0,671.019554945174,28.980445054825964
300420,790.0,719.3225785875505,70.67742141244946
300474,920.0,1220.219738968533,-300.21973896853297
300475,770.0,651.9384828072702,118.06151719272975
300542,795.0,750.0976803524452,44.902319647554805
300550,1030.0,1120.8462239337052,-90.84622393370523
300641,640.0,717.2342980049345,-77.23429800493454
300661,1285.0,1281.6320447255464,3.3679552744536068
300712,1025.0,957.9861102339394,67.01388976606063
300721,1040.0,1272.7425263864354,-232.74252638643543
300749,655.0,724.1291283698749,-69.12912836987493
300833,1165.0,1179.0155238708928,-14.015523870892821
300841,975.0,1216.1131152746584,-241.1131152746584
300874,955.0,1038.933050830928,-83.9330508309281
300906,1375.0,1170.3502587533003,204.6497412466997
300953,1122.0,1020.2022023902609,101.79779760973906
301092,902.0,1142.2867873763985,-240.28678737639848
301194,937.0,1163.054574512386,-226.0545745123859
301253,1345.0,1242.4880985540915,102.5119014459085
301259,675.0,708.2922316152667,-33.2922316152667
301286,668.0,691.9642508290252,-23.964250829025218
301288,700.0,713.2954026740736,-13.295402674073557
301330,470.0,656.0434355525227,-186.04343555252274
301341,1425.0,1147.3808501274757,277.6191498725243
301363,560.0,716.1731860606886,-156.17318606068864
301397,1710.0,1251.8972995845209,458.10270041547915
301512,1005.0,1173.8871695625432,-168.88716956254325
301565,860.0,972.589973688268,-112.58997368826795
301668,1201.0,1146.6483480972513,54.3516519027487
301749,1235.0,1157.962305271282,77.03769472871795
301810,920.0,1121.0768554079605,-201.07685540796047
301864,840.0,1048.8014592424925,-208.80145924249246
301869,1285.0,1119.7698991819084,165.2301008180916
301879,725.0,673.8945953038855,51.10540469611453
301948,760.0,718.9513806979365,41.04861930206346
301976,1347.0,1158.622463812614,188.3775361873861
301995,1213.0,1239.0938465996633,-26.093846599663266
302064,590.0,658.0395265869612,-68.03952658696119
302077,1330.0,1236.1372746699235,93.8627253300765
302130,1191.0,1084.099767178182,106.90023282181801
302238,1047.0,1121.7425302574943,-74.74253025749431
302259,1025.0,1047.673490006977,-22.67349000697709
302277,817.0,1074.658957343005,-257.6589573430051
302307,465.0,703.7558860487188,-238.75588604871882
302451,740.0,679.2753452747244,60.72465472527563
302479,662.0,682.2808182257697,-20.280818225769735
302533,838.0,1178.803848978586,-340.8038489785861
302596,425.0,712.7269855912948,-287.7269855912948
302610,870.0,1144.3936058197855,-274.39360581978553
302723,710.0,1090.2687306074258,-380.2687306074258
302759,1040.0,1098.9007947918574,-58.90079479185738
302795,1195.0,1197.2624999318082,-2.262499931808179
302799,630.0,716.266672316827,-86.266672316827
302897,855.0,1125.0172038710457,-270.0172038710457
303010,930.0,1121.3571121193033,-191.35711211930334
303062,677.0,976.7750603001032,-299.7750603001032
303113,986.0,1063.0749801891586,-77.07498018915862
303125,959.0,1096.508115830525,-137.50811583052496
303212,1058.0,964.4754022531264,93.52459774687361
303232,1041.0,1074.3330164597094,-33.33301645970937
303323,805.0,1102.9200788727837,-297.92007887278373
303328,970.0,1138.037597977107,-168.037597977107
303339,1125.0,1171.1729010734011,-46.172901073401135
303402,1110.0,1073.1977118177683,36.80228818223168
303416,1170.0,1214.8151250634658,-44.81512506346576
303536,580.0,697.6810803702474,-117.6810803702474
303585,1040.0,1232.473613020908,-192.47361302090803
303716,1375.0,1257.9016820016982,117.09831799830181
303730,1137.0,1205.24166086299,-68.2416608629901
303846,1045.0,1068.6881905610433,-23.688190561043257
303873,655.0,703.8265368433755,-48.82653684337549
303973,676.0,710.9570372934971,-34.95703729349714
303977,800.0,1153.081709633372,-353.08170963337193
304062,580.0,935.9487816129767,-355.94878161297675
304088,810.0,1007.5895263989332,-197.58952639893323
304096,1125.0,1024.9419246010643,100.05807539893567
304100,1025.0,996.1380888246049,28.861911175395107
304278,813.0,645.9279479287612,167.07205207123877
304304,729.0,1143.928553793481,-414.9285537934809
304347,675.0,709.6167884874751,-34.616788487475105
304368,1030.0,1172.7501672158685,-142.7501672158685
304436,965.0,1099.0372714051682,-134.0372714051682
304548,895.0,1195.053097541483,-300.0530975414831
304555,1010.0,1072.119057369126,-62.11905736912604
304560,950.0,1079.5021622208785,-129.50216222087852
304587,755.0,717.1218953627434,37.87810463725657
304601,766.0,737.2704319796969,28.729568020303077
304656,633.0,686.4417661956445,-53.441766195644504
304717,727.0,729.1395683318111,-2.1395683318111196
304753,1525.0,1238.6389261309816,286.36107386901836
304755,847.0,717.7897195939311,129.21028040606893
304782,985.0,1214.2416869310325,-229.24168693103252
304804,880.0,1130.0745447296392,-250.07454472963923
304815,1118.0,1138.8374885250812,-20.8374885250812
304816,730.0,708.6356487987671,21.36435120123292
304907,760.0,726.9595764784403,33.04042352155966
304966,1010.0,1207.973639053391,-197.97363905339103
305217,1278.0,1191.8013380887005,86.1986619112995
305337,1230.0,1234.7794336286338,-4.779433628633797
305365,1005.0,1000.9365906667011,4.063409333298864
305378,1066.0,1142.2340322401778,-76.23403224017784
305410,580.0,691.532438168307,-111.53243816830695
305414,700.0,949.5973017563381,-249.59730175633808
305538,695.0,715.5046239784325,-20.504623978432505
305585,1375.0,1237.74722148193,137.25277851807004
305614,1320.0,1273.961678564772,46.038321435228
305617,765.0,1064.8160616517002,-299.81606165170024
305670,1175.0,1238.2841679133603,-63.28416791336031
305792,1146.0,1046.0877316359683,99.91226836403166
305819,1191.0,1225.2024697220515,-34.202469722051546
306005,1080.0,1246.4453453118842,-166.44534531188424
306033,940.0,1103.6599191152657,-163.65991911526567
306074,1145.0,1046.892660735505,98.10733926449507
306102,1195.0,1008.8091629607027,186.19083703929732
306123,700.0,967.7743633251459,-267.77436332514594
306136,1000.0,1103.0072160081131,-103.00721600811312
306142,1502.0,1254.4414865743972,247.55851342560277
306199,800.0,690.7252501108134,109.27474988918664
306412,1290.0,1205.591187263421,84.40881273657897
306425,1060.0,1069.915183550512,-9.915183550511983
306447,745.0,1011.3880010625535,-266.3880010625535
306453,1360.0,1228.8767475105692,131.1232524894308
306478,1146.0,1081.2267504735814,64.77324952641857
306554,1115.0,1303.0142949583146,-188.01429495831462
306566,727.0,1198.3918197720322,-471.39181977203225
306580,550.0,691.0904792141981,-141.09047921419813
306632,527.0,662.3336020719179,-135.33360207191788
306651,1136.0,1248.267638827059,-112.26763882705905
306686,705.0,611.2365978107216,93.7634021892784
306825,1320.0,1077.404308232729,242.5956917672711
306836,810.0,1023.4902422378755,-213.49024223787546
306894,695.0,687.7281636862651,7.271836313734866
306898,1060.0,1209.8364256496352,-149.8364256496352
307010,1040.0,1109.8598309508457,-69.85983095084566
307017,970.0,1099.0356696978668,-129.03566969786675
307120,1100.0,1261.262003101207,-161.26200310120703
307135,1175.0,1121.9961260875668,53.003873912433164
307246,540.0,672.6014047480926,-132.6014047480926
307328,475.0,621.3812882280458,-146.38128822804583
307555,1180.0,1100.877826990011,79.12217300998896
307598,979.0,1006.7184204533162,-27.718420453316185
307665,880.0,1157.1502681100628,-277.1502681100628
307818,725.0,741.2590910270538,-16.25909102705384
307829,1003.0,1110.6194575245202,-107.61945752452016
307835,715.0,704.4355275317572,10.564472468242798
307856,710.0,966.797183203377,-256.797183203377
307888,680.0,662.6678969802754,17.332103019724627
307934,520.0,685.2488625819652,-165.24886258196523
307940,1180.0,1250.3961058726723,-70.39610587267225
307941,1180.0,1152.6188169229827,27.38118307701734
307942,1036.0,1106.1062390152395,-70.10623901523945
307977,1193.0,1135.3380804508981,57.66191954910187
308066,905.0,1050.128704545286,-145.12870454528593
308085,1260.0,1254.1666178035882,5.833382196411776
308098,1170.0,1229.567867203168,-59.56786720316791
308185,1040.0,1127.6199150578486,-87.61991505784863
308230,520.0,722.8981523056943,-202.89815230569434
308248,560.0,704.2577703553687,-144.25777035536873
308287,1325.0,1255.0738073204514,69.92619267954865
308357,665.0,674.1642318075709,-9.1642318075709
308406,1030.0,645.6547581872791,384.34524181272093
308438,1455.0,1236.4734823581082,218.52651764189181
308505,645.0,610.8365840005388,34.16341599946122
308521,1120.0,1125.835170489584,-5.835170489584016
308533,1082.0,1191.3703759796663,-109.37037597966628
308572,490.0,736.3651921755475,-246.36519217554746
308583,1380.0,1215.5499794108725,164.45002058912746
308612,1240.0,1112.902212531118,127.09778746888196
308624,925.0,1076.8915212215356,-151.89152122153564
308654,1205.0,1175.580398280477,29.419601719522916
308704,955.0,1065.1849807216922,-110.18498072169223
308732,1130.0,1162.0871313801458,-32.08713138014582
308767,1030.0,986.7382645899041,43.261735410095866
308789,775.0,707.8314569181862,67.16854308181382
308814,1367.0,1293.7365021569765,73.26349784302352
308829,850.0,1065.2354409045997,-215.23544090459973
308844,1210.0,1250.342630763447,-40.342630763447005
308879,910.0,1038.4828744079684,-128.48287440796844
308951,1020.0,1096.1389532634378,-76.13895326343777
308985,782.0,1029.5963688277375,-247.59636882773748
308992,1179.0,1170.9953959873203,8.004604012679692
309013,1047.0,1071.6025057303,-24.60250573029998
309042,767.0,704.9996351325032,62.00036486749684
309064,1395.0,1188.3477679652967,206.65223203470327
309100,594.0,629.9849865597263,-35.98498655972628
309128,1367.0,1212.73910425418,154.2608957458201
309131,805.0,710.535325579275,94.46467442072503
309135,420.0,579.1070159701646,-159.10701597016464
309278,635.0,661.495051189091,-26.495051189090987
309289,960.0,995.2546829274901,-35.25468292749008
309426,920.0,1109.550667811912,-189.55066781191204
309489,1050.0,1106.585406870047,-56.58540687004711
309522,690.0,706.1854428378997,-16.1854428378997
309628,1105.0,1183.7787476070725,-78.77874760707255
309691,1335.0,1172.0110680989396,162.98893190106037
309780,1240.0,1235.1720800738783,4.8279199261216945
309814,854.0,1167.3517579908957,-313.35175799089575
309831,640.0,688.2118297055885,-48.21182970558846
309954,835.0,716.9926458225553,118.00735417744465
309962,955.0,1040.6847334255285,-85.68473342552852
310029,1033.0,1028.35785292833,4.642147071670024
310181,686.0,692.1690520770624,-6.169052077062361
310208,1115.0,1167.6421886860735,-52.642188686073496
310526,937.0,1020.8901164946619,-83.89011649466192
310531,1220.0,1171.7905140675334,48.20948593246658
310532,455.0,657.0672441960737,-202.06724419607372
310584,1530.0,1187.9971254571874,342.0028745428126
310624,1158.0,1175.5011783554055,-17.5011783554055
310627,1191.0,1149.2475475883632,41.752452411636796
310687,925.0,697.2913292516591,227.70867074834086
310711,1044.0,1049.1439199384406,-5.143919938440604
310732,1365.0,1257.353953495701,107.64604650429897
310743,1008.0,1025.0877429901482,-17.087742990148172
310744,1405.0,1245.791989976525,159.20801002347503
310780,980.0,935.7176271004957,44.28237289950425
310790,1270.0,1166.8548028590055,103.14519714099447
310798,1050.0,1123.481263205281,-73.48126320528104
310838,680.0,667.9638008859764,12.036199114023589
310853,725.0,718.8490943560563,6.150905643943702
310860,700.0,1009.0821297844336,-309.0821297844336
310870,1030.0,1188.5064601942331,-158.5064601942331
310905,581.0,704.0149491468293,-123.01494914682928
310931,900.0,1134.2046024559277,-234.20460245592767
311041,650.0,671.3367043867811,-21.336704386781093
311071,915.0,720.1358617911086,194.8641382088914
311103,775.0,714.1851149287107,60.81488507128927
311218,600.0,688.7626226332083,-88.76262263320825
311324,790.0,658.670316833036,131.32968316696395
311358,1395.0,1223.9487674923168,171.05123250768315
311405,1140.0,1122.264546864634,17.735453135366015
311456,890.0,1054.5632920842745,-164.5632920842745
311473,655.0,714.0587130353977,-59.05871303539766
311588,923.0,1052.1946789773535,-129.19467897735353
311657,960.0,1084.8593045970313,-124.85930459703127
311827,1290.0,1135.896972696356,154.103027303644
311841,740.0,694.89611668231,45.10388331769002
311874,720.0,715.3479999885204,4.652000011479572
311886,800.0,676.8399198740974,123.1600801259026
311998,680.0,684.3024254459533,-4.302425445953304
312103,710.0,704.8515972715214,5.1484027284785725
312134,1380.0,1180.0352286502653,199.96477134973475
312135,639.0,685.6003833013966,-46.60038330139662
312164,715.0,629.0009161936431,85.99908380635691
312166,796.0,694.1219127593022,101.87808724069782
312182,595.0,702.5158016474275,-107.51580164742745
312196,780.0,648.0000616985309,131.99993830146911
312210,1355.0,1211.2092143074678,143.79078569253215
312253,680.0,619.0210740758619,60.97892592413814
312345,1165.0,1046.6159001449598,118.38409985504018
312432,1085.0,1118.744653354616,-33.74465335461605
312465,1340.0,1246.5918378631832,93.40816213681683
312512,504.0,699.0098178364246,-195.00981783642465
312524,960.0,1158.8114620187855,-198.8114620187855
312541,505.0,636.5119069906722,-131.51190699067217
312556,1150.0,1300.8680950661792,-150.8680950661792
312623,550.0,706.6982724401855,-156.69827244018552
312660,827.0,625.9465876021061,201.0534123978939
312851,760.0,1104.1598508359068,-344.1598508359068
312894,585.0,1140.2442635707018,-555.2442635707018
312905,1160.0,1211.4041032570558,-51.404103257055795
312907,715.0,1096.8710514686964,-381.87105146869635
312950,760.0,1073.4747972584819,-313.4747972584819
312994,738.0,1202.3092971786405,-464.30929717864046
313029,945.0,1056.1003554071071,-111.10035540710714
313055,890.0,1006.5818914772593,-116.58189147725932
313071,1175.0,1085.3615945219776,89.63840547802238
313101,795.0,1179.365126840888,-384.365126840888
313114,1220.0,1239.8919034771625,-19.891903477162487
313158,1110.0,1118.701920869184,-8.70192086918405
313212,1170.0,1172.6175839079451,-2.617583907945118
313222,1405.0,1227.5047469957055,177.49525300429445
313233,610.0,682.0772511730273,-72.07725117302732
313272,1345.0,1065.540770199494,279.4592298005059
313352,1090.0,983.6158066149023,106.38419338509766
313524,1020.0,1176.9181922961068,-156.91819229610678
313638,890.0,1068.693067104798,-178.69306710479805
313744,1422.0,1189.386654925012,232.61334507498805
313758,749.0,961.5878324705591,-212.58783247055908
313805,715.0,663.4437222011217,51.55627779887834
313844,517.0,621.0907769169198,-104.09077691691982
313892,490.0,626.5175450561785,-136.5175450561785
313919,1025.0,1166.5196689454797,-141.51966894547968
313979,1030.0,1077.3372233686705,-47.33722336867049
313988,535.0,715.1186322596579,-180.11863225965794
314017,565.0,686.8575109269868,-121.85751092698683
314055,645.0,707.5866941348739,-62.58669413487394
314063,825.0,998.7625991610442,-173.76259916104425
314184,896.0,1033.1099797326879,-137.10997973268786
314199,1030.0,1131.382666695875,-101.38266669587506
314229,1270.0,1165.8361099604656,104.16389003953441
314257,1305.0,1202.3700306267108,102.62996937328921
314383,840.0,1020.8320476094685,-180.83204760946853
314400,1125.0,1230.256686409055,-105.25668640905496
314461,940.0,1210.3749455357615,-270.3749455357615
314472,602.0,654.5953758595904,-52.595375859590376
314508,620.0,723.2964088425592,-103.29640884255923
314567,990.0,1104.2478100118249,-114.24781001182487
314599,900.0,974.3975650444532,-74.39756504445324
314634,805.0,970.6884126656447,-165.6884126656447
314635,1260.0,1189.9419597506305,70.05804024936947
314751,375.0,654.1214686709133,-279.12146867091326
314819,520.0,625.141464789274,-105.14146478927398
314875,970.0,1090.820280671591,-120.82028067159104
314898,820.0,1226.083649767591,-406.08364976759094
314918,920.0,1192.7825795251226,-272.7825795251226
314996,1410.0,1282.7763508824182,127.22364911758177
315029,925.0,1214.3923126648256,-289.39231266482557
315048,1170.0,1117.5046768398129,52.49532316018713
315050,430.0,628.4314658668222,-198.43146586682224
315070,1115.0,1196.9564198761263,-81.95641987612635
315159,538.0,720.666389713835,-182.66638971383497
315325,1095.0,1126.4907480326897,-31.49074803268968
315399,1016.0,1029.404201548823,-13.404201548823039
315568,880.0,725.4846134184633,154.51538658153675
315592,1433.0,1240.8585521201603,192.1414478798397
315644,736.0,658.5035276740512,77.49647232594884
315656,840.0,1137.982459316841,-297.98245931684096
315719,1240.0,991.9338633679067,248.06613663209328
315769,429.0,671.4907306249588,-242.49073062495881
315875,925.0,1044.6577938658497,-119.65779386584973
315922,875.0,1162.6662338226624,-287.66623382266243
316025,670.0,686.287068480716,-16.287068480716016
316026,1020.0,1001.9822532538558,18.017746746144212
316176,555.0,719.8538405567481,-164.85384055674808
316210,1295.0,1261.5369763818533,33.463023618146735
316258,980.0,1051.9729212529492,-71.97292125294916
316305,1190.0,1161.5316379293574,28.46836207064257
316322,1473.0,1115.6573223584899,357.34267764151014
316423,1370.0,1174.9578479242416,195.0421520757584
316483,959.0,1088.3961566318894,-129.39615663188943
316490,780.0,712.3783507430688,67.62164925693116
316528,1190.0,1230.3328017053816,-40.3328017053816
316552,1255.0,1253.0073655022993,1.992634497700692
316640,1310.0,1291.5302946262234,18.469705373776605
316673,1220.0,1117.8588944381527,102.14110556184733
316681,675.0,628.2210715451082,46.7789284548918
316683,1036.0,1142.3226961088337,-106.32269610883372
316739,1090.0,1230.09330956172,-140.09330956171993
316778,1070.0,1222.4810192821608,-152.4810192821608
316790,1610.0,1267.4573303598172,342.5426696401828
316915,995.0,1067.1522714888388,-72.15227148883878
317041,1510.0,1251.331261358457,258.6687386415431
317074,1190.0,1261.9442776544056,-71.9442776544056
317106,975.0,1224.3081668759464,-249.30816687594643
317109,1090.0,1262.6342974276831,-172.63429742768312
317121,1180.0,1221.7290137790674,-41.72901377906737
317206,1210.0,1119.985875586613,90.01412441338698
317254,840.0,977.4916137421371,-137.49161374213713
317294,559.0,696.832855933578,-137.832855933578
317302,725.0,696.5609216073207,28.439078392679335
317310,1125.0,1106.1112913292611,18.88870867073888
317312,1172.0,1149.1546989514466,22.845301048553438
317331,1025.0,1221.3777193169403,-196.37771931694033
317448,1275.0,1254.720393324292,20.27960667570801
317484,980.0,1150.7959669847653,-170.7959669847653
317547,850.0,763.2311360691151,86.76886393088489
317548,770.0,1140.061701612632,-370.0617016126321
317573,635.0,655.2285612231026,-20.228561223102588
317619,1130.0,1124.0142067740935,5.985793225906491
317630,1105.0,1085.4673928388208,19.532607161179158
317649,1100.0,1233.8602084019292,-133.86020840192919
317725,1085.0,1168.0839972308531,-83.08399723085313
317790,1090.0,1066.2829299140692,23.7170700859308
317832,700.0,686.400694408826,13.599305591174016
317967,740.0,1128.9560881622006,-388.95608816220056
317986,1566.0,1052.6694388259746,513.3305611740254
318256,914.0,1070.966896426161,-156.96689642616093
318286,996.0,1233.1949801209655,-237.1949801209655
318312,1000.0,1038.570293179276,-38.57029317927595
318325,707.0,641.8435105768262,65.15648942317375
318377,390.0,1108.7308762420157,-718.7308762420157
318389,1279.0,1170.7924425797798,108.20755742022016
318406,835.0,1015.6399452699131,-180.63994526991314
318416,690.0,714.6068863016652,-24.606886301665213
318458,882.0,1084.1327431127825,-202.13274311278246
318556,633.0,616.6441299037032,16.355870096296826
318610,821.0,734.684676299958,86.31532370004197
318636,1115.0,1243.1575632092047,-128.15756320920468
318646,885.0,1149.8575228446439,-264.8575228446439
318654,1085.0,1289.085752186537,-204.0857521865371
318701,635.0,719.5744655543898,-84.5744655543898
318768,1055.0,1092.5362084344276,-37.536208434427635
318851,1018.0,1041.7476933187143,-23.747693318714255
318876,840.0,1085.4015708797187,-245.40157087971875
318885,1180.0,1050.6297310827167,129.37026891728328
318954,1170.0,1027.3659032674705,142.63409673252954
318968,950.0,1060.1069221076878,-110.10692210768775
319044,771.0,689.10151465788,81.89848534212001
319054,725.0,696.8939934937775,28.106006506222457
319090,1195.0,1279.8504725417886,-84.85047254178858
319092,985.0,1246.9297981133798,-261.9297981133798
319107,1620.0,1262.5186631143263,357.4813368856737
319117,946.0,1127.7962481264728,-181.79624812647285
319122,1030.0,1222.2817714152932,-192.28177141529318
319184,1224.0,1164.8317177930173,59.16828220698267
319213,1425.0,1188.7230384773295,236.2769615226705
319358,1160.0,1143.697873279708,16.302126720292108
319418,930.0,1036.18465766602,-106.18465766602003
319468,890.0,1051.1821834918385,-161.1821834918385
319472,1010.0,1162.8875717845551,-152.88757178455512
319476,1040.0,1115.1291928768383,-75.12919287683826
319484,1083.0,1084.9928625713735,-1.9928625713735073
319521,500.0,620.132617491825,-120.13261749182504
319523,815.0,711.9048476413647,103.09515235863535
319570,1390.0,1078.6676936597707,311.33230634022925
319616,1345.0,1193.7221218715108,151.2778781284892
319627,1200.0,1172.383079189282,27.616920810718057
319706,1350.0,1173.8020401265958,176.19795987340422
319762,1158.0,1168.0089626915121,-10.008962691512124
319890,890.0,716.5496496616283,173.45035033837166
319916,1350.0,1249.1758433863936,100.82415661360642
319936,895.0,1073.54737714543,-178.5473771454299
319978,635.0,685.9953884820787,-50.99538848207874
320072,1680.0,1275.4971310550627,404.5028689449373
320098,440.0,618.4137166036076,-178.41371660360755
320105,820.0,668.4483463133224,151.55165368667758
320141,1405.0,1088.1915757811805,316.8084242188195
320148,1190.0,1269.007678261813,-79.007678261813
320152,1384.0,1183.8135928741356,200.18640712586443
320226,1170.0,1229.838271602189,-59.838271602189025
320293,640.0,1127.6639298485431,-487.66392984854315
320366,1060.0,1298.6633790390567,-238.66337903905674
320418,1175.0,1122.81685356015,52.18314643984991
320484,640.0,735.7410391658647,-95.74103916586466
320498,1220.0,1199.3495746875117,20.650425312488323
320502,780.0,730.5369720066567,49.4630279933433
320531,1130.0,1046.7591307436874,83.24086925631264
320600,515.0,713.2683004826011,-198.26830048260115
320605,755.0,716.9247657313704,38.07523426862963
320610,1225.0,1092.1408698419114,132.85913015808865
320676,882.0,701.9867711796364,180.01322882036357
320689,640.0,714.0128633753084,-74.01286337530837
320698,1430.0,1125.9193923448227,304.08060765517735
320724,1085.0,1240.6204446951444,-155.62044469514444
320743,1170.0,1153.5243903000944,16.47560969990559
320755,690.0,711.6051077629328,-21.60510776293279
320848,512.0,706.8046786040676,-194.8046786040676
320897,610.0,665.3286649873226,-55.328664987322554
320910,1185.0,1072.516754051464,112.48324594853602
320913,605.0,620.0652078615827,-15.065207861582735
320915,1160.0,1092.1733329417098,67.82666705829024
320924,605.0,963.051579147342,-358.05157914734195
320991,1230.0,1299.6560263562048,-69.65602635620485
321025,700.0,738.0723876616653,-38.07238766166529
321187,705.0,729.0311531771134,-24.031153177113424
321216,180.0,937.6034963835659,-757.6034963835659
321272,424.0,698.934416551327,-274.934416551327
321410,1078.0,1060.6683879159038,17.33161208409615
321431,848.0,1215.1301603551449,-367.1301603551449
321490,860.0,721.6944271304113,138.30557286958867
321503,1135.0,1215.240136321584,-80.24013632158403
321591,674.0,732.7748387098691,-58.77483870986907
321601,709.0,699.7369050665965,9.263094933403522
321747,1170.0,1168.5252845032521,1.4747154967478764
321778,755.0,1249.7609904880626,-494.7609904880626
321847,605.0,714.0251239847363,-109.0251239847363
321852,1375.0,1237.1913696190707,137.80863038092934
321896,990.0,1185.195436364735,-195.1954363647351
321914,1469.0,1250.3919316653723,218.60806833462766
321920,1180.0,1121.8313217645293,58.16867823547068
322033,1030.0,966.8588278819651,63.14117211803489
322151,903.0,956.836536752277,-53.83653675227697
322160,835.0,717.8229219312254,117.17707806877456
322194,390.0,644.106361348723,-254.106361348723
322198,1610.0,1300.0851344867224,309.9148655132776
322265,965.0,1050.7596206040473,-85.75962060404731
322272,1130.0,1165.42705869727,-35.42705869727001
322290,845.0,1051.8359232418206,-206.83592324182064
322324,1160.0,1183.114670731089,-23.114670731089063
322352,595.0,703.9846562872158,-108.98465628721578
322361,805.0,750.5579580464123,54.442041953587704
322407,560.0,669.6515744516041,-109.65157445160412
322491,585.0,709.9769569142054,-124.9769569142054
322558,1190.0,1187.6289229491274,2.3710770508726
322568,820.0,663.6845975314249,156.31540246857514
322618,1345.0,1250.363460113864,94.636539886136
322658,830.0,948.7189041856967,-118.71890418569672
322752,705.0,721.5197279668031,-16.51972796680309
322836,800.0,683.5682337700468,116.43176622995315
322868,1400.0,1227.704294902049,172.295705097951
322890,509.0,674.9259356151747,-165.9259356151747
322965,925.0,1142.8155060589686,-217.8155060589686
322981,870.0,1105.219137507603,-235.2191375076029
323106,1063.0,1051.5914129141706,11.408587085829367
323238,1185.0,1147.377513998632,37.62248600136809
323296,1130.0,1230.6060037233938,-100.60600372339377
323319,955.0,1274.152320798691,-319.1523207986911
323357,1490.0,1089.6059611494702,400.3940388505298
323363,1030.0,995.8590621914483,34.14093780855171
323494,620.0,700.0207796955164,-80.02077969551635
323551,986.0,1094.4381975982612,-108.43819759826124
323589,1060.0,1175.2572128517106,-115.25721285171062
323599,605.0,670.1369776646446,-65.13697766464463
323608,510.0,641.4974842798017,-131.4974842798017
323612,608.0,736.6227243351109,-128.6227243351109
323641,545.0,719.0815350238474,-174.08153502384744
323664,1180.0,1113.9851831319597,66.01481686804027
323754,1268.0,1073.2810878838277,194.7189121161723
323765,675.0,735.5480773616005,-60.54807736160046
323773,895.0,1196.5572320755682,-301.5572320755682
323908,920.0,1096.0530326852377,-176.05303268523767
323962,509.0,639.893983695401,-130.89398369540095
323970,1130.0,1110.1137124749102,19.886287525089756
323985,530.0,666.8601057797069,-136.86010577970694
323989,860.0,720.3744789501204,139.62552104987958
324177,1065.0,1062.5948479877763,2.4051520122236525
324405,1445.0,1176.3415314274012,268.65846857259885
324453,1268.0,1021.6366225022007,246.36337749779932
324521,525.0,629.4892317642373,-104.48923176423727
324562,845.0,974.1063171810904,-129.1063171810904
324631,1480.0,1222.1364241247707,257.86357587522934
324740,1040.0,1110.1452940633103,-70.1452940633103
324836,635.0,658.9309459612217,-23.93094596122171
324990,1205.0,1143.9089220194007,61.091077980599266
325054,740.0,696.4317930537724,43.56820694622763
325068,1045.0,1243.6460249197794,-198.6460249197794
325085,1140.0,1136.5049555922924,3.49504440770761
325173,1111.0,1097.6301499225178,13.36985007748217
325177,515.0,666.2153459687908,-151.21534596879076
325244,970.0,972.5347993834072,-2.534799383407176
325277,1045.0,1123.4339304861667,-78.43393048616667
325302,470.0,659.0221728711622,-189.02217287116218
325314,880.0,1197.8884269632626,-317.88842696326265
325324,565.0,631.5870995421188,-66.58709954211884
325367,955.0,699.020169058481,255.97983094151903
325444,900.0,1131.3605737695311,-231.36057376953113
325447,410.0,589.6675963751579,-179.66759637515793
325614,545.0,687.0432431138573,-142.04324311385733
325681,620.0,675.8440999933879,-55.844099993387886
325733,1220.0,1176.6006888785103,43.399311121489745
325777,675.0,737.1976627999564,-62.19766279995645
325789,1295.0,1195.8743285158455,99.12567148415451
325813,755.0,1165.2011398611164,-410.2011398611164
325845,611.0,697.3245840738948,-86.32458407389481
325849,655.0,718.7295173444692,-63.72951734446917
325876,1090.0,1082.0263875146645,7.9736124853354795
325942,1320.0,1139.9570144669592,180.0429855330408
325947,825.0,707.2594509219056,117.74054907809443
325964,525.0,713.0737594080258,-188.0737594080258
325985,1365.0,1207.742334949288,157.25766505071192
326133,1030.0,1088.0981441661997,-58.098144166199745
326171,730.0,932.4027622530091,-202.4027622530091
326188,830.0,1142.8605216676344,-312.86052166763443
326293,945.0,944.3838019813276,0.616198018672435
326330,1014.0,1098.0467297339178,-84.0467297339178
326387,1375.0,1191.5947050569664,183.4052949430336
326497,927.0,625.2870062993244,301.7129937006756
326649,745.0,728.5457418780813,16.454258121918656
326704,1150.0,1165.868974430091,-15.86897443009093
326754,915.0,1103.709390476024,-188.70939047602405
326755,900.0,697.5650477570726,202.43495224292735
326757,950.0,1065.7319280795434,-115.73192807954342
326769,1160.0,1247.245015956388,-87.24501595638799
326845,1400.0,1209.8864472627763,190.1135527372237
326892,695.0,619.9494469246297,75.05055307537032
326938,840.0,663.032666590748,176.96733340925198
327064,680.0,708.0557714098493,-28.055771409849285
327074,953.0,717.2925502428016,235.70744975719845
327084,775.0,1042.9771909418505,-267.9771909418505
327090,1050.0,1074.0728801469402,-24.07288014694018
327105,575.0,615.1054277045791,-40.10542770457914
327127,610.0,642.329676473001,-32.32967647300097
327235,890.0,711.2824225033916,178.71757749660844
327260,830.0,725.3826059886056,104.61739401139437
327307,590.0,668.0504329435845,-78.0504329435845
327319,1210.0,1240.6142914868099,-30.61429148680986
327374,1065.0,1096.2847884420376,-31.284788442037552
327390,1310.0,1135.1366547568,174.8633452432
327399,760.0,1103.456753206809,-343.456753206809
327460,744.0,749.1445999109897,-5.144599910989655
327468,460.0,669.2616323081496,-209.26163230814961
327593,640.0,678.8463393967635,-38.84633939676348
327613,546.0,702.8108109412129,-156.81081094121294
327737,1070.0,1123.173569381424,-53.17356938142393
327848,838.0,1028.8246705350498,-190.8246705350498
327900,840.0,717.0294503551625,122.97054964483755
327912,749.0,1025.184479195016,-276.1844791950159
327920,825.0,1015.7278421541579,-190.72784215415788
327938,915.0,1114.111094909993,-199.11109490999297
328034,1545.0,1180.2864314932146,364.71356850678535
328057,1147.0,1183.4805545447684,-36.48055454476844
328072,1194.0,1067.2826098262567,126.7173901737433
328169,685.0,729.9724024760234,-44.972402476023376
328228,695.0,729.0978535358719,-34.09785353587188
328334,540.0,656.1994839472229,-116.19948394722292
328342,820.0,1127.687331020678,-307.6873310206779
328346,575.0,703.8864541318937,-128.88645413189374
328434,889.0,1122.56370195097,-233.56370195096997
328435,1020.0,1112.2228486092436,-92.22284860924356
328540,777.0,691.7031708708583,85.29682912914166
328560,1355.0,1188.287847133494,166.7121528665059
328652,1420.0,1218.0223641602904,201.9776358397096
328665,950.0,1136.254018361995,-186.2540183619949
328864,1210.0,1242.3156109801967,-32.31561098019665
328919,965.0,1048.2233964331126,-83.22339643311261
329101,1120.0,1257.7568310229167,-137.75683102291669
329227,1015.0,1237.5581600804205,-222.55816008042052
329264,575.0,639.6297825608538,-64.62978256085376
329266,1331.0,1230.622791471918,100.37720852808206
329299,720.0,637.5218973203044,82.47810267969555
329323,1150.0,1190.093934375252,-40.09393437525205
329372,1175.0,1257.9405864710068,-82.94058647100678
329439,710.0,718.2008515706527,-8.20085157065273
329481,530.0,712.6239137629664,-182.62391376296637
329603,1130.0,1216.2085604943109,-86.20856049431086
329685,915.0,967.6052249783205,-52.60522497832051
329693,950.0,1218.5324134214006,-268.53241342140063
329715,1603.0,1144.3940539267514,458.60594607324856
329782,970.0,1038.908088560285,-68.90808856028502
329825,937.0,1048.1065615286973,-111.10656152869728
329892,904.0,1058.0049096197313,-154.00490961973128
330189,1312.0,1133.593541048431,178.406458951569
330267,1130.0,1219.0556983351082,-89.05569833510822
330366,650.0,996.0545888447659,-346.05458884476593
330407,1205.0,1117.4543897784042,87.54561022159578
330450,755.0,663.5897466248535,91.41025337514645
330537,920.0,993.0816079711444,-73.08160797114442
330902,903.0,950.6473505886075,-47.64735058860754
330968,755.0,711.9431318621687,43.056868137831316
330994,650.0,997.5725199098919,-347.57251990989187
331026,685.0,702.8631821761052,-17.86318217610517
331030,1050.0,1171.0789167059263,-121.0789167059263
331037,885.0,1073.9688043776398,-188.9688043776398
331051,885.0,1116.758125970992,-231.75812597099207
331067,825.0,995.0621591597883,-170.06215915978828
331218,625.0,681.4687480758547,-56.468748075854705
331295,755.0,759.7051569208552,-4.705156920855188
331352,1225.0,1211.824691190739,13.175308809260969
331763,1005.0,731.4017045400199,273.59829545998014
331803,572.0,685.1123749223109,-113.11237492231089
331861,655.0,715.2369061616021,-60.236906161602064
331978,650.0,729.8614348303574,-79.86143483035744
331986,1070.0,1160.7066219942321,-90.70662199423214
332071,1210.0,1166.7242520582295,43.27574794177053
332078,1220.0,1185.9094866155128,34.09051338448717
332110,1220.0,1071.306348840291,148.6936511597089
332141,1215.0,1177.5370493854605,37.46295061453952
332205,1270.0,1246.210300467725,23.789699532275108
332222,820.0,1065.4104052669938,-245.41040526699385
332240,1355.0,1077.8884620472083,277.11153795279165
332253,1105.0,1086.4224145833155,18.577585416684542
332258,1144.0,1075.6667726944668,68.33322730553323
332323,1110.0,1137.2407309238451,-27.24073092384515
332369,595.0,647.1303662541366,-52.13036625413656
332476,1074.0,1021.5190938557135,52.48090614428645
332554,813.0,1112.0050349181474,-299.00503491814743
332582,1040.0,1095.698668297582,-55.69866829758189
332623,1170.0,1223.7565772886373,-53.756577288637345
332629,1185.0,1268.722919596063,-83.7229195960631
332631,720.0,684.3835000771579,35.61649992284208
332648,1312.0,1193.9028184902306,118.09718150976937
332669,667.0,737.0094278629876,-70.00942786298765
332689,518.0,623.5734820277441,-105.57348202774415
332767,1055.0,1120.3786856597662,-65.37868565976623
332778,881.0,1026.786892143251,-145.78689214325095
332848,970.0,1137.6420656809564,-167.64206568095642
332898,1130.0,1025.8484629781155,104.15153702188445
332919,575.0,628.9971862649071,-53.9971862649071
332989,1150.0,1194.584439220393,-44.58443922039305
333054,575.0,682.3520560249374,-107.35205602493738
333184,557.0,665.1814979096036,-108.18149790960365
333258,1090.0,1023.5536140983936,66.44638590160639
333294,890.0,1022.493959501725,-132.49395950172504
333330,643.0,676.8880864878201,-33.888086487820146
333391,685.0,670.100658490685,14.899341509315036
333482,1480.0,1247.353822133945,232.64617786605504
333662,937.0,958.0340591626788,-21.034059162678773
333746,975.0,1028.2564109419593,-53.2564109419593
333839,630.0,687.006000891,-57.006000890999985
334000,805.0,599.9517694491412,205.04823055085876
334042,1114.0,1190.6595371768465,-76.65953717684647
334068,1070.0,1253.4506367649053,-183.4506367649053
334132,1175.0,968.7423650829919,206.2576349170081
334171,906.0,973.3456141335712,-67.34561413357119
334184,550.0,611.7856677310008,-61.785667731000785
334198,1140.0,1105.30434244978,34.69565755021995
334271,1065.0,1128.8963839720755,-63.896383972075455
334301,970.0,1059.2806355380276,-89.28063553802758
334339,1070.0,1120.9062846319298,-50.90628463192979
334396,665.0,715.6271414748506,-50.627141474850646
334553,575.0,700.6155312836413,-125.6155312836413
334563,930.0,1140.4851290500746,-210.48512905007465
334567,1385.0,1173.3489124473188,211.65108755268125
334605,1010.0,1148.80465307012,-138.8046530701199
334694,340.0,706.7325419980933,-366.7325419980933
334702,1060.0,1113.7489976499708,-53.74899764997076
334717,585.0,1039.5390607697552,-454.5390607697552
334878,937.0,1093.0861339749727,-156.08613397497265
334893,1345.0,1285.1913263036188,59.80867369638122
334933,760.0,731.450794766432,28.549205233568046
335040,906.0,708.2010434576791,197.79895654232087
335186,668.0,665.0581735295344,2.941826470465571
335230,1430.0,1203.2883525008904,226.71164749910963
335241,1125.0,1251.286056907347,-126.28605690734707
335338,890.0,1101.7594132946672,-211.75941329466718
335412,1065.0,1214.9440521025113,-149.94405210251125
335420,1025.0,1149.580697217379,-124.58069721737911
335587,383.0,671.9351750734234,-288.93517507342335
335711,885.0,1094.0004840975316,-209.00048409753163
335715,1200.0,1264.971344929575,-64.97134492957503
335718,910.0,1256.3133047241436,-346.31330472414356
335735,910.0,1082.0263875146645,-172.02638751466452
335775,1050.0,1124.1530174285033,-74.15301742850329
336037,1110.0,1050.5775229058427,59.42247709415733
336123,945.0,1207.3352946821835,-262.33529468218353
336163,1240.0,1202.5607995835685,37.439200416431504
336245,810.0,718.2525704268606,91.74742957313936
336313,1260.0,1246.7966642470844,13.203335752915564
336356,1160.0,1065.6294596981775,94.37054030182253
336451,630.0,684.0177590880071,-54.0177590880071
336488,1120.0,1231.696682286013,-111.6966822860129
336511,630.0,613.1207385135932,16.87926148640679
336547,1070.0,1046.7418012240266,23.25819877597337
336580,1035.0,1055.7261484780945,-20.7261484780945
336613,540.0,1101.5261568925325,-561.5261568925325
336659,1270.0,1087.7964319048492,182.20356809515079
336667,1065.0,1061.5336964698813,3.4663035301186937
336706,665.0,691.3796072380939,-26.379607238093854
336733,705.0,703.243691437789,1.756308562210961
336782,774.0,658.2093543820799,115.79064561792006
336828,1090.0,1083.8396423355348,6.160357664465209
336879,1170.0,1190.9408781440693,-20.940878144069302
336919,1025.0,1010.4591649651303,14.540835034869701
336934,506.0,712.5387055516576,-206.53870555165759
336960,1080.0,1017.1895122524193,62.81048774758074
337001,1325.0,1216.4125417988446,108.58745820115541
337013,1290.0,1081.3014369284385,208.69856307156147
337025,1223.0,1162.5323806591396,60.46761934086044
337106,823.0,1076.4335955011088,-253.4335955011088
337137,1411.0,1089.7831372591736,321.2168627408264
337422,820.0,1065.0076373627328,-245.0076373627328
337471,490.0,640.6533084928086,-150.6533084928086
337523,1246.0,1166.072534261008,79.92746573899194
337600,910.0,1137.0683167362856,-227.06831673628562
337613,727.0,668.4900396883224,58.50996031167756
337617,813.0,706.7187520834613,106.28124791653875
337635,740.0,628.3744469381868,111.6255530618132
337693,560.0,725.479763866649,-165.47976386664902
337789,930.0,984.7714195266324,-54.77141952663237
337813,1390.0,1101.6451345882524,288.3548654117476
337843,1213.0,1055.6517425992045,157.34825740079555
338014,990.0,1057.4431069347359,-67.44310693473585
338023,992.0,1105.3442689604265,-113.34426896042646
338029,730.0,904.2242890663717,-174.22428906637174
338195,790.0,721.3428451797574,68.65715482024257
338277,735.0,742.4343695712394,-7.434369571239358
338283,810.0,1034.2650848184608,-224.26508481846076
338300,1085.0,1234.8809194954822,-149.8809194954822
338373,920.0,1133.9923570357198,-213.9923570357198
338384,1305.0,1191.9578462340169,113.04215376598313
338485,1000.0,1054.8478738926503,-54.84787389265034
338603,1235.0,1090.1529491125916,144.8470508874084
338633,1003.0,1058.1472933118453,-55.14729331184526
338656,1060.0,1247.8662518508183,-187.86625185081834
338685,1128.0,1100.3374640484765,27.662535951523523
338804,850.0,1111.3125849618498,-261.3125849618498
338807,593.0,639.2993528409883,-46.29935284098826
339048,545.0,702.4432454408404,-157.44324544084043
339116,757.0,957.0921711630893,-200.09217116308935
339231,1000.0,1181.2032225137768,-181.20322251377684
339409,1026.0,1185.6078500187243,-159.60785001872432
339436,965.0,1240.8630264940343,-275.86302649403433
339457,1035.0,1067.1673012678561,-32.167301267856146
339529,921.0,744.174957449496,176.825042550504
339564,1395.0,1276.0202951834356,118.97970481656444
339640,1015.0,1030.7548988377598,-15.75489883775981
339660,920.0,1153.8893219321776,-233.8893219321776
339744,710.0,708.3314388439919,1.6685611560080815
339873,1342.0,1138.882536546229,203.11746345377105
339913,485.0,651.9893718058404,-166.9893718058404
339952,1235.0,1206.1353202309256,28.864679769074428
339997,1169.0,968.4270122767863,200.5729877232137
340228,1147.0,1098.809495419443,48.19050458055699
340273,1257.0,1176.1220797696174,80.87792023038264
340300,1165.0,1146.134882457487,18.865117542512962
340444,920.0,964.8456085535367,-44.84560855353675
340534,735.0,665.9147495467791,69.08525045322085
340546,960.0,1097.949172541288,-137.9491725412879
340563,630.0,713.9991475009923,-83.99914750099231
340571,820.0,700.0775432375591,119.9224567624409
340648,990.0,1124.433479205294,-134.4334792052939
340766,872.0,1018.8111834864103,-146.8111834864103
340811,915.0,1224.4247558426764,-309.4247558426764
340878,830.0,1048.521708113964,-218.521708113964
341078,959.0,973.0824609612096,-14.082460961209563
341384,1015.0,1160.3786118439273,-145.37861184392727
341404,658.0,733.4193636484279,-75.41936364842786
341490,968.0,1121.9706202398502,-153.97062023985018
341492,1460.0,1207.7201624267389,252.27983757326115
341509,880.0,1122.56370195097,-242.56370195096997
341585,877.0,1192.1506986201257,-315.1506986201257
341637,505.0,637.8309474368328,-132.83094743683284
341640,1145.0,1238.2133141370568,-93.21331413705684
341641,1005.0,1111.4272528736872,-106.42725287368717
341695,615.0,703.6397910280244,-88.63979102802443
341859,1065.0,1203.3033377504507,-138.30333775045074
341934,980.0,1196.9849155589948,-216.98491555899477
342261,680.0,704.3488080590571,-24.34880805905709
342266,851.0,1107.6671142153161,-256.66711421531613
342710,1080.0,1183.4494029637513,-103.44940296375125
342941,810.0,687.270373602246,122.72962639775403
343061,935.0,1069.667378133514,-134.66737813351392
343202,625.0,681.6938612824601,-56.69386128246015
343210,970.0,996.3014967089292,-26.30149670892922
343268,981.0,1068.1647913171155,-87.16479131711549
343311,1014.0,995.0925920250127,18.907407974987336
343432,755.0,716.8280518089148,38.17194819108522
343442,355.0,697.8371406144902,-342.8371406144902
343500,1140.0,1251.9199944875297,-111.91999448752972
343501,565.0,688.913199748723,-123.91319974872295
343558,609.0,1052.825238277479,-443.825238277479
343588,530.0,712.7559394110199,-182.75593941101988
343601,1190.0,1203.2353003466405,-13.235300346640543
343618,1310.0,1201.7405843405372,108.25941565946277
343722,1150.0,1129.9120765674024,20.087923432597563
343779,650.0,685.3375345968806,-35.33753459688057
343817,924.0,1222.178534946294,-298.1785349462939
343872,632.0,646.0888152103993,-14.088815210399275
343977,795.0,713.6146670302542,81.38533296974583
344123,825.0,1122.485327649715,-297.4853276497149
344287,1195.0,1093.2265687240115,101.77343127598851
344344,1030.0,1059.8519300227413,-29.85193002274127
344369,915.0,1030.4250693354852,-115.4250693354852
344444,1120.0,1179.0320785658978,-59.03207856589779
344826,842.0,1062.8423489788279,-220.84234897882789
344958,760.0,714.9459427513497,45.05405724865034
345000,675.0,703.0977448254348,-28.097744825434802
345145,630.0,652.3562738297843,-22.3562738297843
345165,585.0,721.1134836038243,-136.1134836038243
345172,865.0,997.136667441626,-132.13666744162595
345179,1175.0,1138.931989578407,36.068010421593044
345254,635.0,706.3966701748459,-71.3966701748459
345562,850.0,1073.985338447568,-223.98533844756798
345752,922.0,982.7410758787229,-60.74107587872288
345884,625.0,651.7847847033349,-26.784784703334935
345962,1190.0,1256.6129980344194,-66.61299803441943
345989,1040.0,1130.5944786339853,-90.59447863398532
346065,692.0,621.6923205883851,70.30767941161491
346081,600.0,703.5431156181652,-103.54311561816519
346122,650.0,717.454712398716,-67.45471239871597
346143,1160.0,1116.9998899069938,43.00011009300624
346162,1140.0,1128.7344966141625,11.265503385837519
346249,1140.0,1133.8055541496008,6.194445850399234
346308,1190.0,1186.2581688120904,3.741831187909611
346343,955.0,1125.4753715863108,-170.47537158631076
346687,765.0,1091.1964520075942,-326.1964520075942
346754,1175.0,1155.1755228678405,19.824477132159473
346766,575.0,653.5242397894675,-78.52423978946752
346944,920.0,1132.1490538451474,-212.14905384514736
347063,1110.0,1066.1332768823095,43.866723117690526
347068,1115.0,1049.9719556327657,65.02804436723432
347164,1274.0,1143.4188238319762,130.58117616802383
347197,530.0,714.5339155121325,-184.53391551213247
347230,1065.0,984.6462297265092,80.3537702734908
347307,1360.0,1252.846837600458,107.153162399542
347367,565.0,678.922138772617,-113.92213877261702
347398,1080.0,953.0784590868461,126.92154091315388
347484,910.0,1078.1404015950066,-168.14040159500655
347573,570.0,670.3496542610554,-100.34965426105543
347588,1055.0,1096.5283242672872,-41.52832426728719
347704,625.0,653.3090467855116,-28.309046785511555
347722,1090.0,1187.8825451086261,-97.88254510862612
347822,688.0,700.6375919856076,-12.637591985607628
347883,800.0,739.4225372219042,60.577462778095764
347924,1075.0,1128.998338806311,-53.99833880631104
348103,590.0,708.8641046761762,-118.86410467617623
348183,1066.0,1005.3885562954696,60.611443704530416
348318,560.0,654.8160235958786,-94.81602359587862
348516,1310.0,1182.4737622249695,127.5262377750305
348605,700.0,707.7457480073721,-7.745748007372072
348606,1210.0,1220.6722634215084,-10.672263421508433
348680,960.0,1041.1693325146525,-81.16933251465252
348764,1450.0,1243.2809976391281,206.71900236087185
348988,760.0,710.5294941216757,49.470505878324275
349076,1070.0,1150.2209328772778,-80.22093287727785
349339,545.0,702.0376520677787,-157.0376520677787
349401,1250.0,1244.9083066125504,5.091693387449595
349403,1075.0,1224.5619997686927,-149.56199976869266
349449,500.0,735.7002770205603,-235.7002770205603
349515,580.0,698.5067733040029,-118.50677330400288
349518,780.0,715.2926453571043,64.70735464289567
349580,740.0,692.6104447331277,47.38955526687232
349676,1070.0,1110.3704139715123,-40.370413971512335
349875,1020.0,1064.0143453353737,-44.01434533537372
349968,565.0,613.3087432381523,-48.30874323815226
350060,1345.0,1190.5891141408056,154.41088585919442
350096,1301.0,1234.818033696823,66.18196630317698
350210,686.0,1051.5282468540154,-365.5282468540154
350261,771.0,1040.1486078718253,-269.14860787182533
350274,822.0,1122.5682378639183,-300.5682378639183
350344,855.0,966.1362972106988,-111.13629721069879
350365,1405.0,1243.1444286535234,161.8555713464766
350410,1113.0,1190.317350687699,-77.31735068769899
350503,840.0,982.0107635746941,-142.01076357469412
350706,942.0,1067.5503196624102,-125.55031966241017
350984,1246.0,1149.4656231009476,96.5343768990524
351115,826.0,717.1681881364061,108.83181186359388
351206,906.0,1026.2681917173657,-120.26819171736565
351238,1124.0,1230.0442604517195,-106.04426045171954
351268,1047.0,1157.9477247903264,-110.94772479032645
351291,850.0,970.7494348693574,-120.7494348693574
351319,1205.0,1248.9774154463348,-43.97741544633482
351459,685.0,944.5916655871116,-259.5916655871116
351600,893.0,1062.9263681442892,-169.9263681442892
351611,1170.0,1153.1628570424127,16.837142957587275
351630,1195.0,1156.6744634793424,38.32553652065758
351664,605.0,684.9635233298026,-79.96352332980257
351790,975.0,1032.2914894374208,-57.29148943742075
352012,1210.0,1087.4129413014423,122.58705869855771
352072,904.0,1075.8972676814024,-171.89726768140235
352101,1265.0,1130.1406933493743,134.85930665062574
352359,1365.0,1244.342046963657,120.65795303634309
352383,690.0,684.3841783620286,5.615821637971408
352396,1362.0,1230.6749947585292,131.32500524147076
352447,600.0,720.5360176172014,-120.53601761720142
352605,1315.0,1286.601718549725,28.398281450274908
352628,700.0,736.3678824956598,-36.36788249565984
352652,840.0,1271.0649491537893,-431.06494915378926
352661,790.0,717.5629335628728,72.43706643712721
352710,610.0,645.3579888227662,-35.357988822766174
352786,820.0,724.7337421687537,95.26625783124632
353062,1240.0,1189.6877972425668,50.31220275743317
353198,1124.0,1123.0899601448168,0.9100398551831859
353305,1030.0,1083.4085872534645,-53.408587253464475
353312,730.0,727.0434091999285,2.956590800071467
353321,1000.0,1222.7804396273903,-222.78043962739025
353324,1240.0,1226.1267049930532,13.873295006946819
353383,1215.0,1259.3014824485272,-44.30148244852717
353478,1125.0,1239.295733786388,-114.29573378638793
353480,1120.0,1059.487371908695,60.51262809130503
353510,1340.0,1188.4706989353451,151.52930106465487
353536,1100.0,1061.2170884252844,38.78291157471563
353538,535.0,618.27466929845,-83.27466929845002
353562,1035.0,965.8201441620577,69.17985583794234
353650,1045.0,1220.5978641397292,-175.59786413972915
353786,858.0,713.3995494204588,144.6004505795412
353791,1120.0,1074.6334723908121,45.36652760918787
353887,500.0,651.0380661519782,-151.03806615197823
353919,1110.0,1161.3563455941094,-51.35634559410937
353936,685.0,736.5740283557633,-51.57402835576329
353952,1195.0,1139.2903976922357,55.70960230776427
353965,810.0,1031.4022474457745,-221.4022474457745
353978,1100.0,1128.1929137022628,-28.192913702262786
353991,590.0,696.941463419286,-106.94146341928604
354047,665.0,615.544015556713,49.45598444328698
354152,1365.0,1243.018995374224,121.981004625776
354257,553.0,574.9387708180715,-21.938770818071475
354326,570.0,617.030546516026,-47.03054651602599
354366,590.0,602.1977637985306,-12.19776379853056
354472,948.0,709.6610953320081,238.33890466799187
354634,1018.0,1226.8354935207933,-208.8354935207933
354750,435.0,616.3064023353024,-181.30640233530244
354786,1090.0,1068.6787141664424,21.321285833557567
354808,915.0,1240.4507044676798,-325.45070446767977
354819,640.0,719.6016367961416,-79.60163679614163
354840,930.0,1198.8366483883171,-268.83664838831714
355012,920.0,1063.6670741430712,-143.6670741430712
355055,674.0,925.9212948411165,-251.9212948411165
355137,561.0,698.3449397175755,-137.34493971757547
355153,1590.0,1200.4447274688473,389.5552725311527
355206,699.0,958.2958322271464,-259.29583222714643
355275,1490.0,1191.9613231272226,298.0386768727774
355415,765.0,717.2916083625837,47.7083916374163
355760,1350.0,1162.6645238396334,187.33547616036662
355865,1265.0,1188.2569349658047,76.7430650341953
355956,1206.0,1189.1579806358625,16.842019364137514
355962,1245.0,1203.4803771828338,41.51962281716624
355994,940.0,1164.8740938503493,-224.87409385034925
356009,881.0,1032.8585140189969,-151.85851401899686
356065,610.0,706.1302039245533,-96.13020392455326
356078,1055.0,1046.872980728316,8.127019271684048
356082,1058.0,1054.313648361769,3.686351638230917
356194,1058.0,1032.3608245488642,25.63917545113577
356207,530.0,727.6170082710762,-197.6170082710762
356322,991.0,1134.2438407400505,-143.24384074005047
356342,539.0,635.9412381648863,-96.94123816488627
356372,730.0,685.8955793230558,44.10442067694419
356590,1020.0,1140.894675668057,-120.89467566805706
356616,1070.0,1180.7679195454089,-110.76791954540886
356665,1250.0,1192.5381204675987,57.461879532401326
356751,885.0,1232.3732932543578,-347.3732932543578
356881,448.0,646.2304332814625,-198.23043328146252
356884,620.0,713.4859805263878,-93.48598052638783
356933,640.0,690.65286245304,-50.65286245304003
357102,528.0,673.7788761587295,-145.77887615872953
357105,320.0,641.9288705820225,-321.92887058202245
357183,970.0,1168.666395836181,-198.66639583618098
357263,1110.0,1051.7431315250485,58.25686847495149
357336,426.0,644.3225232167739,-218.3225232167739
357428,835.0,735.0858158507315,99.91418414926852
357528,1112.0,1224.5874487027068,-112.58744870270675
357755,650.0,672.7692271015165,-22.76922710151655
357871,740.0,726.0141748819402,13.985825118059779
358048,580.0,715.9320242734606,-135.93202427346057
358073,1078.0,1054.3758136156553,23.62418638434474
358210,1079.0,1233.653528042838,-154.65352804283793
358280,555.0,649.6963061912664,-94.69630619126644
358512,1395.0,1163.6124508950618,231.38754910493822
358518,520.0,672.5575849688166,-152.55758496881663
358595,585.0,634.2860979931149,-49.286097993114936
358600,1430.0,1280.1673662407875,149.8326337592125
358622,555.0,607.3284097070931,-52.3284097070931
358643,515.0,621.7862893240718,-106.78628932407184
358727,620.0,627.4166776977481,-7.416677697748128
358738,1025.0,1186.3213744228092,-161.32137442280919
358810,940.0,1070.319088602524,-130.31908860252406
358885,660.0,698.1485272309318,-38.14852723093179
358907,880.0,991.1905657791016,-111.19056577910158
358954,1073.0,1130.104770140599,-57.10477014059893
359165,945.0,973.9255162466266,-28.925516246626557
359197,585.0,716.0679268818271,-131.06792688182713
359284,555.0,635.9378676623434,-80.93786766234336
359393,1065.0,1072.4469245411615,-7.446924541161479
359404,980.0,1153.7856462499894,-173.78564624998944
359456,790.0,730.5778782847578,59.422121715242156
359500,1315.0,1149.5624110633275,165.43758893667246
359597,1250.0,1164.0702073983684,85.92979260163156
359602,1307.0,1132.8896303050378,174.11036969496217
359626,815.0,1187.113678300072,-372.113678300072
359775,510.0,611.5100787217673,-101.51007872176729
359807,1030.0,1163.964650336381,-133.96465033638106
359853,665.0,662.2401655997445,2.7598344002554995
359859,485.0,613.5234852509886,-128.52348525098864
359941,1470.0,1132.4085465669407,337.5914534330593
359978,855.0,655.6054001183879,199.39459988161207
359983,1365.0,1274.1330273464898,90.86697265351017
360095,872.0,1088.6206758348005,-216.62067583480052
360167,566.0,696.392722224064,-130.39272222406396
360186,1430.0,1269.175538048073,160.8244619519271
360528,1010.0,1256.6367082674608,-246.6367082674608
360598,610.0,725.353685867068,-115.35368586706795
360649,690.0,716.041662584393,-26.041662584392952
360726,1080.0,1034.2650848184608,45.734915181539236
360801,620.0,620.4441294401666,-0.44412944016664824
360931,940.0,1205.210040194429,-265.210040194429
360999,1080.0,1066.8492712624745,13.15072873752547
361091,510.0,730.5769791448936,-220.57697914489358
361114,785.0,703.5283616697318,81.4716383302682
361131,1435.0,1276.3237002566996,158.67629974330043
361150,1090.0,1089.159487927969,0.8405120720310606
361156,670.0,716.4735095581941,-46.47350955819411
361186,780.0,961.1454980625275,-181.1454980625275
361283,710.0,739.3897970281207,-29.38979702812071
361345,1080.0,1200.0288553077935,-120.02885530779349
361602,940.0,1008.7029907002809,-68.7029907002809
361733,760.0,676.6438526352213,83.35614736477874
361827,1015.0,1178.4872441668697,-163.4872441668697
361894,1151.0,1158.5795865430252,-7.579586543025243
361914,1155.0,1135.1305311796466,19.869468820353404
361934,1082.0,1153.2146587138031,-71.21465871380315
362006,1170.0,1232.1040006366884,-62.1040006366884
362193,1260.0,1154.0962506238093,105.90374937619072
362369,1030.0,1002.5515935434009,27.44840645659906
362432,930.0,1028.4506737852614,-98.45067378526142
362549,1140.0,1106.9220714009662,33.07792859903384
362588,585.0,686.2673639484248,-101.26736394842476
362606,975.0,1126.5918817922384,-151.59188179223838
362708,1070.0,1171.9088207466434,-101.90882074664341
362891,465.0,708.790352889731,-243.79035288973103
362950,1175.0,1140.061701612632,34.93829838736792
363120,1025.0,1198.5116107284052,-173.51161072840523
363156,1010.0,1006.6883257830871,3.311674216912934
363234,1411.0,1088.311280387071,322.68871961292894
363367,1323.0,1227.0036900644106,95.99630993558935
363487,681.0,666.3733212010127,14.626678798987314
363506,1110.0,1192.7342702121357,-82.7342702121357
363594,1055.0,1012.4429285963273,42.557071403672694
364039,1040.0,1038.754911953431,1.2450880465689806
364165,915.0,1142.2536670892127,-227.25366708921274
364219,1334.0,1100.7340375923202,233.2659624076798
364339,1390.0,1212.7388042626537,177.26119573734627
364428,815.0,923.4736436444625,-108.47364364446253
364576,926.0,1081.6596874803554,-155.6596874803554
364582,1433.0,1057.7093275652076,375.29067243479244
364596,1220.0,1209.441986122212,10.558013877787971
364597,910.0,710.9766725312722,199.02332746872776
364682,844.0,707.8434135113412,136.15658648865883
364815,771.0,1004.7468109084796,-233.74681090847957
364938,1250.0,1167.5669209696853,82.43307903031473
365081,1140.0,1110.0628121282784,29.937187871721562
365161,1055.0,1100.2121612063886,-45.2121612063886
365185,1225.0,1128.807796015867,96.1922039841329
365193,670.0,994.4590060769237,-324.45900607692374
365234,640.0,685.9285521842969,-45.928552184296905
365317,1058.0,1006.3248428037862,51.67515719621383
365555,785.0,1093.457920826014,-308.45792082601406
365594,828.0,715.2544128154669,112.74558718453306
365649,1140.0,1127.1692411827853,12.8307588172147
365741,813.0,687.7474932143348,125.25250678566522
365815,1080.0,1209.8384375878254,-129.8384375878254
365877,1190.0,1111.7110751339078,78.2889248660922
365905,1270.0,1143.5764796634946,126.42352033650536
365908,1055.0,1136.0430713170563,-81.04307131705627
366012,1010.0,1060.1813292267038,-50.18132922670384
366021,465.0,661.8253744998027,-196.8253744998027
366115,1310.0,1208.0033377894592,101.99666221054076
366140,1275.0,1280.1488689354267,-5.148868935426663
366213,880.0,698.9065679624567,181.09343203754327
366250,425.0,711.1079720929017,-286.1079720929017
366320,1285.0,1173.6823958397122,111.31760416028783
366763,1110.0,1023.100580236171,86.89941976382897
366782,605.0,697.2613338570839,-92.26133385708386
366823,910.0,1159.5151449324708,-249.51514493247078
366882,1560.0,1186.3103165764403,373.6896834235597
366915,948.0,1030.0699673986135,-82.06996739861347
366986,1170.0,1138.245104872855,31.75489512714489
367045,570.0,707.7114222226871,-137.71142222268713
367068,600.0,636.2450109847063,-36.245010984706255
367108,945.0,1023.4554023986186,-78.45540239861862
367268,690.0,705.8978423018727,-15.897842301872743
367271,1305.0,1190.910390027652,114.08960997234794
367287,805.0,1168.702984867454,-363.702984867454
367327,1285.0,1216.769775045636,68.23022495436408
367561,749.0,1161.0177400187654,-412.0177400187654
367594,1000.0,1078.9443295846208,-78.94432958462085
367656,995.0,1013.257210267626,-18.257210267625965
367668,840.0,1078.6239718247928,-238.62397182479276
367704,550.0,714.0176405018267,-164.0176405018267
367948,1065.0,1003.7901867403602,61.20981325963976
368070,1265.0,1259.3855211482046,5.614478851795411
368182,582.0,709.7507878602014,-127.7507878602014
368473,745.0,700.7071530316811,44.29284696831894
368560,973.0,1125.5387373193507,-152.53873731935073
368573,1050.0,1137.7968958771423,-87.79689587714233
368680,700.0,739.7360090946185,-39.73600909461845
368728,1190.0,1089.081493076772,100.91850692322805
368824,1230.0,1097.1695187799382,132.83048122006176
368915,935.0,1015.6802845675353,-80.6802845675353
368923,1006.0,1010.3280865192137,-4.328086519213684
368939,1070.0,1050.1411218535109,19.858878146489133
368943,1175.0,981.0503697763218,193.94963022367824
369304,1110.0,1218.527263004511,-108.52726300451104
369375,1000.0,983.4991199935145,16.500880006485545
369419,820.0,729.552668237977,90.44733176202305
369459,1120.0,1252.4262952639638,-132.42629526396377
369531,655.0,706.6291381404035,-51.629138140403484
369564,820.0,674.3044373978938,145.69556260210618
369634,675.0,717.5501144716702,-42.55011447167021
369979,1058.0,1220.918380239907,-162.91838023990704
370102,1140.0,1139.4738288233784,0.526171176621574
370113,1000.0,1118.06194856997,-118.0619485699699
370351,610.0,741.5840321743464,-131.58403217434636
370420,512.0,709.8095318982778,-197.80953189827778
370512,1105.0,1130.505297948816,-25.50529794881595
370849,985.0,1066.6649434465041,-81.66494344650414
370973,730.0,724.1828226716898,5.817177328310208
370982,920.0,1235.5620818293917,-315.5620818293917
371024,1465.0,1300.1437294107375,164.85627058926252
371053,1312.0,1235.4786931325384,76.52130686746159
371082,1210.0,1141.4430971036304,68.55690289636959
371142,910.0,1009.8243304769604,-99.82433047696043
371145,1082.0,1166.8850316860894,-84.8850316860894
371259,1175.0,1134.757194151215,40.24280584878511
371386,582.0,647.5292120823733,-65.5292120823733
371439,843.0,1095.0234686898273,-252.02346868982727
371837,910.0,1075.8115262610916,-165.81152626109156
371879,1025.0,1188.778561300125,-163.77856130012492
371905,682.0,647.403835818549,34.596164181450945
371921,626.0,638.0683168490407,-12.068316849040684
371993,1031.0,1099.7841510511084,-68.78415105110844
372148,1180.0,1257.1302220788677,-77.13022207886775
372164,1050.0,984.4268466740349,65.57315332596511
372178,738.0,930.4385419282011,-192.43854192820106
372357,1085.0,1080.220567304436,4.779432695564083
372411,1179.0,1226.3546423169198,-47.35464231691981
372523,885.0,1103.9263711310266,-218.9263711310266
372624,1230.0,1242.2221876960482,-12.222187696048195
372842,830.0,1091.3341729642043,-261.3341729642043
372868,1130.0,1140.5105526221732,-10.510552622173236
373041,1050.0,1025.2692830293424,24.730716970657568
373118,1210.0,1074.2191681166144,135.78083188338564
373268,1268.0,1063.7504400435705,204.2495599564295
373306,1284.0,1145.2459614256206,138.75403857437936
373442,755.0,724.3618502906589,30.638149709341064
373762,1058.0,1238.0081082999632,-180.00810829996317
373774,650.0,697.5613911528734,-47.5613911528734
374115,1120.0,1085.3847462089234,34.61525379107661
374187,1010.0,1185.2071028602638,-175.20710286026383
374399,1124.0,1116.9808999793258,7.019100020674159
374506,1280.0,1199.1217866684703,80.87821333152965
374953,801.0,708.2334526231002,92.76654737689978
375033,620.0,671.1138797351398,-51.11387973513979
375097,1470.0,1215.401939831946,254.59806016805396
375122,1120.0,1126.5993893082605,-6.59938930826047
375214,740.0,737.3731438913103,2.626856108689708
375378,1312.0,1199.0977664536208,112.9022335463792
375469,850.0,695.6019113636645,154.3980886363355
375491,660.0,684.3078282719914,-24.30782827199141
375529,1290.0,1209.0527209448212,80.9472790551788
375583,900.0,1206.1722489155038,-306.1722489155038
375637,925.0,1039.7798453602484,-114.77984536024837
375735,1025.0,1139.0104547632252,-114.0104547632252
375742,1080.0,1082.6205008515226,-2.6205008515225927
375753,965.0,1223.6898317935972,-258.68983179359725
375902,670.0,698.8740648936389,-28.874064893638888
375928,1210.0,1176.3092773066737,33.69072269332628
375936,630.0,632.4710677600898,-2.4710677600897952
375942,985.0,1195.895509860649,-210.8955098606491
376234,485.0,706.0763050965969,-221.0763050965969
376354,667.0,660.4713505583177,6.528649441682319
376408,1105.0,1065.9192772147937,39.08072278520626
376517,881.0,1073.0770203700285,-192.07702037002855
376647,690.0,641.6283768656515,48.37162313434851
376706,1075.0,1266.2071165255202,-191.20711652552018
377099,685.0,686.8942827551268,-1.8942827551268238
377201,475.0,706.307415820257,-231.307415820257
377215,1230.0,1207.1050234986835,22.894976501316478
377227,975.0,1134.7532783182153,-159.75327831821528
377387,620.0,617.4802462771153,2.5197537228847295
377581,1100.0,1141.5162287081077,-41.51622870810775
377663,985.0,991.5047930262779,-6.504793026277866
377689,675.0,670.4912113952705,4.508788604729489
377693,1215.0,1209.158263324087,5.841736675912898
377829,1146.0,1123.9741026738295,22.02589732617048
378000,970.0,1089.0581076381525,-119.05810763815248
378139,593.0,715.0578449207757,-122.05784492077566
378165,725.0,702.7059205819368,22.294079418063234
378210,1005.0,1174.4079163867068,-169.4079163867068
378265,660.0,712.3444038739406,-52.344403873940564
378354,920.0,1219.3252465930482,-299.3252465930482
378479,1190.0,1188.2908462594214,1.7091537405785857
378594,1295.0,1214.3677528239775,80.63224717602247
378649,850.0,1143.9385631564628,-293.9385631564628
378690,605.0,664.5657617820809,-59.565761782080926
378875,690.0,695.4939834687056,-5.493983468705551
379280,1370.0,1192.3284405034383,177.6715594965617
379746,1200.0,1094.8745631241102,105.12543687588982
379823,667.0,704.6243495687622,-37.62434956876223
379874,1150.0,1139.585246055787,10.41475394421309
379918,475.0,608.6278359073532,-133.6278359073532
380038,609.0,613.8681253137112,-4.868125313711175
380062,600.0,649.8102540919142,-49.8102540919142
380077,845.0,711.6434268107481,133.3565731892519
380109,820.0,978.26947122414,-158.26947122414003
380181,962.0,1074.4211437015986,-112.42114370159857
380226,1590.0,1287.157592140226,302.8424078597741
380443,905.0,981.1215951071215,-76.1215951071215
380533,900.0,1045.5381775317542,-145.53817753175417
380631,690.0,1116.4917897507662,-426.4917897507662
380756,948.0,1127.4639085901413,-179.46390859014127
380832,970.0,1203.4242701406245,-233.42427014062446
380882,470.0,589.7981652691535,-119.79816526915351
380903,759.0,940.4013376760796,-181.4013376760796
380927,1075.0,1178.8331127035297,-103.83311270352965
381195,1210.0,1188.4644064996771,21.535593500322875
381445,1069.0,893.263292115542,175.73670788445804
381534,926.0,1056.0668340058767,-130.06683400587667
381567,1125.0,1090.482337994327,34.517662005672946
381588,1036.0,1013.8391702619758,22.160829738024177
381989,604.0,605.3339437592297,-1.333943759229669
382006,683.0,696.5228992231562,-13.522899223156173
382363,710.0,944.1297836337062,-234.1297836337062
382502,1058.0,1096.38334452752,-38.38334452751997
382610,1140.0,1078.490767943766,61.50923205623394
382683,462.0,595.3929876248808,-133.3929876248808
382714,1130.0,1099.0731896643802,30.926810335619848
382747,585.0,705.1654014365147,-120.16540143651468
382789,1020.0,1273.059017310772,-253.0590173107721
382824,995.0,974.7428374296603,20.257162570339688
382827,690.0,715.3114074668968,-25.311407466896753
382839,1165.0,1112.4268416531033,52.57315834689666
382863,1280.0,1139.696018106266,140.3039818937341
382911,1155.0,1103.4530019285005,51.5469980714995
382959,545.0,986.3737095366774,-441.37370953667744
383044,985.0,1096.069817017046,-111.06981701704603
383056,890.0,1146.295646207541,-256.29564620754104
383091,1079.0,1162.4358103845295,-83.43581038452953
383331,1180.0,1041.8998612333417,138.10013876665835
383453,1180.0,1252.7276068530118,-72.72760685301182
383751,870.0,1132.7762220437085,-262.77622204370846
383811,1374.0,1181.656365724652,192.343634275348
383819,1080.0,1095.7547866026105,-15.754786602610466
384009,1200.0,1126.8853056381188,73.11469436188122
384077,1100.0,1130.1433092909604,-30.14330929096036
384138,1115.0,1176.3822347944158,-61.38223479441581
384297,1040.0,1164.5823322442454,-124.58233224424544
384475,1216.0,1032.5139914837484,183.48600851625156
384602,715.0,678.0611557820924,36.93884421790756
384666,1089.0,1107.826556178243,-18.82655617824298
384723,1180.0,1162.857748681562,17.142251318437957
384727,825.0,694.4336900060403,130.56630999395975
384992,1216.0,1218.0693780575616,-2.0693780575616074
385083,462.0,597.6500652776713,-135.65006527767127
385153,1054.0,1029.7666746218451,24.23332537815486
385178,870.0,1163.6285985232173,-293.6285985232173
385229,1220.0,1204.9481501848484,15.051849815151627
385358,890.0,1041.1053199422606,-151.10531994226062
385400,1180.0,1198.4162196373632,-18.416219637363156
385440,480.0,660.4623478456784,-180.46234784567844
385573,845.0,964.4553889773131,-119.45538897731308
385576,1090.0,1137.1529529853217,-47.15295298532169
385577,1330.0,1253.531636429505,76.46836357049506
385585,790.0,960.7733666292402,-170.77336662924017
385588,1140.0,1232.0339495593464,-92.03394955934641
385843,827.0,1073.1574526898614,-246.15745268986143
385874,1010.0,983.178741126669,26.821258873330976
386119,855.0,1009.406472083238,-154.406472083238
386188,1045.0,1025.6024959528538,19.397504047146185
386310,715.0,976.7353213869968,-261.7353213869968
386322,1100.0,1081.1044142389644,18.89558576103559
386782,1135.0,979.7324557282863,155.26754427171375
386796,932.0,1050.3458896012633,-118.34588960126325
386797,495.0,632.2480578057276,-137.24805780572763
386801,825.0,1030.0561806093067,-205.0561806093067
386807,1150.0,1278.459613109413,-128.4596131094131
386827,670.0,687.9047449500737,-17.904744950073678
386912,870.0,697.0046805563303,172.9953194436697
387058,1020.0,956.6586784798428,63.34132152015718
387131,900.0,1177.897645875344,-277.8976458753441
387206,1254.0,1146.4088768139143,107.59112318608572
387267,1140.0,1234.8504285521576,-94.85042855215761
387341,945.0,1094.8623295851432,-149.86232958514324
387352,805.0,702.8963838947066,102.10361610529344
387357,565.0,671.6277607049789,-106.62776070497887
387672,1000.0,1068.4120804015336,-68.41208040153356
387732,1100.0,1212.3503049304775,-112.35030493047748
387786,1070.0,1163.7353351109923,-93.73533511099231
387795,1080.0,1223.9618584366267,-143.9618584366267
387857,1130.0,1253.5612708187214,-123.56127081872137
388138,1040.0,1015.6153923466097,24.384607653390276
388195,890.0,1201.4392618386987,-311.4392618386987
388210,730.0,642.191914898209,87.808085101791
388313,1090.0,1301.782799471218,-211.7827994712179
388330,900.0,1155.380473323983,-255.3804733239831
388353,1827.0,1253.8248658755222,573.1751341244778
388391,920.0,1131.750181622587,-211.75018162258698
388524,594.0,610.6946051157174,-16.694605115717422
388605,800.0,687.930752432752,112.069247567248
388648,595.0,721.2491074606507,-126.24910746065075
388738,783.0,1027.6226107421205,-244.62261074212051
388740,1580.0,1259.4103416609653,320.5896583390347
388857,1120.0,1239.1633156043324,-119.16331560433241
389544,1348.0,1171.0151899811315,176.98481001886853
389711,940.0,1103.1927053900426,-163.19270539004265
389971,820.0,1129.746349277769,-309.746349277769
389990,505.0,644.6373115091268,-139.6373115091268
390051,539.0,660.5006965840953,-121.5006965840953
390082,1380.0,1122.3247226593335,257.6752773406665
390108,545.0,667.759293935784,-122.75929393578394
390135,1300.0,1184.8023686100278,115.19763138997223
390214,1030.0,1090.525529394962,-60.52552939496195
390411,965.0,1140.06082488606,-175.0608248860599
390481,960.0,1116.2749214904193,-156.27492149041927
390505,590.0,677.487236902847,-87.48723690284703
390578,1150.0,1176.0873529154692,-26.087352915469182
390632,1120.0,1165.2710077156535,-45.27100771565347
390663,1160.0,1206.9791140308678,-46.97911403086778
390688,1110.0,1161.7627161122475,-51.76271611224752
390745,972.0,1196.6526746120817,-224.65267461208168
390877,1210.0,1255.0408372837917,-45.04083728379169
391178,1235.0,1139.6716248360033,95.32837516399672
391379,840.0,1073.1199482709499,-233.11994827094986
391855,595.0,718.6537201441797,-123.65372014417972
391868,657.0,686.7562715180729,-29.756271518072936
391893,835.0,1069.924597631715,-234.92459763171496
391922,1310.0,1195.541062745604,114.458937254396
391980,1021.0,1224.9586282584598,-203.95862825845984
392102,530.0,679.3515723131504,-149.35157231315043
392306,745.0,666.5000077923338,78.4999922076662
392568,635.0,595.6574138130767,39.34258618692331
392827,770.0,676.221910317356,93.77808968264401
392834,985.0,1056.440447195993,-71.4404471959931
392842,555.0,709.4275564608329,-154.42755646083288
393043,1135.0,1117.6357541815237,17.36424581847632
393140,621.0,622.8644513437489,-1.8644513437488968
393419,1091.0,1059.9265484920368,31.073451507963227
393544,975.0,1044.2487830849614,-69.24878308496136
393577,506.0,964.2358182595007,-458.23581825950066
393660,597.0,696.9490310286376,-99.94903102863759
393894,570.0,700.3425307214997,-130.34253072149966
393945,1080.0,1096.133243445127,-16.133243445126936
394146,1350.0,1086.5088918370514,263.49110816294865
394419,645.0,664.4899266016516,-19.489926601651632
394439,1105.0,1017.0404352101373,87.95956478986272
394449,1350.0,1144.386618015181,205.61338198481894
394496,1090.0,1180.5524577491226,-90.5524577491226
394643,640.0,709.4820730271451,-69.48207302714513
394750,1460.0,1263.1689922829314,196.8310077170686
394856,865.0,1244.0446105885533,-379.04461058855327
395008,730.0,1010.1161408083728,-280.11614080837285
395332,945.0,966.6438078337611,-21.643807833761116
395410,891.0,1177.626828177642,-286.626828177642
395546,945.0,1101.9148226456764,-156.9148226456764
395551,1160.0,1076.0390597461328,83.9609402538672
395601,1010.0,1046.224253451919,-36.22425345191891
395861,1125.0,1196.2165952118467,-71.21659521184665
395955,1486.0,1138.987585518953,347.012414481047
396015,985.0,1054.0123985450782,-69.01239854507821
396131,465.0,684.4667050638799,-219.46670506387989
396354,1110.0,1185.3393510856697,-75.3393510856697
396379,1210.0,1217.6374317960122,-7.637431796012152
396425,1065.0,1129.597030752447,-64.59703075244693
396460,1170.0,1083.1733467890663,86.82665321093373
396482,530.0,723.9385659902255,-193.93856599022547
396662,610.0,652.0937555912924,-42.09375559129239
397197,1146.0,1213.1847953201893,-67.18479532018932
397248,892.0,1065.844933678744,-173.84493367874393
397663,1020.0,1182.8545357652388,-162.85453576523878
398042,435.0,624.6704356567911,-189.67043565679114
398276,1330.0,1244.150870993998,85.84912900600193
398314,695.0,1010.2823992095962,-315.2823992095962
398702,1080.0,1146.286136396892,-66.28613639689206
398747,1485.0,1241.8950957382708,243.1049042617292
398907,1375.0,1242.5023907321715,132.49760926782847
398995,1360.0,1232.322589929198,127.6774100708019
398996,860.0,1101.0028943121654,-241.00289431216538
399023,990.0,1082.8338353427853,-92.83383534278528
399073,990.0,1248.4085521496786,-258.4085521496786
399240,800.0,987.8883741504897,-187.88837415048965
399309,1135.0,1239.8220409659962,-104.82204096599617
399581,1505.0,1278.9792016299257,226.02079837007432
399629,750.0,678.7108566268633,71.28914337313665
399900,1135.0,1121.9550735284652,13.044926471534836
400068,730.0,675.9330830996273,54.06691690037269
400681,645.0,629.8153364671239,15.18466353287613
400910,1490.0,1237.114402133426,252.88559786657402
400947,515.0,660.7793336024146,-145.77933360241457
401044,1124.0,1147.3947538159034,-23.394753815903414
401180,738.0,1084.3026314185936,-346.3026314185936
401197,1169.0,1081.510299807659,87.48970019234093
401318,950.0,1035.1792489736044,-85.17924897360444
401329,724.0,1028.917348710164,-304.9173487101641
401333,1040.0,1081.9315409734177,-41.93154097341767
401522,1205.0,1171.964807219924,33.03519278007593
401659,890.0,1096.4592062714642,-206.45920627146415
401797,1155.0,1183.687610308523,-28.687610308523062
401863,1125.0,1258.7516493220269,-133.75164932202688
401951,1198.0,1230.8006022025095,-32.80060220250948
401976,555.0,659.6285502226757,-104.6285502226757
402035,1490.0,1245.3961149506372,244.60388504936282
402093,635.0,654.2566362560611,-19.256636256061142
402356,922.0,1137.677741037546,-215.67774103754596
402780,1195.0,1098.3857226997814,96.61427730021865
402861,825.0,743.5311431602527,81.46885683974733
403136,895.0,1182.9830908362924,-287.9830908362924
403218,720.0,1107.122785020872,-387.122785020872
403443,1047.0,1023.2749044510161,23.72509554898386
403809,981.0,1219.0984435782914,-238.09844357829138
404112,995.0,1211.3091289655001,-216.30912896550012
404161,840.0,1200.7870757732485,-360.7870757732485
404208,630.0,678.5553795303101,-48.55537953031012
404239,870.0,731.6924474633561,138.30755253664393
404411,1080.0,1202.9856693403617,-122.98566934036171
404425,1020.0,1226.0581428242508,-206.0581428242508
404733,881.0,1099.1471623634766,-218.14716236347658
404927,768.0,950.3681833780939,-182.36818337809393
404935,1110.0,1074.12557718821,35.874422811790055
405025,1465.0,1211.4693749991975,253.5306250008025
405541,1130.0,1257.1543244149682,-127.15432441496819
405920,645.0,709.5013597662364,-64.50135976623642
406043,630.0,700.9343465291888,-70.93434652918882
406205,875.0,1034.8448146509086,-159.84481465090857
406415,1095.0,1232.317550328476,-137.31755032847605
406628,910.0,1075.291772924093,-165.29177292409304
406833,545.0,610.6207789351174,-65.62077893511741
406918,670.0,635.7732232706102,34.226776729389826
406980,1025.0,1185.3802119538532,-160.38021195385318
407008,967.0,1119.1279668788989,-152.12796687889886
407113,1060.0,1071.0768567077098,-11.076856707709794
407146,828.0,692.1690520770624,135.83094792293764
407306,1220.0,1154.722182310912,65.2778176890879
407333,670.0,708.8447370415339,-38.844737041533904
407427,1400.0,1049.9041028443617,350.09589715563834
407611,1268.0,1129.292355361452,138.7076446385479
407623,1036.0,974.6657735310898,61.334226468910174
407794,1235.0,1127.4639085901413,107.53609140985873
407876,1045.0,1066.582826624164,-21.582826624164
407975,1055.0,1149.2076557927235,-94.20765579272347
408256,930.0,1055.2997142578156,-125.2997142578156
408265,1160.0,1009.5027310510953,150.49726894890466
408301,1106.0,1075.0895673034074,30.91043269659258
408323,1197.0,1221.412468627588,-24.41246862758794
408377,1125.0,1080.4252013073713,44.57479869262875
408383,1240.0,1127.511279079473,112.48872092052693
408501,992.0,1087.0044990898105,-95.00449908981045
409038,1170.0,968.8834595392843,201.11654046071567
409140,890.0,1142.8669076654483,-252.86690766544825
409418,1080.0,1215.2353299854044,-135.2353299854044
409652,1010.0,1078.490767943766,-68.49076794376606
410151,1270.0,1265.1112998022886,4.888700197711387
410176,1091.0,1193.2511103821898,-102.25111038218984
410456,1450.0,1120.6082314887874,329.3917685112126
410459,1455.0,1231.8809465088543,223.11905349114568
410600,740.0,670.7791924574865,69.22080754251351
410790,933.0,1158.2971998095602,-225.2971998095602
410913,1224.0,1142.8245651205345,81.17543487946546
411065,660.0,654.2705291453652,5.729470854634769
411158,1334.0,1112.3912998605667,221.60870013943327
411167,1380.0,1254.7371910415777,125.26280895842228
411473,1221.0,1110.5530525111756,110.44694748882443
411671,997.0,1206.1672265766947,-209.1672265766947
411944,525.0,617.348306367374,-92.348306367374
412204,875.0,958.8859681434192,-83.88596814341918
412351,937.0,968.88847770877,-31.888477708769983
412453,1050.0,1177.9601746857793,-127.9601746857793
412635,914.0,1057.1431214319098,-143.14312143190978
412653,850.0,748.4355222923384,101.56447770766158
412726,1318.0,1128.1384246962034,189.8615753037966
412782,544.0,606.368014150432,-62.36801415043203
412911,612.0,624.3303795662644,-12.330379566264355
413099,1011.0,1060.9419388847632,-49.9419388847632
413115,1020.0,1070.06726207528,-50.06726207528004
413141,495.0,705.6958430414373,-210.69584304143734
413190,480.0,713.1524137900752,-233.15241379007523
413238,849.0,995.5595510994292,-146.5595510994292
413284,770.0,727.8946408372612,42.10535916273875
413319,793.0,996.3107464374967,-203.31074643749673
413509,672.0,735.2927141323636,-63.292714132363585
413545,485.0,680.1636970412499,-195.16369704124986
413773,893.0,959.8722462701505,-66.87224627015053
413802,843.0,1115.092313471133,-272.0923134711329
413913,959.0,1054.9075074682569,-95.90750746825688
413917,1213.0,1247.8984405134788,-34.89844051347882
413941,1090.0,1032.9772343266845,57.02276567331546
414080,680.0,707.7415806181511,-27.741580618151147
414605,535.0,637.74381597618,-102.74381597618003
414622,705.0,703.0045805358609,1.995419464139104
414827,1069.0,1010.2071147118078,58.792885288192224
414868,950.0,1093.6809224239175,-143.68092242391754
415267,1045.0,1221.705536780591,-176.70553678059105
415782,1245.0,1181.707419455666,63.29258054433399
416637,726.0,708.7916281614565,17.208371838543485
416642,700.0,688.7394232018326,11.260576798167449
417345,1290.0,1143.205695630583,146.79430436941698
417352,749.0,648.0192449048986,100.98075509510136
417362,1190.0,1218.6124970281599,-28.61249702815985
417372,1355.0,1211.398138008804,143.60186199119607
417406,1180.0,1110.5432580573463,69.45674194265371
417566,429.0,564.4063132228549,-135.40631322285492
417572,1200.0,1272.5440841614907,-72.54408416149067
417738,1430.0,1160.9682987516844,269.0317012483156
418184,955.0,1085.871324028614,-130.87132402861403
418261,981.0,1075.8435024847174,-94.84350248471742
418439,509.0,685.4942446928751,-176.4942446928751
418545,775.0,1042.7398061018746,-267.7398061018746
418682,1020.0,1116.0309604285455,-96.03096042854554
418739,750.0,635.3396065942352,114.66039340576481
418787,1010.0,1068.3950319700891,-58.39503197008912
418850,1340.0,1095.885774730055,244.1142252699451
418929,829.0,983.4190878460628,-154.41908784606278
418932,1545.0,1023.4902422378755,521.5097577621245
419100,790.0,1109.7453016193874,-319.7453016193874
419570,1135.0,1099.641483758511,35.35851624148904
420135,755.0,723.2704494248787,31.729550575121266
420255,1170.0,1035.6379165657231,134.36208343427688
420515,1200.0,1228.6463067485308,-28.646306748530833
420607,1080.0,1092.8539899492455,-12.853989949245488
420660,1133.0,1071.4938835416556,61.50611645834442
420662,1020.0,1027.0751559109035,-7.075155910903504
420869,1030.0,1200.540582697533,-170.54058269753295
420972,946.0,972.257186187125,-26.257186187124944
421116,715.0,1141.0481872841299,-426.0481872841299
421309,948.0,1030.1989071101993,-82.19890711019934
421316,1043.0,1171.008786620725,-128.008786620725
421661,807.0,917.5131223967525,-110.51312239675246
421669,1370.0,1263.4926734425342,106.50732655746583
421825,723.0,699.1288722989368,23.871127701063187
421864,1047.0,1156.9015980952465,-109.90159809524653
421897,1085.0,1096.018628717543,-11.018628717542924
422268,1160.0,1166.4061792201815,-6.406179220181457
422419,1150.0,1256.162695729037,-106.16269572903707
422428,1300.0,1144.640034059251,155.3599659407489
422496,1000.0,668.9954895113251,331.0045104886749
422541,1102.0,1202.5308484762475,-100.53084847624746
422598,600.0,697.9808525684289,-97.98085256842887
422868,690.0,681.7271332711266,8.272866728873396
422998,1235.0,1152.343149025842,82.65685097415803
423238,665.0,717.6007995911652,-52.60079959116524
423253,970.0,1220.0077341428835,-250.00773414288346
423349,715.0,720.2189421357316,-5.218942135731595
423355,566.0,695.6881166962462,-129.6881166962462
423484,616.0,716.4754555369773,-100.47545553697728
423552,827.0,1056.9017562246988,-229.90175622469883
423750,418.0,695.9794055072286,-277.97940550722865
423830,1055.0,1188.3240442245567,-133.3240442245567
423885,1103.0,1122.6141095842934,-19.614109584293374
424065,1032.0,1106.1105306525233,-74.11053065252327
424248,1005.0,1046.07965529675,-41.079655296749934
424275,650.0,679.3238174206734,-29.323817420673436
424456,1150.0,1248.5665544974386,-98.56655449743857
424465,590.0,731.9843464962676,-141.98434649626756
424642,1040.0,1108.7180044805323,-68.71800448053227
424720,719.0,667.9967959290678,51.003204070932156
424885,1110.0,1166.886344715795,-56.886344715795076
425038,542.0,720.6029226603272,-178.60292266032718
425292,720.0,974.3543806241029,-254.35438062410287
425437,992.0,1071.8590108283936,-79.8590108283936
425896,1323.0,1049.3995172217174,273.60048277828264
426100,1201.0,1085.0915557484302,115.90844425156979
426101,988.0,1069.3990665643605,-81.39906656436051
426219,1100.0,1054.9748737687246,45.02512623127541
426255,600.0,715.5979742339952,-115.59797423399516
426503,684.0,935.5826387192719,-251.58263871927193
426617,1085.0,1122.2522256273799,-37.25222562737986
426736,1200.0,1244.630027888764,-44.63002788876406
426831,861.0,998.3110548248825,-137.3110548248825
427099,1190.0,1146.7726459835235,43.22735401647651
427131,1075.0,1118.7779556524597,-43.777955652459696
427185,948.0,1011.9298906374113,-63.92989063741129
427244,1080.0,1075.4720078382131,4.5279921617868695
427297,1105.0,1124.0297271551615,-19.02972715516148
427333,990.0,1234.1981991491639,-244.19819914916388
427531,585.0,693.2109829684537,-108.21098296845366
427813,930.0,1143.1836273061597,-213.18362730615968
428223,935.0,985.5125973422367,-50.512597342236745
428924,710.0,986.2654015375126,-276.2654015375126
429137,885.0,1210.4995152497916,-325.49951524979156
429181,330.0,661.6886213595526,-331.6886213595526
429245,1180.0,1058.3946079848424,121.60539201515758
429305,1014.0,1138.0963326836943,-124.0963326836943
429459,950.0,1122.4356480196825,-172.4356480196825
429682,820.0,1085.8429186004068,-265.84291860040685
429762,548.0,723.4986400658985,-175.49864006589848
430146,650.0,1189.7389482882165,-539.7389482882165
430266,515.0,649.5279217985864,-134.52792179858636
430502,920.0,720.0616126623972,199.93838733760276
430822,1060.0,1184.6803354759236,-124.68033547592358
430939,960.0,1216.5566118858278,-256.5566118858278
430958,1010.0,1136.2070737454637,-126.20707374546373
430968,904.0,966.0324511486717,-62.032451148671726
431088,720.0,647.2371425852216,72.76285741477841
431125,1265.0,1151.4102843135029,113.58971568649713
431382,904.0,1013.541482368333,-109.54148236833305
431510,577.0,618.1942925858688,-41.194292585868766
431586,1030.0,1123.3008777499758,-93.30087774997583
431620,1003.0,1128.6065463298287,-125.60654632982869
431846,1235.0,1221.5849179168167,13.415082083183279
431912,738.0,945.0666065826912,-207.06660658269118
431985,926.0,1133.6723866107493,-207.6723866107493
432049,594.0,690.3245142711219,-96.32451427112187
432143,1105.0,1157.0521723461884,-52.0521723461884
432226,1060.0,1073.5535096376727,-13.553509637672732
432398,626.0,635.6872909468424,-9.687290946842381
432463,1205.0,1211.280661498731,-6.280661498730979
432615,710.0,1033.6882287907945,-323.6882287907945
432899,1440.0,1248.9870787196937,191.01292128030627
433043,1270.0,1130.7414467680615,139.25855323193855
433152,690.0,707.1460458300022,-17.14604583000221
433160,1235.0,1267.85764455783,-32.8576445578301
433177,690.0,1071.4611294154815,-381.46112941548154
433348,807.0,701.1211768663321,105.87882313366788
433349,1147.0,1088.5046512857248,58.495348714275224
433405,1301.0,1205.6329282832774,95.36707171672265
433567,1135.0,1158.8896927765172,-23.889692776517222
433623,845.0,980.6175735613132,-135.61757356131318
433900,1275.0,1272.762444846542,2.237555153458061
433940,1120.0,1127.1709180006462,-7.170918000646225
434035,1275.0,1221.0476305607074,53.952369439292625
434100,1360.0,1220.1435604040737,139.8564395959263
434322,1257.0,1207.5342701707784,49.46572982922157
434374,1160.0,1242.5680737430746,-82.56807374307459
434430,1070.0,1020.7934753485138,49.206524651486234
434501,1440.0,1149.693079629036,290.306920370964
434522,1000.0,1088.0680018200721,-88.06800182007214
434552,992.0,962.3453933422535,29.654606657746513
434773,1020.0,1252.700160023538,-232.70016002353805
435006,1080.0,1044.2216334865218,35.778366513478204
435037,900.0,729.2713401246257,170.72865987537432
435066,992.0,1087.3083903470977,-95.30839034709766
435300,1115.0,1143.9564147163044,-28.95641471630438
435376,1240.0,1150.154665955455,89.8453340445451
435539,1380.0,1264.2531751577887,115.74682484221125
435544,1191.0,1066.9292273450603,124.07077265493967
435664,1060.0,1137.2626108059394,-77.2626108059394
435667,682.0,699.1120058332277,-17.112005833227727
435705,874.0,988.9240357715873,-114.92403577158734
435973,728.0,690.3685308881514,37.63146911184856
436028,780.0,1069.056568934645,-289.05656893464493
436129,910.0,961.7351510607883,-51.735151060788326
436333,1058.0,1095.0234686898273,-37.02346868982727
436539,730.0,1067.3558489156064,-337.35584891560643
436605,990.0,1078.3847602049611,-88.38476020496114
436814,425.0,690.5443159111911,-265.5443159111911
436841,800.0,1054.2542571741674,-254.25425717416738
437033,835.0,723.3887973276356,111.61120267236436
437148,585.0,721.6395918168935,-136.63959181689347
437383,1205.0,1028.1006768897441,176.89932311025586
437539,815.0,1184.6451893764129,-369.6451893764129
437587,680.0,566.4253323647284,113.57466763527157
437651,827.0,1018.8571195376551,-191.85711953765508
437777,1260.0,1250.1763017403696,9.823698259630419
437920,498.0,700.9322946483226,-202.93229464832257
437943,990.0,1174.9879540125826,-184.98795401258258
437971,1000.0,1123.4207367395848,-123.42073673958475
438214,1150.0,1191.8451111731679,-41.84511117316788
438549,1237.0,1158.938745986443,78.06125401355689
438577,1030.0,1169.1567053024498,-139.15670530244984
438713,939.0,1104.2490081689298,-165.24900816892978
439072,690.0,1084.1327431127825,-394.13274311278246
439333,1005.0,1106.3347135091494,-101.33471350914942
439405,1147.0,1141.9761344947972,5.023865505202821
439415,1020.0,1135.1494663245235,-115.14946632452347
439500,1180.0,1158.7622691781212,21.237730821878813
439569,1095.0,1124.080624588345,-29.080624588345017
439573,1070.0,1230.6611788834325,-160.6611788834325
439590,1003.0,1062.7903230187949,-59.79032301879488
439806,871.0,1015.8158402495538,-144.81584024955384
440097,620.0,903.3385982787202,-283.33859827872016
440157,910.0,952.9482830615344,-42.948283061534426
440321,1170.0,1133.4192148467137,36.58078515328634
440365,600.0,1043.614410238219,-443.6144102382191
440409,840.0,1107.5523606797985,-267.55236067979854
440452,1021.0,1080.8844069790925,-59.884406979092546
440563,1124.0,1194.3466438030955,-70.3466438030955
440829,900.0,1094.7927953768415,-194.79279537684147
440842,1720.0,1237.8620154045877,482.13798459541226
441216,723.0,1077.3489186258803,-354.3489186258803
441234,1201.0,1107.0990347971697,93.90096520283032
441313,745.0,671.0578270477467,73.94217295225326
441480,665.0,585.4514259244684,79.54857407553163
441715,1180.0,1150.3433477332335,29.656652266766514
441813,1190.0,1253.3130093330392,-63.31300933303919
441917,750.0,703.9071177891108,46.09288221088923
442299,1100.0,1145.1311165775492,-45.131116577549165
442304,920.0,1096.9259844231228,-176.92598442312283
442389,630.0,658.9171235103064,-28.917123510306396
442457,1237.0,1173.3986425701105,63.601357429889504
442459,765.0,713.6449878756082,51.355012124391806
442462,1220.0,1080.1686364325221,139.83136356747787
442491,915.0,1086.3082756274378,-171.30827562743775
442778,1300.0,1132.5505985870027,167.4494014129973
442912,1245.0,1101.901425321542,143.0985746784579
442956,1047.0,1208.8211234198188,-161.82112341981883
443189,800.0,1110.8609542535396,-310.8609542535396
443393,1690.0,1241.1711623984975,448.8288376015025
443427,695.0,738.1100092531102,-43.110009253110206
443519,970.0,978.5058243601848,-8.50582436018476
443592,621.0,705.861371090214,-84.86137109021399
443633,1190.0,1126.4571132192796,63.54288678072044
444089,1040.0,1107.6300678247455,-67.63006782474554
444235,804.0,1016.4111724431125,-212.4111724431125
444247,1010.0,1055.8500015642153,-45.85000156421529
444324,970.0,1104.5018551951152,-134.50185519511524
444410,860.0,1019.673856541806,-159.673856541806
444453,858.0,991.2324846631427,-133.2324846631427
444644,955.0,1145.7980857212997,-190.79808572129969
444768,1170.0,1110.3317954655683,59.66820453443165
444913,1085.0,1079.541565906016,5.458434093983897
445001,675.0,747.9089475670532,-72.90894756705325
445013,850.0,728.6268321220431,121.37316787795692
445414,804.0,1161.8123937401078,-357.81239374010784
445590,560.0,681.2154216864147,-121.21542168641474
445636,1186.0,1124.857708254325,61.14229174567504
445733,978.0,1069.2895878569097,-91.28958785690975
446078,540.0,700.1610177593217,-160.16101775932168
446172,590.0,696.4869614276705,-106.48696142767051
446343,750.0,715.3196344341048,34.68036556589516
446590,575.0,724.7262847961471,-149.72628479614707
446633,688.0,982.9107562983585,-294.9107562983585
446796,545.0,738.0412378138053,-193.0412378138053
446899,740.0,591.2373666549407,148.76263334505927
446903,870.0,1169.9558232227967,-299.95582322279665
446943,810.0,1000.5482811675346,-190.54828116753458
446944,795.0,729.1677367546479,65.83226324535212
446978,870.0,1053.6267253337057,-183.62672533370574
446984,635.0,720.5346837819944,-85.53468378199443
447122,690.0,704.2481258184085,-14.248125818408539
447253,1179.0,1208.075521104761,-29.075521104761037
447289,1191.0,1131.119357530533,59.88064246946692
447349,1195.0,1237.371233588982,-42.37123358898202
447365,638.0,933.8835252171854,-295.88352521718537
447493,572.0,646.3016176486915,-74.30161764869149
447507,1405.0,1218.2381028172922,186.7618971827078
447530,770.0,667.0507864892393,102.94921351076073
447643,860.0,722.5723949224739,137.4276050775261
447665,1115.0,1132.1599462802799,-17.159946280279883
447795,845.0,721.3671970740874,123.63280292591264
447809,945.0,1088.1967692324863,-143.1967692324863
447819,685.0,708.9694932111903,-23.969493211190297
447878,1285.0,1071.6559425890584,213.34405741094156
447986,780.0,719.0181916920593,60.981808307940696
448052,900.0,1123.059580022126,-223.05958002212606
448113,1178.0,1183.4900970469103,-5.49009704691025
448176,780.0,664.9162645112198,115.08373548878023
448395,1044.0,1081.4068566025373,-37.406856602537346
448526,595.0,706.2748201790441,-111.27482017904413
448592,1081.0,1168.9515900397607,-87.95159003976073
448725,1060.0,1085.2233562561232,-25.223356256123225
448773,1180.0,1235.7134672831432,-55.713467283143245
448988,960.0,982.482108372722,-22.482108372721996
449115,639.0,1011.3154589082119,-372.3154589082119
449124,1005.0,1146.6344688947095,-141.63446889470947
449447,905.0,1058.8528168785292,-153.8528168785292
449451,1360.0,1148.4421494077899,211.55785059221012
449532,871.0,956.9904298407132,-85.9904298407132
449555,760.0,696.0452103038838,63.95478969611622
449667,1058.0,1094.5458648898325,-36.5458648898325
449768,1100.0,1223.9063849297572,-123.90638492975722
449769,1025.0,987.050598969973,37.94940103002705
449799,575.0,648.0192449048986,-73.01924490489864
450007,1100.0,1030.123003142232,69.87699685776806
450096,1180.0,1204.1703735070478,-24.17037350704777
450106,766.0,710.7117818160691,55.288218183930894
450168,1113.0,1197.5592194092062,-84.55921940920621
450302,840.0,1191.4963412871973,-351.4963412871973
450328,922.0,1002.142036653223,-80.14203665322304
450376,1113.0,1183.5048105760604,-70.50481057606044
450515,905.0,1014.8505733798245,-109.85057337982448
450568,1170.0,1188.5896563160038,-18.58965631600381
450666,695.0,675.0339814598736,19.966018540126356
450709,1055.0,1140.140275687184,-85.14027568718393
450713,1150.0,1074.2955116870646,75.70448831293538
450776,930.0,1141.2735251207378,-211.27352512073776
450950,1230.0,1231.2671881405015,-1.2671881405015029
450972,1035.0,1086.2689555070733,-51.268955507073315
451086,1030.0,1116.8781975079096,-86.87819750790959
451147,1434.0,1187.4381183410792,246.5618816589208
451345,730.0,663.1260930313681,66.8739069686319
451388,771.0,972.6391566854306,-201.63915668543063
451588,900.0,1191.8142387010914,-291.8142387010914
451608,981.0,1185.12913305908,-204.12913305908
451627,725.0,703.8762635981252,21.123736401874794
451731,1070.0,1220.876439698837,-150.87643969883698
451795,695.0,1087.0767243964715,-392.0767243964715
451982,1200.0,1117.6224213233718,82.37757867662822
452053,1310.0,1215.0071732249792,94.99282677502083
452101,940.0,1142.841920627311,-202.84192062731108
452277,1240.0,1159.4375364794607,80.56246352053927
452353,1505.0,1244.6476758177607,260.3523241822393
452492,1014.0,1132.490730197144,-118.4907301971441
452571,1250.0,1079.0540035708682,170.9459964291318
452890,870.0,1016.196047953211,-146.19604795321095
453028,1005.0,1029.7902598078454,-24.79025980784536
453165,1085.0,1190.0288952384806,-105.02889523848057
453252,510.0,680.1636970412499,-170.16369704124986
453466,1390.0,1253.971340720922,136.02865927907806
453478,1205.0,1219.1095250046703,-14.109525004670331
453549,1220.0,1025.1851490466338,194.8148509533662
453556,890.0,1036.4794058152604,-146.4794058152604
453660,700.0,703.6158772653057,-3.6158772653056985
453732,837.0,1076.266484442342,-239.26648444234206
453771,850.0,705.3063529934916,144.6936470065084
453872,1235.0,1158.114510143404,76.885489856596
454081,1045.0,1095.391490997577,-50.391490997576966
454296,920.0,727.9257695084007,192.07423049159934
454302,985.0,1136.543945051083,-151.54394505108303
454326,1157.0,1069.3990665643605,87.60093343563949
454392,580.0,968.0395866900044,-388.0395866900044
454395,1700.0,1253.509932704102,446.4900672958979
454457,884.0,1149.6975913733409,-265.69759137334086
454489,1195.0,1021.3948935447526,173.60510645524744
454592,623.0,739.0525614806141,-116.05256148061414
454735,953.0,1026.7486243319759,-73.74862433197586
455320,949.0,974.1691728827656,-25.169172882765565
455403,1380.0,1247.9428996502588,132.05710034974118
455469,1091.0,1148.396835157263,-57.39683515726301
455516,505.0,584.156287542339,-79.15628754233899
455548,990.0,1151.2713611795766,-161.27136117957662
455569,917.0,732.9773708220039,184.02262917799612
455622,645.0,724.2396695469811,-79.23966954698108
455709,986.0,1096.1765678095355,-110.17656780953553
455825,1150.0,1273.059017310772,-123.0590173107721
455854,945.0,1049.6662000611066,-104.66620006110657
456013,1395.0,1250.166086386186,144.83391361381405
456084,1013.0,1170.2135649708982,-157.21356497089823
456105,1025.0,1111.226732086547,-86.22673208654692
456163,1265.0,1178.975892806797,86.02410719320301
456267,1130.0,1055.5591852703408,74.44081472965922
456301,1010.0,1124.53203995702,-114.53203995702006
456326,585.0,724.1372300788515,-139.13723007885153
456445,1325.0,1150.1985270950215,174.80147290497848
456689,636.0,719.3164809984125,-83.31648099841254
456774,970.0,1036.6834293706909,-66.68342937069087
457294,1069.0,1088.3400639409253,-19.340063940925347
457530,837.0,1021.220751913503,-184.22075191350302
457540,835.0,732.1863959802872,102.81360401971278
457628,486.0,675.5880062527381,-189.58800625273807
457644,600.0,667.0512058093356,-67.05120580933556
457720,620.0,1145.1685298785085,-525.1685298785085
457738,1105.0,1041.282039467419,63.717960532580946
457785,965.0,1131.33766746207,-166.33766746206993
458012,937.0,1051.2870561293087,-114.28705612930867
458109,920.0,969.300519492726,-49.30051949272604
458134,1020.0,1148.233501753742,-128.23350175374208
458430,625.0,730.8045776945456,-105.80457769454563
458476,1000.0,1035.7621196151972,-35.76211961519721
458482,1085.0,1246.1594640108801,-161.15946401088013
458580,747.0,721.103446828627,25.896553171372943
458742,941.0,1029.8740334508036,-88.87403345080361
458800,505.0,690.4061898559278,-185.40618985592778
459049,1085.0,1074.9120162868767,10.087983713123322
459152,1310.0,1253.900474067735,56.099525932264896
459165,833.0,946.3815977480552,-113.38159774805524
459261,893.0,998.7605000433448,-105.76050004334479
459263,1355.0,1201.2995180155056,153.70048198449444
459366,980.0,1153.5250069616868,-173.5250069616868
459427,1130.0,1209.9154925862824,-79.91549258628243
459610,595.0,657.6357876996194,-62.635787699619414
459665,595.0,623.2462639431747,-28.246263943174654
459667,981.0,1110.9589817532005,-129.95898175320053
459689,639.0,1072.089508571158,-433.0895085711579
459778,1260.0,1221.2834697997118,38.71653020028816
459791,870.0,1096.3586824907175,-226.35868249071746
459798,655.0,710.9055408549633,-55.905540854963306
459811,860.0,959.470141081484,-99.47014108148403
459880,710.0,630.1735846707404,79.82641532925959
459977,1232.0,1006.0731055920425,225.92689440795755
460063,1260.0,1290.2463657709718,-30.246365770971806
460199,860.0,1026.5739945143023,-166.57399451430229
460222,940.0,1164.7205928183964,-224.72059281839643
460547,583.0,1030.6076154283633,-447.60761542836326
460603,1120.0,1164.4554340864365,-44.455434086436526
460692,910.0,1255.3797247155167,-345.37972471551666
460722,1240.0,1078.7245023784644,161.27549762153558
460764,1036.0,1160.3909210599224,-124.39092105992245
460767,1292.0,1126.3862640273155,165.61373597268448
460804,850.0,1078.3683901134698,-228.3683901134698
460855,686.0,689.5140747652158,-3.5140747652158097
460890,765.0,730.2014395151973,34.79856048480269
460901,1320.0,1082.4871576524135,237.51284234758646
461020,1465.0,1274.481035269104,190.51896473089596
461091,1165.0,1151.6948810413028,13.305118958697221
461109,470.0,712.1389389870142,-242.13893898701417
461303,1125.0,1246.1652751682968,-121.16527516829683
461334,1055.0,1128.6618592540276,-73.6618592540276
461561,720.0,712.0197844758425,7.980215524157529
461664,816.0,1015.6856300695421,-199.68563006954207
461667,579.0,722.6844495564956,-143.68444955649557
461729,1015.0,1233.2981953504254,-218.29819535042543
461734,1240.0,1164.5649177464143,75.43508225358573
461749,1110.0,1193.6028229159958,-83.60282291599583
461750,1001.0,1053.9091979179123,-52.90919791791225
461862,1630.0,1261.5176455190137,368.48235448098626
461924,1533.0,1245.8769155142554,287.1230844857446
461932,550.0,644.3687331164475,-94.36873311644752
462053,1146.0,1062.031422640809,83.96857735919093
462136,1058.0,935.7173448976268,122.28265510237316
462156,525.0,715.3241143259278,-190.32411432592778
462266,1290.0,1282.6569102777767,7.34308972222334
462315,1080.0,1175.3861086685722,-95.3861086685722
462385,760.0,707.3334575584356,52.66654244156439
462389,1036.0,1062.6115667568652,-26.61156675686516
462540,613.0,710.388906762523,-97.38890676252299
462605,910.0,1130.9008505227835,-220.90085052278346
462871,1135.0,1177.5828463543482,-42.58284635434825
462908,1200.0,1134.8291391171322,65.17086088286783
462951,1220.0,1273.4161163144827,-53.41611631448268
462992,1065.0,1029.232334637968,35.76766536203195
463020,1625.0,1303.134542087004,321.8654579129959
463067,845.0,1116.0480725480604,-271.0480725480604
463186,1078.0,1168.8376332537807,-90.83763325378072
463243,555.0,725.5395146416656,-170.53951464166562
463321,584.0,1087.4865150994099,-503.48651509940987
463349,965.0,1060.5515442590615,-95.55154425906153
463374,945.0,1118.766748149395,-173.76674814939497
463475,845.0,1180.0964948636336,-335.09649486363355
463547,738.0,1079.7819275047923,-341.7819275047923
463552,992.0,1135.6721407518498,-143.67214075184984
463611,1420.0,1243.6935366314563,176.30646336854375
463623,1225.0,1261.838345700816,-36.838345700816035
463697,565.0,700.9126560585795,-135.9126560585795
463729,1090.0,1198.1895445425748,-108.18954454257482
463739,625.0,692.5332158967836,-67.53321589678364
463750,890.0,796.3565652259441,93.64343477405589
463866,1125.0,1220.7269022522355,-95.7269022522355
463883,1085.0,1060.4387173820685,24.56128261793151
464012,555.0,679.2825356753473,-124.28253567534728
464072,585.0,730.8830284603433,-145.88302846034333
464115,1010.0,705.7369526216827,304.2630473783173
464184,810.0,1001.9326017404919,-191.93260174049192
464235,454.0,644.1569071711277,-190.15690717112773
464240,804.0,1066.236550614997,-262.236550614997
464272,900.0,1195.940753469566,-295.94075346956606
464332,550.0,641.5639969478474,-91.56399694784739
464367,634.0,661.3214589382095,-27.321458938209503
464487,944.0,1117.3280051211832,-173.3280051211832
464519,810.0,696.13959168422,113.86040831577998
464532,740.0,750.0079855703677,-10.007985570367737
464551,1350.0,1248.5025895130034,101.49741048699661
464601,660.0,993.1458913776852,-333.1458913776852
464687,771.0,953.2514030986796,-182.2514030986796
464754,1065.0,1271.127623942134,-206.12762394213405
464784,870.0,1056.7664163574677,-186.76641635746773
464869,925.0,1114.0049121961324,-189.0049121961324
464884,1034.0,1007.5167505879494,26.483249412050554
464913,976.0,1033.0217399658875,-57.02173996588749
464963,1213.0,1211.6788600231214,1.3211399768786123
464986,760.0,703.2941744540568,56.705825545943185
465068,1020.0,1192.0693476419017,-172.0693476419017
465120,876.0,1085.7226808570442,-209.72268085704422
465151,660.0,1154.5341636220064,-494.5341636220064
465157,848.0,1090.9102473595021,-242.91024735950214
465183,940.0,1147.7093508628113,-207.70935086281133
465285,709.0,698.3621179409481,10.63788205905189
465355,1150.0,989.4883713328521,160.51162866714787
465374,615.0,673.8910339574124,-58.891033957412446
465398,1030.0,1057.1530521211132,-27.153052121113205
465510,1080.0,1200.5245238226898,-120.52452382268984
465516,1168.0,1171.0023807911507,-3.0023807911506992
465603,792.0,714.1127719106063,77.88722808939372
465694,820.0,1173.96505766234,-353.9650576623401
465741,1080.0,1139.7654800621556,-59.765480062155575
465784,738.0,678.5314780040949,59.46852199590512
465897,635.0,705.686734988616,-70.68673498861597
465959,1210.0,1104.7150540216755,105.28494597832446
465976,365.0,700.6600580552041,-335.6600580552041
465981,1135.0,1170.9332506716166,-35.933250671616634
466026,1389.0,1204.9074360058628,184.0925639941372
466028,903.0,1192.7861142480585,-289.78611424805854
466054,1528.0,1206.2368230783052,321.7631769216948
466064,975.0,1226.7653798632477,-251.76537986324774
466110,937.0,1234.5481741021044,-297.54817410210444
466140,1127.0,1052.9800113604583,74.01998863954168
466180,1027.0,1238.8782704703376,-211.8782704703376
466187,749.0,1093.1940104189496,-344.1940104189496
466276,752.0,702.7349077907409,49.26509220925914
466291,970.0,1106.6301044955987,-136.63010449559874
466359,1058.0,1227.2424596932588,-169.24245969325875
466434,708.0,722.125471942769,-14.125471942768968
466470,1200.0,1252.358077270773,-52.35807727077304
466491,1069.0,1044.704564546887,24.295435453112987
466503,505.0,648.0192449048986,-143.01924490489864
466518,761.0,1093.0489985275353,-332.04899852753533
466551,1470.0,1284.8746056800383,185.12539431996174
466555,665.0,712.7079860117642,-47.707986011764206
466610,655.0,615.7488778824442,39.25112211755584
466635,1223.0,1097.902553316366,125.09744668363396
466663,1310.0,1157.2394678057647,152.76053219423534
466680,1275.0,1184.020460864193,90.97953913580704
466691,1065.0,1044.1513763606017,20.848623639398284
466746,710.0,724.6147955587721,-14.61479555877213
466872,705.0,713.0836877832708,-8.083687783270761
466906,640.0,710.8017692371347,-70.80176923713475
467010,762.0,688.2435834754119,73.75641652458808
467025,1430.0,1086.1093167307324,343.8906832692676
467035,890.0,1176.698792063893,-286.69879206389305
467046,840.0,1012.2602648028154,-172.2602648028154
467058,1030.0,1056.2294760143948,-26.229476014394777
467078,555.0,694.873969649001,-139.87396964900097
467151,1340.0,1269.6378915681241,70.36210843187587
467169,580.0,712.3783507430688,-132.37835074306884
467203,920.0,1278.6339340579427,-358.6339340579427
467242,480.0,717.7836531069308,-237.78365310693084
467269,690.0,1056.967361111892,-366.96736111189193
467275,650.0,739.1362124910856,-89.13621249108564
467297,683.0,1040.9860202234258,-357.98602022342584
467337,1179.0,1151.1988286628678,27.801171337132246
467342,860.0,1126.4066960818127,-266.4066960818127
467382,1110.0,1150.1809011713767,-40.18090117137672
467517,840.0,710.3342894319435,129.6657105680565
467529,959.0,985.9875477450711,-26.987547745071083
467553,940.0,1231.491041286988,-291.4910412869881
467590,960.0,1023.4844288939005,-63.484428893900485
467609,880.0,1168.8361860373927,-288.83618603739274
467660,1051.0,1171.7910360506787,-120.79103605067871
467735,1410.0,1220.067827073079,189.9321729269211
467737,1135.0,1177.0596994623002,-42.05969946230016
467738,1047.0,1210.1960123028505,-163.19601230285048
467834,970.0,1058.083930416796,-88.08393041679597
467846,572.0,659.3427189605454,-87.34271896054543
467855,920.0,1095.9547476567202,-175.9547476567202
467863,1100.0,1150.9552620606655,-50.95526206066552
467865,570.0,660.6708738595458,-90.67087385954585
467914,1200.0,1153.9576486796432,46.04235132035683
467947,1512.0,1266.894306323832,245.1056936761679
468017,1115.0,1179.5545362249438,-64.55453622494383
468057,476.0,719.7361401954138,-243.73614019541378
468086,985.0,1027.5588155386974,-42.558815538697445
468139,940.0,1105.1948361172151,-165.19483611721512
468147,1255.0,1291.696785679953,-36.69678567995311
468200,831.0,1233.7231612271407,-402.72316122714074
468202,914.0,1147.9205369736471,-233.92053697364713
468209,1146.0,1229.2512565577874,-83.25125655778743
468220,890.0,1098.9824842131297,-208.98248421312974
468234,970.0,1127.180280891569,-157.18028089156905
468252,1069.0,1075.8318588388177,-6.831858838817652
468299,824.0,1061.977160314023,-237.97716031402297
468343,1280.0,1234.6101539664953,45.38984603350468
468351,630.0,708.0711956661959,-78.07119566619588
468371,773.0,1107.6757750440204,-334.6757750440204
468390,870.0,1028.9208012420108,-158.92080124201084
468391,1190.0,1199.8579560196483,-9.857956019648327
468395,849.0,1140.0673181513696,-291.0673181513696
468397,1252.0,1160.9953988803359,91.00460111966413
468422,1300.0,1275.4272170544727,24.57278294552725
468431,1380.0,1257.4469261981214,122.55307380187855
468499,515.0,577.4874965782325,-62.48749657823248
468516,1325.0,1113.5393478431067,211.46065215689327
468525,1058.0,1092.133274720959,-34.13327472095898
468562,890.0,1079.9980373862973,-189.99803738629726
468578,675.0,698.4257258927837,-23.425725892783703
468594,1525.0,1245.408117625347,279.5918823746531
468599,645.0,572.9522462326261,72.04775376737393
468634,710.0,672.3665677434016,37.63343225659844
468659,807.0,920.0472547542718,-113.04725475427176
468701,875.0,1095.0611819506373,-220.06118195063732
468702,926.0,1116.7193555461647,-190.7193555461647
468744,1060.0,1132.8621688326455,-72.86216883264547
468754,1125.0,959.3001984139587,165.6998015860413
468764,1365.0,1255.3047711935353,109.69522880646468
468834,610.0,730.1246594484062,-120.12465944840619
468849,600.0,721.2193967559292,-121.21939675592921
468889,724.0,721.1004255365415,2.8995744634585208
468916,1055.0,1213.4435050076113,-158.4435050076113
468992,1160.0,1052.9800113604583,107.01998863954168
468994,580.0,641.8184818197815,-61.81848181978148
469007,439.0,702.8111865410123,-263.81118654101226
469021,544.0,677.1363637761318,-133.13636377613182
469056,535.0,731.9401828334318,-196.94018283343178
469074,1190.0,1208.6625669117398,-18.66256691173976
469093,1179.0,1217.1238072320505,-38.12380723205047
469117,735.0,723.2310113059277,11.768988694072277
469120,944.0,1205.7402617803473,-261.7402617803473
469153,656.0,719.3442321242758,-63.34423212427578
469164,528.0,673.2742296661058,-145.27422966610584
469165,1155.0,1103.9319812654476,51.068018734552425
469175,570.0,712.453621763285,-142.453621763285
469185,1180.0,1222.598861249423,-42.59886124942295
469189,1205.0,1160.4503393359876,44.549660664012436
469221,1003.0,1173.7934491644526,-170.79344916445257
469228,655.0,714.9202601689284,-59.920260168928394
469234,782.0,1186.0043137337386,-404.0043137337386
469267,780.0,1131.2778184994545,-351.2778184994545
469285,481.0,601.3774023649229,-120.37740236492289
469377,617.0,975.5751144623158,-358.5751144623158
469421,1175.0,1038.4844653476625,136.51553465233746
469445,895.0,1035.7591269571985,-140.75912695719853
469452,1110.0,1120.6185885180823,-10.618588518082333
469456,1295.0,1281.6072555728006,13.392744427199432
469483,740.0,672.0172573920422,67.98274260795779
469487,805.0,1162.910082651432,-357.91008265143205
469617,1080.0,1216.8806608550908,-136.8806608550908
469626,1480.0,1186.466960343891,293.53303965610894
469633,670.0,717.1455544377953,-47.14555443779534
469694,1352.0,1157.0038564061304,194.99614359386965
469729,680.0,981.0537905685355,-301.05379056853553
469743,755.0,1069.8882531715408,-314.8882531715408
469753,545.0,609.0830597073599,-64.0830597073599
469803,1490.0,1298.440091825945,191.55990817405495
469840,860.0,686.7096793323428,173.29032066765717
469861,1170.0,1048.0306417900451,121.96935820995486
469877,1305.0,1151.4128390624078,153.58716093759222
469914,650.0,708.6958863378478,-58.69588633784781
469919,868.0,1094.8179005796292,-226.81790057962917
469935,480.0,610.9891988018181,-130.98919880181813
469945,1155.0,1213.39592799874,-58.395927998740035
470003,715.0,931.4452699902325,-216.44526999023253
470060,612.0,713.1158101685028,-101.11581016850278
470112,1000.0,1226.1642603572102,-226.1642603572102
470141,770.0,692.1792172824091,77.82078271759087
470153,1175.0,1159.6991361436042,15.300863856395836
470224,860.0,1107.5189781920208,-247.51897819202077
470247,1265.0,1186.9015949610084,78.09840503899159
470404,615.0,706.0146766703186,-91.01467667031864
470410,1020.0,1245.2612083782712,-225.26120837827125
470428,937.0,1063.4102190220656,-126.41021902206558
470441,297.0,679.0726062169081,-382.07260621690807
470447,661.0,682.0693075709573,-21.069307570957335
470563,1003.0,1203.1222722226178,-200.12227222261777
470635,937.0,1038.8512728417052,-101.85127284170517
470718,588.0,698.2111321622281,-110.21113216222807
470799,965.0,1034.1234839152285,-69.12348391522846
470826,942.0,1233.0905231774266,-291.0905231774266
470829,986.0,1056.840959672607,-70.84095967260691
470847,914.0,1065.4847986841967,-151.48479868419668
470875,959.0,1143.759736075149,-184.75973607514902
470900,440.0,652.1576585964068,-212.1576585964068
470941,985.0,1072.089508571158,-87.08950857115792
470968,845.0,1265.1751537509426,-420.1751537509426
470977,1058.0,1247.5758119685675,-189.57581196856745
471057,870.0,1219.9496614894194,-349.94966148941944
471080,1125.0,1031.2554503763242,93.74454962367577
471092,476.0,618.8977981395768,-142.89779813957682
471119,815.0,690.6116958433036,124.38830415669645
471124,530.0,720.0522974348647,-190.05229743486473
471128,530.0,707.3245715409466,-177.32457154094664
471133,780.0,1186.7512389968113,-406.75123899681125
471134,1213.0,1191.3134316331639,21.686568366836127
471193,705.0,1086.305543322726,-381.30554332272595
471285,1015.0,1111.2720901123892,-96.27209011238915
471302,527.0,980.1181715137182,-453.11817151371815
471321,966.0,1073.0216165448248,-107.02161654482484
471422,1035.0,1249.0541132093856,-214.0541132093856
471426,937.0,1075.398317902228,-138.39831790222797
471432,462.0,1030.6645820304332,-568.6645820304332
471466,882.0,1179.5114837560222,-297.51148375602224
471550,650.0,661.0696819642397,-11.069681964239749
471552,882.0,942.9003365725858,-60.90033657258584
471568,495.0,695.2488736794386,-200.2488736794386
471581,615.0,725.275931246967,-110.27593124696705
471621,1190.0,1170.0133812964689,19.98661870353112
471624,935.0,1118.6557414294462,-183.65574142944615
471636,725.0,1088.743079579646,-363.74307957964606
471681,870.0,1051.8749926870432,-181.87499268704323
471684,685.0,1021.3044581293486,-336.30445812934863
471733,825.0,713.7621466303696,111.23785336963044
471760,1150.0,1222.7250809012676,-72.72508090126757
471797,1010.0,1118.2294017225497,-108.22940172254971
471811,639.0,1020.7548164550578,-381.75481645505783
471995,425.0,620.0784780175654,-195.07847801756543
472021,1047.0,1038.805740752084,8.19425924791608
472053,520.0,631.6661770885378,-111.66617708853778
472091,1065.0,1120.239265523419,-55.23926552341891
472097,1044.0,1028.768937048703,15.231062951296963
472121,1000.0,1065.4399247679285,-65.43992476792846
472128,708.0,713.8812179259129,-5.8812179259128925
472190,1065.0,1098.4459030967048,-33.4459030967048
472313,1160.0,1202.5265230318594,-42.52652303185937
472399,740.0,1091.7455858216254,-351.74558582162535
472431,630.0,646.1211722516814,-16.1211722516814
472456,1241.0,1142.375301962934,98.62469803706608
472483,1170.0,1216.6420959478876,-46.64209594788758
472501,915.0,1005.7615592746946,-90.7615592746946
472527,1155.0,1160.6732164904672,-5.673216490467212
472531,1202.0,1177.7373974436018,24.26260255639818
472551,1180.0,1142.0992397426783,37.900760257321735
472572,590.0,653.7076302911696,-63.70763029116961
472676,539.0,609.3583385684944,-70.35833856849445
472726,1210.0,1251.8169088957957,-41.81690889579568
472765,680.0,712.3797460769377,-32.37974607693775
472826,1072.0,1058.8225409231886,13.177459076811374
472906,1023.0,1111.412590448923,-88.41259044892308
472938,585.0,718.0465442256298,-133.04654422562976
472966,1425.0,1218.4481194932298,206.5518805067702
472969,500.0,720.4648587944992,-220.46485879449915
472983,871.0,985.3953543758419,-114.39535437584186
473026,520.0,692.5460834381869,-172.54608343818688
473040,535.0,681.840731107093,-146.840731107093
473084,738.0,1071.4938835416556,-333.4938835416556
473124,970.0,1075.14635145591,-105.14635145591001
473145,901.0,1133.0144114962686,-232.01441149626862
473163,948.0,996.6980788125343,-48.69807881253428
473193,1315.0,1204.562946573492,110.4370534265081
473275,985.0,985.3796418729678,-0.3796418729677953
473316,835.0,1004.1897593864222,-169.18975938642222
473318,1000.0,717.2322482089938,282.76775179100616
473361,705.0,939.4583661491457,-234.45836614914572
473404,1375.0,1224.4247558426764,150.5752441573236
473469,650.0,668.6901136514472,-18.690113651447177
473494,590.0,628.1037670304958,-38.10376703049576
473540,682.0,981.5451635042938,-299.5451635042938
473542,855.0,1151.75006669579,-296.7500666957901
473568,715.0,694.6260220619758,20.373977938024154
473613,1179.0,1178.8274067174373,0.17259328256272966
473623,1280.0,1224.2820368241162,55.717963175883824
473633,735.0,664.7854521710003,70.21454782899968
473698,800.0,1141.709722953962,-341.709722953962
473736,660.0,722.9716108843207,-62.97161088432074
473784,760.0,990.390392017724,-230.39039201772403
473814,1365.0,1268.8605562386706,96.1394437613294
473818,1295.0,1154.6088122225785,140.39118777742146
473821,1140.0,1237.3593338288636,-97.35933382886356
473844,608.0,974.2356272150371,-366.2356272150371
473863,575.0,660.7238884357334,-85.72388843573344
473896,770.0,942.1202829724907,-172.1202829724907
473902,1070.0,1215.1596247054888,-145.1596247054888
473925,1420.0,1218.9855534727155,201.01444652728446
473930,1061.0,1208.2136404419368,-147.21364044193683
473953,865.0,1116.5303603178115,-251.53036031781153
473963,780.0,749.6475397701392,30.352460229860753
473985,1435.0,1224.21609499534,210.78390500466003
473992,895.0,993.4313022604821,-98.43130226048208
474068,760.0,1127.831460800364,-367.8314608003641
474069,1010.0,1009.944066336198,0.05593366380196585
474110,672.0,928.8385289951237,-256.83852899512374
474147,600.0,617.7487277377245,-17.748727737724494
474159,990.0,1075.4490813604177,-85.44908136041772
474166,1465.0,1232.8051568258606,232.19484317413935
474176,525.0,651.1858984303127,-126.1858984303127
474198,770.0,728.0296874110967,41.97031258890331
474330,1075.0,1039.7806383670288,35.219361632971186
474439,1312.0,1208.3796085230563,103.62039147694372
474487,1301.0,1078.3174569340028,222.68254306599715
474493,531.0,701.3071035821058,-170.3071035821058
474601,531.0,689.2746125524137,-158.2746125524137
474647,930.0,1011.01971620439,-81.01971620438997
474705,820.0,1047.6070469665242,-227.6070469665242
474711,1100.0,1260.1446150906288,-160.1446150906288
474719,730.0,1171.9437920670282,-441.9437920670282
474723,794.0,993.1278185570449,-199.12781855704486
474833,870.0,1191.0378393987185,-321.03783939871846
474929,520.0,655.3665086318338,-135.36650863183377
474991,457.0,647.3090036169019,-190.30900361690192
474994,834.0,1065.2216718554018,-231.22167185540184
475008,1485.0,1151.1493964594843,333.85060354051575
475015,425.0,1199.8816762684685,-774.8816762684685
475023,1205.0,1150.701375587695,54.29862441230489
475028,605.0,627.544098840854,-22.544098840853962
475063,715.0,705.3084308206104,9.691569179389603
475070,672.0,684.3024254459533,-12.302425445953304
475100,510.0,712.3360024455977,-202.33600244559773
475108,860.0,1223.6168242209308,-363.61682422093077
475140,960.0,1048.4268156788269,-88.42681567882687
475177,765.0,716.5463637386629,48.453636261337124
475181,1120.0,1048.295716484681,71.70428351531905
475198,660.0,989.7559831687109,-329.75598316871094
475278,1085.0,1056.2091178899025,28.790882110097527
475289,1047.0,1162.0237828922934,-115.02378289229341
475342,1060.0,1216.523512571714,-156.52351257171404
475431,440.0,672.8995127258734,-232.89951272587336
475442,520.0,672.7765209315604,-152.7765209315604
475443,1122.0,1122.8803516711798,-0.8803516711798238
475499,727.0,995.4330878535864,-268.43308785358636
475740,763.0,725.3608220887866,37.63917791121344
475766,540.0,706.2773548624561,-166.27735486245615
475808,705.0,1071.8457450767162,-366.8457450767162
475833,945.0,985.7923268783502,-40.792326878350195
475847,1160.0,1109.3122623615577,50.687737638442286
475850,570.0,724.4270821489625,-154.42708214896254
475914,950.0,1203.2802407981203,-253.2802407981203
475957,940.0,1163.6654121933536,-223.66541219335363
475966,1015.0,1183.5374792977896,-168.53747929778956
475971,600.0,697.8507791372805,-97.85077913728048
475973,683.0,1071.971284827828,-388.97128482782796
475985,1014.0,1012.443348078728,1.556651921271964
476001,770.0,1078.649791436424,-308.64979143642404
476033,885.0,1058.8933554213456,-173.89335542134563
476035,1023.0,1098.396542089327,-75.39654208932711
476050,965.0,1001.3531605146599,-36.35316051465986
476065,738.0,1005.1592282050506,-267.15922820505057
476105,1355.0,1230.1999853040918,124.8000146959082
476150,1080.0,1114.7831272847095,-34.78312728470951
476161,760.0,596.3144782665865,163.68552173341345
476178,516.0,1095.3445454440061,-579.3445454440061
476187,1069.0,1256.6129980344194,-187.61299803441943
476229,1003.0,1145.2845104572518,-142.28451045725183
476233,1133.0,1102.616115763277,30.383884236722906
476245,1157.0,1119.8332984655847,37.166701534415324
476372,790.0,1072.6071033540852,-282.6071033540852
476429,1505.0,1239.4250193930297,265.57498060697026
476454,1180.0,1270.2222735610003,-90.22227356100029
476554,1006.0,1015.3286750970722,-9.328675097072164
476555,895.0,993.7112565012478,-98.71125650124782
476625,562.0,667.1917888739824,-105.19178887398243
476655,791.0,999.8550136490719,-208.8550136490719
476694,913.0,1119.5190983857715,-206.51909838577149
476772,600.0,1070.0773032879767,-470.07730328797675
476940,925.0,1143.824819000488,-218.8248190004881
476958,1065.0,1086.6795354093526,-21.67953540935264
477006,647.0,716.6950808605241,-69.69508086052406
477024,1445.0,1214.7693230593131,230.23067694068686
477035,1135.0,1002.3056762983055,132.69432370169454
477073,518.0,696.7472440246877,-178.7472440246877
477084,1090.0,1118.8743954203637,-28.874395420363726
477174,1157.0,1016.1855640176859,140.81443598231408
477236,565.0,725.8346241501943,-160.83462415019426
477263,1030.0,1163.1443584395386,-133.14435843953856
477278,950.0,1055.9734534413606,-105.97345344136056
477292,944.0,977.2257822165478,-33.22578221654783
477323,810.0,1229.7177558125697,-419.71775581256975
477370,595.0,715.8712969854427,-120.87129698544265
477384,850.0,896.3329088379234,-46.332908837923355
477436,1585.0,1148.5586849188826,436.4413150811174
477455,565.0,727.2010519608355,-162.20105196083546
477489,965.0,1183.5989210828232,-218.59892108282315
477526,540.0,650.7953142522107,-110.79531425221069
477608,704.0,956.6131035370988,-252.61310353709882
477617,1130.0,1197.911713181464,-67.91171318146394
477736,670.0,705.9326112033015,-35.93261120330146
477758,519.0,630.2577247352888,-111.25772473528878
477818,893.0,1062.7887007250472,-169.7887007250472
477823,733.0,596.4571515383025,136.54284846169753
477906,506.0,657.174935571063,-151.17493557106297
477908,775.0,1025.667996011549,-250.6679960115489
477917,760.0,716.4555880553645,43.5444119446355
477938,842.0,997.9328685021028,-155.9328685021028
477949,1210.0,1184.4358247056762,25.56417529432383
477982,769.0,701.5044241502857,67.49557584971433
477999,1422.0,1094.2254853565612,327.7745146434388
478044,785.0,674.6606622327681,110.33933776723188
478077,915.0,1068.3702118086817,-153.3702118086817
478125,1120.0,1150.3433477332335,-30.343347733233486
478131,915.0,1028.3637731526605,-113.36377315266054
478160,610.0,719.5567247959283,-109.55672479592829
478166,1175.0,1252.0228960259772,-77.02289602597716
478187,890.0,1077.7477283545452,-187.7477283545452
478234,1030.0,1255.6402521078523,-225.64025210785235
478304,870.0,1005.2751112310906,-135.2751112310906
478312,683.0,1055.0110539987584,-372.01105399875837
478342,1130.0,1227.5141735765608,-97.51417357656078
478355,620.0,692.4390641392946,-72.4390641392946
478398,1150.0,1194.477143638952,-44.47714363895193
478424,1385.0,1216.56323244348,168.43676755651995
478443,900.0,1048.860198562305,-148.86019856230496
478462,1000.0,1149.7303335825823,-149.73033358258226
478474,1458.0,1256.4254320447567,201.5745679552433
478486,940.0,1105.1809352905018,-165.1809352905018
478490,536.0,716.2914055937008,-180.2914055937008
478498,345.0,685.4360285685199,-340.4360285685199
478513,770.0,717.5963774950073,52.403622504992654
478540,1037.0,1187.7287227703227,-150.72872277032275
478542,965.0,745.3235113057486,219.67648869425136
478684,890.0,1204.7144225892305,-314.7144225892305
478722,1135.0,1057.7093275652076,77.29067243479244
478734,1475.0,1244.2788183325881,230.72118166741188
478783,908.0,1073.2035575731902,-165.2035575731902
478800,620.0,671.48892297844,-51.48892297843997
478824,970.0,1240.0650308888348,-270.0650308888348
478904,606.0,700.9518936930795,-94.95189369307946
478949,973.0,1050.8788380418732,-77.87883804187322
479023,564.0,736.2888729173652,-172.2888729173652
479088,1110.0,1186.5368280614193,-76.53682806141933
479176,1280.0,1195.3921089829878,84.60789101701221
479206,1090.0,1253.4524044925377,-163.45240449253765
479212,600.0,942.4773990614325,-342.4773990614325
479240,837.0,1003.2670070859646,-166.26700708596456
479256,926.0,1066.111372604094,-140.11137260409396
479275,1160.0,1126.9350807542912,33.06491924570878
479406,1310.0,1209.9753944968702,100.0246055031298
479426,1010.0,1138.0283137442777,-128.02831374427774
479491,960.0,1242.0134812076258,-282.0134812076258
479495,1320.0,1205.276466957237,114.72353304276294
479508,390.0,626.9976999499245,-236.99769994992448
479533,1205.0,1231.7792413835848,-26.779241383584804
479539,945.0,1146.4184605843016,-201.41846058430156
479600,1090.0,1228.4717696308558,-138.47176963085576
479605,550.0,644.9555631573553,-94.9555631573553
479613,1380.0,1254.815336470292,125.1846635297079
479614,1130.0,1147.4038452744855,-17.403845274485548
479621,665.0,981.6176084961528,-316.6176084961528
479654,1030.0,1120.9982776001007,-90.99827760010066
479709,1025.0,1079.798818753128,-54.79881875312799
479739,840.0,1009.8311491127736,-169.83114911277357
479748,850.0,1111.095510764594,-261.0955107645941
479806,1010.0,1296.5448954102355,-286.54489541023554
479861,1530.0,1235.961698942817,294.03830105718293
479881,970.0,938.8307033640793,31.16929663592066
479903,645.0,648.802417057721,-3.802417057720959
479935,850.0,1074.412886137506,-224.4128861375059
479942,640.0,667.9468840918989,-27.946884091898937
480053,450.0,622.4951186974123,-172.4951186974123
480064,1020.0,1247.8795441191653,-227.8795441191653
480070,470.0,590.7408942947084,-120.74089429470837
480102,820.0,1147.5483637011557,-327.5483637011557
480175,790.0,973.978899678772,-183.978899678772
480179,890.0,1004.2945417306196,-114.29454173061958
480182,1325.0,1187.960677519338,137.0393224806619
480192,695.0,1088.0880093751814,-393.0880093751814
480239,689.0,722.5338357553655,-33.533835755365544
480311,1029.0,1208.4420518150052,-179.44205181500524
480318,650.0,716.4241748269868,-66.42417482698681
480345,705.0,932.573626082945,-227.573626082945
480365,811.0,1063.694726164855,-252.69472616485496
480429,955.0,1013.6393187881981,-58.639318788198125
480479,1235.0,1109.714277402955,125.28572259704492
480561,1280.0,1203.8072321773584,76.1927678226416
480577,948.0,1088.3961566318894,-140.39615663188943
480582,860.0,1100.4196900646284,-240.4196900646284
480606,620.0,744.3130226215873,-124.31302262158727
480683,610.0,671.4577761958088,-61.45777619580883
480725,352.0,602.7352327809722,-250.73523278097218
480729,1660.0,1249.745998014905,410.2540019850951
480930,1000.0,1240.0092698661624,-240.0092698661624
480944,950.0,1205.4156977559899,-255.41569775598987
480996,1005.0,1141.2107610185408,-136.21076101854078
481077,1585.0,1269.5762710462411,315.4237289537589
481115,545.0,692.4541129888057,-147.45411298880572
481172,555.0,674.7869173608632,-119.78691736086319
481176,420.0,654.2163641844251,-234.21636418442506
481194,1140.0,1220.2293415054005,-80.2293415054005
481371,1305.0,1241.1070162204298,63.89298377957016
481387,940.0,1077.5572743796845,-137.5572743796845
481431,997.0,1078.042410328943,-81.0424103289431
481447,910.0,1159.4154972697197,-249.4154972697197
481711,491.0,572.5018431921643,-81.5018431921643
481725,685.0,701.3754226468717,-16.375422646871698
481737,868.0,1156.9015980952465,-288.9015980952465
481757,1102.0,1190.2004946206707,-88.20049462067072
481764,1210.0,1178.661604845285,31.338395154715045
481805,555.0,708.4943172829705,-153.49431728297054
481839,473.0,671.6656143639186,-198.66561436391862
481882,701.0,668.1650256447082,32.83497435529182
481883,1110.0,1185.8718747440978,-75.8718747440978
481917,815.0,686.2673639484248,128.73263605157524
481959,1470.0,1257.621338327907,212.3786616720929
482010,522.0,723.6197865638958,-201.6197865638958
482048,1070.0,1135.9650507319059,-65.96505073190588
482188,929.0,1112.382789859105,-183.38278985910506
482190,975.0,1138.7264023925763,-163.72640239257635
482324,1160.0,1232.4776072870707,-72.47760728707067
482338,1062.0,1085.2203808539268,-23.220380853926827
482343,665.0,685.2981560347503,-20.298156034750264
482371,470.0,716.0636685772853,-246.06366857728528
482397,925.0,1269.0064969507052,-344.00649695070524
482404,1160.0,1223.246008477333,-63.24600847733291
482450,1040.0,1032.7126074084326,7.287392591567368
482513,1150.0,1246.7567981275733,-96.75679812757335
482517,645.0,1159.642309864593,-514.642309864593
482593,540.0,707.3334575584356,-167.3334575584356
482632,440.0,647.4971574024653,-207.4971574024653
482666,985.0,1188.044841562227,-203.04484156222702
482711,625.0,701.102419913406,-76.10241991340604
482741,1048.0,1083.4408671417207,-35.44086714172067
482744,945.0,1016.547344766665,-71.54734476666499
482866,940.0,1133.5173982415079,-193.51739824150786
482945,1224.0,1209.3083946435715,14.691605356428454
482958,893.0,1042.2771737993912,-149.27717379939122
483075,844.0,1020.7593502256016,-176.75935022560157
483106,1120.0,1233.4262395846272,-113.42623958462718
483150,970.0,1132.8313623409206,-162.83136234092058
483204,1160.0,1120.5266545533946,39.473345446605435
483228,480.0,650.862155854825,-170.862155854825
483254,985.0,1036.3202868031394,-51.320286803139425
483266,1102.0,997.4047095577569,104.59529044224314
483288,980.0,1237.060766040197,-257.060766040197
483338,848.0,899.3822351573659,-51.382235157365926
483339,600.0,676.064914670821,-76.06491467082105
483449,825.0,1081.896697793556,-256.8966977935561
483456,865.0,701.7341743112191,163.26582568878086
483493,1290.0,1228.5030407536992,61.496959246300776
483500,535.0,666.821451825372,-131.82145182537204
483515,550.0,689.914691827432,-139.91469182743197
483557,575.0,732.757724399612,-157.75772439961202
483576,980.0,1237.5720726266602,-257.5720726266602
483593,608.0,724.5261587415487,-116.52615874154867
483595,650.0,681.8832861552168,-31.88328615521675
483626,960.0,1210.0997610793706,-250.09976107937064
483651,675.0,656.5728843039942,18.427115696005785
483689,635.0,708.8755406540726,-73.87554065407255
483751,1010.0,1081.0320167263778,-71.03201672637783
483804,948.0,1082.6078138833668,-134.60781388336682
483848,570.0,694.4512781590165,-124.45127815901651
483893,1060.0,1078.1936017097198,-18.193601709719815
484019,1430.0,1296.5398481712075,133.4601518287925
484074,385.0,604.538777557149,-219.53877755714905
484075,470.0,652.6758182308606,-182.6758182308606
484120,680.0,1132.363151905,-452.363151905
484138,1275.0,1139.836261623021,135.16373837697893
484166,1370.0,1287.8252721660765,82.1747278339235
484217,1140.0,1294.7280941131537,-154.7280941131537
484287,464.0,649.3758487606185,-185.3758487606185
484339,1330.0,1131.8445917944973,198.15540820550268
484372,1060.0,1145.6582998964184,-85.65829989641838
484424,595.0,671.7906694780919,-76.7906694780919
484464,615.0,685.9618992243876,-70.9618992243876
484528,885.0,1126.2389978270528,-241.2389978270528
484596,830.0,1041.4675799889335,-211.4675799889335
484646,750.0,729.9697354803886,20.030264519611364
484673,1180.0,1239.1900577951972,-59.19005779519716
484709,907.0,1235.4695573236213,-328.4695573236213
484773,760.0,1033.5116953009972,-273.5116953009972
484818,1470.0,1307.7705621253551,162.22943787464487
484849,1220.0,1110.7111261792465,109.28887382075345
484856,696.0,713.1629483964664,-17.16294839646639
484881,950.0,1149.3393082044577,-199.33930820445767
484987,649.0,654.8230337452461,-5.823033745246107
485035,933.0,1093.8269160295201,-160.82691602952013
485081,1042.0,1179.5916438950976,-137.5916438950976
485114,685.0,986.4871163611456,-301.4871163611456
485117,824.0,1074.0772079573246,-250.07720795732462
485219,700.0,676.7577701500768,23.242229849923206
485340,1010.0,1220.2375465642563,-210.23754656425626
485349,530.0,616.3936958072642,-86.39369580726418
485385,1091.0,1066.9860646324132,24.013935367586782
485450,915.0,1160.884332568167,-245.8843325681671
485460,1020.0,1173.4085688728933,-153.40856887289328
485500,950.0,1232.5068619500091,-282.5068619500091
485502,715.0,675.89987574147,39.100124258529945
485553,655.0,638.423701715603,16.576298284397012
485576,850.0,1209.8316969391046,-359.83169693910463
485582,535.0,718.3398893203249,-183.33988932032491
485814,860.0,732.6781382086994,127.32186179130065
485839,715.0,750.3864386129484,-35.38643861294838
485845,1220.0,1250.9675523485694,-30.96755234856937
485951,515.0,603.4298579569199,-88.42985795691993
486011,605.0,709.330446056768,-104.33044605676798
486047,610.0,720.2206030710315,-110.22060307103152
486183,1130.0,1154.9382976609195,-24.93829766091949
486194,510.0,622.9379436266111,-112.93794362661106
486415,1154.0,1237.4941214122637,-83.49412141226367
486448,835.0,1080.6481268072669,-245.64812680726686
486454,1160.0,1190.7273851882449,-30.727385188244853
486506,1365.0,1173.4222540630951,191.57774593690488
486565,615.0,702.4319961522483,-87.4319961522483
486664,480.0,1042.7699182428323,-562.7699182428323
486699,575.0,647.8843796940607,-72.88437969406073
486762,551.0,668.241112662866,-117.24111266286604
486777,495.0,665.7349597309496,-170.73495973094964
486791,594.0,682.0624679778402,-88.06246797784024
486885,810.0,1194.3929265940853,-384.39292659408534
486901,540.0,647.3102095602619,-107.31020956026191
486906,550.0,753.5052122890812,-203.50521228908121
487101,1115.0,1208.7194315333768,-93.71943153337679
487125,711.0,708.8738582776906,2.1261417223093986
487134,610.0,756.0452460997933,-146.0452460997933
487151,1330.0,1127.8069798193162,202.1930201806838
487199,1036.0,1139.2577506234538,-103.25775062345383
487205,915.0,1199.9149126350346,-284.9149126350346
487215,640.0,710.1630934813501,-70.16309348135007
487225,951.0,1149.8917416862503,-198.89174168625027
487272,1070.0,1161.795318322518,-91.79531832251791
487310,917.0,1205.2908858671926,-288.2908858671926
487313,825.0,978.5496131409944,-153.54961314099444
487386,1090.0,1164.1180712928888,-74.11807129288877
487495,1310.0,1242.7336315173886,67.26636848261137
487519,778.0,955.8797032278333,-177.87970322783326
487526,643.0,719.1681822037623,-76.16818220376229
487574,545.0,657.2172276252409,-112.21722762524087
487581,885.0,976.1205976536586,-91.12059765365859
487600,545.0,660.720888537509,-115.72088853750904
487649,640.0,702.1796353154667,-62.179635315466726
487708,880.0,1001.5323580173831,-121.5323580173831
487802,506.0,671.2024859549335,-165.20248595493354
487870,766.0,1138.2540251370965,-372.2540251370965
487885,690.0,1137.362020390038,-447.36202039003797
487932,870.0,986.883993353707,-116.88399335370696
487962,885.0,1028.7612837100653,-143.7612837100653
487987,560.0,605.9056124338346,-45.90561243383456
488007,950.0,1079.9678892734703,-129.9678892734703
488094,772.0,690.952799963099,81.04720003690102
488107,920.0,990.3723004651812,-70.37230046518118
488190,990.0,1212.1360967729165,-222.13609677291652
488195,1003.0,1228.4506564863584,-225.4506564863584
488201,860.0,1153.0277719753844,-293.02777197538444
488211,571.0,702.1554600922245,-131.15546009222453
488229,1315.0,1197.6280017145662,117.37199828543385
488253,560.0,705.0560276402035,-145.05602764020352
488280,940.0,1124.3022882357127,-184.3022882357127
488293,1330.0,1155.898885074297,174.1011149257031
488306,585.0,677.751310743051,-92.75131074305102
488432,1047.0,1121.9138632666818,-74.9138632666818
488480,490.0,654.8380027726137,-164.83800277261366
488490,937.0,1021.196811912239,-84.19681191223901
488570,600.0,745.159904216502,-145.159904216502
488593,715.0,710.6505697618016,4.349430238198352
488628,845.0,1155.5894993349455,-310.58949933494546
488643,738.0,948.0581044165076,-210.0581044165076
488667,1290.0,1151.1142093254532,138.8857906745468
488722,1115.0,1141.3004896697112,-26.30048966971117
488749,570.0,679.7748841462015,-109.77488414620154
488760,915.0,1002.3673134225708,-87.36731342257076
488801,640.0,677.705107794004,-37.70510779400399
488835,1120.0,1245.9451710953897,-125.9451710953897
488857,370.0,690.9321896740756,-320.93218967407563
488914,736.0,1030.5219492942708,-294.5219492942708
488962,660.0,699.0059410917794,-39.00594109177939
489033,1065.0,1205.9722576931322,-140.97225769313218
489083,345.0,650.7730826205815,-305.7730826205815
489087,870.0,1205.5363998768678,-335.5363998768678
489144,1355.0,1255.882772724378,99.1172272756221
489183,1180.0,1182.81524031206,-2.815240312060041
489249,1010.0,984.5212586924578,25.478741307542236
489329,968.0,1075.713277718293,-107.71327771829306
489408,378.0,664.8434609029193,-286.84346090291933
489452,900.0,1083.6609126953915,-183.66091269539152
489491,830.0,672.9231456226765,157.07685437732346
489572,533.0,712.7622194702582,-179.76221947025817
489581,981.0,1063.7504400435705,-82.7504400435705
489607,734.0,713.6847042512674,20.315295748732638
489659,735.0,744.2002504678748,-9.200250467874753
489674,820.0,1076.8410827568807,-256.8410827568807
489763,1334.0,1057.5734844349984,276.42651556500164
489833,637.0,587.3455922278005,49.654407772199534
489905,690.0,676.6593646179947,13.340635382005303
489931,625.0,688.8947000800425,-63.894700080042526
489932,920.0,1067.147598597647,-147.14759859764695
489966,1340.0,1226.198218449772,113.80178155022804
490025,935.0,1157.6773125021211,-222.67731250212114
490117,820.0,1108.8123691585615,-288.8123691585615
490130,845.0,1272.9904518959643,-427.99045189596427
490222,680.0,705.9200848465539,-25.92008484655389
490310,960.0,1243.5239258851254,-283.52392588512544
490469,845.0,1114.0559788588646,-269.0559788588646
490501,645.0,700.352369386598,-55.35236938659796
490540,550.0,717.4494856974534,-167.44948569745338
490580,789.0,1076.8143210607168,-287.8143210607168
490614,955.0,995.5595510994292,-40.5595510994292
490637,782.0,1030.6076154283633,-248.60761542836326
490702,580.0,691.0504851955299,-111.05048519552986
490738,660.0,669.0913787035413,-9.091378703541295
490766,837.0,1215.4859868077897,-378.4859868077897
490937,1558.0,1229.4971804999007,328.50281950009935
491040,904.0,1108.757503526694,-204.7575035266941
491059,1155.0,1130.0987570742082,24.90124292579185
491069,1180.0,1292.6301694417903,-112.63016944179026
491075,585.0,728.1692863382156,-143.16928633821556
491093,616.0,715.1296374564085,-99.12963745640855
491105,745.0,1057.4225275113868,-312.42252751138676
491112,790.0,996.326159461262,-206.32615946126202
491129,910.0,1120.8816659078593,-210.88166590785931
491151,793.0,1124.9849725962165,-331.9849725962165
491237,686.0,690.6109759726028,-4.610975972602773
491444,546.0,656.6396419746065,-110.63964197460655
491453,730.0,720.761598149473,9.238401850526998
491466,1062.0,1000.2912152764409,61.70878472355912
491501,650.0,627.6151187673481,22.38488123265188
491759,1405.0,1142.5377166688188,262.4622833311812
491771,900.0,1139.5036196202773,-239.50361962027728
491885,1003.0,1114.135329733891,-111.13532973389101
491886,610.0,624.6305135204757,-14.630513520475688
491938,585.0,732.0722934783969,-147.0722934783969
491996,890.0,1074.3884969943488,-184.38849699434877
492010,685.0,665.6381537423939,19.36184625760609
492014,870.0,1232.5344841379392,-362.5344841379392
492152,546.0,726.3074493881026,-180.30744938810255
492378,780.0,704.6280787901377,75.37192120986231
492422,1345.0,1233.4439494703659,111.55605052963415
492443,480.0,1014.7846490254117,-534.7846490254117
492535,1180.0,1088.9824784659545,91.0175215340455
492537,465.0,695.0771426452022,-230.07714264520223
492552,690.0,702.9678192771746,-12.967819277174613
492629,1065.0,1200.8549731315618,-135.8549731315618
492669,705.0,1064.0853230682058,-359.08532306820575
492683,900.0,1090.2264407201217,-190.22644072012167
492721,600.0,691.853045855829,-91.85304585582901
492806,545.0,603.4508953767013,-58.45089537670128
492810,535.0,671.4805388505404,-136.48053885054037
492845,1315.0,1258.6432672068388,56.3567327931612
492922,870.0,718.0148463147231,151.98515368527694
492996,970.0,1021.6169377827918,-51.61693778279175
493039,685.0,731.3977779339575,-46.397777933957514
493082,620.0,686.4443753869606,-66.44437538696059
493098,975.0,1139.0157944418563,-164.01579444185631
493110,710.0,1117.4306854692634,-407.4306854692634
493111,570.0,665.0856178488299,-95.08561784882988
493123,1475.0,1247.8467524381576,227.15324756184236
493179,1130.0,1199.8222387275582,-69.82223872755822
493209,473.0,736.4840165561258,-263.48401655612577
493214,610.0,697.05210195281,-87.05210195280995
493284,495.0,669.0090845122937,-174.00908451229373
493404,660.0,721.7048771886178,-61.70487718861784
493430,870.0,975.3093050134192,-105.30930501341925
493543,515.0,660.7145020162799,-145.71450201627988
493660,1490.0,1237.778690076199,252.22130992380107
493676,1113.0,1191.7915102176544,-78.79151021765438
493716,1240.0,1124.5370641364507,115.46293586354932
493728,1028.0,1023.2070023079773,4.792997692022709
493785,1360.0,1157.9132938256641,202.08670617433586
493795,1151.0,1169.9572257743034,-18.957225774303424
493832,934.0,720.197128609342,213.80287139065797
493862,907.0,719.9686395885052,187.0313604114948
493868,1020.0,1192.5047483480623,-172.50474834806232
493873,1105.0,995.9072164270314,109.09278357296864
493876,1093.0,1020.2173622850074,72.78263771499257
493909,782.0,725.6239147229895,56.376085277010475
493926,615.0,655.951593536379,-40.95159353637905
493938,700.0,671.3924292086707,28.607570791329294
493953,506.0,679.9799694129679,-173.97996941296788
494011,630.0,753.657917891154,-123.65791789115406
494012,1210.0,1134.0898986327163,75.91010136728369
494019,1115.0,1154.8993680006859,-39.899368000685854
494033,595.0,704.3488080590571,-109.34880805905709
494070,890.0,1123.221220488184,-233.22122048818392
494144,560.0,701.6834231111657,-141.68342311116567
494233,553.0,624.9990309395315,-71.99903093953151
494267,1087.0,1134.9527868889124,-47.95278688891244
494305,1105.0,1246.0422075850538,-141.0422075850538
494310,585.0,727.5284408175845,-142.5284408175845
494462,1098.0,1204.2491647709567,-106.24916477095667
494500,937.0,1010.955570836077,-73.95557083607696
494680,870.0,1044.834630221532,-174.83463022153205
494688,1433.0,1214.8992579423364,218.10074205766364
494723,680.0,729.6722421417337,-49.672242141733705
494731,692.0,961.1413123335997,-269.14131233359967
494757,855.0,1055.932019491018,-200.93201949101808
494775,410.0,692.3125505986656,-282.31255059866555
494807,1050.0,1065.3871422424352,-15.387142242435175
494834,1025.0,961.2567399870827,63.74326001291729
494930,740.0,993.5065870826635,-253.5065870826635
494966,694.0,690.0559674668366,3.9440325331634085
494977,960.0,1079.172991748948,-119.1729917489481
494985,1036.0,1104.6162578599476,-68.61625785994761
494990,1130.0,1061.7716244358762,68.22837556412378
495048,1200.0,1234.6383296132713,-34.63832961327125
495091,1010.0,1254.753436506281,-244.7534365062811
495274,1235.0,1220.9195772269443,14.080422773055716
495288,418.0,686.1387469772619,-268.1387469772619
495294,885.0,1100.5998278154375,-215.5998278154375
495377,725.0,1217.294551296526,-492.2945512965259
495681,948.0,1176.5409367100312,-228.54093671003125
495751,870.0,1125.6226997281703,-255.62269972817035
495866,521.0,660.4623478456784,-139.46234784567844
495940,525.0,663.7779293426266,-138.77792934262663
495982,800.0,1142.7279078013198,-342.7279078013198
496035,795.0,1071.6574400459958,-276.6574400459958
496096,1225.0,1158.1299932314041,66.87000676859589
496132,1260.0,1292.8381513520042,-32.83815135200416
496140,630.0,698.5113799582934,-68.51137995829345
496144,695.0,1044.7844024261528,-349.78440242615284
496223,630.0,1146.6811417319484,-516.6811417319484
496315,860.0,1021.7073007741543,-161.7073007741543
496377,1595.0,1187.3673719582716,407.63262804172837
496411,430.0,716.1831234549271,-286.1831234549271
496429,750.0,691.3195092893948,58.68049071060523
496440,920.0,1219.6766775051626,-299.6766775051626
496474,1060.0,1227.346548794627,-167.3465487946271
496584,760.0,982.0784027000927,-222.07840270009274
496599,872.0,1069.8256237401217,-197.82562374012173
496626,537.0,651.6873767099556,-114.68737670995563
496906,553.0,698.3508758708354,-145.35087587083535
497147,475.0,609.4584987819563,-134.45849878195634
497226,1275.0,1228.303994257905,46.69600574209494
497242,395.0,617.8308127080257,-222.83081270802575
497281,1250.0,1274.2631752744592,-24.263175274459172
497299,450.0,667.0046452232123,-217.00464522321226
497338,1455.0,1251.9920849021191,203.00791509788087
497411,754.0,1091.5983784202335,-337.59837842023353
497553,705.0,1050.5653617203907,-345.5653617203907
497573,705.0,688.909862562918,16.090137437082035
497589,935.0,1234.549916585839,-299.5499165858389
497609,1228.0,1204.5191508829312,23.48084911706883
497615,985.0,1102.142929302538,-117.14292930253805
497616,1140.0,1152.4552376351044,-12.455237635104368
497625,992.0,1093.571407794877,-101.5714077948769
497658,660.0,692.1552456386162,-32.15524563861618
497760,1110.0,1162.96099440586,-52.96099440585999
497826,560.0,700.1443401135944,-140.14434011359435
497902,1094.0,1055.027915540794,38.97208445920592
497930,965.0,1155.7969173156741,-190.79691731567414
497966,691.0,712.121453635501,-21.121453635500984
498066,754.0,995.3662178252547,-241.3662178252547
498141,425.0,701.7060069543193,-276.70600695431926
498227,705.0,705.0880107236209,-0.0880107236208687
498254,1191.0,1133.018060806279,57.98193919372102
498353,725.0,734.6241815183607,-9.624181518360729
498366,639.0,955.9905292404557,-316.99052924045566
498393,640.0,720.1457789557337,-80.1457789557337
498442,816.0,921.7432578662934,-105.74325786629345
498458,605.0,700.9032076166582,-95.90320761665816
498472,965.0,1265.9350502669708,-300.93505026697085
498479,750.0,1037.7691693502607,-287.76916935026065
498541,655.0,633.9971571569017,21.00284284309828
498566,840.0,1098.0666555061473,-258.0666555061473
498617,1157.0,1075.4523638609069,81.54763613909313
498667,1295.0,1098.9188560362759,196.08114396372412
498841,1014.0,1050.3458896012633,-36.34588960126325
499050,600.0,700.0207796955164,-100.02077969551635
499077,1260.0,1179.431293578102,80.56870642189801
499134,1083.0,1223.6828186409023,-140.68281864090227
499294,594.0,1077.463457986444,-483.4634579864439
499328,926.0,1070.425308904833,-144.42530890483295
499380,970.0,1025.4565813140182,-55.456581314018194
499474,410.0,717.6375563413004,-307.6375563413004
499590,970.0,1179.1255123352685,-209.12551233526847
499636,869.0,1053.4862323650418,-184.48623236504181
499641,1133.0,1240.283064641452,-107.28306464145203
499659,990.0,1180.2204258673385,-190.22042586733846
499666,809.0,1119.153830414824,-310.1538304148239
499778,700.0,722.2419918382617,-22.241991838261697
499797,635.0,651.7277757254495,-16.727775725449533
499807,810.0,1129.3348505977287,-319.33485059772875
499897,490.0,653.3793161652754,-163.37931616527544
500084,1040.0,1053.1204032116987,-13.120403211698658
500173,852.0,1136.978835949239,-284.97883594923906
500266,625.0,685.7186224233691,-60.718622423369084
500286,1375.0,1284.7550866012634,90.24491339873657
500402,988.0,1203.6551307400678,-215.65513074006776
500561,1235.0,1235.3894624079744,-0.38946240797440623
500583,708.0,1103.693909378693,-395.693909378693
500669,632.0,699.5304449000265,-67.53044490002651
500671,1065.0,1069.3751292402285,-4.375129240228489
500782,490.0,735.3435961645326,-245.34359616453264
500795,590.0,720.3194100172695,-130.31941001726955
500857,985.0,1110.5432580573463,-125.54325805734629
500880,738.0,985.435229716835,-247.435229716835
500882,765.0,1208.6922700220262,-443.69227002202615
500885,735.0,696.1998216506591,38.800178349340854
501191,1250.0,1127.4929071575318,122.50709284246818
501195,980.0,997.5994997085332,-17.599499708533244
501394,870.0,988.2152261117828,-118.21522611178284
501425,1310.0,1223.2898789930296,86.71012100697044
501791,797.0,979.6564694592556,-182.65646945925562
501908,426.0,719.1578607211949,-293.1578607211949
501967,584.0,618.103406579951,-34.103406579950956
501993,720.0,1167.3842596154445,-447.38425961544453
502036,1045.0,1148.4421494077899,-103.44214940778988
502073,1214.0,1065.2658024288905,148.73419757110946
502148,1184.0,1150.1771862059254,33.82281379407459
502191,490.0,584.7349708954199,-94.7349708954199
502224,560.0,700.149564341039,-140.14956434103897
502266,545.0,685.7076251871995,-140.70762518719948
502343,1250.0,1270.041668256084,-20.041668256083994
502434,955.0,1232.9861907657623,-277.98619076576233
502470,781.0,1009.3276515532368,-228.32765155323682
502484,455.0,659.8388682636079,-204.83886826360788
502557,755.0,731.1336438074981,23.86635619250194
502579,730.0,720.4347831780483,9.565216821951708
502655,400.0,666.9059177868705,-266.90591778687053
502665,1175.0,1129.5838210035417,45.41617899645826
502672,1130.0,1172.6156036492769,-42.61560364927686
502726,965.0,952.8482129395783,12.151787060421725
502753,1168.0,1155.6576326965514,12.342367303448555
502760,473.0,673.6458946699429,-200.6458946699429
502785,749.0,1063.0602565715615,-314.06025657156147
502907,330.0,632.6737646526395,-302.67376465263953
502925,1565.0,1274.3240523947145,290.6759476052855
502968,1005.0,1155.5454495413983,-150.54544954139828
502970,1055.0,1091.596060590043,-36.59606059004295
503010,1093.0,1072.7301016208498,20.269898379150163
503118,429.0,641.003279232805,-212.00327923280497
503135,500.0,593.7281195593445,-93.72811955934446
503194,922.0,1117.9880594595875,-195.98805945958748
503338,612.0,666.312494899681,-54.31249489968104
503369,385.0,579.2295821244484,-194.22958212444837
503414,1050.0,1072.0423804236907,-22.0423804236907
503495,502.0,689.0170852025327,-187.0170852025327
503623,904.0,1070.966896426161,-166.96689642616093
503696,694.0,701.7498415983805,-7.749841598380499
503751,740.0,971.3939444914977,-231.39394449149768
503762,995.0,1081.560368643971,-86.56036864397106
503790,1044.0,1060.2206938896386,-16.220693889638596
503812,675.0,1160.7852305715396,-485.7852305715396
503846,1090.0,1021.4330296698474,68.56697033015257
504020,535.0,667.0576997194995,-132.0576997194995
504092,1080.0,1203.313236918039,-123.31323691803891
504145,616.0,616.5925567358514,-0.5925567358514172
504154,650.0,703.8696621545957,-53.869662154595744
504184,948.0,1198.246105339819,-250.246105339819
504217,505.0,670.7825522896394,-165.7825522896394
504251,800.0,1144.1879035916584,-344.18790359165837
504287,653.0,706.7792702115747,-53.779270211574726
504334,510.0,651.6738084925548,-141.67380849255483
504338,953.0,1149.846598360905,-196.8465983609051
504497,910.0,1095.1775076913948,-185.1775076913948
504638,945.0,1022.8943548922273,-77.89435489222728
504657,760.0,961.0972064804654,-201.0972064804654
504674,611.0,696.9490310286376,-85.94903102863759
504780,792.0,1017.6574896879066,-225.6574896879066
504862,610.0,669.098865712934,-59.09886571293396
504947,926.0,1029.8740331783122,-103.87403317831217
504958,981.0,1202.0604662672058,-221.0604662672058
504981,455.0,719.0425656534302,-264.0425656534302
504988,800.0,966.0713857370482,-166.07138573704822
505001,665.0,629.3465583057485,35.653441694251455
505035,1070.0,1074.01993977873,-4.019939778730077
505055,665.0,765.004890036126,-100.00489003612597
505063,892.0,657.0064805939064,234.99351940609358
505094,590.0,671.0897485596282,-81.08974855962822
505111,1150.0,1247.7595921497384,-97.75959214973841
505275,465.0,637.5155362526559,-172.51553625265592
505346,895.0,1059.4734420758423,-164.47344207584229
505423,610.0,742.4729075753371,-132.4729075753371
505469,610.0,700.6491441809319,-90.6491441809319
505535,675.0,669.9098466637209,5.090153336279059
505597,495.0,974.8565627929611,-479.8565627929611
505654,911.0,1185.0244575854392,-274.0244575854392
505679,1340.0,1113.665635702078,226.3343642979221
505700,655.0,718.0986564521571,-63.098656452157115
505750,865.0,1069.9438885276468,-204.94388852764678
505777,1014.0,1096.035738955857,-82.03573895585691
505788,460.0,688.7798785814484,-228.77987858144843
505824,650.0,702.1403663582463,-52.1403663582463
506023,560.0,633.1079306539701,-73.10793065397013
506039,945.0,1089.8061161283727,-144.80611612837265
506078,992.0,1010.4591649651303,-18.4591649651303
506102,556.0,618.0146501697061,-62.0146501697061
506205,1155.0,1156.819576695486,-1.819576695485921
506243,1240.0,1208.6148609081495,31.385139091850533
506387,672.0,1095.9706490931997,-423.97064909319965
506397,594.0,663.4902642810265,-69.4902642810265
506502,1230.0,1159.5723715209265,70.42762847907352
506583,1135.0,1078.1480043290283,56.851995670971746
506683,904.0,1063.3618297363728,-159.36182973637278
506694,690.0,672.9241133547149,17.075886645285095
506723,1155.0,1238.723639014622,-83.723639014622
506772,830.0,1030.371464329705,-200.37146432970508
506784,715.0,664.7854521710003,50.214547828999684
507055,650.0,985.0020115293323,-335.0020115293323
507214,925.0,1078.4605298980882,-153.46052989808823
507296,698.0,701.6136466108487,-3.6136466108487184
507320,1300.0,1176.464825865345,123.53517413465511
507358,870.0,1058.1782523586749,-188.17825235867485
507419,1338.0,1269.5098985139352,68.49010148606476
507450,1320.0,1207.043581424655,112.95641857534497
507495,816.0,1065.6741378211839,-249.67413782118388
507511,576.0,712.5700731159532,-136.57007311595316
507522,1220.0,1230.6713755330195,-10.6713755330195
507524,605.0,706.471920984559,-101.471920984559
507553,650.0,903.947272065721,-253.947272065721
507638,1020.0,1117.5981770921187,-97.5981770921187
507740,595.0,644.8708151624193,-49.87081516241926
507745,561.0,640.9343687939768,-79.93436879397677
507746,1040.0,1146.1624109277823,-106.16241092778228
507784,1320.0,1146.6425168721535,173.35748312784654
507856,900.0,1077.4426997061223,-177.4426997061223
507884,560.0,629.7930894117621,-69.79308941176214
507908,663.0,699.706089153789,-36.70608915378898
507940,985.0,1132.7919582070274,-147.7919582070274
507966,1250.0,1167.2421267074494,82.75787329255058
508023,1290.0,1235.458123735752,54.541876264248
508101,937.0,954.535392612501,-17.535392612501028
508105,740.0,725.3713335441907,14.628666455809253
508145,635.0,704.7676142223509,-69.76761422235086
508220,667.0,671.3232017765558,-4.323201776555834
508348,970.0,1038.2957235275248,-68.29572352752484
508473,745.0,990.4253400723286,-245.4253400723286
508549,863.0,1148.2135757351698,-285.2135757351698
508571,1021.0,1102.5541679660032,-81.5541679660032
508574,865.0,670.7957104864538,194.2042895135462
508604,620.0,631.6292151130259,-11.629215113025907
508614,1345.0,1159.8486366739278,185.15136332607221
508617,997.0,1163.8980092790641,-166.89800927906413
508669,980.0,1089.965649689232,-109.9656496892319
508746,1010.0,1045.6957524748761,-35.695752474876144
508814,583.0,687.0504272419993,-104.05042724199927
508820,955.0,1105.1807208372236,-150.1807208372236
508929,1260.0,1100.0351416795334,159.96485832046665
509013,1005.0,1283.3409987096343,-278.3409987096343
509063,950.0,1058.8914156589228,-108.89141565892282
509065,870.0,1025.1057128986279,-155.10571289862787
509127,640.0,663.2425201209127,-23.242520120912673
509281,690.0,680.5052884254078,9.494711574592202
509283,1120.0,1139.8367469049501,-19.836746904950132
509397,1025.0,1224.7409515337758,-199.74095153377584
509404,265.0,621.5114768695113,-356.5114768695113
509416,1030.0,1179.512522036145,-149.5125220361449
509533,1330.0,1203.6725272515787,126.32747274842131
509691,1058.0,1133.466783825358,-75.4667838253581
509735,1130.0,1056.4281354424063,73.5718645575937
509765,553.0,617.2499798610312,-64.24997986103119
509821,462.0,676.8889363767739,-214.88893637677393
509837,1180.0,1162.3055861604232,17.694413839576782
509992,595.0,630.6404306736235,-35.64043067362354
509996,845.0,1146.8942338196784,-301.89423381967845
510052,670.0,708.8887789419632,-38.88877894196321
510080,910.0,1016.8980656700713,-106.89806567007133
510119,890.0,1212.1734405985044,-322.1734405985044
510132,1075.0,1287.5894940527583,-212.58949405275825
510299,1080.0,1086.957524572329,-6.957524572329021
510397,1323.0,1240.0559198872118,82.94408011278824
510405,396.0,695.0438522641172,-299.04385226411716
510433,634.0,723.4481670353655,-89.44816703536549
510463,882.0,1050.1324317648862,-168.13243176488618
510529,1080.0,1055.7818932947946,24.2181067052054
510557,1175.0,1255.7583920583781,-80.75839205837815
510577,991.0,1175.2906988317293,-184.2906988317293
510624,835.0,989.970319307606,-154.97031930760602
510631,1045.0,1245.3734329724987,-200.37343297249868
510632,1224.0,1238.4298686704287,-14.429868670428732
510673,825.0,1084.9255748623093,-259.9255748623093
510696,454.0,676.8476437329653,-222.84764373296525
510790,955.0,1097.8875455432403,-142.88754554324032
510824,410.0,715.5029987215544,-305.5029987215544
510851,1025.0,1081.3893371777433,-56.3893371777433
510899,1081.0,1191.8826815523767,-110.88268155237665
510905,1270.0,1105.8305773467923,164.16942265320768
510906,1105.0,1170.7177911365739,-65.71779113657385
510909,1425.0,1222.0901051409487,202.9098948590513
510956,735.0,701.3843469631386,33.61565303686143
511072,560.0,620.8043866507851,-60.80438665078509
511083,805.0,725.5563448953395,79.44365510466048
511147,350.0,700.6510948592289,-350.6510948592289
511215,550.0,618.7476236130087,-68.74762361300873
511372,1085.0,1165.6104599611836,-80.61045996118355
511412,610.0,1135.0992090463517,-525.0992090463517
511479,440.0,618.0136535853943,-178.0136535853943
511526,930.0,704.6243495687622,225.37565043123777
511577,610.0,620.025470158978,-10.02547015897801
511592,840.0,1125.4139514088715,-285.4139514088715
511724,890.0,1095.6066135556134,-205.60661355561342
511805,525.0,694.5624550109966,-169.5624550109966
511853,290.0,644.4439112450577,-354.44391124505773
511891,1280.0,1082.445379302065,197.55462069793498
511966,980.0,1106.0186834587728,-126.01868345877278
511972,635.0,725.8856654328721,-90.88566543287209
511991,930.0,1280.7350255836059,-350.7350255836059
512018,1174.0,1237.3893492144146,-63.38934921441455
512034,1007.0,1001.0201108497805,5.979889150219492
512048,1470.0,1160.3098622424625,309.6901377575375
512069,1200.0,1149.8330533422863,50.16694665771365
512178,862.0,963.9879700978704,-101.9879700978704
512198,1405.0,1231.2419597477854,173.75804025221464
512236,910.0,1162.8875717845551,-252.88757178455512
512400,615.0,581.0988941050821,33.90110589491792
512422,1470.0,1150.547704394512,319.45229560548796
512466,675.0,686.5523764258527,-11.552376425852685
512532,750.0,1044.0917611471766,-294.0917611471766
512559,855.0,1108.9678268103241,-253.96782681032414
512629,820.0,716.3800913937611,103.61990860623894
512678,1145.0,1025.7595331484117,119.24046685158828
512716,830.0,1037.7232136540028,-207.72321365400285
512735,1153.0,1124.9923053237462,28.007694676253777
512774,840.0,1121.8248241221097,-281.8248241221097
512782,1050.0,1221.3368273272667,-171.33682732726675
512821,780.0,1015.9053218180251,-235.90532181802507
512879,895.0,1219.01570587188,-324.0157058718801
513074,1155.0,1188.245508878768,-33.24550887876808
513216,970.0,1115.7302246271015,-145.7302246271015
513439,920.0,1239.686456888736,-319.6864568887361
513441,765.0,1042.4912241936095,-277.49122419360947
513453,810.0,1018.9368821866788,-208.93688218667876
513461,904.0,1038.6893418882296,-134.6893418882296
513501,885.0,1225.8857950985316,-340.8857950985316
513580,840.0,1185.4103727675617,-345.41037276756174
513600,765.0,1052.2831103556864,-287.2831103556864
513634,730.0,734.8455050986557,-4.845505098655735
513712,970.0,1058.7917725408513,-88.7917725408513
513738,1030.0,1106.632054329323,-76.63205432932295
513860,425.0,681.6211653360615,-256.6211653360615
514243,465.0,635.0868114248517,-170.0868114248517
514260,1090.0,1121.423619548883,-31.423619548882925
514286,928.0,1095.0234686898273,-167.02346868982727
514303,1100.0,1043.2100065398613,56.7899934601387
514347,1175.0,1127.8077632128138,47.192236787186175
514387,1070.0,1064.5260081725564,5.4739918274435695
514461,545.0,654.5045994149007,-109.50459941490067
514491,1208.0,1143.6346657257127,64.3653342742873
514599,725.0,675.8616380454697,49.138361954530296
514663,900.0,1015.8666244947585,-115.86662449475853
514695,1050.0,1182.8810469561297,-132.8810469561297
514706,1140.0,1258.1884937643977,-118.18849376439766
514732,1105.0,1098.8146047141108,6.185395285889172
514753,710.0,672.3312662705457,37.66873372945429
514815,735.0,1136.638836319595,-401.63883631959493
514851,960.0,1077.7593159994822,-117.75931599948217
514930,995.0,1168.338812578662,-173.3388125786621
514941,1087.0,1164.4685556601619,-77.46855566016188
514955,1365.0,1212.2153041797271,152.78469582027287
514991,754.0,994.0127913463222,-240.01279134632216
515047,925.0,1220.818439304498,-295.81843930449804
515118,605.0,736.8235183766715,-131.82351837667147
515159,783.0,1107.5246815340795,-324.5246815340795
515194,1080.0,1093.8269160295201,-13.826916029520135
515197,876.0,1007.4047348076361,-131.40473480763615
515241,804.0,1062.9127386633781,-258.91273866337815
515297,741.0,715.6271414748506,25.372858525149354
515379,1005.0,1154.4981332929312,-149.49813329293124
515384,1080.0,1251.1529501485118,-171.15295014851176
515439,553.0,711.7093155127335,-158.7093155127335
515559,520.0,669.0918114733627,-149.09181147336267
515639,1230.0,1167.1921307608347,62.80786923916526
515740,1270.0,1055.696116203493,214.30388379650708
515822,1010.0,1218.5752897336724,-208.57528973367243
515850,365.0,632.203502848851,-267.20350284885103
515875,770.0,704.9734081757068,65.02659182429318
515907,1099.0,1196.9251845625947,-97.92518456259472
515941,700.0,699.7046481951377,0.29535180486232093
515947,380.0,1050.7341511621232,-670.7341511621232
516059,1145.0,1188.019039600735,-43.019039600734914
516071,870.0,1015.705598030649,-145.70559803064896
516114,928.0,719.6118047269737,208.38819527302633
516118,1010.0,1087.545756854596,-77.545756854596
516150,790.0,1195.2355098638445,-405.2355098638445
516155,915.0,1059.7044240071887,-144.70442400718866
516272,765.0,731.3040668604041,33.69593313959592
516315,1015.0,1189.8340838831136,-174.83408388311364
516423,685.0,692.0634638922637,-7.063463892263712
516446,975.0,1140.8979732881028,-165.89797328810278
516488,760.0,706.801707251872,53.19829274812798
516547,466.0,1027.7437573576306,-561.7437573576306
516632,435.0,574.6123763279054,-139.6123763279054
516670,478.0,760.7419342309846,-282.7419342309846
516710,1449.0,1237.5878562779856,211.41214372201443
516759,893.0,1032.5139914837484,-139.51399148374844
516763,926.0,1033.5743493071848,-107.57434930718478
516915,670.0,1145.2745447975694,-475.27454479756943
516967,1270.0,1255.3971604308674,14.602839569132584
516972,1090.0,1130.995759710329,-40.99575971032891
516981,1014.0,1030.6480357220673,-16.648035722067334
517040,790.0,996.5687849757602,-206.5687849757602
517112,845.0,1075.214655143852,-230.21465514385204
517146,590.0,679.5267936018407,-89.52679360184072
517237,680.0,674.5981192270526,5.401880772947379
517277,995.0,1083.720851639534,-88.72085163953398
517305,885.0,1271.694100521841,-386.69410052184094
517394,1235.0,1259.6547222487193,-24.65472224871928
517589,535.0,702.2865316490067,-167.28653164900675
517751,1120.0,1135.5800140213737,-15.5800140213737
517802,1268.0,1066.9860646324132,201.01393536758678
517804,690.0,698.6478088230346,-8.647808823034552
517835,1555.0,1159.5151449324708,395.4848550675292
517903,510.0,697.406409729841,-187.40640972984102
517942,533.0,696.0158309424301,-163.01583094243006
518063,560.0,658.1421841857859,-98.14218418578594
518107,980.0,1130.0041491519273,-150.00414915192732
518193,630.0,1081.1569731113755,-451.15697311137546
518265,572.0,1006.9432770807314,-434.9432770807314
518309,855.0,1125.2821941766188,-270.28219417661876
518337,495.0,642.1529934433023,-147.1529934433023
518437,485.0,681.4427066007632,-196.44270660076324
518446,1270.0,1242.8573769173659,27.142623082634145
518493,810.0,708.3823062094427,101.61769379055727
518554,1070.0,1198.445212656543,-128.44521265654294
518559,1585.0,1248.0569881387823,336.94301186121766
518786,557.0,663.1074158968014,-106.1074158968014
518839,1091.0,1073.3315137230582,17.66848627694185
518853,605.0,709.8314752594026,-104.83147525940262
518917,805.0,1021.3473294757474,-216.34732947574742
519275,1325.0,1172.5333500906302,152.46664990936983
519410,570.0,710.2376520333842,-140.23765203338417
519430,1155.0,1071.9677542553839,83.03224574461615
519485,835.0,1109.7519704394747,-274.7519704394747
519530,930.0,1183.1857300719962,-253.1857300719962
519587,655.0,655.3644817353515,-0.3644817353515464
519614,590.0,694.8212798107724,-104.82127981077235
519626,1380.0,1258.786258055809,121.21374194419104
519640,1105.0,1078.5594513534634,26.440548646536627
519673,1245.0,1289.5286542288482,-44.528654228848154
519682,904.0,950.8581415784472,-46.8581415784472
519714,870.0,1093.1644880151075,-223.1644880151075
519715,710.0,696.1722811552474,13.827718844752553
519791,1130.0,1205.8268336100068,-75.82683361000682
519804,710.0,1037.0006944017873,-327.0006944017873
519830,410.0,714.6038275811453,-304.6038275811453
519908,965.0,956.766572600808,8.23342739919201
519980,680.0,703.340589613183,-23.340589613183056
520000,970.0,1053.774231595505,-83.77423159550494
520119,820.0,1256.0874889892114,-436.08748898921135
520205,584.0,1054.313648361769,-470.3136483617691
520286,685.0,670.9626184024236,14.037381597576427
520343,705.0,1062.9177288587916,-357.91772885879163
520361,520.0,687.8410107702874,-167.84101077028743
520380,1845.0,1264.8599029434772,580.1400970565228
520397,641.0,695.9419156256783,-54.94191562567835
520476,670.0,704.9073235986821,-34.90732359868207
520703,1205.0,1128.194140333085,76.80585966691501
520730,395.0,710.7567264716209,-315.75672647162094
521051,718.0,698.6739366749003,19.326063325099653
521081,1490.0,1205.111981833973,284.888018166027
521136,800.0,984.5255906570985,-184.52559065709852
521228,1420.0,1235.9518725474447,184.04812745255526
521261,1135.0,1204.177908966857,-69.1779089668571
521302,959.0,1040.2787521084174,-81.2787521084174
521351,750.0,1061.319944490017,-311.31994449001695
521555,895.0,1086.8908548215863,-191.89085482158634
521715,1290.0,1273.1825994772769,16.81740052272312
521746,915.0,1020.4331283801819,-105.43312838018187
521975,930.0,1002.3731749604464,-72.37317496044636
522003,468.0,1034.2896908174214,-566.2896908174214
522098,440.0,590.2053273717662,-150.2053273717662
522144,1227.0,1054.313648361769,172.68635163823092
522253,695.0,714.624055240707,-19.62405524070698
522275,661.0,662.7796115154396,-1.7796115154395693
522307,730.0,733.6059622024354,-3.605962202435421
522407,795.0,1055.8508156706932,-260.85081567069324
522464,833.0,975.3156085602542,-142.3156085602542
522474,490.0,1040.4635958823283,-550.4635958823283
522514,600.0,609.4419773611927,-9.441977361192698
522535,590.0,701.9189714833036,-111.91897148330361
522549,1050.0,1083.1976020169734,-33.197602016973406
522622,475.0,725.6644511824908,-250.66445118249078
522868,495.0,662.5600625631279,-167.56006256312787
522897,510.0,657.1911820347433,-147.1911820347433
522952,1330.0,1281.9331085235046,48.06689147649536
523090,715.0,1084.435895598605,-369.43589559860493
523212,1190.0,1235.6253035264365,-45.62530352643648
523245,1680.0,1215.476433759129,464.5235662408711
523377,628.0,634.4375445779372,-6.43754457793716
523450,1020.0,714.4983580438455,305.50164195615446
523495,800.0,1125.0599359830258,-325.05993598302575
523532,964.0,1027.971570513705,-63.971570513705046
523680,506.0,654.9923309537851,-148.99233095378509
523909,930.0,1166.0746478192104,-236.07464781921044
523932,448.0,664.8452236534515,-216.8452236534515
523948,455.0,706.8743674000762,-251.87436740007615
524100,722.0,693.5555669390369,28.444433060963092
524174,1005.0,999.6923254599786,5.307674540021367
524282,1000.0,1133.4049199192302,-133.40491991923022
524381,475.0,722.7788266948393,-247.77882669483927
524405,430.0,722.660959093467,-292.660959093467
524431,579.0,712.215956105148,-133.21595610514805
524520,795.0,1058.9431626259852,-263.9431626259852
524611,1072.0,1248.7071365300073,-176.70713653000735
524772,1320.0,1021.6703655258406,298.32963447415943
524797,1145.0,1130.8015308720048,14.198469127995168
524880,1140.0,1246.1266197188252,-106.12661971882517
524996,661.0,690.4444228345166,-29.44442283451656
525022,860.0,1067.0368616871212,-207.03686168712125
525024,1115.0,1145.2791581016575,-30.27915810165746
525117,1120.0,1143.0004521459355,-23.00045214593547
525187,1110.0,1143.9959056820517,-33.99590568205167
525237,1040.0,1204.1098658305416,-164.1098658305416
525244,1060.0,1080.7296676929484,-20.729667692948397
525259,1080.0,1169.6203534872493,-89.6203534872493
525540,865.0,1066.7872681757167,-201.7872681757167
525544,635.0,675.0695593029444,-40.06955930294441
525622,1030.0,1054.4295103708748,-24.429510370874823
525637,664.0,726.5089445507068,-62.508944550706815
525698,510.0,716.6320047387654,-206.63200473876543
525719,600.0,724.6420685585398,-124.64206855853979
525799,511.0,715.3691836591306,-204.3691836591306
525873,816.0,1093.9089179224375,-277.90891792243747
526002,948.0,1146.4660961494346,-198.46609614943463
526048,616.0,1071.82388557798,-455.82388557798004
526058,683.0,1054.0580595291767,-371.0580595291767
526112,820.0,1150.8471304898023,-330.84713048980234
526297,790.0,935.747295351535,-145.74729535153494
526314,930.0,1156.5034890086952,-226.50348900869517
526526,1365.0,1195.853631668838,169.14636833116197
526645,762.0,721.5371566786963,40.462843321303694
526736,1085.0,1203.999544017545,-118.99954401754508
526737,320.0,616.218809109762,-296.218809109762
526754,1735.0,1283.2928691289828,451.70713087101717
526940,1230.0,1172.6067878214071,57.393212178592876
526981,515.0,642.671884415894,-127.67188441589406
526988,855.0,708.4821821694682,146.51781783053184
527100,600.0,1034.3212351964764,-434.32123519647644
527146,1131.0,947.6283166359129,183.37168336408706
527223,1200.0,1153.7049036633214,46.295096336678625
527330,1290.0,1082.7995542150645,207.20044578493548
527377,1146.0,1023.7793653900632,122.22063460993684
527565,535.0,635.0352922116334,-100.03529221163342
527568,580.0,751.6085575508795,-171.60855755087948
527746,910.0,1124.2591902715747,-214.25919027157465
527826,870.0,1161.172435351145,-291.17243535114494
527836,1020.0,1208.2989033252834,-188.2989033252834
527880,950.0,1160.7811526651844,-210.78115266518444
527883,973.0,1008.235040470697,-35.23504047069696
527912,940.0,1159.1405085121485,-219.14050851214847
527993,450.0,687.4743936010846,-237.47439360108456
528010,685.0,721.0109138744706,-36.01091387447059
528162,837.0,1017.9651813083993,-180.96518130839934
528185,850.0,1088.8321445357021,-238.83214453570213
528316,816.0,962.4772962822825,-146.4772962822825
528321,530.0,726.5116157863763,-196.5116157863763
528347,550.0,671.6886916519004,-121.6886916519004
528454,1047.0,1068.133910152074,-21.133910152073895
528552,344.0,593.6216958043461,-249.62169580434613
528585,690.0,715.8104443254741,-25.810444325474123
528619,870.0,711.4726579260845,158.52734207391552
528644,715.0,715.2084337097018,-0.20843370970180786
528679,665.0,707.3334575584356,-42.33345755843561
528725,460.0,704.298276704617,-244.29827670461702
528774,565.0,633.5439891314361,-68.54398913143609
528851,1030.0,1089.9347115880998,-59.934711588099844
528884,1390.0,1297.7024987030425,92.29750129695753
528934,855.0,1119.0522388380077,-264.0522388380077
529002,594.0,693.5555669390369,-99.55556693903691
529102,530.0,714.7343853340365,-184.73438533403646
529121,1025.0,1145.939801090784,-120.93980109078393
529233,1520.0,1237.6737520541924,282.3262479458076
529281,650.0,725.4258774879515,-75.42587748795154
529329,445.0,1031.4714900444064,-586.4714900444064
529338,860.0,1021.1788223353224,-161.17882233532237
529448,583.0,628.7386678980492,-45.73866789804924
529752,680.0,681.965501176478,-1.9655011764780284
529780,1230.0,1218.3650502888427,11.634949711157333
529944,435.0,707.7408878114703,-272.7408878114703
529964,1268.0,1076.572906795733,191.42709320426707
530072,490.0,696.9011982455559,-206.90119824555586
530243,1180.0,1155.0157123683948,24.984287631605184
530348,893.0,977.4179235405212,-84.4179235405212
530474,860.0,1104.564388796108,-244.564388796108
530529,684.0,676.7123883596402,7.287611640359842
530606,1255.0,1276.561301726775,-21.5613017267749
530649,575.0,719.9707864369183,-144.97078643691827
530712,870.0,954.5532935868046,-84.55329358680456
530759,700.0,731.1553944551988,-31.155394455198802
530913,1360.0,1260.7224171027694,99.27758289723056
530924,863.0,1067.1826946360918,-204.1826946360918
531219,771.0,711.2059572025397,59.79404279746029
531395,850.0,737.3267777290041,112.6732222709959
531419,640.0,912.1959052322674,-272.19590523226736
531450,1060.0,1076.0900087805933,-16.09000878059328
531522,690.0,710.1697160242453,-20.169716024245304
531549,904.0,1022.3054580476864,-118.30545804768644
531586,885.0,720.5360176172014,164.46398238279858
531617,690.0,702.7349077907409,-12.734907790740863
531700,900.0,1117.480983434282,-217.48098343428205
531715,990.0,1072.9873553135849,-82.98735531358489
531718,590.0,642.5055155642549,-52.50551556425489
531724,545.0,683.8545764650748,-138.85457646507484
532091,545.0,712.851837620769,-167.85183762076895
532095,1160.0,1108.2385413805036,51.76145861949635
532135,1055.0,1239.9393110872966,-184.93931108729657
532173,470.0,717.8809953595338,-247.8809953595338
532178,730.0,607.9589997757265,122.04100022427349
532209,1025.0,1176.116589699515,-151.1165896995151
532269,649.0,716.9400495205603,-67.94004952056025
532310,570.0,715.1797875362068,-145.17978753620685
532321,795.0,723.0438776630313,71.95612233696875
532626,545.0,670.3505562453128,-125.35055624531276
532729,680.0,675.2803841942206,4.719615805779426
532752,800.0,727.0663989668735,72.93360103312648
532893,610.0,1195.4671130735617,-585.4671130735617
532910,555.0,635.1519566060357,-80.1519566060357
532955,1425.0,1263.3609904839732,161.63900951602682
532996,1150.0,968.820233010166,181.17976698983398
533034,1075.0,1049.1257073692875,25.87429263071249
533081,385.0,587.5635095500548,-202.56350955005485
533084,1230.0,1159.5595247256265,70.44047527437351
533137,575.0,705.8001690025935,-130.80016900259352
533212,1175.0,1223.0057943193713,-48.00579431937126
533262,1123.0,976.3762828044345,146.62371719556552
533341,1070.0,1268.2259992457234,-198.22599924572341
533437,890.0,1090.740055200835,-200.74005520083506
533446,1144.0,1298.201642205347,-154.20164220534707
533513,560.0,699.1032302074402,-139.10323020744022
533698,1030.0,1154.3250635669845,-124.32506356698445
533786,363.0,1080.8388627915497,-717.8388627915497
533971,474.0,635.0352922116334,-161.03529221163342
533980,740.0,717.9452556963739,22.05474430362608
533981,407.0,546.8710358411164,-139.8710358411164
534215,595.0,1046.0979012593168,-451.0979012593168
534251,1130.0,1166.941172744761,-36.941172744760934
534304,795.0,720.0204157771855,74.97958422281454
534389,860.0,1119.8966343843604,-259.89663438436037
534468,1330.0,1119.39732526584,210.60267473416002
534504,920.0,1127.1629904368158,-207.1629904368158
534518,633.0,676.1289279686987,-43.12892796869869
534525,530.0,645.6608378031009,-115.66083780310089
534535,800.0,1104.7656047049134,-304.76560470491336
534602,450.0,678.8034848324048,-228.80348483240482
534618,1385.0,1272.9815470726483,112.01845292735175
534739,1050.0,1135.9462643048007,-85.9462643048007
534773,1170.0,1137.4781570881717,32.521842911828344
534800,727.0,1005.9458345712212,-278.9458345712212
534877,1216.0,1031.3352295614102,184.6647704385898
534924,558.0,685.3830654963125,-127.3830654963125
534965,571.0,693.0317570906175,-122.03175709061748
534978,235.0,722.4085498710843,-487.40854987108435
535047,611.0,740.6532372271342,-129.65323722713424
535130,675.0,692.9755183645576,-17.975518364557615
535176,540.0,600.256103784432,-60.25610378443196
535335,635.0,718.5290524457257,-83.52905244572571
535479,625.0,677.2732489880653,-52.27324898806535
535480,436.0,682.5761452145849,-246.57614521458493
535498,754.0,942.6988464853504,-188.69884648535037
535515,805.0,957.9809855538759,-152.98098555387594
535535,594.0,1114.5828709420475,-520.5828709420475
535576,860.0,1047.2087542142494,-187.20875421424944
535586,705.0,1108.0864870690602,-403.08648706906024
535709,750.0,752.5433954066763,-2.543395406676268
535729,509.0,603.7730644883657,-94.77306448836566
535759,830.0,1146.8444110248481,-316.8444110248481
535778,430.0,985.9254886979649,-555.9254886979649
535852,895.0,1080.6329109691942,-185.6329109691942
535861,435.0,598.0678513897662,-163.06785138976625
535892,660.0,714.531953815281,-54.531953815280986
535898,515.0,559.1971179303702,-44.197117930370155
535920,1140.0,1076.7238164516466,63.2761835483534
535949,1215.0,1225.2750073912039,-10.275007391203872
536003,1100.0,1157.9132938256641,-57.91329382566414
536214,1040.0,1255.965740028354,-215.96574002835405
536224,525.0,653.9371761625198,-128.9371761625198
536348,1320.0,1078.5262345176327,241.4737654823673
536469,540.0,611.315893377712,-71.31589337771197
536478,1055.0,1111.2178909296547,-56.217890929654686
536531,1290.0,1245.303282873481,44.696717126518934
536674,1125.0,1187.3110373119785,-62.31103731197845
536743,904.0,959.6888568090723,-55.68885680907226
536756,256.0,692.3328160421661,-436.3328160421661
536821,1055.0,1110.5545536184547,-55.55455361845475
537026,780.0,990.0668604234398,-210.06686042343983
537289,1440.0,1307.6390831287135,132.36091687128646
537330,1266.0,1061.25507367895,204.7449263210499
537336,682.0,961.7944692267249,-279.7944692267249
537418,500.0,738.1378968310077,-238.13789683100765
537456,1110.0,1196.8339777341557,-86.83397773415572
537478,580.0,711.2409941641067,-131.24099416410672
537503,440.0,678.4715257680152,-238.47152576801523
537562,1213.0,1234.8244935842845,-21.824493584284482
537733,1140.0,1134.7350351090906,5.2649648909093685
537849,550.0,724.7756458655693,-174.77564586556935
537867,710.0,935.036457878337,-225.03645787833705
537921,417.0,667.1357378760766,-250.13573787607663
538121,1055.0,1122.210836407907,-67.21083640790698
538196,915.0,1124.9243869388724,-209.92438693887243
538259,545.0,659.2050018144347,-114.2050018144347
538316,1605.0,1147.4929652369685,457.50703476303147
538355,1340.0,1251.9649775488765,88.0350224511235
538375,925.0,1104.4982372114173,-179.4982372114173
538407,1170.0,1149.1611954057057,20.838804594294288
538413,735.0,692.5931531132073,42.406846886792664
538416,625.0,711.251300197462,-86.251300197462
538580,1130.0,1230.405292724816,-100.40529272481604
538639,630.0,669.452100079808,-39.45210007980802
538716,1240.0,1278.9105516853706,-38.91055168537059
538760,1000.0,1234.433699076021,-234.43369907602096
538784,995.0,1006.6207984688969,-11.62079846889685
538832,423.0,673.9307884280215,-250.93078842802151
538865,545.0,668.1867108076956,-123.18671080769559
539058,1005.0,1096.4423172662664,-91.4423172662664
539075,1266.0,1185.1572357903715,80.84276420962851
539091,987.0,1020.2454731412413,-33.24547314124129
539114,1125.0,1026.1752988192961,98.82470118070387
539117,680.0,685.1201341457364,-5.120134145736415
539168,749.0,1073.5824790430286,-324.58247904302857
539285,1070.0,1260.320106517846,-190.32010651784594
539364,1058.0,1229.877250142019,-171.87725014201897
539379,340.0,691.2171974191441,-351.2171974191441
539419,1080.0,1251.3263148217143,-171.32631482171428
539487,735.0,680.2464698288322,54.75353017116777
539517,1040.0,1085.9145832989136,-45.91458329891361
539539,545.0,713.0668127008664,-168.06681270086642
539552,1195.0,1091.5477463348334,103.45225366516661
539577,880.0,1135.1412828605419,-255.14128286054188
539666,1050.0,1135.7399063335904,-85.7399063335904
539714,552.0,623.463137832579,-71.46313783257904
539852,970.0,1147.9567574907187,-177.9567574907187
539870,1097.0,1107.6300678247455,-10.630067824745538
539880,1125.0,1105.796750700035,19.20324929996491
540068,1120.0,1253.0153421359466,-133.01534213594664
540250,1052.0,1170.0828265100752,-118.08282651007517
540285,780.0,1053.671281497005,-273.6712814970051
540298,635.0,697.6857881704196,-62.68578817041964
540326,577.0,717.0837383658356,-140.08373836583564
540490,1054.0,1159.7401195354257,-105.74011953542572
540519,485.0,698.537028046299,-213.53702804629904
540544,1000.0,1218.2081578798739,-218.20815787987385
540569,605.0,956.8220231897051,-351.8220231897051
540578,840.0,1139.2217202631496,-299.22172026314956
540586,1485.0,1220.7760776940204,264.2239223059796
540822,1280.0,1136.1560258893635,143.8439741106365
540850,965.0,1102.6642507541944,-137.66425075419443
540976,783.0,1084.1327431127825,-301.13274311278246
540998,425.0,622.5582874087421,-197.5582874087421
541013,1370.0,1182.2985320552384,187.7014679447616
541110,715.0,1043.7191468705919,-328.7191468705919
541173,530.0,703.8864541318937,-173.88645413189374
541267,604.0,668.4130500610539,-64.41305006105392
541296,600.0,685.0876002782576,-85.08760027825758
541308,545.0,663.4161390758053,-118.41613907580529
541570,880.0,1173.168339431174,-293.168339431174
541666,505.0,695.9314148314837,-190.93141483148372
541711,605.0,1008.7059988035002,-403.70599880350017
541857,1180.0,1165.3694365322385,14.630563467761476
541858,815.0,949.5597342011795,-134.55973420117948
541889,720.0,1125.356821891598,-405.356821891598
542016,1080.0,1169.3835774823585,-89.38357748235853
542148,765.0,1007.8783257513304,-242.8783257513304
542155,516.0,691.6964348604843,-175.69643486048426
542166,751.0,1099.1058872807153,-348.10588728071525
542368,830.0,740.4469405603865,89.55305943961355
542375,435.0,656.6731118145034,-221.6731118145034
542529,455.0,723.3338350810922,-268.33383508109216
542664,980.0,1230.4551687182884,-250.4551687182884
542709,588.0,607.833775869458,-19.83377586945801
542834,1090.0,1036.1800695226927,53.81993047730725
542838,1240.0,1185.2874225829482,54.71257741705176
542863,1000.0,1232.387967851775,-232.3879678517751
542871,1200.0,1071.7046779553623,128.29532204463771
542889,601.0,657.178415495082,-56.17841549508205
542893,550.0,1048.6714436883772,-498.67144368837717
542939,755.0,717.0419439417187,37.95805605828127
542999,535.0,730.0054984909721,-195.00549849097206
543126,700.0,1057.4557213787696,-357.45572137876957
543159,530.0,636.1132514192681,-106.11325141926807
543294,1570.0,1216.6684390199703,353.33156098002974
543298,940.0,987.6098614352096,-47.60986143520961
543409,1220.0,1257.941098624297,-37.941098624296956
543647,740.0,697.4131951757095,42.58680482429054
543655,540.0,721.5557060165457,-181.55570601654574
543801,636.0,663.9674239710216,-27.967423971021617
543802,1330.0,1131.5133941547401,198.48660584525987
543861,655.0,683.094376095502,-28.094376095501957
543904,585.0,619.991792408214,-34.991792408213996
543969,452.0,620.211754057417,-168.211754057417
543974,535.0,724.7209913773605,-189.72099137736052
544234,470.0,740.8398152531557,-270.83981525315573
544317,950.0,1181.7120037924835,-231.71200379248353
544422,835.0,1240.4971385695242,-405.49713856952417
544548,1325.0,1201.5474058286484,123.45259417135162
544637,738.0,1038.340673622284,-300.34067362228393
544649,981.0,997.0634785683443,-16.063478568344294
544660,870.0,1177.7281303513214,-307.7281303513214
544686,840.0,674.1333928517399,165.86660714826007
544690,560.0,679.9598313538041,-119.95983135380413
544734,959.0,1097.2577959404296,-138.25779594042956
544812,1255.0,1232.7929735731261,22.20702642687388
544889,838.0,1237.8396291789384,-399.83962917893837
544890,845.0,1142.1624599093282,-297.16245990932816
544931,1036.0,1090.4770882034902,-54.47708820349021
545299,806.0,1111.093330006818,-305.09333000681795
545388,374.0,1021.8166544686594,-647.8166544686594
545411,830.0,965.2854906290758,-135.28549062907575
545592,620.0,697.7603337479594,-77.76033374795941
545632,485.0,686.740068518079,-201.74006851807906
545641,1350.0,1246.4885806444208,103.51141935557916
545701,925.0,1002.989466075919,-77.98946607591904
545719,845.0,742.2003728039593,102.79962719604066
545753,1150.0,1045.5531992118879,104.44680078811211
545769,715.0,763.2354084450894,-48.23540844508943
545793,600.0,927.6456393961511,-327.64563939615107
546098,835.0,668.9326909649061,166.0673090350939
546116,1015.0,1196.3259817087878,-181.32598170878782
546161,440.0,611.5117042219401,-171.51170422194014
546279,605.0,718.0986073808988,-113.09860738089878
546301,1325.0,1190.6533399336936,134.3466600663064
546327,1050.0,1073.982829850882,-23.9828298508819
546328,1160.0,1097.9354411246725,62.06455887532752
546358,614.0,716.3336290247336,-102.33362902473357
546386,675.0,730.3703746323087,-55.37037463230865
546475,893.0,1091.0477717881595,-198.04777178815948
546498,722.0,1057.0879752058568,-335.08797520585676
546500,560.0,698.0533561034492,-138.05335610344923
546709,553.0,713.7561814636342,-160.75618146363422
546747,640.0,685.3724631442442,-45.37246314424419
546818,1279.0,1077.6697886126788,201.33021138732124
546833,1270.0,1257.0367861865584,12.963213813441598
546846,375.0,668.0626616666677,-293.06266166666774
547176,765.0,1005.8281876448085,-240.8281876448085
547184,555.0,1014.4336076314868,-459.4336076314868
547219,1020.0,1240.2312639033926,-220.23126390339257
547259,752.0,689.6283711778228,62.37162882217717
547346,1356.0,1203.661981706554,152.3380182934461
547365,875.0,1055.3532045167854,-180.35320451678535
547504,605.0,941.9518958676621,-336.9518958676621
547563,840.0,982.0364846215977,-142.03648462159765
547796,870.0,1046.672878108209,-176.67287810820903
547829,1252.0,1059.9885122614767,192.01148773852333
547855,415.0,712.1017963302288,-297.1017963302288
547870,975.0,1213.9058748629902,-238.90587486299023
547882,830.0,1131.3399456983725,-301.3399456983725
547962,1000.0,974.5475066369081,25.45249336309189
547975,550.0,615.9569366011499,-65.95693660114989
548103,1018.0,1091.549657284208,-73.54965728420802
548110,1205.0,1190.0485646239988,14.9514353760012
548311,450.0,615.179310502819,-165.17931050281902
548313,695.0,720.3090581496543,-25.309058149654334
548326,1035.0,1115.7302246271015,-80.7302246271015
548379,1285.0,1167.8329724805362,117.16702751946377
548391,530.0,702.3907071671581,-172.3907071671581
548445,1455.0,1208.093015350486,246.90698464951402
548463,830.0,1143.1175888014227,-313.1175888014227
548607,540.0,699.2247535316108,-159.22475353161076
548653,445.0,669.65036370583,-224.65036370583005
548677,540.0,683.3135473939628,-143.31354739396284
548723,380.0,690.9015298825202,-310.9015298825202
548737,860.0,1234.6331858226927,-374.63318582269267
548912,965.0,1138.0734702687896,-173.0734702687896
549051,925.0,1051.1182006967117,-126.11820069671171
549613,675.0,641.9979440270064,33.00205597299362
549647,725.0,696.2338308941866,28.766169105813447
549684,1190.0,1237.7211618337399,-47.72116183373987
549748,630.0,711.1860004413792,-81.18600044137918
549991,531.0,705.1587797005113,-174.15877970051133
550055,745.0,1188.8321365296404,-443.83213652964037
550190,1113.0,1057.3791345714737,55.62086542852626
550394,937.0,1150.5814889814192,-213.58148898141917
550435,1090.0,1114.4651742924714,-24.465174292471374
550449,1080.0,1175.6897296433146,-95.68972964331465
550476,1065.0,1253.644127975346,-188.644127975346
550491,815.0,1032.6431286546517,-217.64312865465172
550562,430.0,620.2986621689485,-190.29866216894845
550681,1180.0,1186.3668634381384,-6.366863438138353
550689,1135.0,1047.5573889945651,87.44261100543486
550900,710.0,1157.938559360517,-447.93855936051705
550956,495.0,573.4696494521311,-78.46964945213108
551139,816.0,1171.4540059894755,-355.4540059894755
551176,950.0,1160.0172330427629,-210.01723304276288
551249,575.0,672.8091249743834,-97.8091249743834
551318,1075.0,1212.5813336448734,-137.58133364487344
551378,675.0,698.6440052469011,-23.644005246901088
551402,910.0,1226.2835361581385,-316.28353615813853
551484,990.0,1158.5702125257928,-168.57021252579284
551491,615.0,620.1373011551568,-5.13730115515682
551506,1085.0,1049.6559364182467,35.34406358175329
551936,776.0,1018.0801436321666,-242.0801436321666
551964,465.0,673.2937000567479,-208.29370005674787
552001,808.0,725.6069434134292,82.39305658657076
552119,510.0,920.3357849007527,-410.33578490075274
552341,705.0,1190.3746370528781,-485.37463705287814
552390,595.0,717.235587428826,-122.23558742882597
552413,683.0,690.305924682324,-7.305924682323962
552442,1140.0,1207.9317162802074,-67.93171628020741
552478,1360.0,1228.8842177015126,131.11578229848737
552610,766.0,1101.4715787163552,-335.4715787163552
552652,1240.0,1183.4829161452485,56.51708385475149
552689,595.0,656.1463413040873,-61.14634130408729
552724,1180.0,1267.6371976505723,-87.63719765057226
552784,1434.0,1131.7888949526134,302.2111050473866
552859,1195.0,1243.8367698229124,-48.8367698229124
552965,560.0,689.8046314263589,-129.80463142635892
553148,470.0,681.91343397954,-211.91343397953995
553150,1170.0,1097.9146880707863,72.08531192921373
553178,565.0,692.8145965027867,-127.81459650278669
553182,859.0,967.083648167276,-108.08364816727601
553193,500.0,665.6174684946059,-165.61746849460587
553212,1025.0,1096.4563233501162,-71.45632335011624
553513,930.0,1155.1253105839846,-225.12531058398463
553540,967.0,1131.4576996162418,-164.45769961624183
553567,425.0,605.7328931887846,-180.7328931887846
553656,1060.0,1150.496340688441,-90.49634068844102
553682,1020.0,1054.500386539151,-34.500386539150895
553700,900.0,970.5094795206546,-70.50947952065462
553729,1215.0,1079.1222836709996,135.87771632900035
553817,1080.0,1080.7890149853654,-0.7890149853653838
553984,530.0,610.1162832473361,-80.11628324733613
554027,590.0,670.1369776646446,-80.13697766464463
554038,495.0,752.9035290218941,-257.9035290218941
554116,805.0,748.2622882578206,56.737711742179386
554201,580.0,707.4473564582803,-127.4473564582803
554393,1205.0,1040.3143844403546,164.68561555964538
554411,545.0,695.9544593780599,-150.95445937805994
554641,563.0,694.8151703394819,-131.81517033948194
554697,1360.0,1134.7706545917451,225.22934540825486
554757,625.0,713.1493639766859,-88.14936397668589
554857,555.0,699.6115256191717,-144.61152561917174
555182,965.0,1086.1595396435744,-121.15953964357436
555239,890.0,1167.1498428679517,-277.14984286795175
555253,576.0,634.9333780744355,-58.933378074435495
555294,1225.0,1116.3930443795768,108.60695562042315
555364,600.0,566.4071376965262,33.592862303473794
555365,1020.0,1058.3483199380855,-38.348319938085524
555431,412.0,624.1392705290883,-212.13927052908832
555728,946.0,1147.0507204119149,-201.05072041191488
555839,1146.0,1066.7654033967149,79.23459660328513
556103,937.0,1211.5023429974854,-274.50234299748536
556409,432.0,587.7409602364424,-155.74096023644245
556661,841.0,975.0367024504843,-134.0367024504843
556929,940.0,1177.4863964202887,-237.48639642028866
556973,1410.0,1237.9626559070791,172.03734409292088
556986,285.0,700.3851311975949,-415.3851311975949
557123,1500.0,1271.4742283506298,228.5257716493702
557187,1155.0,1201.3714112809384,-46.371411280938446
557189,1310.0,1251.815479316022,58.18452068397801
557298,625.0,719.8381945403983,-94.83819454039826
557532,1020.0,1143.9186341646473,-123.9186341646473
557636,625.0,694.3384251595221,-69.3384251595221
557651,915.0,1039.5057292798663,-124.50572927986627
557671,1020.0,1129.716522889407,-109.71652288940709
557819,970.0,1155.7934817747803,-185.79348177478028
557823,680.0,688.1031171772272,-8.103117177227205
557896,490.0,606.8592256912322,-116.85922569123215
558108,1130.0,1099.092387126064,30.907612873935932
558151,1200.0,1200.1100122071484,-0.1100122071484293
558193,640.0,649.70987324719,-9.70987324718999
558276,1135.0,1109.4607343519272,25.539265648072842
558304,1000.0,1088.2567835715458,-88.25678357154584
558337,940.0,1085.6220335689436,-145.6220335689436
558466,440.0,702.845163576983,-262.84516357698305
558482,1140.0,1181.1407752879886,-41.14077528798862
558596,617.0,705.7583420849564,-88.75834208495644
558678,853.0,1159.7242427555568,-306.7242427555568
558708,335.0,621.5778808713103,-286.5778808713103
558856,1160.0,1070.175465598838,89.82453440116205
559070,565.0,728.4594703062565,-163.45947030625655
559097,845.0,986.2837596701846,-141.28375967018462
559155,840.0,1250.6323260867882,-410.6323260867882
559226,865.0,1036.7771603046715,-171.7771603046715
559453,870.0,1055.1896994019173,-185.18969940191732
559494,543.0,620.1116474336376,-77.11164743363759
559743,1150.0,1209.4183073401484,-59.41830734014843
559760,750.0,977.5781655020576,-227.57816550205757
559828,1020.0,1115.741191829099,-95.74119182909908
559837,495.0,588.6282329167658,-93.6282329167658
559851,474.0,672.3900471771278,-198.39004717712783
559885,880.0,1224.3020685601928,-344.30206856019277
560013,755.0,1140.2317890096713,-385.2317890096713
560115,493.0,642.1502228248138,-149.1502228248138
560143,680.0,660.942444155587,19.057555844412946
560182,970.0,1147.1592973395552,-177.15929733955522
560221,1257.0,1117.0980657714508,139.90193422854918
560247,985.0,1144.2566275058898,-159.2566275058898
560269,1455.0,1283.023973122112,171.976026877888
560410,400.0,716.1695890198998,-316.16958901989983
560440,1005.0,1138.8406458170182,-133.84064581701818
560473,412.0,658.3339316372709,-246.3339316372709
560478,1355.0,1059.6809029813442,295.31909701865584
560548,785.0,989.3497629815033,-204.34976298150332
560674,860.0,1148.4476607164465,-288.44766071644653
560722,1385.0,1249.1479595718683,135.85204042813166
560830,465.0,723.288787193808,-258.28878719380805
561111,530.0,727.812047124156,-197.81204712415604
561138,640.0,703.8864541318937,-63.88645413189374
561153,672.0,634.5223859772436,37.47761402275637
561490,940.0,718.3239103545977,221.67608964540227
561670,319.0,686.4442040043136,-367.44420400431363
561672,725.0,712.4619039002775,12.538096099722452
561698,500.0,723.0438776630313,-223.04387766303125
561717,605.0,716.6652981915759,-111.66529819157586
561730,1075.0,1217.4419264068833,-142.44192640688334
561823,460.0,1037.6013471157964,-577.6013471157964
561831,820.0,942.905582910955,-122.90558291095499
561858,630.0,661.9725161162206,-31.972516116220618
561884,700.0,673.3888487709941,26.61115122900594
562004,1030.0,1095.1684828882246,-65.16848288822462
562160,1000.0,1105.1521985557392,-105.15219855573923
562272,360.0,622.8360087771096,-262.83600877710956
562283,582.0,749.8788088820597,-167.87880888205973
562457,620.0,638.0477185050751,-18.047718505075068
562504,1265.0,1211.055062492226,53.94493750777406
562687,1050.0,1180.8588413740106,-130.85884137401058
562772,705.0,716.3849867428597,-11.384986742859724
562849,640.0,713.4128684773037,-73.41286847730373
563064,1210.0,1099.9609321901846,110.03906780981538
563404,660.0,1180.3708889407912,-520.3708889407912
563437,1101.0,1224.048597042883,-123.0485970428831
563458,780.0,912.4930611504872,-132.49306115048716
563472,970.0,1130.9800284788482,-160.98002847884823
563501,821.0,1057.1456341399041,-236.14563413990413
563632,531.0,699.5662301564832,-168.56623015648324
563769,645.0,1218.6315378304614,-573.6315378304614
563793,1091.0,1220.3589735068097,-129.35897350680966
563863,981.0,1005.059423002716,-24.059423002716017
563882,1170.0,1142.4560158595464,27.54398414045363
563911,960.0,1074.8993802791558,-114.89938027915582
564173,860.0,1007.508418140947,-147.50841814094701
564246,930.0,1108.320068687431,-178.3200686874311
564283,555.0,665.614571391377,-110.61457139137701
564645,1135.0,1074.492492108196,60.507507891803925
564726,500.0,710.7773825373828,-210.77738253738278
564840,705.0,673.43745915914,31.562540840860038
564850,855.0,1140.3024214389366,-285.30242143893656
564854,890.0,734.7731438085249,155.22685619147512
564866,790.0,1229.822883477106,-439.82288347710596
564944,590.0,610.7486076773815,-20.74860767738153
564982,615.0,707.7137787409674,-92.71377874096743
565108,500.0,1000.728153618084,-500.728153618084
565138,861.0,981.8899600656212,-120.88996006562115
565185,590.0,640.1806923399351,-50.18069233993515
565282,1070.0,1126.665592682807,-56.66559268280707
565461,520.0,726.4645767724264,-206.46457677242643
565485,545.0,625.4236829115243,-80.42368291152434
565492,760.0,740.4034791728644,19.596520827135578
565550,510.0,668.4597062062862,-158.45970620628623
565651,1160.0,1250.564170471415,-90.56417047141508
565731,660.0,730.0565375693607,-70.05653756936067
565802,1024.0,1103.8959577493251,-79.89595774932513
565894,760.0,724.989921679369,35.01007832063101
565939,1155.0,1235.4824263877283,-80.48242638772831
565942,252.0,591.1388882275365,-339.13888822753654
565982,1055.0,1183.4054971994606,-128.40549719946057
566131,1240.0,1064.6795875028808,175.32041249711915
566220,970.0,1156.537836080266,-186.53783608026606
566233,870.0,1155.8846008624016,-285.8846008624016
566300,1010.0,1226.931288628297,-216.9312886282969
566342,780.0,1096.716560196981,-316.71656019698094
566394,790.0,1100.4235802448297,-310.42358024482974
566664,871.0,1146.3647484833257,-275.3647484833257
566674,840.0,1123.003068974019,-283.003068974019
566723,890.0,958.1620092676245,-68.16200926762451
567024,730.0,680.4815925640535,49.51840743594653
567119,540.0,658.3469557091724,-118.34695570917245
567148,685.0,1010.216229999015,-325.216229999015
567193,960.0,1144.3105467376795,-184.3105467376795
567256,771.0,947.3619681407566,-176.36196814075663
567305,410.0,655.7703457351251,-245.77034573512515
567511,720.0,667.9316022155816,52.06839778441838
567583,960.0,1111.7238528822206,-151.72385288222063
567624,716.0,1012.5357321858527,-296.5357321858527
567652,799.0,710.7307370218188,88.26926297818125
567992,911.0,1095.0234686898273,-184.02346868982727
568255,655.0,640.8266486553341,14.173351344665889
568262,515.0,611.5573906556001,-96.5573906556001
568320,585.0,695.2065225609764,-110.2065225609764
568399,1405.0,1109.4606706341442,295.5393293658558
568515,920.0,1050.081414496342,-130.08141449634195
568576,561.0,728.4275683732114,-167.42756837321144
568621,1110.0,1170.5465176526332,-60.546517652633156
568843,495.0,565.2411084359247,-70.24110843592473
568961,1075.0,1064.535593143363,10.46440685663697
569010,1400.0,1124.7370800571464,275.2629199428536
569098,885.0,1056.8075302994305,-171.80753029943048
569134,485.0,720.9996070138429,-235.99960701384293
569378,842.0,1156.6950129646027,-314.6950129646027
569422,920.0,1080.0147643798214,-160.01476437982137
569454,1171.0,1110.9226295298477,60.077370470152346
569488,1280.0,1250.4218525503159,29.57814744968414
569601,1145.0,1251.3149532833693,-106.31495328336928
569707,775.0,1175.181424214068,-400.1814242140681
569767,716.0,1076.5173896480264,-360.51738964802644
569808,617.0,730.121625504734,-113.12162550473397
569861,740.0,1020.4457645734515,-280.44576457345147
569947,490.0,1105.4758308351359,-615.4758308351359
570014,495.0,670.3565446609109,-175.3565446609109
570086,515.0,673.6898158752837,-158.68981587528367
570238,1010.0,1070.4995173429957,-60.49951734299566
570267,950.0,1076.8963734892536,-126.89637348925362
570381,590.0,610.5515985799683,-20.5515985799683
570465,820.0,1004.415604244112,-184.41560424411205
570575,810.0,1067.0368616871212,-257.03686168712125
570660,590.0,695.9011321890727,-105.90113218907265
570699,425.0,669.9290202432596,-244.92902024325963
570768,565.0,588.9076617395406,-23.907661739540572
570786,1065.0,1188.6200268127423,-123.62002681274225
570813,1465.0,1230.8309956211879,234.16900437881213
571132,920.0,1153.8280391981023,-233.82803919810226
571184,1300.0,1267.7102970732367,32.28970292676331
571258,735.0,965.9508694187193,-230.95086941871932
571302,1195.0,1204.595649269028,-9.595649269027945
571346,538.0,620.0634787242336,-82.06347872423362
571536,1225.0,1109.2429065989008,115.75709340109916
571544,595.0,675.3978474783057,-80.39784747830572
571600,505.0,722.4642212910061,-217.46422129100608
571606,820.0,724.1032748388881,95.89672516111193
571608,790.0,1161.178502457744,-371.1785024577439
571738,1070.0,1237.8011458561298,-167.80114585612978
571909,530.0,655.9284341895541,-125.92843418955408
571917,1125.0,1175.153559012765,-50.15355901276507
571999,1400.0,1132.8107936650595,267.18920633494054
572014,405.0,682.6373349107582,-277.6373349107582
572122,362.0,642.2964092815225,-280.29640928152253
572131,1058.0,1108.2726338567145,-50.27263385671449
572157,579.0,679.3398944733453,-100.33989447334534
572220,1140.0,1253.9343689675554,-113.93436896755543
572244,771.0,1016.8479385399273,-245.84793853992733
572391,815.0,899.9060879884129,-84.90608798841288
572415,1040.0,979.4364370081643,60.56356299183574
572505,683.0,708.4364165118045,-25.43641651180451
572674,1036.0,998.2970007939078,37.70299920609216
572718,867.0,1042.216706993982,-175.21670699398192
572854,1158.0,1255.113421850936,-97.11342185093599
572919,889.0,924.5168726538977,-35.516872653897735
573008,926.0,1008.1641668271343,-82.1641668271343
573067,965.0,1023.4424468692777,-58.44244686927766
573080,1263.0,1154.3208202448116,108.67917975518844
573129,1035.0,1226.8368469802856,-191.8368469802856
573290,502.0,662.1419498210032,-160.1419498210032
573341,893.0,1090.8348092646418,-197.83480926464176
573363,760.0,1164.8735842223293,-404.8735842223293
573817,655.0,710.2995672308597,-55.29956723085968
573967,1310.0,1256.995084723943,53.00491527605709
573977,1190.0,1222.5981502584996,-32.59815025849957
574053,815.0,701.1277012164344,113.87229878356561
574079,290.0,655.5421005348461,-365.5421005348461
574097,1020.0,1067.185076274228,-47.185076274228095
574115,505.0,659.0225620785676,-154.0225620785676
574247,528.0,680.1670316156061,-152.1670316156061
574454,675.0,661.8698481848022,13.130151815197792
574510,617.0,644.8811964503456,-27.881196450345556
574548,1095.0,1050.754871542826,44.245128457173905
574741,575.0,680.9426754091909,-105.94267540919088
574759,1350.0,1214.9140410174532,135.0859589825468
574765,1225.0,1180.014970811247,44.98502918875306
574858,830.0,1066.7441319117042,-236.74413191170424
574918,705.0,1179.3122628337908,-474.3122628337908
575226,965.0,1131.020264769031,-166.02026476903097
575237,740.0,1043.2986657601984,-303.29866576019845
575419,1065.0,1146.845820724139,-81.845820724139
575750,650.0,672.7511040080697,-22.75110400806966
575859,985.0,1154.3309945172202,-169.33099451722023
575899,948.0,1200.144147086506,-252.1441470865061
575958,616.0,582.2798166057404,33.72018339425961
576067,960.0,1092.81875451147,-132.81875451146993
576081,860.0,1126.9743932141478,-266.97439321414777
576091,1130.0,1247.601445664046,-117.60144566404597
576165,638.0,1010.9606999871872,-372.96069998718724
576174,795.0,1191.3328088708472,-396.3328088708472
576196,671.0,688.3456114520869,-17.345611452086928
576249,525.0,649.7280805609378,-124.72808056093777
576253,1060.0,1169.7078311281734,-109.70783112817344
576270,790.0,726.2646526086053,63.735347391394725
576305,1215.0,1100.0532573334756,114.94674266652441
576318,947.0,979.7729828971029,-32.77298289710291
576331,725.0,728.8570609417371,-3.8570609417371315
576406,950.0,1227.2296149133197,-277.22961491331966
576422,595.0,717.5311073601515,-122.53110736015151
576425,1105.0,1273.9742597906754,-168.97425979067543
576488,390.0,543.7507007039402,-153.7507007039402
576699,400.0,735.216990869869,-335.21699086986905
576796,716.0,1071.8590108283936,-355.8590108283936
576832,390.0,681.7989361940257,-291.7989361940257
576834,655.0,724.5808894277112,-69.58088942771121
577104,1110.0,1141.602914718098,-31.602914718097963
577154,460.0,735.6227778681475,-275.6227778681475
577421,1488.0,1085.955243976581,402.04475602341904
577427,565.0,691.5334664872495,-126.53346648724948
577626,1200.0,1131.3287380937445,68.6712619062555
577744,760.0,724.6908105773186,35.30918942268136
577806,950.0,919.6136464999731,30.38635350002687
577816,904.0,1078.9822193748619,-174.98221937486187
577832,860.0,1091.302183516538,-231.30218351653798
577891,1010.0,1101.0753274796093,-91.07532747960931
577941,610.0,669.2196051570032,-59.21960515700323
578041,1040.0,1183.1070183527358,-143.10701835273585
578281,532.0,687.5231670969911,-155.52316709699107
578301,565.0,721.8645188688602,-156.86451886886016
578346,440.0,676.6259889882754,-236.62598898827537
578475,935.0,1035.5738791291274,-100.57387912912736
578641,654.0,602.1421071874161,51.85789281258394
578696,1240.0,1073.0770203700285,166.92297962997145
578924,860.0,1105.2237936265894,-245.22379362658944
578948,871.0,969.4499662490482,-98.4499662490482
578964,503.0,634.8009708466316,-131.80097084663157
579113,700.0,1035.6947284546268,-335.6947284546268
579172,620.0,712.5955201563536,-92.59552015635359
579253,935.0,1103.8424805780596,-168.84248057805962
579413,865.0,1134.7929024295784,-269.79290242957836
579499,480.0,704.1157986680358,-224.11579866803584
579828,902.0,1117.3457261380656,-215.34572613806563
579846,615.0,688.2562217046745,-73.25622170467454
579932,815.0,934.7866228058831,-119.7866228058831
580022,959.0,1060.0759739609148,-101.07597396091478
580283,465.0,580.7161774268175,-115.71617742681747
580348,960.0,980.9298051748337,-20.929805174833746
580424,911.0,1099.854832188791,-188.85483218879108
580516,932.0,1146.3156194341045,-214.31561943410452
580919,1210.0,1221.487448981357,-11.48744898135692
580950,625.0,1051.3587605151888,-426.3587605151888
581404,870.0,941.0180426789171,-71.01804267891714
581874,920.0,1067.7036669901654,-147.7036669901654
581934,337.0,700.6600580552041,-363.6600580552041
582016,680.0,712.296686711365,-32.296686711365055
582044,955.0,1043.6657793727175,-88.66577937271745
582104,1091.0,1187.1690727967643,-96.16907279676434
582129,1080.0,1212.330774519204,-132.33077451920394
582203,610.0,728.2952756768337,-118.29527567683374
582225,1205.0,1136.0022322129548,68.99776778704518
582424,374.0,754.2622559479045,-380.26225594790446
582502,710.0,699.7070980032264,10.292901996773594
582506,520.0,659.9530634216737,-139.95306342167373
582602,735.0,943.5114699827099,-208.51146998270985
582701,810.0,717.3502056501146,92.64979434988538
582889,1075.0,1062.5630536679264,12.436946332073603
583128,870.0,1070.1001383500902,-200.10013835009022
583358,1050.0,1222.1246171110329,-172.12461711103288
583442,980.0,1193.7519128331937,-213.75191283319373
583484,907.0,1056.8120072422064,-149.8120072422064
583514,370.0,710.7041713437462,-340.7041713437462
583521,790.0,701.7907201450641,88.20927985493586
583585,840.0,1143.5888493638445,-303.5888493638445
583759,1185.0,1051.889349001666,133.110650998334
583770,520.0,718.7420357184726,-198.7420357184726
583906,765.0,1002.8395008954749,-237.83950089547488
583966,521.0,718.7362289630494,-197.73622896304937
584204,1100.0,1150.2866867260602,-50.286686726060225
584350,1146.0,959.3170555936662,186.68294440633383
584361,1190.0,1303.1463205364216,-113.14632053642163
584447,930.0,1237.701214877933,-307.7012148779329
584837,955.0,1061.0462240327583,-106.04622403275835
584838,1075.0,1262.7361311355191,-187.73613113551914
584852,1315.0,1197.1321004042134,117.86789959578664
584907,1100.0,1137.8741237812994,-37.87412378129943
585055,1310.0,1278.2294493373427,31.770550662657342
585091,1125.0,1245.4338136080469,-120.43381360804688
585099,620.0,724.4471586750856,-104.44715867508557
585232,865.0,1103.152857389897,-238.152857389897
585247,1155.0,1205.428848718094,-50.42884871809406
585254,1030.0,1048.1329167428246,-18.13291674282459
585653,893.0,1034.4647733472923,-141.4647733472923
585669,905.0,1067.5084986815727,-162.50849868157275
585684,960.0,1173.731777643625,-213.73177764362504
585792,498.0,672.9268772585632,-174.9268772585632
585892,780.0,1124.2168980554225,-344.21689805542246
585923,546.0,594.4321190075672,-48.43211900756717
586188,816.0,1084.099767178182,-268.099767178182
586396,915.0,1044.2119400865909,-129.21194008659086
586502,701.0,1053.6208599745241,-352.62085997452414
586512,585.0,663.8256120503677,-78.82561205036768
586532,637.0,685.9777145147201,-48.977714514720105
586600,783.0,1007.7732982851688,-224.77329828516883
586739,313.0,702.9766409221735,-389.9766409221735
586819,1060.0,1269.0099572763334,-209.00995727633335
586972,1020.0,1209.0130969419235,-189.01309694192355
587082,955.0,1239.636441414911,-284.6364414149109
587104,1036.0,1036.4002765740574,-0.4002765740574432
587146,871.0,1139.7825575628358,-268.7825575628358
587156,675.0,731.7319532644705,-56.73195326447046
587219,1082.0,1192.8696039780887,-110.86960397808866
587266,563.0,731.9843464962676,-168.98434649626756
587556,1138.0,1077.6556716582943,60.344328341705705
587639,1160.0,1129.5557837717786,30.44421622822142
587734,1015.0,1183.1689631386262,-168.16896313862617
587816,1675.0,1228.7826735224037,446.2173264775963
587834,655.0,684.5193467577081,-29.51934675770815
587863,655.0,714.9379854315364,-59.93798543153639
587872,826.0,914.4056891474212,-88.40568914742119
587939,493.0,609.7727652971016,-116.77276529710161
587970,390.0,618.4137166036076,-228.41371660360755
588189,635.0,1027.1369038613657,-392.1369038613657
588312,756.0,698.6290013499197,57.37099865008031
588571,600.0,714.7072162624582,-114.70721626245825
588641,545.0,706.3123965751546,-161.3123965751546
588728,437.0,715.9981461387985,-278.99814613879846
588783,515.0,1219.811078983225,-704.8110789832249
588842,1091.0,946.9144617061311,144.08553829386892
588857,735.0,1068.5239799247177,-333.52397992471765
589000,1120.0,1143.985974864612,-23.98597486461199
589076,1140.0,1140.5772336142054,-0.5772336142053973
589227,1160.0,1241.3278366527616,-81.32783665276156
589314,1014.0,1055.064891422189,-41.06489142218902
589456,635.0,1133.3890729987752,-498.3890729987752
589507,790.0,1194.6802797801436,-404.68027978014356
589814,560.0,632.7960186069284,-72.79601860692844
589906,570.0,590.5610062299618,-20.561006229961777
589958,915.0,1194.310849769456,-279.3108497694559
590055,1340.0,1232.990435398739,107.00956460126099
590071,840.0,1018.8537373227491,-178.8537373227491
590095,636.0,713.9082673279091,-77.90826732790913
590126,324.0,1086.924484423152,-762.9244844231521
590228,585.0,710.127753349386,-125.12775334938601
590235,575.0,700.9966128711317,-125.99661287113167
590297,1150.0,1208.6662954922033,-58.66629549220329
590316,740.0,1181.2901383191147,-441.2901383191147
590562,705.0,1220.5917440228964,-515.5917440228964
590573,1485.0,1257.3948594591548,227.60514054084524
590589,460.0,679.6625579259129,-219.6625579259129
590671,572.0,674.1642318075709,-102.1642318075709
590677,990.0,1142.0493031651397,-152.0493031651397
590812,1085.0,1234.0525713882366,-149.05257138823663
591514,1000.0,1068.9720280758627,-68.97202807586268
591697,920.0,1158.1182925003925,-238.1182925003925
591708,1030.0,1159.483768905499,-129.4837689054989
591749,550.0,621.938952469572,-71.93895246957197
591905,570.0,715.9926080068221,-145.99260800682214
591940,910.0,1060.3584748331793,-150.35847483317934
592167,420.0,718.1980182612654,-298.19801826126536
592184,1190.0,1265.760121662631,-75.76012166263104
592417,1187.0,1156.2777231045352,30.722276895464802
592477,1080.0,1151.930446623807,-71.93044662380703
592532,760.0,894.3548908497135,-134.35489084971346
592548,1160.0,1122.7330482933678,37.2669517066322
592613,685.0,709.3084100926633,-24.30841009266328
592667,842.0,1059.943586767512,-217.943586767512
592787,500.0,637.6285627933011,-137.62856279330106
592820,780.0,701.6435198004418,78.35648019955818
592883,1143.0,1246.2191947953718,-103.21919479537178
593044,1420.0,1228.7316808527241,191.26831914727586
593084,838.0,1173.75540509216,-335.7554050921599
593105,860.0,1240.9507812375573,-380.9507812375573
593233,870.0,1086.6405894779946,-216.64058947799458
593309,720.0,673.9360532215787,46.06394677842127
593493,840.0,658.849304717,181.150695283
593528,880.0,1095.331274612814,-215.331274612814
593593,395.0,646.9988957504258,-251.99889575042585
593835,694.0,972.9570401613892,-278.95704016138916
594018,770.0,1078.437682106604,-308.4376821066039
594218,1050.0,1144.3866828830155,-94.38668288301551
594355,790.0,997.2095348356858,-207.20953483568576
594517,1047.0,1225.7219151856416,-178.7219151856416
594691,630.0,680.4044962461694,-50.4044962461694
594838,937.0,1129.292355361452,-192.2923553614521
594978,450.0,634.1381170640315,-184.13811706403146
595168,1201.0,1244.0155222497842,-43.015522249784226
595228,530.0,719.3465559087782,-189.3465559087782
595514,774.0,1016.2965231431263,-242.29652314312625
595670,1050.0,1028.7550826927848,21.244917307215246
595698,1515.0,1230.4781067909719,284.5218932090281
595862,875.0,1009.3056852597362,-134.30568525973615
595894,495.0,697.3892706864817,-202.38927068648172
595986,1115.0,1180.805205669153,-65.80520566915311
596084,790.0,1001.1010768585369,-211.10107685853689
596375,966.0,1135.3853951848384,-169.38539518483844
596528,560.0,673.5386715130076,-113.53867151300756
596549,500.0,694.0089548618439,-194.0089548618439
596798,510.0,721.0602555603615,-211.0602555603615
596814,1320.0,1202.6000168687515,117.39998313124852
596992,1015.0,1234.4859542606425,-219.48595426064253
597022,535.0,637.2203041489134,-102.22030414891344
597225,625.0,610.4226887242546,14.577311275745387
597242,557.0,717.120512109826,-160.120512109826
597326,631.0,661.3924968456263,-30.392496845626283
597381,1131.0,1121.1151023349612,9.884897665038807
597529,1240.0,1097.0715673722066,142.92843262779343
597670,1230.0,1247.7409349198615,-17.740934919861502
598036,1095.0,1072.0651401311857,22.93485986881433
598150,1135.0,1176.0176600954242,-41.01766009542416
598700,979.0,1094.0920091468545,-115.09200914685448
598764,465.0,631.0800825858443,-166.08008258584425
598856,845.0,1198.3704771449675,-353.3704771449675
598921,1340.0,1260.3461880507652,79.65381194923475
599257,590.0,631.0536115636827,-41.05361156368269
599315,495.0,696.2006152303616,-201.20061523036156
599356,1045.0,1154.8291505236257,-109.82915052362569
599472,990.0,1204.4979154874181,-214.49791548741814
599499,1110.0,1075.9554579769724,34.04454202302759
599638,628.0,695.8653055287431,-67.86530552874308
599657,555.0,631.3124749394866,-76.3124749394866
600168,450.0,628.6387629511457,-178.63876295114574
600183,1020.0,1258.5887491999345,-238.58874919993445
600250,985.0,1191.808482410118,-206.8084824101179
600816,495.0,625.4139279769502,-130.41392797695016
600879,1510.0,1202.929887433782,307.0701125662181
600932,805.0,657.2115554871401,147.78844451285988
600981,545.0,682.3629283996406,-137.36292839964062
601054,890.0,1150.2189581524387,-260.21895815243874
601121,1075.0,1123.4705999416121,-48.470599941612136
601183,1130.0,971.3926642812183,158.60733571878166
601309,915.0,1056.5238886958912,-141.52388869589117
601346,1235.0,1098.99024075856,136.00975924143995
601512,620.0,688.3378995578435,-68.33789955784346
602034,545.0,700.803532121282,-155.80353212128205
602186,650.0,961.7862776182228,-311.7862776182228
602753,1520.0,1138.2307437954876,381.76925620451243
602796,1046.0,1073.0770203700285,-27.07702037002855
602961,1100.0,1012.9550399926516,87.04496000734844
603040,420.0,619.3356997492942,-199.33569974929424
603117,497.0,719.1966017228484,-222.1966017228484
603543,558.0,724.5138380012152,-166.51383800121516
603552,1325.0,1267.3833238367836,57.616676163216425
603557,1400.0,1181.0534322322687,218.94656776773127
603683,548.0,628.8789199901117,-80.87891999011174
603733,600.0,696.6054352619233,-96.60543526192328
603942,965.0,1095.1878563940918,-130.1878563940918
603986,1205.0,1261.447591445913,-56.447591445913076
604080,580.0,679.1080478458481,-99.10804784584809
604168,766.0,994.2066570391423,-228.20665703914233
604342,995.0,1135.9832838913726,-140.9832838913726
604475,520.0,684.3474914254044,-164.34749142540443
604666,590.0,682.5688904307191,-92.56889043071908
604699,904.0,1162.2162176954898,-258.21621769548983
604982,1102.0,1267.0737318465103,-165.07373184651033
605232,669.0,558.4930545184593,110.5069454815407
605385,694.0,982.3887255579502,-288.38872555795024
605389,506.0,652.5649278480005,-146.56492784800048
605649,860.0,627.9578468280226,232.04215317197736
605723,1140.0,1148.7716232861865,-8.771623286186468
605810,795.0,1140.4370359588224,-345.43703595882243
605915,520.0,590.6676847481602,-70.66768474816024
606039,845.0,1088.8503497897636,-243.85034978976364
606183,1170.0,1249.0499152153966,-79.0499152153966
606395,1205.0,1198.8603543949082,6.1396456050918005
606481,855.0,1188.869570848946,-333.86957084894607
606509,930.0,1079.3486462484068,-149.3486462484068
606558,443.0,718.3130543157553,-275.31305431575527
606835,860.0,1149.1864793626178,-289.1864793626178
606933,1320.0,1239.0785074889748,80.92149251102524
606979,715.0,734.4904875418574,-19.49048754185742
607127,510.0,632.8936370642379,-122.89363706423785
607315,1050.0,1149.1882633311789,-99.18826333117886
607462,773.0,714.8467156309777,58.153284369022344
607470,1285.0,1278.9011921221913,6.098807877808667
607489,640.0,735.1780464314113,-95.1780464314113
607512,1295.0,1177.844642190764,117.15535780923597
607583,1094.0,1068.1349498863551,25.865050113644884
607637,700.0,727.8147405200979,-27.81474052009787
607761,415.0,620.5806478395928,-205.58064783959276
607869,805.0,997.612923554035,-192.61292355403498
607890,480.0,665.5862881923524,-185.5862881923524
607910,1050.0,1227.6964844654578,-177.69648446545784
608006,420.0,713.4859805263878,-293.48598052638783
608127,675.0,743.1377267792398,-68.13772677923976
608213,990.0,1159.1036201916677,-169.1036201916677
608689,500.0,666.957983169802,-166.957983169802
608738,655.0,639.4322328327999,15.567767167200145
609252,860.0,953.20950719016,-93.20950719016002
609373,580.0,921.3550585461894,-341.3550585461894
609519,465.0,672.3391735891439,-207.3391735891439
609590,1045.0,1137.1689976170421,-92.16899761704212
609633,959.0,1011.1001266686096,-52.10012666860962
609649,540.0,706.7330676264871,-166.73306762648713
610376,474.0,701.0165934427204,-227.01659344272036
610635,915.0,1206.786739135091,-291.786739135091
611002,590.0,693.7119697609252,-103.71196976092517
611059,650.0,1158.0559451195988,-508.05594511959885
611117,1030.0,1090.28435532496,-60.28435532495996
611287,484.0,659.8415445528544,-175.84154455285443
611438,953.0,1148.1222279165468,-195.12222791654676
611462,475.0,603.5730561418841,-128.57305614188408
611747,925.0,1064.3693053115915,-139.36930531159146
611775,1025.0,1225.435505124376,-200.43550512437605
611972,1000.0,998.8569501405966,1.1430498594033907
612111,635.0,704.427395686744,-69.42739568674403
612152,725.0,1130.0307025601583,-405.03070256015826
612154,720.0,1173.057003769539,-453.05700376953905
612213,610.0,1167.5697266549685,-557.5697266549685
612277,885.0,1143.6106266196655,-258.6106266196655
612736,585.0,693.1973693885111,-108.1973693885111
612759,855.0,1013.9760496966145,-158.9760496966145
612875,550.0,700.7647479855046,-150.76474798550464
613045,1344.0,1267.9454545134033,76.05454548659668
613078,995.0,1069.1554631405388,-74.15546314053881
613171,436.0,697.4844101178863,-261.48441011788634
613226,545.0,635.4845170991387,-90.48451709913866
613270,855.0,1000.7935694658139,-145.7935694658139
613466,840.0,1226.2302391125572,-386.23023911255723
613475,930.0,1080.2304711514357,-150.23047115143572
613883,680.0,1083.9046406490083,-403.90464064900834
614413,1124.0,699.9815562272147,424.0184437727853
614559,1110.0,1114.7430392472445,-4.743039247244496
614877,948.0,681.7751517927626,266.2248482072374
615299,695.0,698.2906788102143,-3.290678810214331
615559,350.0,720.3741656411638,-370.3741656411638
615572,705.0,718.5005520860402,-13.500552086040216
615800,580.0,698.6478088230346,-118.64780882303455
616015,1001.0,1117.376586392094,-116.37658639209394
616024,1069.0,1148.1947572485246,-79.19475724852464
616045,670.0,697.016771011597,-27.01677101159703
616077,660.0,632.2249166077792,27.775083392220836
616162,950.0,1096.2847884420376,-146.28478844203755
616343,1690.0,1198.3991982198302,491.60080178016983
616390,596.0,727.9125727175364,-131.91257271753636
616412,950.0,1073.3685165446816,-123.3685165446816
616428,1435.0,1248.5942405929495,186.40575940705048
616516,875.0,1110.5346768133832,-235.53467681338316
616525,1230.0,1121.7479361954595,108.25206380454051
617087,1497.0,1112.7323115733168,384.2676884266832
617088,580.0,720.0975622240882,-140.09756222408816
617571,600.0,740.5953099598025,-140.59530995980253
617906,830.0,1048.8214229312073,-218.82142293120728
617914,451.0,664.628499629078,-213.62849962907796
617969,970.0,1052.0913289334055,-82.09132893340552
618331,572.0,713.0210817506645,-141.0210817506645
618354,1000.0,1164.5504464217377,-164.55044642173766
618637,550.0,705.8484352312669,-155.84843523126688
618737,403.0,601.9058844333707,-198.90588443337072
618773,1217.0,1101.778139808172,115.221860191828
618844,905.0,1121.3116446403067,-216.31164464030667
618929,1040.0,1027.5974243994865,12.4025756005135
618973,1275.0,1155.0323660264728,119.9676339735272
619033,900.0,1000.1654570407887,-100.16545704078874
619035,1140.0,1134.7904331372818,5.209566862718248
619040,690.0,707.4869095688732,-17.486909568873216
619220,375.0,682.7898087026789,-307.7898087026789
619243,973.0,1064.1624730979381,-91.16247309793812
619251,1320.0,1119.8452756630963,200.15472433690366
619382,845.0,1053.9743137074827,-208.97431370748268
619402,1280.0,1192.3612172413925,87.63878275860748
619504,472.0,695.8399962763901,-223.83999627639014
619758,1005.0,1064.8648065519994,-59.864806551999436
620204,775.0,1156.0870421924546,-381.08704219245465
620217,680.0,667.1196917672877,12.88030823271231
620494,985.0,1114.7430398382896,-129.74303983828963
620506,1695.0,1250.4006138521572,444.5993861478428
620624,545.0,740.9073313421197,-195.90733134211973
620666,495.0,581.8273578632438,-86.82735786324383
620738,904.0,1179.3078027576653,-275.3078027576653
620775,845.0,1030.846365136536,-185.84636513653595
620929,1020.0,1115.015719695884,-95.01571969588394
621252,853.0,706.3331019890717,146.66689801092832
621266,790.0,685.9981696223018,104.00183037769818
621422,830.0,725.7654355702502,104.23456442974975
621580,335.0,638.760810751333,-303.760810751333
621627,426.0,629.8328990082499,-203.8328990082499
621769,1046.0,1138.2557968833632,-92.25579688336325
622264,1000.0,1099.849871669927,-99.8498716699271
622612,665.0,695.0410215186319,-30.04102151863185
622748,425.0,618.2570558338783,-193.25705583387833
622944,1300.0,1240.3937906945287,59.60620930547134
622947,462.0,610.7200816404106,-148.72008164041063
623073,550.0,746.2905769627304,-196.29057696273037
623126,1311.0,1199.4997661120904,111.50023388790964
623129,910.0,1160.9815558326345,-250.9815558326345
623234,1088.0,1251.6624226622403,-163.66242266224026
623281,1000.0,1092.8489043780119,-92.84890437801187
623391,780.0,933.6317232353414,-153.63172323534138
623544,400.0,673.1293411427584,-273.12934114275845
623771,1115.0,989.7929762766169,125.20702372338314
623871,1140.0,1155.8003190385573,-15.80031903855729
623877,510.0,709.9618096968353,-199.9618096968353
624010,1180.0,1212.9934850604411,-32.99348506044112
624148,1190.0,1241.6485731246266,-51.64857312462664
624226,1250.0,1162.4047236409406,87.59527635905943
624385,385.0,700.6275973753307,-315.62759737533065
624416,1010.0,1010.6355165830017,-0.6355165830017313
624655,920.0,1178.1983388446884,-258.19833884468835
624712,630.0,654.5689587913045,-24.568958791304453
624838,1060.0,1127.5171406546638,-67.51714065466376
624995,959.0,1080.65028547411,-121.65028547410998
625242,1115.0,1159.0708240338904,-44.0708240338904
625638,1175.0,1172.7501672158685,2.249832784131513
625796,810.0,1105.7195460509015,-295.7195460509015
627677,995.0,1096.6376075020917,-101.63760750209167
628278,775.0,731.5619255787767,43.43807442122329
628311,1110.0,1253.5864889081718,-143.58648890817176
629245,1025.0,1140.2710492536019,-115.27104925360186
629980,1058.0,1214.9265377993302,-156.92653779933016
